step,time(s),angle(deg),motor_angle(deg),target(deg),error(deg),action,reward
0,0.000000,0.000000,0.000000,0.000000,0.000000,3.699507,1.000000
1,0.001000,0.000000,0.000000,0.000000,0.000000,3.612315,1.000000
2,0.002000,0.000000,0.000000,0.000000,0.000000,3.432228,1.000000
3,0.003000,0.000000,0.000000,0.000000,0.000000,3.188585,1.000000
4,0.004000,0.000000,0.000000,0.000000,0.000000,2.904903,1.000000
5,0.005000,0.000000,0.000000,0.000000,0.000000,2.597918,1.000000
6,0.006000,0.000000,0.000000,0.000000,0.000000,2.302004,1.000000
7,0.007000,0.000000,0.000212,0.000000,0.000000,2.020291,1.000000
8,0.008000,0.000000,0.000686,0.000000,0.000000,1.758975,1.000000
9,0.009000,0.000000,0.001417,0.000000,0.000000,1.521315,1.000000
10,0.010000,0.000001,0.002385,0.000000,0.000001,1.307277,1.000000
11,0.011000,0.000003,0.003563,0.000000,0.000003,1.111500,1.000000
12,0.012000,0.000006,0.004923,0.000000,0.000006,0.933125,1.000000
13,0.013000,0.000011,0.006440,0.000000,0.000011,0.773762,1.000000
14,0.014000,0.000018,0.008090,0.000000,0.000018,0.631866,1.000000
15,0.015000,0.000028,0.009853,0.000000,0.000028,0.506907,1.000000
16,0.016000,0.000042,0.011711,0.000000,0.000042,0.394720,1.000000
17,0.017000,0.000059,0.013649,0.000000,0.000059,0.292827,1.000000
18,0.018000,0.000082,0.015653,0.000000,0.000082,0.196023,1.000000
19,0.019000,0.000111,0.017710,0.000000,0.000111,0.101702,1.000000
20,0.020000,0.000146,0.019810,0.000000,0.000146,0.010610,1.000000
21,0.021000,0.000188,0.021944,0.000000,0.000188,-0.077533,1.000000
22,0.022000,0.000238,0.024102,0.000000,0.000238,-0.162219,1.000000
23,0.023000,0.000296,0.026279,0.000000,0.000296,-0.243242,1.000000
24,0.024000,0.000364,0.028467,0.000000,0.000364,-0.322340,1.000000
25,0.025000,0.000442,0.030660,0.000000,0.000442,-0.397843,1.000000
26,0.026000,0.000532,0.032853,0.000000,0.000532,-0.469850,1.000000
27,0.027000,0.000633,0.035040,0.000000,0.000633,-0.537033,1.000000
28,0.028000,0.000746,0.037214,0.000000,0.000746,-0.599846,1.000000
29,0.029000,0.000873,0.039371,0.000000,0.000873,-0.658765,1.000000
30,0.030000,0.001013,0.041505,0.000000,0.001013,-0.712700,1.000000
31,0.031000,0.001169,0.043612,0.000000,0.001169,-0.764113,1.000000
32,0.032000,0.001340,0.045685,0.000000,0.001340,-0.811210,1.000000
33,0.033000,0.001526,0.047722,0.000000,0.001526,-0.855650,1.000000
34,0.034000,0.001730,0.049716,0.000000,0.001730,-0.896972,1.000000
35,0.035000,0.001951,0.051665,0.000000,0.001951,-0.934829,1.000000
36,0.036000,0.002190,0.053564,0.000000,0.002190,-0.968068,1.000000
37,0.037000,0.002448,0.055410,0.000000,0.002448,-0.998694,1.000000
38,0.038000,0.002725,0.057201,0.000000,0.002725,-1.027225,0.999999
39,0.039000,0.003021,0.058932,0.000000,0.003021,-1.052721,0.999999
40,0.040000,0.003338,0.060601,0.000000,0.003338,-1.076143,0.999999
41,0.041000,0.003676,0.062206,0.000000,0.003676,-1.097410,0.999999
42,0.042000,0.004034,0.063744,0.000000,0.004034,-1.116374,0.999999
43,0.043000,0.004415,0.065214,0.000000,0.004415,-1.133032,0.999999
44,0.044000,0.004817,0.066614,0.000000,0.004817,-1.146549,0.999999
45,0.045000,0.005242,0.067941,0.000000,0.005242,-1.157567,0.999998
46,0.046000,0.005689,0.069195,0.000000,0.005689,-1.165277,0.999998
47,0.047000,0.006159,0.070374,0.000000,0.006159,-1.169256,0.999998
48,0.048000,0.006653,0.071477,0.000000,0.006653,-1.171176,0.999998
49,0.049000,0.007170,0.072503,0.000000,0.007170,-1.169681,0.999997
50,0.050000,0.007710,0.073451,0.000000,0.007710,-1.166553,0.999997
51,0.051000,0.008274,0.074321,0.000000,0.008274,-1.161886,0.999997
52,0.052000,0.008862,0.075111,0.000000,0.008862,-1.155497,0.999996
53,0.053000,0.009474,0.075823,0.000000,0.009474,-1.147152,0.999996
54,0.054000,0.010110,0.076455,0.000000,0.010110,-1.136877,0.999995
55,0.055000,0.010769,0.077008,0.000000,0.010769,-1.125484,0.999995
56,0.056000,0.011453,0.077482,0.000000,0.011453,-1.112989,0.999994
57,0.057000,0.012160,0.077878,0.000000,0.012160,-1.099451,0.999994
58,0.058000,0.012890,0.078196,0.000000,0.012890,-1.084136,0.999993
59,0.059000,0.013644,0.078437,0.000000,0.013644,-1.068563,0.999992
60,0.060000,0.014422,0.078602,0.000000,0.014422,-1.051393,0.999992
61,0.061000,0.015222,0.078692,0.000000,0.015222,-1.033409,0.999991
62,0.062000,0.016045,0.078707,0.000000,0.016045,-1.014336,0.999990
63,0.063000,0.016890,0.078649,0.000000,0.016890,-0.993921,0.999989
64,0.064000,0.017757,0.078520,0.000000,0.017757,-0.971010,0.999988
65,0.065000,0.018646,0.078319,0.000000,0.018646,-0.946621,0.999987
66,0.066000,0.019556,0.078049,0.000000,0.019556,-0.920783,0.999986
67,0.067000,0.020487,0.077710,0.000000,0.020487,-0.892313,0.999985
68,0.068000,0.021438,0.077305,0.000000,0.021438,-0.861228,0.999984
69,0.069000,0.022409,0.076835,0.000000,0.022409,-0.825531,0.999982
70,0.070000,0.023399,0.076301,0.000000,0.023399,-0.789083,0.999981
71,0.071000,0.024408,0.075704,0.000000,0.024408,-0.750650,0.999980
72,0.072000,0.025435,0.075048,0.000000,0.025435,-0.712172,0.999978
73,0.073000,0.026479,0.074334,0.000000,0.026479,-0.673273,0.999977
74,0.074000,0.027539,0.073563,0.000000,0.027539,-0.634233,0.999975
75,0.075000,0.028616,0.072738,0.000000,0.028616,-0.595410,0.999973
76,0.076000,0.029708,0.071862,0.000000,0.029708,-0.556216,0.999972
77,0.077000,0.030815,0.070937,0.000000,0.030815,-0.514903,0.999970
78,0.078000,0.031935,0.069967,0.000000,0.031935,-0.471031,0.999968
79,0.079000,0.033069,0.068953,0.000000,0.033069,-0.425565,0.999966
80,0.080000,0.034215,0.067899,0.000000,0.034215,-0.378922,0.999964
81,0.081000,0.035372,0.066807,0.000000,0.035372,-0.332003,0.999962
82,0.082000,0.036539,0.065680,0.000000,0.036539,-0.287590,0.999960
83,0.083000,0.037716,0.064521,0.000000,0.037716,-0.245589,0.999957
84,0.084000,0.038902,0.063333,0.000000,0.038902,-0.205513,0.999955
85,0.085000,0.040096,0.062119,0.000000,0.040096,-0.166805,0.999953
86,0.086000,0.041296,0.060881,0.000000,0.041296,-0.130207,0.999950
87,0.087000,0.042503,0.059624,0.000000,0.042503,-0.094840,0.999948
88,0.088000,0.043715,0.058350,0.000000,0.043715,-0.061449,0.999945
89,0.089000,0.044931,0.057062,0.000000,0.044931,-0.027827,0.999943
90,0.090000,0.046150,0.055764,0.000000,0.046150,0.005521,0.999940
91,0.091000,0.047372,0.054458,0.000000,0.047372,0.039085,0.999937
92,0.092000,0.048595,0.053147,0.000000,0.048595,0.073736,0.999935
93,0.093000,0.049818,0.051833,0.000000,0.049818,0.108373,0.999932
94,0.094000,0.051041,0.050518,0.000000,0.051041,0.143544,0.999929
95,0.095000,0.052262,0.049205,0.000000,0.052262,0.178508,0.999926
96,0.096000,0.053481,0.047896,0.000000,0.053481,0.214772,0.999923
97,0.097000,0.054696,0.046594,0.000000,0.054696,0.251322,0.999921
98,0.098000,0.055907,0.045299,0.000000,0.055907,0.288004,0.999918
99,0.099000,0.057113,0.044015,0.000000,0.057113,0.324544,0.999915
100,0.100000,0.058312,0.042744,0.000000,0.058312,0.360266,0.999912
101,0.101000,0.059504,0.041489,0.000000,0.059504,0.399408,0.999909
102,0.102000,0.060688,0.040250,0.000000,0.060688,0.439575,0.999906
103,0.103000,0.061863,0.039032,0.000000,0.061863,0.478635,0.999903
104,0.104000,0.063028,0.037836,0.000000,0.063028,0.515888,0.999900
105,0.105000,0.064183,0.036665,0.000000,0.064183,0.551659,0.999897
106,0.106000,0.065325,0.035521,0.000000,0.065325,0.586426,0.999894
107,0.107000,0.066455,0.034407,0.000000,0.066455,0.620336,0.999891
108,0.108000,0.067572,0.033324,0.000000,0.067572,0.653438,0.999888
109,0.109000,0.068675,0.032276,0.000000,0.068675,0.684971,0.999885
110,0.110000,0.069762,0.031265,0.000000,0.069762,0.714410,0.999882
111,0.111000,0.070834,0.030294,0.000000,0.070834,0.740883,0.999879
112,0.112000,0.071889,0.029365,0.000000,0.071889,0.764593,0.999876
113,0.113000,0.072926,0.028480,0.000000,0.072926,0.786646,0.999873
114,0.114000,0.073946,0.027642,0.000000,0.073946,0.808162,0.999870
115,0.115000,0.074947,0.026852,0.000000,0.074947,0.826744,0.999868
116,0.116000,0.075928,0.026112,0.000000,0.075928,0.845407,0.999865
117,0.117000,0.076890,0.025424,0.000000,0.076890,0.863087,0.999862
118,0.118000,0.077830,0.024791,0.000000,0.077830,0.878690,0.999860
119,0.119000,0.078750,0.024212,0.000000,0.078750,0.892021,0.999857
120,0.120000,0.079647,0.023690,0.000000,0.079647,0.902653,0.999855
121,0.121000,0.080522,0.023226,0.000000,0.080522,0.912136,0.999852
122,0.122000,0.081374,0.022821,0.000000,0.081374,0.917872,0.999850
123,0.123000,0.082203,0.022476,0.000000,0.082203,0.920353,0.999848
124,0.124000,0.083007,0.022192,0.000000,0.083007,0.917930,0.999845
125,0.125000,0.083788,0.021969,0.000000,0.083788,0.912538,0.999843
126,0.126000,0.084544,0.021809,0.000000,0.084544,0.902854,0.999841
127,0.127000,0.085274,0.021712,0.000000,0.085274,0.890065,0.999839
128,0.128000,0.085980,0.021678,0.000000,0.085980,0.874858,0.999837
129,0.129000,0.086660,0.021708,0.000000,0.086660,0.856732,0.999836
130,0.130000,0.087314,0.021801,0.000000,0.087314,0.837096,0.999834
131,0.131000,0.087941,0.021958,0.000000,0.087941,0.815670,0.999832
132,0.132000,0.088543,0.022177,0.000000,0.088543,0.794429,0.999831
133,0.133000,0.089118,0.022458,0.000000,0.089118,0.772395,0.999829
134,0.134000,0.089667,0.022799,0.000000,0.089667,0.751083,0.999828
135,0.135000,0.090189,0.023200,0.000000,0.090189,0.729368,0.999827
136,0.136000,0.090684,0.023659,0.000000,0.090684,0.708115,0.999826
137,0.137000,0.091152,0.024174,0.000000,0.091152,0.687028,0.999824
138,0.138000,0.091594,0.024743,0.000000,0.091594,0.665206,0.999824
139,0.139000,0.092009,0.025366,0.000000,0.092009,0.644085,0.999823
140,0.140000,0.092397,0.026040,0.000000,0.092397,0.621796,0.999822
141,0.141000,0.092759,0.026763,0.000000,0.092759,0.599262,0.999821
142,0.142000,0.093094,0.027534,0.000000,0.093094,0.575805,0.999821
143,0.143000,0.093403,0.028352,0.000000,0.093403,0.552446,0.999820
144,0.144000,0.093687,0.029214,0.000000,0.093687,0.528450,0.999820
145,0.145000,0.093944,0.030120,0.000000,0.093944,0.504099,0.999819
146,0.146000,0.094175,0.031068,0.000000,0.094175,0.480116,0.999819
147,0.147000,0.094381,0.032055,0.000000,0.094381,0.455748,0.999819
148,0.148000,0.094562,0.033081,0.000000,0.094562,0.431200,0.999819
149,0.149000,0.094718,0.034143,0.000000,0.094718,0.405934,0.999819
150,0.150000,0.094850,0.035240,0.000000,0.094850,0.380494,0.999819
151,0.151000,0.094957,0.036371,0.000000,0.094957,0.354487,0.999819
152,0.152000,0.095041,0.037533,0.000000,0.095041,0.328562,0.999820
153,0.153000,0.095101,0.038725,0.000000,0.095101,0.302819,0.999820
154,0.154000,0.095139,0.039945,0.000000,0.095139,0.277450,0.999820
155,0.155000,0.095153,0.041191,0.000000,0.095153,0.253140,0.999821
156,0.156000,0.095146,0.042461,0.000000,0.095146,0.229415,0.999821
157,0.157000,0.095117,0.043755,0.000000,0.095117,0.205749,0.999822
158,0.158000,0.095067,0.045069,0.000000,0.095067,0.182330,0.999823
159,0.159000,0.094996,0.046401,0.000000,0.094996,0.158729,0.999823
160,0.160000,0.094905,0.047752,0.000000,0.094905,0.134695,0.999824
161,0.161000,0.094795,0.049117,0.000000,0.094795,0.110794,0.999825
162,0.162000,0.094665,0.050496,0.000000,0.094665,0.086833,0.999826
163,0.163000,0.094517,0.051887,0.000000,0.094517,0.062470,0.999827
164,0.164000,0.094350,0.053289,0.000000,0.094350,0.038222,0.999828
165,0.165000,0.094167,0.054699,0.000000,0.094167,0.014232,0.999829
166,0.166000,0.093966,0.056116,0.000000,0.093966,-0.008669,0.999830
167,0.167000,0.093750,0.057539,0.000000,0.093750,-0.031178,0.999831
168,0.168000,0.093518,0.058965,0.000000,0.093518,-0.053332,0.999833
169,0.169000,0.093270,0.060394,0.000000,0.093270,-0.074385,0.999834
170,0.170000,0.093009,0.061823,0.000000,0.093009,-0.094323,0.999835
171,0.171000,0.092733,0.063251,0.000000,0.092733,-0.114648,0.999836
172,0.172000,0.092445,0.064676,0.000000,0.092445,-0.132149,0.999838
173,0.173000,0.092144,0.066097,0.000000,0.092144,-0.148973,0.999839
174,0.174000,0.091831,0.067512,0.000000,0.091831,-0.165162,0.999840
175,0.175000,0.091507,0.068919,0.000000,0.091507,-0.181860,0.999842
176,0.176000,0.091172,0.070318,0.000000,0.091172,-0.198361,0.999843
177,0.177000,0.090827,0.071706,0.000000,0.090827,-0.214290,0.999844
178,0.178000,0.090473,0.073083,0.000000,0.090473,-0.229870,0.999846
179,0.179000,0.090110,0.074447,0.000000,0.090110,-0.245478,0.999847
180,0.180000,0.089740,0.075797,0.000000,0.089740,-0.259567,0.999849
181,0.181000,0.089361,0.077133,0.000000,0.089361,-0.273357,0.999850
182,0.182000,0.088976,0.078452,0.000000,0.088976,-0.286563,0.999852
183,0.183000,0.088585,0.079755,0.000000,0.088585,-0.299368,0.999853
184,0.184000,0.088189,0.081040,0.000000,0.088189,-0.312214,0.999854
185,0.185000,0.087787,0.082305,0.000000,0.087787,-0.324670,0.999856
186,0.186000,0.087381,0.083550,0.000000,0.087381,-0.336600,0.999857
187,0.187000,0.086972,0.084775,0.000000,0.086972,-0.348133,0.999859
188,0.188000,0.086559,0.085977,0.000000,0.086559,-0.358986,0.999860
189,0.189000,0.086144,0.087157,0.000000,0.086144,-0.369311,0.999861
190,0.190000,0.085727,0.088313,0.000000,0.085727,-0.379224,0.999863
191,0.191000,0.085309,0.089445,0.000000,0.085309,-0.389126,0.999864
192,0.192000,0.084890,0.090552,0.000000,0.084890,-0.398136,0.999866
193,0.193000,0.084471,0.091633,0.000000,0.084471,-0.406707,0.999867
194,0.194000,0.084052,0.092687,0.000000,0.084052,-0.414988,0.999868
195,0.195000,0.083634,0.093715,0.000000,0.083634,-0.423230,0.999870
196,0.196000,0.083218,0.094714,0.000000,0.083218,-0.430625,0.999871
197,0.197000,0.082803,0.095685,0.000000,0.082803,-0.438229,0.999872
198,0.198000,0.082392,0.096626,0.000000,0.082392,-0.444615,0.999873
199,0.199000,0.081983,0.097538,0.000000,0.081983,-0.451282,0.999874
200,0.200000,0.081577,0.098420,0.000000,0.081577,-0.457629,0.999876
201,0.201000,0.081176,0.099271,0.000000,0.081176,-0.462459,0.999877
202,0.202000,0.080779,0.100092,0.000000,0.080779,-0.467126,0.999878
203,0.203000,0.080387,0.100880,0.000000,0.080387,-0.469673,0.999879
204,0.204000,0.080001,0.101637,0.000000,0.080001,-0.471433,0.999880
205,0.205000,0.079620,0.102362,0.000000,0.079620,-0.471838,0.999881
206,0.206000,0.079246,0.103053,0.000000,0.079246,-0.471974,0.999882
207,0.207000,0.078878,0.103712,0.000000,0.078878,-0.471913,0.999883
208,0.208000,0.078517,0.104338,0.000000,0.078517,-0.471970,0.999884
209,0.209000,0.078163,0.104930,0.000000,0.078163,-0.471102,0.999885
210,0.210000,0.077817,0.105488,0.000000,0.077817,-0.469196,0.999886
211,0.211000,0.077479,0.106013,0.000000,0.077479,-0.466374,0.999886
212,0.212000,0.077149,0.106505,0.000000,0.077149,-0.462689,0.999887
213,0.213000,0.076828,0.106963,0.000000,0.076828,-0.457803,0.999888
214,0.214000,0.076516,0.107387,0.000000,0.076516,-0.452636,0.999889
215,0.215000,0.076213,0.107779,0.000000,0.076213,-0.447014,0.999889
216,0.216000,0.075920,0.108137,0.000000,0.075920,-0.441412,0.999890
217,0.217000,0.075636,0.108463,0.000000,0.075636,-0.435802,0.999891
218,0.218000,0.075363,0.108756,0.000000,0.075363,-0.429470,0.999891
219,0.219000,0.075099,0.109016,0.000000,0.075099,-0.423355,0.999892
220,0.220000,0.074846,0.109245,0.000000,0.074846,-0.417415,0.999892
221,0.221000,0.074604,0.109443,0.000000,0.074604,-0.410436,0.999893
222,0.222000,0.074372,0.109610,0.000000,0.074372,-0.403494,0.999893
223,0.223000,0.074151,0.109746,0.000000,0.074151,-0.396928,0.999894
224,0.224000,0.073941,0.109853,0.000000,0.073941,-0.389846,0.999894
225,0.225000,0.073742,0.109930,0.000000,0.073742,-0.382387,0.999894
226,0.226000,0.073555,0.109978,0.000000,0.073555,-0.375124,0.999895
227,0.227000,0.073378,0.109997,0.000000,0.073378,-0.367812,0.999895
228,0.228000,0.073214,0.109989,0.000000,0.073214,-0.360064,0.999895
229,0.229000,0.073060,0.109954,0.000000,0.073060,-0.352429,0.999895
230,0.230000,0.072918,0.109892,0.000000,0.072918,-0.344342,0.999896
231,0.231000,0.072788,0.109803,0.000000,0.072788,-0.336834,0.999896
232,0.232000,0.072669,0.109689,0.000000,0.072669,-0.328377,0.999896
233,0.233000,0.072562,0.109550,0.000000,0.072562,-0.319819,0.999896
234,0.234000,0.072466,0.109386,0.000000,0.072466,-0.310908,0.999896
235,0.235000,0.072382,0.109198,0.000000,0.072382,-0.303029,0.999896
236,0.236000,0.072309,0.108987,0.000000,0.072309,-0.293467,0.999896
237,0.237000,0.072248,0.108753,0.000000,0.072248,-0.284402,0.999896
238,0.238000,0.072198,0.108497,0.000000,0.072198,-0.275260,0.999896
239,0.239000,0.072160,0.108219,0.000000,0.072160,-0.265377,0.999896
240,0.240000,0.072132,0.107921,0.000000,0.072132,-0.256381,0.999896
241,0.241000,0.072116,0.107602,0.000000,0.072116,-0.246811,0.999895
242,0.242000,0.072111,0.107264,0.000000,0.072111,-0.237382,0.999895
243,0.243000,0.072117,0.106907,0.000000,0.072117,-0.227459,0.999895
244,0.244000,0.072133,0.106531,0.000000,0.072133,-0.217238,0.999895
245,0.245000,0.072161,0.106138,0.000000,0.072161,-0.207317,0.999894
246,0.246000,0.072198,0.105728,0.000000,0.072198,-0.197559,0.999894
247,0.247000,0.072246,0.105302,0.000000,0.072246,-0.187170,0.999894
248,0.248000,0.072304,0.104860,0.000000,0.072304,-0.176692,0.999893
249,0.249000,0.072372,0.104404,0.000000,0.072372,-0.166493,0.999893
250,0.250000,0.072450,0.103933,0.000000,0.072450,-0.156687,0.999893
251,0.251000,0.072537,0.103449,0.000000,0.072537,-0.146110,0.999892
252,0.252000,0.072634,0.102953,0.000000,0.072634,-0.135736,0.999892
253,0.253000,0.072740,0.102444,0.000000,0.072740,-0.125682,0.999891
254,0.254000,0.072854,0.101924,0.000000,0.072854,-0.115103,0.999891
255,0.255000,0.072978,0.101394,0.000000,0.072978,-0.104906,0.999890
256,0.256000,0.073109,0.100854,0.000000,0.073109,-0.094422,0.999890
257,0.257000,0.073249,0.100305,0.000000,0.073249,-0.084706,0.999889
258,0.258000,0.073397,0.099748,0.000000,0.073397,-0.074208,0.999889
259,0.259000,0.073553,0.099183,0.000000,0.073553,-0.064353,0.999888
260,0.260000,0.073716,0.098611,0.000000,0.073716,-0.054531,0.999887
261,0.261000,0.073886,0.098034,0.000000,0.073886,-0.044214,0.999887
262,0.262000,0.074062,0.097450,0.000000,0.074062,-0.034544,0.999886
263,0.263000,0.074246,0.096863,0.000000,0.074246,-0.024530,0.999885
264,0.264000,0.074436,0.096271,0.000000,0.074436,-0.014473,0.999885
265,0.265000,0.074631,0.095676,0.000000,0.074631,-0.004815,0.999884
266,0.266000,0.074833,0.095078,0.000000,0.074833,0.004992,0.999883
267,0.267000,0.075040,0.094478,0.000000,0.075040,0.014123,0.999883
268,0.268000,0.075252,0.093878,0.000000,0.075252,0.024251,0.999882
269,0.269000,0.075468,0.093276,0.000000,0.075468,0.033730,0.999881
270,0.270000,0.075690,0.092675,0.000000,0.075690,0.044082,0.999880
271,0.271000,0.075915,0.092075,0.000000,0.075915,0.054270,0.999880
272,0.272000,0.076144,0.091476,0.000000,0.076144,0.064193,0.999879
273,0.273000,0.076377,0.090879,0.000000,0.076377,0.073750,0.999878
274,0.274000,0.076614,0.090285,0.000000,0.076614,0.083064,0.999877
275,0.275000,0.076853,0.089694,0.000000,0.076853,0.091960,0.999876
276,0.276000,0.077095,0.089108,0.000000,0.077095,0.100536,0.999876
277,0.277000,0.077339,0.088526,0.000000,0.077339,0.109546,0.999875
278,0.278000,0.077585,0.087950,0.000000,0.077585,0.117975,0.999874
279,0.279000,0.077833,0.087380,0.000000,0.077833,0.126108,0.999873
280,0.280000,0.078083,0.086817,0.000000,0.078083,0.133855,0.999873
281,0.281000,0.078333,0.086260,0.000000,0.078333,0.141759,0.999872
282,0.282000,0.078584,0.085712,0.000000,0.078584,0.148967,0.999871
283,0.283000,0.078836,0.085173,0.000000,0.078836,0.155687,0.999870
284,0.284000,0.079089,0.084642,0.000000,0.079089,0.162230,0.999869
285,0.285000,0.079341,0.084122,0.000000,0.079341,0.168664,0.999869
286,0.286000,0.079592,0.083611,0.000000,0.079592,0.174758,0.999868
287,0.287000,0.079844,0.083111,0.000000,0.079844,0.180338,0.999867
288,0.288000,0.080094,0.082622,0.000000,0.080094,0.186202,0.999866
289,0.289000,0.080343,0.082145,0.000000,0.080343,0.191652,0.999865
290,0.290000,0.080591,0.081680,0.000000,0.080591,0.197052,0.999865
291,0.291000,0.080837,0.081228,0.000000,0.080837,0.201658,0.999864
292,0.292000,0.081081,0.080788,0.000000,0.081081,0.206205,0.999863
293,0.293000,0.081322,0.080361,0.000000,0.081322,0.209477,0.999862
294,0.294000,0.081562,0.079948,0.000000,0.081562,0.212938,0.999862
295,0.295000,0.081798,0.079549,0.000000,0.081798,0.216105,0.999861
296,0.296000,0.082032,0.079165,0.000000,0.082032,0.218833,0.999860
297,0.297000,0.082262,0.078794,0.000000,0.082262,0.221446,0.999860
298,0.298000,0.082489,0.078439,0.000000,0.082489,0.224005,0.999859
299,0.299000,0.082713,0.078099,0.000000,0.082713,0.225790,0.999858
300,0.300000,0.082932,0.077774,0.000000,0.082932,0.227598,0.999858
301,0.301000,0.083148,0.077465,0.000000,0.083148,0.229237,0.999857
302,0.302000,0.083359,0.077171,0.000000,0.083359,0.229557,0.999857
303,0.303000,0.083566,0.076893,0.000000,0.083566,0.230794,0.999856
304,0.304000,0.083768,0.076631,0.000000,0.083768,0.230856,0.999855
305,0.305000,0.083965,0.076385,0.000000,0.083965,0.231673,0.999855
306,0.306000,0.084158,0.076156,0.000000,0.084158,0.231349,0.999854
307,0.307000,0.084345,0.075942,0.000000,0.084345,0.230669,0.999854
308,0.308000,0.084527,0.075745,0.000000,0.084527,0.230743,0.999853
309,0.309000,0.084704,0.075563,0.000000,0.084704,0.229201,0.999853
310,0.310000,0.084875,0.075399,0.000000,0.084875,0.228293,0.999852
311,0.311000,0.085041,0.075250,0.000000,0.085041,0.226797,0.999852
312,0.312000,0.085201,0.075118,0.000000,0.085201,0.224746,0.999852
313,0.313000,0.085354,0.075001,0.000000,0.085354,0.223127,0.999851
314,0.314000,0.085502,0.074901,0.000000,0.085502,0.220796,0.999851
315,0.315000,0.085644,0.074817,0.000000,0.085644,0.218283,0.999851
316,0.316000,0.085780,0.074749,0.000000,0.085780,0.215287,0.999850
317,0.317000,0.085909,0.074696,0.000000,0.085909,0.212749,0.999850
318,0.318000,0.086032,0.074659,0.000000,0.086032,0.209250,0.999850
319,0.319000,0.086149,0.074638,0.000000,0.086149,0.206243,0.999849
320,0.320000,0.086259,0.074632,0.000000,0.086259,0.202764,0.999849
321,0.321000,0.086363,0.074640,0.000000,0.086363,0.198625,0.999849
322,0.322000,0.086460,0.074664,0.000000,0.086460,0.194500,0.999849
323,0.323000,0.086550,0.074702,0.000000,0.086550,0.190187,0.999849
324,0.324000,0.086634,0.074755,0.000000,0.086634,0.185800,0.999848
325,0.325000,0.086712,0.074822,0.000000,0.086712,0.181487,0.999848
326,0.326000,0.086783,0.074902,0.000000,0.086783,0.177363,0.999848
327,0.327000,0.086847,0.074997,0.000000,0.086847,0.172947,0.999848
328,0.328000,0.086905,0.075104,0.000000,0.086905,0.168072,0.999848
329,0.329000,0.086956,0.075224,0.000000,0.086956,0.163412,0.999848
330,0.330000,0.087001,0.075357,0.000000,0.087001,0.158909,0.999848
331,0.331000,0.087039,0.075503,0.000000,0.087039,0.153801,0.999848
332,0.332000,0.087071,0.075660,0.000000,0.087071,0.148935,0.999848
333,0.333000,0.087096,0.075828,0.000000,0.087096,0.143658,0.999848
334,0.334000,0.087115,0.076008,0.000000,0.087115,0.137979,0.999848
335,0.335000,0.087127,0.076199,0.000000,0.087127,0.132818,0.999848
336,0.336000,0.087133,0.076401,0.000000,0.087133,0.127420,0.999849
337,0.337000,0.087134,0.076613,0.000000,0.087134,0.122051,0.999849
338,0.338000,0.087128,0.076834,0.000000,0.087128,0.116001,0.999849
339,0.339000,0.087116,0.077065,0.000000,0.087116,0.110657,0.999849
340,0.340000,0.087098,0.077305,0.000000,0.087098,0.105046,0.999849
341,0.341000,0.087074,0.077554,0.000000,0.087074,0.099156,0.999849
342,0.342000,0.087044,0.077812,0.000000,0.087044,0.092875,0.999850
343,0.343000,0.087009,0.078077,0.000000,0.087009,0.087175,0.999850
344,0.344000,0.086969,0.078349,0.000000,0.086969,0.081287,0.999850
345,0.345000,0.086923,0.078629,0.000000,0.086923,0.074919,0.999851
346,0.346000,0.086871,0.078915,0.000000,0.086871,0.069022,0.999851
347,0.347000,0.086815,0.079208,0.000000,0.086815,0.063731,0.999851
348,0.348000,0.086753,0.079507,0.000000,0.086753,0.057527,0.999851
349,0.349000,0.086687,0.079811,0.000000,0.086687,0.051863,0.999852
350,0.350000,0.086615,0.080120,0.000000,0.086615,0.046401,0.999852
351,0.351000,0.086540,0.080433,0.000000,0.086540,0.040136,0.999852
352,0.352000,0.086459,0.080751,0.000000,0.086459,0.034643,0.999853
353,0.353000,0.086375,0.081073,0.000000,0.086375,0.028774,0.999853
354,0.354000,0.086286,0.081398,0.000000,0.086286,0.023108,0.999854
355,0.355000,0.086193,0.081726,0.000000,0.086193,0.017412,0.999854
356,0.356000,0.086096,0.082056,0.000000,0.086096,0.012185,0.999854
357,0.357000,0.085996,0.082389,0.000000,0.085996,0.006617,0.999855
358,0.358000,0.085892,0.082723,0.000000,0.085892,0.001300,0.999855
359,0.359000,0.085784,0.083059,0.000000,0.085784,-0.004589,0.999856
360,0.360000,0.085674,0.083396,0.000000,0.085674,-0.009918,0.999856
361,0.361000,0.085560,0.083733,0.000000,0.085560,-0.015292,0.999857
362,0.362000,0.085443,0.084071,0.000000,0.085443,-0.020880,0.999857
363,0.363000,0.085324,0.084408,0.000000,0.085324,-0.025915,0.999857
364,0.364000,0.085202,0.084745,0.000000,0.085202,-0.030929,0.999858
365,0.365000,0.085078,0.085080,0.000000,0.085078,-0.035544,0.999858
366,0.366000,0.084951,0.085415,0.000000,0.084951,-0.040345,0.999859
367,0.367000,0.084823,0.085748,0.000000,0.084823,-0.045009,0.999859
368,0.368000,0.084692,0.086079,0.000000,0.084692,-0.049934,0.999860
369,0.369000,0.084560,0.086407,0.000000,0.084560,-0.054441,0.999860
370,0.370000,0.084426,0.086733,0.000000,0.084426,-0.058673,0.999861
371,0.371000,0.084291,0.087055,0.000000,0.084291,-0.063364,0.999861
372,0.372000,0.084155,0.087374,0.000000,0.084155,-0.067497,0.999862
373,0.373000,0.084018,0.087690,0.000000,0.084018,-0.071646,0.999862
374,0.374000,0.083879,0.088001,0.000000,0.083879,-0.075684,0.999863
375,0.375000,0.083741,0.088308,0.000000,0.083741,-0.079486,0.999863
376,0.376000,0.083601,0.088611,0.000000,0.083601,-0.082952,0.999863
377,0.377000,0.083461,0.088908,0.000000,0.083461,-0.086727,0.999864
378,0.378000,0.083322,0.089201,0.000000,0.083322,-0.089934,0.999864
379,0.379000,0.083182,0.089488,0.000000,0.083182,-0.093346,0.999865
380,0.380000,0.083042,0.089769,0.000000,0.083042,-0.096117,0.999865
381,0.381000,0.082902,0.090044,0.000000,0.082902,-0.099137,0.999866
382,0.382000,0.082763,0.090313,0.000000,0.082763,-0.101700,0.999866
383,0.383000,0.082624,0.090575,0.000000,0.082624,-0.104078,0.999867
384,0.384000,0.082486,0.090831,0.000000,0.082486,-0.106870,0.999867
385,0.385000,0.082350,0.091080,0.000000,0.082350,-0.109140,0.999867
386,0.386000,0.082214,0.091322,0.000000,0.082214,-0.111568,0.999868
387,0.387000,0.082079,0.091556,0.000000,0.082079,-0.113642,0.999868
388,0.388000,0.081945,0.091783,0.000000,0.081945,-0.115364,0.999869
389,0.389000,0.081813,0.092003,0.000000,0.081813,-0.117276,0.999869
390,0.390000,0.081683,0.092214,0.000000,0.081683,-0.118663,0.999869
391,0.391000,0.081554,0.092418,0.000000,0.081554,-0.120948,0.999870
392,0.392000,0.081427,0.092614,0.000000,0.081427,-0.122112,0.999870
393,0.393000,0.081302,0.092801,0.000000,0.081302,-0.123325,0.999870
394,0.394000,0.081179,0.092980,0.000000,0.081179,-0.124450,0.999871
395,0.395000,0.081058,0.093151,0.000000,0.081058,-0.125486,0.999871
396,0.396000,0.080940,0.093313,0.000000,0.080940,-0.126105,0.999871
397,0.397000,0.080824,0.093467,0.000000,0.080824,-0.126416,0.999872
398,0.398000,0.080710,0.093612,0.000000,0.080710,-0.126799,0.999872
399,0.399000,0.080599,0.093748,0.000000,0.080599,-0.127367,0.999872
400,0.400000,0.080491,0.093876,0.000000,0.080491,-0.126917,0.999873
401,0.401000,0.080385,0.093994,0.000000,0.080385,-0.127222,0.999873
402,0.402000,0.080282,0.094104,0.000000,0.080282,-0.126729,0.999873
403,0.403000,0.080182,0.094205,0.000000,0.080182,-0.126317,0.999873
404,0.404000,0.080085,0.094296,0.000000,0.080085,-0.125407,0.999874
405,0.405000,0.079992,0.094379,0.000000,0.079992,-0.124548,0.999874
406,0.406000,0.079901,0.094453,0.000000,0.079901,-0.123646,0.999874
407,0.407000,0.079814,0.094518,0.000000,0.079814,-0.122328,0.999874
408,0.408000,0.079729,0.094574,0.000000,0.079729,-0.121685,0.999874
409,0.409000,0.079649,0.094622,0.000000,0.079649,-0.120369,0.999875
410,0.410000,0.079571,0.094660,0.000000,0.079571,-0.118784,0.999875
411,0.411000,0.079497,0.094690,0.000000,0.079497,-0.117123,0.999875
412,0.412000,0.079426,0.094712,0.000000,0.079426,-0.114974,0.999875
413,0.413000,0.079359,0.094725,0.000000,0.079359,-0.113752,0.999875
414,0.414000,0.079296,0.094729,0.000000,0.079296,-0.111725,0.999875
415,0.415000,0.079235,0.094725,0.000000,0.079235,-0.110002,0.999875
416,0.416000,0.079179,0.094713,0.000000,0.079179,-0.108226,0.999876
417,0.417000,0.079126,0.094693,0.000000,0.079126,-0.105716,0.999876
418,0.418000,0.079077,0.094665,0.000000,0.079077,-0.103478,0.999876
419,0.419000,0.079031,0.094629,0.000000,0.079031,-0.101089,0.999876
420,0.420000,0.078989,0.094586,0.000000,0.078989,-0.098589,0.999876
421,0.421000,0.078950,0.094535,0.000000,0.078950,-0.096458,0.999876
422,0.422000,0.078915,0.094477,0.000000,0.078915,-0.093748,0.999876
423,0.423000,0.078884,0.094412,0.000000,0.078884,-0.091160,0.999876
424,0.424000,0.078856,0.094339,0.000000,0.078856,-0.088009,0.999876
425,0.425000,0.078832,0.094260,0.000000,0.078832,-0.085802,0.999876
426,0.426000,0.078811,0.094174,0.000000,0.078811,-0.082870,0.999876
427,0.427000,0.078794,0.094081,0.000000,0.078794,-0.080293,0.999876
428,0.428000,0.078780,0.093983,0.000000,0.078780,-0.077337,0.999876
429,0.429000,0.078770,0.093878,0.000000,0.078770,-0.074319,0.999876
430,0.430000,0.078764,0.093767,0.000000,0.078764,-0.071039,0.999876
431,0.431000,0.078760,0.093651,0.000000,0.078760,-0.068123,0.999876
432,0.432000,0.078760,0.093529,0.000000,0.078760,-0.065185,0.999876
433,0.433000,0.078764,0.093402,0.000000,0.078764,-0.061699,0.999876
434,0.434000,0.078770,0.093270,0.000000,0.078770,-0.058758,0.999875
435,0.435000,0.078780,0.093132,0.000000,0.078780,-0.055557,0.999875
436,0.436000,0.078793,0.092991,0.000000,0.078793,-0.051968,0.999875
437,0.437000,0.078809,0.092844,0.000000,0.078809,-0.048978,0.999875
438,0.438000,0.078828,0.092694,0.000000,0.078828,-0.045854,0.999875
439,0.439000,0.078850,0.092539,0.000000,0.078850,-0.042941,0.999875
440,0.440000,0.078875,0.092381,0.000000,0.078875,-0.039425,0.999875
441,0.441000,0.078903,0.092219,0.000000,0.078903,-0.036384,0.999875
442,0.442000,0.078934,0.092054,0.000000,0.078934,-0.032846,0.999874
443,0.443000,0.078967,0.091886,0.000000,0.078967,-0.029073,0.999874
444,0.444000,0.079003,0.091715,0.000000,0.079003,-0.026211,0.999874
445,0.445000,0.079042,0.091542,0.000000,0.079042,-0.023072,0.999874
446,0.446000,0.079083,0.091366,0.000000,0.079083,-0.019757,0.999874
447,0.447000,0.079126,0.091188,0.000000,0.079126,-0.016560,0.999874
448,0.448000,0.079172,0.091008,0.000000,0.079172,-0.013090,0.999873
449,0.449000,0.079220,0.090826,0.000000,0.079220,-0.010223,0.999873
450,0.450000,0.079270,0.090642,0.000000,0.079270,-0.006417,0.999873
451,0.451000,0.079322,0.090458,0.000000,0.079322,-0.003131,0.999873
452,0.452000,0.079377,0.090272,0.000000,0.079377,-0.000167,0.999873
453,0.453000,0.079433,0.090086,0.000000,0.079433,0.002693,0.999872
454,0.454000,0.079490,0.089899,0.000000,0.079490,0.005593,0.999872
455,0.455000,0.079550,0.089712,0.000000,0.079550,0.008185,0.999872
456,0.456000,0.079611,0.089525,0.000000,0.079611,0.011247,0.999872
457,0.457000,0.079674,0.089337,0.000000,0.079674,0.013821,0.999872
458,0.458000,0.079738,0.089150,0.000000,0.079738,0.017103,0.999871
459,0.459000,0.079804,0.088964,0.000000,0.079804,0.019947,0.999871
460,0.460000,0.079870,0.088778,0.000000,0.079870,0.022687,0.999871
461,0.461000,0.079938,0.088594,0.000000,0.079938,0.025367,0.999871
462,0.462000,0.080007,0.088410,0.000000,0.080007,0.027940,0.999870
463,0.463000,0.080077,0.088228,0.000000,0.080077,0.030854,0.999870
464,0.464000,0.080148,0.088047,0.000000,0.080148,0.033350,0.999870
465,0.465000,0.080219,0.087868,0.000000,0.080219,0.035262,0.999870
466,0.466000,0.080292,0.087691,0.000000,0.080292,0.037476,0.999869
467,0.467000,0.080364,0.087515,0.000000,0.080364,0.039876,0.999869
468,0.468000,0.080438,0.087342,0.000000,0.080438,0.042092,0.999869
469,0.469000,0.080511,0.087172,0.000000,0.080511,0.044774,0.999869
470,0.470000,0.080586,0.087004,0.000000,0.080586,0.047185,0.999868
471,0.471000,0.080660,0.086839,0.000000,0.080660,0.048948,0.999868
472,0.472000,0.080734,0.086677,0.000000,0.080734,0.050769,0.999868
473,0.473000,0.080809,0.086518,0.000000,0.080809,0.052472,0.999868
474,0.474000,0.080883,0.086362,0.000000,0.080883,0.053609,0.999867
475,0.475000,0.080957,0.086209,0.000000,0.080957,0.055003,0.999867
476,0.476000,0.081032,0.086060,0.000000,0.081032,0.056533,0.999867
477,0.477000,0.081105,0.085914,0.000000,0.081105,0.057849,0.999867
478,0.478000,0.081179,0.085772,0.000000,0.081179,0.059125,0.999867
479,0.479000,0.081252,0.085635,0.000000,0.081252,0.060504,0.999866
480,0.480000,0.081324,0.085501,0.000000,0.081324,0.061410,0.999866
481,0.481000,0.081396,0.085371,0.000000,0.081396,0.062595,0.999866
482,0.482000,0.081467,0.085245,0.000000,0.081467,0.063702,0.999866
483,0.483000,0.081538,0.085124,0.000000,0.081538,0.064444,0.999866
484,0.484000,0.081607,0.085006,0.000000,0.081607,0.065214,0.999865
485,0.485000,0.081676,0.084894,0.000000,0.081676,0.066142,0.999865
486,0.486000,0.081744,0.084785,0.000000,0.081744,0.066346,0.999865
487,0.487000,0.081811,0.084681,0.000000,0.081811,0.067061,0.999865
488,0.488000,0.081876,0.084582,0.000000,0.081876,0.067745,0.999865
489,0.489000,0.081941,0.084488,0.000000,0.081941,0.068030,0.999864
490,0.490000,0.082004,0.084398,0.000000,0.082004,0.068656,0.999864
491,0.491000,0.082066,0.084312,0.000000,0.082066,0.069210,0.999864
492,0.492000,0.082126,0.084232,0.000000,0.082126,0.068836,0.999864
493,0.493000,0.082186,0.084156,0.000000,0.082186,0.068642,0.999864
494,0.494000,0.082244,0.084085,0.000000,0.082244,0.068634,0.999864
495,0.495000,0.082300,0.084019,0.000000,0.082300,0.069020,0.999863
496,0.496000,0.082355,0.083958,0.000000,0.082355,0.068938,0.999863
497,0.497000,0.082408,0.083901,0.000000,0.082408,0.069095,0.999863
498,0.498000,0.082460,0.083850,0.000000,0.082460,0.068855,0.999863
499,0.499000,0.082510,0.083803,0.000000,0.082510,0.067961,0.000000
500,0.500000,0.082558,0.083761,0.000000,0.082558,105.700500,0.000000
501,0.501000,0.082605,0.083724,0.000000,0.082605,106.075699,0.000000
502,0.502000,0.082649,0.083692,0.000000,0.082649,105.074234,0.000000
503,0.503000,0.082692,0.083664,0.000000,0.082692,104.645035,0.000000
504,0.504000,0.082734,0.083641,0.000000,0.082734,104.498520,0.000000
505,0.505000,0.082773,0.083623,0.000000,0.082773,104.435226,0.000000
506,0.506000,0.082811,0.083610,90.000000,-89.917191,104.382126,0.000000
507,0.507000,0.082846,0.089654,90.000000,-89.917152,104.325409,0.000000
508,0.508000,0.082882,0.103342,90.000000,-89.917114,104.293961,0.000000
509,0.509000,0.082924,0.124841,90.000000,-89.917068,104.264252,0.000000
510,0.510000,0.082978,0.153977,90.000000,-89.917015,104.241943,0.000000
511,0.511000,0.083056,0.190549,90.000000,-89.916939,104.228310,0.000000
512,0.512000,0.083171,0.234392,90.000000,-89.916824,104.219879,0.000000
513,0.513000,0.083339,0.285381,90.000000,-89.916656,104.215836,0.000000
514,0.514000,0.083578,0.343427,90.000000,-89.916420,104.213814,0.000000
515,0.515000,0.083909,0.408463,90.000000,-89.916092,104.211426,0.000000
516,0.516000,0.084356,0.480442,90.000000,-89.915642,104.206551,0.000000
517,0.517000,0.084945,0.559325,90.000000,-89.915047,104.199402,0.000000
518,0.518000,0.085704,0.645083,90.000000,-89.914291,104.192001,0.000000
519,0.519000,0.086665,0.737694,90.000000,-89.913338,104.189537,0.000000
520,0.520000,0.087859,0.837136,90.000000,-89.912140,104.193344,0.000000
521,0.521000,0.089324,0.943394,90.000000,-89.910675,104.206184,0.000000
522,0.522000,0.091097,1.056451,90.000000,-89.908905,104.227798,0.000000
523,0.523000,0.093219,1.176292,90.000000,-89.906776,104.259323,0.000000
524,0.524000,0.095732,1.302903,90.000000,-89.904266,104.298264,0.000000
525,0.525000,0.098682,1.436269,90.000000,-89.901314,104.342514,0.000000
526,0.526000,0.102115,1.576379,90.000000,-89.897881,104.392326,0.000000
527,0.527000,0.106082,1.723219,90.000000,-89.893921,104.442841,0.000000
528,0.528000,0.110634,1.876777,90.000000,-89.889359,104.492668,0.000000
529,0.529000,0.115825,2.037044,90.000000,-89.884171,104.541336,0.000000
530,0.530000,0.121712,2.204008,90.000000,-89.878281,104.589172,0.000000
531,0.531000,0.128352,2.377661,90.000000,-89.871643,104.632919,0.000000
532,0.532000,0.135807,2.557995,90.000000,-89.864189,104.672623,0.000000
533,0.533000,0.144140,2.745000,90.000000,-89.855858,104.709740,0.000000
534,0.534000,0.153414,2.938670,90.000000,-89.846588,104.746735,0.000000
535,0.535000,0.163697,3.138996,90.000000,-89.836296,104.784912,0.000000
536,0.536000,0.175057,3.345970,90.000000,-89.824944,104.824448,0.000000
537,0.537000,0.187566,3.559586,90.000000,-89.812431,104.865936,0.000000
538,0.538000,0.201296,3.779833,90.000000,-89.798698,104.909760,0.000000
539,0.539000,0.216322,4.006706,90.000000,-89.783676,104.958450,0.000000
540,0.540000,0.232720,4.240195,90.000000,-89.767281,105.010727,0.000000
541,0.541000,0.250570,4.480293,90.000000,-89.749428,105.066536,0.000000
542,0.542000,0.269950,4.726991,90.000000,-89.730049,105.127739,0.000000
543,0.543000,0.290945,4.980283,90.000000,-89.709053,105.194878,0.000000
544,0.544000,0.313636,5.240160,90.000000,-89.686363,105.267151,0.000000
545,0.545000,0.338111,5.506616,90.000000,-89.661888,105.341125,0.000000
546,0.546000,0.364456,5.779644,90.000000,-89.635536,105.419357,0.000000
547,0.547000,0.392761,6.059240,90.000000,-89.607231,105.501923,0.000000
548,0.548000,0.423116,6.345397,90.000000,-89.576881,105.587036,0.000000
549,0.549000,0.455613,6.638109,90.000000,-89.544380,105.676292,0.000000
550,0.550000,0.490346,6.937372,90.000000,-89.509651,105.770813,0.000000
551,0.551000,0.527410,7.243184,90.000000,-89.472588,105.868927,0.000000
552,0.552000,0.566903,7.555540,90.000000,-89.433090,105.976234,0.000000
553,0.553000,0.608921,7.874437,90.000000,-89.391083,106.092316,0.000000
554,0.554000,0.653566,8.199872,90.000000,-89.346428,106.209534,0.000000
555,0.555000,0.700937,8.531844,90.000000,-89.299065,106.317169,0.000000
556,0.556000,0.751137,8.870351,90.000000,-89.248863,106.398979,0.000000
557,0.557000,0.804270,9.215390,90.000000,-89.195732,106.406876,0.000000
558,0.558000,0.860440,9.566963,90.000000,-89.139557,106.338837,0.000000
559,0.559000,0.919753,9.925069,90.000000,-89.080246,106.162781,0.000000
560,0.560000,0.982316,10.289707,90.000000,-89.017677,105.847382,0.000000
561,0.561000,1.048238,10.660880,90.000000,-88.951759,105.354446,0.000000
562,0.562000,1.117628,11.038590,90.000000,-88.882370,104.632492,0.000000
563,0.563000,1.190596,11.422833,90.000000,-88.809402,103.597404,0.000000
564,0.564000,1.267253,11.813607,90.000000,-88.732742,102.129486,0.000000
565,0.565000,1.347711,12.210899,90.000000,-88.652283,100.157303,0.000000
566,0.566000,1.432084,12.614695,90.000000,-88.567909,97.561386,0.000000
567,0.567000,1.520486,13.024964,90.000000,-88.479507,94.267838,0.000000
568,0.568000,1.613031,13.441669,90.000000,-88.386963,90.063324,0.000000
569,0.569000,1.709835,13.864756,90.000000,-88.290161,84.989883,0.000000
570,0.570000,1.811013,14.294148,90.000000,-88.188988,79.209290,0.000000
571,0.571000,1.916684,14.729743,90.000000,-88.083321,72.843292,0.000000
572,0.572000,2.026963,15.171400,90.000000,-87.973038,66.202545,0.000000
573,0.573000,2.141968,15.618939,90.000000,-87.858032,59.563736,0.000000
574,0.574000,2.261817,16.072128,90.000000,-87.738182,52.996170,0.000000
575,0.575000,2.386629,16.530682,90.000000,-87.613365,46.572441,0.000000
576,0.576000,2.516521,16.994242,90.000000,-87.483475,40.654266,0.000000
577,0.577000,2.651612,17.462408,90.000000,-87.348389,35.617386,0.000000
578,0.578000,2.792018,17.934738,90.000000,-87.207977,30.696077,0.000000
579,0.579000,2.937857,18.410765,90.000000,-87.062141,26.560577,0.000000
580,0.580000,3.089246,18.890026,90.000000,-86.910751,22.565100,0.000000
581,0.581000,3.246299,19.372066,90.000000,-86.753700,18.668777,0.000000
582,0.582000,3.409130,19.856449,90.000000,-86.590866,14.986094,0.000000
583,0.583000,3.577853,20.342772,90.000000,-86.422150,11.549096,0.000000
584,0.584000,3.752578,20.830688,90.000000,-86.247414,8.473836,0.000000
585,0.585000,3.933414,21.319889,90.000000,-86.066582,5.658789,0.000000
586,0.586000,4.120470,21.810099,90.000000,-85.879532,3.126359,0.000000
587,0.587000,4.313850,22.301073,90.000000,-85.686150,0.804238,0.000000
588,0.588000,4.513657,22.792570,90.000000,-85.486343,-1.271972,0.000000
589,0.589000,4.719993,23.284363,90.000000,-85.279999,-3.175914,0.000000
590,0.590000,4.932956,23.776237,90.000000,-85.067047,-4.922886,0.000000
591,0.591000,5.152641,24.268003,90.000000,-84.847359,-6.474967,0.000000
592,0.592000,5.379142,24.759495,90.000000,-84.620857,-7.812031,0.000000
593,0.593000,5.612549,25.250555,90.000000,-84.387444,-9.015582,0.000000
594,0.594000,5.852950,25.741055,90.000000,-84.147041,-10.155596,0.000000
595,0.595000,6.100430,26.230873,90.000000,-83.899567,-11.250241,0.000000
596,0.596000,6.355070,26.719902,90.000000,-83.644928,-12.205436,0.000000
597,0.597000,6.616949,27.208046,90.000000,-83.383049,-13.046371,0.000000
598,0.598000,6.886143,27.695223,90.000000,-83.113853,-13.832157,0.000000
599,0.599000,7.162723,28.181364,90.000000,-82.837273,-14.571810,0.000000
600,0.600000,7.446758,28.666405,90.000000,-82.553238,-15.264009,0.000000
601,0.601000,7.738315,29.150299,90.000000,-82.261681,-15.892916,0.000000
602,0.602000,8.037457,29.632986,90.000000,-81.962540,-16.486107,0.000000
603,0.603000,8.344239,30.114429,90.000000,-81.655762,-17.047224,0.000000
604,0.604000,8.658722,30.594584,90.000000,-81.341278,-17.557798,0.000000
605,0.605000,8.980954,31.073421,90.000000,-81.019043,-18.009094,0.000000
606,0.606000,9.310985,31.550917,90.000000,-80.689011,-18.415306,0.000000
607,0.607000,9.648861,32.027039,90.000000,-80.351135,-18.812559,0.000000
608,0.608000,9.994622,32.501762,90.000000,-80.005379,-19.322514,0.000000
609,0.609000,10.348307,32.975075,90.000000,-79.651695,-20.480373,0.000000
610,0.610000,10.709949,33.446953,90.000000,-79.290047,-22.524178,0.000000
611,0.611000,11.079581,33.917381,90.000000,-78.920410,-25.199673,0.000000
612,0.612000,11.457230,34.386349,90.000000,-78.542763,-28.187782,0.000000
613,0.613000,11.842916,34.853851,90.000000,-78.157082,-31.352444,0.000000
614,0.614000,12.236664,35.319881,90.000000,-77.763329,-34.709557,0.000000
615,0.615000,12.638487,35.784424,90.000000,-77.361511,-38.711449,0.000000
616,0.616000,13.048397,36.247421,90.000000,-76.951599,-43.075874,0.000000
617,0.617000,13.466405,36.708771,90.000000,-76.533592,-48.460869,0.000000
618,0.618000,13.892514,37.168304,90.000000,-76.107483,-54.119812,0.000000
619,0.619000,14.326728,37.625824,90.000000,-75.673271,-59.611366,0.000000
620,0.620000,14.769042,38.081127,90.000000,-75.230957,-64.916771,0.000000
621,0.621000,15.219452,38.534000,90.000000,-74.780548,-69.432922,0.000000
622,0.622000,15.677943,38.984188,90.000000,-74.322060,-73.400635,0.000000
623,0.623000,16.144506,39.431404,90.000000,-73.855484,-76.967644,0.000000
624,0.624000,16.619120,39.875317,90.000000,-73.380875,-79.889427,0.000000
625,0.625000,17.101761,40.315544,90.000000,-72.898239,-82.394775,0.000000
626,0.626000,17.592402,40.751728,90.000000,-72.407593,-84.633049,0.000000
627,0.627000,18.091009,41.183517,90.000000,-71.908989,-86.642174,0.000000
628,0.628000,18.597551,41.610619,90.000000,-71.402443,-88.417732,0.000000
629,0.629000,19.111980,42.032784,90.000000,-70.888016,-89.994705,0.000000
630,0.630000,19.634254,42.449802,90.000000,-70.365746,-91.385223,0.000000
631,0.631000,20.164320,42.861496,90.000000,-69.835678,-92.678902,0.000000
632,0.632000,20.702124,43.267738,90.000000,-69.297874,-93.706612,0.000000
633,0.633000,21.247601,43.668419,90.000000,-68.752396,-94.288506,0.000000
634,0.634000,21.800688,44.063435,90.000000,-68.199310,-94.408188,0.000000
635,0.635000,22.361313,44.452698,90.000000,-67.638687,-94.228668,0.000000
636,0.636000,22.929401,44.836147,90.000000,-67.070595,-93.798058,0.000000
637,0.637000,23.504871,45.213711,90.000000,-66.495125,-93.045547,0.000000
638,0.638000,24.087637,45.585350,90.000000,-65.912361,-91.988968,0.000000
639,0.639000,24.677607,45.951015,90.000000,-65.322388,-90.632317,0.000000
640,0.640000,25.274689,46.310696,90.000000,-64.725304,-89.055252,0.000000
641,0.641000,25.878778,46.664421,90.000000,-64.121216,-87.227890,0.000000
642,0.642000,26.489771,47.012226,90.000000,-63.510223,-85.188850,0.000000
643,0.643000,27.107557,47.354183,90.000000,-62.892441,-83.049294,0.000000
644,0.644000,27.732023,47.690369,90.000000,-62.267975,-80.902069,0.000000
645,0.645000,28.363049,48.020889,90.000000,-61.636948,-78.758011,0.000000
646,0.646000,29.000511,48.345863,90.000000,-60.999489,-76.838898,0.000000
647,0.647000,29.644279,48.665428,90.000000,-60.355713,-75.289886,0.000000
648,0.648000,30.294224,48.979740,90.000000,-59.705776,-73.743599,0.000000
649,0.649000,30.950205,49.288967,90.000000,-59.049797,-72.298073,0.000000
650,0.650000,31.612083,49.593277,90.000000,-58.387909,-71.005943,0.000000
651,0.651000,32.279716,49.892849,90.000000,-57.720287,-70.056656,0.000000
652,0.652000,32.952953,50.187851,90.000000,-57.047047,-69.237854,0.000000
653,0.653000,33.631638,50.478439,90.000000,-56.368359,-68.446274,0.000000
654,0.654000,34.315620,50.764740,90.000000,-55.684380,-67.714493,0.000000
655,0.655000,35.004738,51.046879,90.000000,-54.995258,-67.020798,0.000000
656,0.656000,35.698830,51.324970,90.000000,-54.301170,-66.346519,0.000000
657,0.657000,36.397728,51.599113,90.000000,-53.602268,-65.691254,0.000000
658,0.658000,37.101261,51.869392,90.000000,-52.898735,-65.007996,0.000000
659,0.659000,37.809265,52.135876,90.000000,-52.190731,-64.208946,0.000000
660,0.660000,38.521553,52.398628,90.000000,-51.478443,-63.252609,0.000000
661,0.661000,39.237961,52.657715,90.000000,-50.762039,-62.185059,0.000000
662,0.662000,39.958290,52.913189,90.000000,-50.041706,-61.058102,0.000000
663,0.663000,40.682373,53.165108,90.000000,-49.317623,-60.045349,0.000000
664,0.664000,41.410015,53.413532,90.000000,-48.589985,-58.969349,0.000000
665,0.665000,42.141033,53.658516,90.000000,-47.858967,-57.802040,0.000000
666,0.666000,42.875225,53.900131,90.000000,-47.124771,-56.627937,0.000000
667,0.667000,43.612411,54.138447,90.000000,-46.387585,-55.444992,0.000000
668,0.668000,44.352386,54.373547,90.000000,-45.647610,-54.251801,0.000000
669,0.669000,45.094963,54.605530,90.000000,-44.905037,-53.010189,0.000000
670,0.670000,45.839928,54.834469,90.000000,-44.160069,-51.677639,0.000000
671,0.671000,46.587093,55.060455,90.000000,-43.412907,-50.311760,0.000000
672,0.672000,47.336243,55.283577,90.000000,-42.663754,-48.941227,0.000000
673,0.673000,48.087181,55.503929,90.000000,-41.912815,-47.529732,0.000000
674,0.674000,48.839703,55.721592,90.000000,-41.160294,-46.110443,0.000000
675,0.675000,49.593594,55.936661,90.000000,-40.406403,-44.668350,0.000000
676,0.676000,50.348648,56.149231,90.000000,-39.651348,-43.238014,0.000000
677,0.677000,51.104656,56.359390,90.000000,-38.895340,-41.775543,0.000000
678,0.678000,51.861408,56.567253,90.000000,-38.138588,-40.376476,0.000000
679,0.679000,52.618690,56.772907,90.000000,-37.381306,-39.013580,0.000000
680,0.680000,53.376289,56.976463,90.000000,-36.623707,-37.672813,0.000000
681,0.681000,54.133995,57.178020,90.000000,-35.866005,-36.309242,0.000000
682,0.682000,54.891582,57.377678,90.000000,-35.108414,-34.908272,0.000000
683,0.683000,55.648853,57.575542,90.000000,-34.351143,-33.512737,0.000000
684,0.684000,56.405582,57.771717,90.000000,-33.594418,-32.084705,0.000000
685,0.685000,57.161556,57.966290,90.000000,-32.838440,-30.499611,0.000000
686,0.686000,57.916557,58.159370,90.000000,-32.083439,-28.867077,0.000001
687,0.687000,58.670380,58.351040,90.000000,-31.329618,-27.225283,0.000001
688,0.688000,59.422798,58.541389,90.000000,-30.577198,-25.540264,0.000003
689,0.689000,60.173607,58.730526,90.000000,-29.826389,-23.871197,0.000005
690,0.690000,60.922585,58.918533,90.000000,-29.077412,-22.036245,0.000011
691,0.691000,61.669521,59.105503,90.000000,-28.330475,-20.055761,0.000022
692,0.692000,62.414204,59.291550,90.000000,-27.585794,-18.084089,0.000042
693,0.693000,63.156414,59.476780,90.000000,-26.843584,-16.113728,0.000079
694,0.694000,63.895947,59.661297,90.000000,-26.104053,-14.094835,0.000145
695,0.695000,64.632591,59.845219,90.000000,-25.367411,-11.938461,0.000261
696,0.696000,65.366135,60.028656,90.000000,-24.633862,-9.446350,0.000459
697,0.697000,66.096375,60.211720,90.000000,-23.903625,-6.615022,0.000788
698,0.698000,66.823090,60.394543,90.000000,-23.176907,-3.522272,0.001322
699,0.699000,67.546097,60.577259,90.000000,-22.453905,-0.125862,0.002166
700,0.700000,68.265167,60.759995,90.000000,-21.734829,3.441969,0.003470
701,0.701000,68.980118,60.942871,90.000000,-21.019878,7.142132,0.005436
702,0.702000,69.690735,61.126038,90.000000,-20.309259,11.028074,0.008330
703,0.703000,70.396835,61.309654,90.000000,-19.603161,15.350843,0.012490
704,0.704000,71.098206,61.493889,90.000000,-18.901789,19.931444,0.018334
705,0.705000,71.794670,61.678955,90.000000,-18.205328,24.403217,0.026354
706,0.706000,72.486023,61.865063,90.000000,-17.513977,28.588020,0.037113
707,0.707000,73.172073,62.052464,90.000000,-16.827925,32.662060,0.051224
708,0.708000,73.852638,62.241386,90.000000,-16.147358,36.608524,0.069322
709,0.709000,74.527534,62.432091,90.000000,-15.472461,40.399513,0.092028
710,0.710000,75.196587,62.624855,90.000000,-14.803410,43.759861,0.119896
711,0.711000,75.859612,62.819977,90.000000,-14.140389,46.921280,0.153368
712,0.712000,76.516426,63.017746,90.000000,-13.483571,50.017017,0.192716
713,0.713000,77.166870,63.218452,90.000000,-12.833126,53.104439,0.237992
714,0.714000,77.810776,63.422340,90.000000,-12.189223,56.112885,0.288992
715,0.715000,78.447968,63.629662,90.000000,-11.552028,59.266724,0.345227
716,0.716000,79.078300,63.840660,90.000000,-10.921698,62.573910,0.405922
717,0.717000,79.701614,64.055542,90.000000,-10.298381,65.981247,0.470025
718,0.718000,80.317757,64.274490,90.000000,-9.682243,69.405769,0.536248
719,0.719000,80.926567,64.497688,90.000000,-9.073428,72.785515,0.603123
720,0.720000,81.527924,64.725311,90.000000,-8.472071,76.008072,0.669066
721,0.721000,82.121681,64.957558,90.000000,-7.878315,78.938301,0.732462
722,0.722000,82.707695,65.194580,90.000000,-7.292299,81.789978,0.791744
723,0.723000,83.285851,65.436600,90.000000,-6.714144,84.763245,0.845470
724,0.724000,83.856018,65.683800,90.000000,-6.143980,87.420181,0.892391
725,0.725000,84.418068,65.936401,90.000000,-5.581931,89.949646,0.931506
726,0.726000,84.971901,66.194603,90.000000,-5.028098,92.271057,0.962096
727,0.727000,85.517403,66.458588,90.000000,-4.482598,94.268265,0.983738
728,0.728000,86.054466,66.728546,90.000000,-3.945534,95.953186,0.996312
729,0.729000,86.583000,67.004623,90.000000,-3.417000,97.456299,0.999973
730,0.730000,87.102905,67.286995,90.000000,-2.897093,98.758751,0.995130
731,0.731000,87.614090,67.575821,90.000000,-2.385908,99.874695,0.982399
732,0.732000,88.116486,67.871223,90.000000,-1.883513,100.897469,0.962559
733,0.733000,88.610008,68.173340,90.000000,-1.389991,101.892059,0.936504
734,0.734000,89.094589,68.482262,90.000000,-0.905410,102.724899,0.905198
735,0.735000,89.570160,68.798080,90.000000,-0.429837,103.425400,0.869626
736,0.736000,90.036667,69.120857,90.000000,0.036671,103.984390,0.830763
737,0.737000,90.494057,69.450645,90.000000,0.494062,104.383652,0.789537
738,0.738000,90.942284,69.787476,90.000000,0.942286,104.637642,0.746810
739,0.739000,91.381310,70.131393,90.000000,1.381310,104.777939,0.703356
740,0.740000,91.811089,70.482414,90.000000,1.811093,104.817101,0.659856
741,0.741000,92.231606,70.840569,90.000000,2.231607,104.776421,0.616890
742,0.742000,92.642830,71.205864,90.000000,2.642832,104.675980,0.574938
743,0.743000,93.044746,71.578308,90.000000,3.044748,104.522102,0.534386
744,0.744000,93.437355,71.957886,90.000000,3.437354,104.320602,0.495528
745,0.745000,93.820625,72.344589,90.000000,3.820630,104.074158,0.458578
746,0.746000,94.194595,72.738373,90.000000,4.194596,103.803780,0.423680
747,0.747000,94.559235,73.139229,90.000000,4.559240,103.444565,0.390917
748,0.748000,94.914589,73.547112,90.000000,4.914594,102.912201,0.360320
749,0.749000,95.260666,73.961967,90.000000,5.260666,102.059219,0.331878
750,0.750000,95.597481,74.383766,90.000000,5.597483,100.815445,0.305546
751,0.751000,95.925079,74.812454,90.000000,5.925079,98.924553,0.281256
752,0.752000,96.243492,75.247978,90.000000,6.243496,96.348846,0.258919
753,0.753000,96.552765,75.690292,90.000000,6.552767,92.843048,0.238434
754,0.754000,96.852943,76.139343,90.000000,6.852947,88.313942,0.219691
755,0.755000,97.144089,76.595055,90.000000,7.144091,82.534355,0.202576
756,0.756000,97.426254,77.057350,90.000000,7.426260,75.997086,0.186974
757,0.757000,97.699516,77.526108,90.000000,7.699522,69.642532,0.172772
758,0.758000,97.963943,78.001167,90.000000,7.963945,61.773502,0.159860
759,0.759000,98.219604,78.482330,90.000000,8.219606,52.378342,0.148131
760,0.760000,98.466583,78.969330,90.000000,8.466586,41.351906,0.137485
761,0.761000,98.704979,79.461830,90.000000,8.704980,29.933201,0.127829
762,0.762000,98.934875,79.959389,90.000000,8.934877,18.910017,0.119074
763,0.763000,99.156380,80.461540,90.000000,9.156381,8.501474,0.111138
764,0.764000,99.369576,80.967789,90.000000,9.369577,-0.479423,0.103947
765,0.765000,99.574600,81.477585,90.000000,9.574599,-8.146376,0.097432
766,0.766000,99.771530,81.990257,90.000000,9.771535,-14.659058,0.091530
767,0.767000,99.960510,82.505028,90.000000,9.960512,-20.092602,0.086184
768,0.768000,100.141647,83.021088,90.000000,10.141648,-24.732037,0.081342
769,0.769000,100.315063,83.537636,90.000000,10.315067,-28.785696,0.076956
770,0.770000,100.480888,84.053917,90.000000,10.480890,-32.255524,0.072985
771,0.771000,100.639244,84.569290,90.000000,10.639249,-34.971916,0.069390
772,0.772000,100.790268,85.083221,90.000000,10.790271,-37.177277,0.066136
773,0.773000,100.934082,85.595245,90.000000,10.934087,-39.010941,0.063193
774,0.774000,101.070839,86.105011,90.000000,11.070841,-40.583485,0.060532
775,0.775000,101.200661,86.612221,90.000000,11.200663,-42.032356,0.058129
776,0.776000,101.323685,87.116608,90.000000,11.323689,-43.420193,0.055960
777,0.777000,101.440056,87.617950,90.000000,11.440061,-44.702702,0.054006
778,0.778000,101.549911,88.116081,90.000000,11.549917,-45.844574,0.052249
779,0.779000,101.653397,88.610863,90.000000,11.653401,-46.916801,0.050671
780,0.780000,101.750648,89.102180,90.000000,11.750650,-47.968903,0.049259
781,0.781000,101.841820,89.589951,90.000000,11.841820,-49.013584,0.048000
782,0.782000,101.927048,90.074081,90.000000,11.927047,-50.002518,0.046882
783,0.783000,102.006470,90.554489,90.000000,12.006474,-50.892357,0.045894
784,0.784000,102.080261,91.031090,90.000000,12.080261,-51.655273,0.045026
785,0.785000,102.148537,91.503815,90.000000,12.148536,-52.388367,0.044271
786,0.786000,102.211456,91.972580,90.000000,12.211455,-53.144161,0.043621
787,0.787000,102.269165,92.437347,90.000000,12.269171,-54.075211,0.043069
788,0.788000,102.321823,92.898018,90.000000,12.321824,-55.034004,0.042608
789,0.789000,102.369568,93.354538,90.000000,12.369568,-56.175850,0.042234
790,0.790000,102.412544,93.806847,90.000000,12.412550,-57.387959,0.041941
791,0.791000,102.450920,94.254890,90.000000,12.450922,-58.459072,0.041725
792,0.792000,102.484825,94.698624,90.000000,12.484827,-59.614922,0.041582
793,0.793000,102.514412,95.137993,90.000000,12.514416,-60.887886,0.041507
794,0.794000,102.539841,95.572945,90.000000,12.539845,-62.044907,0.041499
795,0.795000,102.561249,96.003410,90.000000,12.561250,-63.181702,0.041552
796,0.796000,102.578789,96.429321,90.000000,12.578790,-64.392609,0.041666
797,0.797000,102.592613,96.850586,90.000000,12.592614,-65.971619,0.041836
798,0.798000,102.602867,97.267143,90.000000,12.602866,-67.922935,0.042061
799,0.799000,102.609695,97.678902,90.000000,12.609696,-70.152504,0.042338
800,0.800000,102.613243,98.085785,90.000000,12.613248,-72.853409,0.042665
801,0.801000,102.613670,98.487717,90.000000,12.613671,-75.956268,0.043040
802,0.802000,102.611107,98.884621,90.000000,12.611111,-79.312363,0.043461
803,0.803000,102.605713,99.276421,90.000000,12.605715,-82.583519,0.043927
804,0.804000,102.597618,99.663017,90.000000,12.597621,-85.677658,0.044434
805,0.805000,102.586975,100.044273,90.000000,12.586979,-88.670364,0.044982
806,0.806000,102.573929,100.420059,90.000000,12.573934,-91.484451,0.045568
807,0.807000,102.558617,100.790192,90.000000,12.558620,-93.978615,0.046191
808,0.808000,102.541176,101.154457,90.000000,12.541176,-95.931595,0.046849
809,0.809000,102.521751,101.512634,90.000000,12.521751,-97.564880,0.047539
810,0.810000,102.500465,101.864502,90.000000,12.500468,-98.893707,0.048260
811,0.811000,102.477478,102.209839,90.000000,12.477478,-99.881897,0.049010
812,0.812000,102.452904,102.548470,90.000000,12.452903,-100.722870,0.049787
813,0.813000,102.426880,102.880180,90.000000,12.426880,-101.487869,0.050589
814,0.814000,102.399536,103.204834,90.000000,12.399538,-102.256104,0.051413
815,0.815000,102.371002,103.522293,90.000000,12.371002,-102.968086,0.052258
816,0.816000,102.341408,103.832474,90.000000,12.341407,-103.587349,0.053120
817,0.817000,102.310860,104.135300,90.000000,12.310862,-104.135582,0.053999
818,0.818000,102.279503,104.430710,90.000000,12.279505,-104.587662,0.054890
819,0.819000,102.247437,104.718689,90.000000,12.247437,-104.952621,0.055792
820,0.820000,102.214783,104.999191,90.000000,12.214788,-105.228226,0.056702
821,0.821000,102.181664,105.272186,90.000000,12.181663,-105.385635,0.057617
822,0.822000,102.148178,105.537651,90.000000,12.148181,-105.422455,0.058535
823,0.823000,102.114433,105.795555,90.000000,12.114440,-105.352264,0.059453
824,0.824000,102.080551,106.045883,90.000000,12.080555,-105.212845,0.060368
825,0.825000,102.046623,106.288628,90.000000,12.046629,-104.992691,0.061277
826,0.826000,102.012756,106.523758,90.000000,12.012758,-104.757278,0.062177
827,0.827000,101.979034,106.751297,90.000000,11.979038,-104.522034,0.063066
828,0.828000,101.945564,106.971237,90.000000,11.945570,-104.336609,0.063940
829,0.829000,101.912437,107.183586,90.000000,11.912443,-104.225296,0.064797
830,0.830000,101.879745,107.388382,90.000000,11.879747,-104.165108,0.065633
831,0.831000,101.847565,107.585640,90.000000,11.847564,-104.133057,0.066446
832,0.832000,101.815987,107.775406,90.000000,11.815988,-104.129364,0.067232
833,0.833000,101.785088,107.957695,90.000000,11.785088,-104.120468,0.067990
834,0.834000,101.754936,108.132561,90.000000,11.754939,-104.130035,0.068716
835,0.835000,101.725632,108.300011,90.000000,11.725631,-104.169876,0.069408
836,0.836000,101.697220,108.460091,90.000000,11.697225,-104.215218,0.070063
837,0.837000,101.669785,108.612816,90.000000,11.669787,-104.275879,0.070678
838,0.838000,101.643379,108.758194,90.000000,11.643382,-104.317368,0.071252
839,0.839000,101.618080,108.896255,90.000000,11.618083,-104.354500,0.071781
840,0.840000,101.593933,109.027008,90.000000,11.593938,-104.389465,0.072265
841,0.841000,101.571014,109.150459,90.000000,11.571016,-104.393860,0.072700
842,0.842000,101.549347,109.266632,90.000000,11.549351,-104.448242,0.073086
843,0.843000,101.529007,109.375542,90.000000,11.529011,-104.500381,0.073420
844,0.844000,101.510033,109.477188,90.000000,11.510036,-104.515175,0.073702
845,0.845000,101.492470,109.571594,90.000000,11.492469,-104.460518,0.073929
846,0.846000,101.476349,109.658768,90.000000,11.476350,-104.350555,0.074101
847,0.847000,101.461708,109.738731,90.000000,11.461713,-104.202591,0.074218
848,0.848000,101.448601,109.811493,90.000000,11.448606,-104.069054,0.074278
849,0.849000,101.437042,109.877060,90.000000,11.437042,-103.953476,0.074281
850,0.850000,101.427063,109.935463,90.000000,11.427063,-103.834511,0.074227
851,0.851000,101.418686,109.986710,90.000000,11.418689,-103.686485,0.074115
852,0.852000,101.411942,110.030807,90.000000,11.411941,-103.502655,0.073947
853,0.853000,101.406837,110.067802,90.000000,11.406838,-103.272324,0.073723
854,0.854000,101.403397,110.097702,90.000000,11.403397,-103.031357,0.073442
855,0.855000,101.401627,110.120544,90.000000,11.401628,-102.798042,0.073107
856,0.856000,101.401535,110.136360,90.000000,11.401539,-102.586258,0.072717
857,0.857000,101.403137,110.145164,90.000000,11.403137,-102.398544,0.072275
858,0.858000,101.406418,110.146980,90.000000,11.406422,-102.147415,0.071782
859,0.859000,101.411400,110.141838,90.000000,11.411402,-101.870667,0.071239
860,0.860000,101.418068,110.129784,90.000000,11.418068,-101.501602,0.070648
861,0.861000,101.426407,110.110847,90.000000,11.426407,-100.973846,0.070012
862,0.862000,101.436417,110.085052,90.000000,11.436420,-100.323494,0.069331
863,0.863000,101.448082,110.052437,90.000000,11.448087,-99.525673,0.068609
864,0.864000,101.461388,110.013023,90.000000,11.461391,-98.637695,0.067847
865,0.865000,101.476318,109.966850,90.000000,11.476322,-97.873810,0.067049
866,0.866000,101.492844,109.913956,90.000000,11.492845,-97.092148,0.066216
867,0.867000,101.510941,109.854370,90.000000,11.510944,-96.420715,0.065352
868,0.868000,101.530594,109.788155,90.000000,11.530595,-95.662300,0.064458
869,0.869000,101.551750,109.715363,90.000000,11.551755,-94.614021,0.063539
870,0.870000,101.574387,109.636063,90.000000,11.574390,-93.279297,0.062595
871,0.871000,101.598473,109.550346,90.000000,11.598474,-91.728279,0.061631
872,0.872000,101.623962,109.458267,90.000000,11.623963,-89.982681,0.060650
873,0.873000,101.650803,109.359917,90.000000,11.650806,-88.083008,0.059653
874,0.874000,101.678970,109.255333,90.000000,11.678974,-85.997208,0.058643
875,0.875000,101.708397,109.144592,90.000000,11.708399,-83.671387,0.057625
876,0.876000,101.739044,109.027779,90.000000,11.739045,-81.019035,0.056599
877,0.877000,101.770851,108.904991,90.000000,11.770854,-77.985565,0.055569
878,0.878000,101.803772,108.776352,90.000000,11.803775,-74.666443,0.054538
879,0.879000,101.837730,108.641991,90.000000,11.837735,-71.105942,0.053508
880,0.880000,101.872688,108.502068,90.000000,11.872692,-67.377991,0.052481
881,0.881000,101.908562,108.356728,90.000000,11.908564,-63.646420,0.051461
882,0.882000,101.945297,108.206131,90.000000,11.945296,-59.720768,0.050448
883,0.883000,101.982819,108.050491,90.000000,11.982821,-55.820320,0.049445
884,0.884000,102.021065,107.890022,90.000000,12.021064,-51.997025,0.048455
885,0.885000,102.059952,107.724960,90.000000,12.059955,-48.913498,0.047480
886,0.886000,102.099426,107.555557,90.000000,12.099426,-45.821033,0.046520
887,0.887000,102.139389,107.382088,90.000000,12.139390,-42.826679,0.045579
888,0.888000,102.179771,107.204826,90.000000,12.179777,-39.892345,0.044656
889,0.889000,102.220497,107.024033,90.000000,12.220499,-37.057133,0.043755
890,0.890000,102.261490,106.839989,90.000000,12.261494,-34.304024,0.042877
891,0.891000,102.302658,106.652977,90.000000,12.302659,-31.723637,0.042022
892,0.892000,102.343925,106.463203,90.000000,12.343927,-29.059639,0.041192
893,0.893000,102.385208,106.270897,90.000000,12.385209,-26.334558,0.040388
894,0.894000,102.426414,106.076241,90.000000,12.426415,-23.416546,0.039611
895,0.895000,102.467468,105.879440,90.000000,12.467471,-20.409554,0.038862
896,0.896000,102.508270,105.680695,90.000000,12.508275,-17.452883,0.038141
897,0.897000,102.548752,105.480186,90.000000,12.548758,-14.490047,0.037450
898,0.898000,102.588814,105.278091,90.000000,12.588817,-11.517195,0.036790
899,0.899000,102.628372,105.074577,90.000000,12.628377,-8.364146,0.036160
900,0.900000,102.667336,104.869835,90.000000,12.667336,-5.066859,0.035562
901,0.901000,102.705620,104.664062,90.000000,12.705620,-1.541877,0.034996
902,0.902000,102.743126,104.457451,90.000000,12.743131,2.185684,0.034462
903,0.903000,102.779778,104.250206,90.000000,12.779782,5.849017,0.033961
904,0.904000,102.815483,104.042534,90.000000,12.815483,9.528538,0.033493
905,0.905000,102.850151,103.834618,90.000000,12.850153,13.224586,0.033059
906,0.906000,102.883698,103.626686,90.000000,12.883703,16.889500,0.032660
907,0.907000,102.916039,103.418953,90.000000,12.916038,20.657402,0.032295
908,0.908000,102.947075,103.211647,90.000000,12.947074,24.553724,0.031965
909,0.909000,102.976723,103.005028,90.000000,12.976724,28.359955,0.031671
910,0.910000,103.004898,102.799324,90.000000,13.004898,31.968651,0.031412
911,0.911000,103.031517,102.594795,90.000000,13.031522,35.363701,0.031191
912,0.912000,103.056503,102.391693,90.000000,13.056507,37.558716,0.031006
913,0.913000,103.079765,102.190254,90.000000,13.079770,38.981476,0.030859
914,0.914000,103.101227,101.990723,90.000000,13.101231,39.736839,0.030751
915,0.915000,103.120804,101.793358,90.000000,13.120807,40.042004,0.030681
916,0.916000,103.138412,101.598412,90.000000,13.138414,39.999958,0.030652
917,0.917000,103.153984,101.406113,90.000000,13.153987,39.702240,0.030664
918,0.918000,103.167442,101.216690,90.000000,13.167443,39.250164,0.030717
919,0.919000,103.178711,101.030289,90.000000,13.178713,38.724941,0.030814
920,0.920000,103.187714,100.847000,90.000000,13.187715,38.172611,0.030955
921,0.921000,103.194382,100.666847,90.000000,13.194388,37.701279,0.031142
922,0.922000,103.198662,100.489830,90.000000,13.198664,37.343311,0.031377
923,0.923000,103.200470,100.315926,90.000000,13.200474,37.098274,0.031661
924,0.924000,103.199753,100.145081,90.000000,13.199757,36.977795,0.031995
925,0.925000,103.196449,99.977249,90.000000,13.196450,36.901001,0.032384
926,0.926000,103.190491,99.812370,90.000000,13.190495,36.852757,0.032828
927,0.927000,103.181824,99.650375,90.000000,13.181828,36.826294,0.033330
928,0.928000,103.170387,99.491234,90.000000,13.170394,36.797852,0.033893
929,0.929000,103.156143,99.334900,90.000000,13.156146,36.717636,0.034521
930,0.930000,103.139030,99.181328,90.000000,13.139030,36.591442,0.035216
931,0.931000,103.118988,99.030510,90.000000,13.118990,36.418068,0.035983
932,0.932000,103.095993,98.882423,90.000000,13.095992,36.226128,0.036825
933,0.933000,103.069977,98.737068,90.000000,13.069976,36.028652,0.037746
934,0.934000,103.040901,98.594421,90.000000,13.040900,35.833168,0.038753
935,0.935000,103.008728,98.454475,90.000000,13.008730,35.603230,0.039850
936,0.936000,102.973419,98.317215,90.000000,12.973425,35.399208,0.041042
937,0.937000,102.934944,98.182625,90.000000,12.934943,35.280678,0.042336
938,0.938000,102.893257,98.050674,90.000000,12.893259,35.226753,0.043738
939,0.939000,102.848320,97.921349,90.000000,12.848323,35.227371,0.045256
940,0.940000,102.800117,97.794617,90.000000,12.800122,35.237503,0.046898
941,0.941000,102.748611,97.670448,90.000000,12.748615,35.254543,0.048671
942,0.942000,102.693771,97.548828,90.000000,12.693776,35.283333,0.050585
943,0.943000,102.635590,97.429733,90.000000,12.635590,35.377388,0.052650
944,0.944000,102.574020,97.313126,90.000000,12.574022,35.444935,0.054877
945,0.945000,102.509064,97.199013,90.000000,12.509068,35.480644,0.057276
946,0.946000,102.440689,97.087364,90.000000,12.440690,35.643597,0.059860
947,0.947000,102.368881,96.978172,90.000000,12.368884,36.140465,0.062641
948,0.948000,102.293633,96.871437,90.000000,12.293636,36.971840,0.065634
949,0.949000,102.214928,96.767151,90.000000,12.214932,38.035774,0.068854
950,0.950000,102.132759,96.665298,90.000000,12.132765,39.252514,0.072316
951,0.951000,102.047119,96.565887,90.000000,12.047121,40.471840,0.076037
952,0.952000,101.958000,96.468887,90.000000,11.958001,41.778412,0.080036
953,0.953000,101.865395,96.374329,90.000000,11.865397,43.072762,0.084330
954,0.954000,101.769310,96.282204,90.000000,11.769310,44.289864,0.088940
955,0.955000,101.669739,96.192566,90.000000,11.669740,45.388138,0.093887
956,0.956000,101.566681,96.105492,90.000000,11.566686,46.452251,0.099194
957,0.957000,101.460167,96.021027,90.000000,11.460169,47.579735,0.104883
958,0.958000,101.350174,95.939270,90.000000,11.350176,48.677868,0.110979
959,0.959000,101.236732,95.860298,90.000000,11.236732,49.761608,0.117506
960,0.960000,101.119835,95.784187,90.000000,11.119841,50.914223,0.124491
961,0.961000,100.999527,95.711006,90.000000,10.999527,52.130955,0.131960
962,0.962000,100.875786,95.640831,90.000000,10.875792,53.452980,0.139942
963,0.963000,100.748657,95.573715,90.000000,10.748661,54.955154,0.148463
964,0.964000,100.618164,95.509712,90.000000,10.618164,56.645264,0.157552
965,0.965000,100.484306,95.448898,90.000000,10.484312,58.531902,0.167238
966,0.966000,100.347130,95.391327,90.000000,10.347135,60.060333,0.177548
967,0.967000,100.206665,95.337059,90.000000,10.206665,61.196960,0.188511
968,0.968000,100.062935,95.286171,90.000000,10.062938,61.871758,0.200153
969,0.969000,99.915962,95.238731,90.000000,9.915966,62.029732,0.212500
970,0.970000,99.765808,95.194824,90.000000,9.765811,61.669701,0.225577
971,0.971000,99.612488,95.154556,90.000000,9.612487,60.870804,0.239407
972,0.972000,99.456055,95.118042,90.000000,9.456055,59.850819,0.254008
973,0.973000,99.296539,95.085381,90.000000,9.296543,58.856159,0.269399
974,0.974000,99.134003,95.056641,90.000000,9.134005,58.046505,0.285592
975,0.975000,98.968483,95.031845,90.000000,8.968482,57.344418,0.302598
976,0.976000,98.800034,95.011009,90.000000,8.800035,56.665001,0.320421
977,0.977000,98.628708,94.994072,90.000000,8.628707,56.004745,0.339061
978,0.978000,98.454559,94.980972,90.000000,8.454558,55.388153,0.358511
979,0.979000,98.277649,94.971619,90.000000,8.277649,54.834415,0.378761
980,0.980000,98.098030,94.965912,90.000000,8.098029,54.349266,0.399790
981,0.981000,97.915779,94.963783,90.000000,7.915779,53.934681,0.421571
982,0.982000,97.730942,94.965157,90.000000,7.730947,53.548496,0.444070
983,0.983000,97.543610,94.969971,90.000000,7.543609,53.149960,0.467243
984,0.984000,97.353821,94.978180,90.000000,7.353825,52.737019,0.491040
985,0.985000,97.161682,94.989716,90.000000,7.161685,52.305832,0.515399
986,0.986000,96.967239,95.004539,90.000000,6.967243,51.848225,0.540250
987,0.987000,96.770576,95.022606,90.000000,6.770582,51.385471,0.565516
988,0.988000,96.571777,95.043869,90.000000,6.571782,50.946747,0.591109
989,0.989000,96.370926,95.068298,90.000000,6.370927,50.528534,0.616931
990,0.990000,96.168083,95.095863,90.000000,6.168084,50.084126,0.642880
991,0.991000,95.963341,95.126518,90.000000,5.963342,49.590267,0.668843
992,0.992000,95.756798,95.160233,90.000000,5.756797,49.004059,0.694701
993,0.993000,95.548523,95.196968,90.000000,5.548524,48.358627,0.720330
994,0.994000,95.338608,95.236671,90.000000,5.338612,47.715305,0.745600
995,0.995000,95.127151,95.279312,90.000000,5.127156,47.109447,0.770377
996,0.996000,94.914246,95.324852,90.000000,4.914246,46.509884,0.794526
997,0.997000,94.699974,95.373260,90.000000,4.699976,45.907749,0.817911
998,0.998000,94.484444,95.424477,90.000000,4.484442,45.322342,0.840395
999,0.999000,94.267738,95.478477,90.000000,4.267741,44.745850,0.861846
1000,1.000000,94.049965,95.535187,90.000000,4.049967,44.144619,0.882133
1001,1.001000,93.831223,95.594582,90.000000,3.831224,43.513832,0.901133
1002,1.002000,93.611610,95.656586,90.000000,3.611613,42.868694,0.918728
1003,1.003000,93.391235,95.721153,90.000000,3.391237,42.178009,0.934811
1004,1.004000,93.170189,95.788254,90.000000,3.170191,41.425751,0.949284
1005,1.005000,92.948586,95.857826,90.000000,2.948586,40.657104,0.962059
1006,1.006000,92.726517,95.929832,90.000000,2.726523,39.871517,0.973062
1007,1.007000,92.504112,96.004227,90.000000,2.504118,39.065411,0.982234
1008,1.008000,92.281471,96.080956,90.000000,2.281474,38.217133,0.989529
1009,1.009000,92.058693,96.159973,90.000000,2.058694,37.392765,0.994914
1010,1.010000,91.835899,96.241226,90.000000,1.835900,36.607903,0.998376
1011,1.011000,91.613182,96.324661,90.000000,1.613188,35.815609,0.999913
1012,1.012000,91.390678,96.410225,90.000000,1.390681,35.022675,0.999539
1013,1.013000,91.168480,96.497849,90.000000,1.168481,34.223236,0.997286
1014,1.014000,90.946709,96.587486,90.000000,0.946712,33.384270,0.993197
1015,1.015000,90.725479,96.679070,90.000000,0.725482,32.514935,0.987330
1016,1.016000,90.504898,96.772537,90.000000,0.504901,31.635437,0.979754
1017,1.017000,90.285080,96.867844,90.000000,0.285085,30.756203,0.970552
1018,1.018000,90.066147,96.964920,90.000000,0.066150,29.869406,0.959815
1019,1.019000,89.848213,97.063713,90.000000,-0.151787,28.959133,0.947644
1020,1.020000,89.631386,97.164169,90.000000,-0.368612,28.074209,0.934146
1021,1.021000,89.415787,97.266243,90.000000,-0.584213,27.230331,0.919434
1022,1.022000,89.201530,97.369850,90.000000,-0.798470,26.413778,0.903628
1023,1.023000,88.988724,97.474945,90.000000,-1.011271,25.628086,0.886847
1024,1.024000,88.777504,97.581467,90.000000,-1.222494,24.812080,0.869215
1025,1.025000,88.567970,97.689354,90.000000,-1.432031,23.973356,0.850853
1026,1.026000,88.360229,97.798553,90.000000,-1.639764,23.145355,0.831883
1027,1.027000,88.154427,97.908989,90.000000,-1.845572,22.276489,0.812424
1028,1.028000,87.950645,98.020622,90.000000,-2.049350,21.400370,0.792591
1029,1.029000,87.749023,98.133377,90.000000,-2.250971,20.641800,0.772496
1030,1.030000,87.549667,98.247223,90.000000,-2.450330,19.963478,0.752245
1031,1.031000,87.352684,98.362099,90.000000,-2.647313,18.618591,0.731939
1032,1.032000,87.158203,98.477951,90.000000,-2.841796,16.677145,0.711671
1033,1.033000,86.966324,98.594727,90.000000,-3.033676,13.715843,0.691529
1034,1.034000,86.777168,98.712372,90.000000,-3.222831,9.550226,0.671593
1035,1.035000,86.590836,98.830833,90.000000,-3.409166,4.425772,0.651938
1036,1.036000,86.407448,98.950050,90.000000,-3.592550,-1.888601,0.632630
1037,1.037000,86.227112,99.070000,90.000000,-3.772887,-8.892033,0.613727
1038,1.038000,86.049942,99.190582,90.000000,-3.950055,-16.283350,0.595283
1039,1.039000,85.876038,99.311691,90.000000,-4.123959,-23.669537,0.577343
1040,1.040000,85.705513,99.433121,90.000000,-4.294481,-31.665836,0.559946
1041,1.041000,85.538475,99.554611,90.000000,-4.461520,-40.307976,0.543126
1042,1.042000,85.375031,99.675804,90.000000,-4.624967,-49.085930,0.526909
1043,1.043000,85.215279,99.796280,90.000000,-4.784718,-57.750252,0.511318
1044,1.044000,85.059326,99.915550,90.000000,-4.940672,-65.969452,0.496370
1045,1.045000,84.907265,100.033089,90.000000,-5.092732,-75.099258,0.482077
1046,1.046000,84.759201,100.148399,90.000000,-5.240797,-83.225113,0.468448
1047,1.047000,84.615227,100.260933,90.000000,-5.384770,-89.905197,0.455487
1048,1.048000,84.475441,100.370125,90.000000,-5.524557,-95.374992,0.443196
1049,1.049000,84.339928,100.475372,90.000000,-5.660068,-99.704712,0.431574
1050,1.050000,84.208786,100.576096,90.000000,-5.791214,-102.772728,0.420617
1051,1.051000,84.082085,100.671730,90.000000,-5.917914,-104.873787,0.410320
1052,1.052000,83.959915,100.761703,90.000000,-6.040086,-106.281799,0.400674
1053,1.053000,83.842354,100.845467,90.000000,-6.157640,-107.218857,0.391673
1054,1.054000,83.729477,100.922569,90.000000,-6.270523,-107.825684,0.383305
1055,1.055000,83.621346,100.992661,90.000000,-6.378652,-108.135681,0.375561
1056,1.056000,83.518036,101.055489,90.000000,-6.481965,-108.291924,0.368430
1057,1.057000,83.419594,101.110886,90.000000,-6.580402,-108.352371,0.361901
1058,1.058000,83.326096,101.158737,90.000000,-6.673901,-108.236839,0.355963
1059,1.059000,83.237579,101.199013,90.000000,-6.762420,-108.076408,0.350606
1060,1.060000,83.154083,101.231697,90.000000,-6.845912,-107.948532,0.345817
1061,1.061000,83.075676,101.256798,90.000000,-6.924323,-107.913162,0.341589
1062,1.062000,83.002373,101.274330,90.000000,-6.997624,-107.944305,0.337910
1063,1.063000,82.934219,101.284340,90.000000,-7.065776,-107.974136,0.334773
1064,1.064000,82.871231,101.286858,90.000000,-7.128764,-108.020393,0.332169
1065,1.065000,82.813454,101.281929,90.000000,-7.186547,-108.010376,0.330090
1066,1.066000,82.760887,101.269585,90.000000,-7.239112,-107.931747,0.328531
1067,1.067000,82.713554,101.249878,90.000000,-7.286446,-107.785667,0.327485
1068,1.068000,82.671463,101.222847,90.000000,-7.328533,-107.526054,0.326948
1069,1.069000,82.634621,101.188499,90.000000,-7.365375,-107.186279,0.326916
1070,1.070000,82.603027,101.146881,90.000000,-7.396972,-106.741997,0.327385
1071,1.071000,82.576683,101.097992,90.000000,-7.423316,-106.174103,0.328353
1072,1.072000,82.555573,101.041870,90.000000,-7.444427,-105.459419,0.329820
1073,1.073000,82.539680,100.978546,90.000000,-7.460315,-104.623566,0.331784
1074,1.074000,82.529007,100.908051,90.000000,-7.470990,-103.588860,0.334245
1075,1.075000,82.523514,100.830414,90.000000,-7.476482,-102.320023,0.337205
1076,1.076000,82.523186,100.745705,90.000000,-7.476810,-100.763626,0.340663
1077,1.077000,82.527985,100.653961,90.000000,-7.472015,-98.971497,0.344622
1078,1.078000,82.537872,100.555252,90.000000,-7.462125,-96.743515,0.349085
1079,1.079000,82.552826,100.449654,90.000000,-7.447174,-94.135757,0.354052
1080,1.080000,82.572784,100.337234,90.000000,-7.427216,-91.216095,0.359528
1081,1.081000,82.597702,100.218102,90.000000,-7.402299,-88.400681,0.365514
1082,1.082000,82.627533,100.092369,90.000000,-7.372465,-85.388992,0.372013
1083,1.083000,82.662209,99.960152,90.000000,-7.337788,-82.227203,0.379028
1084,1.084000,82.701691,99.821602,90.000000,-7.298309,-78.928558,0.386560
1085,1.085000,82.745895,99.676895,90.000000,-7.254105,-75.643372,0.394610
1086,1.086000,82.794754,99.526230,90.000000,-7.205241,-72.398048,0.403180
1087,1.087000,82.848206,99.369835,90.000000,-7.151795,-69.152100,0.412269
1088,1.088000,82.906158,99.207916,90.000000,-7.093841,-65.788132,0.421876
1089,1.089000,82.968544,99.040726,90.000000,-7.031454,-62.452660,0.431999
1090,1.090000,83.035278,98.868469,90.000000,-6.964716,-59.151958,0.442633
1091,1.091000,83.106270,98.691429,90.000000,-6.893730,-56.473339,0.453773
1092,1.092000,83.181427,98.509811,90.000000,-6.818571,-53.852493,0.465412
1093,1.093000,83.260666,98.323883,90.000000,-6.739334,-51.266319,0.477541
1094,1.094000,83.343880,98.133873,90.000000,-6.656121,-48.838661,0.490147
1095,1.095000,83.430969,97.940018,90.000000,-6.569030,-46.384720,0.503218
1096,1.096000,83.521828,97.742569,90.000000,-6.478168,-43.790512,0.516737
1097,1.097000,83.616364,97.541756,90.000000,-6.383631,-41.068375,0.530685
1098,1.098000,83.714470,97.337791,90.000000,-6.285529,-38.198311,0.545040
1099,1.099000,83.816017,97.130852,90.000000,-6.183978,-35.369957,0.559779
1100,1.100000,83.920914,96.921120,90.000000,-6.079087,-32.818153,0.574873
1101,1.101000,84.029022,96.708771,90.000000,-5.970972,-30.317188,0.590293
1102,1.102000,84.140259,96.493980,90.000000,-5.859742,-27.813562,0.606005
1103,1.103000,84.254471,96.276932,90.000000,-5.745527,-25.351255,0.621974
1104,1.104000,84.371552,96.057808,90.000000,-5.628444,-22.854256,0.638161
1105,1.105000,84.491379,95.836807,90.000000,-5.508615,-20.115105,0.654524
1106,1.106000,84.613838,95.614143,90.000000,-5.386157,-17.277546,0.671019
1107,1.107000,84.738785,95.389984,90.000000,-5.261212,-14.412946,0.687600
1108,1.108000,84.866104,95.164528,90.000000,-5.133891,-11.555367,0.704219
1109,1.109000,84.995659,94.937927,90.000000,-5.004336,-8.654010,0.720826
1110,1.110000,85.127335,94.710365,90.000000,-4.872663,-5.853426,0.737368
1111,1.111000,85.260979,94.482018,90.000000,-4.739017,-3.023561,0.753794
1112,1.112000,85.396477,94.253052,90.000000,-4.603520,0.012974,0.770050
1113,1.113000,85.533691,94.023689,90.000000,-4.466308,3.158174,0.786082
1114,1.114000,85.672478,93.794106,90.000000,-4.327519,6.187844,0.801836
1115,1.115000,85.812714,93.564514,90.000000,-4.187282,8.955114,0.817260
1116,1.116000,85.954269,93.335114,90.000000,-4.045726,11.607344,0.832303
1117,1.117000,86.096992,93.106094,90.000000,-3.903002,14.401934,0.846912
1118,1.118000,86.240761,92.877640,90.000000,-3.759233,17.015165,0.861041
1119,1.119000,86.385445,92.649971,90.000000,-3.614556,19.671577,0.874643
1120,1.120000,86.530884,92.423279,90.000000,-3.469114,22.567249,0.887675
1121,1.121000,86.676964,92.197792,90.000000,-3.323037,25.753250,0.900097
1122,1.122000,86.823540,91.973686,90.000000,-3.176461,29.280088,0.911873
1123,1.123000,86.970482,91.751152,90.000000,-3.029517,33.342678,0.922971
1124,1.124000,87.117653,91.530357,90.000000,-2.882346,37.928688,0.933363
1125,1.125000,87.264915,91.311485,90.000000,-2.735081,42.651623,0.943024
1126,1.126000,87.412140,91.094696,90.000000,-2.587856,47.310814,0.951937
1127,1.127000,87.559204,90.880196,90.000000,-2.440795,52.318878,0.960086
1128,1.128000,87.705956,90.668175,90.000000,-2.294042,57.842155,0.967463
1129,1.129000,87.852272,90.458878,90.000000,-2.147726,63.088112,0.974062
1130,1.130000,87.998032,90.252563,90.000000,-2.001962,67.690659,0.979885
1131,1.131000,88.143105,90.049545,90.000000,-1.856896,71.619247,0.984935
1132,1.132000,88.287346,89.850128,90.000000,-1.712649,75.259171,0.989223
1133,1.133000,88.430656,89.654633,90.000000,-1.569338,78.090591,0.992762
1134,1.134000,88.572899,89.463402,90.000000,-1.427100,80.156731,0.995570
1135,1.135000,88.713951,89.276787,90.000000,-1.286049,81.708908,0.997668
1136,1.136000,88.853691,89.095154,90.000000,-1.146304,82.947708,0.999083
1137,1.137000,88.992020,88.918800,90.000000,-1.007979,83.964462,0.999842
1138,1.138000,89.128807,88.747993,90.000000,-0.871191,84.922180,0.999977
1139,1.139000,89.263939,88.582962,90.000000,-0.736062,85.852295,0.999521
1140,1.140000,89.397308,88.423866,90.000000,-0.602689,86.691177,0.998509
1141,1.141000,89.528816,88.270859,90.000000,-0.471181,87.249908,0.996981
1142,1.142000,89.658356,88.123993,90.000000,-0.341639,87.718826,0.994974
1143,1.143000,89.785820,87.983322,90.000000,-0.214174,88.090897,0.992529
1144,1.144000,89.911133,87.848900,90.000000,-0.088868,88.282410,0.989686
1145,1.145000,90.034164,87.720741,90.000000,0.034165,88.172943,0.986486
1146,1.146000,90.154854,87.598907,90.000000,0.154854,87.845047,0.982970
1147,1.147000,90.273087,87.483398,90.000000,0.273091,87.391785,0.979179
1148,1.148000,90.388809,87.374260,90.000000,0.388808,86.981857,0.975154
1149,1.149000,90.501915,87.271484,90.000000,0.501916,86.727554,0.970933
1150,1.150000,90.612335,87.175087,90.000000,0.612340,86.520248,0.966556
1151,1.151000,90.719994,87.085045,90.000000,0.719998,86.356857,0.962061
1152,1.152000,90.824821,87.001343,90.000000,0.824820,86.356911,0.957484
1153,1.153000,90.926735,86.923935,90.000000,0.926741,86.486023,0.952859
1154,1.154000,91.025688,86.852760,90.000000,1.025689,86.733231,0.948220
1155,1.155000,91.121613,86.787788,90.000000,1.121613,87.088448,0.943598
1156,1.156000,91.214447,86.728951,90.000000,1.214449,87.572556,0.939025
1157,1.157000,91.304131,86.676239,90.000000,1.304136,88.286957,0.934528
1158,1.158000,91.390633,86.629601,90.000000,1.390633,89.202545,0.930134
1159,1.159000,91.473877,86.589027,90.000000,1.473880,90.414909,0.925867
1160,1.160000,91.553841,86.554512,90.000000,1.553841,91.890816,0.921750
1161,1.161000,91.630470,86.526047,90.000000,1.630475,93.430580,0.917805
1162,1.162000,91.703735,86.503647,90.000000,1.703736,94.917427,0.914051
1163,1.163000,91.773590,86.487328,90.000000,1.773595,96.395264,0.910505
1164,1.164000,91.840019,86.477112,90.000000,1.840019,97.862411,0.907183
1165,1.165000,91.902985,86.473053,90.000000,1.902986,99.307220,0.904099
1166,1.166000,91.962456,86.475220,90.000000,1.962457,100.757782,0.901265
1167,1.167000,92.018425,86.483681,90.000000,2.018430,102.239929,0.898693
1168,1.168000,92.070869,86.498543,90.000000,2.070872,103.608810,0.896390
1169,1.169000,92.119774,86.519882,90.000000,2.119776,104.730911,0.894364
1170,1.170000,92.165123,86.547791,90.000000,2.165129,105.483673,0.892621
1171,1.171000,92.206924,86.582352,90.000000,2.206930,105.952423,0.891166
1172,1.172000,92.245171,86.623634,90.000000,2.245172,106.203659,0.890001
1173,1.173000,92.279861,86.671730,90.000000,2.279862,106.300789,0.889128
1174,1.174000,92.310989,86.726715,90.000000,2.310994,106.296593,0.888547
1175,1.175000,92.338585,86.788658,90.000000,2.338588,106.187172,0.888257
1176,1.176000,92.362648,86.857620,90.000000,2.362651,105.941849,0.888255
1177,1.177000,92.383194,86.933632,90.000000,2.383196,105.544388,0.888538
1178,1.178000,92.400246,87.016708,90.000000,2.400251,104.986633,0.889100
1179,1.179000,92.413834,87.106834,90.000000,2.413836,104.239998,0.889936
1180,1.180000,92.423981,87.203995,90.000000,2.423979,103.285324,0.891039
1181,1.181000,92.430710,87.308167,90.000000,2.430714,102.118179,0.892400
1182,1.182000,92.434074,87.419304,90.000000,2.434074,100.790413,0.894010
1183,1.183000,92.434090,87.537384,90.000000,2.434095,99.259811,0.895858
1184,1.184000,92.430824,87.662346,90.000000,2.430823,97.485184,0.897935
1185,1.185000,92.424301,87.794128,90.000000,2.424307,95.442284,0.900227
1186,1.186000,92.414589,87.932663,90.000000,2.414595,93.155167,0.902721
1187,1.187000,92.401741,88.077866,90.000000,2.401740,90.714874,0.905405
1188,1.188000,92.385796,88.229630,90.000000,2.385799,88.035721,0.908263
1189,1.189000,92.366837,88.387840,90.000000,2.366838,85.162216,0.911281
1190,1.190000,92.344917,88.552383,90.000000,2.344920,82.202820,0.914443
1191,1.191000,92.320107,88.723099,90.000000,2.320106,79.181351,0.917733
1192,1.192000,92.292465,88.899849,90.000000,2.292471,76.116730,0.921134
1193,1.193000,92.262085,89.082451,90.000000,2.262090,73.113243,0.924629
1194,1.194000,92.229042,89.270714,90.000000,2.229046,70.064743,0.928201
1195,1.195000,92.193413,89.464439,90.000000,2.193413,67.407654,0.931834
1196,1.196000,92.155273,89.663414,90.000000,2.155273,64.993912,0.935508
1197,1.197000,92.114708,89.867409,90.000000,2.114708,62.570320,0.939207
1198,1.198000,92.071815,90.076218,90.000000,2.071822,60.197777,0.942913
1199,1.199000,92.026695,90.289604,90.000000,2.026695,57.577599,0.946610
1200,1.200000,91.979424,90.507347,90.000000,1.979430,54.569893,0.950279
1201,1.201000,91.930107,90.729233,90.000000,1.930109,50.976341,0.953905
1202,1.202000,91.878838,90.955055,90.000000,1.878842,47.266228,0.957471
1203,1.203000,91.825722,91.184654,90.000000,1.825723,43.146862,0.960962
1204,1.204000,91.770859,91.417839,90.000000,1.770863,38.264320,0.964364
1205,1.205000,91.714363,91.654465,90.000000,1.714364,32.946342,0.967661
1206,1.206000,91.656326,91.894341,90.000000,1.656328,27.558331,0.970841
1207,1.207000,91.596863,92.137245,90.000000,1.596864,22.500481,0.973892
1208,1.208000,91.536079,92.382950,90.000000,1.536082,16.952505,0.976803
1209,1.209000,91.474098,92.631187,90.000000,1.474098,11.419896,0.979563
1210,1.210000,91.411018,92.881668,90.000000,1.411021,5.538080,0.982164
1211,1.211000,91.346962,93.134056,90.000000,1.346968,-0.444078,0.984598
1212,1.212000,91.282051,93.387993,90.000000,1.282054,-6.660908,0.986859
1213,1.213000,91.216385,93.643074,90.000000,1.216388,-12.486877,0.988941
1214,1.214000,91.150093,93.898964,90.000000,1.150095,-17.619381,0.990842
1215,1.215000,91.083282,94.155266,90.000000,1.083288,-22.408972,0.992558
1216,1.216000,91.016083,94.411613,90.000000,1.016086,-27.309296,0.994089
1217,1.217000,90.948601,94.667595,90.000000,0.948604,-32.307365,0.995435
1218,1.218000,90.880959,94.922806,90.000000,0.880965,-37.081978,0.996598
1219,1.219000,90.813278,95.176834,90.000000,0.813277,-41.925865,0.997581
1220,1.220000,90.745667,95.429276,90.000000,0.745665,-47.372929,0.998387
1221,1.221000,90.678246,95.679771,90.000000,0.678245,-52.855579,0.999022
1222,1.222000,90.611130,95.928017,90.000000,0.611131,-59.507126,0.999492
1223,1.223000,90.544434,96.173676,90.000000,0.544434,-67.292747,0.999805
1224,1.224000,90.478271,96.416443,90.000000,0.478277,-74.204758,0.999969
1225,1.225000,90.412758,96.655991,90.000000,0.412762,-80.188766,0.999993
1226,1.226000,90.348000,96.892014,90.000000,0.348005,-85.061859,0.999887
1227,1.227000,90.284111,97.124161,90.000000,0.284115,-89.024887,0.999662
1228,1.228000,90.221199,97.352074,90.000000,0.221202,-92.247643,0.999328
1229,1.229000,90.159363,97.575325,90.000000,0.159369,-94.955719,0.998898
1230,1.230000,90.098717,97.793396,90.000000,0.098717,-97.291260,0.998382
1231,1.231000,90.039345,98.005814,90.000000,0.039349,-99.177803,0.997794
1232,1.232000,89.981361,98.212166,90.000000,-0.018633,-100.807137,0.997146
1233,1.233000,89.924866,98.412125,90.000000,-0.075132,-102.181824,0.996449
1234,1.234000,89.869934,98.605446,90.000000,-0.130060,-103.384201,0.995716
1235,1.235000,89.816673,98.791931,90.000000,-0.183322,-104.441696,0.994959
1236,1.236000,89.765160,98.971436,90.000000,-0.234836,-105.372620,0.994190
1237,1.237000,89.715485,99.143822,90.000000,-0.284512,-106.212250,0.993420
1238,1.238000,89.667725,99.309006,90.000000,-0.332275,-106.958191,0.992661
1239,1.239000,89.621956,99.466904,90.000000,-0.378044,-107.546814,0.991922
1240,1.240000,89.578255,99.617462,90.000000,-0.421744,-108.009583,0.991214
1241,1.241000,89.536682,99.760628,90.000000,-0.463312,-108.328094,0.990545
1242,1.242000,89.497330,99.896355,90.000000,-0.502668,-108.537224,0.989926
1243,1.243000,89.460243,100.024612,90.000000,-0.539756,-108.646790,0.989362
1244,1.244000,89.425476,100.145363,90.000000,-0.574521,-108.627228,0.988862
1245,1.245000,89.393105,100.258575,90.000000,-0.606896,-108.484840,0.988432
1246,1.246000,89.363167,100.364258,90.000000,-0.636833,-108.274460,0.988077
1247,1.247000,89.335724,100.462372,90.000000,-0.664277,-107.997185,0.987801
1248,1.248000,89.310806,100.552940,90.000000,-0.689193,-107.606430,0.987608
1249,1.249000,89.288460,100.635963,90.000000,-0.711535,-107.116348,0.987501
1250,1.250000,89.268738,100.711456,90.000000,-0.731260,-106.558807,0.987480
1251,1.251000,89.251663,100.779442,90.000000,-0.748336,-105.970322,0.987546
1252,1.252000,89.237267,100.839958,90.000000,-0.762734,-105.321564,0.987700
1253,1.253000,89.225578,100.893044,90.000000,-0.774420,-104.725502,0.987938
1254,1.254000,89.216614,100.938721,90.000000,-0.783382,-104.145729,0.988259
1255,1.255000,89.210403,100.977058,90.000000,-0.789590,-103.606461,0.988660
1256,1.256000,89.206955,101.008110,90.000000,-0.793040,-103.139931,0.989134
1257,1.257000,89.206299,101.031921,90.000000,-0.793702,-102.745483,0.989678
1258,1.258000,89.208420,101.048561,90.000000,-0.791578,-102.284462,0.990285
1259,1.259000,89.213341,101.058090,90.000000,-0.786660,-101.740845,0.990946
1260,1.260000,89.221046,101.060585,90.000000,-0.778949,-101.138260,0.991654
1261,1.261000,89.231544,101.056091,90.000000,-0.768451,-100.462677,0.992400
1262,1.262000,89.244835,101.044662,90.000000,-0.755159,-99.670395,0.993173
1263,1.263000,89.260910,101.026360,90.000000,-0.739088,-98.695862,0.993962
1264,1.264000,89.279747,101.001236,90.000000,-0.720250,-97.540909,0.994756
1265,1.265000,89.301331,100.969315,90.000000,-0.698667,-96.240120,0.995542
1266,1.266000,89.325645,100.930664,90.000000,-0.674351,-94.837418,0.996308
1267,1.267000,89.352669,100.885345,90.000000,-0.647331,-93.357819,0.997040
1268,1.268000,89.382370,100.833412,90.000000,-0.617627,-91.844223,0.997724
1269,1.269000,89.414734,100.774948,90.000000,-0.585265,-90.579437,0.998346
1270,1.270000,89.449699,100.710030,90.000000,-0.550295,-89.236336,0.998890
1271,1.271000,89.487259,100.638748,90.000000,-0.512735,-87.659897,0.999343
1272,1.272000,89.527359,100.561218,90.000000,-0.472642,-85.711296,0.999689
1273,1.273000,89.569954,100.477554,90.000000,-0.430042,-83.309692,0.999913
1274,1.274000,89.615005,100.387871,90.000000,-0.384990,-80.683136,0.999999
1275,1.275000,89.662460,100.292290,90.000000,-0.337534,-77.768044,0.999934
1276,1.276000,89.712273,100.190926,90.000000,-0.287722,-74.622635,0.999703
1277,1.277000,89.764381,100.083878,90.000000,-0.235614,-71.256866,0.999291
1278,1.278000,89.818733,99.971268,90.000000,-0.181266,-67.713242,0.998686
1279,1.279000,89.875259,99.853241,90.000000,-0.124740,-63.984104,0.997873
1280,1.280000,89.933899,99.729973,90.000000,-0.066096,-60.075947,0.996841
1281,1.281000,89.994591,99.601662,90.000000,-0.005410,-56.875965,0.995578
1282,1.282000,90.057259,99.468506,90.000000,0.057264,-53.873138,0.994074
1283,1.283000,90.121841,99.330750,90.000000,0.121844,-50.888741,0.992319
1284,1.284000,90.188255,99.188652,90.000000,0.188260,-47.830914,0.990304
1285,1.285000,90.256439,99.042442,90.000000,0.256439,-44.731384,0.988023
1286,1.286000,90.326294,98.892403,90.000000,0.326299,-41.634193,0.985470
1287,1.287000,90.397751,98.738808,90.000000,0.397756,-38.433880,0.982639
1288,1.288000,90.470741,98.581902,90.000000,0.470743,-35.217957,0.979528
1289,1.289000,90.545158,98.421898,90.000000,0.545158,-32.080509,0.976135
1290,1.290000,90.620926,98.259010,90.000000,0.620926,-29.271381,0.972458
1291,1.291000,90.697960,98.093430,90.000000,0.697963,-26.360081,0.968500
1292,1.292000,90.776169,97.925385,90.000000,0.776169,-23.376747,0.964263
1293,1.293000,90.855469,97.755089,90.000000,0.855467,-20.315502,0.959750
1294,1.294000,90.935760,97.582764,90.000000,0.935763,-17.110077,0.954967
1295,1.295000,91.016953,97.408630,90.000000,1.016954,-13.518405,0.949921
1296,1.296000,91.098961,97.232895,90.000000,1.098964,-9.784675,0.944620
1297,1.297000,91.181686,97.055763,90.000000,1.181691,-5.849889,0.939074
1298,1.298000,91.265038,96.877441,90.000000,1.265040,-1.716100,0.933294
1299,1.299000,91.348915,96.698120,90.000000,1.348915,2.474094,0.927293
1300,1.300000,91.433228,96.518005,90.000000,1.433226,6.901967,0.921082
1301,1.301000,91.517860,96.337318,90.000000,1.517866,11.672112,0.914677
1302,1.302000,91.602753,96.156296,90.000000,1.602752,16.274485,0.908093
1303,1.303000,91.687775,95.975204,90.000000,1.687781,20.727329,0.901346
1304,1.304000,91.772858,95.794296,90.000000,1.772857,25.234968,0.894454
1305,1.305000,91.857880,95.613861,90.000000,1.857880,29.565628,0.887433
1306,1.306000,91.942757,95.434181,90.000000,1.942758,33.289059,0.880302
1307,1.307000,92.027390,95.255554,90.000000,2.027391,36.595150,0.873079
1308,1.308000,92.111679,95.078308,90.000000,2.111683,39.522057,0.865784
1309,1.309000,92.195541,94.902748,90.000000,2.195544,42.369392,0.858436
1310,1.310000,92.278877,94.729179,90.000000,2.278879,45.311935,0.851052
1311,1.311000,92.361588,94.557907,90.000000,2.361593,48.386757,0.843654
1312,1.312000,92.443588,94.389206,90.000000,2.443589,50.631557,0.836260
1313,1.313000,92.524780,94.223351,90.000000,2.524779,52.558701,0.828888
1314,1.314000,92.605072,94.060532,90.000000,2.605075,54.161476,0.821558
1315,1.315000,92.684395,93.900948,90.000000,2.684394,55.377579,0.814288
1316,1.316000,92.762642,93.744774,90.000000,2.762641,56.190819,0.807095
1317,1.317000,92.839722,93.592186,90.000000,2.839726,56.606758,0.799998
1318,1.318000,92.915581,93.443375,90.000000,2.915582,56.769814,0.793012
1319,1.319000,92.990112,93.298485,90.000000,2.990113,56.756401,0.786155
1320,1.320000,93.063240,93.157639,90.000000,3.063244,56.640045,0.779442
1321,1.321000,93.134895,93.020920,90.000000,3.134900,56.466549,0.772887
1322,1.322000,93.205002,92.888405,90.000000,3.205005,56.244198,0.766506
1323,1.323000,93.273476,92.760117,90.000000,3.273477,55.965843,0.760313
1324,1.324000,93.340256,92.636078,90.000000,3.340256,55.603432,0.754319
1325,1.325000,93.405266,92.516273,90.000000,3.405266,55.193230,0.748538
1326,1.326000,93.468437,92.400681,90.000000,3.468438,54.786972,0.742982
1327,1.327000,93.529709,92.289268,90.000000,3.529712,54.348606,0.737660
1328,1.328000,93.589020,92.182014,90.000000,3.589025,53.753326,0.732585
1329,1.329000,93.646309,92.078873,90.000000,3.646310,53.103157,0.727764
1330,1.330000,93.701515,91.979820,90.000000,3.701518,52.478790,0.723208
1331,1.331000,93.754593,91.884819,90.000000,3.754596,51.833267,0.718924
1332,1.332000,93.805473,91.793808,90.000000,3.805474,51.310265,0.714920
1333,1.333000,93.854111,91.706764,90.000000,3.854112,51.054920,0.711203
1334,1.334000,93.900452,91.623642,90.000000,3.900455,50.949005,0.707781
1335,1.335000,93.944458,91.544388,90.000000,3.944461,51.028885,0.704658
1336,1.336000,93.986084,91.468933,90.000000,3.986084,51.303741,0.701840
1337,1.337000,94.025284,91.397232,90.000000,4.025283,51.766869,0.699333
1338,1.338000,94.062012,91.329231,90.000000,4.062016,52.350689,0.697140
1339,1.339000,94.096237,91.264877,90.000000,4.096242,52.996422,0.695265
1340,1.340000,94.127930,91.204140,90.000000,4.127934,53.727650,0.693712
1341,1.341000,94.157043,91.146988,90.000000,4.157044,54.600090,0.692484
1342,1.342000,94.183548,91.093437,90.000000,4.183552,55.618717,0.691583
1343,1.343000,94.207428,91.043480,90.000000,4.207430,56.725441,0.691011
1344,1.344000,94.228638,90.997147,90.000000,4.228638,58.213387,0.690770
1345,1.345000,94.247169,90.954460,90.000000,4.247169,59.846176,0.690860
1346,1.346000,94.262985,90.915466,90.000000,4.262987,61.609756,0.691283
1347,1.347000,94.276077,90.880203,90.000000,4.276081,63.859970,0.692038
1348,1.348000,94.286423,90.848717,90.000000,4.286428,66.376862,0.693125
1349,1.349000,94.294014,90.821060,90.000000,4.294017,69.198822,0.694544
1350,1.350000,94.298828,90.797310,90.000000,4.298832,72.469376,0.696292
1351,1.351000,94.300858,90.777550,90.000000,4.300860,76.098305,0.698368
1352,1.352000,94.300102,90.761871,90.000000,4.300102,79.987045,0.700770
1353,1.353000,94.296539,90.750397,90.000000,4.296544,83.852936,0.703494
1354,1.354000,94.290184,90.743256,90.000000,4.290185,87.342247,0.706537
1355,1.355000,94.281029,90.740608,90.000000,4.281033,90.325806,0.709894
1356,1.356000,94.269073,90.742645,90.000000,4.269073,92.509369,0.713561
1357,1.357000,94.254326,90.749573,90.000000,4.254326,93.908363,0.717531
1358,1.358000,94.236794,90.761612,90.000000,4.236794,94.596176,0.721799
1359,1.359000,94.216484,90.779030,90.000000,4.216487,94.740814,0.726356
1360,1.360000,94.193420,90.802078,90.000000,4.193422,94.412369,0.731196
1361,1.361000,94.167610,90.830994,90.000000,4.167611,93.799469,0.736309
1362,1.362000,94.139076,90.865967,90.000000,4.139081,92.956314,0.741686
1363,1.363000,94.107841,90.907120,90.000000,4.107846,92.016296,0.747316
1364,1.364000,94.073929,90.954552,90.000000,4.073935,90.996346,0.753188
1365,1.365000,94.037376,91.008270,90.000000,4.037379,89.794434,0.759290
1366,1.366000,93.998215,91.068268,90.000000,3.998215,88.438034,0.765609
1367,1.367000,93.956467,91.134476,90.000000,3.956469,86.915680,0.772132
1368,1.368000,93.912193,91.206841,90.000000,3.912195,85.202072,0.778843
1369,1.369000,93.865417,91.285255,90.000000,3.865422,83.286774,0.785727
1370,1.370000,93.816193,91.369644,90.000000,3.816197,81.162369,0.792769
1371,1.371000,93.764572,91.459900,90.000000,3.764575,78.833832,0.799951
1372,1.372000,93.710602,91.555923,90.000000,3.710603,76.271561,0.807256
1373,1.373000,93.654335,91.657600,90.000000,3.654335,73.559204,0.814666
1374,1.374000,93.595825,91.764801,90.000000,3.595828,70.641998,0.822160
1375,1.375000,93.535149,91.877403,90.000000,3.535149,67.700096,0.829721
1376,1.376000,93.472351,91.995262,90.000000,3.472352,65.050491,0.837328
1377,1.377000,93.407509,92.118195,90.000000,3.407513,62.477982,0.844961
1378,1.378000,93.340683,92.246040,90.000000,3.340686,60.042076,0.852599
1379,1.379000,93.271950,92.378609,90.000000,3.271954,57.608418,0.860221
1380,1.380000,93.201385,92.515701,90.000000,3.201385,55.174419,0.867806
1381,1.381000,93.129051,92.657104,90.000000,3.129053,52.815567,0.875334
1382,1.382000,93.055038,92.802597,90.000000,3.055041,50.663887,0.882784
1383,1.383000,92.979424,92.951988,90.000000,2.979424,48.475693,0.890134
1384,1.384000,92.902283,93.105080,90.000000,2.902284,46.267464,0.897365
1385,1.385000,92.823700,93.261703,90.000000,2.823703,44.080246,0.904456
1386,1.386000,92.743774,93.421692,90.000000,2.743776,41.915012,0.911389
1387,1.387000,92.662575,93.584869,90.000000,2.662578,39.820705,0.918144
1388,1.388000,92.580200,93.751060,90.000000,2.580206,37.771942,0.924704
1389,1.389000,92.496742,93.920128,90.000000,2.496748,35.773361,0.931052
1390,1.390000,92.412292,94.091904,90.000000,2.412293,33.790638,0.937172
1391,1.391000,92.326935,94.266243,90.000000,2.326936,31.518602,0.943049
1392,1.392000,92.240768,94.442993,90.000000,2.240773,29.045815,0.948670
1393,1.393000,92.153900,94.622002,90.000000,2.153900,26.389481,0.954022
1394,1.394000,92.066406,94.803116,90.000000,2.066405,23.132193,0.959096
1395,1.395000,91.978394,94.986198,90.000000,1.978398,18.926573,0.963881
1396,1.396000,91.889969,95.171120,90.000000,1.889975,13.977356,0.968370
1397,1.397000,91.801231,95.357727,90.000000,1.801230,8.678881,0.972557
1398,1.398000,91.712265,95.545876,90.000000,1.712267,3.122643,0.976438
1399,1.399000,91.623177,95.735397,90.000000,1.623181,-2.330301,0.980009
1400,1.400000,91.534081,95.926109,90.000000,1.534081,-7.510225,0.983270
1401,1.401000,91.445061,96.117783,90.000000,1.445063,-12.736172,0.986222
1402,1.402000,91.356224,96.310158,90.000000,1.356230,-17.830990,0.988866
1403,1.403000,91.267685,96.502876,90.000000,1.267690,-22.643646,0.991207
1404,1.404000,91.179535,96.695580,90.000000,1.179539,-27.341442,0.993250
1405,1.405000,91.091881,96.887871,90.000000,1.091881,-32.037437,0.995002
1406,1.406000,91.004814,97.079376,90.000000,1.004816,-36.444954,0.996471
1407,1.407000,90.918449,97.269737,90.000000,0.918449,-40.774117,0.997668
1408,1.408000,90.832878,97.458588,90.000000,0.832880,-45.753738,0.998603
1409,1.409000,90.748207,97.645599,90.000000,0.748206,-51.055794,0.999288
1410,1.410000,90.664520,97.830437,90.000000,0.664523,-56.779449,0.999737
1411,1.411000,90.581940,98.012810,90.000000,0.581939,-63.126217,0.999964
1412,1.412000,90.500542,98.192383,90.000000,0.500544,-69.216705,0.999984
1413,1.413000,90.420425,98.368881,90.000000,0.420425,-75.137650,0.999813
1414,1.414000,90.341690,98.542038,90.000000,0.341694,-80.512573,0.999466
1415,1.415000,90.264420,98.711517,90.000000,0.264424,-85.202965,0.998960
1416,1.416000,90.188713,98.876991,90.000000,0.188718,-88.974701,0.998313
1417,1.417000,90.114647,99.038071,90.000000,0.114652,-92.213547,0.997542
1418,1.418000,90.042328,99.194351,90.000000,0.042327,-94.976456,0.996663
1419,1.419000,89.971809,99.345421,90.000000,-0.028188,-97.301880,0.995693
1420,1.420000,89.903183,99.490883,90.000000,-0.096811,-99.221451,0.994650
1421,1.421000,89.836548,99.630386,90.000000,-0.163453,-100.705154,0.993550
1422,1.422000,89.771942,99.763618,90.000000,-0.228053,-101.815620,0.992410
1423,1.423000,89.709465,99.890335,90.000000,-0.290529,-102.549110,0.991244
1424,1.424000,89.649185,100.010353,90.000000,-0.350812,-102.991554,0.990069
1425,1.425000,89.591156,100.123505,90.000000,-0.408841,-103.190948,0.988898
1426,1.426000,89.535439,100.229675,90.000000,-0.464555,-103.209671,0.987746
1427,1.427000,89.482101,100.328743,90.000000,-0.517899,-103.119965,0.986625
1428,1.428000,89.431190,100.420670,90.000000,-0.568804,-102.856392,0.985548
1429,1.429000,89.382774,100.505379,90.000000,-0.617224,-102.483475,0.984527
1430,1.430000,89.336884,100.582870,90.000000,-0.663116,-101.995468,0.983570
1431,1.431000,89.293564,100.653137,90.000000,-0.706433,-101.366043,0.982688
1432,1.432000,89.252869,100.716194,90.000000,-0.747127,-100.765869,0.981889
1433,1.433000,89.214836,100.772079,90.000000,-0.785164,-100.340591,0.981181
1434,1.434000,89.179489,100.820816,90.000000,-0.820511,-99.877670,0.980569
1435,1.435000,89.146858,100.862442,90.000000,-0.853138,-99.408379,0.980060
1436,1.436000,89.116974,100.897026,90.000000,-0.883020,-98.904190,0.979657
1437,1.437000,89.089867,100.924614,90.000000,-0.910129,-98.339401,0.979364
1438,1.438000,89.065544,100.945267,90.000000,-0.934452,-97.688263,0.979183
1439,1.439000,89.044037,100.959053,90.000000,-0.955960,-96.975624,0.979115
1440,1.440000,89.025352,100.966034,90.000000,-0.974647,-96.215164,0.979160
1441,1.441000,89.009491,100.966255,90.000000,-0.990507,-95.449097,0.979318
1442,1.442000,88.996468,100.959763,90.000000,-1.003532,-94.667847,0.979585
1443,1.443000,88.986275,100.946609,90.000000,-1.013723,-93.786896,0.979960
1444,1.444000,88.978928,100.926857,90.000000,-1.021072,-92.648956,0.980438
1445,1.445000,88.974411,100.900566,90.000000,-1.025587,-91.342834,0.981015
1446,1.446000,88.972717,100.867805,90.000000,-1.027281,-90.008148,0.981684
1447,1.447000,88.973839,100.828636,90.000000,-1.026161,-88.717918,0.982440
1448,1.448000,88.977760,100.783134,90.000000,-1.022240,-87.437096,0.983274
1449,1.449000,88.984459,100.731377,90.000000,-1.015540,-86.056526,0.984179
1450,1.450000,88.993919,100.673439,90.000000,-1.006080,-84.544724,0.985145
1451,1.451000,89.006119,100.609406,90.000000,-0.993881,-82.758949,0.986163
1452,1.452000,89.021011,100.539383,90.000000,-0.978985,-80.833908,0.987223
1453,1.453000,89.038597,100.463493,90.000000,-0.961404,-78.800690,0.988314
1454,1.454000,89.058815,100.381828,90.000000,-0.941186,-76.489342,0.989423
1455,1.455000,89.081635,100.294502,90.000000,-0.918360,-73.890427,0.990541
1456,1.456000,89.107033,100.201630,90.000000,-0.892965,-71.304527,0.991653
1457,1.457000,89.134941,100.103317,90.000000,-0.865057,-68.504715,0.992748
1458,1.458000,89.165329,99.999702,90.000000,-0.834670,-65.531067,0.993813
1459,1.459000,89.198151,99.890938,90.000000,-0.801850,-62.378811,0.994835
1460,1.460000,89.233337,99.777168,90.000000,-0.766661,-59.159901,0.995802
1461,1.461000,89.270851,99.658577,90.000000,-0.729143,-56.439297,0.996699
1462,1.462000,89.310631,99.535347,90.000000,-0.689364,-53.833282,0.997514
1463,1.463000,89.352615,99.407677,90.000000,-0.647379,-51.289337,0.998235
1464,1.464000,89.396751,99.275764,90.000000,-0.603249,-48.675858,0.998849
1465,1.465000,89.442955,99.139832,90.000000,-0.557043,-46.031666,0.999344
1466,1.466000,89.491173,99.000099,90.000000,-0.508822,-43.352070,0.999708
1467,1.467000,89.541344,98.856796,90.000000,-0.458654,-40.545788,0.999930
1468,1.468000,89.593384,98.710152,90.000000,-0.406615,-37.663193,1.000000
1469,1.469000,89.647232,98.560318,90.000000,-0.352766,-34.769894,0.999907
1470,1.470000,89.702805,98.407509,90.000000,-0.297195,-31.883968,0.999643
1471,1.471000,89.760025,98.251884,90.000000,-0.239972,-29.120535,0.999199
1472,1.472000,89.818825,98.093628,90.000000,-0.181171,-26.471035,0.998567
1473,1.473000,89.879128,97.932938,90.000000,-0.120874,-23.810673,0.997742
1474,1.474000,89.940842,97.770012,90.000000,-0.059156,-21.157406,0.996717
1475,1.475000,90.003883,97.605034,90.000000,0.003886,-18.349262,0.995488
1476,1.476000,90.068184,97.438225,90.000000,0.068186,-15.222170,0.994052
1477,1.477000,90.133652,97.269775,90.000000,0.133653,-11.924419,0.992406
1478,1.478000,90.200195,97.099884,90.000000,0.200200,-8.664508,0.990550
1479,1.479000,90.267746,96.928726,90.000000,0.267750,-5.181107,0.988482
1480,1.480000,90.336197,96.756493,90.000000,0.336202,-1.408609,0.986204
1481,1.481000,90.405472,96.583366,90.000000,0.405474,2.583037,0.983719
1482,1.482000,90.475479,96.409531,90.000000,0.475484,6.869693,0.981029
1483,1.483000,90.546143,96.235199,90.000000,0.546142,11.418985,0.978139
1484,1.484000,90.617348,96.060600,90.000000,0.617347,15.674902,0.975055
1485,1.485000,90.689018,95.885948,90.000000,0.689023,19.904919,0.971783
1486,1.486000,90.761078,95.711487,90.000000,0.761081,24.083694,0.968330
1487,1.487000,90.833420,95.537476,90.000000,0.833420,28.101414,0.964706
1488,1.488000,90.905952,95.364182,90.000000,0.905956,31.669668,0.960920
1489,1.489000,90.978600,95.191887,90.000000,0.978602,34.730030,0.956981
1490,1.490000,91.051270,95.020912,90.000000,1.051268,37.432198,0.952901
1491,1.491000,91.123863,94.851540,90.000000,1.123867,39.880333,0.948692
1492,1.492000,91.196304,94.684067,90.000000,1.196308,42.200748,0.944365
1493,1.493000,91.268501,94.518768,90.000000,1.268503,44.408550,0.939934
1494,1.494000,91.340363,94.355911,90.000000,1.340363,46.594658,0.935412
1495,1.495000,91.411812,94.195732,90.000000,1.411814,48.102669,0.930812
1496,1.496000,91.482758,94.038445,90.000000,1.482759,49.282616,0.926148
1497,1.497000,91.553123,93.884209,90.000000,1.553123,50.245419,0.921435
1498,1.498000,91.622818,93.733177,90.000000,1.622819,50.920792,0.916686
1499,1.499000,91.691772,93.585495,90.000000,1.691776,51.286293,0.911917
1500,1.500000,91.759895,93.441299,90.000000,1.759901,51.413055,0.907140
1501,1.501000,91.827126,93.300713,90.000000,1.827130,51.413807,0.902372
1502,1.502000,91.893379,93.163834,90.000000,1.893383,51.366409,0.897626
1503,1.503000,91.958580,93.030716,90.000000,1.958584,51.267662,0.892915
1504,1.504000,92.022659,92.901428,90.000000,2.022658,51.110245,0.888255
1505,1.505000,92.085541,92.775986,90.000000,2.085543,50.836979,0.883658
1506,1.506000,92.147163,92.654404,90.000000,2.147166,50.455879,0.879137
1507,1.507000,92.207458,92.536667,90.000000,2.207462,49.997360,0.874706
1508,1.508000,92.266365,92.422768,90.000000,2.266366,49.450546,0.870378
1509,1.509000,92.323807,92.312675,90.000000,2.323808,48.876602,0.866163
1510,1.510000,92.379738,92.206375,90.000000,2.379740,48.314743,0.862075
1511,1.511000,92.434090,92.103836,90.000000,2.434095,47.693985,0.858123
1512,1.512000,92.486816,92.005020,90.000000,2.486817,47.092880,0.854320
1513,1.513000,92.537849,91.909904,90.000000,2.537852,46.555283,0.850674
1514,1.514000,92.587151,91.818443,90.000000,2.587152,46.066566,0.847197
1515,1.515000,92.634644,91.730568,90.000000,2.634650,45.722916,0.843896
1516,1.516000,92.680313,91.646248,90.000000,2.680316,45.564098,0.840781
1517,1.517000,92.724091,91.565430,90.000000,2.724091,45.554779,0.837860
1518,1.518000,92.765930,91.488052,90.000000,2.765933,45.700832,0.835141
1519,1.519000,92.805794,91.414062,90.000000,2.805794,46.051216,0.832630
1520,1.520000,92.843636,91.343422,90.000000,2.843640,46.497505,0.830334
1521,1.521000,92.879425,91.276077,90.000000,2.879430,47.034439,0.828259
1522,1.522000,92.913124,91.211990,90.000000,2.913123,47.614502,0.826411
1523,1.523000,92.944687,91.151161,90.000000,2.944686,48.288094,0.824793
1524,1.524000,92.974083,91.093559,90.000000,2.974083,49.021908,0.823412
1525,1.525000,93.001282,91.039185,90.000000,3.001287,49.858517,0.822269
1526,1.526000,93.026260,90.988068,90.000000,3.026265,50.828514,0.821369
1527,1.527000,93.048988,90.940224,90.000000,3.048990,51.971947,0.820714
1528,1.528000,93.069435,90.895676,90.000000,3.069439,53.334644,0.820306
1529,1.529000,93.087578,90.854462,90.000000,3.087580,54.792213,0.820147
1530,1.530000,93.103401,90.816620,90.000000,3.103405,56.413994,0.820237
1531,1.531000,93.116882,90.782196,90.000000,3.116882,58.269531,0.820577
1532,1.532000,93.127991,90.751228,90.000000,3.127994,60.360554,0.821166
1533,1.533000,93.136734,90.723778,90.000000,3.136737,62.913509,0.822004
1534,1.534000,93.143089,90.699905,90.000000,3.143089,66.091141,0.823089
1535,1.535000,93.147041,90.679695,90.000000,3.147044,69.504333,0.824419
1536,1.536000,93.148582,90.663246,90.000000,3.148587,73.270432,0.825992
1537,1.537000,93.147713,90.650642,90.000000,3.147713,77.207260,0.827804
1538,1.538000,93.144417,90.642014,90.000000,3.144421,81.023643,0.829850
1539,1.539000,93.138702,90.637482,90.000000,3.138704,84.297073,0.832127
1540,1.540000,93.130569,90.637207,90.000000,3.130569,86.743202,0.834628
1541,1.541000,93.120010,90.641396,90.000000,3.120017,88.394821,0.837348
1542,1.542000,93.107048,90.650269,90.000000,3.107053,89.331161,0.840281
1543,1.543000,93.091675,90.664078,90.000000,3.091678,89.653229,0.843417
1544,1.544000,93.073914,90.683067,90.000000,3.073913,89.509895,0.846751
1545,1.545000,93.053764,90.707520,90.000000,3.053771,89.015770,0.850271
1546,1.546000,93.031258,90.737625,90.000000,3.031258,88.330231,0.853970
1547,1.547000,93.006393,90.773552,90.000000,3.006396,87.488411,0.857837
1548,1.548000,92.979218,90.815407,90.000000,2.979219,86.562370,0.861861
1549,1.549000,92.949738,90.863220,90.000000,2.949740,85.514511,0.866030
1550,1.550000,92.917984,90.916992,90.000000,2.917986,84.276123,0.870333
1551,1.551000,92.883995,90.976685,90.000000,2.883999,82.917137,0.874757
1552,1.552000,92.847794,91.042236,90.000000,2.847799,81.476822,0.879290
1553,1.553000,92.809441,91.113571,90.000000,2.809441,79.954948,0.883916
1554,1.554000,92.768944,91.190598,90.000000,2.768945,78.332932,0.888624
1555,1.555000,92.726364,91.273232,90.000000,2.726366,76.586021,0.893397
1556,1.556000,92.681747,91.361374,90.000000,2.681751,74.619431,0.898221
1557,1.557000,92.635132,91.454933,90.000000,2.635135,72.400253,0.903081
1558,1.558000,92.586586,91.553787,90.000000,2.586586,69.939461,0.907963
1559,1.559000,92.536140,91.657822,90.000000,2.536145,67.509369,0.912849
1560,1.560000,92.483871,91.766914,90.000000,2.483873,65.091721,0.917726
1561,1.561000,92.429825,91.880943,90.000000,2.429826,62.539612,0.922577
1562,1.562000,92.374069,91.999771,90.000000,2.374071,60.023884,0.927387
1563,1.563000,92.316658,92.123260,90.000000,2.316664,57.433170,0.932140
1564,1.564000,92.257675,92.251228,90.000000,2.257678,54.830891,0.936821
1565,1.565000,92.197174,92.383514,90.000000,2.197176,52.407009,0.941416
1566,1.566000,92.135223,92.519928,90.000000,2.135226,49.993816,0.945911
1567,1.567000,92.071907,92.660294,90.000000,2.071910,47.613903,0.950290
1568,1.568000,92.007286,92.804428,90.000000,2.007290,45.261642,0.954542
1569,1.569000,91.941452,92.952141,90.000000,1.941454,42.941353,0.958652
1570,1.570000,91.874458,93.103256,90.000000,1.874463,40.699791,0.962610
1571,1.571000,91.806412,93.257584,90.000000,1.806414,38.484463,0.966403
1572,1.572000,91.737373,93.414948,90.000000,1.737375,36.328548,0.970022
1573,1.573000,91.667435,93.575180,90.000000,1.667440,34.203995,0.973457
1574,1.574000,91.596680,93.738106,90.000000,1.596680,32.112892,0.976700
1575,1.575000,91.525185,93.903572,90.000000,1.525188,30.133766,0.979743
1576,1.576000,91.453049,94.071404,90.000000,1.453048,27.792532,0.982580
1577,1.577000,91.380348,94.241455,90.000000,1.380347,24.466740,0.985206
1578,1.578000,91.307175,94.413574,90.000000,1.307175,20.314114,0.987617
1579,1.579000,91.233612,94.587601,90.000000,1.233614,15.469501,0.989810
1580,1.580000,91.159767,94.763390,90.000000,1.159766,10.181701,0.991783
1581,1.581000,91.085709,94.940811,90.000000,1.085713,4.678104,0.993536
1582,1.582000,91.011551,95.119713,90.000000,1.011551,-0.730008,0.995070
1583,1.583000,90.937363,95.299950,90.000000,0.937368,-5.645532,0.996388
1584,1.584000,90.863258,95.481293,90.000000,0.863261,-10.322533,0.997492
1585,1.585000,90.789314,95.663475,90.000000,0.789317,-14.808813,0.998386
1586,1.586000,90.715630,95.846161,90.000000,0.715633,-19.169413,0.999077
1587,1.587000,90.642303,96.028976,90.000000,0.642304,-23.316177,0.999570
1588,1.588000,90.569420,96.211540,90.000000,0.569419,-27.460072,0.999874
1589,1.589000,90.497070,96.393471,90.000000,0.497074,-31.624599,0.999996
1590,1.590000,90.425362,96.574432,90.000000,0.425364,-35.654140,0.999947
1591,1.591000,90.354370,96.754082,90.000000,0.354371,-39.832161,0.999737
1592,1.592000,90.284195,96.932152,90.000000,0.284197,-44.355415,0.999375
1593,1.593000,90.214920,97.108330,90.000000,0.214926,-48.878292,0.998874
1594,1.594000,90.146645,97.282349,90.000000,0.146644,-53.857597,0.998246
1595,1.595000,90.079445,97.453957,90.000000,0.079449,-59.394611,0.997504
1596,1.596000,90.013420,97.622856,90.000000,0.013421,-64.858871,0.996659
1597,1.597000,89.948647,97.788803,90.000000,-0.051349,-70.311996,0.995725
1598,1.598000,89.885208,97.951523,90.000000,-0.114788,-75.424103,0.994716
1599,1.599000,89.823196,98.110733,90.000000,-0.176799,-79.938126,0.993644
1600,1.600000,89.762680,98.266121,90.000000,-0.237315,-83.886780,0.992523
1601,1.601000,89.703751,98.417389,90.000000,-0.296246,-87.329224,0.991367
1602,1.602000,89.646477,98.564163,90.000000,-0.353524,-90.203354,0.990187
1603,1.603000,89.590927,98.706070,90.000000,-0.409074,-92.614044,0.988997
1604,1.604000,89.537178,98.842766,90.000000,-0.462820,-94.579498,0.987810
1605,1.605000,89.485306,98.973900,90.000000,-0.514689,-96.141258,0.986636
1606,1.606000,89.435364,99.099182,90.000000,-0.564631,-97.287247,0.985488
1607,1.607000,89.387428,99.218361,90.000000,-0.612565,-97.990265,0.984376
1608,1.608000,89.341560,99.331207,90.000000,-0.658437,-98.380714,0.983310
1609,1.609000,89.297806,99.437576,90.000000,-0.702191,-98.516113,0.982301
1610,1.610000,89.256233,99.537308,90.000000,-0.743767,-98.515198,0.981358
1611,1.611000,89.216881,99.630302,90.000000,-0.783115,-98.390732,0.980487
1612,1.612000,89.179802,99.716484,90.000000,-0.820196,-98.265976,0.979697
1613,1.613000,89.145042,99.795807,90.000000,-0.854955,-98.060974,0.978995
1614,1.614000,89.112648,99.868248,90.000000,-0.887351,-97.804703,0.978386
1615,1.615000,89.082649,99.933807,90.000000,-0.917349,-97.607597,0.977875
1616,1.616000,89.055084,99.992516,90.000000,-0.944916,-97.356964,0.977466
1617,1.617000,89.029991,100.044388,90.000000,-0.970010,-97.053169,0.977163
1618,1.618000,89.007378,100.089462,90.000000,-0.992618,-96.684708,0.976967
1619,1.619000,88.987289,100.127785,90.000000,-1.012705,-96.214478,0.976880
1620,1.620000,88.969742,100.159386,90.000000,-1.030259,-95.687027,0.976902
1621,1.621000,88.954750,100.184303,90.000000,-1.045251,-95.051270,0.977034
1622,1.622000,88.942322,100.202568,90.000000,-1.057675,-94.285355,0.977274
1623,1.623000,88.932487,100.214233,90.000000,-1.067511,-93.440987,0.977619
1624,1.624000,88.925232,100.219322,90.000000,-1.074764,-92.572647,0.978067
1625,1.625000,88.920586,100.217880,90.000000,-1.079416,-91.628479,0.978614
1626,1.626000,88.918518,100.209969,90.000000,-1.081478,-90.622192,0.979255
1627,1.627000,88.919060,100.195633,90.000000,-1.080939,-89.503952,0.979985
1628,1.628000,88.922180,100.174934,90.000000,-1.077817,-88.151733,0.980798
1629,1.629000,88.927887,100.147949,90.000000,-1.072114,-86.868843,0.981686
1630,1.630000,88.936157,100.114746,90.000000,-1.063843,-85.623055,0.982642
1631,1.631000,88.946983,100.075409,90.000000,-1.053017,-84.432755,0.983657
1632,1.632000,88.960342,100.030014,90.000000,-1.039657,-83.161392,0.984723
1633,1.633000,88.976204,99.978653,90.000000,-1.023791,-81.659294,0.985829
1634,1.634000,88.994576,99.921417,90.000000,-1.005424,-79.903015,0.986967
1635,1.635000,89.015388,99.858406,90.000000,-0.984606,-78.227631,0.988125
1636,1.636000,89.038643,99.789734,90.000000,-0.961356,-76.252228,0.989292
1637,1.637000,89.064293,99.715508,90.000000,-0.935702,-74.016907,0.990457
1638,1.638000,89.092308,99.635811,90.000000,-0.907691,-71.597038,0.991608
1639,1.639000,89.122643,99.550751,90.000000,-0.877358,-69.132980,0.992733
1640,1.640000,89.155243,99.460449,90.000000,-0.844751,-66.522049,0.993821
1641,1.641000,89.190094,99.365036,90.000000,-0.809903,-63.642456,0.994858
1642,1.642000,89.227135,99.264633,90.000000,-0.772863,-60.601585,0.995834
1643,1.643000,89.266304,99.159393,90.000000,-0.733692,-57.597584,0.996735
1644,1.644000,89.307556,99.049492,90.000000,-0.692438,-55.063042,0.997551
1645,1.645000,89.350853,98.935097,90.000000,-0.649148,-52.514999,0.998268
1646,1.646000,89.396103,98.816383,90.000000,-0.603891,-49.939743,0.998876
1647,1.647000,89.443283,98.693558,90.000000,-0.556715,-47.336594,0.999364
1648,1.648000,89.492310,98.566818,90.000000,-0.507688,-44.719627,0.999720
1649,1.649000,89.543121,98.436394,90.000000,-0.456878,-41.982521,0.999935
1650,1.650000,89.595650,98.302498,90.000000,-0.404347,-39.092163,0.999999
1651,1.651000,89.649841,98.165314,90.000000,-0.350156,-36.228344,0.999904
1652,1.652000,89.705612,98.025024,90.000000,-0.294388,-33.304871,0.999640
1653,1.653000,89.762894,97.881828,90.000000,-0.237103,-30.332661,0.999201
1654,1.654000,89.821617,97.735893,90.000000,-0.178384,-27.675606,0.998580
1655,1.655000,89.881706,97.587395,90.000000,-0.118292,-24.999493,0.997771
1656,1.656000,89.943085,97.436546,90.000000,-0.056916,-22.257181,0.996770
1657,1.657000,90.005676,97.283516,90.000000,0.005676,-19.476742,0.995572
1658,1.658000,90.069397,97.128540,90.000000,0.069402,-16.484865,0.994176
1659,1.659000,90.134178,96.971802,90.000000,0.134179,-13.285818,0.992579
1660,1.660000,90.199921,96.813515,90.000000,0.199926,-9.904821,0.990781
1661,1.661000,90.266563,96.653862,90.000000,0.266569,-6.521423,0.988781
1662,1.662000,90.334023,96.493019,90.000000,0.334024,-2.722284,0.986583
1663,1.663000,90.402199,96.331192,90.000000,0.402202,1.391678,0.984187
1664,1.664000,90.471031,96.168564,90.000000,0.471030,5.950537,0.981597
1665,1.665000,90.540405,96.005333,90.000000,0.540411,10.798209,0.978819
1666,1.666000,90.610260,95.841713,90.000000,0.610264,15.268499,0.975858
1667,1.667000,90.680511,95.677940,90.000000,0.680512,19.588673,0.972719
1668,1.668000,90.751060,95.514244,90.000000,0.751061,23.785439,0.969412
1669,1.669000,90.821831,95.350876,90.000000,0.821836,27.592508,0.965943
1670,1.670000,90.892731,95.188126,90.000000,0.892733,30.979061,0.962323
1671,1.671000,90.963692,95.026291,90.000000,0.963692,33.990276,0.958560
1672,1.672000,91.034607,94.865707,90.000000,1.034610,36.557121,0.954666
1673,1.673000,91.105400,94.706680,90.000000,1.105405,38.855469,0.950651
1674,1.674000,91.175995,94.549515,90.000000,1.175995,41.040108,0.946528
1675,1.675000,91.246300,94.394478,90.000000,1.246305,43.094437,0.942308
1676,1.676000,91.316246,94.241829,90.000000,1.316246,45.143349,0.938003
1677,1.677000,91.385735,94.091805,90.000000,1.385736,46.641159,0.933628
1678,1.678000,91.454697,93.944595,90.000000,1.454700,47.875210,0.929195
1679,1.679000,91.523056,93.800354,90.000000,1.523057,48.820007,0.924717
1680,1.680000,91.590721,93.659233,90.000000,1.590724,49.481796,0.920208
1681,1.681000,91.657631,93.521347,90.000000,1.657632,49.822487,0.915681
1682,1.682000,91.723701,93.386833,90.000000,1.723707,49.953522,0.911150
1683,1.683000,91.788872,93.255814,90.000000,1.788874,49.947563,0.906628
1684,1.684000,91.853065,93.128372,90.000000,1.853064,49.799210,0.902130
1685,1.685000,91.916199,93.004578,90.000000,1.916203,49.514935,0.897666
1686,1.686000,91.978218,92.884491,90.000000,1.978221,49.154995,0.893252
1687,1.687000,92.039062,92.768127,90.000000,2.039064,48.683502,0.888900
1688,1.688000,92.098656,92.655502,90.000000,2.098657,48.140579,0.884621
1689,1.689000,92.156929,92.546608,90.000000,2.156933,47.536270,0.880428
1690,1.690000,92.213844,92.441422,90.000000,2.213849,46.897903,0.876334
1691,1.691000,92.269325,92.339928,90.000000,2.269330,46.272575,0.872348
1692,1.692000,92.323318,92.242073,90.000000,2.323323,45.638275,0.868482
1693,1.693000,92.375771,92.147842,90.000000,2.375772,45.074654,0.864748
1694,1.694000,92.426628,92.057167,90.000000,2.426630,44.519348,0.861153
1695,1.695000,92.475838,91.970016,90.000000,2.475841,44.145836,0.857710
1696,1.696000,92.523354,91.886314,90.000000,2.523359,43.951508,0.854425
1697,1.697000,92.569122,91.806030,90.000000,2.569128,43.929985,0.851308
1698,1.698000,92.613106,91.729095,90.000000,2.613107,44.028084,0.848368
1699,1.699000,92.655251,91.655449,90.000000,2.655256,44.319122,0.845611
1700,1.700000,92.695526,91.585060,90.000000,2.695527,44.768024,0.843045
1701,1.701000,92.733887,91.517860,90.000000,2.733886,45.318817,0.840677
1702,1.702000,92.770279,91.453827,90.000000,2.770284,45.934715,0.838511
1703,1.703000,92.804695,91.392929,90.000000,2.804694,46.675468,0.836555
1704,1.704000,92.837082,91.335167,90.000000,2.837083,47.463181,0.834813
1705,1.705000,92.867409,91.280525,90.000000,2.867409,48.308220,0.833289
1706,1.706000,92.895645,91.229027,90.000000,2.895645,49.304157,0.831988
1707,1.707000,92.921761,91.180695,90.000000,2.921763,50.396141,0.830912
1708,1.708000,92.945740,91.135544,90.000000,2.945744,51.617203,0.830064
1709,1.709000,92.967545,91.093620,90.000000,2.967546,52.916801,0.829448
1710,1.710000,92.987160,91.054977,90.000000,2.987163,54.299923,0.829064
1711,1.711000,93.004555,91.019638,90.000000,3.004559,55.836376,0.828914
1712,1.712000,93.019722,90.987671,90.000000,3.019722,57.556236,0.828999
1713,1.713000,93.032639,90.959122,90.000000,3.032638,59.566391,0.829318
1714,1.714000,93.043282,90.934059,90.000000,3.043286,61.861942,0.829871
1715,1.715000,93.051651,90.912567,90.000000,3.051653,64.850830,0.830658
1716,1.716000,93.057732,90.894707,90.000000,3.057732,68.105858,0.831675
1717,1.717000,93.061508,90.880569,90.000000,3.061509,71.701447,0.832922
1718,1.718000,93.062988,90.870239,90.000000,3.062991,75.559616,0.834395
1719,1.719000,93.062157,90.863838,90.000000,3.062158,79.459412,0.836091
1720,1.720000,93.059006,90.861488,90.000000,3.059009,82.694893,0.838006
1721,1.721000,93.053558,90.863327,90.000000,3.053559,85.212204,0.840135
1722,1.722000,93.045792,90.869537,90.000000,3.045793,86.961494,0.842472
1723,1.723000,93.035721,90.880341,90.000000,3.035725,87.977127,0.845013
1724,1.724000,93.023369,90.895966,90.000000,3.023369,88.314468,0.847749
1725,1.725000,93.008713,90.916679,90.000000,3.008719,88.120102,0.850675
1726,1.726000,92.991798,90.942719,90.000000,2.991800,87.585236,0.853781
1727,1.727000,92.972618,90.974327,90.000000,2.972621,86.880386,0.857060
1728,1.728000,92.951202,91.011642,90.000000,2.951208,86.039703,0.860502
1729,1.729000,92.927574,91.054787,90.000000,2.927576,85.047127,0.864099
1730,1.730000,92.901749,91.103813,90.000000,2.901751,83.871445,0.867839
1731,1.731000,92.873756,91.158707,90.000000,2.873761,82.558647,0.871712
1732,1.732000,92.843628,91.219429,90.000000,2.843633,81.193192,0.875706
1733,1.733000,92.811409,91.285934,90.000000,2.811408,79.643341,0.879811
1734,1.734000,92.777115,91.358116,90.000000,2.777114,77.961258,0.884013
1735,1.735000,92.740791,91.435905,90.000000,2.740791,76.262520,0.888301
1736,1.736000,92.702477,91.519203,90.000000,2.702480,74.482002,0.892661
1737,1.737000,92.662224,91.607910,90.000000,2.662230,72.568161,0.897081
1738,1.738000,92.620079,91.701927,90.000000,2.620081,70.367294,0.901546
1739,1.739000,92.576088,91.801117,90.000000,2.576088,67.978989,0.906044
1740,1.740000,92.530296,91.905380,90.000000,2.530298,65.778778,0.910560
1741,1.741000,92.482773,92.014572,90.000000,2.482774,63.388741,0.915081
1742,1.742000,92.433563,92.128571,90.000000,2.433562,60.865185,0.919593
1743,1.743000,92.382729,92.247238,90.000000,2.382732,58.347523,0.924081
1744,1.744000,92.330338,92.370422,90.000000,2.330338,55.770111,0.928534
1745,1.745000,92.276436,92.497978,90.000000,2.276440,53.241997,0.932936
1746,1.746000,92.221115,92.629707,90.000000,2.221116,50.825012,0.937275
1747,1.747000,92.164429,92.765465,90.000000,2.164432,48.429619,0.941537
1748,1.748000,92.106445,92.905075,90.000000,2.106451,46.078987,0.945711
1749,1.749000,92.047241,93.048347,90.000000,2.047247,43.742661,0.949785
1750,1.750000,91.986893,93.195107,90.000000,1.986895,41.377113,0.953747
1751,1.751000,91.925461,93.345161,90.000000,1.925464,39.050423,0.957586
1752,1.752000,91.863037,93.498337,90.000000,1.863043,36.714500,0.961292
1753,1.753000,91.799706,93.654465,90.000000,1.799707,34.394356,0.964855
1754,1.754000,91.735527,93.813362,90.000000,1.735530,32.104286,0.968268
1755,1.755000,91.670593,93.974869,90.000000,1.670596,29.835232,0.971522
1756,1.756000,91.604980,94.138817,90.000000,1.604985,26.664810,0.974611
1757,1.757000,91.538780,94.305061,90.000000,1.538780,22.743805,0.977528
1758,1.758000,91.472076,94.473419,90.000000,1.472076,18.020645,0.980269
1759,1.759000,91.404938,94.643730,90.000000,1.404943,12.639489,0.982830
1760,1.760000,91.337479,94.815849,90.000000,1.337481,6.792703,0.985207
1761,1.761000,91.269760,94.989609,90.000000,1.269766,0.848319,0.987399
1762,1.762000,91.201889,95.164841,90.000000,1.201895,-4.455532,0.989405
1763,1.763000,91.133949,95.341362,90.000000,1.133948,-9.346951,0.991226
1764,1.764000,91.066017,95.518890,90.000000,1.066022,-13.751771,0.992861
1765,1.765000,90.998192,95.697113,90.000000,0.998198,-17.850063,0.994315
1766,1.766000,90.930580,95.875664,90.000000,0.930579,-21.771843,0.995589
1767,1.767000,90.863228,96.054123,90.000000,0.863233,-25.748711,0.996688
1768,1.768000,90.796265,96.232071,90.000000,0.796270,-29.597980,0.997617
1769,1.769000,90.729767,96.409157,90.000000,0.729771,-33.265633,0.998381
1770,1.770000,90.663818,96.585007,90.000000,0.663819,-36.654079,0.998989
1771,1.771000,90.598503,96.759354,90.000000,0.598509,-40.285851,0.999446
1772,1.772000,90.533928,96.931915,90.000000,0.533930,-44.186836,0.999761
1773,1.773000,90.470161,97.102425,90.000000,0.470163,-48.164680,0.999943
1774,1.774000,90.407288,97.270645,90.000000,0.407291,-52.484089,1.000000
1775,1.775000,90.345398,97.436317,90.000000,0.345403,-57.290661,0.999943
1776,1.776000,90.284584,97.599213,90.000000,0.284587,-62.064026,0.999781
1777,1.777000,90.224907,97.759109,90.000000,0.224911,-66.884720,0.999525
1778,1.778000,90.166466,97.915779,90.000000,0.166465,-71.513794,0.999184
1779,1.779000,90.109322,98.068970,90.000000,0.109324,-75.655014,0.998771
1780,1.780000,90.053558,98.218437,90.000000,0.053562,-79.321236,0.998295
1781,1.781000,89.999260,98.363884,90.000000,-0.000738,-82.611694,0.997768
1782,1.782000,89.946480,98.505020,90.000000,-0.053515,-85.420425,0.997199
1783,1.783000,89.895302,98.641510,90.000000,-0.104693,-87.796234,0.996599
1784,1.784000,89.845802,98.773056,90.000000,-0.154198,-89.684647,0.995979
1785,1.785000,89.798019,98.899338,90.000000,-0.201976,-91.078400,0.995347
1786,1.786000,89.752045,99.020088,90.000000,-0.247950,-92.129723,0.994715
1787,1.787000,89.707924,99.135071,90.000000,-0.292073,-92.885498,0.994090
1788,1.788000,89.665718,99.244072,90.000000,-0.334276,-93.414711,0.993481
1789,1.789000,89.625488,99.346939,90.000000,-0.374513,-93.795822,0.992897
1790,1.790000,89.587280,99.443520,90.000000,-0.412721,-94.070122,0.992345
1791,1.791000,89.551140,99.533722,90.000000,-0.448860,-94.228981,0.991832
1792,1.792000,89.517113,99.617455,90.000000,-0.482888,-94.338539,0.991364
1793,1.793000,89.485245,99.694702,90.000000,-0.514750,-94.385712,0.990946
1794,1.794000,89.455582,99.765419,90.000000,-0.544414,-94.529053,0.990584
1795,1.795000,89.428162,99.829605,90.000000,-0.571837,-94.651688,0.990281
1796,1.796000,89.403008,99.887260,90.000000,-0.596993,-94.714401,0.990041
1797,1.797000,89.380150,99.938400,90.000000,-0.619846,-94.577469,0.989868
1798,1.798000,89.359619,99.983025,90.000000,-0.640378,-94.380295,0.989761
1799,1.799000,89.341438,100.021164,90.000000,-0.658560,-94.025475,0.989723
1800,1.800000,89.325630,100.052818,90.000000,-0.674365,-93.553329,0.989754
1801,1.801000,89.312210,100.078026,90.000000,-0.687786,-92.939316,0.989854
1802,1.802000,89.301193,100.096771,90.000000,-0.698803,-92.154968,0.990021
1803,1.803000,89.292587,100.109085,90.000000,-0.707410,-91.262054,0.990253
1804,1.804000,89.286407,100.114998,90.000000,-0.713591,-90.321518,0.990547
1805,1.805000,89.282654,100.114525,90.000000,-0.717347,-89.302002,0.990901
1806,1.806000,89.281319,100.107712,90.000000,-0.718679,-88.188896,0.991310
1807,1.807000,89.282410,100.094620,90.000000,-0.717586,-86.973099,0.991768
1808,1.808000,89.285919,100.075302,90.000000,-0.714076,-85.623238,0.992272
1809,1.809000,89.291847,100.049828,90.000000,-0.708154,-84.364136,0.992813
1810,1.810000,89.300171,100.018280,90.000000,-0.699828,-83.142029,0.993387
1811,1.811000,89.310883,99.980751,90.000000,-0.689118,-81.932556,0.993985
1812,1.812000,89.323952,99.937309,90.000000,-0.676045,-80.741943,0.994600
1813,1.813000,89.339378,99.888054,90.000000,-0.660623,-79.251404,0.995223
1814,1.814000,89.357117,99.833092,90.000000,-0.642878,-77.425720,0.995847
1815,1.815000,89.377159,99.772530,90.000000,-0.622838,-75.837776,0.996461
1816,1.816000,89.399475,99.706467,90.000000,-0.600524,-73.969971,0.997057
1817,1.817000,89.424011,99.635010,90.000000,-0.575983,-71.873489,0.997625
1818,1.818000,89.450760,99.558250,90.000000,-0.549236,-69.543793,0.998155
1819,1.819000,89.479675,99.476288,90.000000,-0.520324,-67.170898,0.998637
1820,1.820000,89.510704,99.389236,90.000000,-0.489294,-64.689201,0.999062
1821,1.821000,89.543816,99.297218,90.000000,-0.456181,-61.942696,0.999420
1822,1.822000,89.578964,99.200371,90.000000,-0.421033,-58.969032,0.999700
1823,1.823000,89.616096,99.098824,90.000000,-0.383904,-56.279861,0.999894
1824,1.824000,89.655159,98.992752,90.000000,-0.344836,-53.836624,0.999990
1825,1.825000,89.696106,98.882309,90.000000,-0.303889,-51.314934,0.999981
1826,1.826000,89.738884,98.767677,90.000000,-0.261111,-48.825974,0.999857
1827,1.827000,89.783440,98.649033,90.000000,-0.216558,-46.296997,0.999610
1828,1.828000,89.829697,98.526588,90.000000,-0.170304,-43.693489,0.999232
1829,1.829000,89.877609,98.400536,90.000000,-0.122390,-40.896042,0.998714
1830,1.830000,89.927101,98.271088,90.000000,-0.072899,-38.022385,0.998051
1831,1.831000,89.978119,98.138428,90.000000,-0.021877,-35.088776,0.997236
1832,1.832000,90.030586,98.002731,90.000000,0.030592,-32.117584,0.996262
1833,1.833000,90.084450,97.864166,90.000000,0.084448,-29.159939,0.995127
1834,1.834000,90.139618,97.722916,90.000000,0.139623,-26.517082,0.993824
1835,1.835000,90.196037,97.579163,90.000000,0.196040,-23.822412,0.992352
1836,1.836000,90.253632,97.433105,90.000000,0.253632,-21.020645,0.990707
1837,1.837000,90.312325,97.284935,90.000000,0.312324,-18.093809,0.988889
1838,1.838000,90.372032,97.134857,90.000000,0.372034,-15.068558,0.986895
1839,1.839000,90.432693,96.983093,90.000000,0.432692,-11.854841,0.984728
1840,1.840000,90.494217,96.829834,90.000000,0.494219,-8.458302,0.982387
1841,1.841000,90.556534,96.675270,90.000000,0.556537,-4.761138,0.979875
1842,1.842000,90.619560,96.519592,90.000000,0.619566,-0.593598,0.977196
1843,1.843000,90.683228,96.362984,90.000000,0.683231,4.131045,0.974352
1844,1.844000,90.747437,96.205650,90.000000,0.747441,9.108551,0.971348
1845,1.845000,90.812126,96.047783,90.000000,0.812130,13.830132,0.968191
1846,1.846000,90.877205,95.889618,90.000000,0.877208,18.214945,0.964886
1847,1.847000,90.942589,95.731369,90.000000,0.942593,22.304369,0.961442
1848,1.848000,91.008209,95.573296,90.000000,1.008211,25.934645,0.957864
1849,1.849000,91.073967,95.415680,90.000000,1.073972,29.132950,0.954164
1850,1.850000,91.139801,95.258835,90.000000,1.139801,31.935715,0.950348
1851,1.851000,91.205612,95.103104,90.000000,1.205617,34.446159,0.946428
1852,1.852000,91.271332,94.948814,90.000000,1.271337,36.638077,0.942414
1853,1.853000,91.336876,94.796280,90.000000,1.336880,38.763870,0.938316
1854,1.854000,91.402161,94.645752,90.000000,1.402163,40.732338,0.934145
1855,1.855000,91.467117,94.497505,90.000000,1.467118,42.580505,0.929913
1856,1.856000,91.531662,94.351730,90.000000,1.531663,44.209305,0.925631
1857,1.857000,91.595718,94.208611,90.000000,1.595723,45.296326,0.921312
1858,1.858000,91.659218,94.068306,90.000000,1.659217,46.195015,0.916967
1859,1.859000,91.722069,93.930939,90.000000,1.722068,46.853119,0.912609
1860,1.860000,91.784210,93.796654,90.000000,1.784216,47.215115,0.908250
1861,1.861000,91.845581,93.665558,90.000000,1.845585,47.336937,0.903901
1862,1.862000,91.906097,93.537758,90.000000,1.906101,47.226974,0.899576
1863,1.863000,91.965698,93.413361,90.000000,1.965701,46.945259,0.895286
1864,1.864000,92.024307,93.292419,90.000000,2.024311,46.582161,0.891042
1865,1.865000,92.081863,93.174988,90.000000,2.081869,46.115349,0.886857
1866,1.866000,92.138313,93.061089,90.000000,2.138314,45.549011,0.882742
1867,1.867000,92.193573,92.950745,90.000000,2.193577,44.885033,0.878708
1868,1.868000,92.247604,92.843941,90.000000,2.247610,44.219547,0.874766
1869,1.869000,92.300346,92.740646,90.000000,2.300346,43.579712,0.870926
1870,1.870000,92.351723,92.640839,90.000000,2.351723,42.992188,0.867199
1871,1.871000,92.401695,92.544464,90.000000,2.401699,42.477184,0.863594
1872,1.872000,92.450211,92.451492,90.000000,2.450214,42.012646,0.860121
1873,1.873000,92.497215,92.361855,90.000000,2.497220,41.648064,0.856789
1874,1.874000,92.542656,92.275513,90.000000,2.542661,41.417763,0.853606
1875,1.875000,92.586487,92.192390,90.000000,2.586490,41.349209,0.850582
1876,1.876000,92.628662,92.112442,90.000000,2.628666,41.413803,0.847722
1877,1.877000,92.669136,92.035622,90.000000,2.669142,41.605396,0.845035
1878,1.878000,92.707870,91.961868,90.000000,2.707876,41.911472,0.842528
1879,1.879000,92.744827,91.891144,90.000000,2.744828,42.302277,0.840207
1880,1.880000,92.779953,91.823418,90.000000,2.779955,42.866486,0.838077
1881,1.881000,92.813225,91.758675,90.000000,2.813225,43.474579,0.836145
1882,1.882000,92.844597,91.696884,90.000000,2.844596,44.108074,0.834415
1883,1.883000,92.874039,91.638054,90.000000,2.874041,44.807335,0.832892
1884,1.884000,92.901520,91.582184,90.000000,2.901526,45.561020,0.831580
1885,1.885000,92.927017,91.529297,90.000000,2.927016,46.381172,0.830483
1886,1.886000,92.950485,91.479401,90.000000,2.950485,47.308876,0.829602
1887,1.887000,92.971909,91.432533,90.000000,2.971911,48.342834,0.828942
1888,1.888000,92.991257,91.388725,90.000000,2.991261,49.560165,0.828504
1889,1.889000,93.008514,91.348015,90.000000,3.008521,50.903156,0.828289
1890,1.890000,93.023659,91.310448,90.000000,3.023663,52.467033,0.828298
1891,1.891000,93.036667,91.276054,90.000000,3.036668,54.128742,0.828533
1892,1.892000,93.047516,91.244888,90.000000,3.047521,55.902130,0.828992
1893,1.893000,93.056206,91.217010,90.000000,3.056209,57.977310,0.829676
1894,1.894000,93.062714,91.192459,90.000000,3.062718,60.462799,0.830583
1895,1.895000,93.067032,91.171326,90.000000,3.067035,63.444019,0.831712
1896,1.896000,93.069145,91.153687,90.000000,3.069145,66.921761,0.833061
1897,1.897000,93.069054,91.139633,90.000000,3.069057,70.723907,0.834626
1898,1.898000,93.066742,91.129280,90.000000,3.066748,74.618118,0.836405
1899,1.899000,93.062225,91.122726,90.000000,3.062226,78.129166,0.838394
1900,1.900000,93.055481,91.120102,90.000000,3.055485,80.959549,0.840587
1901,1.901000,93.046524,91.121574,90.000000,3.046524,83.102371,0.842980
1902,1.902000,93.035355,91.127319,90.000000,3.035356,84.482254,0.845568
1903,1.903000,93.021980,91.137573,90.000000,3.021983,85.133423,0.848343
1904,1.904000,93.006416,91.152588,90.000000,3.006417,85.218636,0.851299
1905,1.905000,92.988655,91.172607,90.000000,2.988658,84.854179,0.854428
1906,1.906000,92.968727,91.197884,90.000000,2.968728,84.236473,0.857723
1907,1.907000,92.946640,91.228600,90.000000,2.946646,83.493881,0.861174
1908,1.908000,92.922424,91.264885,90.000000,2.922426,82.657112,0.864773
1909,1.909000,92.896088,91.306824,90.000000,2.896089,81.700905,0.868509
1910,1.910000,92.867668,91.354446,90.000000,2.867668,80.560242,0.872372
1911,1.911000,92.837173,91.407722,90.000000,2.837178,79.311020,0.876352
1912,1.912000,92.804657,91.466599,90.000000,2.804660,77.986923,0.880436
1913,1.913000,92.770134,91.531013,90.000000,2.770140,76.503227,0.884615
1914,1.914000,92.733658,91.600876,90.000000,2.733660,74.901215,0.888875
1915,1.915000,92.695259,91.676109,90.000000,2.695261,73.266327,0.893204
1916,1.916000,92.654968,91.756630,90.000000,2.654969,71.566460,0.897589
1917,1.917000,92.612846,91.842331,90.000000,2.612848,69.703110,0.902018
1918,1.918000,92.568924,91.933121,90.000000,2.568930,67.687408,0.906477
1919,1.919000,92.523262,92.028870,90.000000,2.523263,65.769020,0.910954
1920,1.920000,92.475906,92.129486,90.000000,2.475909,63.625751,0.915434
1921,1.921000,92.426918,92.234833,90.000000,2.426923,61.336994,0.919905
1922,1.922000,92.376343,92.344788,90.000000,2.376346,58.981361,0.924353
1923,1.923000,92.324249,92.459213,90.000000,2.324252,56.508972,0.928764
1924,1.924000,92.270683,92.577980,90.000000,2.270689,54.061699,0.933127
1925,1.925000,92.215721,92.700928,90.000000,2.215727,51.663475,0.937427
1926,1.926000,92.159431,92.827927,90.000000,2.159432,49.246281,0.941653
1927,1.927000,92.101860,92.958809,90.000000,2.101861,46.853340,0.945792
1928,1.928000,92.043091,93.093414,90.000000,2.043094,44.527588,0.949833
1929,1.929000,91.983200,93.231575,90.000000,1.983200,42.269325,0.953764
1930,1.930000,91.922241,93.373108,90.000000,1.922240,40.017830,0.957575
1931,1.931000,91.860298,93.517838,90.000000,1.860298,37.791466,0.961256
1932,1.932000,91.797447,93.665588,90.000000,1.797446,35.584152,0.964798
1933,1.933000,91.733757,93.816193,90.000000,1.733761,33.409431,0.968192
1934,1.934000,91.669319,93.969482,90.000000,1.669319,31.259804,0.971430
1935,1.935000,91.604202,94.125298,90.000000,1.604206,28.847210,0.974506
1936,1.936000,91.538490,94.283463,90.000000,1.538493,25.755632,0.977414
1937,1.937000,91.472260,94.443825,90.000000,1.472261,21.886971,0.980148
1938,1.938000,91.405602,94.606247,90.000000,1.405605,17.262529,0.982705
1939,1.939000,91.338593,94.770561,90.000000,1.338594,12.066750,0.985082
1940,1.940000,91.271324,94.936623,90.000000,1.271324,6.539294,0.987276
1941,1.941000,91.203865,95.104271,90.000000,1.203869,0.921624,0.989286
1942,1.942000,91.136314,95.273369,90.000000,1.136318,-4.185106,0.991112
1943,1.943000,91.068756,95.443687,90.000000,1.068761,-8.824577,0.992756
1944,1.944000,91.001282,95.614983,90.000000,1.001285,-13.037667,0.994219
1945,1.945000,90.933968,95.786926,90.000000,0.933974,-17.051805,0.995504
1946,1.946000,90.866905,95.959160,90.000000,0.866908,-21.007854,0.996614
1947,1.947000,90.800179,96.131317,90.000000,0.800184,-24.969126,0.997555
1948,1.948000,90.733887,96.302986,90.000000,0.733890,-28.697075,0.998332
1949,1.949000,90.668098,96.473808,90.000000,0.668102,-32.334156,0.998951
1950,1.950000,90.602913,96.643471,90.000000,0.602914,-35.702240,0.999419
1951,1.951000,90.538414,96.811676,90.000000,0.538417,-39.260155,0.999745
1952,1.952000,90.474678,96.978172,90.000000,0.474678,-43.065418,0.999935
1953,1.953000,90.411797,97.142693,90.000000,0.411799,-47.036209,1.000000
1954,1.954000,90.349846,97.305000,90.000000,0.349849,-51.017105,0.999948
1955,1.955000,90.288918,97.464828,90.000000,0.288917,-55.727135,0.999790
1956,1.956000,90.229073,97.621956,90.000000,0.229078,-60.523079,0.999534
1957,1.957000,90.170418,97.776169,90.000000,0.170420,-65.199936,0.999192
1958,1.958000,90.113007,97.927231,90.000000,0.113012,-69.691910,0.998774
1959,1.959000,90.056931,98.074913,90.000000,0.056936,-73.817322,0.998291
1960,1.960000,90.002258,98.218948,90.000000,0.002261,-77.535545,0.997753
1961,1.961000,89.949059,98.359093,90.000000,-0.050940,-80.902985,0.997170
1962,1.962000,89.897400,98.495026,90.000000,-0.102596,-83.845467,0.996554
1963,1.963000,89.847366,98.626450,90.000000,-0.152634,-86.267349,0.995913
1964,1.964000,89.798996,98.753044,90.000000,-0.200999,-88.095276,0.995259
1965,1.965000,89.752380,98.874512,90.000000,-0.247615,-89.507248,0.994600
1966,1.966000,89.707565,98.990585,90.000000,-0.292435,-90.582687,0.993945
1967,1.967000,89.664612,99.101036,90.000000,-0.335383,-91.327209,0.993305
1968,1.968000,89.623589,99.205627,90.000000,-0.376412,-91.848282,0.992686
1969,1.969000,89.584526,99.304207,90.000000,-0.415474,-92.263000,0.992097
1970,1.970000,89.547485,99.396599,90.000000,-0.452514,-92.541718,0.991544
1971,1.971000,89.512512,99.482735,90.000000,-0.487484,-92.767998,0.991035
1972,1.972000,89.479660,99.562538,90.000000,-0.520337,-92.963287,0.990574
1973,1.973000,89.448952,99.635941,90.000000,-0.551046,-93.235672,0.990168
1974,1.974000,89.420441,99.702934,90.000000,-0.579555,-93.452972,0.989821
1975,1.975000,89.394157,99.763519,90.000000,-0.605838,-93.628410,0.989536
1976,1.976000,89.370132,99.817680,90.000000,-0.629866,-93.655190,0.989317
1977,1.977000,89.348389,99.865433,90.000000,-0.651607,-93.543312,0.989165
1978,1.978000,89.328964,99.906784,90.000000,-0.671032,-93.301659,0.989083
1979,1.979000,89.311867,99.941750,90.000000,-0.688128,-92.923676,0.989071
1980,1.980000,89.297127,99.970322,90.000000,-0.702867,-92.394585,0.989130
1981,1.981000,89.284760,99.992508,90.000000,-0.715237,-91.716293,0.989258
1982,1.982000,89.274765,100.008331,90.000000,-0.725229,-90.893951,0.989453
1983,1.983000,89.267166,100.017784,90.000000,-0.732831,-89.967583,0.989715
1984,1.984000,89.261963,100.020905,90.000000,-0.738036,-88.982887,0.990039
1985,1.985000,89.259163,100.017723,90.000000,-0.740836,-87.906326,0.990423
1986,1.986000,89.258759,100.008293,90.000000,-0.741239,-86.735123,0.990861
1987,1.987000,89.260750,99.992653,90.000000,-0.739245,-85.440002,0.991349
1988,1.988000,89.265129,99.970886,90.000000,-0.734867,-84.147949,0.991881
1989,1.989000,89.271896,99.943047,90.000000,-0.728098,-82.945053,0.992451
1990,1.990000,89.281029,99.909233,90.000000,-0.718966,-81.727829,0.993052
1991,1.991000,89.292511,99.869522,90.000000,-0.707485,-80.504242,0.993677
1992,1.992000,89.306328,99.824005,90.000000,-0.693667,-79.241074,0.994318
1993,1.993000,89.322464,99.772797,90.000000,-0.677534,-77.594757,0.994967
1994,1.994000,89.340874,99.715973,90.000000,-0.659120,-75.819092,0.995614
1995,1.995000,89.361557,99.653656,90.000000,-0.638438,-74.149162,0.996252
1996,1.996000,89.384468,99.585953,90.000000,-0.615530,-72.193123,0.996871
1997,1.997000,89.409569,99.512932,90.000000,-0.590429,-70.058472,0.997461
1998,1.998000,89.436836,99.434731,90.000000,-0.563163,-67.709717,0.998013
1999,1.999000,89.466225,99.351418,90.000000,-0.533772,-65.330093,0.998518
2000,2.000000,89.497696,99.263130,90.000000,-0.502299,-62.796852,0.998964
2001,2.001000,89.531204,99.169991,90.000000,-0.468790,-59.947205,0.999343
2002,2.002000,89.566711,99.072144,90.000000,-0.433287,-57.099464,0.999644
2003,2.003000,89.604164,98.969719,90.000000,-0.395837,-54.698761,0.999859
2004,2.004000,89.643494,98.862892,90.000000,-0.356502,-52.263824,0.999978
2005,2.005000,89.684677,98.751816,90.000000,-0.315322,-49.793121,0.999992
2006,2.006000,89.727646,98.636688,90.000000,-0.272354,-47.343990,0.999893
2007,2.007000,89.772331,98.517670,90.000000,-0.227664,-44.821297,0.999671
2008,2.008000,89.818687,98.394989,90.000000,-0.181307,-42.130283,0.999319
2009,2.009000,89.866653,98.268837,90.000000,-0.133346,-39.286236,0.998831
2010,2.010000,89.916161,98.139397,90.000000,-0.083834,-36.392334,0.998199
2011,2.011000,89.967148,98.006844,90.000000,-0.032853,-33.448753,0.997417
2012,2.012000,90.019539,97.871346,90.000000,0.019541,-30.470493,0.996480
2013,2.013000,90.073280,97.733093,90.000000,0.073281,-27.690685,0.995383
2014,2.014000,90.128288,97.592255,90.000000,0.128291,-25.061649,0.994123
2015,2.015000,90.184502,97.449005,90.000000,0.184504,-22.304010,0.992697
2016,2.016000,90.241844,97.303551,90.000000,0.241843,-19.496010,0.991102
2017,2.017000,90.300240,97.156105,90.000000,0.300241,-16.471773,0.989336
2018,2.018000,90.359612,97.006859,90.000000,0.359616,-13.387818,0.987401
2019,2.019000,90.419891,96.856018,90.000000,0.419893,-10.122526,0.985295
2020,2.020000,90.481003,96.703796,90.000000,0.481002,-6.588628,0.983021
2021,2.021000,90.542862,96.550362,90.000000,0.542863,-2.609710,0.980580
2022,2.022000,90.605385,96.395912,90.000000,0.605387,1.879368,0.977976
2023,2.023000,90.668510,96.240623,90.000000,0.668512,6.771676,0.975213
2024,2.024000,90.732147,96.084717,90.000000,0.732148,11.741216,0.972295
2025,2.025000,90.796211,95.928398,90.000000,0.796216,16.128798,0.969229
2026,2.026000,90.860634,95.771873,90.000000,0.860638,20.423508,0.966020
2027,2.027000,90.925331,95.615402,90.000000,0.925333,24.259159,0.962675
2028,2.028000,90.990219,95.459244,90.000000,0.990220,27.610004,0.959204
2029,2.029000,91.055222,95.303703,90.000000,1.055223,30.547400,0.955613
2030,2.030000,91.120255,95.149101,90.000000,1.120253,33.148502,0.951913
2031,2.031000,91.185234,94.995796,90.000000,1.185236,35.415062,0.948112
2032,2.032000,91.250092,94.844093,90.000000,1.250095,37.492615,0.944221
2033,2.033000,91.314743,94.694275,90.000000,1.314743,39.545300,0.940251
2034,2.034000,91.379105,94.546616,90.000000,1.379111,41.378433,0.936212
2035,2.035000,91.443115,94.401314,90.000000,1.443116,43.200798,0.932116
2036,2.036000,91.506683,94.258591,90.000000,1.506685,44.447685,0.927973
2037,2.037000,91.569740,94.118591,90.000000,1.569741,45.401974,0.923797
2038,2.038000,91.632217,93.981453,90.000000,1.632217,46.173462,0.919597
2039,2.039000,91.694023,93.847298,90.000000,1.694023,46.671593,0.915387
2040,2.040000,91.755104,93.716263,90.000000,1.755106,46.908249,0.911178
2041,2.041000,91.815384,93.588448,90.000000,1.815389,46.877949,0.906982
2042,2.042000,91.874802,93.463959,90.000000,1.874805,46.638729,0.902810
2043,2.043000,91.933281,93.342873,90.000000,1.933285,46.294060,0.898675
2044,2.044000,91.990768,93.225250,90.000000,1.990768,45.856483,0.894588
2045,2.045000,92.047180,93.111122,90.000000,2.047185,45.326393,0.890560
2046,2.046000,92.102470,93.000496,90.000000,2.102476,44.688118,0.886602
2047,2.047000,92.156578,92.893387,90.000000,2.156584,44.005650,0.882725
2048,2.048000,92.209442,92.789780,90.000000,2.209443,43.336540,0.878940
2049,2.049000,92.261002,92.689629,90.000000,2.261004,42.711761,0.875256
2050,2.050000,92.311203,92.592918,90.000000,2.311206,42.169090,0.871685
2051,2.051000,92.359993,92.499573,90.000000,2.359994,41.679611,0.868234
2052,2.052000,92.407326,92.409569,90.000000,2.407327,41.266441,0.864913
2053,2.053000,92.453148,92.322830,90.000000,2.453151,40.995247,0.861732
2054,2.054000,92.497406,92.239311,90.000000,2.497411,40.899261,0.858697
2055,2.055000,92.540062,92.158951,90.000000,2.540065,40.945412,0.855818
2056,2.056000,92.581062,92.081688,90.000000,2.581067,41.116879,0.853102
2057,2.057000,92.620369,92.007484,90.000000,2.620375,41.411598,0.850555
2058,2.058000,92.657944,91.936302,90.000000,2.657948,41.791069,0.848185
2059,2.059000,92.693748,91.868080,90.000000,2.693751,42.295071,0.845997
2060,2.060000,92.727737,91.802811,90.000000,2.727738,42.898636,0.843997
2061,2.061000,92.759872,91.740479,90.000000,2.759874,43.521454,0.842190
2062,2.062000,92.790131,91.681068,90.000000,2.790132,44.207577,0.840582
2063,2.063000,92.818474,91.624596,90.000000,2.818477,44.959114,0.839175
2064,2.064000,92.844864,91.571060,90.000000,2.844869,45.753464,0.837975
2065,2.065000,92.869286,91.520493,90.000000,2.869287,46.663391,0.836984
2066,2.066000,92.891701,91.472916,90.000000,2.891704,47.660786,0.836205
2067,2.067000,92.912094,91.428360,90.000000,2.912099,48.803047,0.835641
2068,2.068000,92.930435,91.386871,90.000000,2.930438,50.067703,0.835292
2069,2.069000,92.946701,91.348480,90.000000,2.946701,51.539986,0.835161
2070,2.070000,92.960869,91.313232,90.000000,2.960873,53.154648,0.835249
2071,2.071000,92.972931,91.281174,90.000000,2.972935,54.859138,0.835555
2072,2.072000,92.982864,91.252350,90.000000,2.982866,56.696129,0.836079
2073,2.073000,92.990654,91.226830,90.000000,2.990660,59.059139,0.836821
2074,2.074000,92.996300,91.204674,90.000000,2.996301,61.646145,0.837779
2075,2.075000,92.999779,91.185951,90.000000,2.999778,64.997398,0.838951
2076,2.076000,93.001083,91.170769,90.000000,3.001082,68.627472,0.840335
2077,2.077000,93.000206,91.159210,90.000000,3.000208,72.498230,0.841928
2078,2.078000,92.997154,91.151398,90.000000,2.997155,76.208191,0.843727
2079,2.079000,92.991920,91.147438,90.000000,2.991923,79.324829,0.845726
2080,2.080000,92.984497,91.147469,90.000000,2.984499,81.729469,0.847922
2081,2.081000,92.974899,91.151672,90.000000,2.974902,83.439667,0.850309
2082,2.082000,92.963127,91.160248,90.000000,2.963127,84.420654,0.852882
2083,2.083000,92.949181,91.173439,90.000000,2.949187,84.728867,0.855633
2084,2.084000,92.933083,91.191505,90.000000,2.933088,84.547897,0.858556
2085,2.085000,92.914841,91.214691,90.000000,2.914845,84.011581,0.861643
2086,2.086000,92.894470,91.243217,90.000000,2.894470,83.317886,0.864885
2087,2.087000,92.871986,91.277222,90.000000,2.871985,82.526306,0.868274
2088,2.088000,92.847404,91.316818,90.000000,2.847410,81.655830,0.871801
2089,2.089000,92.820755,91.362053,90.000000,2.820759,80.595909,0.875456
2090,2.090000,92.792068,91.412926,90.000000,2.792072,79.361511,0.879228
2091,2.091000,92.761368,91.469398,90.000000,2.761370,78.078781,0.883107
2092,2.092000,92.728683,91.531395,90.000000,2.728688,76.701256,0.887082
2093,2.093000,92.694046,91.598854,90.000000,2.694052,75.162842,0.891141
2094,2.094000,92.657509,91.671684,90.000000,2.657510,73.533218,0.895272
2095,2.095000,92.619095,91.749809,90.000000,2.619097,71.876343,0.899463
2096,2.096000,92.578857,91.833130,90.000000,2.578861,70.077736,0.903702
2097,2.097000,92.536835,91.921547,90.000000,2.536834,68.105156,0.907976
2098,2.098000,92.493073,92.014954,90.000000,2.493073,66.253342,0.912272
2099,2.099000,92.447624,92.113235,90.000000,2.447625,64.239334,0.916577
2100,2.100000,92.400543,92.216286,90.000000,2.400545,62.007114,0.920879
2101,2.101000,92.351883,92.323959,90.000000,2.351887,59.738468,0.925165
2102,2.102000,92.301704,92.436150,90.000000,2.301705,57.327507,0.929421
2103,2.103000,92.250061,92.552704,90.000000,2.250062,54.804794,0.933636
2104,2.104000,92.197006,92.673492,90.000000,2.197012,52.455402,0.937796
2105,2.105000,92.142632,92.798355,90.000000,2.142630,50.049915,0.941890
2106,2.106000,92.086960,92.927162,90.000000,2.086964,47.666309,0.945906
2107,2.107000,92.030090,93.059746,90.000000,2.030096,45.318020,0.949832
2108,2.108000,91.972092,93.195938,90.000000,1.972094,43.023708,0.953657
2109,2.109000,91.913017,93.335571,90.000000,1.913020,40.755722,0.957372
2110,2.110000,91.852943,93.478455,90.000000,1.852948,38.485474,0.960965
2111,2.111000,91.791962,93.624435,90.000000,1.791962,36.231976,0.964429
2112,2.112000,91.730118,93.773323,90.000000,1.730121,33.992996,0.967755
2113,2.113000,91.667511,93.924957,90.000000,1.667516,31.776970,0.970935
2114,2.114000,91.604218,94.079170,90.000000,1.604220,29.285364,0.973962
2115,2.115000,91.540306,94.235809,90.000000,1.540310,26.219864,0.976831
2116,2.116000,91.475868,94.394699,90.000000,1.475867,22.407736,0.979536
2117,2.117000,91.410965,94.555687,90.000000,1.410967,17.831671,0.982072
2118,2.118000,91.345703,94.718628,90.000000,1.345704,12.633782,0.984438
2119,2.119000,91.280151,94.883347,90.000000,1.280155,7.082598,0.986629
2120,2.120000,91.214401,95.049721,90.000000,1.214401,1.406384,0.988646
2121,2.121000,91.148529,95.217552,90.000000,1.148530,-3.762251,0.990488
2122,2.122000,91.082626,95.386650,90.000000,1.082626,-8.429841,0.992154
2123,2.123000,91.016777,95.556763,90.000000,1.016776,-12.661851,0.993647
2124,2.124000,90.951050,95.727570,90.000000,0.951056,-16.609257,0.994970
2125,2.125000,90.885567,95.898712,90.000000,0.885568,-20.499098,0.996125
2126,2.126000,90.820389,96.069809,90.000000,0.820388,-24.423496,0.997117
2127,2.127000,90.755600,96.240463,90.000000,0.755603,-28.105824,0.997950
2128,2.128000,90.691299,96.410309,90.000000,0.691304,-31.669670,0.998631
2129,2.129000,90.627563,96.579010,90.000000,0.627565,-34.965672,0.999166
2130,2.130000,90.564476,96.746307,90.000000,0.564481,-38.336983,0.999562
2131,2.131000,90.502129,96.911911,90.000000,0.502128,-41.991264,0.999827
2132,2.132000,90.440598,97.075584,90.000000,0.440602,-45.796413,0.999969
2133,2.133000,90.379959,97.237068,90.000000,0.379963,-49.550926,0.999997
2134,2.134000,90.320312,97.396133,90.000000,0.320315,-54.041401,0.999920
2135,2.135000,90.261726,97.552544,90.000000,0.261726,-58.756565,0.999748
2136,2.136000,90.204269,97.706093,90.000000,0.204270,-63.298363,0.999489
2137,2.137000,90.148026,97.856560,90.000000,0.148031,-67.734116,0.999156
2138,2.138000,90.093086,98.003723,90.000000,0.093089,-71.906876,0.998756
2139,2.139000,90.039497,98.147324,90.000000,0.039499,-75.655060,0.998300
2140,2.140000,89.987358,98.287132,90.000000,-0.012643,-79.085098,0.997799
2141,2.141000,89.936707,98.422867,90.000000,-0.063289,-82.159042,0.997262
2142,2.142000,89.887642,98.554199,90.000000,-0.112357,-84.643456,0.996699
2143,2.143000,89.840202,98.680840,90.000000,-0.159792,-86.551857,0.996119
2144,2.144000,89.794479,98.802498,90.000000,-0.205520,-88.036629,0.995532
2145,2.145000,89.750511,98.918892,90.000000,-0.249486,-89.198143,0.994946
2146,2.146000,89.708366,99.029785,90.000000,-0.291629,-89.987953,0.994370
2147,2.147000,89.668098,99.134964,90.000000,-0.331899,-90.613052,0.993811
2148,2.148000,89.629761,99.234230,90.000000,-0.370237,-91.101852,0.993278
2149,2.149000,89.593407,99.327438,90.000000,-0.406594,-91.486488,0.992776
2150,2.150000,89.559074,99.414474,90.000000,-0.440923,-91.784279,0.992313
2151,2.151000,89.526817,99.495270,90.000000,-0.473182,-92.064507,0.991894
2152,2.152000,89.496666,99.569778,90.000000,-0.503330,-92.419022,0.991523
2153,2.153000,89.468674,99.637955,90.000000,-0.531327,-92.697479,0.991206
2154,2.154000,89.442856,99.699799,90.000000,-0.557139,-92.915649,0.990946
2155,2.155000,89.419258,99.755302,90.000000,-0.580737,-93.031815,0.990746
2156,2.156000,89.397911,99.804459,90.000000,-0.602088,-92.983856,0.990608
2157,2.157000,89.378830,99.847282,90.000000,-0.621165,-92.806610,0.990534
2158,2.158000,89.362053,99.883766,90.000000,-0.637946,-92.475510,0.990525
2159,2.159000,89.347588,99.913918,90.000000,-0.652413,-92.007294,0.990579
2160,2.160000,89.335449,99.937721,90.000000,-0.664550,-91.386871,0.990698
2161,2.161000,89.325645,99.955208,90.000000,-0.674351,-90.623901,0.990878
2162,2.162000,89.318207,99.966370,90.000000,-0.681789,-89.717972,0.991119
2163,2.163000,89.313118,99.971230,90.000000,-0.686878,-88.727310,0.991418
2164,2.164000,89.310402,99.969810,90.000000,-0.689596,-87.668007,0.991770
2165,2.165000,89.310043,99.962166,90.000000,-0.689952,-86.509453,0.992171
2166,2.166000,89.312050,99.948341,90.000000,-0.687950,-85.229897,0.992618
2167,2.167000,89.316406,99.928391,90.000000,-0.683593,-83.947571,0.993103
2168,2.168000,89.323112,99.902405,90.000000,-0.676885,-82.737953,0.993622
2169,2.169000,89.332153,99.870438,90.000000,-0.667842,-81.517120,0.994167
2170,2.170000,89.343513,99.832596,90.000000,-0.656484,-80.288132,0.994732
2171,2.171000,89.357178,99.788963,90.000000,-0.642823,-79.086548,0.995309
2172,2.172000,89.373116,99.739632,90.000000,-0.626882,-77.517136,0.995890
2173,2.173000,89.391319,99.684708,90.000000,-0.608679,-75.685173,0.996467
2174,2.174000,89.411751,99.624290,90.000000,-0.588250,-74.078262,0.997031
2175,2.175000,89.434380,99.558502,90.000000,-0.565622,-72.186806,0.997572
2176,2.176000,89.459175,99.487411,90.000000,-0.540821,-70.134232,0.998083
2177,2.177000,89.486115,99.411140,90.000000,-0.513883,-67.816650,0.998553
2178,2.178000,89.515144,99.329765,90.000000,-0.484855,-65.471870,0.998973
2179,2.179000,89.546234,99.243423,90.000000,-0.453764,-63.019981,0.999334
2180,2.180000,89.579330,99.152229,90.000000,-0.420664,-60.246193,0.999627
2181,2.181000,89.614403,99.056320,90.000000,-0.385591,-57.348854,0.999841
2182,2.182000,89.651390,98.955841,90.000000,-0.348606,-54.964966,0.999967
2183,2.183000,89.690254,98.850945,90.000000,-0.309742,-52.564533,0.999998
2184,2.184000,89.730934,98.741791,90.000000,-0.269062,-50.093658,0.999924
2185,2.185000,89.773376,98.628563,90.000000,-0.226619,-47.679874,0.999736
2186,2.186000,89.817528,98.511436,90.000000,-0.182468,-45.181786,0.999427
2187,2.187000,89.863327,98.390602,90.000000,-0.136672,-42.529655,0.998990
2188,2.188000,89.910713,98.266289,90.000000,-0.089284,-39.704407,0.998417
2189,2.189000,89.959633,98.138649,90.000000,-0.040366,-36.823559,0.997702
2190,2.190000,90.010002,98.007889,90.000000,0.010006,-33.871895,0.996840
2191,2.191000,90.061775,97.874153,90.000000,0.061779,-30.888952,0.995824
2192,2.192000,90.114876,97.737633,90.000000,0.114877,-28.048355,0.994652
2193,2.193000,90.169228,97.598488,90.000000,0.169232,-25.424101,0.993319
2194,2.194000,90.224777,97.456909,90.000000,0.224782,-22.659569,0.991823
2195,2.195000,90.281441,97.313103,90.000000,0.281445,-19.871029,0.990161
2196,2.196000,90.339149,97.167252,90.000000,0.339153,-16.858017,0.988333
2197,2.197000,90.397827,97.019577,90.000000,0.397831,-13.795106,0.986338
2198,2.198000,90.457405,96.870277,90.000000,0.457404,-10.565742,0.984177
2199,2.199000,90.517784,96.719559,90.000000,0.517790,-7.045418,0.981852
2200,2.200000,90.578926,96.567604,90.000000,0.578927,-3.052826,0.979364
2201,2.201000,90.640724,96.414604,90.000000,0.640726,1.449814,0.976717
2202,2.202000,90.703110,96.260750,90.000000,0.703113,6.371826,0.973915
2203,2.203000,90.766006,96.106224,90.000000,0.766006,11.405572,0.970963
2204,2.204000,90.829323,95.951263,90.000000,0.829328,15.822055,0.967866
2205,2.205000,90.892998,95.796074,90.000000,0.892999,20.104683,0.964631
2206,2.206000,90.956940,95.640892,90.000000,0.956944,23.917267,0.961266
2207,2.207000,91.021072,95.485992,90.000000,1.021072,27.240379,0.957777
2208,2.208000,91.085312,95.331680,90.000000,1.085317,30.140326,0.954173
2209,2.209000,91.149590,95.178268,90.000000,1.149589,32.704472,0.950464
2210,2.210000,91.213821,95.026138,90.000000,1.213820,34.955288,0.946658
2211,2.211000,91.277916,94.875572,90.000000,1.277915,37.016834,0.942767
2212,2.212000,91.341812,94.726875,90.000000,1.341811,39.070606,0.938799
2213,2.213000,91.405426,94.580299,90.000000,1.405427,40.896084,0.934767
2214,2.214000,91.468681,94.436073,90.000000,1.468682,42.691772,0.930681
2215,2.215000,91.531494,94.294380,90.000000,1.531499,43.964481,0.926551
2216,2.216000,91.593819,94.155380,90.000000,1.593818,44.927204,0.922391
2217,2.217000,91.655548,94.019211,90.000000,1.655549,45.696503,0.918211
2218,2.218000,91.716621,93.885994,90.000000,1.716624,46.192238,0.914023
2219,2.219000,91.776978,93.755852,90.000000,1.776983,46.439137,0.909838
2220,2.220000,91.836540,93.628899,90.000000,1.836542,46.403069,0.905669
2221,2.221000,91.895248,93.505234,90.000000,1.895248,46.161934,0.901527
2222,2.222000,91.953018,93.384933,90.000000,1.953017,45.794941,0.897422
2223,2.223000,92.009804,93.268059,90.000000,2.009804,45.338303,0.893368
2224,2.224000,92.065521,93.154640,90.000000,2.065524,44.785454,0.889374
2225,2.225000,92.120132,93.044708,90.000000,2.120138,44.140823,0.885452
2226,2.226000,92.173569,92.938240,90.000000,2.173571,43.453575,0.881612
2227,2.227000,92.225769,92.835243,90.000000,2.225774,42.791145,0.877864
2228,2.228000,92.276680,92.735672,90.000000,2.276680,42.174789,0.874219
2229,2.229000,92.326241,92.639496,90.000000,2.326246,41.653385,0.870686
2230,2.230000,92.374413,92.546661,90.000000,2.374413,41.178703,0.867275
2231,2.231000,92.421120,92.457115,90.000000,2.421124,40.768757,0.863994
2232,2.232000,92.466339,92.370811,90.000000,2.466340,40.534817,0.860852
2233,2.233000,92.510010,92.287682,90.000000,2.510012,40.482151,0.857858
2234,2.234000,92.552086,92.207664,90.000000,2.552086,40.563560,0.855018
2235,2.235000,92.592529,92.130722,90.000000,2.592528,40.757999,0.852341
2236,2.236000,92.631279,92.056793,90.000000,2.631282,41.071373,0.849833
2237,2.237000,92.668320,91.985840,90.000000,2.668323,41.449913,0.847500
2238,2.238000,92.703598,91.917824,90.000000,2.703600,41.948723,0.845350
2239,2.239000,92.737076,91.852730,90.000000,2.737075,42.548622,0.843386
2240,2.240000,92.768723,91.790535,90.000000,2.768726,43.166866,0.841615
2241,2.241000,92.798500,91.731239,90.000000,2.798499,43.843414,0.840041
2242,2.242000,92.826378,91.674858,90.000000,2.826380,44.585754,0.838668
2243,2.243000,92.852325,91.621391,90.000000,2.852328,45.372406,0.837500
2244,2.244000,92.876312,91.570869,90.000000,2.876315,46.274517,0.836540
2245,2.245000,92.898315,91.523308,90.000000,2.898315,47.270222,0.835790
2246,2.246000,92.918304,91.478752,90.000000,2.918308,48.405895,0.835254
2247,2.247000,92.936256,91.437233,90.000000,2.936257,49.652248,0.834932
2248,2.248000,92.952156,91.398796,90.000000,2.952158,51.119247,0.834827
2249,2.249000,92.965973,91.363464,90.000000,2.965975,52.729515,0.834938
2250,2.250000,92.977699,91.331299,90.000000,2.977703,54.448849,0.835266
2251,2.251000,92.987312,91.302345,90.000000,2.987313,56.296837,0.835811
2252,2.252000,92.994804,91.276665,90.000000,2.994806,58.594269,0.836572
2253,2.253000,93.000160,91.254318,90.000000,3.000160,61.184914,0.837547
2254,2.254000,93.003365,91.235397,90.000000,3.003371,64.454208,0.838735
2255,2.255000,93.004417,91.219963,90.000000,3.004422,68.075851,0.840133
2256,2.256000,93.003304,91.208145,90.000000,3.003309,71.953613,0.841739
2257,2.257000,93.000038,91.200020,90.000000,3.000037,75.646439,0.843548
2258,2.258000,92.994598,91.195732,90.000000,2.994601,78.752983,0.845558
2259,2.259000,92.986992,91.195412,90.000000,2.986992,81.157578,0.847762
2260,2.260000,92.977219,91.199226,90.000000,2.977225,82.898933,0.850155
2261,2.261000,92.965294,91.207375,90.000000,2.965299,83.892334,0.852733
2262,2.262000,92.951218,91.220116,90.000000,2.951222,84.217461,0.855487
2263,2.263000,92.934998,91.237686,90.000000,2.935000,84.041969,0.858412
2264,2.264000,92.916649,91.260338,90.000000,2.916655,83.513512,0.861500
2265,2.265000,92.896187,91.288277,90.000000,2.896191,82.824905,0.864742
2266,2.266000,92.873627,91.321678,90.000000,2.873631,82.041298,0.868130
2267,2.267000,92.848999,91.360626,90.000000,2.849001,81.187164,0.871654
2268,2.268000,92.822304,91.405182,90.000000,2.822309,80.147842,0.875305
2269,2.269000,92.793594,91.455338,90.000000,2.793595,78.931252,0.879073
2270,2.270000,92.762878,91.511063,90.000000,2.762880,77.660645,0.882947
2271,2.271000,92.730194,91.572289,90.000000,2.730197,76.301086,0.886915
2272,2.272000,92.695587,91.638931,90.000000,2.695589,74.782753,0.890967
2273,2.273000,92.659073,91.710922,90.000000,2.659075,73.172745,0.895091
2274,2.274000,92.620705,91.788177,90.000000,2.620709,71.523170,0.899274
2275,2.275000,92.580528,91.870598,90.000000,2.580527,69.737000,0.903505
2276,2.276000,92.538567,91.958084,90.000000,2.538569,67.783791,0.907771
2277,2.277000,92.494896,92.050537,90.000000,2.494897,66.010773,0.912058
2278,2.278000,92.449539,92.147842,90.000000,2.449545,64.049194,0.916355
2279,2.279000,92.402573,92.249886,90.000000,2.402574,61.867607,0.920649
2280,2.280000,92.354027,92.356552,90.000000,2.354031,59.625908,0.924926
2281,2.281000,92.303978,92.467690,90.000000,2.303980,57.232780,0.929175
2282,2.282000,92.252480,92.583183,90.000000,2.252480,54.736088,0.933382
2283,2.283000,92.199577,92.702888,90.000000,2.199580,52.392128,0.937535
2284,2.284000,92.145355,92.826660,90.000000,2.145355,49.996544,0.941623
2285,2.285000,92.089867,92.954353,90.000000,2.089867,47.618164,0.945633
2286,2.286000,92.033173,93.085823,90.000000,2.033176,45.267704,0.949554
2287,2.287000,91.975357,93.220894,90.000000,1.975359,42.966988,0.953376
2288,2.288000,91.916481,93.359413,90.000000,1.916483,40.706474,0.957088
2289,2.289000,91.856613,93.501183,90.000000,1.856616,38.458519,0.960680
2290,2.290000,91.795830,93.646034,90.000000,1.795834,36.233891,0.964143
2291,2.291000,91.734207,93.793800,90.000000,1.734212,34.013054,0.967470
2292,2.292000,91.671829,93.944313,90.000000,1.671832,31.808468,0.970652
2293,2.293000,91.608757,94.097404,90.000000,1.608762,29.303207,0.973682
2294,2.294000,91.545082,94.252914,90.000000,1.545084,26.215969,0.976555
2295,2.295000,91.480873,94.410683,90.000000,1.480874,22.428875,0.979266
2296,2.296000,91.416222,94.570549,90.000000,1.416226,17.897930,0.981809
2297,2.297000,91.351204,94.732368,90.000000,1.351203,12.717646,0.984183
2298,2.298000,91.285896,94.895981,90.000000,1.285899,7.210800,0.986385
2299,2.299000,91.220398,95.061234,90.000000,1.220398,1.563340,0.988413
2300,2.300000,91.154778,95.227959,90.000000,1.154780,-3.569299,0.990266
2301,2.301000,91.089127,95.395958,90.000000,1.089128,-8.239758,0.991947
2302,2.302000,91.023529,95.564972,90.000000,1.023531,-12.459866,0.993455
2303,2.303000,90.958069,95.734680,90.000000,0.958071,-16.385593,0.994793
2304,2.304000,90.892830,95.904747,90.000000,0.892835,-20.268730,0.995965
2305,2.305000,90.827911,96.074768,90.000000,0.827914,-24.179630,0.996975
2306,2.306000,90.763382,96.244354,90.000000,0.763383,-27.842560,0.997827
2307,2.307000,90.699326,96.413155,90.000000,0.699329,-31.390184,0.998527
2308,2.308000,90.635841,96.580833,90.000000,0.635843,-34.668713,0.999083
2309,2.309000,90.573006,96.747116,90.000000,0.573012,-37.981461,0.999500
2310,2.310000,90.510902,96.911736,90.000000,0.510905,-41.589466,0.999786
2311,2.311000,90.449615,97.074432,90.000000,0.449618,-45.359097,0.999950
2312,2.312000,90.389221,97.234962,90.000000,0.389225,-49.099411,1.000000
2313,2.313000,90.329803,97.393097,90.000000,0.329802,-53.464054,0.999945
2314,2.314000,90.271446,97.548592,90.000000,0.271445,-58.149551,0.999795
2315,2.315000,90.214211,97.701248,90.000000,0.214215,-62.668068,0.999559
2316,2.316000,90.158195,97.850845,90.000000,0.158201,-67.072784,0.999248
2317,2.317000,90.103462,97.997169,90.000000,0.103464,-71.240067,0.998870
2318,2.318000,90.050087,98.139977,90.000000,0.050086,-75.004829,0.998436
2319,2.319000,89.998138,98.279015,90.000000,-0.001858,-78.449028,0.997955
2320,2.320000,89.947693,98.414009,90.000000,-0.052306,-81.552963,0.997438
2321,2.321000,89.898811,98.544662,90.000000,-0.101189,-84.062958,0.996895
2322,2.322000,89.851555,98.670662,90.000000,-0.148440,-85.987701,0.996334
2323,2.323000,89.806000,98.791725,90.000000,-0.193998,-87.491676,0.995764
2324,2.324000,89.762199,98.907585,90.000000,-0.237800,-88.671829,0.995195
2325,2.325000,89.720207,99.017975,90.000000,-0.279792,-89.478981,0.994634
2326,2.326000,89.680084,99.122696,90.000000,-0.319912,-90.120346,0.994090
2327,2.327000,89.641884,99.221550,90.000000,-0.358114,-90.637337,0.993570
2328,2.328000,89.605659,99.314384,90.000000,-0.394341,-91.049652,0.993081
2329,2.329000,89.571442,99.401093,90.000000,-0.428553,-91.369278,0.992629
2330,2.330000,89.539291,99.481590,90.000000,-0.460703,-91.709480,0.992219
2331,2.331000,89.509247,99.555832,90.000000,-0.490749,-92.086517,0.991857
2332,2.332000,89.481339,99.623787,90.000000,-0.518657,-92.387802,0.991546
2333,2.333000,89.455612,99.685448,90.000000,-0.544387,-92.618011,0.991292
2334,2.334000,89.432091,99.740784,90.000000,-0.567910,-92.744347,0.991095
2335,2.335000,89.410797,99.789818,90.000000,-0.589199,-92.719528,0.990960
2336,2.336000,89.391777,99.832535,90.000000,-0.608221,-92.546379,0.990887
2337,2.337000,89.375038,99.868935,90.000000,-0.624962,-92.222977,0.990876
2338,2.338000,89.360596,99.899033,90.000000,-0.639401,-91.758118,0.990929
2339,2.339000,89.348473,99.922806,90.000000,-0.651525,-91.142426,0.991044
2340,2.340000,89.338692,99.940269,90.000000,-0.661306,-90.387497,0.991220
2341,2.341000,89.331245,99.951431,90.000000,-0.668751,-89.483940,0.991454
2342,2.342000,89.326149,99.956306,90.000000,-0.673846,-88.494110,0.991745
2343,2.343000,89.323410,99.954933,90.000000,-0.676585,-87.435638,0.992088
2344,2.344000,89.323021,99.947334,90.000000,-0.676974,-86.276855,0.992479
2345,2.345000,89.324989,99.933578,90.000000,-0.675007,-84.992607,0.992914
2346,2.346000,89.329300,99.913719,90.000000,-0.670697,-83.720200,0.993387
2347,2.347000,89.335945,99.887825,90.000000,-0.664051,-82.516449,0.993892
2348,2.348000,89.344917,99.855972,90.000000,-0.655083,-81.296593,0.994423
2349,2.349000,89.356201,99.818268,90.000000,-0.643800,-80.059219,0.994972
2350,2.350000,89.369766,99.774773,90.000000,-0.630228,-78.852997,0.995533
2351,2.351000,89.385605,99.725601,90.000000,-0.614389,-77.288094,0.996096
2352,2.352000,89.403702,99.670845,90.000000,-0.596296,-75.452316,0.996655
2353,2.353000,89.424011,99.610626,90.000000,-0.575983,-73.846527,0.997200
2354,2.354000,89.446510,99.545036,90.000000,-0.553484,-71.962448,0.997723
2355,2.355000,89.471176,99.474167,90.000000,-0.528821,-69.929268,0.998214
2356,2.356000,89.497963,99.398125,90.000000,-0.502033,-67.618248,0.998665
2357,2.357000,89.526840,99.317001,90.000000,-0.473154,-65.279099,0.999065
2358,2.358000,89.557762,99.230919,90.000000,-0.442234,-62.839073,0.999406
2359,2.359000,89.590691,99.140007,90.000000,-0.409306,-60.077599,0.999679
2360,2.360000,89.625580,99.044395,90.000000,-0.374417,-57.213631,0.999873
2361,2.361000,89.662384,98.944229,90.000000,-0.337616,-54.836948,0.999981
2362,2.362000,89.701042,98.839638,90.000000,-0.298957,-52.447136,0.999993
2363,2.363000,89.741516,98.730820,90.000000,-0.258482,-49.993431,0.999900
2364,2.364000,89.783745,98.617935,90.000000,-0.216251,-47.588150,0.999695
2365,2.365000,89.827675,98.501160,90.000000,-0.172326,-45.096321,0.999369
2366,2.366000,89.873245,98.380692,90.000000,-0.126755,-42.446777,0.998916
2367,2.367000,89.920395,98.256744,90.000000,-0.079606,-39.622204,0.998328
2368,2.368000,89.969063,98.129501,90.000000,-0.030934,-36.743217,0.997599
2369,2.369000,90.019188,97.999115,90.000000,0.019193,-33.790916,0.996723
2370,2.370000,90.070702,97.865776,90.000000,0.070706,-30.802809,0.995697
2371,2.371000,90.123535,97.729645,90.000000,0.123538,-27.971760,0.994514
2372,2.372000,90.177620,97.590904,90.000000,0.177626,-25.343693,0.993172
2373,2.373000,90.232895,97.449730,90.000000,0.232896,-22.580442,0.991668
2374,2.374000,90.289276,97.306328,90.000000,0.289279,-19.793322,0.990001
2375,2.375000,90.346695,97.160889,90.000000,0.346700,-16.775986,0.988169
2376,2.376000,90.405090,97.013634,90.000000,0.405092,-13.707299,0.986171
2377,2.377000,90.464363,96.864754,90.000000,0.464364,-10.480517,0.984009
2378,2.378000,90.524452,96.714462,90.000000,0.524456,-6.948024,0.981684
2379,2.379000,90.585281,96.562935,90.000000,0.585286,-2.937716,0.979199
2380,2.380000,90.646774,96.410362,90.000000,0.646778,1.608505,0.976556
2381,2.381000,90.708847,96.256943,90.000000,0.708851,6.534153,0.973759
2382,2.382000,90.771423,96.102859,90.000000,0.771429,11.578281,0.970815
2383,2.383000,90.834427,95.948341,90.000000,0.834431,15.972965,0.967727
2384,2.384000,90.897781,95.793602,90.000000,0.897780,20.242144,0.964503
2385,2.385000,90.961395,95.638870,90.000000,0.961397,24.021992,0.961150
2386,2.386000,91.025192,95.484428,90.000000,1.025198,27.312160,0.957676
2387,2.387000,91.089111,95.330574,90.000000,1.089115,30.173477,0.954088
2388,2.388000,91.153053,95.177658,90.000000,1.153059,32.705917,0.950396
2389,2.389000,91.216949,95.026009,90.000000,1.216955,34.928215,0.946609
2390,2.390000,91.280716,94.875938,90.000000,1.280722,36.977509,0.942737
2391,2.391000,91.344276,94.727753,90.000000,1.344277,39.018082,0.938791
2392,2.392000,91.407555,94.581688,90.000000,1.407558,40.835144,0.934781
2393,2.393000,91.470474,94.437981,90.000000,1.470478,42.620934,0.930718
2394,2.394000,91.532959,94.296799,90.000000,1.532961,43.865082,0.926614
2395,2.395000,91.594940,94.158310,90.000000,1.594945,44.811523,0.922479
2396,2.396000,91.656342,94.022652,90.000000,1.656341,45.560349,0.918325
2397,2.397000,91.717079,93.889931,90.000000,1.717082,46.036949,0.914164
2398,2.398000,91.777100,93.760292,90.000000,1.777106,46.274040,0.910007
2399,2.399000,91.836334,93.633827,90.000000,1.836337,46.221519,0.905866
2400,2.400000,91.894714,93.510643,90.000000,1.894715,45.973461,0.901753
2401,2.401000,91.952156,93.390831,90.000000,1.952157,45.596661,0.897678
2402,2.402000,92.008614,93.274422,90.000000,2.008615,45.128845,0.893653
2403,2.403000,92.064018,93.161461,90.000000,2.064022,44.563438,0.889689
2404,2.404000,92.118309,93.051964,90.000000,2.118315,43.912415,0.885796
2405,2.405000,92.171432,92.945930,90.000000,2.171433,43.223015,0.881986
2406,2.406000,92.223320,92.843353,90.000000,2.223322,42.558048,0.878268
2407,2.407000,92.273918,92.744186,90.000000,2.273920,41.940941,0.874653
2408,2.408000,92.323181,92.648392,90.000000,2.323186,41.427109,0.871149
2409,2.409000,92.371048,92.555931,90.000000,2.371052,40.947083,0.867767
2410,2.410000,92.417465,92.466743,90.000000,2.417470,40.557796,0.864514
2411,2.411000,92.462395,92.380768,90.000000,2.462399,40.345490,0.861401
2412,2.412000,92.505775,92.297958,90.000000,2.505778,40.313488,0.858434
2413,2.413000,92.547577,92.218254,90.000000,2.547579,40.411095,0.855621
2414,2.414000,92.587738,92.141586,90.000000,2.587740,40.622208,0.852970
2415,2.415000,92.626236,92.067932,90.000000,2.626235,40.946594,0.850487
2416,2.416000,92.663010,91.997231,90.000000,2.663009,41.334702,0.848180
2417,2.417000,92.698021,91.929459,90.000000,2.698027,41.833889,0.846053
2418,2.418000,92.731255,91.864586,90.000000,2.731256,42.435432,0.844112
2419,2.419000,92.762657,91.802597,90.000000,2.762661,43.054871,0.842363
2420,2.420000,92.792198,91.743507,90.000000,2.792202,43.732635,0.840810
2421,2.421000,92.819847,91.687317,90.000000,2.819850,44.476036,0.839457
2422,2.422000,92.845573,91.634033,90.000000,2.845573,45.266296,0.838308
2423,2.423000,92.869339,91.583679,90.000000,2.869342,46.166756,0.837366
2424,2.424000,92.891136,91.536293,90.000000,2.891137,47.161369,0.836634
2425,2.425000,92.910919,91.491890,90.000000,2.910924,48.304329,0.836113
2426,2.426000,92.928680,91.450523,90.000000,2.928683,49.549931,0.835806
2427,2.427000,92.944389,91.412224,90.000000,2.944392,51.019844,0.835714
2428,2.428000,92.958031,91.377022,90.000000,2.958032,52.637215,0.835837
2429,2.429000,92.969589,91.344986,90.000000,2.969589,54.360046,0.836176
2430,2.430000,92.979042,91.316154,90.000000,2.979042,56.222706,0.836730
2431,2.431000,92.986374,91.290581,90.000000,2.986377,58.514854,0.837499
2432,2.432000,92.991577,91.268341,90.000000,2.991582,61.128178,0.838481
2433,2.433000,92.994644,91.249512,90.000000,2.994648,64.396217,0.839675
2434,2.434000,92.995567,91.234169,90.000000,2.995571,68.028236,0.841077
2435,2.435000,92.994339,91.222427,90.000000,2.994341,71.907944,0.842685
2436,2.436000,92.990952,91.214394,90.000000,2.990953,75.571175,0.844496
2437,2.437000,92.985405,91.210167,90.000000,2.985407,78.640427,0.846505
2438,2.438000,92.977707,91.209908,90.000000,2.977710,81.009399,0.848708
2439,2.439000,92.967850,91.213783,90.000000,2.967854,82.732292,0.851098
2440,2.440000,92.955841,91.222000,90.000000,2.955846,83.700188,0.853672
2441,2.441000,92.941689,91.234787,90.000000,2.941694,84.010651,0.856421
2442,2.442000,92.925415,91.252403,90.000000,2.925418,83.816086,0.859338
2443,2.443000,92.907013,91.275108,90.000000,2.907017,83.282639,0.862417
2444,2.444000,92.886505,91.303085,90.000000,2.886506,82.594269,0.865650
2445,2.445000,92.863907,91.336510,90.000000,2.863912,81.811653,0.869026
2446,2.446000,92.839249,91.375473,90.000000,2.839255,80.956612,0.872538
2447,2.447000,92.812546,91.420036,90.000000,2.812549,79.919868,0.876175
2448,2.448000,92.783821,91.470184,90.000000,2.783821,78.701172,0.879927
2449,2.449000,92.753113,91.525879,90.000000,2.753113,77.439224,0.883785
2450,2.450000,92.720436,91.587051,90.000000,2.720437,76.079857,0.887735
2451,2.451000,92.685837,91.653641,90.000000,2.685842,74.568985,0.891769
2452,2.452000,92.649353,91.725555,90.000000,2.649355,72.970291,0.895872
2453,2.453000,92.611023,91.802719,90.000000,2.611024,71.320175,0.900035
2454,2.454000,92.570885,91.885033,90.000000,2.570890,69.530479,0.904243
2455,2.455000,92.528984,91.972397,90.000000,2.528987,67.598083,0.908486
2456,2.456000,92.485374,92.064713,90.000000,2.485376,65.842209,0.912750
2457,2.457000,92.440094,92.161873,90.000000,2.440099,63.891365,0.917022
2458,2.458000,92.393204,92.263756,90.000000,2.393203,61.725437,0.921291
2459,2.459000,92.344749,92.370239,90.000000,2.344749,59.487682,0.925542
2460,2.460000,92.294792,92.481186,90.000000,2.294793,57.095463,0.929764
2461,2.461000,92.243393,92.596474,90.000000,2.243396,54.616745,0.933945
2462,2.462000,92.190613,92.715958,90.000000,2.190612,52.268440,0.938071
2463,2.463000,92.136505,92.839500,90.000000,2.136510,49.875999,0.942131
2464,2.464000,92.081146,92.966965,90.000000,2.081145,47.500092,0.946114
2465,2.465000,92.024590,93.098183,90.000000,2.024591,45.153557,0.950007
2466,2.466000,91.966911,93.233009,90.000000,1.966917,42.856953,0.953801
2467,2.467000,91.908188,93.371254,90.000000,1.908191,40.596867,0.957486
2468,2.468000,91.848488,93.512756,90.000000,1.848488,38.345001,0.961051
2469,2.469000,91.787865,93.657341,90.000000,1.787870,36.124027,0.964488
2470,2.470000,91.726425,93.804825,90.000000,1.726426,33.900490,0.967788
2471,2.471000,91.664215,93.955048,90.000000,1.664217,31.696577,0.970944
2472,2.472000,91.601326,94.107834,90.000000,1.601331,29.128000,0.973949
2473,2.473000,91.537849,94.263039,90.000000,1.537851,25.994747,0.976798
2474,2.474000,91.473839,94.420502,90.000000,1.473839,22.178989,0.979485
2475,2.475000,91.409393,94.580055,90.000000,1.409396,17.605354,0.982006
2476,2.476000,91.344582,94.741547,90.000000,1.344584,12.410877,0.984358
2477,2.477000,91.279495,94.904831,90.000000,1.279499,6.903221,0.986539
2478,2.478000,91.214211,95.069756,90.000000,1.214216,1.289506,0.988548
2479,2.479000,91.148819,95.236130,90.000000,1.148824,-3.818149,0.990383
2480,2.480000,91.083412,95.403770,90.000000,1.083411,-8.446396,0.992046
2481,2.481000,91.018044,95.572403,90.000000,1.018046,-12.630733,0.993539
2482,2.482000,90.952827,95.741722,90.000000,0.952832,-16.540806,0.994863
2483,2.483000,90.887840,95.911369,90.000000,0.887843,-20.419680,0.996021
2484,2.484000,90.823166,96.080956,90.000000,0.823168,-24.312105,0.997019
2485,2.485000,90.758896,96.250099,90.000000,0.758895,-27.951088,0.997861
2486,2.486000,90.695099,96.418427,90.000000,0.695101,-31.483469,0.998553
2487,2.487000,90.631882,96.585632,90.000000,0.631881,-34.728409,0.999100
2488,2.488000,90.569305,96.751411,90.000000,0.569310,-38.038059,0.999511
2489,2.489000,90.507477,96.915527,90.000000,0.507476,-41.639172,0.999792
2490,2.490000,90.446449,97.077721,90.000000,0.446455,-45.389992,0.999952
2491,2.491000,90.386337,97.237740,90.000000,0.386336,-49.109257,1.000000
2492,2.492000,90.327194,97.395340,90.000000,0.327193,-53.477192,0.999944
2493,2.493000,90.269104,97.550323,90.000000,0.269109,-58.143715,0.999794
2494,2.494000,90.212158,97.702446,90.000000,0.212159,-62.634216,0.999559
2495,2.495000,90.156425,97.851517,90.000000,0.156425,-67.024811,0.999249
2496,2.496000,90.101967,97.997314,90.000000,0.101968,-71.174522,0.998874
2497,2.497000,90.048874,98.139587,90.000000,0.048877,-74.922333,0.998444
2498,2.498000,89.997208,98.278099,90.000000,-0.002787,-78.356354,0.997968
2499,2.499000,89.947044,98.412567,90.000000,-0.052954,-81.440582,0.997457
2500,2.500000,89.898438,98.542694,90.000000,-0.101558,-83.926346,0.996919
2501,2.501000,89.851471,98.668167,90.000000,-0.148529,-85.825104,0.996365
2502,2.502000,89.806190,98.788719,90.000000,-0.193807,-87.320618,0.995803
2503,2.503000,89.762672,98.904060,90.000000,-0.237329,-88.479111,0.995241
2504,2.504000,89.720955,99.013947,90.000000,-0.279041,-89.280067,0.994688
2505,2.505000,89.681107,99.118179,90.000000,-0.318888,-89.917473,0.994153
2506,2.506000,89.643181,99.216545,90.000000,-0.356816,-90.451096,0.993641
2507,2.507000,89.607224,99.308907,90.000000,-0.392777,-90.865601,0.993160
2508,2.508000,89.573280,99.395149,90.000000,-0.426716,-91.197090,0.992716
2509,2.509000,89.541397,99.475204,90.000000,-0.458599,-91.566788,0.992314
2510,2.510000,89.511612,99.549011,90.000000,-0.488386,-91.949600,0.991960
2511,2.511000,89.483963,99.616547,90.000000,-0.516034,-92.261070,0.991658
2512,2.512000,89.458496,99.677803,90.000000,-0.541504,-92.487366,0.991411
2513,2.513000,89.435226,99.732750,90.000000,-0.564775,-92.609383,0.991221
2514,2.514000,89.414177,99.781410,90.000000,-0.585818,-92.586418,0.991093
2515,2.515000,89.395393,99.823761,90.000000,-0.604602,-92.414001,0.991025
2516,2.516000,89.378891,99.859818,90.000000,-0.621103,-92.085312,0.991020
2517,2.517000,89.364693,99.889572,90.000000,-0.635303,-91.615799,0.991078
2518,2.518000,89.352806,99.913010,90.000000,-0.647195,-90.997337,0.991197
2519,2.519000,89.343239,99.930153,90.000000,-0.656757,-90.237076,0.991376
2520,2.520000,89.336021,99.941010,90.000000,-0.663976,-89.331009,0.991613
2521,2.521000,89.331139,99.945580,90.000000,-0.668860,-88.336159,0.991905
2522,2.522000,89.328606,99.943909,90.000000,-0.671394,-87.271011,0.992249
2523,2.523000,89.328423,99.936035,90.000000,-0.671578,-86.099983,0.992640
2524,2.524000,89.330582,99.922005,90.000000,-0.669413,-84.818306,0.993074
2525,2.525000,89.335075,99.901886,90.000000,-0.664919,-83.555916,0.993544
2526,2.526000,89.341911,99.875740,90.000000,-0.658089,-82.351418,0.994046
2527,2.527000,89.351051,99.843658,90.000000,-0.648943,-81.126610,0.994573
2528,2.528000,89.362511,99.805717,90.000000,-0.637489,-79.889282,0.995117
2529,2.529000,89.376236,99.762009,90.000000,-0.623760,-78.674728,0.995671
2530,2.530000,89.392242,99.712639,90.000000,-0.607757,-77.088013,0.996228
2531,2.531000,89.410477,99.657700,90.000000,-0.589520,-75.269188,0.996778
2532,2.532000,89.430931,99.597298,90.000000,-0.569064,-73.647842,0.997314
2533,2.533000,89.453568,99.531540,90.000000,-0.546429,-71.756973,0.997827
2534,2.534000,89.478355,99.460518,90.000000,-0.521642,-69.712776,0.998307
2535,2.535000,89.505264,99.384338,90.000000,-0.494731,-67.402168,0.998745
2536,2.536000,89.534256,99.303085,90.000000,-0.465744,-65.067101,0.999133
2537,2.537000,89.565277,99.216881,90.000000,-0.434721,-62.619991,0.999460
2538,2.538000,89.598297,99.125870,90.000000,-0.401697,-59.839577,0.999718
2539,2.539000,89.633278,99.030167,90.000000,-0.366720,-57.019852,0.999898
2540,2.540000,89.670158,98.929916,90.000000,-0.329837,-54.647400,0.999990
2541,2.541000,89.708893,98.825279,90.000000,-0.291103,-52.253525,0.999985
2542,2.542000,89.749435,98.716408,90.000000,-0.250565,-49.810883,0.999876
2543,2.543000,89.791718,98.603493,90.000000,-0.208280,-47.403324,0.999653
2544,2.544000,89.835693,98.486702,90.000000,-0.164307,-44.908951,0.999310
2545,2.545000,89.881302,98.366241,90.000000,-0.118695,-42.249084,0.998839
2546,2.546000,89.928482,98.242317,90.000000,-0.071512,-39.418678,0.998233
2547,2.547000,89.977180,98.115089,90.000000,-0.022820,-36.533863,0.997486
2548,2.548000,90.027321,97.984749,90.000000,0.027321,-33.579029,0.996593
2549,2.549000,90.078842,97.851456,90.000000,0.078841,-30.590639,0.995548
2550,2.550000,90.131668,97.715393,90.000000,0.131672,-27.782619,0.994348
2551,2.551000,90.185745,97.576729,90.000000,0.185747,-25.152668,0.992989
2552,2.552000,90.240997,97.435646,90.000000,0.241003,-22.384575,0.991468
2553,2.553000,90.297356,97.292343,90.000000,0.297359,-19.590601,0.989784
2554,2.554000,90.354744,97.147026,90.000000,0.354746,-16.565605,0.987936
2555,2.555000,90.413086,96.999893,90.000000,0.413090,-13.477360,0.985923
2556,2.556000,90.472321,96.851166,90.000000,0.472321,-10.240933,0.983747
2557,2.557000,90.532349,96.701035,90.000000,0.532352,-6.679353,0.981408
2558,2.558000,90.593109,96.549675,90.000000,0.593113,-2.629074,0.978910
2559,2.559000,90.654526,96.397285,90.000000,0.654530,1.975888,0.976255
2560,2.560000,90.716522,96.244064,90.000000,0.716528,6.912302,0.973448
2561,2.561000,90.779015,96.090195,90.000000,0.779017,11.926847,0.970494
2562,2.562000,90.841919,95.935905,90.000000,0.841923,16.320982,0.967398
2563,2.563000,90.905167,95.781395,90.000000,0.905171,20.558722,0.964167
2564,2.564000,90.968674,95.626923,90.000000,0.968678,24.288986,0.960807
2565,2.565000,91.032364,95.472763,90.000000,1.032369,27.530222,0.957328
2566,2.566000,91.096153,95.319214,90.000000,1.096156,30.351294,0.953736
2567,2.567000,91.159966,95.166618,90.000000,1.159971,32.850563,0.950042
2568,2.568000,91.223724,95.015320,90.000000,1.223724,35.043652,0.946254
2569,2.569000,91.287346,94.865623,90.000000,1.287347,37.085220,0.942383
2570,2.570000,91.350754,94.717834,90.000000,1.350759,39.115768,0.938438
2571,2.571000,91.413879,94.572189,90.000000,1.413883,40.918270,0.934431
2572,2.572000,91.476646,94.428894,90.000000,1.476646,42.700874,0.930372
2573,2.573000,91.538963,94.288155,90.000000,1.538965,43.884815,0.926273
2574,2.574000,91.600769,94.150108,90.000000,1.600771,44.814575,0.922145
2575,2.575000,91.661987,94.014900,90.000000,1.661990,45.536621,0.918000
2576,2.576000,91.722549,93.882637,90.000000,1.722553,45.991745,0.913848
2577,2.577000,91.782387,93.753456,90.000000,1.782392,46.208675,0.909701
2578,2.578000,91.841431,93.627457,90.000000,1.841433,46.134090,0.905572
2579,2.579000,91.899605,93.504745,90.000000,1.899605,45.868332,0.901471
2580,2.580000,91.956856,93.385391,90.000000,1.956856,45.472427,0.897410
2581,2.581000,92.013107,93.269455,90.000000,2.013109,44.996155,0.893399
2582,2.582000,92.068306,93.156952,90.000000,2.068311,44.418713,0.889450
2583,2.583000,92.122391,93.047913,90.000000,2.122392,43.761486,0.885574
2584,2.584000,92.175293,92.942337,90.000000,2.175299,43.071320,0.881781
2585,2.585000,92.226974,92.840195,90.000000,2.226976,42.409164,0.878081
2586,2.586000,92.277351,92.741463,90.000000,2.277356,41.796799,0.874484
2587,2.587000,92.326393,92.646095,90.000000,2.326396,41.293297,0.871000
2588,2.588000,92.374039,92.554047,90.000000,2.374044,40.810905,0.867637
2589,2.589000,92.420235,92.465256,90.000000,2.420236,40.442028,0.864405
2590,2.590000,92.464935,92.379677,90.000000,2.464940,40.258583,0.861312
2591,2.591000,92.508095,92.297249,90.000000,2.508100,40.245304,0.858366
2592,2.592000,92.549667,92.217903,90.000000,2.549669,40.359734,0.855574
2593,2.593000,92.589600,92.141602,90.000000,2.589605,40.589512,0.852945
2594,2.594000,92.627869,92.068291,90.000000,2.627867,40.924595,0.850484
2595,2.595000,92.664406,91.997925,90.000000,2.664409,41.314690,0.848199
2596,2.596000,92.699196,91.930473,90.000000,2.699202,41.827854,0.846094
2597,2.597000,92.732201,91.865921,90.000000,2.732205,42.430767,0.844176
2598,2.598000,92.763374,91.804253,90.000000,2.763378,43.057968,0.842449
2599,2.599000,92.792686,91.745468,90.000000,2.792687,43.741760,0.840918
2600,2.600000,92.820099,91.689583,90.000000,2.820103,44.487766,0.839588
2601,2.601000,92.845596,91.636597,90.000000,2.845600,45.290459,0.838461
2602,2.602000,92.869141,91.586555,90.000000,2.869144,46.198750,0.837540
2603,2.603000,92.890709,91.539459,90.000000,2.890713,47.205048,0.836829
2604,2.604000,92.910271,91.495361,90.000000,2.910275,48.357742,0.836330
2605,2.605000,92.927803,91.454292,90.000000,2.927808,49.609058,0.836044
2606,2.606000,92.943298,91.416290,90.000000,2.943299,51.100098,0.835972
2607,2.607000,92.956718,91.381401,90.000000,2.956720,52.732014,0.836115
2608,2.608000,92.968056,91.349663,90.000000,2.968059,54.460609,0.836474
2609,2.609000,92.977287,91.321129,90.000000,2.977293,56.344978,0.837047
2610,2.610000,92.984413,91.295860,90.000000,2.984417,58.672981,0.837834
2611,2.611000,92.989410,91.273933,90.000000,2.989410,61.309914,0.838834
2612,2.612000,92.992271,91.255409,90.000000,2.992272,64.629990,0.840045
2613,2.613000,92.992989,91.240379,90.000000,2.992989,68.290680,0.841464
2614,2.614000,92.991562,91.228958,90.000000,2.991561,72.175323,0.843088
2615,2.615000,92.987976,91.221245,90.000000,2.987975,75.778038,0.844914
2616,2.616000,92.982239,91.217354,90.000000,2.982238,78.782288,0.846937
2617,2.617000,92.974342,91.217445,90.000000,2.974342,81.088089,0.849152
2618,2.618000,92.964302,91.221672,90.000000,2.964302,82.752243,0.851555
2619,2.619000,92.952110,91.230247,90.000000,2.952110,83.657860,0.854140
2620,2.620000,92.937782,91.243423,90.000000,2.937787,83.917969,0.856899
2621,2.621000,92.921333,91.261452,90.000000,2.921333,83.687439,0.859826
2622,2.622000,92.902756,91.284561,90.000000,2.902762,83.134399,0.862913
2623,2.623000,92.882088,91.312981,90.000000,2.882094,82.437164,0.866152
2624,2.624000,92.859337,91.346832,90.000000,2.859342,81.649712,0.869534
2625,2.625000,92.834526,91.386230,90.000000,2.834528,80.786850,0.873050
2626,2.626000,92.807671,91.431213,90.000000,2.807672,79.735947,0.876691
2627,2.627000,92.778809,91.481781,90.000000,2.778808,78.515907,0.880446
2628,2.628000,92.747955,91.537880,90.000000,2.747956,77.248245,0.884304
2629,2.629000,92.715157,91.599457,90.000000,2.715157,75.879807,0.888255
2630,2.630000,92.680435,91.666428,90.000000,2.680439,74.359596,0.892286
2631,2.631000,92.643837,91.738708,90.000000,2.643836,72.755997,0.896387
2632,2.632000,92.605392,91.816231,90.000000,2.605396,71.095734,0.900546
2633,2.633000,92.565147,91.898888,90.000000,2.565153,69.295616,0.904749
2634,2.634000,92.523155,91.986588,90.000000,2.523160,67.392059,0.908986
2635,2.635000,92.479462,92.079216,90.000000,2.479461,65.624084,0.913242
2636,2.636000,92.434097,92.176674,90.000000,2.434102,63.659615,0.917506
2637,2.637000,92.387131,92.278839,90.000000,2.387130,61.493549,0.921765
2638,2.638000,92.338615,92.385590,90.000000,2.338616,59.247166,0.926005
2639,2.639000,92.288605,92.496796,90.000000,2.288605,56.845993,0.930216
2640,2.640000,92.237152,92.612328,90.000000,2.237153,54.387794,0.934383
2641,2.641000,92.184326,92.732033,90.000000,2.184329,52.030212,0.938496
2642,2.642000,92.130188,92.855782,90.000000,2.130193,49.641182,0.942542
2643,2.643000,92.074799,92.983429,90.000000,2.074800,47.268669,0.946509
2644,2.644000,92.018227,93.114830,90.000000,2.018232,44.927185,0.950387
2645,2.645000,91.960548,93.249817,90.000000,1.960551,42.636555,0.954164
2646,2.646000,91.901825,93.388199,90.000000,1.901825,40.374165,0.957831
2647,2.647000,91.842117,93.529823,90.000000,1.842122,38.124817,0.961379
2648,2.648000,91.781525,93.674515,90.000000,1.781525,35.909321,0.964798
2649,2.649000,91.720100,93.822090,90.000000,1.720101,33.682816,0.968080
2650,2.650000,91.657928,93.972397,90.000000,1.657933,31.484451,0.971217
2651,2.651000,91.595085,94.125244,90.000000,1.595088,28.830336,0.974204
2652,2.652000,91.531654,94.280495,90.000000,1.531656,25.633385,0.977034
2653,2.653000,91.467712,94.437988,90.000000,1.467712,21.751930,0.979703
2654,2.654000,91.403328,94.597565,90.000000,1.403331,17.087515,0.982206
2655,2.655000,91.338593,94.759064,90.000000,1.338594,11.857869,0.984540
2656,2.656000,91.273598,94.922333,90.000000,1.273598,6.315119,0.986703
2657,2.657000,91.208405,95.087227,90.000000,1.208411,0.750518,0.988695
2658,2.658000,91.143120,95.253563,90.000000,1.143121,-4.320683,0.990514
2659,2.659000,91.077805,95.421135,90.000000,1.077811,-8.900577,0.992161
2660,2.660000,91.012573,95.589668,90.000000,1.012576,-13.030468,0.993638
2661,2.661000,90.947479,95.758850,90.000000,0.947484,-16.928892,0.994948
2662,2.662000,90.882629,95.928329,90.000000,0.882631,-20.804237,0.996093
2663,2.663000,90.818100,96.097710,90.000000,0.818099,-24.676365,0.997078
2664,2.664000,90.753975,96.266602,90.000000,0.753978,-28.287390,0.997909
2665,2.665000,90.690346,96.434647,90.000000,0.690348,-31.805363,0.998589
2666,2.666000,90.627289,96.601540,90.000000,0.627291,-35.001457,0.999127
2667,2.667000,90.564888,96.766983,90.000000,0.564891,-38.347141,0.999529
2668,2.668000,90.503242,96.930733,90.000000,0.503241,-41.947693,0.999803
2669,2.669000,90.442406,97.092537,90.000000,0.442412,-45.696014,0.999957
2670,2.670000,90.382484,97.252151,90.000000,0.382484,-49.397648,0.999999
2671,2.671000,90.323547,97.409325,90.000000,0.323546,-53.845078,0.999939
2672,2.672000,90.265663,97.563843,90.000000,0.265667,-58.479469,0.999786
2673,2.673000,90.208931,97.715500,90.000000,0.208935,-62.955662,0.999550
2674,2.674000,90.153419,97.864090,90.000000,0.153420,-67.319710,0.999239
2675,2.675000,90.099182,98.009377,90.000000,0.099188,-71.440781,0.998864
2676,2.676000,90.046326,98.151123,90.000000,0.046329,-75.147270,0.998435
2677,2.677000,89.994896,98.289093,90.000000,-0.005102,-78.552277,0.997962
2678,2.678000,89.944977,98.422997,90.000000,-0.055024,-81.591560,0.997453
2679,2.679000,89.896614,98.552536,90.000000,-0.103382,-84.018654,0.996919
2680,2.680000,89.849899,98.677414,90.000000,-0.150100,-85.870987,0.996370
2681,2.681000,89.804871,98.797325,90.000000,-0.195125,-87.333099,0.995813
2682,2.682000,89.761612,98.912025,90.000000,-0.238387,-88.447830,0.995257
2683,2.683000,89.720161,99.021271,90.000000,-0.279840,-89.236404,0.994711
2684,2.684000,89.680580,99.124832,90.000000,-0.319421,-89.855804,0.994182
2685,2.685000,89.642914,99.222519,90.000000,-0.357082,-90.397560,0.993678
2686,2.686000,89.607231,99.314201,90.000000,-0.392770,-90.808876,0.993205
2687,2.687000,89.573555,99.399773,90.000000,-0.426443,-91.141556,0.992769
2688,2.688000,89.541946,99.479149,90.000000,-0.458053,-91.531982,0.992375
2689,2.689000,89.512428,99.552284,90.000000,-0.487566,-91.910782,0.992029
2690,2.690000,89.485062,99.619156,90.000000,-0.514935,-92.216743,0.991735
2691,2.691000,89.459862,99.679749,90.000000,-0.540138,-92.439926,0.991496
2692,2.692000,89.436859,99.734047,90.000000,-0.563135,-92.549988,0.991315
2693,2.693000,89.416100,99.782059,90.000000,-0.583899,-92.513046,0.991193
2694,2.694000,89.397598,99.823776,90.000000,-0.602402,-92.325943,0.991134
2695,2.695000,89.381371,99.859192,90.000000,-0.618631,-91.992111,0.991135
2696,2.696000,89.367432,99.888313,90.000000,-0.632564,-91.504875,0.991199
2697,2.697000,89.355820,99.911133,90.000000,-0.644176,-90.875862,0.991324
2698,2.698000,89.346527,99.927658,90.000000,-0.653471,-90.104729,0.991508
2699,2.699000,89.339577,99.937889,90.000000,-0.660425,-89.196259,0.991750
2700,2.700000,89.334953,99.941856,90.000000,-0.665042,-88.184349,0.992046
2701,2.701000,89.332687,99.939583,90.000000,-0.667309,-87.113480,0.992392
2702,2.702000,89.332764,99.931114,90.000000,-0.667234,-85.930832,0.992785
2703,2.703000,89.335175,99.916504,90.000000,-0.664823,-84.637024,0.993220
2704,2.704000,89.339928,99.895805,90.000000,-0.660069,-83.385620,0.993690
2705,2.705000,89.347008,99.869102,90.000000,-0.652993,-82.184677,0.994191
2706,2.706000,89.356392,99.836464,90.000000,-0.643602,-80.958351,0.994715
2707,2.707000,89.368088,99.797981,90.000000,-0.631909,-79.722710,0.995256
2708,2.708000,89.382057,99.753746,90.000000,-0.617941,-78.484993,0.995805
2709,2.709000,89.398285,99.703857,90.000000,-0.601712,-76.860191,0.996356
2710,2.710000,89.416748,99.648415,90.000000,-0.583250,-75.068970,0.996900
2711,2.711000,89.437424,99.587532,90.000000,-0.562575,-73.421082,0.997427
2712,2.712000,89.460266,99.521301,90.000000,-0.539728,-71.512444,0.997931
2713,2.713000,89.485268,99.449814,90.000000,-0.514730,-69.446693,0.998400
2714,2.714000,89.512367,99.373184,90.000000,-0.487628,-67.128891,0.998827
2715,2.715000,89.541557,99.291496,90.000000,-0.458442,-64.793991,0.999202
2716,2.716000,89.572769,99.204872,90.000000,-0.427228,-62.327751,0.999515
2717,2.717000,89.605972,99.113457,90.000000,-0.394027,-59.514893,0.999758
2718,2.718000,89.641121,99.017372,90.000000,-0.358879,-56.749622,0.999921
2719,2.719000,89.678162,98.916756,90.000000,-0.321838,-54.379234,0.999996
2720,2.720000,89.717056,98.811760,90.000000,-0.282941,-51.983620,0.999974
2721,2.721000,89.757736,98.702568,90.000000,-0.242260,-49.549721,0.999845
2722,2.722000,89.800163,98.589333,90.000000,-0.199831,-47.135605,0.999603
2723,2.723000,89.844276,98.472260,90.000000,-0.155721,-44.629509,0.999240
2724,2.724000,89.890015,98.351524,90.000000,-0.109987,-41.952896,0.998747
2725,2.725000,89.937309,98.227341,90.000000,-0.062687,-39.110420,0.998120
2726,2.726000,89.986107,98.099892,90.000000,-0.013893,-36.217216,0.997351
2727,2.727000,90.036346,97.969337,90.000000,0.036350,-33.258659,0.996435
2728,2.728000,90.087959,97.835854,90.000000,0.087959,-30.272734,0.995368
2729,2.729000,90.140869,97.699623,90.000000,0.140873,-27.503132,0.994145
2730,2.730000,90.195023,97.560806,90.000000,0.195022,-24.857231,0.992763
2731,2.731000,90.250336,97.419586,90.000000,0.250340,-22.086929,0.991220
2732,2.732000,90.306740,97.276169,90.000000,0.306744,-19.266018,0.989513
2733,2.733000,90.364174,97.130760,90.000000,0.364179,-16.238708,0.987643
2734,2.734000,90.422554,96.983566,90.000000,0.422556,-13.127520,0.985608
2735,2.735000,90.481804,96.834785,90.000000,0.481808,-9.867057,0.983410
2736,2.736000,90.541855,96.684624,90.000000,0.541859,-6.263353,0.981051
2737,2.737000,90.602623,96.533257,90.000000,0.602628,-2.162869,0.978533
2738,2.738000,90.664040,96.380882,90.000000,0.664045,2.518454,0.975859
2739,2.739000,90.726021,96.227692,90.000000,0.726022,7.486311,0.973033
2740,2.740000,90.788490,96.073883,90.000000,0.788491,12.417016,0.970062
2741,2.741000,90.851364,95.919662,90.000000,0.851369,16.820038,0.966950
2742,2.742000,90.914574,95.765266,90.000000,0.914576,21.008755,0.963703
2743,2.743000,90.978027,95.610924,90.000000,0.978028,24.672939,0.960330
2744,2.744000,91.041656,95.456924,90.000000,1.041658,27.861219,0.956838
2745,2.745000,91.105385,95.303574,90.000000,1.105384,30.629898,0.953236
2746,2.746000,91.169113,95.151207,90.000000,1.169117,33.094856,0.949532
2747,2.747000,91.232788,95.000191,90.000000,1.232788,35.249645,0.945736
2748,2.748000,91.296310,94.850800,90.000000,1.296315,37.287632,0.941858
2749,2.749000,91.359619,94.703339,90.000000,1.359624,39.288754,0.937908
2750,2.750000,91.422630,94.558052,90.000000,1.422633,41.084793,0.933897
2751,2.751000,91.485268,94.415146,90.000000,1.485272,42.868248,0.929836
2752,2.752000,91.547462,94.274811,90.000000,1.547461,43.970634,0.925737
2753,2.753000,91.609131,94.137177,90.000000,1.609131,44.876926,0.921610
2754,2.754000,91.670204,94.002396,90.000000,1.670207,45.573917,0.917466
2755,2.755000,91.730614,93.870567,90.000000,1.730620,45.997429,0.913319
2756,2.756000,91.790298,93.741837,90.000000,1.790302,46.178421,0.909178
2757,2.757000,91.849167,93.616295,90.000000,1.849171,46.073746,0.905055
2758,2.758000,91.907181,93.494049,90.000000,1.907180,45.787941,0.900963
2759,2.759000,91.964241,93.375160,90.000000,1.964246,45.371872,0.896911
2760,2.760000,92.020309,93.259697,90.000000,2.020315,44.884087,0.892912
2761,2.761000,92.075317,93.147667,90.000000,2.075319,44.294769,0.888976
2762,2.762000,92.129204,93.039101,90.000000,2.129209,43.630989,0.885113
2763,2.763000,92.181908,92.933990,90.000000,2.181911,42.943546,0.881335
2764,2.764000,92.233368,92.832314,90.000000,2.233369,42.286255,0.877651
2765,2.765000,92.283539,92.734032,90.000000,2.283544,41.685982,0.874071
2766,2.766000,92.332359,92.639114,90.000000,2.332359,41.193836,0.870605
2767,2.767000,92.379776,92.547501,90.000000,2.379781,40.712643,0.867261
2768,2.768000,92.425743,92.459137,90.000000,2.425748,40.371864,0.864049
2769,2.769000,92.470215,92.373970,90.000000,2.470220,40.213409,0.860977
2770,2.770000,92.513138,92.291946,90.000000,2.513141,40.220695,0.858053
2771,2.771000,92.554466,92.212997,90.000000,2.554470,40.344593,0.855285
2772,2.772000,92.594154,92.137085,90.000000,2.594160,40.593624,0.852679
2773,2.773000,92.632172,92.064140,90.000000,2.632177,40.939568,0.850242
2774,2.774000,92.668472,91.994148,90.000000,2.668473,41.336082,0.847981
2775,2.775000,92.703003,91.927071,90.000000,2.703006,41.860329,0.845901
2776,2.776000,92.735748,91.862869,90.000000,2.735750,42.467316,0.844009
2777,2.777000,92.766663,91.801552,90.000000,2.766664,43.102497,0.842308
2778,2.778000,92.795715,91.743134,90.000000,2.795719,43.796581,0.840803
2779,2.779000,92.822868,91.687592,90.000000,2.822869,44.548882,0.839499
2780,2.780000,92.848106,91.634964,90.000000,2.848107,45.359150,0.838399
2781,2.781000,92.871384,91.585274,90.000000,2.871384,46.277176,0.837505
2782,2.782000,92.892677,91.538544,90.000000,2.892681,47.291672,0.836821
2783,2.783000,92.911972,91.494804,90.000000,2.911976,48.458061,0.836349
2784,2.784000,92.929237,91.454094,90.000000,2.929243,49.732246,0.836089
2785,2.785000,92.944458,91.416466,90.000000,2.944460,51.245857,0.836044
2786,2.786000,92.957611,91.381935,90.000000,2.957615,52.893623,0.836214
2787,2.787000,92.968681,91.350563,90.000000,2.968680,54.635796,0.836599
2788,2.788000,92.977646,91.322403,90.000000,2.977648,56.540291,0.837198
2789,2.789000,92.984497,91.297516,90.000000,2.984499,58.923027,0.838011
2790,2.790000,92.989220,91.275970,90.000000,2.989225,61.592358,0.839037
2791,2.791000,92.991821,91.257835,90.000000,2.991821,64.990623,0.840272
2792,2.792000,92.992271,91.243217,90.000000,2.992272,68.686409,0.841715
2793,2.793000,92.990570,91.232201,90.000000,2.990571,72.570511,0.843363
2794,2.794000,92.986725,91.224907,90.000000,2.986725,76.102737,0.845212
2795,2.795000,92.980721,91.221451,90.000000,2.980722,79.020744,0.847257
2796,2.796000,92.972565,91.221985,90.000000,2.972566,81.246277,0.849494
2797,2.797000,92.962265,91.226685,90.000000,2.962266,82.832741,0.851917
2798,2.798000,92.949821,91.235756,90.000000,2.949822,83.659088,0.854521
2799,2.799000,92.935242,91.249443,90.000000,2.935246,83.858353,0.857299
2800,2.800000,92.918541,91.268005,90.000000,2.918540,83.577271,0.860244
2801,2.801000,92.899719,91.291687,90.000000,2.899723,83.007927,0.863348
2802,2.802000,92.878815,91.320686,90.000000,2.878815,82.299362,0.866602
2803,2.803000,92.855812,91.355125,90.000000,2.855818,81.503227,0.869998
2804,2.804000,92.830772,91.395119,90.000000,2.830772,80.628540,0.873528
2805,2.805000,92.803688,91.440689,90.000000,2.803690,79.556808,0.877180
2806,2.806000,92.774597,91.491844,90.000000,2.774600,78.333336,0.880945
2807,2.807000,92.743530,91.548515,90.000000,2.743530,77.053612,0.884812
2808,2.808000,92.710510,91.610649,90.000000,2.710513,75.672928,0.888770
2809,2.809000,92.675583,91.678169,90.000000,2.675583,74.143936,0.892808
2810,2.810000,92.638779,91.750992,90.000000,2.638782,72.533447,0.896913
2811,2.811000,92.600143,91.829033,90.000000,2.600144,70.862549,0.901075
2812,2.812000,92.559715,91.912201,90.000000,2.559716,69.041565,0.905280
2813,2.813000,92.517540,92.000389,90.000000,2.517539,67.169403,0.909516
2814,2.814000,92.473663,92.093506,90.000000,2.473662,65.380287,0.913771
2815,2.815000,92.428131,92.191422,90.000000,2.428132,63.391518,0.918032
2816,2.816000,92.381004,92.294037,90.000000,2.381004,61.220779,0.922287
2817,2.817000,92.332336,92.401222,90.000000,2.332339,58.960419,0.926521
2818,2.818000,92.282173,92.512840,90.000000,2.282178,56.548412,0.930725
2819,2.819000,92.230583,92.628761,90.000000,2.230589,54.114120,0.934883
2820,2.820000,92.177635,92.748848,90.000000,2.177635,51.740707,0.938986
2821,2.821000,92.123375,92.872963,90.000000,2.123376,49.355476,0.943020
2822,2.822000,92.067879,93.000954,90.000000,2.067881,46.985687,0.946975
2823,2.823000,92.011208,93.132675,90.000000,2.011211,44.646164,0.950839
2824,2.824000,91.953430,93.267960,90.000000,1.953434,42.359543,0.954602
2825,2.825000,91.894615,93.406639,90.000000,1.894619,40.095367,0.958254
2826,2.826000,91.834846,93.548523,90.000000,1.834848,37.853943,0.961784
2827,2.827000,91.774178,93.693451,90.000000,1.774183,35.645294,0.965186
2828,2.828000,91.712700,93.841248,90.000000,1.712704,33.416363,0.968449
2829,2.829000,91.650482,93.991753,90.000000,1.650488,31.230854,0.971568
2830,2.830000,91.587608,94.144791,90.000000,1.587609,28.486378,0.974535
2831,2.831000,91.524147,94.300209,90.000000,1.524150,25.228058,0.977345
2832,2.832000,91.460182,94.457840,90.000000,1.460185,21.267803,0.979994
2833,2.833000,91.395798,94.617538,90.000000,1.395797,16.511787,0.982476
2834,2.834000,91.331062,94.779152,90.000000,1.331067,11.238535,0.984790
2835,2.835000,91.266075,94.942505,90.000000,1.266078,5.657382,0.986933
2836,2.836000,91.200912,95.107475,90.000000,1.200918,0.152299,0.988904
2837,2.837000,91.135658,95.273865,90.000000,1.135662,-4.866069,0.990703
2838,2.838000,91.070396,95.441460,90.000000,1.070400,-9.409631,0.992330
2839,2.839000,91.005211,95.609985,90.000000,1.005213,-13.482786,0.993788
2840,2.840000,90.940178,95.779121,90.000000,0.940182,-17.371647,0.995079
2841,2.841000,90.875404,95.948509,90.000000,0.875405,-21.252102,0.996206
2842,2.842000,90.810951,96.117752,90.000000,0.810955,-25.109543,0.997173
2843,2.843000,90.746925,96.286469,90.000000,0.746929,-28.693008,0.997987
2844,2.844000,90.683395,96.454300,90.000000,0.683401,-32.191395,0.998652
2845,2.845000,90.620453,96.620934,90.000000,0.620454,-35.335014,0.999175
2846,2.846000,90.558182,96.786102,90.000000,0.558183,-38.728241,0.999563
2847,2.847000,90.496658,96.949547,90.000000,0.496657,-42.351677,0.999824
2848,2.848000,90.435966,97.111008,90.000000,0.435971,-46.102829,0.999966
2849,2.849000,90.376190,97.270256,90.000000,0.376193,-49.839844,0.999998
2850,2.850000,90.317413,97.427040,90.000000,0.317413,-54.367619,0.999928
2851,2.851000,90.259712,97.581146,90.000000,0.259711,-58.966866,0.999767
2852,2.852000,90.203148,97.732368,90.000000,0.203150,-63.418510,0.999523
2853,2.853000,90.147820,97.880493,90.000000,0.147819,-67.760254,0.999207
2854,2.854000,90.093781,98.025299,90.000000,0.093785,-71.829727,0.998827
2855,2.855000,90.041115,98.166534,90.000000,0.041118,-75.494331,0.998394
2856,2.856000,89.989899,98.303963,90.000000,-0.010102,-78.866943,0.997918
2857,2.857000,89.940186,98.437294,90.000000,-0.059812,-81.848053,0.997409
2858,2.858000,89.892052,98.566231,90.000000,-0.107944,-84.201843,0.996875
2859,2.859000,89.845558,98.690460,90.000000,-0.154437,-86.004333,0.996326
2860,2.860000,89.800774,98.809723,90.000000,-0.199223,-87.428131,0.995770
2861,2.861000,89.757744,98.923737,90.000000,-0.242253,-88.497330,0.995217
2862,2.862000,89.716545,99.032257,90.000000,-0.283453,-89.267227,0.994675
2863,2.863000,89.677208,99.135094,90.000000,-0.322788,-89.869255,0.994150
2864,2.864000,89.639809,99.232040,90.000000,-0.360190,-90.409119,0.993651
2865,2.865000,89.604378,99.322975,90.000000,-0.395618,-90.806946,0.993183
2866,2.866000,89.570976,99.407784,90.000000,-0.429025,-91.137283,0.992753
2867,2.867000,89.539635,99.486389,90.000000,-0.460362,-91.541672,0.992367
2868,2.868000,89.510399,99.558762,90.000000,-0.489602,-91.911194,0.992028
2869,2.869000,89.483299,99.624878,90.000000,-0.516697,-92.215469,0.991741
2870,2.870000,89.458374,99.684708,90.000000,-0.541620,-92.424492,0.991509
2871,2.871000,89.435661,99.738251,90.000000,-0.564337,-92.523117,0.991336
2872,2.872000,89.415184,99.785500,90.000000,-0.584814,-92.467361,0.991222
2873,2.873000,89.396957,99.826469,90.000000,-0.603037,-92.261635,0.991170
2874,2.874000,89.381020,99.861137,90.000000,-0.618979,-91.919334,0.991179
2875,2.875000,89.367371,99.889511,90.000000,-0.632626,-91.413406,0.991250
2876,2.876000,89.356041,99.911583,90.000000,-0.643957,-90.769791,0.991382
2877,2.877000,89.347038,99.927361,90.000000,-0.652959,-89.980186,0.991573
2878,2.878000,89.340370,99.936859,90.000000,-0.659625,-89.064682,0.991820
2879,2.879000,89.336044,99.940094,90.000000,-0.663956,-88.044411,0.992122
2880,2.880000,89.334053,99.937096,90.000000,-0.665943,-86.961792,0.992473
2881,2.881000,89.334419,99.927910,90.000000,-0.665581,-85.762299,0.992870
2882,2.882000,89.337112,99.912582,90.000000,-0.662883,-84.463272,0.993308
2883,2.883000,89.342140,99.891190,90.000000,-0.657856,-83.219635,0.993781
2884,2.884000,89.349495,99.863785,90.000000,-0.650500,-82.019653,0.994284
2885,2.885000,89.359161,99.830467,90.000000,-0.640836,-80.790451,0.994808
2886,2.886000,89.371124,99.791321,90.000000,-0.628876,-79.558670,0.995349
2887,2.887000,89.385361,99.746429,90.000000,-0.614635,-78.281563,0.995897
2888,2.888000,89.401855,99.695900,90.000000,-0.598140,-76.616058,0.996446
2889,2.889000,89.420578,99.639832,90.000000,-0.579419,-74.855469,0.996986
2890,2.890000,89.441505,99.578323,90.000000,-0.558491,-73.185318,0.997509
2891,2.891000,89.464607,99.511490,90.000000,-0.535391,-71.253983,0.998006
2892,2.892000,89.489845,99.439423,90.000000,-0.510154,-69.164558,0.998469
2893,2.893000,89.517189,99.362213,90.000000,-0.482806,-66.837341,0.998887
2894,2.894000,89.546608,99.279961,90.000000,-0.453388,-64.493576,0.999253
2895,2.895000,89.578049,99.192795,90.000000,-0.421949,-61.996819,0.999556
2896,2.896000,89.611473,99.100845,90.000000,-0.388522,-59.155235,0.999787
2897,2.897000,89.646835,99.004250,90.000000,-0.353162,-56.452530,0.999938
2898,2.898000,89.684090,98.903145,90.000000,-0.315910,-54.090706,0.999999
2899,2.899000,89.723183,98.797684,90.000000,-0.276814,-51.684128,0.999962
2900,2.900000,89.764061,98.688042,90.000000,-0.235935,-49.260139,0.999818
2901,2.901000,89.806679,98.574387,90.000000,-0.193322,-46.833221,0.999559
2902,2.902000,89.850960,98.456902,90.000000,-0.149035,-44.314529,0.999178
2903,2.903000,89.896866,98.335785,90.000000,-0.103129,-41.607224,0.998668
2904,2.904000,89.944328,98.211250,90.000000,-0.055673,-38.763596,0.998022
2905,2.905000,89.993279,98.083466,90.000000,-0.006721,-35.857323,0.997233
2906,2.906000,90.043663,97.952599,90.000000,0.043665,-32.896317,0.996298
2907,2.907000,90.095406,97.818825,90.000000,0.095411,-29.910440,0.995210
2908,2.908000,90.148453,97.682312,90.000000,0.148454,-27.189854,0.993967
2909,2.909000,90.202721,97.543243,90.000000,0.202720,-24.522923,0.992564
2910,2.910000,90.258148,97.401794,90.000000,0.258147,-21.750576,0.991000
2911,2.911000,90.314651,97.258179,90.000000,0.314653,-18.897144,0.989272
2912,2.912000,90.372177,97.112595,90.000000,0.372177,-15.866243,0.987381
2913,2.913000,90.430634,96.965248,90.000000,0.430637,-12.731053,0.985326
2914,2.914000,90.489960,96.816338,90.000000,0.489964,-9.448549,0.983107
2915,2.915000,90.550064,96.666069,90.000000,0.550069,-5.778224,0.980728
2916,2.916000,90.610893,96.514626,90.000000,0.610892,-1.627114,0.978191
2917,2.917000,90.672348,96.362190,90.000000,0.672350,3.121939,0.975498
2918,2.918000,90.734360,96.208954,90.000000,0.734361,8.118219,0.972655
2919,2.919000,90.796852,96.055138,90.000000,0.796851,12.951197,0.969666
2920,2.920000,90.859741,95.900932,90.000000,0.859743,17.354633,0.966538
2921,2.921000,90.922951,95.746582,90.000000,0.922950,21.500486,0.963276
2922,2.922000,90.986397,95.592316,90.000000,0.986402,25.097462,0.959889
2923,2.923000,91.050011,95.438431,90.000000,1.050012,28.229656,0.956384
2924,2.924000,91.113708,95.285233,90.000000,1.113710,30.948885,0.952770
2925,2.925000,91.177406,95.133072,90.000000,1.177408,33.369499,0.949055
2926,2.926000,91.241028,94.982277,90.000000,1.241032,35.492157,0.945250
2927,2.927000,91.304504,94.833160,90.000000,1.304505,37.525719,0.941365
2928,2.928000,91.367752,94.686012,90.000000,1.367752,39.498894,0.937409
2929,2.929000,91.430679,94.541054,90.000000,1.430686,41.285835,0.933393
2930,2.930000,91.493240,94.398506,90.000000,1.493243,43.008095,0.929329
2931,2.931000,91.555336,94.258537,90.000000,1.555336,44.075623,0.925227
2932,2.932000,91.616905,94.121307,90.000000,1.616911,44.950718,0.921099
2933,2.933000,91.677872,93.986931,90.000000,1.677877,45.619102,0.916957
2934,2.934000,91.738167,93.855530,90.000000,1.738167,46.011597,0.912812
2935,2.935000,91.797714,93.727226,90.000000,1.797719,46.153702,0.908675
2936,2.936000,91.856453,93.602119,90.000000,1.856459,46.023506,0.904558
2937,2.937000,91.914322,93.480331,90.000000,1.914324,45.725418,0.900472
2938,2.938000,91.971237,93.361908,90.000000,1.971240,45.291367,0.896429
2939,2.939000,92.027153,93.246895,90.000000,2.027152,44.796181,0.892439
2940,2.940000,92.081993,93.135338,90.000000,2.081999,44.190376,0.888514
2941,2.941000,92.135712,93.027229,90.000000,2.135711,43.521461,0.884664
2942,2.942000,92.188232,92.922577,90.000000,2.188235,42.836830,0.880899
2943,2.943000,92.239517,92.821350,90.000000,2.239516,42.183037,0.877230
2944,2.944000,92.289490,92.723518,90.000000,2.289493,41.600933,0.873666
2945,2.945000,92.338112,92.629036,90.000000,2.338117,41.118279,0.870216
2946,2.946000,92.385330,92.537849,90.000000,2.385334,40.643562,0.866891
2947,2.947000,92.431091,92.449913,90.000000,2.431096,40.325272,0.863698
2948,2.948000,92.475357,92.365166,90.000000,2.475356,40.190807,0.860646
2949,2.949000,92.518059,92.283531,90.000000,2.518058,40.217903,0.857743
2950,2.950000,92.559158,92.204987,90.000000,2.559162,40.353535,0.854996
2951,2.951000,92.598625,92.129456,90.000000,2.598627,40.617561,0.852412
2952,2.952000,92.636406,92.056900,90.000000,2.636412,40.969650,0.849999
2953,2.953000,92.672462,91.987282,90.000000,2.672468,41.373077,0.847762
2954,2.954000,92.706757,91.920570,90.000000,2.706763,41.916069,0.845707
2955,2.955000,92.739265,91.856743,90.000000,2.739268,42.526688,0.843839
2956,2.956000,92.769936,91.795799,90.000000,2.769935,43.170956,0.842164
2957,2.957000,92.798729,91.737732,90.000000,2.798731,43.871796,0.840685
2958,2.958000,92.825630,91.682564,90.000000,2.825635,44.631325,0.839407
2959,2.959000,92.850609,91.630318,90.000000,2.850613,45.453011,0.838333
2960,2.960000,92.873627,91.580994,90.000000,2.873631,46.385792,0.837467
2961,2.961000,92.894669,91.534637,90.000000,2.894668,47.414387,0.836810
2962,2.962000,92.913696,91.491272,90.000000,2.913697,48.592712,0.836364
2963,2.963000,92.930702,91.450951,90.000000,2.930704,49.892685,0.836132
2964,2.964000,92.945656,91.413696,90.000000,2.945656,51.431889,0.836114
2965,2.965000,92.958534,91.379562,90.000000,2.958537,53.097813,0.836311
2966,2.966000,92.969330,91.348587,90.000000,2.969336,54.850159,0.836723
2967,2.967000,92.978027,91.320824,90.000000,2.978031,56.779255,0.837349
2968,2.968000,92.984612,91.296349,90.000000,2.984615,59.223114,0.838189
2969,2.969000,92.989067,91.275215,90.000000,2.989068,61.972549,0.839241
2970,2.970000,92.991386,91.257507,90.000000,2.991390,65.405518,0.840502
2971,2.971000,92.991562,91.243317,90.000000,2.991568,69.138145,0.841970
2972,2.972000,92.989601,91.232750,90.000000,2.989601,73.021317,0.843643
2973,2.973000,92.985474,91.225929,90.000000,2.985476,76.478691,0.845516
2974,2.974000,92.979202,91.222946,90.000000,2.979205,79.304184,0.847584
2975,2.975000,92.970779,91.223984,90.000000,2.970784,81.458443,0.849844
2976,2.976000,92.960213,91.229202,90.000000,2.960217,82.951141,0.852290
2977,2.977000,92.947502,91.238815,90.000000,2.947506,83.691360,0.854915
2978,2.978000,92.932663,91.253082,90.000000,2.932664,83.825714,0.857713
2979,2.979000,92.915695,91.272255,90.000000,2.915698,83.498901,0.860677
2980,2.980000,92.896622,91.296570,90.000000,2.896622,82.909203,0.863798
2981,2.981000,92.875450,91.326218,90.000000,2.875455,82.187263,0.867070
2982,2.982000,92.852203,91.361320,90.000000,2.852205,81.379028,0.870482
2983,2.983000,92.826904,91.401985,90.000000,2.826906,80.490005,0.874025
2984,2.984000,92.799576,91.448227,90.000000,2.799578,79.394981,0.877691
2985,2.985000,92.770248,91.500046,90.000000,2.770249,78.168961,0.881467
2986,2.986000,92.738937,91.557373,90.000000,2.738940,76.876968,0.885345
2987,2.987000,92.705696,91.620163,90.000000,2.705697,75.478004,0.889312
2988,2.988000,92.670540,91.688309,90.000000,2.670542,73.935287,0.893357
2989,2.989000,92.633514,91.761757,90.000000,2.633516,72.313904,0.897468
2990,2.990000,92.594666,91.840408,90.000000,2.594666,70.627647,0.901634
2991,2.991000,92.554024,91.924171,90.000000,2.554026,68.785782,0.905842
2992,2.992000,92.511642,92.012947,90.000000,2.511645,66.941856,0.910079
2993,2.993000,92.467567,92.106636,90.000000,2.467570,65.129349,0.914334
2994,2.994000,92.421852,92.205109,90.000000,2.421855,63.116974,0.918592
2995,2.995000,92.374542,92.308266,90.000000,2.374542,60.940304,0.922843
2996,2.996000,92.325699,92.415970,90.000000,2.325700,58.662060,0.927073
2997,2.997000,92.275375,92.528099,90.000000,2.275375,56.236000,0.931269
2998,2.998000,92.223625,92.644501,90.000000,2.223629,53.821785,0.935420
2999,2.999000,92.170525,92.765053,90.000000,2.170525,51.442524,0.939513
3000,3.000000,92.116119,92.889626,90.000000,2.116122,49.058945,0.943536
3001,3.001000,92.060486,93.018051,90.000000,2.060490,46.694195,0.947478
3002,3.002000,92.003693,93.150185,90.000000,2.003697,44.358604,0.951328
3003,3.003000,91.945801,93.285858,90.000000,1.945805,42.072281,0.955076
3004,3.004000,91.886887,93.424904,90.000000,1.886887,39.811348,0.958712
3005,3.005000,91.827011,93.567139,90.000000,1.827014,37.573158,0.962225
3006,3.006000,91.766266,93.712387,90.000000,1.766266,35.366608,0.965608
3007,3.007000,91.704712,93.860497,90.000000,1.704713,33.137558,0.968853
3008,3.008000,91.642426,94.011284,90.000000,1.642428,30.959776,0.971951
3009,3.009000,91.579483,94.164589,90.000000,1.579488,28.121626,0.974898
3010,3.010000,91.515976,94.320251,90.000000,1.515981,24.795162,0.977688
3011,3.011000,91.451981,94.478111,90.000000,1.451982,20.758623,0.980314
3012,3.012000,91.387566,94.638008,90.000000,1.387567,15.893888,0.982775
3013,3.013000,91.322823,94.799805,90.000000,1.322823,10.576210,0.985067
3014,3.014000,91.257828,94.963333,90.000000,1.257827,4.951794,0.987188
3015,3.015000,91.192665,95.128448,90.000000,1.192667,-0.498048,0.989137
3016,3.016000,91.127426,95.294960,90.000000,1.127432,-5.463911,0.990913
3017,3.017000,91.062187,95.462646,90.000000,1.062190,-9.965067,0.992519
3018,3.018000,90.997040,95.631233,90.000000,0.997044,-13.973467,0.993956
3019,3.019000,90.932060,95.800400,90.000000,0.932061,-17.854923,0.995226
3020,3.020000,90.867340,95.969757,90.000000,0.867345,-21.747641,0.996333
3021,3.021000,90.802963,96.138924,90.000000,0.802964,-25.574970,0.997281
3022,3.022000,90.739014,96.307510,90.000000,0.739013,-29.149862,0.998075
3023,3.023000,90.675575,96.475189,90.000000,0.675574,-32.605820,0.998723
3024,3.024000,90.612732,96.641624,90.000000,0.612736,-35.718697,0.999229
3025,3.025000,90.550568,96.806557,90.000000,0.550568,-39.166527,0.999601
3026,3.026000,90.489166,96.969727,90.000000,0.489171,-42.817558,0.999847
3027,3.027000,90.428612,97.130898,90.000000,0.428615,-46.573761,0.999976
3028,3.028000,90.368980,97.289818,90.000000,0.368980,-50.385193,0.999995
3029,3.029000,90.310349,97.446243,90.000000,0.310350,-54.952736,0.999914
3030,3.030000,90.252800,97.599968,90.000000,0.252806,-59.518696,0.999743
3031,3.031000,90.196411,97.750778,90.000000,0.196416,-63.957970,0.999490
3032,3.032000,90.141258,97.898476,90.000000,0.141262,-68.271370,0.999166
3033,3.033000,90.087410,98.042809,90.000000,0.087413,-72.295471,0.998780
3034,3.034000,90.034950,98.183556,90.000000,0.034950,-75.925980,0.998342
3035,3.035000,89.983925,98.320450,90.000000,-0.016071,-79.250397,0.997862
3036,3.036000,89.934425,98.453217,90.000000,-0.065570,-82.151810,0.997350
3037,3.037000,89.886520,98.581551,90.000000,-0.113477,-84.429832,0.996815
3038,3.038000,89.840256,98.705147,90.000000,-0.159744,-86.172821,0.996265
3039,3.039000,89.795700,98.823730,90.000000,-0.204298,-87.559235,0.995711
3040,3.040000,89.752922,98.937042,90.000000,-0.247075,-88.579254,0.995159
3041,3.041000,89.711967,99.044838,90.000000,-0.288029,-89.328728,0.994620
3042,3.042000,89.672890,99.146919,90.000000,-0.327105,-89.917274,0.994099
3043,3.043000,89.635750,99.243095,90.000000,-0.364247,-90.454880,0.993604
3044,3.044000,89.600586,99.333237,90.000000,-0.399409,-90.829956,0.993141
3045,3.045000,89.567459,99.417252,90.000000,-0.432542,-91.157501,0.992717
3046,3.046000,89.536392,99.495064,90.000000,-0.463606,-91.579430,0.992337
3047,3.047000,89.507431,99.566643,90.000000,-0.492566,-91.934189,0.992005
3048,3.048000,89.480621,99.631943,90.000000,-0.519374,-92.235001,0.991725
3049,3.049000,89.455994,99.690979,90.000000,-0.544004,-92.432037,0.991501
3050,3.050000,89.433571,99.743721,90.000000,-0.566428,-92.509857,0.991336
3051,3.051000,89.413383,99.790169,90.000000,-0.586618,-92.432396,0.991230
3052,3.052000,89.395454,99.830338,90.000000,-0.604540,-92.207016,0.991186
3053,3.053000,89.379807,99.864212,90.000000,-0.620188,-91.852112,0.991203
3054,3.054000,89.366470,99.891792,90.000000,-0.633527,-91.326920,0.991282
3055,3.055000,89.355438,99.913071,90.000000,-0.644558,-90.668640,0.991421
3056,3.056000,89.346741,99.928055,90.000000,-0.653260,-89.861435,0.991619
3057,3.057000,89.340370,99.936752,90.000000,-0.659625,-88.937027,0.991874
3058,3.058000,89.336349,99.939201,90.000000,-0.663648,-87.902489,0.992181
3059,3.059000,89.334663,99.935425,90.000000,-0.665336,-86.808716,0.992538
3060,3.060000,89.335327,99.925461,90.000000,-0.664673,-85.592911,0.992940
3061,3.061000,89.338326,99.909370,90.000000,-0.661675,-84.282852,0.993382
3062,3.062000,89.343651,99.887222,90.000000,-0.656347,-83.057625,0.993859
3063,3.063000,89.351303,99.859077,90.000000,-0.648697,-81.851448,0.994364
3064,3.064000,89.361259,99.825027,90.000000,-0.638739,-80.619850,0.994891
3065,3.065000,89.373512,99.785149,90.000000,-0.626485,-79.397545,0.995432
3066,3.066000,89.388039,99.739555,90.000000,-0.611958,-78.074348,0.995980
3067,3.067000,89.404816,99.688316,90.000000,-0.595183,-76.371811,0.996526
3068,3.068000,89.423820,99.631577,90.000000,-0.576174,-74.645790,0.997064
3069,3.069000,89.445023,99.569397,90.000000,-0.554973,-72.943451,0.997583
3070,3.070000,89.468399,99.501907,90.000000,-0.531600,-70.994926,0.998075
3071,3.071000,89.493904,99.429199,90.000000,-0.506090,-68.863121,0.998532
3072,3.072000,89.521515,99.351357,90.000000,-0.478482,-66.535553,0.998943
3073,3.073000,89.551186,99.268494,90.000000,-0.448812,-64.182510,0.999300
3074,3.074000,89.582878,99.180733,90.000000,-0.417120,-61.650921,0.999593
3075,3.075000,89.616554,99.088203,90.000000,-0.383447,-58.782112,0.999814
3076,3.076000,89.652153,98.991043,90.000000,-0.347848,-56.149616,0.999952
3077,3.077000,89.689636,98.889397,90.000000,-0.310364,-53.791763,1.000000
3078,3.078000,89.728951,98.783417,90.000000,-0.271049,-51.372902,0.999948
3079,3.079000,89.770042,98.673271,90.000000,-0.229952,-48.958549,0.999789
3080,3.080000,89.812874,98.559143,90.000000,-0.187127,-46.517891,0.999514
3081,3.081000,89.857361,98.441208,90.000000,-0.142635,-43.974415,0.999116
3082,3.082000,89.903458,98.319672,90.000000,-0.096538,-41.248779,0.998587
3083,3.083000,89.951111,98.194733,90.000000,-0.048890,-38.400860,0.997922
3084,3.084000,90.000237,98.066566,90.000000,0.000239,-35.477806,0.997114
3085,3.085000,90.050789,97.935349,90.000000,0.050789,-32.517479,0.996158
3086,3.086000,90.102692,97.801231,90.000000,0.102692,-29.528585,0.995050
3087,3.087000,90.155884,97.664413,90.000000,0.155885,-26.857277,0.993785
3088,3.088000,90.210289,97.525047,90.000000,0.210295,-24.171261,0.992361
3089,3.089000,90.265846,97.383339,90.000000,0.265851,-21.402363,0.990775
3090,3.090000,90.322487,97.239479,90.000000,0.322487,-18.506161,0.989026
3091,3.091000,90.380119,97.093681,90.000000,0.380120,-15.472562,0.987113
3092,3.092000,90.438683,96.946144,90.000000,0.438683,-12.320361,0.985037
3093,3.093000,90.498093,96.797073,90.000000,0.498098,-9.014330,0.982797
3094,3.094000,90.558289,96.646667,90.000000,0.558293,-5.265747,0.980397
3095,3.095000,90.619186,96.495110,90.000000,0.619191,-1.035934,0.977839
3096,3.096000,90.680710,96.342583,90.000000,0.680710,3.753751,0.975127
3097,3.097000,90.742775,96.189293,90.000000,0.742776,8.781521,0.972264
3098,3.098000,90.805305,96.035423,90.000000,0.805307,13.520668,0.969257
3099,3.099000,90.868225,95.881218,90.000000,0.868226,17.907265,0.966111
3100,3.100000,90.931458,95.726883,90.000000,0.931460,21.993542,0.962834
3101,3.101000,90.994919,95.572678,90.000000,0.994919,25.528315,0.959431
3102,3.102000,91.058533,95.418884,90.000000,1.058536,28.604950,0.955912
3103,3.103000,91.122215,95.265823,90.000000,1.122221,31.278303,0.952284
3104,3.104000,91.185905,95.113838,90.000000,1.185905,33.654503,0.948558
3105,3.105000,91.249496,94.963280,90.000000,1.249501,35.748055,0.944742
3106,3.106000,91.312927,94.814423,90.000000,1.312933,37.780930,0.940847
3107,3.107000,91.376122,94.667557,90.000000,1.376126,39.722599,0.936883
3108,3.108000,91.439003,94.522926,90.000000,1.439005,41.503441,0.932862
3109,3.109000,91.501495,94.380730,90.000000,1.501494,43.139084,0.928792
3110,3.110000,91.563515,94.241127,90.000000,1.563519,44.181038,0.924688
3111,3.111000,91.624992,94.104279,90.000000,1.624997,45.027809,0.920558
3112,3.112000,91.685867,93.970299,90.000000,1.685868,45.665169,0.916416
3113,3.113000,91.746056,93.839317,90.000000,1.746056,46.028797,0.912271
3114,3.114000,91.805489,93.711441,90.000000,1.805492,46.133385,0.908137
3115,3.115000,91.864113,93.586777,90.000000,1.864116,45.977585,0.904025
3116,3.116000,91.921844,93.465431,90.000000,1.921844,45.661377,0.899944
3117,3.117000,91.978622,93.347466,90.000000,1.978624,45.221863,0.895908
3118,3.118000,92.034393,93.232910,90.000000,2.034392,44.711792,0.891927
3119,3.119000,92.089081,93.121803,90.000000,2.089082,44.098072,0.888012
3120,3.120000,92.142632,93.014153,90.000000,2.142630,43.421669,0.884173
3121,3.121000,92.194984,92.909958,90.000000,2.194990,42.741550,0.880421
3122,3.122000,92.246094,92.809181,90.000000,2.246094,42.092850,0.876765
3123,3.123000,92.295883,92.711784,90.000000,2.295886,41.528481,0.873217
3124,3.124000,92.344322,92.617744,90.000000,2.344326,41.049107,0.869784
3125,3.125000,92.391342,92.526985,90.000000,2.391345,40.581909,0.866476
3126,3.126000,92.436897,92.439468,90.000000,2.436902,40.286388,0.863302
3127,3.127000,92.480949,92.355125,90.000000,2.480950,40.174904,0.860269
3128,3.128000,92.523438,92.273903,90.000000,2.523441,40.221889,0.857386
3129,3.129000,92.564323,92.195755,90.000000,2.564326,40.373173,0.854661
3130,3.130000,92.603561,92.120605,90.000000,2.603565,40.654076,0.852100
3131,3.131000,92.641113,92.048439,90.000000,2.641118,41.013794,0.849710
3132,3.132000,92.676949,91.979195,90.000000,2.676949,41.427818,0.847496
3133,3.133000,92.710999,91.912857,90.000000,2.711004,41.988472,0.845466
3134,3.134000,92.743263,91.849411,90.000000,2.743263,42.598576,0.843623
3135,3.135000,92.773682,91.788834,90.000000,2.773685,43.248276,0.841974
3136,3.136000,92.802231,91.731140,90.000000,2.802235,43.959522,0.840522
3137,3.137000,92.828880,91.676353,90.000000,2.828880,44.727478,0.839270
3138,3.138000,92.853600,91.624474,90.000000,2.853598,45.562782,0.838224
3139,3.139000,92.876350,91.575531,90.000000,2.876356,46.506771,0.837384
3140,3.140000,92.897125,91.529556,90.000000,2.897127,47.556549,0.836755
3141,3.141000,92.915894,91.486580,90.000000,2.915896,48.747875,0.836338
3142,3.142000,92.932625,91.446648,90.000000,2.932624,50.080364,0.836134
3143,3.143000,92.947304,91.409790,90.000000,2.947309,51.630978,0.836144
3144,3.144000,92.959915,91.376045,90.000000,2.959917,53.319229,0.836369
3145,3.145000,92.970436,91.345482,90.000000,2.970435,55.079617,0.836809
3146,3.146000,92.978851,91.318146,90.000000,2.978857,57.059929,0.837463
3147,3.147000,92.985161,91.294083,90.000000,2.985161,59.546333,0.838330
3148,3.148000,92.989334,91.273384,90.000000,2.989335,62.389011,0.839409
3149,3.149000,92.991371,91.256119,90.000000,2.991377,65.850479,0.840697
3150,3.150000,92.991272,91.242386,90.000000,2.991274,69.620232,0.842192
3151,3.151000,92.989021,91.232292,90.000000,2.989027,73.509308,0.843891
3152,3.152000,92.984619,91.225945,90.000000,2.984622,76.885086,0.845789
3153,3.153000,92.978065,91.223473,90.000000,2.978072,79.612167,0.847883
3154,3.154000,92.969368,91.225037,90.000000,2.969370,81.694176,0.850167
3155,3.155000,92.958519,91.230789,90.000000,2.958524,83.087730,0.852636
3156,3.156000,92.945534,91.240990,90.000000,2.945533,83.733871,0.855284
3157,3.157000,92.930412,91.255867,90.000000,2.930417,83.804161,0.858104
3158,3.158000,92.913170,91.275681,90.000000,2.913171,83.430771,0.861088
3159,3.159000,92.893829,91.300667,90.000000,2.893828,82.815178,0.864229
3160,3.160000,92.872383,91.330994,90.000000,2.872388,82.080643,0.867519
3161,3.161000,92.848877,91.366814,90.000000,2.848879,81.264526,0.870948
3162,3.162000,92.823311,91.408188,90.000000,2.823313,80.354813,0.874508
3163,3.163000,92.795723,91.455139,90.000000,2.795726,79.233841,0.878188
3164,3.164000,92.766136,91.507660,90.000000,2.766138,78.009155,0.881978
3165,3.165000,92.734573,91.565697,90.000000,2.734575,76.702980,0.885867
3166,3.166000,92.701080,91.629158,90.000000,2.701080,75.281235,0.889844
3167,3.167000,92.665680,91.697998,90.000000,2.665686,73.725883,0.893898
3168,3.168000,92.628426,91.772102,90.000000,2.628428,72.096786,0.898017
3169,3.169000,92.589333,91.851410,90.000000,2.589338,70.395065,0.902188
3170,3.170000,92.548470,91.935814,90.000000,2.548473,68.534470,0.906400
3171,3.171000,92.505875,92.025223,90.000000,2.505873,66.718109,0.910640
3172,3.172000,92.461586,92.119522,90.000000,2.461586,64.880722,0.914895
3173,3.173000,92.415665,92.218597,90.000000,2.415667,62.836464,0.919153
3174,3.174000,92.368156,92.322327,90.000000,2.368156,60.654015,0.923401
3175,3.175000,92.319122,92.430603,90.000000,2.319122,58.354740,0.927626
3176,3.176000,92.268608,92.543282,90.000000,2.268613,55.912781,0.931817
3177,3.177000,92.216690,92.660217,90.000000,2.216690,53.524261,0.935960
3178,3.178000,92.163422,92.781288,90.000000,2.163421,51.136337,0.940044
3179,3.179000,92.108856,92.906342,90.000000,2.108862,48.756069,0.944057
3180,3.180000,92.053078,93.035248,90.000000,2.053080,46.392410,0.947988
3181,3.181000,91.996140,93.167831,90.000000,1.996143,44.061363,0.951825
3182,3.182000,91.938110,93.303947,90.000000,1.938114,41.779495,0.955558
3183,3.183000,91.879074,93.443390,90.000000,1.879074,39.519302,0.959178
3184,3.184000,91.819092,93.586014,90.000000,1.819091,37.286232,0.962674
3185,3.185000,91.758240,93.731628,90.000000,1.758241,35.080666,0.966039
3186,3.186000,91.696587,93.880081,90.000000,1.696592,32.853489,0.969265
3187,3.187000,91.634224,94.031189,90.000000,1.634225,30.668633,0.972344
3188,3.188000,91.571205,94.184799,90.000000,1.571210,27.741728,0.975270
3189,3.189000,91.507637,94.340736,90.000000,1.507641,24.307226,0.978038
3190,3.190000,91.443588,94.498856,90.000000,1.443588,20.196068,0.980644
3191,3.191000,91.379128,94.658997,90.000000,1.379131,15.227181,0.983082
3192,3.192000,91.314354,94.821014,90.000000,1.314354,9.859016,0.985352
3193,3.193000,91.249344,94.984741,90.000000,1.249344,4.219160,0.987450
3194,3.194000,91.184174,95.150040,90.000000,1.184177,-1.176365,0.989376
3195,3.195000,91.118935,95.316711,90.000000,1.118935,-6.079314,0.991131
3196,3.196000,91.053711,95.484520,90.000000,1.053714,-10.529760,0.992715
3197,3.197000,90.988586,95.653198,90.000000,0.988588,-14.480565,0.994129
3198,3.198000,90.923637,95.822395,90.000000,0.923640,-18.359190,0.995378
3199,3.199000,90.858963,95.991745,90.000000,0.858965,-22.257919,0.996464
3200,3.200000,90.794640,96.160851,90.000000,0.794645,-26.044195,0.997392
3201,3.201000,90.730759,96.329338,90.000000,0.730762,-29.604279,0.998167
3202,3.202000,90.667404,96.496849,90.000000,0.667405,-33.021011,0.998796
3203,3.203000,90.604645,96.663101,90.000000,0.604649,-36.123753,0.999284
3204,3.204000,90.542580,96.827812,90.000000,0.542583,-39.633469,0.999640
3205,3.205000,90.481293,96.990723,90.000000,0.481296,-43.311470,0.999870
3206,3.206000,90.420860,97.151611,90.000000,0.420863,-47.064285,0.999984
3207,3.207000,90.361359,97.310196,90.000000,0.361358,-50.949692,0.999990
3208,3.208000,90.302872,97.466278,90.000000,0.302871,-55.554668,0.999897
3209,3.209000,90.245476,97.619629,90.000000,0.245477,-60.101280,0.999715
3210,3.210000,90.189247,97.770042,90.000000,0.189251,-64.527626,0.999452
3211,3.211000,90.134262,97.917305,90.000000,0.134268,-68.814316,0.999120
3212,3.212000,90.080597,98.061180,90.000000,0.080596,-72.781975,0.998727
3213,3.213000,90.028320,98.201431,90.000000,0.028325,-76.375992,0.998283
3214,3.214000,89.977509,98.337799,90.000000,-0.022492,-79.656883,0.997799
3215,3.215000,89.928215,98.469994,90.000000,-0.071785,-82.474808,0.997284
3216,3.216000,89.880516,98.597717,90.000000,-0.119480,-84.671959,0.996746
3217,3.217000,89.834473,98.720665,90.000000,-0.165523,-86.360077,0.996196
3218,3.218000,89.790154,98.838577,90.000000,-0.209844,-87.707825,0.995641
3219,3.219000,89.747612,98.951172,90.000000,-0.252382,-88.676361,0.995091
3220,3.220000,89.706902,99.058228,90.000000,-0.293097,-89.407684,0.994554
3221,3.221000,89.668083,99.159531,90.000000,-0.331913,-89.982582,0.994036
3222,3.222000,89.631203,99.254929,90.000000,-0.368796,-90.506577,0.993545
3223,3.223000,89.596306,99.344276,90.000000,-0.403691,-90.866562,0.993088
3224,3.224000,89.563438,99.427483,90.000000,-0.436558,-91.191391,0.992669
3225,3.225000,89.532646,99.504478,90.000000,-0.467349,-91.624954,0.992295
3226,3.226000,89.503975,99.575233,90.000000,-0.496022,-91.967117,0.991970
3227,3.227000,89.477448,99.639717,90.000000,-0.522550,-92.252991,0.991697
3228,3.228000,89.453102,99.697929,90.000000,-0.546893,-92.447693,0.991481
3229,3.229000,89.430977,99.749847,90.000000,-0.569023,-92.504272,0.991323
3230,3.230000,89.411087,99.795479,90.000000,-0.588913,-92.404358,0.991226
3231,3.231000,89.393456,99.834824,90.000000,-0.606541,-92.163170,0.991189
3232,3.232000,89.378113,99.867882,90.000000,-0.621882,-91.790512,0.991215
3233,3.233000,89.365074,99.894638,90.000000,-0.634921,-91.248993,0.991302
3234,3.234000,89.354347,99.915092,90.000000,-0.645651,-90.573105,0.991449
3235,3.235000,89.345955,99.929260,90.000000,-0.654045,-89.745453,0.991654
3236,3.236000,89.339897,99.937149,90.000000,-0.660104,-88.801514,0.991915
3237,3.237000,89.336174,99.938789,90.000000,-0.663826,-87.761124,0.992230
3238,3.238000,89.334801,99.934204,90.000000,-0.665199,-86.655930,0.992593
3239,3.239000,89.335762,99.923439,90.000000,-0.664236,-85.422913,0.993000
3240,3.240000,89.339066,99.906563,90.000000,-0.660930,-84.112701,0.993447
3241,3.241000,89.344704,99.883629,90.000000,-0.655295,-82.896011,0.993927
3242,3.242000,89.352654,99.854713,90.000000,-0.647345,-81.680779,0.994435
3243,3.243000,89.362915,99.819901,90.000000,-0.637086,-80.453308,0.994964
3244,3.244000,89.375458,99.779274,90.000000,-0.624539,-79.237717,0.995506
3245,3.245000,89.390282,99.732941,90.000000,-0.609717,-77.865356,0.996054
3246,3.246000,89.407349,99.680992,90.000000,-0.592649,-76.114288,0.996600
3247,3.247000,89.426643,99.623535,90.000000,-0.573353,-74.434799,0.997135
3248,3.248000,89.448135,99.560669,90.000000,-0.551866,-72.695869,0.997651
3249,3.249000,89.471786,99.492500,90.000000,-0.528213,-70.729996,0.998139
3250,3.250000,89.497566,99.419113,90.000000,-0.502429,-68.549377,0.998590
3251,3.251000,89.525452,99.340622,90.000000,-0.474548,-66.230118,0.998994
3252,3.252000,89.555382,99.257118,90.000000,-0.444618,-63.864456,0.999343
3253,3.253000,89.587334,99.168732,90.000000,-0.412666,-61.300091,0.999627
3254,3.254000,89.621254,99.075607,90.000000,-0.378741,-58.404781,0.999837
3255,3.255000,89.657104,98.977867,90.000000,-0.342896,-55.849182,0.999964
3256,3.256000,89.694832,98.875641,90.000000,-0.305166,-53.485123,0.999999
3257,3.257000,89.734375,98.769119,90.000000,-0.265619,-51.057457,0.999934
3258,3.258000,89.775703,98.658455,90.000000,-0.224297,-48.648014,0.999759
3259,3.259000,89.818748,98.543823,90.000000,-0.181253,-46.198006,0.999468
3260,3.260000,89.863441,98.425423,90.000000,-0.136556,-43.627441,0.999053
3261,3.261000,89.909744,98.303444,90.000000,-0.090254,-40.883728,0.998507
3262,3.262000,89.957581,98.178085,90.000000,-0.042415,-38.031956,0.997823
3263,3.263000,90.006905,98.049515,90.000000,0.006905,-35.093887,0.996996
3264,3.264000,90.057632,97.917915,90.000000,0.057633,-32.125298,0.996020
3265,3.265000,90.109703,97.783447,90.000000,0.109706,-29.144604,0.994892
3266,3.266000,90.163055,97.646294,90.000000,0.163057,-26.512508,0.993606
3267,3.267000,90.217621,97.506622,90.000000,0.217623,-23.803471,0.992161
3268,3.268000,90.273315,97.364632,90.000000,0.273317,-21.041826,0.990553
3269,3.269000,90.330078,97.220512,90.000000,0.330083,-18.110296,0.988783
3270,3.270000,90.387833,97.074478,90.000000,0.387839,-15.074060,0.986848
3271,3.271000,90.446518,96.926727,90.000000,0.446517,-11.906077,0.984750
3272,3.272000,90.506035,96.777481,90.000000,0.506035,-8.561826,0.982490
3273,3.273000,90.566315,96.626930,90.000000,0.566318,-4.739900,0.980069
3274,3.274000,90.627296,96.475243,90.000000,0.627298,-0.432392,0.977490
3275,3.275000,90.688881,96.322617,90.000000,0.688886,4.403530,0.974758
3276,3.276000,90.751015,96.169243,90.000000,0.751013,9.453009,0.971876
3277,3.277000,90.813599,96.015327,90.000000,0.813598,14.097831,0.968851
3278,3.278000,90.876564,95.861099,90.000000,0.876566,18.463600,0.965687
3279,3.279000,90.939827,95.706779,90.000000,0.939827,22.476543,0.962393
3280,3.280000,91.003304,95.552612,90.000000,1.003307,25.948877,0.958974
3281,3.281000,91.066925,95.398903,90.000000,1.066930,28.975185,0.955441
3282,3.282000,91.130623,95.245972,90.000000,1.130622,31.607153,0.951800
3283,3.283000,91.194290,95.094170,90.000000,1.194293,33.940094,0.948061
3284,3.284000,91.257866,94.943817,90.000000,1.257868,36.004852,0.944235
3285,3.285000,91.321266,94.795219,90.000000,1.321266,38.040955,0.940331
3286,3.286000,91.384422,94.648643,90.000000,1.384425,39.952660,0.936359
3287,3.287000,91.447243,94.504326,90.000000,1.447249,41.730942,0.932330
3288,3.288000,91.509674,94.362457,90.000000,1.509677,43.275879,0.928256
3289,3.289000,91.571625,94.223221,90.000000,1.571626,44.293495,0.924148
3290,3.290000,91.633026,94.086746,90.000000,1.633030,45.117840,0.920016
3291,3.291000,91.693810,93.953163,90.000000,1.693812,45.716331,0.915873
3292,3.292000,91.753899,93.822578,90.000000,1.753904,46.050232,0.911730
3293,3.293000,91.813232,93.695122,90.000000,1.813238,46.116005,0.907598
3294,3.294000,91.871735,93.570900,90.000000,1.871738,45.937439,0.903489
3295,3.295000,91.929344,93.449997,90.000000,1.929344,45.603722,0.899414
3296,3.296000,91.985992,93.332474,90.000000,1.985994,45.157272,0.895385
3297,3.297000,92.041618,93.218376,90.000000,2.041619,44.631706,0.891412
3298,3.298000,92.096153,93.107719,90.000000,2.096158,44.010689,0.887506
3299,3.299000,92.149551,93.000526,90.000000,2.149556,43.330986,0.883678
3300,3.300000,92.201744,92.896774,90.000000,2.201746,42.648575,0.879938
3301,3.301000,92.252678,92.796440,90.000000,2.252678,42.006996,0.876297
3302,3.302000,92.302299,92.699493,90.000000,2.302299,41.458252,0.872763
3303,3.303000,92.350548,92.605881,90.000000,2.350548,40.981819,0.869346
3304,3.304000,92.397377,92.515549,90.000000,2.397376,40.534012,0.866055
3305,3.305000,92.442741,92.428444,90.000000,2.442742,40.259705,0.862899
3306,3.306000,92.486580,92.344513,90.000000,2.486585,40.173378,0.859886
3307,3.307000,92.528862,92.263702,90.000000,2.528864,40.234600,0.857024
3308,3.308000,92.569534,92.185936,90.000000,2.569537,40.399521,0.854320
3309,3.309000,92.608559,92.111183,90.000000,2.608558,40.698235,0.851781
3310,3.310000,92.645882,92.039398,90.000000,2.645885,41.065334,0.849414
3311,3.311000,92.681473,91.970535,90.000000,2.681478,41.492462,0.847224
3312,3.312000,92.715302,91.904572,90.000000,2.715301,42.070061,0.845218
3313,3.313000,92.747314,91.841492,90.000000,2.747314,42.680695,0.843401
3314,3.314000,92.777489,91.781296,90.000000,2.777489,43.334801,0.841777
3315,3.315000,92.805794,91.723976,90.000000,2.805794,44.053848,0.840351
3316,3.316000,92.832184,91.669563,90.000000,2.832186,44.824623,0.839126
3317,3.317000,92.856651,91.618073,90.000000,2.856651,45.677803,0.838107
3318,3.318000,92.879150,91.569504,90.000000,2.879150,46.633732,0.837295
3319,3.319000,92.899651,91.523918,90.000000,2.899654,47.705116,0.836693
3320,3.320000,92.918152,91.481339,90.000000,2.918157,48.910271,0.836304
3321,3.321000,92.934616,91.441803,90.000000,2.934618,50.278141,0.836128
3322,3.322000,92.949028,91.405342,90.000000,2.949030,51.842297,0.836166
3323,3.323000,92.961365,91.372017,90.000000,2.961365,53.540138,0.836420
3324,3.324000,92.971611,91.341866,90.000000,2.971610,55.326225,0.836888
3325,3.325000,92.979752,91.314949,90.000000,2.979752,57.375263,0.837570
3326,3.326000,92.985771,91.291321,90.000000,2.985776,59.885403,0.838465
3327,3.327000,92.989677,91.271065,90.000000,2.989676,62.828167,0.839571
3328,3.328000,92.991432,91.254242,90.000000,2.991431,66.310867,0.840887
3329,3.329000,92.991043,91.240982,90.000000,2.991049,70.121246,0.842409
3330,3.330000,92.988510,91.231369,90.000000,2.988515,73.997429,0.844134
3331,3.331000,92.983833,91.225517,90.000000,2.983836,77.296616,0.846058
3332,3.332000,92.976997,91.223564,90.000000,2.976999,79.929489,0.848177
3333,3.333000,92.968018,91.225655,90.000000,2.968018,81.931351,0.850486
3334,3.334000,92.956879,91.231979,90.000000,2.956884,83.214729,0.852978
3335,3.335000,92.943619,91.242767,90.000000,2.943620,83.767426,0.855649
3336,3.336000,92.928223,91.258278,90.000000,2.928225,83.770065,0.858490
3337,3.337000,92.910706,91.278755,90.000000,2.910705,83.353104,0.861496
3338,3.338000,92.891083,91.304428,90.000000,2.891082,82.716148,0.864657
3339,3.339000,92.869370,91.335472,90.000000,2.869369,81.975189,0.867965
3340,3.340000,92.845581,91.372002,90.000000,2.845587,81.154549,0.871412
3341,3.341000,92.819756,91.414108,90.000000,2.819762,80.218353,0.874988
3342,3.342000,92.791908,91.461792,90.000000,2.791908,79.073463,0.878683
3343,3.343000,92.762054,91.515038,90.000000,2.762060,77.843231,0.882486
3344,3.344000,92.730240,91.573784,90.000000,2.730245,76.525284,0.886387
3345,3.345000,92.696503,91.637962,90.000000,2.696504,75.082825,0.890375
3346,3.346000,92.660858,91.707481,90.000000,2.660857,73.515991,0.894438
3347,3.347000,92.623360,91.782272,90.000000,2.623359,71.886482,0.898564
3348,3.348000,92.584038,91.862251,90.000000,2.584038,70.162201,0.902741
3349,3.349000,92.542938,91.947311,90.000000,2.542941,68.280937,0.906958
3350,3.350000,92.500122,92.037361,90.000000,2.500122,66.493317,0.911200
3351,3.351000,92.455612,92.132294,90.000000,2.455617,64.624969,0.915456
3352,3.352000,92.409485,92.231979,90.000000,2.409486,62.549549,0.919713
3353,3.353000,92.361771,92.336319,90.000000,2.361770,60.363777,0.923959
3354,3.354000,92.312538,92.445168,90.000000,2.312538,58.043655,0.928181
3355,3.355000,92.261841,92.558403,90.000000,2.261844,55.583351,0.932365
3356,3.356000,92.209740,92.675888,90.000000,2.209744,53.216850,0.936502
3357,3.357000,92.156303,92.797485,90.000000,2.156304,50.826134,0.940577
3358,3.358000,92.101578,92.923050,90.000000,2.101581,48.446140,0.944579
3359,3.359000,92.045639,93.052444,90.000000,2.045642,46.086205,0.948498
3360,3.360000,91.988556,93.185501,90.000000,1.988562,43.761501,0.952322
3361,3.361000,91.930397,93.322052,90.000000,1.930396,41.482338,0.956041
3362,3.362000,91.871231,93.461929,90.000000,1.871233,39.227158,0.959644
3363,3.363000,91.811134,93.604942,90.000000,1.811134,36.997524,0.963124
3364,3.364000,91.750168,93.750946,90.000000,1.750168,34.789604,0.966471
3365,3.365000,91.688423,93.899750,90.000000,1.688423,32.564602,0.969678
3366,3.366000,91.625961,94.051186,90.000000,1.625967,30.277805,0.972737
3367,3.367000,91.562881,94.205109,90.000000,1.562884,27.302563,0.975643
3368,3.368000,91.499245,94.361336,90.000000,1.499247,23.764250,0.978390
3369,3.369000,91.435127,94.519730,90.000000,1.435132,19.563831,0.980974
3370,3.370000,91.370628,94.680122,90.000000,1.370634,14.518749,0.983390
3371,3.371000,91.305817,94.842369,90.000000,1.305823,9.117994,0.985637
3372,3.372000,91.240784,95.006317,90.000000,1.240786,3.482370,0.987713
3373,3.373000,91.175606,95.171799,90.000000,1.175605,-1.844411,0.989617
3374,3.374000,91.110359,95.338615,90.000000,1.110363,-6.676805,0.991349
3375,3.375000,91.045143,95.506554,90.000000,1.045149,-11.062256,0.992910
3376,3.376000,90.980042,95.675301,90.000000,0.980043,-14.989086,0.994303
3377,3.377000,90.915123,95.844528,90.000000,0.915129,-18.856867,0.995529
3378,3.378000,90.850494,96.013847,90.000000,0.850495,-22.764481,0.996594
3379,3.379000,90.786224,96.182877,90.000000,0.786230,-26.505344,0.997502
3380,3.380000,90.722412,96.351242,90.000000,0.722415,-30.053364,0.998258
3381,3.381000,90.659126,96.518593,90.000000,0.659127,-33.426613,0.998867
3382,3.382000,90.596458,96.684631,90.000000,0.596460,-36.568069,0.999338
3383,3.383000,90.534492,96.849113,90.000000,0.534496,-40.104778,0.999677
3384,3.384000,90.473312,97.011757,90.000000,0.473312,-43.800056,0.999891
3385,3.385000,90.412994,97.172348,90.000000,0.412994,-47.550217,0.999991
3386,3.386000,90.353622,97.330612,90.000000,0.353626,-51.514271,0.999983
3387,3.387000,90.295273,97.486336,90.000000,0.295276,-56.148254,0.999878
3388,3.388000,90.238029,97.639297,90.000000,0.238032,-60.672096,0.999684
3389,3.389000,90.181961,97.789299,90.000000,0.181963,-65.078117,0.999412
3390,3.390000,90.127151,97.936127,90.000000,0.127151,-69.346024,0.999071
3391,3.391000,90.073662,98.079521,90.000000,0.073664,-73.254120,0.998671
3392,3.392000,90.021576,98.219269,90.000000,0.021577,-76.815277,0.998222
3393,3.393000,89.970947,98.355103,90.000000,-0.029049,-80.051590,0.997733
3394,3.394000,89.921867,98.486717,90.000000,-0.078131,-82.783829,0.997214
3395,3.395000,89.874382,98.613823,90.000000,-0.125614,-84.905731,0.996674
3396,3.396000,89.828568,98.736122,90.000000,-0.171431,-86.544167,0.996123
3397,3.397000,89.784470,98.853340,90.000000,-0.215527,-87.847992,0.995569
3398,3.398000,89.742165,98.965225,90.000000,-0.257833,-88.770691,0.995020
3399,3.399000,89.701706,99.071533,90.000000,-0.298295,-89.481522,0.994484
3400,3.400000,89.663132,99.172073,90.000000,-0.336865,-90.043663,0.993970
3401,3.401000,89.626511,99.266678,90.000000,-0.373488,-90.546494,0.993483
3402,3.402000,89.591873,99.355217,90.000000,-0.408124,-90.894440,0.993030
3403,3.403000,89.559280,99.437614,90.000000,-0.440718,-91.227432,0.992617
3404,3.404000,89.528763,99.513794,90.000000,-0.471235,-91.668976,0.992249
3405,3.405000,89.500366,99.583733,90.000000,-0.499628,-92.003784,0.991931
3406,3.406000,89.474121,99.647400,90.000000,-0.525877,-92.275757,0.991665
3407,3.407000,89.450066,99.704781,90.000000,-0.549933,-92.462479,0.991456
3408,3.408000,89.428230,99.755882,90.000000,-0.571769,-92.489410,0.991306
3409,3.409000,89.408630,99.800697,90.000000,-0.591365,-92.380562,0.991217
3410,3.410000,89.391296,99.839226,90.000000,-0.608700,-92.114304,0.991188
3411,3.411000,89.376259,99.871460,90.000000,-0.623740,-91.724350,0.991222
3412,3.412000,89.363518,99.897392,90.000000,-0.636478,-91.165688,0.991316
3413,3.413000,89.353096,99.917038,90.000000,-0.646901,-90.471642,0.991471
3414,3.414000,89.345001,99.930382,90.000000,-0.654995,-89.625092,0.991684
3415,3.415000,89.339249,99.937454,90.000000,-0.660752,-88.660080,0.991953
3416,3.416000,89.335838,99.938286,90.000000,-0.664161,-87.618118,0.992273
3417,3.417000,89.334763,99.932892,90.000000,-0.665233,-86.495491,0.992642
3418,3.418000,89.336037,99.921341,90.000000,-0.663963,-85.248245,0.993055
3419,3.419000,89.339638,99.903671,90.000000,-0.660356,-83.938957,0.993507
3420,3.420000,89.345573,99.879951,90.000000,-0.654421,-82.728691,0.993991
3421,3.421000,89.353828,99.850273,90.000000,-0.646170,-81.520035,0.994502
3422,3.422000,89.364388,99.814697,90.000000,-0.635611,-80.282700,0.995033
3423,3.423000,89.377235,99.773331,90.000000,-0.622763,-79.072601,0.995577
3424,3.424000,89.392349,99.726265,90.000000,-0.607648,-77.649918,0.996125
3425,3.425000,89.409706,99.673592,90.000000,-0.590292,-75.850906,0.996670
3426,3.426000,89.429291,99.615433,90.000000,-0.570710,-74.216881,0.997203
3427,3.427000,89.451057,99.551872,90.000000,-0.548942,-72.442825,0.997716
3428,3.428000,89.474991,99.483025,90.000000,-0.525009,-70.471451,0.998200
3429,3.429000,89.501045,99.408981,90.000000,-0.498952,-68.239883,0.998645
3430,3.430000,89.529190,99.329834,90.000000,-0.470805,-65.923073,0.999043
3431,3.431000,89.559387,99.245697,90.000000,-0.440609,-63.542336,0.999384
3432,3.432000,89.591599,99.156700,90.000000,-0.408397,-60.935459,0.999659
3433,3.433000,89.625771,99.062965,90.000000,-0.374226,-58.016396,0.999858
3434,3.434000,89.661873,98.964638,90.000000,-0.338129,-55.538322,0.999974
3435,3.435000,89.699829,98.861870,90.000000,-0.300166,-53.174995,0.999996
3436,3.436000,89.739616,98.754807,90.000000,-0.260380,-50.743755,0.999917
3437,3.437000,89.781166,98.643623,90.000000,-0.218832,-48.338684,0.999728
3438,3.438000,89.824417,98.528503,90.000000,-0.175577,-45.874882,0.999422
3439,3.439000,89.869339,98.409630,90.000000,-0.130662,-43.282066,0.998990
3440,3.440000,89.915833,98.287216,90.000000,-0.084162,-40.518906,0.998427
3441,3.441000,89.963875,98.161438,90.000000,-0.036125,-37.660938,0.997725
3442,3.442000,90.013374,98.032486,90.000000,0.013380,-34.713978,0.996879
3443,3.443000,90.064285,97.900513,90.000000,0.064286,-31.743980,0.995883
3444,3.444000,90.116524,97.765694,90.000000,0.116530,-28.803606,0.994735
3445,3.445000,90.170036,97.628212,90.000000,0.170038,-26.172897,0.993429
3446,3.446000,90.224747,97.488243,90.000000,0.224747,-23.436916,0.991962
3447,3.447000,90.280586,97.345970,90.000000,0.280591,-20.684803,0.990334
3448,3.448000,90.337486,97.201599,90.000000,0.337486,-17.717236,0.988542
3449,3.449000,90.395363,97.055344,90.000000,0.395365,-14.675457,0.986587
3450,3.450000,90.454147,96.907402,90.000000,0.454153,-11.498650,0.984468
3451,3.451000,90.513771,96.757988,90.000000,0.513774,-8.093388,0.982186
3452,3.452000,90.574150,96.607277,90.000000,0.574153,-4.209365,0.979745
3453,3.453000,90.635216,96.455460,90.000000,0.635214,0.165988,0.977146
3454,3.454000,90.696877,96.302734,90.000000,0.696877,5.047537,0.974395
3455,3.455000,90.759064,96.149292,90.000000,0.759066,10.100261,0.971494
3456,3.456000,90.821701,95.995331,90.000000,0.821706,14.663223,0.968451
3457,3.457000,90.884705,95.841087,90.000000,0.884708,18.999893,0.965270
3458,3.458000,90.947998,95.686775,90.000000,0.948003,22.937853,0.961959
3459,3.459000,91.011505,95.532654,90.000000,1.011510,26.350752,0.958525
3460,3.460000,91.075142,95.379028,90.000000,1.075147,29.319714,0.954977
3461,3.461000,91.138832,95.226234,90.000000,1.138831,31.914576,0.951324
3462,3.462000,91.202492,95.074608,90.000000,1.202496,34.209984,0.947573
3463,3.463000,91.266045,94.924477,90.000000,1.266051,36.260509,0.943736
3464,3.464000,91.329422,94.776131,90.000000,1.329428,38.303665,0.939823
3465,3.465000,91.392540,94.629837,90.000000,1.392539,40.184647,0.935843
3466,3.466000,91.455322,94.485825,90.000000,1.455322,41.961552,0.931808
3467,3.467000,91.517685,94.344299,90.000000,1.517688,43.411739,0.927729
3468,3.468000,91.579567,94.205414,90.000000,1.579570,44.409645,0.923617
3469,3.469000,91.640892,94.069298,90.000000,1.640898,45.207939,0.919483
3470,3.470000,91.701591,93.936096,90.000000,1.701591,45.768536,0.915340
3471,3.471000,91.761581,93.805923,90.000000,1.761588,46.073334,0.911197
3472,3.472000,91.820816,93.678879,90.000000,1.820819,46.100670,0.907068
3473,3.473000,91.879204,93.555077,90.000000,1.879204,45.899956,0.902963
3474,3.474000,91.936691,93.434616,90.000000,1.936693,45.550247,0.898894
3475,3.475000,91.993210,93.317528,90.000000,1.993213,45.095940,0.894871
3476,3.476000,92.048691,93.203873,90.000000,2.048695,44.556503,0.890906
3477,3.477000,92.103088,93.093666,90.000000,2.103090,43.925030,0.887010
3478,3.478000,92.156326,92.986916,90.000000,2.156332,43.243160,0.883193
3479,3.479000,92.208359,92.883606,90.000000,2.208364,42.566044,0.879466
3480,3.480000,92.259132,92.783714,90.000000,2.259133,41.932266,0.875837
3481,3.481000,92.308571,92.687202,90.000000,2.308577,41.396217,0.872318
3482,3.482000,92.356644,92.594009,90.000000,2.356647,40.913841,0.868917
3483,3.483000,92.403290,92.504105,90.000000,2.403291,40.486721,0.865644
3484,3.484000,92.448448,92.417412,90.000000,2.448452,40.234505,0.862506
3485,3.485000,92.492096,92.333885,90.000000,2.492097,40.174896,0.859512
3486,3.486000,92.534172,92.253471,90.000000,2.534171,40.251450,0.856670
3487,3.487000,92.574631,92.176094,90.000000,2.574633,40.434414,0.853987
3488,3.488000,92.613434,92.101730,90.000000,2.613435,40.739880,0.851470
3489,3.489000,92.650536,92.030327,90.000000,2.650537,41.113228,0.849125
3490,3.490000,92.685898,91.961838,90.000000,2.685904,41.562325,0.846959
3491,3.491000,92.719490,91.896248,90.000000,2.719494,42.151073,0.844977
3492,3.492000,92.751274,91.833542,90.000000,2.751275,42.762608,0.843185
3493,3.493000,92.781212,91.773712,90.000000,2.781212,43.420849,0.841586
3494,3.494000,92.809258,91.716774,90.000000,2.809263,44.147038,0.840186
3495,3.495000,92.835403,91.662735,90.000000,2.835409,44.923531,0.838988
3496,3.496000,92.859619,91.611618,90.000000,2.859622,45.791565,0.837995
3497,3.497000,92.881859,91.563438,90.000000,2.881861,46.761230,0.837211
3498,3.498000,92.902107,91.518234,90.000000,2.902113,47.855072,0.836636
3499,3.499000,92.920349,91.476044,90.000000,2.920350,49.072811,0.836274
3500,3.500000,92.936546,91.436897,90.000000,2.936551,50.475548,0.836126
3501,3.501000,92.950684,91.400848,90.000000,2.950689,52.054245,0.836192
3502,3.502000,92.962753,91.367928,90.000000,2.962758,53.760216,0.836473
3503,3.503000,92.972725,91.338188,90.000000,2.972730,55.569153,0.836969
3504,3.504000,92.980598,91.311691,90.000000,2.980599,57.687424,0.837679
3505,3.505000,92.986351,91.288490,90.000000,2.986350,60.224075,0.838601
3506,3.506000,92.989967,91.268669,90.000000,2.989970,63.266926,0.839735
3507,3.507000,92.991447,91.252312,90.000000,2.991452,66.795059,0.841078
3508,3.508000,92.990784,91.239510,90.000000,2.990789,70.633942,0.842626
3509,3.509000,92.987976,91.230377,90.000000,2.987975,74.434647,0.844377
3510,3.510000,92.983017,91.225021,90.000000,2.983017,77.657005,0.846327
3511,3.511000,92.975906,91.223572,90.000000,2.975906,80.206375,0.848470
3512,3.512000,92.966644,91.226204,90.000000,2.966645,82.130974,0.850803
3513,3.513000,92.955238,91.233093,90.000000,2.955238,83.313705,0.853319
3514,3.514000,92.941689,91.244476,90.000000,2.941694,83.790146,0.856012
3515,3.515000,92.926018,91.260612,90.000000,2.926019,83.733307,0.858875
3516,3.516000,92.908226,91.281746,90.000000,2.908226,83.278336,0.861901
3517,3.517000,92.888336,91.308105,90.000000,2.888337,82.624725,0.865082
3518,3.518000,92.866356,91.339844,90.000000,2.866357,81.867798,0.868409
3519,3.519000,92.842308,91.377090,90.000000,2.842308,81.038826,0.871873
3520,3.520000,92.816216,91.419914,90.000000,2.816217,80.077667,0.875464
3521,3.521000,92.788101,91.468307,90.000000,2.788104,78.903793,0.879174
3522,3.522000,92.757996,91.522263,90.000000,2.757996,77.675018,0.882991
3523,3.523000,92.725929,91.581703,90.000000,2.725935,76.343864,0.886904
3524,3.524000,92.691940,91.646568,90.000000,2.691941,74.883469,0.890902
3525,3.525000,92.656052,91.716774,90.000000,2.656055,73.309601,0.894973
3526,3.526000,92.618309,91.792229,90.000000,2.618312,71.674393,0.899107
3527,3.527000,92.578766,91.872864,90.000000,2.578765,69.934143,0.903290
3528,3.528000,92.537437,91.958572,90.000000,2.537442,68.034813,0.907510
3529,3.529000,92.494392,92.049248,90.000000,2.494399,66.270309,0.911755
3530,3.530000,92.449677,92.144783,90.000000,2.449681,64.379295,0.916012
3531,3.531000,92.403336,92.245079,90.000000,2.403338,62.268623,0.920268
3532,3.532000,92.355431,92.349991,90.000000,2.355432,60.079769,0.924511
3533,3.533000,92.306007,92.459412,90.000000,2.306008,57.737511,0.928729
3534,3.534000,92.255119,92.573204,90.000000,2.255123,55.260822,0.932908
3535,3.535000,92.202843,92.691216,90.000000,2.202845,52.912209,0.937037
3536,3.536000,92.149231,92.813324,90.000000,2.149235,50.524048,0.941103
3537,3.537000,92.094345,92.939392,90.000000,2.094348,48.141819,0.945095
3538,3.538000,92.038254,93.069260,90.000000,2.038258,45.784508,0.949002
3539,3.539000,91.981033,93.202766,90.000000,1.981035,43.465630,0.952813
3540,3.540000,91.922737,93.339752,90.000000,1.922739,41.194820,0.956517
3541,3.541000,91.863441,93.480034,90.000000,1.863446,38.940861,0.960106
3542,3.542000,91.803230,93.623444,90.000000,1.803231,36.715050,0.963569
3543,3.543000,91.742157,93.769806,90.000000,1.742163,34.505489,0.966898
3544,3.544000,91.680313,93.918953,90.000000,1.680315,32.283386,0.970086
3545,3.545000,91.617775,94.070724,90.000000,1.617778,29.895184,0.973126
3546,3.546000,91.554611,94.224937,90.000000,1.554612,26.875561,0.976011
3547,3.547000,91.490906,94.381454,90.000000,1.490907,23.240101,0.978737
3548,3.548000,91.426743,94.540115,90.000000,1.426744,18.921883,0.981299
3549,3.549000,91.362190,94.700745,90.000000,1.362192,13.825322,0.983693
3550,3.550000,91.297340,94.863213,90.000000,1.297347,8.391084,0.985918
3551,3.551000,91.232285,95.027367,90.000000,1.232289,2.761617,0.987971
3552,3.552000,91.167091,95.193024,90.000000,1.167095,-2.478189,0.989853
3553,3.553000,91.101845,95.359993,90.000000,1.101846,-7.246125,0.991562
3554,3.554000,91.036636,95.528046,90.000000,1.036638,-11.561269,0.993102
3555,3.555000,90.971550,95.696869,90.000000,0.971553,-15.472850,0.994472
3556,3.556000,90.906670,95.866112,90.000000,0.906673,-19.343414,0.995678
3557,3.557000,90.842079,96.035408,90.000000,0.842080,-23.257912,0.996722
3558,3.558000,90.777863,96.204353,90.000000,0.777863,-26.953138,0.997610
3559,3.559000,90.714104,96.372589,90.000000,0.714110,-30.490673,0.998346
3560,3.560000,90.650894,96.539787,90.000000,0.650896,-33.823654,0.998937
3561,3.561000,90.588310,96.705627,90.000000,0.588311,-37.013924,0.999390
3562,3.562000,90.526443,96.869873,90.000000,0.526444,-40.563004,0.999712
3563,3.563000,90.465363,97.032272,90.000000,0.465368,-44.272438,0.999911
3564,3.564000,90.405167,97.192558,90.000000,0.405167,-48.009861,0.999996
3565,3.565000,90.345909,97.350510,90.000000,0.345915,-52.076035,0.999975
3566,3.566000,90.287697,97.505890,90.000000,0.287701,-56.725296,0.999857
3567,3.567000,90.230598,97.658478,90.000000,0.230601,-61.238159,0.999653
3568,3.568000,90.174690,97.808075,90.000000,0.174689,-65.633148,0.999371
3569,3.569000,90.120041,97.954468,90.000000,0.120041,-69.864906,0.999022
3570,3.570000,90.066727,98.097412,90.000000,0.066731,-73.724030,0.998614
3571,3.571000,90.014816,98.236664,90.000000,0.014822,-77.242386,0.998159
3572,3.572000,89.964394,98.371971,90.000000,-0.035606,-80.436897,0.997665
3573,3.573000,89.915504,98.503029,90.000000,-0.084489,-83.086807,0.997143
3574,3.574000,89.868233,98.629532,90.000000,-0.131768,-85.135452,0.996601
3575,3.575000,89.822632,98.751190,90.000000,-0.177366,-86.729767,0.996048
3576,3.576000,89.778763,98.867744,90.000000,-0.221237,-87.984840,0.995494
3577,3.577000,89.736687,98.978912,90.000000,-0.263311,-88.873100,0.994946
3578,3.578000,89.696457,99.084496,90.000000,-0.303540,-89.556656,0.994413
3579,3.579000,89.658134,99.184288,90.000000,-0.341865,-90.111679,0.993901
3580,3.580000,89.621765,99.278122,90.000000,-0.378235,-90.593987,0.993418
3581,3.581000,89.587387,99.365883,90.000000,-0.412612,-90.934273,0.992970
3582,3.582000,89.555054,99.447479,90.000000,-0.444946,-91.290108,0.992562
3583,3.583000,89.524811,99.522858,90.000000,-0.475190,-91.723450,0.992200
3584,3.584000,89.496681,99.591995,90.000000,-0.503317,-92.047653,0.991888
3585,3.585000,89.470711,99.654854,90.000000,-0.529285,-92.305405,0.991630
3586,3.586000,89.446938,99.711433,90.000000,-0.553061,-92.472549,0.991428
3587,3.587000,89.425377,99.761734,90.000000,-0.574617,-92.472763,0.991286
3588,3.588000,89.406075,99.805740,90.000000,-0.593926,-92.352463,0.991204
3589,3.589000,89.389030,99.843452,90.000000,-0.610967,-92.064087,0.991183
3590,3.590000,89.374283,99.874878,90.000000,-0.625714,-91.651436,0.991225
3591,3.591000,89.361839,99.900009,90.000000,-0.638158,-91.080109,0.991327
3592,3.592000,89.351707,99.918846,90.000000,-0.648287,-90.365326,0.991489
3593,3.593000,89.343918,99.931389,90.000000,-0.656081,-89.496040,0.991710
3594,3.594000,89.338463,99.937653,90.000000,-0.661538,-88.519341,0.991985
3595,3.595000,89.335342,99.937683,90.000000,-0.664653,-87.472839,0.992312
3596,3.596000,89.334564,99.931503,90.000000,-0.665431,-86.337105,0.992687
3597,3.597000,89.336136,99.919159,90.000000,-0.663860,-85.078461,0.993106
3598,3.598000,89.340042,99.900711,90.000000,-0.659953,-83.793358,0.993562
3599,3.599000,89.346275,99.876228,90.000000,-0.653724,-82.571472,0.994050
3600,3.600000,89.354820,99.845787,90.000000,-0.645180,-81.356277,0.994564
3601,3.601000,89.365669,99.809471,90.000000,-0.634326,-80.125633,0.995098
3602,3.602000,89.378807,99.767372,90.000000,-0.621192,-78.916107,0.995642
3603,3.603000,89.394211,99.719589,90.000000,-0.605790,-77.444962,0.996191
3604,3.604000,89.411850,99.666214,90.000000,-0.588148,-75.596237,0.996735
3605,3.605000,89.431709,99.607353,90.000000,-0.568285,-74.001221,0.997266
3606,3.606000,89.453758,99.543114,90.000000,-0.546238,-72.190201,0.997776
3607,3.607000,89.477959,99.473602,90.000000,-0.522038,-70.207779,0.998256
3608,3.608000,89.504280,99.398895,90.000000,-0.495715,-67.936966,0.998696
3609,3.609000,89.532700,99.319107,90.000000,-0.467301,-65.621300,0.999088
3610,3.610000,89.563156,99.234344,90.000000,-0.436845,-63.223190,0.999421
3611,3.611000,89.595619,99.144737,90.000000,-0.404381,-60.565704,0.999687
3612,3.612000,89.630043,99.050423,90.000000,-0.369957,-57.627842,0.999877
3613,3.613000,89.666367,98.951523,90.000000,-0.333627,-55.238686,0.999982
3614,3.614000,89.704575,98.848190,90.000000,-0.295426,-52.870602,0.999992
3615,3.615000,89.744583,98.740601,90.000000,-0.255415,-50.433815,0.999900
3616,3.616000,89.786346,98.628906,90.000000,-0.213648,-48.031349,0.999697
3617,3.617000,89.829826,98.513306,90.000000,-0.170174,-45.559441,0.999376
3618,3.618000,89.874939,98.393967,90.000000,-0.125061,-42.941765,0.998928
3619,3.619000,89.921638,98.271118,90.000000,-0.078356,-40.152901,0.998348
3620,3.620000,89.969864,98.144936,90.000000,-0.030135,-37.294044,0.997628
3621,3.621000,90.019547,98.015594,90.000000,0.019548,-34.339344,0.996764
3622,3.622000,90.070625,97.883255,90.000000,0.070631,-31.360147,0.995750
3623,3.623000,90.123039,97.748093,90.000000,0.123039,-28.461662,0.994582
3624,3.624000,90.176704,97.610291,90.000000,0.176704,-25.833782,0.993256
3625,3.625000,90.231560,97.470016,90.000000,0.231564,-23.081688,0.991770
3626,3.626000,90.287544,97.327469,90.000000,0.287544,-20.319794,0.990122
3627,3.627000,90.344566,97.182861,90.000000,0.344569,-17.332197,0.988310
3628,3.628000,90.402565,97.036385,90.000000,0.402564,-14.286035,0.986334
3629,3.629000,90.461456,96.888252,90.000000,0.461461,-11.091766,0.984194
3630,3.630000,90.521179,96.738663,90.000000,0.521184,-7.624487,0.981893
3631,3.631000,90.581657,96.587807,90.000000,0.581659,-3.683227,0.979432
3632,3.632000,90.642792,96.435875,90.000000,0.642796,0.769442,0.976815
3633,3.633000,90.704529,96.283051,90.000000,0.704534,5.680819,0.974044
3634,3.634000,90.766785,96.129524,90.000000,0.766784,10.730382,0.971126
3635,3.635000,90.829468,95.975525,90.000000,0.829472,15.225498,0.968065
3636,3.636000,90.892509,95.821259,90.000000,0.892514,19.527317,0.964868
3637,3.637000,90.955841,95.666962,90.000000,0.955844,23.391001,0.961541
3638,3.638000,91.019363,95.512894,90.000000,1.019365,26.745758,0.958093
3639,3.639000,91.083015,95.359367,90.000000,1.083015,29.660542,0.954532
3640,3.640000,91.146706,95.206696,90.000000,1.146707,32.216606,0.950866
3641,3.641000,91.210358,95.055252,90.000000,1.210357,34.473324,0.947104
3642,3.642000,91.273888,94.905327,90.000000,1.273892,36.513977,0.943257
3643,3.643000,91.337242,94.757240,90.000000,1.337242,38.561127,0.939335
3644,3.644000,91.400314,94.611229,90.000000,1.400319,40.412724,0.935348
3645,3.645000,91.463043,94.467537,90.000000,1.463047,42.187771,0.931308
3646,3.646000,91.525360,94.326332,90.000000,1.525359,43.545822,0.927224
3647,3.647000,91.587166,94.187790,90.000000,1.587172,44.521210,0.923109
3648,3.648000,91.648422,94.052048,90.000000,1.648425,45.297718,0.918974
3649,3.649000,91.709030,93.919228,90.000000,1.709036,45.820038,0.914830
3650,3.650000,91.768936,93.789444,90.000000,1.768937,46.097828,0.910689
3651,3.651000,91.828056,93.662811,90.000000,1.828059,46.088890,0.906563
3652,3.652000,91.886330,93.539436,90.000000,1.886334,45.865459,0.902462
3653,3.653000,91.943695,93.419395,90.000000,1.943701,45.500809,0.898398
3654,3.654000,92.000099,93.302750,90.000000,2.000098,45.035873,0.894383
3655,3.655000,92.055450,93.189537,90.000000,2.055450,44.481613,0.890426
3656,3.656000,92.109703,93.079773,90.000000,2.109702,43.841053,0.886540
3657,3.657000,92.162788,92.973465,90.000000,2.162793,43.154762,0.882734
3658,3.658000,92.214668,92.870598,90.000000,2.214668,42.482128,0.879019
3659,3.659000,92.265266,92.771141,90.000000,2.265266,41.858513,0.875404
3660,3.660000,92.314537,92.675056,90.000000,2.314539,41.334526,0.871899
3661,3.661000,92.362427,92.582291,90.000000,2.362426,40.850296,0.868514
3662,3.662000,92.408882,92.492790,90.000000,2.408885,40.445740,0.865258
3663,3.663000,92.453857,92.406517,90.000000,2.453861,40.217194,0.862138
3664,3.664000,92.497307,92.323395,90.000000,2.497308,40.173569,0.859163
3665,3.665000,92.539185,92.243370,90.000000,2.539184,40.264690,0.856340
3666,3.666000,92.579430,92.166389,90.000000,2.579434,40.466400,0.853678
3667,3.667000,92.618019,92.092407,90.000000,2.618025,40.785564,0.851183
3668,3.668000,92.654907,92.021370,90.000000,2.654908,41.163937,0.848861
3669,3.669000,92.690056,91.953262,90.000000,2.690056,41.632927,0.846718
3670,3.670000,92.723412,91.888039,90.000000,2.723415,42.227951,0.844760
3671,3.671000,92.754959,91.825706,90.000000,2.754963,42.838852,0.842992
3672,3.672000,92.784660,91.766251,90.000000,2.784661,43.507629,0.841418
3673,3.673000,92.812477,91.709686,90.000000,2.812480,44.242584,0.840043
3674,3.674000,92.838379,91.656013,90.000000,2.838381,45.020897,0.838871
3675,3.675000,92.862335,91.605270,90.000000,2.862341,45.906296,0.837905
3676,3.676000,92.884331,91.557472,90.000000,2.884334,46.886963,0.837146
3677,3.677000,92.904327,91.512657,90.000000,2.904333,48.003647,0.836599
3678,3.678000,92.922310,91.470848,90.000000,2.922310,49.231689,0.836264
3679,3.679000,92.938248,91.432106,90.000000,2.938251,50.667049,0.836143
3680,3.680000,92.952126,91.396454,90.000000,2.952131,52.260029,0.836236
3681,3.681000,92.963928,91.363930,90.000000,2.963933,53.975723,0.836544
3682,3.682000,92.973633,91.334602,90.000000,2.973639,55.808525,0.837067
3683,3.683000,92.981239,91.308525,90.000000,2.981241,57.996525,0.837804
3684,3.684000,92.986725,91.285751,90.000000,2.986725,60.571671,0.838753
3685,3.685000,92.990067,91.266373,90.000000,2.990072,63.703506,0.839913
3686,3.686000,92.991287,91.250465,90.000000,2.991288,67.275192,0.841281
3687,3.687000,92.990349,91.238121,90.000000,2.990352,71.137375,0.842856
3688,3.688000,92.987267,91.229462,90.000000,2.987272,74.873337,0.844632
3689,3.689000,92.982040,91.224586,90.000000,2.982040,78.020645,0.846606
3690,3.690000,92.974655,91.223656,90.000000,2.974657,80.484650,0.848774
3691,3.691000,92.965118,91.226814,90.000000,2.965122,82.319870,0.851130
3692,3.692000,92.953438,91.234261,90.000000,2.953442,83.406227,0.853668
3693,3.693000,92.939629,91.246239,90.000000,2.939631,83.813576,0.856383
3694,3.694000,92.923691,91.262993,90.000000,2.923690,83.694611,0.859267
3695,3.695000,92.905624,91.284782,90.000000,2.905631,83.205078,0.862313
3696,3.696000,92.885475,91.311821,90.000000,2.885475,82.539040,0.865512
3697,3.697000,92.863235,91.344254,90.000000,2.863236,81.773926,0.868856
3698,3.698000,92.838928,91.382217,90.000000,2.838927,80.932922,0.872337
3699,3.699000,92.812584,91.425743,90.000000,2.812583,79.939865,0.875944
3700,3.700000,92.784218,91.474854,90.000000,2.784217,78.742424,0.879667
3701,3.701000,92.753860,91.529510,90.000000,2.753864,77.501945,0.883496
3702,3.702000,92.721550,91.589645,90.000000,2.721550,76.164116,0.887420
3703,3.703000,92.687317,91.655190,90.000000,2.687317,74.684631,0.891428
3704,3.704000,92.651199,91.726074,90.000000,2.651199,73.101822,0.895507
3705,3.705000,92.613228,91.802200,90.000000,2.613230,71.461731,0.899647
3706,3.706000,92.573448,91.883484,90.000000,2.573451,69.700020,0.903835
3707,3.707000,92.531914,91.969833,90.000000,2.531917,67.787827,0.908059
3708,3.708000,92.488655,92.061134,90.000000,2.488661,66.044174,0.912305
3709,3.709000,92.443733,92.157288,90.000000,2.443732,64.128220,0.916562
3710,3.710000,92.397194,92.258171,90.000000,2.397198,61.994736,0.920817
3711,3.711000,92.349091,92.363663,90.000000,2.349093,59.790024,0.925057
3712,3.712000,92.299477,92.473656,90.000000,2.299479,57.425438,0.929270
3713,3.713000,92.248421,92.587982,90.000000,2.248423,54.937664,0.933443
3714,3.714000,92.195969,92.706528,90.000000,2.195974,52.605530,0.937564
3715,3.715000,92.142197,92.829147,90.000000,2.142200,50.218410,0.941621
3716,3.716000,92.087158,92.955704,90.000000,2.087162,47.840141,0.945603
3717,3.717000,92.030930,93.086044,90.000000,2.030929,45.485703,0.949498
3718,3.718000,91.973557,93.220009,90.000000,1.973563,43.177723,0.953295
3719,3.719000,91.915138,93.357422,90.000000,1.915144,40.910301,0.956985
3720,3.720000,91.855736,93.498116,90.000000,1.855735,38.658424,0.960557
3721,3.721000,91.795410,93.641907,90.000000,1.795411,36.436142,0.964003
3722,3.722000,91.734238,93.788635,90.000000,1.734240,34.226334,0.967315
3723,3.723000,91.672310,93.938118,90.000000,1.672310,32.007164,0.970484
3724,3.724000,91.609680,94.090210,90.000000,1.609684,29.520769,0.973504
3725,3.725000,91.546455,94.244728,90.000000,1.546457,26.442955,0.976369
3726,3.726000,91.482689,94.401520,90.000000,1.482691,22.716290,0.979074
3727,3.727000,91.418472,94.560432,90.000000,1.418473,18.282322,0.981614
3728,3.728000,91.353882,94.721313,90.000000,1.353887,13.131297,0.983987
3729,3.729000,91.289009,94.884003,90.000000,1.289014,7.669262,0.986190
3730,3.730000,91.223930,95.048355,90.000000,1.223936,2.036160,0.988221
3731,3.731000,91.158730,95.214188,90.000000,1.158735,-3.115072,0.990081
3732,3.732000,91.093491,95.381310,90.000000,1.093493,-7.818488,0.991768
3733,3.733000,91.028305,95.549469,90.000000,1.028305,-12.064179,0.993286
3734,3.734000,90.963242,95.718361,90.000000,0.963241,-15.969961,0.994635
3735,3.735000,90.898392,95.887634,90.000000,0.898395,-19.839962,0.995820
3736,3.736000,90.833847,96.056900,90.000000,0.833850,-23.746510,0.996844
3737,3.737000,90.769691,96.225769,90.000000,0.769694,-27.405170,0.997712
3738,3.738000,90.706001,96.393883,90.000000,0.706002,-30.936146,0.998429
3739,3.739000,90.642868,96.560905,90.000000,0.642871,-34.218571,0.999002
3740,3.740000,90.580376,96.726562,90.000000,0.580382,-37.455017,0.999438
3741,3.741000,90.518608,96.890572,90.000000,0.518609,-41.016636,0.999744
3742,3.742000,90.457642,97.052704,90.000000,0.457643,-44.740730,0.999928
3743,3.743000,90.397560,97.212708,90.000000,0.397565,-48.469662,0.999999
3744,3.744000,90.338448,97.370323,90.000000,0.338450,-52.642559,0.999965
3745,3.745000,90.280373,97.525352,90.000000,0.280372,-57.311924,0.999836
3746,3.746000,90.223427,97.677567,90.000000,0.223429,-61.799107,0.999621
3747,3.747000,90.167671,97.826767,90.000000,0.167674,-66.188805,0.999330
3748,3.748000,90.113197,97.972717,90.000000,0.113197,-70.375885,0.998973
3749,3.749000,90.060059,98.115204,90.000000,0.060058,-74.180344,0.998559
3750,3.750000,90.008339,98.253967,90.000000,0.008340,-77.658249,0.998099
3751,3.751000,89.958107,98.388741,90.000000,-0.041890,-80.802048,0.997601
3752,3.752000,89.909431,98.519226,90.000000,-0.090568,-83.382141,0.997076
3753,3.753000,89.862366,98.645126,90.000000,-0.137635,-85.357727,0.996532
3754,3.754000,89.816986,98.766151,90.000000,-0.183015,-86.906883,0.995979
3755,3.755000,89.773346,98.882019,90.000000,-0.226653,-88.116936,0.995425
3756,3.756000,89.731506,98.992493,90.000000,-0.268495,-88.962997,0.994879
3757,3.757000,89.691521,99.097343,90.000000,-0.308479,-89.628632,0.994348
3758,3.758000,89.653442,99.196373,90.000000,-0.346557,-90.176926,0.993840
3759,3.759000,89.617325,99.289444,90.000000,-0.382675,-90.633766,0.993361
3760,3.760000,89.583214,99.376419,90.000000,-0.416785,-90.975731,0.992917
3761,3.761000,89.551147,99.457230,90.000000,-0.448853,-91.353828,0.992515
3762,3.762000,89.521164,99.531815,90.000000,-0.478830,-91.767319,0.992160
3763,3.763000,89.493317,99.600151,90.000000,-0.506684,-92.088905,0.991854
3764,3.764000,89.467628,99.662209,90.000000,-0.532365,-92.337860,0.991603
3765,3.765000,89.444138,99.717987,90.000000,-0.555861,-92.487061,0.991409
3766,3.766000,89.422867,99.767479,90.000000,-0.577130,-92.480621,0.991274
3767,3.767000,89.403854,99.810684,90.000000,-0.596146,-92.337311,0.991200
3768,3.768000,89.387108,99.847603,90.000000,-0.612893,-92.025711,0.991187
3769,3.769000,89.372643,99.878227,90.000000,-0.627353,-91.584923,0.991237
3770,3.770000,89.360504,99.902550,90.000000,-0.639497,-90.989204,0.991347
3771,3.771000,89.350670,99.920578,90.000000,-0.649326,-90.258682,0.991517
3772,3.772000,89.343170,99.932320,90.000000,-0.656825,-89.370499,0.991744
3773,3.773000,89.338013,99.937790,90.000000,-0.661982,-88.386566,0.992026
3774,3.774000,89.335205,99.937019,90.000000,-0.664796,-87.334412,0.992360
3775,3.775000,89.334724,99.930046,90.000000,-0.665274,-86.178513,0.992740
3776,3.776000,89.336594,99.916916,90.000000,-0.663403,-84.902512,0.993164
3777,3.777000,89.340797,99.897697,90.000000,-0.659202,-83.632751,0.993624
3778,3.778000,89.347328,99.872452,90.000000,-0.652672,-82.422691,0.994116
3779,3.779000,89.356163,99.841248,90.000000,-0.643834,-81.205597,0.994633
3780,3.780000,89.367310,99.804184,90.000000,-0.632687,-79.969620,0.995168
3781,3.781000,89.380730,99.761353,90.000000,-0.619266,-78.757370,0.995714
3782,3.782000,89.396423,99.712845,90.000000,-0.603577,-77.230797,0.996262
3783,3.783000,89.414352,99.658775,90.000000,-0.585648,-75.374878,0.996805
3784,3.784000,89.434494,99.599220,90.000000,-0.565506,-73.793655,0.997334
3785,3.785000,89.456810,99.534309,90.000000,-0.543184,-71.936829,0.997841
3786,3.786000,89.481285,99.464119,90.000000,-0.518712,-69.935310,0.998315
3787,3.787000,89.507881,99.388763,90.000000,-0.492115,-67.640915,0.998750
3788,3.788000,89.536552,99.308327,90.000000,-0.463442,-65.319519,0.999134
3789,3.789000,89.567268,99.222939,90.000000,-0.432727,-62.897530,0.999459
3790,3.790000,89.599983,99.132721,90.000000,-0.400017,-60.188614,0.999716
3791,3.791000,89.634651,99.037804,90.000000,-0.365347,-57.302067,0.999896
3792,3.792000,89.671227,98.938332,90.000000,-0.328771,-54.930553,0.999989
3793,3.793000,89.709656,98.834450,90.000000,-0.290345,-52.551697,0.999986
3794,3.794000,89.749893,98.726318,90.000000,-0.250108,-50.108364,0.999880
3795,3.795000,89.791878,98.614120,90.000000,-0.208123,-47.712528,0.999663
3796,3.796000,89.835564,98.498024,90.000000,-0.164437,-45.232681,0.999325
3797,3.797000,89.880882,98.378235,90.000000,-0.119118,-42.594345,0.998861
3798,3.798000,89.927780,98.254951,90.000000,-0.072216,-39.786171,0.998263
3799,3.799000,89.976196,98.128349,90.000000,-0.023803,-36.915668,0.997525
3800,3.800000,90.026054,97.998611,90.000000,0.026057,-33.957691,0.996642
3801,3.801000,90.077309,97.865906,90.000000,0.077311,-30.974127,0.995609
3802,3.802000,90.129875,97.730408,90.000000,0.129876,-28.116703,0.994421
3803,3.803000,90.183693,97.592270,90.000000,0.183698,-25.491924,0.993075
3804,3.804000,90.238701,97.451706,90.000000,0.238701,-22.729893,0.991568
3805,3.805000,90.294815,97.308884,90.000000,0.294818,-19.953264,0.989899
3806,3.806000,90.351967,97.164024,90.000000,0.351966,-16.943531,0.988066
3807,3.807000,90.410072,97.017326,90.000000,0.410078,-13.880983,0.986069
3808,3.808000,90.469078,96.869003,90.000000,0.469084,-10.672596,0.983909
3809,3.809000,90.528900,96.719246,90.000000,0.528902,-7.155077,0.981587
3810,3.810000,90.589455,96.568245,90.000000,0.589459,-3.153492,0.979106
3811,3.811000,90.650673,96.416191,90.000000,0.650678,1.387886,0.976469
3812,3.812000,90.712479,96.263268,90.000000,0.712478,6.317064,0.973680
3813,3.813000,90.774780,96.109680,90.000000,0.774782,11.370177,0.970743
3814,3.814000,90.837517,95.955635,90.000000,0.837518,15.790915,0.967665
3815,3.815000,90.900597,95.801353,90.000000,0.900601,20.061893,0.964451
3816,3.816000,90.963951,95.647072,90.000000,0.963951,23.850769,0.961109
3817,3.817000,91.027489,95.493057,90.000000,1.027493,27.143917,0.957646
3818,3.818000,91.091148,95.339630,90.000000,1.091150,30.000912,0.954071
3819,3.819000,91.154831,95.187096,90.000000,1.154835,32.521900,0.950392
3820,3.820000,91.218468,95.035835,90.000000,1.218472,34.741982,0.946620
3821,3.821000,91.281982,94.886139,90.000000,1.281985,36.782677,0.942763
3822,3.822000,91.345291,94.738297,90.000000,1.345294,38.819378,0.938833
3823,3.823000,91.408318,94.592583,90.000000,1.408323,40.645027,0.934839
3824,3.824000,91.471001,94.449203,90.000000,1.471004,42.421150,0.930792
3825,3.825000,91.533249,94.308334,90.000000,1.533248,43.686909,0.926705
3826,3.826000,91.594994,94.170158,90.000000,1.594993,44.639248,0.922587
3827,3.827000,91.656158,94.034782,90.000000,1.656164,45.386539,0.918450
3828,3.828000,91.716675,93.902351,90.000000,1.716679,45.870216,0.914307
3829,3.829000,91.776482,93.772964,90.000000,1.776484,46.117020,0.910168
3830,3.830000,91.835495,93.646751,90.000000,1.835497,46.070885,0.906044
3831,3.831000,91.893654,93.523811,90.000000,1.893656,45.826607,0.901948
3832,3.832000,91.950897,93.404213,90.000000,1.950900,45.445671,0.897890
3833,3.833000,92.007149,93.288010,90.000000,2.007154,44.971954,0.893882
3834,3.834000,92.062363,93.175240,90.000000,2.062369,44.404144,0.889935
3835,3.835000,92.116470,93.065933,90.000000,2.116471,43.751003,0.886059
3836,3.836000,92.169403,92.960075,90.000000,2.169405,43.064587,0.882264
3837,3.837000,92.221115,92.857658,90.000000,2.221116,42.398033,0.878562
3838,3.838000,92.271538,92.758644,90.000000,2.271543,41.778107,0.874961
3839,3.839000,92.320633,92.662994,90.000000,2.320639,41.267029,0.871472
3840,3.840000,92.368340,92.570663,90.000000,2.368341,40.784447,0.868103
3841,3.841000,92.414604,92.481590,90.000000,2.414608,40.401703,0.864864
3842,3.842000,92.459381,92.395729,90.000000,2.459387,40.198471,0.861763
3843,3.843000,92.502632,92.313011,90.000000,2.502636,40.175919,0.858807
3844,3.844000,92.544289,92.233391,90.000000,2.544293,40.281437,0.856005
3845,3.845000,92.584328,92.156807,90.000000,2.584332,40.500420,0.853365
3846,3.846000,92.622704,92.083206,90.000000,2.622704,40.828304,0.850891
3847,3.847000,92.659363,92.012558,90.000000,2.659368,41.214706,0.848592
3848,3.848000,92.694275,91.944824,90.000000,2.694277,41.706440,0.846473
3849,3.849000,92.727409,91.879990,90.000000,2.727411,42.303589,0.844540
3850,3.850000,92.758720,91.818024,90.000000,2.758720,42.922028,0.842797
3851,3.851000,92.788170,91.758942,90.000000,2.788172,43.599007,0.841249
3852,3.852000,92.815742,91.702751,90.000000,2.815745,44.341011,0.839900
3853,3.853000,92.841393,91.649460,90.000000,2.841393,45.128788,0.838754
3854,3.854000,92.865097,91.599098,90.000000,2.865100,46.026535,0.837814
3855,3.855000,92.886833,91.551689,90.000000,2.886834,47.021126,0.837083
3856,3.856000,92.906570,91.507263,90.000000,2.906573,48.157326,0.836563
3857,3.857000,92.924286,91.465851,90.000000,2.924291,49.395760,0.836256
3858,3.858000,92.939964,91.427505,90.000000,2.939966,50.859642,0.836162
3859,3.859000,92.953575,91.392258,90.000000,2.953578,52.473309,0.836283
3860,3.860000,92.965103,91.360146,90.000000,2.965108,54.197002,0.836619
3861,3.861000,92.974548,91.331245,90.000000,2.974547,56.054726,0.837169
3862,3.862000,92.981873,91.305588,90.000000,2.981876,58.314285,0.837933
3863,3.863000,92.987076,91.283257,90.000000,2.987081,60.924122,0.838910
3864,3.864000,92.990150,91.264313,90.000000,2.990154,64.145081,0.840097
3865,3.865000,92.991089,91.248856,90.000000,2.991090,67.767212,0.841492
3866,3.866000,92.989876,91.236992,90.000000,2.989881,71.645515,0.843092
3867,3.867000,92.986519,91.228813,90.000000,2.986521,75.311829,0.844894
3868,3.868000,92.981010,91.224449,90.000000,2.981015,78.386459,0.846893
3869,3.869000,92.973351,91.224030,90.000000,2.973352,80.765610,0.849085
3870,3.870000,92.963539,91.227730,90.000000,2.963544,82.508316,0.851465
3871,3.871000,92.951591,91.235748,90.000000,2.951591,83.498123,0.854026
3872,3.872000,92.937508,91.248322,90.000000,2.937507,83.825211,0.856763
3873,3.873000,92.921288,91.265717,90.000000,2.921292,83.647804,0.859667
3874,3.874000,92.902962,91.288177,90.000000,2.902967,83.124496,0.862733
3875,3.875000,92.882538,91.315903,90.000000,2.882538,82.443100,0.865951
3876,3.876000,92.860031,91.349052,90.000000,2.860032,81.663757,0.869313
3877,3.877000,92.835464,91.387718,90.000000,2.835464,80.813843,0.872810
3878,3.878000,92.808853,91.431976,90.000000,2.808854,79.791626,0.876432
3879,3.879000,92.780235,91.481804,90.000000,2.780235,78.576752,0.880169
3880,3.880000,92.749626,91.537170,90.000000,2.749629,77.325142,0.884010
3881,3.881000,92.717072,91.598015,90.000000,2.717077,75.973579,0.887945
3882,3.882000,92.682594,91.664261,90.000000,2.682598,74.475510,0.891962
3883,3.883000,92.646240,91.735825,90.000000,2.646240,72.886772,0.896050
3884,3.884000,92.608040,91.812622,90.000000,2.608039,71.235725,0.900196
3885,3.885000,92.568031,91.894569,90.000000,2.568035,69.455750,0.904389
3886,3.886000,92.526276,91.981560,90.000000,2.526275,67.539154,0.908616
3887,3.887000,92.482796,92.073494,90.000000,2.482801,65.795303,0.912864
3888,3.888000,92.437668,92.170265,90.000000,2.437674,63.860039,0.917121
3889,3.889000,92.390923,92.271751,90.000000,2.390928,61.713276,0.921374
3890,3.890000,92.342628,92.377831,90.000000,2.342632,59.489418,0.925611
3891,3.891000,92.292839,92.488380,90.000000,2.292840,57.107258,0.929819
3892,3.892000,92.241600,92.603264,90.000000,2.241600,54.639526,0.933985
3893,3.893000,92.188980,92.722343,90.000000,2.188980,52.292725,0.938098
3894,3.894000,92.135040,92.845467,90.000000,2.135042,49.905121,0.942146
3895,3.895000,92.079849,92.972527,90.000000,2.079854,47.529823,0.946116
3896,3.896000,92.023476,93.103333,90.000000,2.023478,45.183323,0.949998
3897,3.897000,91.965973,93.237747,90.000000,1.965974,42.885326,0.953782
3898,3.898000,91.907425,93.375587,90.000000,1.907426,40.621483,0.957457
3899,3.899000,91.847900,93.516685,90.000000,1.847901,38.369797,0.961013
3900,3.900000,91.787468,93.660866,90.000000,1.787467,36.150459,0.964441
3901,3.901000,91.726196,93.807945,90.000000,1.726200,33.928780,0.967734
3902,3.902000,91.664177,93.957771,90.000000,1.664182,31.723358,0.970884
3903,3.903000,91.601479,94.110176,90.000000,1.601481,29.139734,0.973884
3904,3.904000,91.538177,94.264992,90.000000,1.538179,25.994381,0.976728
3905,3.905000,91.474358,94.422066,90.000000,1.474358,22.185005,0.979412
3906,3.906000,91.410095,94.581238,90.000000,1.410099,17.628111,0.981931
3907,3.907000,91.345474,94.742355,90.000000,1.345479,12.436276,0.984282
3908,3.908000,91.280579,94.905258,90.000000,1.280578,6.939592,0.986462
3909,3.909000,91.215477,95.069809,90.000000,1.215480,1.334224,0.988471
3910,3.910000,91.150276,95.235817,90.000000,1.150279,-3.767705,0.990308
3911,3.911000,91.085045,95.403084,90.000000,1.085044,-8.397124,0.991973
3912,3.912000,91.019867,95.571350,90.000000,1.019870,-12.576896,0.993469
3913,3.913000,90.954834,95.740303,90.000000,0.954833,-16.475870,0.994797
3914,3.914000,90.890022,95.909584,90.000000,0.890028,-20.346546,0.995961
3915,3.915000,90.825539,96.078812,90.000000,0.825538,-24.232151,0.996964
3916,3.916000,90.761444,96.247597,90.000000,0.761443,-27.861238,0.997812
3917,3.917000,90.697823,96.415573,90.000000,0.697827,-31.386360,0.998510
3918,3.918000,90.634773,96.582428,90.000000,0.634777,-34.619751,0.999065
3919,3.919000,90.572380,96.747871,90.000000,0.572383,-37.905823,0.999484
3920,3.920000,90.510712,96.911652,90.000000,0.510714,-41.484512,0.999774
3921,3.921000,90.449860,97.073502,90.000000,0.449864,-45.218620,0.999943
3922,3.922000,90.389908,97.233200,90.000000,0.389908,-48.927292,1.000000
3923,3.923000,90.330925,97.390495,90.000000,0.330929,-53.235886,0.999954
3924,3.924000,90.273010,97.545158,90.000000,0.273009,-57.886108,0.999813
3925,3.925000,90.216217,97.696976,90.000000,0.216216,-62.370827,0.999588
3926,3.926000,90.160622,97.845757,90.000000,0.160626,-66.739975,0.999289
3927,3.927000,90.106323,97.991280,90.000000,0.106326,-70.889465,0.998924
3928,3.928000,90.053375,98.133278,90.000000,0.053378,-74.636139,0.998504
3929,3.929000,90.001846,98.271530,90.000000,0.001851,-78.081299,0.998038
3930,3.930000,89.951820,98.405769,90.000000,-0.048180,-81.171661,0.997536
3931,3.931000,89.903351,98.535667,90.000000,-0.096647,-83.669891,0.997008
3932,3.932000,89.856506,98.660957,90.000000,-0.143489,-85.580048,0.996463
3933,3.933000,89.811356,98.781319,90.000000,-0.188643,-87.081085,0.995910
3934,3.934000,89.767952,98.896500,90.000000,-0.232049,-88.248703,0.995357
3935,3.935000,89.726357,99.006256,90.000000,-0.273645,-89.058205,0.994812
3936,3.936000,89.686615,99.110359,90.000000,-0.313383,-89.700325,0.994284
3937,3.937000,89.648796,99.208633,90.000000,-0.351201,-90.250549,0.993779
3938,3.938000,89.612938,99.300911,90.000000,-0.387060,-90.681183,0.993305
3939,3.939000,89.579086,99.387093,90.000000,-0.420910,-91.020050,0.992867
3940,3.940000,89.547295,99.467094,90.000000,-0.452705,-91.410110,0.992471
3941,3.941000,89.517593,99.540871,90.000000,-0.482403,-91.808487,0.992122
3942,3.942000,89.490028,99.608383,90.000000,-0.509969,-92.124214,0.991823
3943,3.943000,89.464630,99.669632,90.000000,-0.535371,-92.361481,0.991579
3944,3.944000,89.441422,99.724594,90.000000,-0.558573,-92.488144,0.991393
3945,3.945000,89.420448,99.773277,90.000000,-0.579548,-92.473053,0.991266
3946,3.946000,89.401726,99.815659,90.000000,-0.598270,-92.306046,0.991200
3947,3.947000,89.385277,99.851768,90.000000,-0.614717,-91.981895,0.991196
3948,3.948000,89.371132,99.881569,90.000000,-0.628869,-91.515388,0.991253
3949,3.949000,89.359276,99.905075,90.000000,-0.640720,-90.903336,0.991371
3950,3.950000,89.349754,99.922287,90.000000,-0.650241,-90.151520,0.991548
3951,3.951000,89.342567,99.933220,90.000000,-0.657433,-89.250778,0.991783
3952,3.952000,89.337715,99.937874,90.000000,-0.662282,-88.252678,0.992072
3953,3.953000,89.335205,99.936295,90.000000,-0.664796,-87.192589,0.992412
3954,3.954000,89.335037,99.928520,90.000000,-0.664960,-86.018364,0.992798
3955,3.955000,89.337212,99.914597,90.000000,-0.662788,-84.731476,0.993227
3956,3.956000,89.341721,99.894592,90.000000,-0.658280,-83.476768,0.993691
3957,3.957000,89.348549,99.868561,90.000000,-0.651450,-82.268127,0.994187
3958,3.958000,89.357689,99.836601,90.000000,-0.642311,-81.047012,0.994706
3959,3.959000,89.369133,99.798782,90.000000,-0.630864,-79.810059,0.995243
3960,3.960000,89.382858,99.755211,90.000000,-0.617142,-78.591667,0.995789
3961,3.961000,89.398834,99.705978,90.000000,-0.601166,-77.005943,0.996337
3962,3.962000,89.417053,99.651176,90.000000,-0.582943,-75.186699,0.996878
3963,3.963000,89.437477,99.590927,90.000000,-0.562521,-73.571960,0.997404
3964,3.964000,89.460083,99.525322,90.000000,-0.539913,-71.682693,0.997907
3965,3.965000,89.484840,99.454460,90.000000,-0.515160,-69.647331,0.998377
3966,3.966000,89.511703,99.378433,90.000000,-0.488297,-67.341599,0.998805
3967,3.967000,89.540642,99.297356,90.000000,-0.459358,-65.007973,0.999182
3968,3.968000,89.571617,99.211327,90.000000,-0.428383,-62.567993,0.999498
3969,3.969000,89.604584,99.120483,90.000000,-0.395413,-59.801048,0.999745
3970,3.970000,89.639503,99.024971,90.000000,-0.360491,-56.986607,0.999913
3971,3.971000,89.676323,98.924911,90.000000,-0.323676,-54.617496,0.999994
3972,3.972000,89.714989,98.820465,90.000000,-0.285010,-52.226913,0.999978
3973,3.973000,89.755455,98.711792,90.000000,-0.244541,-49.791000,0.999858
3974,3.974000,89.797668,98.599075,90.000000,-0.202331,-47.386375,0.999625
3975,3.975000,89.841568,98.482483,90.000000,-0.158433,-44.892242,0.999271
3976,3.976000,89.887085,98.362228,90.000000,-0.112910,-42.235413,0.998789
3977,3.977000,89.934189,98.238495,90.000000,-0.065809,-39.407814,0.998173
3978,3.978000,89.982796,98.111481,90.000000,-0.017205,-36.522369,0.997416
3979,3.979000,90.032837,97.981346,90.000000,0.032840,-33.566872,0.996514
3980,3.980000,90.084259,97.848267,90.000000,0.084264,-30.580990,0.995460
3981,3.981000,90.137001,97.712410,90.000000,0.137000,-27.771122,0.994251
3982,3.982000,90.190971,97.573952,90.000000,0.190972,-25.138479,0.992884
3983,3.983000,90.246117,97.433083,90.000000,0.246119,-22.373318,0.991356
3984,3.984000,90.302368,97.289986,90.000000,0.302372,-19.579716,0.989665
3985,3.985000,90.359650,97.144882,90.000000,0.359650,-16.551626,0.987811
3986,3.986000,90.417877,96.997955,90.000000,0.417878,-13.460316,0.985792
3987,3.987000,90.476990,96.849434,90.000000,0.476993,-10.225824,0.983611
3988,3.988000,90.536903,96.699509,90.000000,0.536907,-6.659913,0.981268
3989,3.989000,90.597549,96.548363,90.000000,0.597553,-2.600707,0.978766
3990,3.990000,90.658844,96.396187,90.000000,0.658847,2.019738,0.976109
3991,3.991000,90.720711,96.243164,90.000000,0.720715,6.961588,0.973300
3992,3.992000,90.783073,96.089516,90.000000,0.783074,11.974915,0.970344
3993,3.993000,90.845856,95.935425,90.000000,0.845857,16.368574,0.967248
3994,3.994000,90.908974,95.781136,90.000000,0.908975,20.598347,0.964017
3995,3.995000,90.972351,95.626877,90.000000,0.972353,24.313557,0.960659
3996,3.996000,91.035904,95.472923,90.000000,1.035907,27.543259,0.957181
3997,3.997000,91.099564,95.319588,90.000000,1.099565,30.347420,0.953592
3998,3.998000,91.163239,95.167213,90.000000,1.163243,32.837204,0.949901
3999,3.999000,91.226860,95.016136,90.000000,1.226866,35.017372,0.946117
4000,4.000000,91.290352,94.866661,90.000000,1.290352,37.056416,0.942250
4001,4.001000,91.353622,94.719101,90.000000,1.353627,39.080078,0.938311
4002,4.002000,91.416611,94.573677,90.000000,1.416615,40.879482,0.934310
4003,4.003000,91.479233,94.430611,90.000000,1.479234,42.659264,0.930258
4004,4.004000,91.541412,94.290092,90.000000,1.541417,43.831783,0.926166
4005,4.005000,91.603081,94.152275,90.000000,1.603079,44.757690,0.922045
4006,4.006000,91.664162,94.017288,90.000000,1.664162,45.472282,0.917907
4007,4.007000,91.724586,93.885246,90.000000,1.724589,45.921745,0.913764
4008,4.008000,91.784286,93.756279,90.000000,1.784291,46.132294,0.909626
4009,4.009000,91.843185,93.630486,90.000000,1.843188,46.054337,0.905506
4010,4.010000,91.901230,93.507988,90.000000,1.901231,45.784744,0.901415
4011,4.011000,91.958344,93.388840,90.000000,1.958345,45.379990,0.897363
4012,4.012000,92.014458,93.273094,90.000000,2.014462,44.898705,0.893363
4013,4.013000,92.069527,93.160789,90.000000,2.069527,44.315411,0.889425
4014,4.014000,92.123466,93.051941,90.000000,2.123471,43.659534,0.885559
4015,4.015000,92.176247,92.946541,90.000000,2.176248,42.971046,0.881776
4016,4.016000,92.227783,92.844582,90.000000,2.227789,42.308147,0.878087
4017,4.017000,92.278038,92.746010,90.000000,2.278039,41.700325,0.874501
4018,4.018000,92.326950,92.650818,90.000000,2.326950,41.200874,0.871027
4019,4.019000,92.374466,92.558914,90.000000,2.374467,40.720154,0.867675
4020,4.020000,92.420532,92.470276,90.000000,2.420537,40.360176,0.864454
4021,4.021000,92.465118,92.384842,90.000000,2.465118,40.186913,0.861372
4022,4.022000,92.508156,92.302544,90.000000,2.508155,40.181175,0.858437
4023,4.023000,92.549599,92.223328,90.000000,2.549600,40.300865,0.855656
4024,4.024000,92.589417,92.147133,90.000000,2.589420,40.539436,0.853037
4025,4.025000,92.627556,92.073936,90.000000,2.627560,40.878670,0.850587
4026,4.026000,92.663986,92.003677,90.000000,2.663992,41.267250,0.848311
4027,4.027000,92.698669,91.936325,90.000000,2.698669,41.777664,0.846216
4028,4.028000,92.731560,91.871872,90.000000,2.731563,42.381947,0.844308
4029,4.029000,92.762627,91.810295,90.000000,2.762627,43.007568,0.842590
4030,4.030000,92.791832,91.751595,90.000000,2.791833,43.693443,0.841069
4031,4.031000,92.819145,91.695786,90.000000,2.819147,44.443764,0.839746
4032,4.032000,92.844543,91.642883,90.000000,2.844548,45.243752,0.838628
4033,4.033000,92.867989,91.592903,90.000000,2.867990,46.152805,0.837715
4034,4.034000,92.889458,91.545898,90.000000,2.889464,47.161224,0.837012
4035,4.035000,92.908936,91.501862,90.000000,2.908937,48.315449,0.836520
4036,4.036000,92.926376,91.460861,90.000000,2.926381,49.567856,0.836241
4037,4.037000,92.941780,91.422920,90.000000,2.941783,51.065838,0.836175
4038,4.038000,92.955116,91.388084,90.000000,2.955122,52.696228,0.836325
4039,4.039000,92.966377,91.356400,90.000000,2.966378,54.429901,0.836689
4040,4.040000,92.975533,91.327919,90.000000,2.975538,56.319202,0.837267
4041,4.041000,92.982582,91.302696,90.000000,2.982586,58.647373,0.838059
4042,4.042000,92.987511,91.280807,90.000000,2.987511,61.291039,0.839064
4043,4.043000,92.990303,91.262329,90.000000,2.990304,64.609093,0.840278
4044,4.044000,92.990959,91.247337,90.000000,2.990960,68.272949,0.841700
4045,4.045000,92.989464,91.235954,90.000000,2.989464,72.158051,0.843327
4046,4.046000,92.985825,91.228279,90.000000,2.985824,75.748695,0.845155
4047,4.047000,92.980026,91.224419,90.000000,2.980032,78.735840,0.847180
4048,4.048000,92.972084,91.224541,90.000000,2.972088,81.022400,0.849397
4049,4.049000,92.961990,91.228798,90.000000,2.961993,82.676987,0.851801
4050,4.050000,92.949760,91.237404,90.000000,2.949760,83.574997,0.854385
4051,4.051000,92.935394,91.250603,90.000000,2.935397,83.827927,0.857144
4052,4.052000,92.918900,91.268654,90.000000,2.918902,83.588669,0.860070
4053,4.053000,92.900299,91.291794,90.000000,2.900303,83.035210,0.863156
4054,4.054000,92.879601,91.320229,90.000000,2.879601,82.338745,0.866394
4055,4.055000,92.856819,91.354095,90.000000,2.856822,81.548355,0.869774
4056,4.056000,92.831978,91.393509,90.000000,2.831981,80.688156,0.873287
4057,4.057000,92.805107,91.438492,90.000000,2.805111,79.637527,0.876925
4058,4.058000,92.776222,91.489052,90.000000,2.776226,78.417221,0.880676
4059,4.059000,92.745361,91.545151,90.000000,2.745367,77.150200,0.884530
4060,4.060000,92.712555,91.606712,90.000000,2.712555,75.784111,0.888476
4061,4.061000,92.677826,91.673653,90.000000,2.677830,74.264923,0.892503
4062,4.062000,92.641228,91.745911,90.000000,2.641227,72.667801,0.896599
4063,4.063000,92.602791,91.823395,90.000000,2.602794,71.008209,0.900751
4064,4.064000,92.562553,91.906006,90.000000,2.562557,69.203651,0.904949
4065,4.065000,92.520569,91.993652,90.000000,2.520572,67.315155,0.909179
4066,4.066000,92.476875,92.086227,90.000000,2.476879,65.546051,0.913428
4067,4.067000,92.431534,92.183632,90.000000,2.431534,63.584328,0.917685
4068,4.068000,92.384590,92.285728,90.000000,2.384590,61.427475,0.921937
4069,4.069000,92.336090,92.392403,90.000000,2.336095,59.183651,0.926170
4070,4.070000,92.286102,92.503525,90.000000,2.286105,56.783390,0.930373
4071,4.071000,92.234688,92.618965,90.000000,2.234688,54.331802,0.934533
4072,4.072000,92.181892,92.738579,90.000000,2.181897,51.971817,0.938637
4073,4.073000,92.127792,92.862236,90.000000,2.127795,49.582687,0.942675
4074,4.074000,92.072441,92.989784,90.000000,2.072443,47.213043,0.946634
4075,4.075000,92.015915,93.121078,90.000000,2.015917,44.872833,0.950504
4076,4.076000,91.958282,93.255951,90.000000,1.958283,42.585342,0.954273
4077,4.077000,91.899597,93.394234,90.000000,1.899598,40.322205,0.957933
4078,4.078000,91.839958,93.535744,90.000000,1.839957,38.074219,0.961472
4079,4.079000,91.779404,93.680305,90.000000,1.779408,35.859489,0.964883
4080,4.080000,91.718040,93.827759,90.000000,1.718045,33.631840,0.968157
4081,4.081000,91.655937,93.977936,90.000000,1.655938,31.436655,0.971288
4082,4.082000,91.593155,94.130653,90.000000,1.593155,28.755108,0.974267
4083,4.083000,91.529785,94.285774,90.000000,1.529785,25.540470,0.977091
4084,4.084000,91.465904,94.443130,90.000000,1.465909,21.645008,0.979752
4085,4.085000,91.401596,94.602570,90.000000,1.401596,16.968529,0.982249
4086,4.086000,91.336937,94.763924,90.000000,1.336941,11.732624,0.984578
4087,4.087000,91.272011,94.927048,90.000000,1.272013,6.190360,0.986735
4088,4.088000,91.206909,95.091797,90.000000,1.206908,0.641361,0.988722
4089,4.089000,91.141701,95.257980,90.000000,1.141700,-4.417569,0.990536
4090,4.090000,91.076469,95.425392,90.000000,1.076472,-8.985148,0.992179
4091,4.091000,91.011314,95.593765,90.000000,1.011319,-13.101884,0.993652
4092,4.092000,90.946312,95.762779,90.000000,0.946316,-16.995058,0.994958
4093,4.093000,90.881546,95.932076,90.000000,0.881552,-20.865837,0.996101
4094,4.094000,90.817108,96.101265,90.000000,0.817109,-24.732147,0.997083
4095,4.095000,90.753075,96.269966,90.000000,0.753076,-28.334385,0.997911
4096,4.096000,90.689529,96.437813,90.000000,0.689535,-31.846556,0.998591
4097,4.097000,90.626572,96.604492,90.000000,0.626574,-35.024666,0.999127
4098,4.098000,90.564270,96.769722,90.000000,0.564276,-38.369080,0.999529
4099,4.099000,90.502716,96.933258,90.000000,0.502716,-41.968445,0.999803
4100,4.100000,90.441986,97.094849,90.000000,0.441988,-45.708595,0.999957
4101,4.101000,90.382164,97.254234,90.000000,0.382163,-49.400665,1.000000
4102,4.102000,90.323318,97.411186,90.000000,0.323321,-53.855469,0.999941
4103,4.103000,90.265541,97.565483,90.000000,0.265544,-58.480385,0.999789
4104,4.104000,90.208916,97.716919,90.000000,0.208915,-62.944260,0.999554
4105,4.105000,90.153496,97.865273,90.000000,0.153495,-67.305458,0.999245
4106,4.106000,90.099373,98.010330,90.000000,0.099372,-71.412636,0.998873
4107,4.107000,90.046608,98.151855,90.000000,0.046609,-75.105072,0.998446
4108,4.108000,89.995285,98.289597,90.000000,-0.004713,-78.504913,0.997976
4109,4.109000,89.945457,98.423271,90.000000,-0.054539,-81.533264,0.997470
4110,4.110000,89.897209,98.552582,90.000000,-0.102788,-83.952835,0.996940
4111,4.111000,89.850594,98.677231,90.000000,-0.149404,-85.798607,0.996393
4112,4.112000,89.805672,98.796936,90.000000,-0.194326,-87.257721,0.995840
4113,4.113000,89.762505,98.911407,90.000000,-0.237493,-88.369812,0.995288
4114,4.114000,89.721153,99.020432,90.000000,-0.278842,-89.156586,0.994745
4115,4.115000,89.681679,99.123779,90.000000,-0.318321,-89.775284,0.994220
4116,4.116000,89.644119,99.221268,90.000000,-0.355880,-90.319221,0.993720
4117,4.117000,89.608528,99.312744,90.000000,-0.391472,-90.729904,0.993250
4118,4.118000,89.574951,99.398109,90.000000,-0.425049,-91.068832,0.992817
4119,4.119000,89.543434,99.477303,90.000000,-0.456564,-91.470108,0.992427
4120,4.120000,89.514023,99.550247,90.000000,-0.485975,-91.850708,0.992085
4121,4.121000,89.486740,99.616943,90.000000,-0.513255,-92.162109,0.991794
4122,4.122000,89.461632,99.677361,90.000000,-0.538362,-92.382782,0.991557
4123,4.123000,89.438736,99.731491,90.000000,-0.561264,-92.494751,0.991379
4124,4.124000,89.418060,99.779343,90.000000,-0.581939,-92.455780,0.991260
4125,4.125000,89.399635,99.820900,90.000000,-0.600360,-92.265808,0.991202
4126,4.126000,89.383499,99.856171,90.000000,-0.616500,-91.933029,0.991206
4127,4.127000,89.369652,99.885147,90.000000,-0.630344,-91.443054,0.991271
4128,4.128000,89.358116,99.907822,90.000000,-0.641881,-90.815712,0.991398
4129,4.129000,89.348900,99.924202,90.000000,-0.651095,-90.042168,0.991583
4130,4.130000,89.342026,99.934303,90.000000,-0.657973,-89.132507,0.991825
4131,4.131000,89.337486,99.938133,90.000000,-0.662508,-88.120102,0.992121
4132,4.132000,89.335289,99.935738,90.000000,-0.664707,-87.045486,0.992467
4133,4.133000,89.335442,99.927155,90.000000,-0.664557,-85.855919,0.992859
4134,4.134000,89.337921,99.912415,90.000000,-0.662078,-84.564072,0.993292
4135,4.135000,89.342743,99.891617,90.000000,-0.657255,-83.315437,0.993762
4136,4.136000,89.349876,99.864799,90.000000,-0.650118,-82.112656,0.994260
4137,4.137000,89.359329,99.832054,90.000000,-0.640665,-80.886551,0.994782
4138,4.138000,89.371078,99.793480,90.000000,-0.628917,-79.651566,0.995320
4139,4.139000,89.385109,99.749153,90.000000,-0.614888,-78.403625,0.995867
4140,4.140000,89.401382,99.699173,90.000000,-0.598611,-76.771439,0.996414
4141,4.141000,89.419899,99.643654,90.000000,-0.580095,-74.985489,0.996953
4142,4.142000,89.440620,99.582687,90.000000,-0.559379,-73.338707,0.997477
4143,4.143000,89.463516,99.516380,90.000000,-0.536484,-71.426170,0.997975
4144,4.144000,89.488556,99.444824,90.000000,-0.511445,-69.357574,0.998439
4145,4.145000,89.515701,99.368126,90.000000,-0.484295,-67.041809,0.998861
4146,4.146000,89.544914,99.286385,90.000000,-0.455082,-64.703194,0.999230
4147,4.147000,89.576164,99.199715,90.000000,-0.423834,-62.232052,0.999537
4148,4.148000,89.609390,99.108246,90.000000,-0.390605,-59.415348,0.999773
4149,4.149000,89.644569,99.012115,90.000000,-0.355429,-56.668217,0.999930
4150,4.150000,89.681633,98.911469,90.000000,-0.318362,-54.302052,0.999998
4151,4.151000,89.720551,98.806450,90.000000,-0.279450,-51.905647,0.999968
4152,4.152000,89.761246,98.697235,90.000000,-0.238749,-49.476673,0.999833
4153,4.153000,89.803688,98.583992,90.000000,-0.196313,-47.063438,0.999583
4154,4.154000,89.847809,98.466904,90.000000,-0.152190,-44.555500,0.999212
4155,4.155000,89.893547,98.346169,90.000000,-0.106448,-41.871201,0.998712
4156,4.156000,89.940849,98.221992,90.000000,-0.059149,-39.029247,0.998077
4157,4.157000,89.989647,98.094551,90.000000,-0.010348,-36.130501,0.997301
4158,4.158000,90.039886,97.964012,90.000000,0.039888,-33.174850,0.996377
4159,4.159000,90.091492,97.830551,90.000000,0.091490,-30.186468,0.995302
4160,4.160000,90.144394,97.694336,90.000000,0.144397,-27.428162,0.994072
4161,4.161000,90.198532,97.555542,90.000000,0.198533,-24.774221,0.992683
4162,4.162000,90.253830,97.414368,90.000000,0.253830,-22.004877,0.991133
4163,4.163000,90.310226,97.270988,90.000000,0.310227,-19.174837,0.989419
4164,4.164000,90.367630,97.125618,90.000000,0.367635,-16.151573,0.987542
4165,4.165000,90.425980,96.978477,90.000000,0.425985,-13.032125,0.985501
4166,4.166000,90.485207,96.829750,90.000000,0.485210,-9.768959,0.983298
4167,4.167000,90.545227,96.679649,90.000000,0.545227,-6.146406,0.980933
4168,4.168000,90.605965,96.528351,90.000000,0.605968,-2.030723,0.978410
4169,4.169000,90.667343,96.376053,90.000000,0.667344,2.670122,0.975731
4170,4.170000,90.729279,96.222939,90.000000,0.729280,7.649855,0.972901
4171,4.171000,90.791702,96.069206,90.000000,0.791708,12.555339,0.969926
4172,4.172000,90.854530,95.915077,90.000000,0.854532,16.960934,0.966811
4173,4.173000,90.917686,95.760780,90.000000,0.917691,21.138210,0.963562
4174,4.174000,90.981094,95.606537,90.000000,0.981095,24.779091,0.960186
4175,4.175000,91.044670,95.452644,90.000000,1.044671,27.950958,0.956693
4176,4.176000,91.108330,95.299416,90.000000,1.108335,30.700764,0.953089
4177,4.177000,91.172012,95.147194,90.000000,1.172013,33.149151,0.949384
4178,4.178000,91.235619,94.996307,90.000000,1.235622,35.293991,0.945588
4179,4.179000,91.299088,94.847076,90.000000,1.299088,37.328339,0.941710
4180,4.180000,91.362328,94.699776,90.000000,1.362329,39.322361,0.937762
4181,4.181000,91.425270,94.554665,90.000000,1.425269,41.114594,0.933752
4182,4.182000,91.487831,94.411934,90.000000,1.487834,42.896759,0.929694
4183,4.183000,91.549950,94.271759,90.000000,1.549954,43.980957,0.925597
4184,4.184000,91.611549,94.134308,90.000000,1.611549,44.878086,0.921473
4185,4.185000,91.672539,93.999710,90.000000,1.672542,45.563919,0.917333
4186,4.186000,91.732880,93.868073,90.000000,1.732880,45.979015,0.913189
4187,4.187000,91.792473,93.739517,90.000000,1.792474,46.147423,0.909053
4188,4.188000,91.851265,93.614166,90.000000,1.851268,46.031921,0.904936
4189,4.189000,91.909187,93.492104,90.000000,1.909188,45.739258,0.900849
4190,4.190000,91.966164,93.373413,90.000000,1.966165,45.315430,0.896803
4191,4.191000,92.022148,93.258125,90.000000,2.022152,44.823486,0.892810
4192,4.192000,92.077065,93.146294,90.000000,2.077067,44.228874,0.888880
4193,4.193000,92.130859,93.037910,90.000000,2.130862,43.565929,0.885025
4194,4.194000,92.183472,92.932976,90.000000,2.183475,42.878235,0.881254
4195,4.195000,92.234848,92.831474,90.000000,2.234851,42.220055,0.877577
4196,4.196000,92.284920,92.733368,90.000000,2.284924,41.626999,0.874005
4197,4.197000,92.333656,92.638618,90.000000,2.333657,41.139137,0.870547
4198,4.198000,92.380981,92.547165,90.000000,2.380983,40.660240,0.867212
4199,4.199000,92.426849,92.458961,90.000000,2.426855,40.327354,0.864009
4200,4.200000,92.471230,92.373955,90.000000,2.471231,40.179447,0.860945
4201,4.201000,92.514053,92.292076,90.000000,2.514056,40.192997,0.858030
4202,4.202000,92.555290,92.213272,90.000000,2.555290,40.323578,0.855270
4203,4.203000,92.594879,92.137489,90.000000,2.594884,40.577682,0.852673
4204,4.204000,92.632805,92.064690,90.000000,2.632806,40.926262,0.850246
4205,4.205000,92.669006,91.994820,90.000000,2.669006,41.324944,0.847994
4206,4.206000,92.703438,91.927864,90.000000,2.703443,41.856377,0.845923
4207,4.207000,92.736092,91.863800,90.000000,2.736092,42.462135,0.844040
4208,4.208000,92.766907,91.802605,90.000000,2.766910,43.096504,0.842348
4209,4.209000,92.795868,91.744301,90.000000,2.795870,43.793770,0.840853
4210,4.210000,92.822929,91.688881,90.000000,2.822931,44.549873,0.839557
4211,4.211000,92.848061,91.636383,90.000000,2.848066,45.363037,0.838466
4212,4.212000,92.871254,91.586807,90.000000,2.871254,46.287010,0.837581
4213,4.213000,92.892456,91.540192,90.000000,2.892455,47.303963,0.836906
4214,4.214000,92.911659,91.496567,90.000000,2.911662,48.474876,0.836442
4215,4.215000,92.928841,91.455978,90.000000,2.928840,49.752769,0.836191
4216,4.216000,92.943962,91.418449,90.000000,2.943962,51.273090,0.836154
4217,4.217000,92.957024,91.384041,90.000000,2.957028,52.930428,0.836332
4218,4.218000,92.968002,91.352783,90.000000,2.968004,54.672447,0.836725
4219,4.219000,92.976883,91.324738,90.000000,2.976883,56.587555,0.837332
4220,4.220000,92.983650,91.299965,90.000000,2.983652,58.981853,0.838153
4221,4.221000,92.988289,91.278534,90.000000,2.988290,61.666931,0.839185
4222,4.222000,92.990799,91.260521,90.000000,2.990803,65.076645,0.840427
4223,4.223000,92.991165,91.246017,90.000000,2.991165,68.780731,0.841877
4224,4.224000,92.989388,91.235123,90.000000,2.989389,72.664429,0.843531
4225,4.225000,92.985458,91.227951,90.000000,2.985462,76.173050,0.845385
4226,4.226000,92.979378,91.224625,90.000000,2.979383,79.066460,0.847436
4227,4.227000,92.971153,91.225296,90.000000,2.971153,81.268623,0.849678
4228,4.228000,92.960777,91.230118,90.000000,2.960778,82.827370,0.852107
4229,4.229000,92.948257,91.239326,90.000000,2.948258,83.632233,0.854715
4230,4.230000,92.933601,91.253159,90.000000,2.933607,83.815109,0.857497
4231,4.231000,92.916832,91.271881,90.000000,2.916832,83.520111,0.860445
4232,4.232000,92.897949,91.295715,90.000000,2.897954,82.945053,0.863552
4233,4.233000,92.876968,91.324867,90.000000,2.876971,82.233414,0.866809
4234,4.234000,92.853920,91.359482,90.000000,2.853919,81.435257,0.870207
4235,4.235000,92.828812,91.399628,90.000000,2.828811,80.557869,0.873738
4236,4.236000,92.801666,91.445358,90.000000,2.801668,79.479973,0.877392
4237,4.237000,92.772514,91.496666,90.000000,2.772517,78.257385,0.881157
4238,4.238000,92.741394,91.553482,90.000000,2.741399,76.976295,0.885024
4239,4.239000,92.708328,91.615768,90.000000,2.708334,75.590355,0.888982
4240,4.240000,92.673355,91.683418,90.000000,2.673356,74.061195,0.893019
4241,4.241000,92.636505,91.756371,90.000000,2.636508,72.448555,0.897124
4242,4.242000,92.597824,91.834549,90.000000,2.597828,70.772339,0.901283
4243,4.243000,92.557358,91.917831,90.000000,2.557359,68.946838,0.905486
4244,4.244000,92.515137,92.006142,90.000000,2.515142,67.085182,0.909720
4245,4.245000,92.471230,92.099365,90.000000,2.471231,65.290100,0.913971
4246,4.246000,92.425674,92.197395,90.000000,2.425673,63.299725,0.918229
4247,4.247000,92.378517,92.300102,90.000000,2.378518,61.131298,0.922479
4248,4.248000,92.329826,92.407379,90.000000,2.329825,58.866650,0.926709
4249,4.249000,92.279640,92.519089,90.000000,2.279644,56.452953,0.930908
4250,4.250000,92.228035,92.635086,90.000000,2.228035,54.024967,0.935061
4251,4.251000,92.175064,92.755249,90.000000,2.175067,51.648254,0.939158
4252,4.252000,92.120796,92.879425,90.000000,2.120801,49.266182,0.943186
4253,4.253000,92.065292,93.007484,90.000000,2.065292,46.894630,0.947135
4254,4.254000,92.008614,93.139259,90.000000,2.008615,44.558884,0.950992
4255,4.255000,91.950829,93.274597,90.000000,1.950832,42.273998,0.954748
4256,4.256000,91.892021,93.413307,90.000000,1.892024,40.008717,0.958393
4257,4.257000,91.832253,93.555237,90.000000,1.832253,37.768387,0.961916
4258,4.258000,91.771599,93.700188,90.000000,1.771601,35.560848,0.965310
4259,4.259000,91.710136,93.848015,90.000000,1.710136,33.330822,0.968567
4260,4.260000,91.647934,93.998535,90.000000,1.647933,31.148489,0.971678
4261,4.261000,91.585068,94.151581,90.000000,1.585068,28.368370,0.974638
4262,4.262000,91.521629,94.307014,90.000000,1.521629,25.087643,0.977440
4263,4.263000,91.457687,94.464645,90.000000,1.457692,21.104851,0.980081
4264,4.264000,91.393326,94.624336,90.000000,1.393331,16.312220,0.982556
4265,4.265000,91.328636,94.785934,90.000000,1.328636,11.027284,0.984863
4266,4.266000,91.263680,94.949272,90.000000,1.263681,5.433534,0.986999
4267,4.267000,91.198563,95.114220,90.000000,1.198562,-0.048613,0.988963
4268,4.268000,91.133347,95.280579,90.000000,1.133347,-5.049313,0.990755
4269,4.269000,91.068123,95.448135,90.000000,1.068125,-9.578626,0.992376
4270,4.270000,91.002983,95.616615,90.000000,1.002986,-13.630925,0.993828
4271,4.271000,90.938011,95.785690,90.000000,0.938010,-17.514412,0.995113
4272,4.272000,90.873283,95.954994,90.000000,0.873287,-21.397646,0.996234
4273,4.273000,90.808899,96.124146,90.000000,0.808899,-25.244442,0.997197
4274,4.274000,90.744926,96.292755,90.000000,0.744928,-28.822514,0.998006
4275,4.275000,90.681458,96.460464,90.000000,0.681462,-32.310013,0.998666
4276,4.276000,90.618584,96.626976,90.000000,0.618590,-35.435719,0.999186
4277,4.277000,90.556381,96.792000,90.000000,0.556387,-38.840050,0.999570
4278,4.278000,90.494934,96.955292,90.000000,0.494936,-42.468727,0.999828
4279,4.279000,90.434319,97.116600,90.000000,0.434318,-46.217770,0.999968
4280,4.280000,90.374619,97.275673,90.000000,0.374622,-49.973988,0.999998
4281,4.281000,90.315918,97.432281,90.000000,0.315924,-54.509605,0.999926
4282,4.282000,90.258293,97.586205,90.000000,0.258297,-59.096691,0.999764
4283,4.283000,90.201820,97.737244,90.000000,0.201825,-63.543777,0.999519
4284,4.284000,90.146584,97.885170,90.000000,0.146583,-67.876602,0.999202
4285,4.285000,90.092636,98.029770,90.000000,0.092638,-71.927849,0.998822
4286,4.286000,90.040062,98.170792,90.000000,0.040066,-75.580650,0.998390
4287,4.287000,89.988930,98.308006,90.000000,-0.011065,-78.938385,0.997915
4288,4.288000,89.939316,98.441116,90.000000,-0.060679,-81.897964,0.997406
4289,4.289000,89.891281,98.569817,90.000000,-0.108716,-84.229134,0.996874
4290,4.290000,89.844894,98.693810,90.000000,-0.155107,-86.014038,0.996327
4291,4.291000,89.800201,98.812820,90.000000,-0.199797,-87.426437,0.995773
4292,4.292000,89.757278,98.926567,90.000000,-0.242718,-88.479713,0.995223
4293,4.293000,89.716179,99.034836,90.000000,-0.283822,-89.243378,0.994682
4294,4.294000,89.676949,99.137405,90.000000,-0.323047,-89.845108,0.994161
4295,4.295000,89.639648,99.234085,90.000000,-0.360347,-90.383911,0.993664
4296,4.296000,89.604332,99.324745,90.000000,-0.395666,-90.774048,0.993199
4297,4.297000,89.571030,99.409286,90.000000,-0.428970,-91.109055,0.992773
4298,4.298000,89.539795,99.487633,90.000000,-0.460204,-91.522499,0.992389
4299,4.299000,89.510666,99.559738,90.000000,-0.489335,-91.886719,0.992053
4300,4.300000,89.483673,99.625595,90.000000,-0.516321,-92.192543,0.991769
4301,4.301000,89.458862,99.685158,90.000000,-0.541135,-92.403519,0.991541
4302,4.302000,89.436256,99.738449,90.000000,-0.563743,-92.495148,0.991370
4303,4.303000,89.415878,99.785446,90.000000,-0.584118,-92.430573,0.991260
4304,4.304000,89.397766,99.826157,90.000000,-0.602231,-92.221008,0.991210
4305,4.305000,89.381927,99.860580,90.000000,-0.618071,-91.875832,0.991222
4306,4.306000,89.368393,99.888710,90.000000,-0.631608,-91.365280,0.991296
4307,4.307000,89.357170,99.910538,90.000000,-0.642830,-90.719559,0.991430
4308,4.308000,89.348267,99.926079,90.000000,-0.651730,-89.927460,0.991622
4309,4.309000,89.341705,99.935333,90.000000,-0.658294,-89.005173,0.991872
4310,4.310000,89.337479,99.938332,90.000000,-0.662521,-87.981064,0.992174
4311,4.311000,89.335594,99.935104,90.000000,-0.664407,-86.894112,0.992527
4312,4.312000,89.336052,99.925690,90.000000,-0.663949,-85.688644,0.992924
4313,4.313000,89.338852,99.910133,90.000000,-0.661149,-84.387718,0.993363
4314,4.314000,89.343979,99.888519,90.000000,-0.656019,-83.151184,0.993836
4315,4.315000,89.351425,99.860909,90.000000,-0.648574,-81.950760,0.994338
4316,4.316000,89.361183,99.827377,90.000000,-0.638814,-80.718124,0.994862
4317,4.317000,89.373238,99.788017,90.000000,-0.626759,-79.491066,0.995401
4318,4.318000,89.387566,99.742928,90.000000,-0.612429,-78.198715,0.995947
4319,4.319000,89.404144,99.692200,90.000000,-0.595852,-76.521561,0.996493
4320,4.320000,89.422958,99.635941,90.000000,-0.577042,-74.773788,0.997030
4321,4.321000,89.443962,99.574257,90.000000,-0.556032,-73.091339,0.997550
4322,4.322000,89.467148,99.507240,90.000000,-0.532850,-71.155785,0.998044
4323,4.323000,89.492470,99.434998,90.000000,-0.507531,-69.059357,0.998503
4324,4.324000,89.519890,99.357613,90.000000,-0.480108,-66.727798,0.998917
4325,4.325000,89.549377,99.275200,90.000000,-0.450622,-64.385124,0.999277
4326,4.326000,89.580887,99.187881,90.000000,-0.419107,-61.875175,0.999575
4327,4.327000,89.614388,99.095779,90.000000,-0.385612,-59.025440,0.999801
4328,4.328000,89.649811,98.999039,90.000000,-0.350184,-56.349373,0.999945
4329,4.329000,89.687126,98.897797,90.000000,-0.312870,-53.990913,1.000000
4330,4.330000,89.726280,98.792206,90.000000,-0.273720,-51.581093,0.999956
4331,4.331000,89.767212,98.682442,90.000000,-0.232786,-49.162838,0.999805
4332,4.332000,89.809875,98.568665,90.000000,-0.190118,-46.733231,0.999538
4333,4.333000,89.854218,98.451080,90.000000,-0.145784,-44.202499,0.999150
4334,4.334000,89.900169,98.329880,90.000000,-0.099830,-41.491684,0.998631
4335,4.335000,89.947670,98.205254,90.000000,-0.052326,-38.645691,0.997977
4336,4.336000,89.996666,98.077385,90.000000,-0.003333,-35.737274,0.997180
4337,4.337000,90.047081,97.946442,90.000000,0.047080,-32.773598,0.996236
4338,4.338000,90.098854,97.812599,90.000000,0.098860,-29.787659,0.995140
4339,4.339000,90.151932,97.676033,90.000000,0.151931,-27.083393,0.993888
4340,4.340000,90.206223,97.536903,90.000000,0.206224,-24.409302,0.992477
4341,4.341000,90.261665,97.395416,90.000000,0.261671,-21.638107,0.990904
4342,4.342000,90.318199,97.251762,90.000000,0.318198,-18.766815,0.989168
4343,4.343000,90.375732,97.106148,90.000000,0.375736,-15.737305,0.987268
4344,4.344000,90.434204,96.958778,90.000000,0.434209,-12.596640,0.985205
4345,4.345000,90.493530,96.809860,90.000000,0.493536,-9.305612,0.982979
4346,4.346000,90.553650,96.659592,90.000000,0.553655,-5.608874,0.980592
4347,4.347000,90.614479,96.508141,90.000000,0.614478,-1.431793,0.978047
4348,4.348000,90.675926,96.355721,90.000000,0.675929,3.333682,0.975348
4349,4.349000,90.737930,96.202507,90.000000,0.737934,8.340640,0.972498
4350,4.350000,90.800407,96.048714,90.000000,0.800409,13.139902,0.969503
4351,4.351000,90.863289,95.894554,90.000000,0.863288,17.542732,0.966369
4352,4.352000,90.926476,95.740242,90.000000,0.926481,21.669590,0.963102
4353,4.353000,90.989906,95.586037,90.000000,0.989906,25.242756,0.959710
4354,4.354000,91.053490,95.432228,90.000000,1.053495,28.351925,0.956201
4355,4.355000,91.117157,95.279114,90.000000,1.117159,31.054718,0.952583
4356,4.356000,91.180824,95.127045,90.000000,1.180830,33.459965,0.948865
4357,4.357000,91.244415,94.976372,90.000000,1.244419,35.569820,0.945057
4358,4.358000,91.307846,94.827385,90.000000,1.307851,37.602551,0.941169
4359,4.359000,91.371048,94.680367,90.000000,1.371051,39.564548,0.937212
4360,4.360000,91.433945,94.535561,90.000000,1.433944,41.349949,0.933195
4361,4.361000,91.496445,94.393158,90.000000,1.496447,43.043770,0.929131
4362,4.362000,91.558487,94.253365,90.000000,1.558492,44.100914,0.925029
4363,4.363000,91.620003,94.116287,90.000000,1.620005,44.961685,0.920902
4364,4.364000,91.680916,93.982079,90.000000,1.680916,45.620953,0.916762
4365,4.365000,91.741150,93.850861,90.000000,1.741152,46.001740,0.912618
4366,4.366000,91.800636,93.722733,90.000000,1.800636,46.131992,0.908484
4367,4.367000,91.859314,93.597816,90.000000,1.859314,45.993546,0.904370
4368,4.368000,91.917099,93.476212,90.000000,1.917104,45.685078,0.900288
4369,4.369000,91.973953,93.357971,90.000000,1.973952,45.249832,0.896249
4370,4.370000,92.029785,93.243141,90.000000,2.029789,44.750259,0.892264
4371,4.371000,92.084549,93.131767,90.000000,2.084553,44.140835,0.888344
4372,4.372000,92.138191,93.023842,90.000000,2.138191,43.471031,0.884499
4373,4.373000,92.190636,92.919373,90.000000,2.190640,42.785137,0.880740
4374,4.374000,92.241829,92.818321,90.000000,2.241832,42.133774,0.877078
4375,4.375000,92.291725,92.720665,90.000000,2.291726,41.558594,0.873521
4376,4.376000,92.340263,92.626350,90.000000,2.340269,41.079193,0.870079
4377,4.377000,92.387398,92.535339,90.000000,2.387397,40.608524,0.866761
4378,4.378000,92.433067,92.447563,90.000000,2.433070,40.296509,0.863576
4379,4.379000,92.477234,92.362968,90.000000,2.477234,40.171871,0.860533
4380,4.380000,92.519836,92.281502,90.000000,2.519841,40.204098,0.857638
4381,4.381000,92.560852,92.203094,90.000000,2.560856,40.348671,0.854900
4382,4.382000,92.600220,92.127708,90.000000,2.600225,40.619385,0.852326
4383,4.383000,92.637909,92.055305,90.000000,2.637908,40.974815,0.849922
4384,4.384000,92.673866,91.985825,90.000000,2.673869,41.382740,0.847695
4385,4.385000,92.708061,91.919250,90.000000,2.708067,41.929527,0.845649
4386,4.386000,92.740471,91.855560,90.000000,2.740470,42.540710,0.843792
4387,4.387000,92.771034,91.794754,90.000000,2.771035,43.184574,0.842126
4388,4.388000,92.799736,91.736832,90.000000,2.799735,43.891006,0.840658
4389,4.389000,92.826538,91.681801,90.000000,2.826537,44.651268,0.839390
4390,4.390000,92.851402,91.629677,90.000000,2.851406,45.479874,0.838327
4391,4.391000,92.874321,91.580498,90.000000,2.874321,46.417267,0.837471
4392,4.392000,92.895256,91.534271,90.000000,2.895256,47.451805,0.836824
4393,4.393000,92.914177,91.491051,90.000000,2.914182,48.635479,0.836389
4394,4.394000,92.931076,91.450859,90.000000,2.931080,49.948517,0.836167
4395,4.395000,92.945923,91.413742,90.000000,2.945929,51.488121,0.836160
4396,4.396000,92.958702,91.379745,90.000000,2.958708,53.161911,0.836367
4397,4.397000,92.969398,91.348915,90.000000,2.969397,54.918564,0.836789
4398,4.398000,92.977989,91.321297,90.000000,2.977990,56.855461,0.837425
4399,4.399000,92.984467,91.296959,90.000000,2.984472,59.321983,0.838275
4400,4.400000,92.988823,91.275970,90.000000,2.988822,62.102890,0.839336
4401,4.401000,92.991035,91.258415,90.000000,2.991035,65.547287,0.840607
4402,4.402000,92.991112,91.244385,90.000000,2.991110,69.290863,0.842085
4403,4.403000,92.989037,91.233978,90.000000,2.989041,73.178017,0.843766
4404,4.404000,92.984818,91.227310,90.000000,2.984820,76.606461,0.845648
4405,4.405000,92.978447,91.224503,90.000000,2.978447,79.395378,0.847725
4406,4.406000,92.969917,91.225708,90.000000,2.969923,81.521637,0.849993
4407,4.407000,92.959251,91.231102,90.000000,2.959255,82.982231,0.852446
4408,4.408000,92.946442,91.240913,90.000000,2.946448,83.688309,0.855079
4409,4.409000,92.931503,91.255379,90.000000,2.931503,83.799454,0.857884
4410,4.410000,92.914436,91.274765,90.000000,2.914442,83.457687,0.860854
4411,4.411000,92.895271,91.299301,90.000000,2.895276,82.858231,0.863982
4412,4.412000,92.874008,91.329163,90.000000,2.874014,82.131271,0.867259
4413,4.413000,92.850670,91.364502,90.000000,2.850675,81.322144,0.870676
4414,4.414000,92.825287,91.405396,90.000000,2.825287,80.426384,0.874224
4415,4.415000,92.797867,91.451874,90.000000,2.797871,79.321289,0.877894
4416,4.416000,92.768448,91.503906,90.000000,2.768453,78.100662,0.881674
4417,4.417000,92.737061,91.561470,90.000000,2.737062,76.803696,0.885554
4418,4.418000,92.703728,91.624466,90.000000,2.703730,75.397446,0.889524
4419,4.419000,92.668495,91.692833,90.000000,2.668500,73.851166,0.893571
4420,4.420000,92.631393,91.766479,90.000000,2.631398,72.228271,0.897684
4421,4.421000,92.592468,91.845337,90.000000,2.592473,70.537262,0.901850
4422,4.422000,92.551758,91.929298,90.000000,2.551759,68.688889,0.906058
4423,4.423000,92.509308,92.018272,90.000000,2.509309,66.855667,0.910295
4424,4.424000,92.465164,92.112137,90.000000,2.465165,65.035072,0.914549
4425,4.425000,92.419388,92.210793,90.000000,2.419389,63.010677,0.918806
4426,4.426000,92.372009,92.314117,90.000000,2.372015,60.834618,0.923055
4427,4.427000,92.323112,92.421997,90.000000,2.323111,58.550396,0.927282
4428,4.428000,92.272728,92.534279,90.000000,2.272732,56.118515,0.931475
4429,4.429000,92.220940,92.650841,90.000000,2.220938,53.715630,0.935622
4430,4.430000,92.167786,92.771545,90.000000,2.167786,51.333069,0.939710
4431,4.431000,92.113342,92.896248,90.000000,2.113342,48.952248,0.943729
4432,4.432000,92.057671,93.024811,90.000000,2.057669,46.585938,0.947666
4433,4.433000,92.000832,93.157066,90.000000,2.000835,44.253258,0.951510
4434,4.434000,91.942909,93.292862,90.000000,1.942909,41.969803,0.955252
4435,4.435000,91.883957,93.432014,90.000000,1.883957,39.707962,0.958881
4436,4.436000,91.824059,93.574348,90.000000,1.824063,37.470249,0.962387
4437,4.437000,91.763283,93.719696,90.000000,1.763288,35.266167,0.965763
4438,4.438000,91.701714,93.867889,90.000000,1.701714,33.036247,0.969000
4439,4.439000,91.639404,94.018761,90.000000,1.639409,30.862469,0.972091
4440,4.440000,91.576462,94.172127,90.000000,1.576462,27.988094,0.975030
4441,4.441000,91.512947,94.327858,90.000000,1.512948,24.623333,0.977811
4442,4.442000,91.448936,94.485771,90.000000,1.448943,20.559700,0.980430
4443,4.443000,91.384521,94.645729,90.000000,1.384527,15.657088,0.982882
4444,4.444000,91.319778,94.807564,90.000000,1.319784,10.320986,0.985166
4445,4.445000,91.254799,94.971123,90.000000,1.254801,4.689153,0.987278
4446,4.446000,91.189651,95.136269,90.000000,1.189655,-0.739613,0.989219
4447,4.447000,91.124428,95.302803,90.000000,1.124427,-5.684139,0.990988
4448,4.448000,91.059212,95.470505,90.000000,1.059212,-10.165520,0.992586
4449,4.449000,90.994080,95.639091,90.000000,0.994079,-14.148951,0.994014
4450,4.450000,90.929131,95.808235,90.000000,0.929131,-18.030018,0.995277
4451,4.451000,90.864441,95.977554,90.000000,0.864442,-21.923443,0.996376
4452,4.452000,90.800095,96.146660,90.000000,0.800095,-25.733669,0.997318
4453,4.453000,90.736183,96.315186,90.000000,0.736185,-29.303896,0.998106
4454,4.454000,90.672783,96.482765,90.000000,0.672787,-32.744450,0.998747
4455,4.455000,90.609993,96.649101,90.000000,0.609997,-35.853325,0.999247
4456,4.456000,90.547882,96.813927,90.000000,0.547884,-39.318817,0.999614
4457,4.457000,90.486534,96.976974,90.000000,0.486535,-42.980610,0.999855
4458,4.458000,90.426033,97.138008,90.000000,0.426033,-46.732082,0.999978
4459,4.459000,90.366455,97.296776,90.000000,0.366460,-50.570152,0.999993
4460,4.460000,90.307892,97.453049,90.000000,0.307898,-55.148529,0.999909
4461,4.461000,90.250412,97.606613,90.000000,0.250415,-59.706676,0.999734
4462,4.462000,90.194099,97.757256,90.000000,0.194100,-64.139832,0.999479
4463,4.463000,90.139015,97.904770,90.000000,0.139015,-68.445381,0.999152
4464,4.464000,90.085243,98.048912,90.000000,0.085248,-72.443924,0.998765
4465,4.465000,90.032860,98.189445,90.000000,0.032860,-76.062714,0.998325
4466,4.466000,89.981926,98.326134,90.000000,-0.018073,-79.372498,0.997845
4467,4.467000,89.932518,98.458672,90.000000,-0.067482,-82.248932,0.997332
4468,4.468000,89.884689,98.586769,90.000000,-0.115307,-84.497131,0.996796
4469,4.469000,89.838516,98.710114,90.000000,-0.161479,-86.224564,0.996247
4470,4.470000,89.794060,98.828438,90.000000,-0.205937,-87.592461,0.995693
4471,4.471000,89.751373,98.941475,90.000000,-0.248626,-88.592438,0.995143
4472,4.472000,89.710510,99.048996,90.000000,-0.289484,-89.333664,0.994605
4473,4.473000,89.671539,99.150787,90.000000,-0.328457,-89.922760,0.994086
4474,4.474000,89.634499,99.246674,90.000000,-0.365497,-90.456474,0.993593
4475,4.475000,89.599449,99.336517,90.000000,-0.400550,-90.827484,0.993132
4476,4.476000,89.566414,99.420235,90.000000,-0.433580,-91.156700,0.992711
4477,4.477000,89.535454,99.497749,90.000000,-0.464542,-91.584145,0.992333
4478,4.478000,89.506615,99.569023,90.000000,-0.493386,-91.933640,0.992004
4479,4.479000,89.479904,99.634026,90.000000,-0.520092,-92.229546,0.991727
4480,4.480000,89.455383,99.692757,90.000000,-0.544612,-92.425583,0.991506
4481,4.481000,89.433075,99.745209,90.000000,-0.566919,-92.498093,0.991343
4482,4.482000,89.412994,99.791367,90.000000,-0.587000,-92.410728,0.991241
4483,4.483000,89.395187,99.831238,90.000000,-0.604806,-92.181870,0.991200
4484,4.484000,89.379662,99.864822,90.000000,-0.620338,-91.823257,0.991220
4485,4.485000,89.366432,99.892105,90.000000,-0.633568,-91.289185,0.991302
4486,4.486000,89.355515,99.913086,90.000000,-0.644483,-90.626831,0.991444
4487,4.487000,89.346924,99.927788,90.000000,-0.653075,-89.812897,0.991644
4488,4.488000,89.340675,99.936203,90.000000,-0.659325,-88.880615,0.991901
4489,4.489000,89.336761,99.938362,90.000000,-0.663239,-87.842407,0.992210
4490,4.490000,89.335190,99.934303,90.000000,-0.664810,-86.746994,0.992569
4491,4.491000,89.335960,99.924057,90.000000,-0.664038,-85.525505,0.992973
4492,4.492000,89.339066,99.907692,90.000000,-0.660930,-84.213135,0.993417
4493,4.493000,89.344505,99.885269,90.000000,-0.655493,-82.989380,0.993894
4494,4.494000,89.352264,99.856857,90.000000,-0.647734,-81.785278,0.994400
4495,4.495000,89.362328,99.822533,90.000000,-0.637666,-80.553268,0.994926
4496,4.496000,89.374695,99.782402,90.000000,-0.625304,-79.331497,0.995467
4497,4.497000,89.389320,99.736549,90.000000,-0.610674,-77.989151,0.996015
4498,4.498000,89.406212,99.685066,90.000000,-0.593789,-76.269455,0.996561
4499,4.499000,89.425316,99.628075,90.000000,-0.574685,-74.560486,0.997096
4500,4.500000,89.446617,99.565666,90.000000,-0.553382,-72.844917,0.997614
4501,4.501000,89.470085,99.497940,90.000000,-0.529913,-70.894165,0.998104
4502,4.502000,89.495689,99.424995,90.000000,-0.504307,-68.744812,0.998558
4503,4.503000,89.523392,99.346931,90.000000,-0.476604,-66.420990,0.998966
4504,4.504000,89.553162,99.263855,90.000000,-0.446838,-64.061386,0.999319
4505,4.505000,89.584938,99.175888,90.000000,-0.415057,-61.522892,0.999608
4506,4.506000,89.618698,99.083160,90.000000,-0.381302,-58.644615,0.999824
4507,4.507000,89.654381,98.985802,90.000000,-0.345614,-56.039818,0.999957
4508,4.508000,89.691948,98.883965,90.000000,-0.308048,-53.678299,1.000000
4509,4.509000,89.731339,98.777802,90.000000,-0.268659,-51.257908,0.999942
4510,4.510000,89.772514,98.667488,90.000000,-0.227479,-48.845257,0.999777
4511,4.511000,89.815414,98.553200,90.000000,-0.184586,-46.402847,0.999496
4512,4.512000,89.859970,98.435112,90.000000,-0.140026,-43.849037,0.999090
4513,4.513000,89.906128,98.313431,90.000000,-0.093867,-41.118553,0.998555
4514,4.514000,89.953842,98.188354,90.000000,-0.046152,-38.267563,0.997882
4515,4.515000,90.003029,98.060066,90.000000,0.003033,-35.337227,0.997067
4516,4.516000,90.053642,97.928719,90.000000,0.053644,-32.374847,0.996103
4517,4.517000,90.105598,97.794502,90.000000,0.105602,-29.384018,0.994987
4518,4.518000,90.158844,97.657570,90.000000,0.158843,-26.732136,0.993714
4519,4.519000,90.213295,97.518120,90.000000,0.213300,-24.036861,0.992282
4520,4.520000,90.268898,97.376320,90.000000,0.268898,-21.272137,0.990688
4521,4.521000,90.325569,97.232391,90.000000,0.325568,-18.361881,0.988931
4522,4.522000,90.383240,97.086517,90.000000,0.383242,-15.328486,0.987009
4523,4.523000,90.441826,96.938927,90.000000,0.441831,-12.168669,0.984925
4524,4.524000,90.501282,96.789803,90.000000,0.501281,-8.850967,0.982678
4525,4.525000,90.561493,96.639366,90.000000,0.561496,-5.073298,0.980270
4526,4.526000,90.622414,96.487778,90.000000,0.622415,-0.813936,0.977704
4527,4.527000,90.683945,96.335228,90.000000,0.683948,3.993112,0.974985
4528,4.528000,90.746017,96.181923,90.000000,0.746021,9.029924,0.972115
4529,4.529000,90.808563,96.028061,90.000000,0.808565,13.732830,0.969102
4530,4.530000,90.871490,95.873863,90.000000,0.871491,18.110424,0.965950
4531,4.531000,90.934723,95.719551,90.000000,0.934725,22.171755,0.962666
4532,4.532000,90.998184,95.565376,90.000000,0.998184,25.681978,0.959258
4533,4.533000,91.061783,95.411629,90.000000,1.061787,28.740183,0.955734
4534,4.534000,91.125465,95.258636,90.000000,1.125465,31.396992,0.952102
4535,4.535000,91.189125,95.106735,90.000000,1.189129,33.757141,0.948371
4536,4.536000,91.252708,94.956268,90.000000,1.252711,35.838707,0.944552
4537,4.537000,91.316124,94.807518,90.000000,1.316123,37.873489,0.940654
4538,4.538000,91.379288,94.660789,90.000000,1.379288,39.805397,0.936688
4539,4.539000,91.442139,94.516289,90.000000,1.442140,41.583031,0.932665
4540,4.540000,91.504593,94.374229,90.000000,1.504595,43.185143,0.928594
4541,4.541000,91.566574,94.234779,90.000000,1.566579,44.217804,0.924489
4542,4.542000,91.628014,94.098076,90.000000,1.628016,45.053169,0.920359
4543,4.543000,91.688843,93.964256,90.000000,1.688846,45.679054,0.916217
4544,4.544000,91.748993,93.833443,90.000000,1.748993,46.032166,0.912074
4545,4.545000,91.808372,93.705734,90.000000,1.808374,46.122246,0.907942
4546,4.546000,91.866943,93.581253,90.000000,1.866943,45.958202,0.903831
4547,4.547000,91.924614,93.460083,90.000000,1.924617,45.635170,0.899754
4548,4.548000,91.981339,93.342293,90.000000,1.981342,45.191452,0.895721
4549,4.549000,92.037041,93.227921,90.000000,2.037042,44.676342,0.891744
4550,4.550000,92.091667,93.116997,90.000000,2.091670,44.059982,0.887833
4551,4.551000,92.145149,93.009521,90.000000,2.145151,43.384666,0.883999
4552,4.552000,92.197433,92.905502,90.000000,2.197436,42.698254,0.880252
4553,4.553000,92.248466,92.804901,90.000000,2.248471,42.052979,0.876603
4554,4.554000,92.298195,92.707680,90.000000,2.298195,41.494690,0.873060
4555,4.555000,92.346550,92.613808,90.000000,2.346552,41.019627,0.869634
4556,4.556000,92.393486,92.523216,90.000000,2.393489,40.557400,0.866333
4557,4.557000,92.438972,92.435867,90.000000,2.438972,40.269966,0.863166
4558,4.558000,92.482925,92.351685,90.000000,2.482931,40.169666,0.860142
4559,4.559000,92.525337,92.270622,90.000000,2.525339,40.220234,0.857267
4560,4.560000,92.566132,92.192627,90.000000,2.566136,40.378994,0.854550
4561,4.561000,92.605286,92.117638,90.000000,2.605287,40.666546,0.851998
4562,4.562000,92.642746,92.045609,90.000000,2.642750,41.028519,0.849617
4563,4.563000,92.678482,91.976517,90.000000,2.678486,41.448795,0.847413
4564,4.564000,92.712440,91.910324,90.000000,2.712445,42.013802,0.845392
4565,4.565000,92.744606,91.847015,90.000000,2.744609,42.626068,0.843560
4566,4.566000,92.774933,91.786591,90.000000,2.774935,43.277626,0.841920
4567,4.567000,92.803383,91.729050,90.000000,2.803383,43.991287,0.840478
4568,4.568000,92.829926,91.674400,90.000000,2.829932,44.757950,0.839237
4569,4.569000,92.854553,91.622665,90.000000,2.854554,45.601414,0.838201
4570,4.570000,92.877205,91.573868,90.000000,2.877210,46.549221,0.837372
4571,4.571000,92.897873,91.528038,90.000000,2.897878,47.605991,0.836753
4572,4.572000,92.916534,91.485214,90.000000,2.916538,48.803772,0.836347
4573,4.573000,92.933167,91.445427,90.000000,2.933170,50.152721,0.836153
4574,4.574000,92.947746,91.408722,90.000000,2.947746,51.708275,0.836174
4575,4.575000,92.960251,91.375137,90.000000,2.960252,53.396767,0.836410
4576,4.576000,92.970665,91.344734,90.000000,2.970668,55.166798,0.836860
4577,4.577000,92.978981,91.317551,90.000000,2.978980,57.168957,0.837525
4578,4.578000,92.985176,91.293648,90.000000,2.985175,59.667336,0.838402
4579,4.579000,92.989243,91.273117,90.000000,2.989246,62.546913,0.839491
4580,4.580000,92.991173,91.256020,90.000000,2.991179,66.015289,0.840790
4581,4.581000,92.990974,91.242462,90.000000,2.990974,69.802612,0.842295
4582,4.582000,92.988617,91.232552,90.000000,2.988617,73.689003,0.844003
4583,4.583000,92.984108,91.226395,90.000000,2.984109,77.038109,0.845911
4584,4.584000,92.977448,91.224113,90.000000,2.977450,79.729309,0.848014
4585,4.585000,92.968643,91.225861,90.000000,2.968646,81.778694,0.850307
4586,4.586000,92.957687,91.231834,90.000000,2.957690,83.130417,0.852784
4587,4.587000,92.944595,91.242249,90.000000,2.944597,83.740067,0.855440
4588,4.588000,92.929375,91.257362,90.000000,2.929379,83.784943,0.858267
4589,4.589000,92.912033,91.277420,90.000000,2.912037,83.394104,0.861259
4590,4.590000,92.892586,91.302658,90.000000,2.892585,82.772041,0.864407
4591,4.591000,92.871048,91.333252,90.000000,2.871049,82.034042,0.867703
4592,4.592000,92.847435,91.369331,90.000000,2.847437,81.215805,0.871139
4593,4.593000,92.821777,91.410980,90.000000,2.821776,80.295799,0.874704
4594,4.594000,92.794090,91.458199,90.000000,2.794094,79.165573,0.878389
4595,4.595000,92.764404,91.510986,90.000000,2.764410,77.939102,0.882183
4596,4.596000,92.732758,91.569283,90.000000,2.732759,76.629608,0.886076
4597,4.597000,92.699173,91.633003,90.000000,2.699174,75.200569,0.890057
4598,4.598000,92.663689,91.702087,90.000000,2.663692,73.643036,0.894113
4599,4.599000,92.626343,91.776451,90.000000,2.626344,72.011032,0.898234
4600,4.600000,92.587173,91.855995,90.000000,2.587173,70.301643,0.902407
4601,4.601000,92.546234,91.940643,90.000000,2.546233,68.433838,0.906619
4602,4.602000,92.503548,92.030281,90.000000,2.503551,66.629303,0.910860
4603,4.603000,92.459183,92.124809,90.000000,2.459189,64.779388,0.915114
4604,4.604000,92.413193,92.224106,90.000000,2.413194,62.723167,0.919371
4605,4.605000,92.365616,92.328056,90.000000,2.365615,60.538078,0.923618
4606,4.606000,92.316513,92.436531,90.000000,2.316513,58.233540,0.927841
4607,4.607000,92.265938,92.549408,90.000000,2.265942,55.787521,0.932029
4608,4.608000,92.213959,92.666534,90.000000,2.213958,53.408997,0.936169
4609,4.609000,92.160622,92.787796,90.000000,2.160628,51.020035,0.940249
4610,4.610000,92.106010,92.913033,90.000000,2.106014,48.639874,0.944257
4611,4.611000,92.050179,93.042107,90.000000,2.050184,46.278587,0.948183
4612,4.612000,91.993195,93.174858,90.000000,1.993199,43.949181,0.952014
4613,4.613000,91.935127,93.311119,90.000000,1.935129,41.667683,0.955741
4614,4.614000,91.876045,93.450722,90.000000,1.876048,39.407814,0.959354
4615,4.615000,91.816032,93.593475,90.000000,1.816031,37.175636,0.962844
4616,4.616000,91.755142,93.739220,90.000000,1.755147,34.970055,0.966202
4617,4.617000,91.693459,93.887787,90.000000,1.693463,32.741146,0.969420
4618,4.618000,91.631073,94.039009,90.000000,1.631076,30.515821,0.972491
4619,4.619000,91.568047,94.192726,90.000000,1.568047,27.569983,0.975410
4620,4.620000,91.504456,94.348755,90.000000,1.504458,24.096886,0.978170
4621,4.621000,91.440392,94.506973,90.000000,1.440391,19.961372,0.980766
4622,4.622000,91.375923,94.667198,90.000000,1.375928,14.953264,0.983196
4623,4.623000,91.311150,94.829285,90.000000,1.311150,9.571441,0.985457
4624,4.624000,91.246132,94.993080,90.000000,1.246134,3.934592,0.987547
4625,4.625000,91.180969,95.158432,90.000000,1.180974,-1.434195,0.989465
4626,4.626000,91.115738,95.325150,90.000000,1.115739,-6.310737,0.991211
4627,4.627000,91.050529,95.492996,90.000000,1.050531,-10.739511,0.992786
4628,4.628000,90.985413,95.661674,90.000000,0.985419,-14.675564,0.994192
4629,4.629000,90.920494,95.830872,90.000000,0.920498,-18.550018,0.995433
4630,4.630000,90.855850,96.000198,90.000000,0.855850,-22.451344,0.996511
4631,4.631000,90.791557,96.169258,90.000000,0.791557,-26.219227,0.997432
4632,4.632000,90.727707,96.337685,90.000000,0.727709,-29.773748,0.998200
4633,4.633000,90.664383,96.505119,90.000000,0.664386,-33.173893,0.998821
4634,4.634000,90.601669,96.671272,90.000000,0.601671,-36.276337,0.999303
4635,4.635000,90.539658,96.835876,90.000000,0.539660,-39.808510,0.999653
4636,4.636000,90.478409,96.998680,90.000000,0.478414,-43.492077,0.999878
4637,4.637000,90.418030,97.159431,90.000000,0.418035,-47.244308,0.999986
4638,4.638000,90.358589,97.317879,90.000000,0.358592,-51.162079,0.999988
4639,4.639000,90.300163,97.473808,90.000000,0.300166,-55.775074,0.999891
4640,4.640000,90.242828,97.626999,90.000000,0.242834,-60.313148,0.999704
4641,4.641000,90.186676,97.777237,90.000000,0.186676,-64.733803,0.999439
4642,4.642000,90.131767,97.924324,90.000000,0.131768,-69.009781,0.999104
4643,4.643000,90.078178,98.068001,90.000000,0.078178,-72.948654,0.998709
4644,4.644000,90.025978,98.208046,90.000000,0.025982,-76.530396,0.998263
4645,4.645000,89.975243,98.344193,90.000000,-0.024753,-79.792572,0.997778
4646,4.646000,89.926041,98.476158,90.000000,-0.073957,-82.578178,0.997261
4647,4.647000,89.878433,98.603630,90.000000,-0.121564,-84.752731,0.996724
4648,4.648000,89.832489,98.726326,90.000000,-0.167510,-86.425079,0.996173
4649,4.649000,89.788261,98.843956,90.000000,-0.211736,-87.746895,0.995620
4650,4.650000,89.745811,98.956268,90.000000,-0.254185,-88.703522,0.995071
4651,4.651000,89.705208,99.063026,90.000000,-0.294791,-89.429306,0.994534
4652,4.652000,89.666489,99.164040,90.000000,-0.333511,-89.996033,0.994018
4653,4.653000,89.629707,99.259132,90.000000,-0.370292,-90.514503,0.993529
4654,4.654000,89.594917,99.348160,90.000000,-0.405078,-90.870850,0.993074
4655,4.655000,89.562164,99.431046,90.000000,-0.437836,-91.194527,0.992658
4656,4.656000,89.531479,99.507729,90.000000,-0.468517,-91.634178,0.992286
4657,4.657000,89.502914,99.578171,90.000000,-0.497081,-91.974319,0.991964
4658,4.658000,89.476501,99.642342,90.000000,-0.523493,-92.254990,0.991694
4659,4.659000,89.452278,99.700233,90.000000,-0.547720,-92.447708,0.991481
4660,4.660000,89.430267,99.751831,90.000000,-0.569733,-92.491379,0.991326
4661,4.661000,89.410492,99.797150,90.000000,-0.589507,-92.391052,0.991232
4662,4.662000,89.392975,99.836189,90.000000,-0.607019,-92.140991,0.991199
4663,4.663000,89.377754,99.868927,90.000000,-0.622244,-91.765297,0.991227
4664,4.664000,89.364830,99.895370,90.000000,-0.635167,-91.211105,0.991317
4665,4.665000,89.354233,99.915520,90.000000,-0.645767,-90.531250,0.991467
4666,4.666000,89.345955,99.929367,90.000000,-0.654045,-89.696274,0.991675
4667,4.667000,89.340012,99.936951,90.000000,-0.659988,-88.740181,0.991939
4668,4.668000,89.336411,99.938278,90.000000,-0.663587,-87.702148,0.992256
4669,4.669000,89.335152,99.933388,90.000000,-0.664844,-86.591705,0.992621
4670,4.670000,89.336235,99.922325,90.000000,-0.663765,-85.350998,0.993030
4671,4.671000,89.339653,99.905144,90.000000,-0.660343,-84.037170,0.993478
4672,4.672000,89.345406,99.881912,90.000000,-0.654592,-82.824371,0.993960
4673,4.673000,89.353477,99.852707,90.000000,-0.646518,-81.615234,0.994469
4674,4.674000,89.363853,99.817612,90.000000,-0.636143,-80.383560,0.994998
4675,4.675000,89.376518,99.776711,90.000000,-0.623480,-79.172821,0.995540
4676,4.676000,89.391449,99.730095,90.000000,-0.608549,-77.777740,0.996088
4677,4.677000,89.408623,99.677879,90.000000,-0.591371,-76.010193,0.996633
4678,4.678000,89.428032,99.620148,90.000000,-0.571967,-74.346603,0.997167
4679,4.679000,89.449631,99.557030,90.000000,-0.550370,-72.595741,0.997681
4680,4.680000,89.473381,99.488602,90.000000,-0.526614,-70.626892,0.998167
4681,4.681000,89.499268,99.414970,90.000000,-0.500728,-68.429596,0.998615
4682,4.682000,89.527252,99.336227,90.000000,-0.472745,-66.111969,0.999016
4683,4.683000,89.557281,99.252495,90.000000,-0.442712,-63.741516,0.999361
4684,4.684000,89.589340,99.163887,90.000000,-0.410658,-61.158726,0.999641
4685,4.685000,89.623352,99.070526,90.000000,-0.376644,-58.254215,0.999847
4686,4.686000,89.659294,98.972572,90.000000,-0.340703,-55.726120,0.999969
4687,4.687000,89.697105,98.870148,90.000000,-0.302892,-53.364021,0.999998
4688,4.688000,89.736748,98.763420,90.000000,-0.263249,-50.936211,0.999927
4689,4.689000,89.778152,98.652573,90.000000,-0.221845,-48.528328,0.999746
4690,4.690000,89.821274,98.537758,90.000000,-0.178726,-46.073746,0.999449
4691,4.691000,89.866051,98.419182,90.000000,-0.133947,-43.493233,0.999026
4692,4.692000,89.912430,98.297043,90.000000,-0.087570,-40.738251,0.998473
4693,4.693000,89.960342,98.171532,90.000000,-0.039656,-37.886353,0.997782
4694,4.694000,90.009727,98.042824,90.000000,0.009726,-34.947483,0.996946
4695,4.695000,90.060516,97.911095,90.000000,0.060522,-31.978617,0.995963
4696,4.696000,90.112656,97.776497,90.000000,0.112657,-29.012554,0.994826
4697,4.697000,90.166061,97.639221,90.000000,0.166062,-26.380711,0.993532
4698,4.698000,90.220673,97.499443,90.000000,0.220677,-23.659786,0.992078
4699,4.699000,90.276421,97.357353,90.000000,0.276425,-20.904825,0.990462
4700,4.700000,90.333237,97.213150,90.000000,0.333238,-17.955410,0.988683
4701,4.701000,90.391029,97.067047,90.000000,0.391035,-14.920013,0.986740
4702,4.702000,90.449745,96.919235,90.000000,0.449747,-11.750746,0.984633
4703,4.703000,90.509300,96.769928,90.000000,0.509300,-8.386055,0.982364
4704,4.704000,90.569618,96.619324,90.000000,0.569617,-4.537469,0.979935
4705,4.705000,90.630623,96.467598,90.000000,0.630624,-0.201985,0.977348
4706,4.706000,90.692230,96.314934,90.000000,0.692233,4.654145,0.974608
4707,4.707000,90.754379,96.161545,90.000000,0.754381,9.707525,0.971719
4708,4.708000,90.816978,96.007637,90.000000,0.816979,14.319011,0.968686
4709,4.709000,90.879951,95.853401,90.000000,0.879954,18.674576,0.965516
4710,4.710000,90.943222,95.699097,90.000000,0.943222,22.658325,0.962215
4711,4.711000,91.006706,95.544960,90.000000,1.006708,26.104811,0.958791
4712,4.712000,91.070328,95.391289,90.000000,1.070332,29.107872,0.955252
4713,4.713000,91.134010,95.238419,90.000000,1.134009,31.725697,0.951606
4714,4.714000,91.197670,95.086693,90.000000,1.197674,34.042381,0.947863
4715,4.715000,91.261230,94.936432,90.000000,1.261235,36.101395,0.944032
4716,4.716000,91.324615,94.787941,90.000000,1.324620,38.140678,0.940124
4717,4.717000,91.387749,94.641487,90.000000,1.387751,40.041397,0.936150
4718,4.718000,91.450554,94.497299,90.000000,1.450554,41.819397,0.932119
4719,4.719000,91.512947,94.355576,90.000000,1.512948,43.324635,0.928043
4720,4.720000,91.574867,94.216476,90.000000,1.574871,44.335884,0.923933
4721,4.721000,91.636230,94.080154,90.000000,1.636233,45.148701,0.919801
4722,4.722000,91.696976,93.946724,90.000000,1.696981,45.732887,0.915658
4723,4.723000,91.757019,93.816315,90.000000,1.757025,46.055443,0.911516
4724,4.724000,91.816307,93.689026,90.000000,1.816311,46.106499,0.907385
4725,4.725000,91.874763,93.564972,90.000000,1.874764,45.918365,0.903278
4726,4.726000,91.932312,93.444244,90.000000,1.932315,45.580334,0.899206
4727,4.727000,91.988907,93.326904,90.000000,1.988910,45.129414,0.895179
4728,4.728000,92.044472,93.212982,90.000000,2.044474,44.598419,0.891210
4729,4.729000,92.098946,93.102509,90.000000,2.098951,43.972866,0.887309
4730,4.730000,92.152275,92.995491,90.000000,2.152281,43.291786,0.883485
4731,4.731000,92.204399,92.891922,90.000000,2.204402,42.611355,0.879751
4732,4.732000,92.255264,92.791771,90.000000,2.255267,41.971977,0.876115
4733,4.733000,92.304810,92.694992,90.000000,2.304813,41.429581,0.872587
4734,4.734000,92.352982,92.601547,90.000000,2.352986,40.950493,0.869177
4735,4.735000,92.399734,92.511383,90.000000,2.399739,40.511086,0.865893
4736,4.736000,92.445015,92.424446,90.000000,2.445016,40.248238,0.862744
4737,4.737000,92.488777,92.340683,90.000000,2.488777,40.170750,0.859739
4738,4.738000,92.530975,92.260025,90.000000,2.530974,40.237793,0.856885
4739,4.739000,92.571556,92.182419,90.000000,2.571559,40.409485,0.854190
4740,4.740000,92.610481,92.107819,90.000000,2.610485,40.709435,0.851660
4741,4.741000,92.647720,92.036179,90.000000,2.647723,41.080196,0.849302
4742,4.742000,92.683220,91.967468,90.000000,2.683226,41.515190,0.847122
4743,4.743000,92.716949,91.901649,90.000000,2.716954,42.097195,0.845126
4744,4.744000,92.748871,91.838722,90.000000,2.748871,42.708443,0.843318
4745,4.745000,92.778946,91.778671,90.000000,2.778951,43.365376,0.841705
4746,4.746000,92.807144,91.721504,90.000000,2.807146,44.086952,0.840289
4747,4.747000,92.833443,91.667236,90.000000,2.833442,44.859711,0.839075
4748,4.748000,92.857796,91.615883,90.000000,2.857799,45.717415,0.838066
4749,4.749000,92.880196,91.567474,90.000000,2.880195,46.677578,0.837265
4750,4.750000,92.900604,91.522041,90.000000,2.900604,47.756241,0.836675
4751,4.751000,92.918991,91.479614,90.000000,2.918990,48.968708,0.836296
4752,4.752000,92.935349,91.440224,90.000000,2.935349,50.350677,0.836131
4753,4.753000,92.949646,91.403931,90.000000,2.949651,51.922253,0.836181
4754,4.754000,92.961876,91.370758,90.000000,2.961877,53.620834,0.836445
4755,4.755000,92.972008,91.340767,90.000000,2.972013,55.417580,0.836924
4756,4.756000,92.980042,91.314011,90.000000,2.980046,57.491726,0.837617
4757,4.757000,92.985954,91.290550,90.000000,2.985960,60.013611,0.838523
4758,4.758000,92.989746,91.270462,90.000000,2.989751,62.992741,0.839641
4759,4.759000,92.991394,91.253822,90.000000,2.991397,66.495110,0.840967
4760,4.760000,92.990906,91.240738,90.000000,2.990906,70.315430,0.842499
4761,4.761000,92.988258,91.231300,90.000000,2.988262,74.163544,0.844234
4762,4.762000,92.983467,91.225639,90.000000,2.983467,77.428802,0.846169
4763,4.763000,92.976517,91.223877,90.000000,2.976521,80.028931,0.848297
4764,4.764000,92.967430,91.226173,90.000000,2.967430,82.003738,0.850616
4765,4.765000,92.956184,91.232719,90.000000,2.956188,83.245728,0.853117
4766,4.766000,92.942810,91.243744,90.000000,2.942814,83.767227,0.855797
4767,4.767000,92.927299,91.259483,90.000000,2.927303,83.748978,0.858647
4768,4.768000,92.909676,91.280205,90.000000,2.909681,83.316589,0.861660
4769,4.769000,92.889946,91.306145,90.000000,2.889949,82.674019,0.864829
4770,4.770000,92.868134,91.337448,90.000000,2.868133,81.928421,0.868144
4771,4.771000,92.844246,91.374260,90.000000,2.844248,81.104897,0.871598
4772,4.772000,92.818314,91.416634,90.000000,2.818314,80.157181,0.875180
4773,4.773000,92.790352,91.464592,90.000000,2.790358,79.005852,0.878880
4774,4.774000,92.760414,91.518105,90.000000,2.760414,77.775742,0.882689
4775,4.775000,92.728493,91.577118,90.000000,2.728497,76.453316,0.886595
4776,4.776000,92.694649,91.641548,90.000000,2.694653,75.005432,0.890586
4777,4.777000,92.658913,91.711319,90.000000,2.658917,73.433929,0.894653
4778,4.778000,92.621323,91.786369,90.000000,2.621324,71.800980,0.898781
4779,4.779000,92.581909,91.866592,90.000000,2.581914,70.071564,0.902961
4780,4.780000,92.540726,91.951897,90.000000,2.540728,68.184212,0.907178
4781,4.781000,92.497818,92.042175,90.000000,2.497821,66.404953,0.911421
4782,4.782000,92.453232,92.137337,90.000000,2.453233,64.529037,0.915678
4783,4.783000,92.407021,92.237244,90.000000,2.407020,62.442390,0.919935
4784,4.784000,92.359230,92.341797,90.000000,2.359236,60.255268,0.924179
4785,4.785000,92.309929,92.450859,90.000000,2.309929,57.924778,0.928399
4786,4.786000,92.259155,92.564301,90.000000,2.259160,55.457802,0.932581
4787,4.787000,92.206985,92.681984,90.000000,2.206991,53.096916,0.936714
4788,4.788000,92.153481,92.803772,90.000000,2.153483,50.708115,0.940786
4789,4.789000,92.098694,92.929520,90.000000,2.098698,48.329300,0.944784
4790,4.790000,92.042694,93.059090,90.000000,2.042698,45.969452,0.948698
4791,4.791000,91.985558,93.192314,90.000000,1.985563,43.649647,0.952517
4792,4.792000,91.927345,93.329018,90.000000,1.927349,41.371872,0.956230
4793,4.793000,91.868134,93.469040,90.000000,1.868139,39.114685,0.959828
4794,4.794000,91.807991,93.612206,90.000000,1.807992,36.887043,0.963301
4795,4.795000,91.746979,93.758331,90.000000,1.746985,34.678894,0.966641
4796,4.796000,91.685204,93.907265,90.000000,1.685206,32.457619,0.969840
4797,4.797000,91.622711,94.058815,90.000000,1.622716,30.130817,0.972891
4798,4.798000,91.559601,94.212845,90.000000,1.559605,27.137644,0.975789
4799,4.799000,91.495941,94.369179,90.000000,1.495941,23.561707,0.978527
4800,4.800000,91.431801,94.527664,90.000000,1.431806,19.315907,0.981102
4801,4.801000,91.367287,94.688141,90.000000,1.367288,14.252790,0.983510
4802,4.802000,91.302467,94.850464,90.000000,1.302469,8.838766,0.985748
4803,4.803000,91.237419,95.014473,90.000000,1.237425,3.207528,0.987815
4804,4.804000,91.172234,95.180016,90.000000,1.172238,-2.087734,0.989710
4805,4.805000,91.106995,95.346886,90.000000,1.106996,-6.896060,0.991433
4806,4.806000,91.041779,95.514854,90.000000,1.041781,-11.253864,0.992986
4807,4.807000,90.976685,95.683632,90.000000,0.976690,-15.171934,0.994370
4808,4.808000,90.911789,95.852852,90.000000,0.911789,-19.037689,0.995588
4809,4.809000,90.847168,96.022156,90.000000,0.847169,-22.952332,0.996645
4810,4.810000,90.782921,96.191147,90.000000,0.782924,-26.674469,0.997545
4811,4.811000,90.719124,96.359451,90.000000,0.719130,-30.220531,0.998293
4812,4.812000,90.655876,96.526733,90.000000,0.655876,-33.576508,0.998895
4813,4.813000,90.593239,96.692696,90.000000,0.593243,-36.738335,0.999359
4814,4.814000,90.531319,96.857071,90.000000,0.531320,-40.278736,0.999691
4815,4.815000,90.470177,97.019623,90.000000,0.470177,-43.979824,0.999899
4816,4.816000,90.409904,97.180084,90.000000,0.409907,-47.724701,0.999993
4817,4.817000,90.350578,97.338219,90.000000,0.350580,-51.723030,0.999980
4818,4.818000,90.292290,97.493797,90.000000,0.292291,-56.366943,0.999870
4819,4.819000,90.235100,97.646614,90.000000,0.235102,-60.881081,0.999672
4820,4.820000,90.179092,97.796455,90.000000,0.179094,-65.287575,0.999396
4821,4.821000,90.124344,97.943108,90.000000,0.124344,-69.539619,0.999052
4822,4.822000,90.070923,98.086327,90.000000,0.070925,-73.433121,0.998649
4823,4.823000,90.018906,98.225876,90.000000,0.018906,-76.976685,0.998197
4824,4.824000,89.968361,98.361504,90.000000,-0.031637,-80.194092,0.997706
4825,4.825000,89.919357,98.492897,90.000000,-0.080644,-82.899055,0.997186
4826,4.826000,89.871948,98.619766,90.000000,-0.128046,-84.991135,0.996645
4827,4.827000,89.826218,98.741814,90.000000,-0.173781,-86.611725,0.996093
4828,4.828000,89.782219,98.858765,90.000000,-0.217781,-87.896004,0.995539
4829,4.829000,89.739998,98.970375,90.000000,-0.259998,-88.807419,0.994991
4830,4.830000,89.699623,99.076393,90.000000,-0.300371,-89.510925,0.994456
4831,4.831000,89.661156,99.176651,90.000000,-0.338846,-90.066353,0.993942
4832,4.832000,89.624626,99.270958,90.000000,-0.375374,-90.561188,0.993457
4833,4.833000,89.590088,99.359192,90.000000,-0.409907,-90.906677,0.993006
4834,4.834000,89.557602,99.441277,90.000000,-0.442398,-91.249214,0.992595
4835,4.835000,89.527191,99.517151,90.000000,-0.472806,-91.683510,0.992229
4836,4.836000,89.498901,99.586777,90.000000,-0.501097,-92.015984,0.991913
4837,4.837000,89.472763,99.650124,90.000000,-0.527236,-92.283867,0.991651
4838,4.838000,89.448814,99.707199,90.000000,-0.551183,-92.461807,0.991445
4839,4.839000,89.427086,99.757988,90.000000,-0.572909,-92.478073,0.991297
4840,4.840000,89.407600,99.802490,90.000000,-0.592396,-92.365120,0.991211
4841,4.841000,89.390381,99.840706,90.000000,-0.609615,-92.092712,0.991185
4842,4.842000,89.375450,99.872627,90.000000,-0.624546,-91.696007,0.991222
4843,4.843000,89.362831,99.898254,90.000000,-0.637168,-91.130814,0.991320
4844,4.844000,89.352524,99.917580,90.000000,-0.647475,-90.430725,0.991477
4845,4.845000,89.344543,99.930618,90.000000,-0.655452,-89.573647,0.991693
4846,4.846000,89.338905,99.937393,90.000000,-0.661094,-88.603271,0.991964
4847,4.847000,89.335602,99.937912,90.000000,-0.664393,-87.562263,0.992287
4848,4.848000,89.334648,99.932213,90.000000,-0.665349,-86.435341,0.992659
4849,4.849000,89.336037,99.920357,90.000000,-0.663963,-85.182999,0.993074
4850,4.850000,89.339760,99.902382,90.000000,-0.660240,-83.885498,0.993527
4851,4.851000,89.345810,99.878380,90.000000,-0.654189,-82.668190,0.994013
4852,4.852000,89.354179,99.848396,90.000000,-0.645822,-81.454247,0.994526
4853,4.853000,89.364845,99.812546,90.000000,-0.635153,-80.215469,0.995057
4854,4.854000,89.377800,99.770897,90.000000,-0.622196,-79.009865,0.995601
4855,4.855000,89.393028,99.723557,90.000000,-0.606972,-77.571815,0.996150
4856,4.856000,89.410500,99.670616,90.000000,-0.589500,-75.753517,0.996694
4857,4.857000,89.430183,99.612183,90.000000,-0.569815,-74.135193,0.997227
4858,4.858000,89.452057,99.548370,90.000000,-0.547938,-72.348785,0.997739
4859,4.859000,89.476105,99.479263,90.000000,-0.523896,-70.372520,0.998221
4860,4.860000,89.502258,99.404968,90.000000,-0.497736,-68.123337,0.998664
4861,4.861000,89.530510,99.325577,90.000000,-0.469487,-65.808228,0.999060
4862,4.862000,89.560806,99.241196,90.000000,-0.439188,-63.418938,0.999398
4863,4.863000,89.593117,99.151962,90.000000,-0.406881,-60.791813,0.999670
4864,4.864000,89.627380,99.058006,90.000000,-0.372614,-57.865990,0.999866
4865,4.865000,89.663567,98.959473,90.000000,-0.336428,-55.418594,0.999977
4866,4.866000,89.701630,98.856476,90.000000,-0.298370,-53.060974,0.999995
4867,4.867000,89.741493,98.749207,90.000000,-0.258502,-50.621796,0.999911
4868,4.868000,89.783127,98.637840,90.000000,-0.216872,-48.221302,0.999717
4869,4.869000,89.826469,98.522530,90.000000,-0.173528,-45.752888,0.999405
4870,4.870000,89.871460,98.403488,90.000000,-0.128537,-43.152214,0.998967
4871,4.871000,89.918037,98.280907,90.000000,-0.081962,-40.378178,0.998397
4872,4.872000,89.966148,98.154968,90.000000,-0.033850,-37.519356,0.997688
4873,4.873000,90.015724,98.025864,90.000000,0.015723,-34.568630,0.996835
4874,4.874000,90.066696,97.893753,90.000000,0.066697,-31.596111,0.995833
4875,4.875000,90.119003,97.758804,90.000000,0.119002,-28.672565,0.994677
4876,4.876000,90.172569,97.621201,90.000000,0.172572,-26.042336,0.993363
4877,4.877000,90.227341,97.481117,90.000000,0.227343,-23.299637,0.991890
4878,4.878000,90.283234,97.338745,90.000000,0.283234,-20.540653,0.990254
4879,4.879000,90.340172,97.194283,90.000000,0.340178,-17.566717,0.988454
4880,4.880000,90.398102,97.047943,90.000000,0.398104,-14.524638,0.986491
4881,4.881000,90.456932,96.899933,90.000000,0.456933,-11.341427,0.984364
4882,4.882000,90.516594,96.750443,90.000000,0.516594,-7.911033,0.982075
4883,4.883000,90.577003,96.599678,90.000000,0.577008,-4.005989,0.979626
4884,4.884000,90.638092,96.447823,90.000000,0.638097,0.395504,0.977021
4885,4.885000,90.699783,96.295059,90.000000,0.699787,5.293442,0.974262
4886,4.886000,90.762001,96.141586,90.000000,0.762003,10.344333,0.971355
4887,4.887000,90.824654,95.987617,90.000000,0.824656,14.880382,0.968304
4888,4.888000,90.887672,95.833359,90.000000,0.887679,19.203506,0.965117
4889,4.889000,90.950981,95.679062,90.000000,0.950981,23.112843,0.961801
4890,4.890000,91.014496,95.524963,90.000000,1.014495,26.502066,0.958362
4891,4.891000,91.078133,95.371384,90.000000,1.078132,29.451710,0.954809
4892,4.892000,91.141823,95.218628,90.000000,1.141823,32.031467,0.951150
4893,4.893000,91.205475,95.067078,90.000000,1.205480,34.312981,0.947396
4894,4.894000,91.269028,94.917030,90.000000,1.269029,36.358654,0.943555
4895,4.895000,91.332390,94.768784,90.000000,1.332392,38.403824,0.939638
4896,4.896000,91.395485,94.622604,90.000000,1.395490,40.272346,0.935656
4897,4.897000,91.458252,94.478714,90.000000,1.458252,42.048599,0.931619
4898,4.898000,91.520599,94.337318,90.000000,1.520598,43.463676,0.927538
4899,4.899000,91.582451,94.198563,90.000000,1.582452,44.452362,0.923425
4900,4.900000,91.643745,94.062599,90.000000,1.643746,45.242561,0.919291
4901,4.901000,91.704407,93.929543,90.000000,1.704412,45.790962,0.915148
4902,4.902000,91.764366,93.799515,90.000000,1.764368,46.082954,0.911006
4903,4.903000,91.823555,93.672638,90.000000,1.823558,46.096443,0.906878
4904,4.904000,91.881897,93.549004,90.000000,1.881901,45.886154,0.902775
4905,4.905000,91.939339,93.428703,90.000000,1.939343,45.531292,0.898708
4906,4.906000,91.995804,93.311790,90.000000,1.995808,45.071789,0.894688
4907,4.907000,92.051239,93.198311,90.000000,2.051242,44.527229,0.890726
4908,4.908000,92.105583,93.088272,90.000000,2.105583,43.892365,0.886834
4909,4.909000,92.158768,92.981697,90.000000,2.158770,43.207375,0.883022
4910,4.910000,92.210739,92.878563,90.000000,2.210741,42.532990,0.879299
4911,4.911000,92.261436,92.778839,90.000000,2.261441,41.905045,0.875676
4912,4.912000,92.310814,92.682487,90.000000,2.310817,41.372719,0.872162
4913,4.913000,92.358810,92.589462,90.000000,2.358813,40.889404,0.868768
4914,4.914000,92.405388,92.499718,90.000000,2.405388,40.472816,0.865501
4915,4.915000,92.450478,92.413193,90.000000,2.450480,40.230194,0.862370
4916,4.916000,92.494049,92.329826,90.000000,2.494050,40.172787,0.859383
4917,4.917000,92.536041,92.249557,90.000000,2.536042,40.255295,0.856549
4918,4.918000,92.576424,92.172340,90.000000,2.576422,40.444237,0.853874
4919,4.919000,92.615143,92.098122,90.000000,2.615143,40.756966,0.851365
4920,4.920000,92.652161,92.026863,90.000000,2.652162,41.132301,0.849029
4921,4.921000,92.687439,91.958527,90.000000,2.687440,41.590199,0.846873
4922,4.922000,92.720940,91.893082,90.000000,2.720942,42.179523,0.844900
4923,4.923000,92.752632,91.830513,90.000000,2.752634,42.792507,0.843117
4924,4.924000,92.782471,91.770836,90.000000,2.782475,43.455109,0.841528
4925,4.925000,92.810432,91.714043,90.000000,2.810438,44.184601,0.840138
4926,4.926000,92.836487,91.660149,90.000000,2.836489,44.962837,0.838950
4927,4.927000,92.860603,91.609177,90.000000,2.860606,45.835999,0.837967
4928,4.928000,92.882744,91.561150,90.000000,2.882750,46.810059,0.837193
4929,4.929000,92.902893,91.516098,90.000000,2.902899,47.911415,0.836629
4930,4.930000,92.921036,91.474052,90.000000,2.921040,49.132317,0.836277
4931,4.931000,92.937134,91.435066,90.000000,2.937138,50.546818,0.836139
4932,4.932000,92.951172,91.399170,90.000000,2.951174,52.129002,0.836216
4933,4.933000,92.963135,91.366402,90.000000,2.963141,53.841782,0.836507
4934,4.934000,92.973007,91.336830,90.000000,2.973011,55.662407,0.837014
4935,4.935000,92.980774,91.310493,90.000000,2.980776,57.808540,0.837734
4936,4.936000,92.986420,91.287460,90.000000,2.986425,60.359901,0.838666
4937,4.937000,92.989937,91.267807,90.000000,2.989943,63.437340,0.839810
4938,4.938000,92.991318,91.251633,90.000000,2.991322,66.979111,0.841163
4939,4.939000,92.990547,91.239006,90.000000,2.990550,70.828354,0.842721
4940,4.940000,92.987640,91.230057,90.000000,2.987641,74.602585,0.844482
4941,4.941000,92.982567,91.224892,90.000000,2.982573,77.797424,0.846441
4942,4.942000,92.975349,91.223640,90.000000,2.975353,80.310089,0.848594
4943,4.943000,92.965988,91.226471,90.000000,2.965989,82.202621,0.850935
4944,4.944000,92.954475,91.233582,90.000000,2.954480,83.346954,0.853460
4945,4.945000,92.940834,91.245193,90.000000,2.940833,83.795731,0.856161
4946,4.946000,92.925056,91.261574,90.000000,2.925056,83.716331,0.859032
4947,4.947000,92.907158,91.282959,90.000000,2.907161,83.247292,0.862066
4948,4.948000,92.887169,91.309578,90.000000,2.887169,82.592606,0.865254
4949,4.949000,92.865082,91.341591,90.000000,2.865087,81.833168,0.868587
4950,4.950000,92.840942,91.379112,90.000000,2.840942,80.997444,0.872057
4951,4.951000,92.814743,91.422203,90.000000,2.814748,80.023842,0.875655
4952,4.952000,92.786537,91.470886,90.000000,2.786540,78.837891,0.879369
4953,4.953000,92.756340,91.525101,90.000000,2.756343,77.607773,0.883191
4954,4.954000,92.724174,91.584824,90.000000,2.724180,76.272964,0.887108
4955,4.955000,92.690094,91.649948,90.000000,2.690097,74.804314,0.891109
4956,4.956000,92.654121,91.720413,90.000000,2.654123,73.227974,0.895184
4957,4.957000,92.616295,91.796135,90.000000,2.616297,71.590286,0.899320
4958,4.958000,92.576653,91.877014,90.000000,2.576655,69.843010,0.903504
4959,4.959000,92.535248,91.962967,90.000000,2.535250,67.937805,0.907726
4960,4.960000,92.492126,92.053886,90.000000,2.492131,66.183914,0.911971
4961,4.961000,92.447327,92.149666,90.000000,2.447332,64.284172,0.916228
4962,4.962000,92.400909,92.250183,90.000000,2.400914,62.160206,0.920484
4963,4.963000,92.352928,92.355324,90.000000,2.352932,59.968307,0.924725
4964,4.964000,92.303429,92.464958,90.000000,2.303433,57.617699,0.928941
4965,4.965000,92.252487,92.578957,90.000000,2.252487,55.134636,0.933118
4966,4.966000,92.200142,92.697174,90.000000,2.200147,52.792358,0.937243
4967,4.967000,92.146469,92.819489,90.000000,2.146469,50.405075,0.941306
4968,4.968000,92.091522,92.945732,90.000000,2.091527,48.025337,0.945294
4969,4.969000,92.035378,93.075790,90.000000,2.035383,45.669319,0.949196
4970,4.970000,91.978104,93.209473,90.000000,1.978105,43.356934,0.953001
4971,4.971000,91.919762,93.346626,90.000000,1.919761,41.084587,0.956700
4972,4.972000,91.860428,93.487061,90.000000,1.860427,38.833012,0.960282
4973,4.973000,91.800171,93.630615,90.000000,1.800171,36.608093,0.963738
4974,4.974000,91.739059,93.777122,90.000000,1.739062,34.397858,0.967060
4975,4.975000,91.677185,93.926399,90.000000,1.677187,32.176613,0.970241
4976,4.976000,91.614616,94.078293,90.000000,1.614616,29.748856,0.973273
4977,4.977000,91.551430,94.232628,90.000000,1.551430,26.707186,0.976150
4978,4.978000,91.487701,94.389244,90.000000,1.487704,23.034628,0.978868
4979,4.979000,91.423515,94.548004,90.000000,1.423521,18.671988,0.981422
4980,4.980000,91.358963,94.708733,90.000000,1.358962,13.552581,0.983808
4981,4.981000,91.294098,94.871284,90.000000,1.294102,8.108629,0.986024
4982,4.982000,91.229034,95.035507,90.000000,1.229038,2.475626,0.988069
4983,4.983000,91.163841,95.201233,90.000000,1.163844,-2.727962,0.989941
4984,4.984000,91.098602,95.368263,90.000000,1.098602,-7.467809,0.991642
4985,4.985000,91.033401,95.536354,90.000000,1.033401,-11.756593,0.993173
4986,4.986000,90.968323,95.705208,90.000000,0.968323,-15.662808,0.994536
4987,4.987000,90.903458,95.874458,90.000000,0.903456,-19.535465,0.995733
4988,4.988000,90.838890,96.043739,90.000000,0.838891,-23.453058,0.996769
4989,4.989000,90.774689,96.212654,90.000000,0.774694,-27.131413,0.997649
4990,4.990000,90.710968,96.380844,90.000000,0.710968,-30.667860,0.998378
4991,4.991000,90.647789,96.547966,90.000000,0.647789,-33.976570,0.998962
4992,4.992000,90.585243,96.713737,90.000000,0.585245,-37.187439,0.999409
4993,4.993000,90.523407,96.877892,90.000000,0.523411,-40.740837,0.999724
4994,4.994000,90.462379,97.040184,90.000000,0.462383,-44.457397,0.999918
4995,4.995000,90.402229,97.200356,90.000000,0.402230,-48.191284,0.999997
4996,4.996000,90.343033,97.358177,90.000000,0.343033,-52.295441,0.999971
4997,4.997000,90.284882,97.513420,90.000000,0.284880,-56.954445,0.999849
4998,4.998000,90.227829,97.665863,90.000000,0.227835,-61.452686,0.999641
4999,4.999000,90.171989,97.815300,90.000000,0.171991,-65.848389,0.999356
5000,5.000000,90.117401,97.961517,90.000000,0.117404,-70.062080,0.999003
5001,5.001000,90.064163,98.104286,90.000000,0.064163,-73.898438,0.998593
5002,5.002000,90.012329,98.243340,90.000000,0.012335,-77.404633,0.998136
5003,5.003000,89.961983,98.378441,90.000000,-0.038017,-80.575157,0.997641
5004,5.004000,89.913170,98.509262,90.000000,-0.086825,-83.201843,0.997117
5005,5.005000,89.865982,98.635536,90.000000,-0.134015,-85.219681,0.996575
5006,5.006000,89.820473,98.756950,90.000000,-0.179525,-86.795700,0.996022
5007,5.007000,89.776688,98.873222,90.000000,-0.223306,-88.033600,0.995468
5008,5.008000,89.734711,98.984131,90.000000,-0.265285,-88.904266,0.994921
5009,5.009000,89.694580,99.089424,90.000000,-0.305419,-89.578537,0.994389
5010,5.010000,89.656349,99.188919,90.000000,-0.343647,-90.134514,0.993878
5011,5.011000,89.620071,99.282448,90.000000,-0.379922,-90.603783,0.993397
5012,5.012000,89.585800,99.369904,90.000000,-0.414196,-90.951736,0.992951
5013,5.013000,89.553574,99.451187,90.000000,-0.446421,-91.314529,0.992545
5014,5.014000,89.523438,99.526268,90.000000,-0.476563,-91.737640,0.992186
5015,5.015000,89.495415,99.595078,90.000000,-0.504580,-92.061676,0.991876
5016,5.016000,89.469559,99.657631,90.000000,-0.530439,-92.318611,0.991621
5017,5.017000,89.445900,99.713898,90.000000,-0.554099,-92.480286,0.991422
5018,5.018000,89.424454,99.763885,90.000000,-0.575546,-92.477394,0.991282
5019,5.019000,89.405258,99.807579,90.000000,-0.594739,-92.349297,0.991204
5020,5.020000,89.388336,99.844994,90.000000,-0.611664,-92.049789,0.991186
5021,5.021000,89.373695,99.876099,90.000000,-0.626301,-91.625549,0.991231
5022,5.022000,89.361366,99.900917,90.000000,-0.638629,-91.043076,0.991336
5023,5.023000,89.351357,99.919441,90.000000,-0.648643,-90.320206,0.991501
5024,5.024000,89.343681,99.931671,90.000000,-0.656320,-89.444412,0.991724
5025,5.025000,89.338333,99.937630,90.000000,-0.661661,-88.464989,0.992002
5026,5.026000,89.335335,99.937347,90.000000,-0.664659,-87.418640,0.992332
5027,5.027000,89.334686,99.930862,90.000000,-0.665315,-86.277588,0.992709
5028,5.028000,89.336372,99.918213,90.000000,-0.663628,-85.008774,0.993130
5029,5.029000,89.340385,99.899460,90.000000,-0.659612,-83.728378,0.993587
5030,5.030000,89.346733,99.874680,90.000000,-0.653267,-82.511223,0.994077
5031,5.031000,89.355400,99.843948,90.000000,-0.644599,-81.293793,0.994592
5032,5.032000,89.366364,99.807335,90.000000,-0.633637,-80.062866,0.995126
5033,5.033000,89.379608,99.764954,90.000000,-0.620386,-78.849808,0.995671
5034,5.034000,89.395126,99.716881,90.000000,-0.604875,-77.359009,0.996219
5035,5.035000,89.412872,99.663239,90.000000,-0.587123,-75.492462,0.996763
5036,5.036000,89.432846,99.604118,90.000000,-0.567152,-73.916199,0.997294
5037,5.037000,89.454994,99.539612,90.000000,-0.545001,-72.086189,0.997802
5038,5.038000,89.479301,99.469833,90.000000,-0.520693,-70.103706,0.998280
5039,5.039000,89.505737,99.394882,90.000000,-0.494260,-67.821503,0.998718
5040,5.040000,89.534256,99.314842,90.000000,-0.465744,-65.498550,0.999106
5041,5.041000,89.564804,99.229836,90.000000,-0.435192,-63.095703,0.999436
5042,5.042000,89.597366,99.139992,90.000000,-0.402633,-60.418461,0.999699
5043,5.043000,89.631882,99.045448,90.000000,-0.368113,-57.490303,0.999885
5044,5.044000,89.668312,98.946327,90.000000,-0.331688,-55.119003,0.999985
5045,5.045000,89.706596,98.842789,90.000000,-0.293398,-52.747200,0.999990
5046,5.046000,89.746696,98.734993,90.000000,-0.253304,-50.308361,0.999893
5047,5.047000,89.788551,98.623100,90.000000,-0.211449,-47.907627,0.999684
5048,5.048000,89.832108,98.507309,90.000000,-0.167893,-45.433094,0.999356
5049,5.049000,89.877296,98.387802,90.000000,-0.122698,-42.807190,0.998902
5050,5.050000,89.924072,98.264793,90.000000,-0.075924,-40.016357,0.998315
5051,5.051000,89.972366,98.138451,90.000000,-0.027628,-37.150143,0.997588
5052,5.052000,90.022125,98.008957,90.000000,0.022130,-34.194405,0.996716
5053,5.053000,90.073273,97.876480,90.000000,0.073274,-31.212711,0.995695
5054,5.054000,90.125740,97.741188,90.000000,0.125744,-28.327015,0.994519
5055,5.055000,90.179466,97.603271,90.000000,0.179470,-25.702061,0.993185
5056,5.056000,90.234383,97.462883,90.000000,0.234385,-22.946106,0.991691
5057,5.057000,90.290413,97.320236,90.000000,0.290413,-20.178699,0.990034
5058,5.058000,90.347481,97.175529,90.000000,0.347486,-17.183893,0.988214
5059,5.059000,90.405525,97.028969,90.000000,0.405529,-14.130466,0.986230
5060,5.060000,90.464462,96.880760,90.000000,0.464467,-10.930319,0.984083
5061,5.061000,90.524223,96.731117,90.000000,0.524224,-7.442477,0.981773
5062,5.062000,90.584724,96.580208,90.000000,0.584726,-3.475942,0.979305
5063,5.063000,90.645897,96.428230,90.000000,0.645897,1.007482,0.976679
5064,5.064000,90.707649,96.275360,90.000000,0.707655,5.925747,0.973901
5065,5.065000,90.769920,96.121819,90.000000,0.769926,10.979479,0.970976
5066,5.066000,90.832634,95.967804,90.000000,0.832634,15.444797,0.967908
5067,5.067000,90.895691,95.813538,90.000000,0.895690,19.734234,0.964705
5068,5.068000,90.959023,95.659248,90.000000,0.959027,23.569389,0.961372
5069,5.069000,91.022560,95.505203,90.000000,1.022561,26.901192,0.957918
5070,5.070000,91.086205,95.351715,90.000000,1.086205,29.790813,0.954351
5071,5.071000,91.149887,95.199104,90.000000,1.149890,32.332272,0.950681
5072,5.072000,91.213539,95.047722,90.000000,1.213540,34.577770,0.946915
5073,5.073000,91.277069,94.897896,90.000000,1.277068,36.617638,0.943064
5074,5.074000,91.340393,94.749908,90.000000,1.340397,38.660889,0.939139
5075,5.075000,91.403450,94.604019,90.000000,1.403454,40.501995,0.935149
5076,5.076000,91.466156,94.460442,90.000000,1.466161,42.278679,0.931106
5077,5.077000,91.528442,94.319374,90.000000,1.528446,43.600880,0.927021
5078,5.078000,91.590233,94.180977,90.000000,1.590239,44.566578,0.922905
5079,5.079000,91.651451,94.045380,90.000000,1.651451,45.331322,0.918770
5080,5.080000,91.712029,93.912704,90.000000,1.712028,45.840981,0.914626
5081,5.081000,91.771889,93.783081,90.000000,1.771888,46.106529,0.910486
5082,5.082000,91.830963,93.656616,90.000000,1.830969,46.080849,0.906360
5083,5.083000,91.889198,93.533401,90.000000,1.889203,45.849648,0.902261
5084,5.084000,91.946510,93.413544,90.000000,1.946515,45.477974,0.898200
5085,5.085000,92.002853,93.297073,90.000000,2.002857,45.009769,0.894187
5086,5.086000,92.058151,93.184036,90.000000,2.058154,44.449287,0.890235
5087,5.087000,92.112343,93.074440,90.000000,2.112345,43.805302,0.886352
5088,5.088000,92.165375,92.968315,90.000000,2.165375,43.119232,0.882551
5089,5.089000,92.217178,92.865623,90.000000,2.217182,42.449112,0.878841
5090,5.090000,92.267715,92.766342,90.000000,2.267718,41.825920,0.875231
5091,5.091000,92.316917,92.670425,90.000000,2.316916,41.309021,0.871733
5092,5.092000,92.364731,92.577827,90.000000,2.364734,40.821819,0.868354
5093,5.093000,92.411118,92.488503,90.000000,2.411118,40.428440,0.865104
5094,5.094000,92.456017,92.402390,90.000000,2.456020,40.210629,0.861992
5095,5.095000,92.499382,92.319420,90.000000,2.499385,40.173977,0.859024
5096,5.096000,92.541176,92.239555,90.000000,2.541178,40.272221,0.856210
5097,5.097000,92.581345,92.162727,90.000000,2.581347,40.478905,0.853556
5098,5.098000,92.619843,92.088898,90.000000,2.619849,40.801117,0.851069
5099,5.099000,92.656639,92.018013,90.000000,2.656643,41.182991,0.848756
5100,5.100000,92.691696,91.950050,90.000000,2.691702,41.660023,0.846623
5101,5.101000,92.724968,91.884979,90.000000,2.724972,42.256191,0.844674
5102,5.102000,92.756424,91.822792,90.000000,2.756425,42.869781,0.842916
5103,5.103000,92.786026,91.763474,90.000000,2.786027,43.541546,0.841352
5104,5.104000,92.813751,91.707054,90.000000,2.813751,44.278229,0.839988
5105,5.105000,92.839554,91.653542,90.000000,2.839555,45.059036,0.838826
5106,5.106000,92.863411,91.602943,90.000000,2.863413,45.951859,0.837870
5107,5.107000,92.885300,91.555290,90.000000,2.885304,46.936806,0.837122
5108,5.108000,92.905197,91.510628,90.000000,2.905200,48.063271,0.836585
5109,5.109000,92.923073,91.468979,90.000000,2.923075,49.295017,0.836261
5110,5.110000,92.938911,91.430389,90.000000,2.938914,50.738472,0.836151
5111,5.111000,92.952690,91.394890,90.000000,2.952691,52.342247,0.836255
5112,5.112000,92.964378,91.362534,90.000000,2.964384,54.061455,0.836574
5113,5.113000,92.973984,91.333366,90.000000,2.973987,55.903786,0.837107
5114,5.114000,92.981483,91.307449,90.000000,2.981487,58.119770,0.837854
5115,5.115000,92.986855,91.284851,90.000000,2.986855,60.706875,0.838814
5116,5.116000,92.990097,91.265640,90.000000,2.990100,63.873985,0.839985
5117,5.117000,92.991203,91.249908,90.000000,2.991206,67.469055,0.841364
5118,5.118000,92.990166,91.237747,90.000000,2.990168,71.333527,0.842948
5119,5.119000,92.986977,91.229271,90.000000,2.986978,75.041016,0.844734
5120,5.120000,92.981636,91.224602,90.000000,2.981637,78.162422,0.846718
5121,5.121000,92.974144,91.223862,90.000000,2.974144,80.593094,0.848895
5122,5.122000,92.964508,91.227234,90.000000,2.964507,82.389725,0.851260
5123,5.123000,92.952713,91.234901,90.000000,2.952718,83.440399,0.853808
5124,5.124000,92.938797,91.247116,90.000000,2.938798,83.814835,0.856531
5125,5.125000,92.922752,91.264114,90.000000,2.922754,83.674728,0.859423
5126,5.126000,92.904587,91.286163,90.000000,2.904593,83.173218,0.862476
5127,5.127000,92.884323,91.313461,90.000000,2.884327,82.500488,0.865683
5128,5.128000,92.861984,91.346184,90.000000,2.861986,81.730362,0.869034
5129,5.129000,92.837570,91.384415,90.000000,2.837575,80.885391,0.872521
5130,5.130000,92.811127,91.428223,90.000000,2.811128,79.881195,0.876134
5131,5.131000,92.782661,91.477608,90.000000,2.782667,78.680130,0.879862
5132,5.132000,92.752205,91.532539,90.000000,2.752211,77.433464,0.883696
5133,5.133000,92.719803,91.592949,90.000000,2.719809,76.087555,0.887624
5134,5.134000,92.685478,91.658768,90.000000,2.685480,74.603828,0.891636
5135,5.135000,92.649261,91.729904,90.000000,2.649266,73.019028,0.895719
5136,5.136000,92.611206,91.806297,90.000000,2.611208,71.376297,0.899861
5137,5.137000,92.571335,91.887833,90.000000,2.571341,69.609085,0.904051
5138,5.138000,92.529716,91.974434,90.000000,2.529717,67.687355,0.908275
5139,5.139000,92.486374,92.065979,90.000000,2.486380,65.947556,0.912523
5140,5.140000,92.441376,92.162369,90.000000,2.441376,64.026100,0.916780
5141,5.141000,92.394760,92.263489,90.000000,2.394760,61.886169,0.921034
5142,5.142000,92.346581,92.369209,90.000000,2.346580,59.673389,0.925273
5143,5.143000,92.296898,92.479401,90.000000,2.296897,57.301399,0.929484
5144,5.144000,92.245773,92.593956,90.000000,2.245773,54.823360,0.933654
5145,5.145000,92.193253,92.712700,90.000000,2.193256,52.484756,0.937772
5146,5.146000,92.139420,92.835518,90.000000,2.139420,50.098320,0.941825
5147,5.147000,92.084320,92.962265,90.000000,2.084321,47.720085,0.945803
5148,5.148000,92.028030,93.092789,90.000000,2.028033,45.368649,0.949693
5149,5.149000,91.970619,93.226929,90.000000,1.970619,43.065395,0.953485
5150,5.150000,91.912140,93.364510,90.000000,1.912145,40.798279,0.957168
5151,5.151000,91.852684,93.505356,90.000000,1.852689,38.545300,0.960734
5152,5.152000,91.792320,93.649292,90.000000,1.792323,36.324451,0.964174
5153,5.153000,91.731117,93.796158,90.000000,1.731118,34.109131,0.967478
5154,5.154000,91.669144,93.945778,90.000000,1.669148,31.896385,0.970640
5155,5.155000,91.606499,94.097984,90.000000,1.606501,29.371861,0.973652
5156,5.156000,91.543236,94.252617,90.000000,1.543240,26.266634,0.976509
5157,5.157000,91.479454,94.409523,90.000000,1.479453,22.508808,0.979205
5158,5.158000,91.415222,94.568535,90.000000,1.415222,18.026901,0.981737
5159,5.159000,91.350616,94.729500,90.000000,1.350622,12.859291,0.984102
5160,5.160000,91.285736,94.892273,90.000000,1.285742,7.385267,0.986296
5161,5.161000,91.220657,95.056694,90.000000,1.220657,1.755581,0.988318
5162,5.162000,91.155457,95.222595,90.000000,1.155456,-3.366373,0.990169
5163,5.163000,91.090210,95.389778,90.000000,1.090214,-8.042489,0.991848
5164,5.164000,91.025032,95.557976,90.000000,1.025034,-12.261369,0.993357
5165,5.165000,90.959984,95.726891,90.000000,0.959983,-16.166313,0.994698
5166,5.166000,90.895149,95.896164,90.000000,0.895151,-20.037197,0.995875
5167,5.167000,90.830627,96.065407,90.000000,0.830626,-23.936977,0.996891
5168,5.168000,90.766487,96.234245,90.000000,0.766491,-27.582897,0.997751
5169,5.169000,90.702827,96.402306,90.000000,0.702833,-31.112276,0.998461
5170,5.170000,90.639732,96.569260,90.000000,0.639736,-34.374565,0.999027
5171,5.171000,90.577278,96.734833,90.000000,0.577281,-37.631618,0.999456
5172,5.172000,90.515549,96.898750,90.000000,0.515549,-41.195496,0.999756
5173,5.173000,90.454628,97.060776,90.000000,0.454631,-44.925011,0.999934
5174,5.174000,90.394600,97.220650,90.000000,0.394601,-48.648552,0.999999
5175,5.175000,90.335541,97.378143,90.000000,0.335540,-52.872776,0.999961
5176,5.176000,90.277519,97.533028,90.000000,0.277524,-57.535831,0.999827
5177,5.177000,90.220634,97.685089,90.000000,0.220636,-62.019348,0.999609
5178,5.178000,90.164948,97.834122,90.000000,0.164949,-66.402054,0.999314
5179,5.179000,90.110527,97.979904,90.000000,0.110533,-70.573669,0.998954
5180,5.180000,90.057472,98.122200,90.000000,0.057476,-74.356796,0.998538
5181,5.181000,90.005829,98.260765,90.000000,0.005833,-77.823975,0.998075
5182,5.182000,89.955673,98.395325,90.000000,-0.044321,-80.944801,0.997576
5183,5.183000,89.907082,98.525581,90.000000,-0.092918,-83.492317,0.997050
5184,5.184000,89.860100,98.651237,90.000000,-0.139896,-85.444748,0.996505
5185,5.185000,89.814812,98.772003,90.000000,-0.185187,-86.973579,0.995952
5186,5.186000,89.771263,98.887604,90.000000,-0.228736,-88.167877,0.995399
5187,5.187000,89.729515,98.997795,90.000000,-0.270482,-88.997452,0.994853
5188,5.188000,89.689629,99.102356,90.000000,-0.310371,-89.652023,0.994323
5189,5.189000,89.651649,99.201096,90.000000,-0.348346,-90.201317,0.993817
5190,5.190000,89.615639,99.293846,90.000000,-0.384362,-90.650192,0.993339
5191,5.191000,89.581619,99.380516,90.000000,-0.418376,-90.993958,0.992898
5192,5.192000,89.549660,99.461014,90.000000,-0.450335,-91.377319,0.992499
5193,5.193000,89.519791,99.535286,90.000000,-0.480203,-91.782104,0.992145
5194,5.194000,89.492050,99.603294,90.000000,-0.507948,-92.103294,0.991843
5195,5.195000,89.466476,99.665039,90.000000,-0.533520,-92.345627,0.991594
5196,5.196000,89.443100,99.720497,90.000000,-0.556899,-92.487190,0.991403
5197,5.197000,89.421944,99.769676,90.000000,-0.578053,-92.479431,0.991271
5198,5.198000,89.403038,99.812561,90.000000,-0.596959,-92.328018,0.991200
5199,5.199000,89.386406,99.849167,90.000000,-0.613590,-92.010635,0.991191
5200,5.200000,89.372070,99.879463,90.000000,-0.627927,-91.557663,0.991243
5201,5.201000,89.360039,99.903473,90.000000,-0.639961,-90.957062,0.991356
5202,5.202000,89.350334,99.921181,90.000000,-0.649667,-90.216278,0.991529
5203,5.203000,89.342957,99.932610,90.000000,-0.657044,-89.321793,0.991759
5204,5.204000,89.337914,99.937767,90.000000,-0.662084,-88.332306,0.992044
5205,5.205000,89.335213,99.936676,90.000000,-0.664782,-87.274445,0.992380
5206,5.206000,89.334862,99.929390,90.000000,-0.665137,-86.115265,0.992763
5207,5.207000,89.336838,99.915955,90.000000,-0.663157,-84.832169,0.993188
5208,5.208000,89.341164,99.896423,90.000000,-0.658833,-83.567291,0.993651
5209,5.209000,89.347809,99.870872,90.000000,-0.652187,-82.359482,0.994144
5210,5.210000,89.356773,99.839378,90.000000,-0.643226,-81.141495,0.994662
5211,5.211000,89.368027,99.802025,90.000000,-0.631970,-79.906197,0.995197
5212,5.212000,89.381561,99.758896,90.000000,-0.618433,-78.694443,0.995743
5213,5.213000,89.397369,99.710106,90.000000,-0.602628,-77.143806,0.996291
5214,5.214000,89.415405,99.655746,90.000000,-0.584589,-75.301521,0.996833
5215,5.215000,89.435661,99.595924,90.000000,-0.564337,-73.705841,0.997361
5216,5.216000,89.458092,99.530746,90.000000,-0.541907,-71.840973,0.997866
5217,5.217000,89.482674,99.460297,90.000000,-0.517325,-69.822121,0.998339
5218,5.218000,89.509369,99.384682,90.000000,-0.490626,-67.524994,0.998771
5219,5.219000,89.538147,99.304001,90.000000,-0.461851,-65.196182,0.999153
5220,5.220000,89.568962,99.218353,90.000000,-0.431033,-62.768425,0.999475
5221,5.221000,89.601776,99.127899,90.000000,-0.398221,-60.036869,0.999728
5222,5.222000,89.636543,99.032753,90.000000,-0.363455,-57.179817,0.999903
5223,5.223000,89.673210,98.933052,90.000000,-0.326790,-54.806664,0.999991
5224,5.224000,89.711731,98.828949,90.000000,-0.288268,-52.426647,0.999984
5225,5.225000,89.752052,98.720612,90.000000,-0.247943,-49.984856,0.999872
5226,5.226000,89.794128,98.608208,90.000000,-0.205869,-47.582893,0.999648
5227,5.227000,89.837891,98.491920,90.000000,-0.162108,-45.098572,0.999304
5228,5.228000,89.883293,98.371948,90.000000,-0.116707,-42.453911,0.998833
5229,5.229000,89.930267,98.248497,90.000000,-0.069729,-39.638367,0.998229
5230,5.230000,89.978752,98.121735,90.000000,-0.021242,-36.761356,0.997483
5231,5.231000,90.028687,97.991844,90.000000,0.028687,-33.806198,0.996593
5232,5.232000,90.080009,97.858994,90.000000,0.080009,-30.820812,0.995551
5233,5.233000,90.132637,97.723351,90.000000,0.132642,-27.980797,0.994355
5234,5.234000,90.186516,97.585098,90.000000,0.186519,-25.353403,0.993001
5235,5.235000,90.241577,97.444412,90.000000,0.241577,-22.590595,0.991486
5236,5.236000,90.297737,97.301491,90.000000,0.297742,-19.809269,0.989809
5237,5.237000,90.354935,97.156532,90.000000,0.354938,-16.793388,0.987968
5238,5.238000,90.413094,97.009750,90.000000,0.413097,-13.718126,0.985963
5239,5.239000,90.472137,96.861343,90.000000,0.472144,-10.498817,0.983794
5240,5.240000,90.531998,96.711525,90.000000,0.531997,-6.962337,0.981465
5241,5.241000,90.592583,96.560478,90.000000,0.592587,-2.937302,0.978975
5242,5.242000,90.653831,96.408371,90.000000,0.653834,1.632654,0.976331
5243,5.243000,90.715660,96.255409,90.000000,0.715660,6.565911,0.973534
5244,5.244000,90.777992,96.101799,90.000000,0.777993,11.619013,0.970590
5245,5.245000,90.840736,95.947739,90.000000,0.840742,16.016125,0.967504
5246,5.246000,90.903831,95.793457,90.000000,0.903832,20.272507,0.964284
5247,5.247000,90.967194,95.639183,90.000000,0.967196,24.031540,0.960936
5248,5.248000,91.030739,95.485199,90.000000,1.030744,27.300379,0.957467
5249,5.249000,91.094391,95.331810,90.000000,1.094394,30.135216,0.953887
5250,5.250000,91.158073,95.179337,90.000000,1.158079,32.644974,0.950204
5251,5.251000,91.221710,95.028145,90.000000,1.221709,34.849625,0.946427
5252,5.252000,91.285210,94.878540,90.000000,1.285209,36.887245,0.942566
5253,5.253000,91.348503,94.730812,90.000000,1.348505,38.921482,0.938633
5254,5.254000,91.411514,94.585205,90.000000,1.411520,40.735947,0.934636
5255,5.255000,91.474174,94.441956,90.000000,1.474173,42.514168,0.930588
5256,5.256000,91.536385,94.301224,90.000000,1.536389,43.743629,0.926498
5257,5.257000,91.598106,94.163185,90.000000,1.598107,44.683781,0.922380
5258,5.258000,91.659233,94.027969,90.000000,1.659237,45.418114,0.918243
5259,5.259000,91.719719,93.895691,90.000000,1.719719,45.888191,0.914099
5260,5.260000,91.779472,93.766472,90.000000,1.779476,46.122307,0.909961
5261,5.261000,91.838448,93.640427,90.000000,1.838448,46.063240,0.905839
5262,5.262000,91.896553,93.517654,90.000000,1.896559,45.808384,0.901745
5263,5.263000,91.953743,93.398232,90.000000,1.953748,45.418320,0.897690
5264,5.264000,92.009949,93.282211,90.000000,2.009954,44.941769,0.893685
5265,5.265000,92.065102,93.169632,90.000000,2.065108,44.365776,0.889741
5266,5.266000,92.119148,93.060493,90.000000,2.119148,43.716408,0.885869
5267,5.267000,92.172020,92.954819,90.000000,2.172020,43.027149,0.882079
5268,5.268000,92.223663,92.852577,90.000000,2.223664,42.363426,0.878382
5269,5.269000,92.274017,92.753746,90.000000,2.274023,41.748619,0.874787
5270,5.270000,92.323044,92.658264,90.000000,2.323043,41.241669,0.871304
5271,5.271000,92.370674,92.566109,90.000000,2.370677,40.757675,0.867942
5272,5.272000,92.416862,92.477203,90.000000,2.416862,40.382790,0.864710
5273,5.273000,92.461563,92.391510,90.000000,2.461566,40.194046,0.861616
5274,5.274000,92.504723,92.308960,90.000000,2.504726,40.176453,0.858669
5275,5.275000,92.546303,92.229492,90.000000,2.546308,40.288956,0.855875
5276,5.276000,92.586258,92.153061,90.000000,2.586258,40.514923,0.853243
5277,5.277000,92.624535,92.079628,90.000000,2.624534,40.847523,0.850779
5278,5.278000,92.661110,92.009132,90.000000,2.661110,41.234707,0.848489
5279,5.279000,92.695930,91.941544,90.000000,2.695930,41.733284,0.846379
5280,5.280000,92.728966,91.876854,90.000000,2.728968,42.334686,0.844456
5281,5.281000,92.760178,91.815041,90.000000,2.760182,42.956848,0.842722
5282,5.282000,92.789536,91.756111,90.000000,2.789538,43.636726,0.841185
5283,5.283000,92.817009,91.700066,90.000000,2.817009,44.381248,0.839846
5284,5.284000,92.842560,91.646935,90.000000,2.842561,45.173866,0.838711
5285,5.285000,92.866165,91.596718,90.000000,2.866166,46.072845,0.837782
5286,5.286000,92.887794,91.549469,90.000000,2.887797,47.073013,0.837062
5287,5.287000,92.907425,91.505196,90.000000,2.907427,48.218460,0.836553
5288,5.288000,92.925041,91.463943,90.000000,2.925042,49.460476,0.836256
5289,5.289000,92.940605,91.425751,90.000000,2.940608,50.935856,0.836174
5290,5.290000,92.954109,91.390663,90.000000,2.954111,52.554226,0.836306
5291,5.291000,92.965538,91.358727,90.000000,2.965538,54.283562,0.836652
5292,5.292000,92.974869,91.329979,90.000000,2.974868,56.153824,0.837214
5293,5.293000,92.982086,91.304497,90.000000,2.982088,58.441833,0.837989
5294,5.294000,92.987183,91.282341,90.000000,2.987183,61.065430,0.838976
5295,5.295000,92.990143,91.263573,90.000000,2.990147,64.327896,0.840174
5296,5.296000,92.990974,91.248306,90.000000,2.990974,67.964661,0.841579
5297,5.297000,92.989655,91.236626,90.000000,2.989655,71.848328,0.843190
5298,5.298000,92.986183,91.228638,90.000000,2.986186,75.486328,0.845002
5299,5.299000,92.980560,91.224472,90.000000,2.980565,78.532959,0.847011
5300,5.300000,92.972794,91.224258,90.000000,2.972799,80.871864,0.849212
5301,5.301000,92.962875,91.228172,90.000000,2.962874,82.578049,0.851601
5302,5.302000,92.950813,91.236427,90.000000,2.950819,83.532150,0.854172
5303,5.303000,92.936615,91.249237,90.000000,2.936619,83.828835,0.856917
5304,5.304000,92.920296,91.266891,90.000000,2.920302,83.625702,0.859830
5305,5.305000,92.901863,91.289612,90.000000,2.901867,83.091309,0.862903
5306,5.306000,92.881332,91.317612,90.000000,2.881336,82.404373,0.866129
5307,5.307000,92.858719,91.351044,90.000000,2.858721,81.619278,0.869498
5308,5.308000,92.834038,91.389999,90.000000,2.834044,80.763885,0.873001
5309,5.309000,92.807335,91.434540,90.000000,2.807337,79.731750,0.876629
5310,5.310000,92.778610,91.484665,90.000000,2.778616,78.513763,0.880371
5311,5.311000,92.747902,91.540314,90.000000,2.747908,77.255417,0.884218
5312,5.312000,92.715248,91.601440,90.000000,2.715253,75.895561,0.888157
5313,5.313000,92.680679,91.667953,90.000000,2.680685,74.392311,0.892178
5314,5.314000,92.644234,91.739792,90.000000,2.644233,72.798355,0.896268
5315,5.315000,92.605934,91.816856,90.000000,2.605936,71.144669,0.900417
5316,5.316000,92.565842,91.899063,90.000000,2.565842,69.356796,0.904611
5317,5.317000,92.523994,91.986313,90.000000,2.523994,67.450844,0.908839
5318,5.318000,92.480438,92.078499,90.000000,2.480438,65.698837,0.913088
5319,5.319000,92.435226,92.175507,90.000000,2.435229,63.754379,0.917345
5320,5.320000,92.388405,92.277237,90.000000,2.388408,61.603493,0.921597
5321,5.321000,92.340034,92.383553,90.000000,2.340036,59.371040,0.925832
5322,5.322000,92.290161,92.494324,90.000000,2.290162,56.980820,0.930038
5323,5.323000,92.238853,92.609421,90.000000,2.238854,54.523026,0.934202
5324,5.324000,92.186172,92.728706,90.000000,2.186173,52.168457,0.938311
5325,5.325000,92.132172,92.852043,90.000000,2.132173,49.780476,0.942355
5326,5.326000,92.076912,92.979294,90.000000,2.076917,47.407120,0.946321
5327,5.327000,92.020485,93.110291,90.000000,2.020486,45.063381,0.950198
5328,5.328000,91.962929,93.244881,90.000000,1.962935,42.769012,0.953976
5329,5.329000,91.904327,93.382896,90.000000,1.904332,40.502968,0.957644
5330,5.330000,91.844757,93.524155,90.000000,1.844759,38.254341,0.961194
5331,5.331000,91.784279,93.668488,90.000000,1.784284,36.035294,0.964615
5332,5.332000,91.722984,93.815720,90.000000,1.722983,33.811588,0.967901
5333,5.333000,91.660927,93.965683,90.000000,1.660931,31.610035,0.971043
5334,5.334000,91.598190,94.118202,90.000000,1.598196,28.988371,0.974035
5335,5.335000,91.534874,94.273140,90.000000,1.534873,25.813900,0.976871
5336,5.336000,91.471031,94.430321,90.000000,1.471031,21.972816,0.979546
5337,5.337000,91.406754,94.589607,90.000000,1.406752,17.365593,0.982056
5338,5.338000,91.342117,94.750809,90.000000,1.342118,12.158549,0.984398
5339,5.339000,91.277206,94.913803,90.000000,1.277211,6.646518,0.986570
5340,5.340000,91.212112,95.078430,90.000000,1.212113,1.060420,0.988569
5341,5.341000,91.146904,95.244507,90.000000,1.146905,-4.027288,0.990398
5342,5.342000,91.081673,95.411827,90.000000,1.081676,-8.628820,0.992054
5343,5.343000,91.016510,95.580139,90.000000,1.016510,-12.784133,0.993541
5344,5.344000,90.951492,95.749115,90.000000,0.951493,-16.680080,0.994860
5345,5.345000,90.886696,95.918404,90.000000,0.886702,-20.552044,0.996016
5346,5.346000,90.822227,96.087616,90.000000,0.822232,-24.429190,0.997011
5347,5.347000,90.758163,96.256363,90.000000,0.758165,-28.046030,0.997851
5348,5.348000,90.694580,96.424286,90.000000,0.694582,-31.568041,0.998542
5349,5.349000,90.631561,96.591072,90.000000,0.631567,-34.777100,0.999090
5350,5.350000,90.569206,96.756432,90.000000,0.569207,-38.088036,0.999502
5351,5.351000,90.507584,96.920120,90.000000,0.507585,-41.673950,0.999785
5352,5.352000,90.446777,97.081863,90.000000,0.446783,-45.408173,0.999949
5353,5.353000,90.386879,97.241440,90.000000,0.386882,-49.111450,1.000000
5354,5.354000,90.327957,97.398598,90.000000,0.327958,-53.478897,0.999949
5355,5.355000,90.270096,97.553116,90.000000,0.270100,-58.118813,0.999804
5356,5.356000,90.213364,97.704788,90.000000,0.213368,-62.592651,0.999575
5357,5.357000,90.157852,97.853401,90.000000,0.157853,-66.959068,0.999272
5358,5.358000,90.103615,97.998734,90.000000,0.103621,-71.090851,0.998904
5359,5.359000,90.050735,98.140541,90.000000,0.050741,-74.821899,0.998482
5360,5.360000,89.999290,98.278603,90.000000,-0.000704,-78.247643,0.998014
5361,5.361000,89.949348,98.412613,90.000000,-0.050646,-81.312943,0.997511
5362,5.362000,89.900970,98.542282,90.000000,-0.099031,-83.779739,0.996982
5363,5.363000,89.854218,98.667313,90.000000,-0.145784,-85.669937,0.996436
5364,5.364000,89.809158,98.787422,90.000000,-0.190842,-87.152916,0.995883
5365,5.365000,89.765846,98.902328,90.000000,-0.234153,-88.292999,0.995330
5366,5.366000,89.724342,99.011795,90.000000,-0.275653,-89.093285,0.994787
5367,5.367000,89.684708,99.115601,90.000000,-0.315288,-89.730286,0.994260
5368,5.368000,89.646996,99.213570,90.000000,-0.353005,-90.277359,0.993757
5369,5.369000,89.611244,99.305527,90.000000,-0.388754,-90.700867,0.993284
5370,5.370000,89.577499,99.391388,90.000000,-0.422495,-91.039360,0.992849
5371,5.371000,89.545815,99.471069,90.000000,-0.454180,-91.432266,0.992455
5372,5.372000,89.516235,99.544525,90.000000,-0.483762,-91.825134,0.992108
5373,5.373000,89.488777,99.611717,90.000000,-0.511219,-92.138840,0.991813
5374,5.374000,89.463501,99.672638,90.000000,-0.536498,-92.370277,0.991572
5375,5.375000,89.440414,99.727280,90.000000,-0.559584,-92.489632,0.991389
5376,5.376000,89.419556,99.775627,90.000000,-0.580443,-92.466003,0.991265
5377,5.377000,89.400955,99.817688,90.000000,-0.599042,-92.289986,0.991202
5378,5.378000,89.384628,99.853470,90.000000,-0.615373,-91.961472,0.991201
5379,5.379000,89.370598,99.882950,90.000000,-0.629402,-91.487808,0.991262
5380,5.380000,89.358871,99.906128,90.000000,-0.641123,-90.869392,0.991383
5381,5.381000,89.349472,99.923012,90.000000,-0.650528,-90.106827,0.991563
5382,5.382000,89.342407,99.933617,90.000000,-0.657590,-89.204155,0.991801
5383,5.383000,89.337677,99.937958,90.000000,-0.662323,-88.201950,0.992092
5384,5.384000,89.335289,99.936050,90.000000,-0.664707,-87.134247,0.992435
5385,5.385000,89.335251,99.927956,90.000000,-0.664748,-85.954857,0.992823
5386,5.386000,89.337547,99.913719,90.000000,-0.662453,-84.666824,0.993254
5387,5.387000,89.342171,99.893394,90.000000,-0.657829,-83.414124,0.993720
5388,5.388000,89.349121,99.867058,90.000000,-0.650876,-82.207855,0.994217
5389,5.389000,89.358391,99.834793,90.000000,-0.641607,-80.982658,0.994737
5390,5.390000,89.369957,99.796684,90.000000,-0.630044,-79.743011,0.995274
5391,5.391000,89.383789,99.752808,90.000000,-0.616206,-78.521317,0.995821
5392,5.392000,89.399895,99.703278,90.000000,-0.600100,-76.917374,0.996368
5393,5.393000,89.418228,99.648201,90.000000,-0.581768,-75.110397,0.996909
5394,5.394000,89.438766,99.587669,90.000000,-0.561230,-73.481056,0.997434
5395,5.395000,89.461494,99.521790,90.000000,-0.538506,-71.580475,0.997935
5396,5.396000,89.486351,99.450653,90.000000,-0.513644,-69.534859,0.998402
5397,5.397000,89.513336,99.374367,90.000000,-0.486665,-67.225243,0.998827
5398,5.398000,89.542381,99.293030,90.000000,-0.457616,-64.888527,0.999201
5399,5.399000,89.573456,99.206741,90.000000,-0.426538,-62.434467,0.999514
5400,5.400000,89.606529,99.115662,90.000000,-0.393467,-59.649605,0.999757
5401,5.401000,89.641548,99.019905,90.000000,-0.358448,-56.861675,0.999920
5402,5.402000,89.678467,98.919617,90.000000,-0.321531,-54.490303,0.999996
5403,5.403000,89.717232,98.814941,90.000000,-0.282763,-52.099293,0.999975
5404,5.404000,89.757790,98.706055,90.000000,-0.242205,-49.667164,0.999848
5405,5.405000,89.800095,98.593132,90.000000,-0.199906,-47.259087,0.999608
5406,5.406000,89.844078,98.476341,90.000000,-0.155920,-44.758507,0.999247
5407,5.407000,89.889687,98.355904,90.000000,-0.110308,-42.094002,0.998759
5408,5.408000,89.936867,98.231995,90.000000,-0.063131,-39.258331,0.998135
5409,5.409000,89.985542,98.104813,90.000000,-0.014453,-36.369896,0.997370
5410,5.410000,90.035667,97.974518,90.000000,0.035667,-33.413498,0.996459
5411,5.411000,90.087158,97.841286,90.000000,0.087160,-30.425987,0.995397
5412,5.412000,90.139961,97.705292,90.000000,0.139964,-27.636349,0.994180
5413,5.413000,90.194000,97.566704,90.000000,0.194005,-24.994854,0.992804
5414,5.414000,90.249214,97.425713,90.000000,0.249213,-22.227949,0.991267
5415,5.415000,90.305511,97.282509,90.000000,0.305514,-19.419235,0.989567
5416,5.416000,90.362846,97.137299,90.000000,0.362847,-16.394205,0.987704
5417,5.417000,90.421120,96.990295,90.000000,0.421122,-13.292626,0.985676
5418,5.418000,90.480278,96.841690,90.000000,0.480278,-10.045037,0.983486
5419,5.419000,90.540230,96.691696,90.000000,0.540234,-6.457345,0.981135
5420,5.420000,90.600914,96.540489,90.000000,0.600913,-2.378094,0.978624
5421,5.421000,90.662239,96.388268,90.000000,0.662241,2.276358,0.975958
5422,5.422000,90.724136,96.235207,90.000000,0.724137,7.232909,0.973141
5423,5.423000,90.786522,96.081520,90.000000,0.786524,12.203173,0.970178
5424,5.424000,90.849319,95.927422,90.000000,0.849320,16.602425,0.967074
5425,5.425000,90.912453,95.773125,90.000000,0.912459,20.809429,0.963836
5426,5.426000,90.975838,95.618881,90.000000,0.975843,24.495258,0.960471
5427,5.427000,91.039406,95.464951,90.000000,1.039405,27.701664,0.956986
5428,5.428000,91.103065,95.311661,90.000000,1.103069,30.485840,0.953392
5429,5.429000,91.166740,95.159340,90.000000,1.166746,32.962784,0.949695
5430,5.430000,91.230362,95.008339,90.000000,1.230363,35.127445,0.945906
5431,5.431000,91.293831,94.858963,90.000000,1.293836,37.163677,0.942035
5432,5.432000,91.357094,94.711502,90.000000,1.357097,39.178474,0.938092
5433,5.433000,91.420059,94.566200,90.000000,1.420065,40.971359,0.934088
5434,5.434000,91.482658,94.423271,90.000000,1.482663,42.752853,0.930033
5435,5.435000,91.544815,94.282890,90.000000,1.544818,43.889221,0.925939
5436,5.436000,91.606461,94.145210,90.000000,1.606460,44.803177,0.921817
5437,5.437000,91.667503,94.010376,90.000000,1.667509,45.507416,0.917679
5438,5.438000,91.727890,93.878502,90.000000,1.727894,45.944233,0.913535
5439,5.439000,91.787544,93.749695,90.000000,1.787549,46.139275,0.909398
5440,5.440000,91.846413,93.624077,90.000000,1.846412,46.044064,0.905279
5441,5.441000,91.904396,93.501747,90.000000,1.904400,45.767937,0.901189
5442,5.442000,91.961456,93.382782,90.000000,1.961460,45.355469,0.897140
5443,5.443000,92.017525,93.267220,90.000000,2.017529,44.869675,0.893143
5444,5.444000,92.072533,93.155090,90.000000,2.072532,44.281040,0.889208
5445,5.445000,92.126419,93.046425,90.000000,2.126422,43.622780,0.885346
5446,5.446000,92.179131,92.941216,90.000000,2.179131,42.934380,0.881568
5447,5.447000,92.230598,92.839439,90.000000,2.230603,42.274986,0.877884
5448,5.448000,92.280785,92.741058,90.000000,2.280784,41.673096,0.874303
5449,5.449000,92.329628,92.646027,90.000000,2.329627,41.175880,0.870836
5450,5.450000,92.377060,92.554306,90.000000,2.377063,40.693756,0.867490
5451,5.451000,92.423058,92.465836,90.000000,2.423057,40.346893,0.864276
5452,5.452000,92.467552,92.380569,90.000000,2.467556,40.185760,0.861201
5453,5.453000,92.510498,92.298439,90.000000,2.510504,40.188072,0.858274
5454,5.454000,92.551865,92.219383,90.000000,2.551868,40.309765,0.855502
5455,5.455000,92.591599,92.143356,90.000000,2.591599,40.553017,0.852891
5456,5.456000,92.629654,92.070320,90.000000,2.629657,40.894119,0.850450
5457,5.457000,92.665993,92.000214,90.000000,2.665993,41.289616,0.848184
5458,5.458000,92.700577,91.933014,90.000000,2.700582,41.805565,0.846099
5459,5.459000,92.733368,91.868713,90.000000,2.733373,42.409840,0.844200
5460,5.460000,92.764336,91.807289,90.000000,2.764341,43.041836,0.842493
5461,5.461000,92.793442,91.748741,90.000000,2.793445,43.730415,0.840982
5462,5.462000,92.820663,91.693092,90.000000,2.820663,44.482788,0.839670
5463,5.463000,92.845955,91.640343,90.000000,2.845955,45.292023,0.838562
5464,5.464000,92.869301,91.590530,90.000000,2.869301,46.205223,0.837661
5465,5.465000,92.890663,91.543671,90.000000,2.890666,47.215370,0.836969
5466,5.466000,92.910027,91.499794,90.000000,2.910029,48.375549,0.836488
5467,5.467000,92.927368,91.458961,90.000000,2.927371,49.639412,0.836220
5468,5.468000,92.942665,91.421181,90.000000,2.942664,51.146252,0.836166
5469,5.469000,92.955894,91.386513,90.000000,2.955894,52.787247,0.836326
5470,5.470000,92.967033,91.354996,90.000000,2.967034,54.523026,0.836702
5471,5.471000,92.976082,91.326683,90.000000,2.976084,56.424095,0.837292
5472,5.472000,92.983025,91.301643,90.000000,2.983023,58.775784,0.838095
5473,5.473000,92.987831,91.279938,90.000000,2.987832,61.436768,0.839110
5474,5.474000,92.990517,91.261627,90.000000,2.990516,64.792221,0.840336
5475,5.475000,92.991051,91.246834,90.000000,2.991056,68.476349,0.841769
5476,5.476000,92.989449,91.235641,90.000000,2.989451,72.358917,0.843407
5477,5.477000,92.985695,91.228165,90.000000,2.985694,75.916077,0.845245
5478,5.478000,92.979782,91.224510,90.000000,2.979786,78.867210,0.847280
5479,5.479000,92.971733,91.224838,90.000000,2.971733,81.121674,0.849507
5480,5.480000,92.961525,91.229324,90.000000,2.961529,82.738953,0.851921
5481,5.481000,92.949181,91.238167,90.000000,2.949180,83.600220,0.854515
5482,5.482000,92.934700,91.251617,90.000000,2.934700,83.824028,0.857283
5483,5.483000,92.918091,91.269928,90.000000,2.918096,83.562790,0.860218
5484,5.484000,92.899376,91.293343,90.000000,2.899381,83.002243,0.863312
5485,5.485000,92.878571,91.322052,90.000000,2.878569,82.296097,0.866557
5486,5.486000,92.855682,91.356216,90.000000,2.855681,81.504028,0.869944
5487,5.487000,92.830734,91.395912,90.000000,2.830738,80.637062,0.873465
5488,5.488000,92.803757,91.441193,90.000000,2.803758,79.573975,0.877109
5489,5.489000,92.774765,91.492043,90.000000,2.774771,78.355652,0.880866
5490,5.490000,92.743805,91.548431,90.000000,2.743810,77.081818,0.884725
5491,5.491000,92.710892,91.610268,90.000000,2.710895,75.707321,0.888676
5492,5.492000,92.676064,91.677498,90.000000,2.676068,74.186142,0.892707
5493,5.493000,92.639366,91.750031,90.000000,2.639369,72.581314,0.896806
5494,5.494000,92.600830,91.827774,90.000000,2.600833,70.914238,0.900961
5495,5.495000,92.560509,91.910652,90.000000,2.560508,69.102318,0.905161
5496,5.496000,92.518433,91.998566,90.000000,2.518434,67.225342,0.909392
5497,5.497000,92.474648,92.091393,90.000000,2.474653,65.447258,0.913643
5498,5.498000,92.429222,92.189041,90.000000,2.429225,63.471634,0.917900
5499,5.499000,92.382187,92.291374,90.000000,2.382192,61.311127,0.922151
5500,5.500000,92.333618,92.398285,90.000000,2.333623,59.058334,0.926383
5501,5.501000,92.283554,92.509644,90.000000,2.283557,56.652645,0.930584
5502,5.502000,92.232063,92.625305,90.000000,2.232065,54.212486,0.934742
5503,5.503000,92.179199,92.745132,90.000000,2.179199,51.844826,0.938843
5504,5.504000,92.125023,92.868988,90.000000,2.125029,49.459480,0.942877
5505,5.505000,92.069618,92.996742,90.000000,2.069622,47.088142,0.946832
5506,5.506000,92.013031,93.128227,90.000000,2.013034,44.746937,0.950697
5507,5.507000,91.955338,93.263275,90.000000,1.955340,42.461639,0.954462
5508,5.508000,91.896606,93.401733,90.000000,1.896607,40.197128,0.958115
5509,5.509000,91.836906,93.543404,90.000000,1.836911,37.951996,0.961648
5510,5.510000,91.776321,93.688126,90.000000,1.776320,35.741455,0.965053
5511,5.511000,91.714912,93.835724,90.000000,1.714917,33.512672,0.968320
5512,5.512000,91.652763,93.986031,90.000000,1.652769,31.323792,0.971443
5513,5.513000,91.589958,94.138885,90.000000,1.589959,28.603327,0.974414
5514,5.514000,91.526558,94.294121,90.000000,1.526561,25.362118,0.977230
5515,5.515000,91.462654,94.451584,90.000000,1.462658,21.433283,0.979883
5516,5.516000,91.398323,94.611122,90.000000,1.398324,16.712820,0.982371
5517,5.517000,91.333649,94.772568,90.000000,1.333649,11.456239,0.984691
5518,5.518000,91.268715,94.935776,90.000000,1.268714,5.893072,0.986840
5519,5.519000,91.203598,95.100601,90.000000,1.203602,0.369180,0.988818
5520,5.520000,91.138382,95.266861,90.000000,1.138388,-4.663231,0.990623
5521,5.521000,91.073166,95.434326,90.000000,1.073166,-9.218604,0.992257
5522,5.522000,91.008011,95.602737,90.000000,1.008013,-13.309021,0.993722
5523,5.523000,90.943024,95.771782,90.000000,0.943024,-17.198019,0.995020
5524,5.524000,90.878273,95.941078,90.000000,0.878273,-21.073797,0.996154
5525,5.525000,90.813850,96.110252,90.000000,0.813851,-24.934690,0.997129
5526,5.526000,90.749840,96.278915,90.000000,0.749845,-28.523941,0.997949
5527,5.527000,90.686333,96.446709,90.000000,0.686332,-32.025738,0.998621
5528,5.528000,90.623405,96.613319,90.000000,0.623405,-35.185776,0.999151
5529,5.529000,90.561142,96.778473,90.000000,0.561141,-38.553768,0.999546
5530,5.530000,90.499619,96.941910,90.000000,0.499621,-42.163750,0.999813
5531,5.531000,90.438934,97.103386,90.000000,0.438935,-45.908409,0.999961
5532,5.532000,90.379158,97.262657,90.000000,0.379164,-49.606178,0.999999
5533,5.533000,90.320374,97.419464,90.000000,0.320377,-54.113865,0.999935
5534,5.534000,90.262657,97.573616,90.000000,0.262662,-58.724640,0.999779
5535,5.535000,90.206085,97.724892,90.000000,0.206087,-63.179630,0.999540
5536,5.536000,90.150742,97.873085,90.000000,0.150742,-67.529221,0.999228
5537,5.537000,90.096687,98.017960,90.000000,0.096688,-71.613724,0.998853
5538,5.538000,90.043999,98.159294,90.000000,0.044000,-75.290573,0.998424
5539,5.539000,89.992752,98.296829,90.000000,-0.007247,-78.675446,0.997951
5540,5.540000,89.943008,98.430283,90.000000,-0.056991,-81.676498,0.997445
5541,5.541000,89.894836,98.559349,90.000000,-0.105158,-84.061844,0.996913
5542,5.542000,89.848305,98.683746,90.000000,-0.151692,-85.885788,0.996366
5543,5.543000,89.803482,98.803177,90.000000,-0.196518,-87.326576,0.995813
5544,5.544000,89.760406,98.917366,90.000000,-0.239589,-88.413216,0.995261
5545,5.545000,89.719154,99.026100,90.000000,-0.280844,-89.193405,0.994720
5546,5.546000,89.679771,99.129143,90.000000,-0.320227,-89.801552,0.994196
5547,5.547000,89.642311,99.226311,90.000000,-0.357683,-90.345688,0.993697
5548,5.548000,89.606834,99.317467,90.000000,-0.393166,-90.749359,0.993229
5549,5.549000,89.573364,99.402519,90.000000,-0.426634,-91.084946,0.992799
5550,5.550000,89.541962,99.481369,90.000000,-0.458039,-91.492126,0.992411
5551,5.551000,89.512657,99.553993,90.000000,-0.487341,-91.866318,0.992071
5552,5.552000,89.485497,99.620354,90.000000,-0.514504,-92.172577,0.991783
5553,5.553000,89.460503,99.680435,90.000000,-0.539496,-92.393387,0.991550
5554,5.554000,89.437706,99.734245,90.000000,-0.562288,-92.495781,0.991374
5555,5.555000,89.417160,99.781754,90.000000,-0.582841,-92.447502,0.991259
5556,5.556000,89.398849,99.822983,90.000000,-0.601145,-92.249298,0.991204
5557,5.557000,89.382835,99.857918,90.000000,-0.617162,-91.912918,0.991211
5558,5.558000,89.369110,99.886566,90.000000,-0.630891,-91.412575,0.991280
5559,5.559000,89.357697,99.908905,90.000000,-0.642304,-90.776863,0.991409
5560,5.560000,89.348602,99.924957,90.000000,-0.651395,-89.997520,0.991597
5561,5.561000,89.341850,99.934731,90.000000,-0.658150,-89.082581,0.991842
5562,5.562000,89.337433,99.938240,90.000000,-0.662562,-88.066391,0.992140
5563,5.563000,89.335358,99.935509,90.000000,-0.664639,-86.986649,0.992489
5564,5.564000,89.335625,99.926598,90.000000,-0.664372,-85.790466,0.992884
5565,5.565000,89.338234,99.911545,90.000000,-0.661763,-84.495430,0.993319
5566,5.566000,89.343170,99.890419,90.000000,-0.656825,-83.250488,0.993790
5567,5.567000,89.350441,99.863297,90.000000,-0.649558,-82.053040,0.994290
5568,5.568000,89.360008,99.830246,90.000000,-0.639989,-80.821938,0.994812
5569,5.569000,89.371880,99.791351,90.000000,-0.628118,-79.588409,0.995351
5570,5.570000,89.386024,99.746727,90.000000,-0.613972,-78.323967,0.995897
5571,5.571000,89.402428,99.696457,90.000000,-0.597573,-76.674820,0.996444
5572,5.572000,89.421051,99.640648,90.000000,-0.578947,-74.906601,0.996983
5573,5.573000,89.441887,99.579399,90.000000,-0.558108,-73.246155,0.997505
5574,5.574000,89.464890,99.512810,90.000000,-0.535104,-71.323288,0.998002
5575,5.575000,89.490044,99.440987,90.000000,-0.509956,-69.240585,0.998464
5576,5.576000,89.517296,99.364021,90.000000,-0.482703,-66.918091,0.998882
5577,5.577000,89.546623,99.282013,90.000000,-0.453374,-64.581215,0.999248
5578,5.578000,89.577972,99.195084,90.000000,-0.422024,-62.092361,0.999552
5579,5.579000,89.611305,99.103371,90.000000,-0.388692,-59.263870,0.999784
5580,5.580000,89.646576,99.007004,90.000000,-0.353421,-56.541470,0.999936
5581,5.581000,89.683746,98.906113,90.000000,-0.316251,-54.178242,0.999999
5582,5.582000,89.722755,98.800873,90.000000,-0.277244,-51.776245,0.999964
5583,5.583000,89.763542,98.691437,90.000000,-0.236454,-49.353828,0.999822
5584,5.584000,89.806076,98.577988,90.000000,-0.193923,-46.934555,0.999566
5585,5.585000,89.850281,98.460693,90.000000,-0.149718,-44.420200,0.999188
5586,5.586000,89.896103,98.339783,90.000000,-0.103894,-41.721684,0.998681
5587,5.587000,89.943481,98.215424,90.000000,-0.056513,-38.880005,0.998039
5588,5.588000,89.992363,98.087807,90.000000,-0.007636,-35.977062,0.997254
5589,5.589000,90.042664,97.957115,90.000000,0.042668,-33.016472,0.996323
5590,5.590000,90.094345,97.823502,90.000000,0.094345,-30.029215,0.995240
5591,5.591000,90.147308,97.687149,90.000000,0.147314,-27.293514,0.994001
5592,5.592000,90.201508,97.548225,90.000000,0.201511,-24.632761,0.992603
5593,5.593000,90.256866,97.406921,90.000000,0.256870,-21.859299,0.991044
5594,5.594000,90.313309,97.263435,90.000000,0.313314,-19.014446,0.989322
5595,5.595000,90.370773,97.117973,90.000000,0.370777,-15.990190,0.987436
5596,5.596000,90.429169,96.970734,90.000000,0.429175,-12.860239,0.985387
5597,5.597000,90.488441,96.821930,90.000000,0.488447,-9.585972,0.983174
5598,5.598000,90.548492,96.671761,90.000000,0.548498,-5.935751,0.980801
5599,5.599000,90.609268,96.520401,90.000000,0.609273,-1.800708,0.978269
5600,5.600000,90.670677,96.368050,90.000000,0.670677,2.931302,0.975582
5601,5.601000,90.732643,96.214897,90.000000,0.732647,7.923730,0.972745
5602,5.602000,90.795090,96.061142,90.000000,0.795089,12.785381,0.969762
5603,5.603000,90.857941,95.906998,90.000000,0.857940,17.190016,0.966639
5604,5.604000,90.921112,95.752693,90.000000,0.921112,21.350368,0.963383
5605,5.605000,90.984520,95.598465,90.000000,0.984524,24.961826,0.960001
5606,5.606000,91.048103,95.444603,90.000000,1.048106,28.109314,0.956501
5607,5.607000,91.111771,95.291412,90.000000,1.111770,30.840832,0.952892
5608,5.608000,91.175446,95.139252,90.000000,1.175448,33.272774,0.949182
5609,5.609000,91.239052,94.988449,90.000000,1.239051,35.402725,0.945381
5610,5.610000,91.302498,94.839310,90.000000,1.302503,37.435860,0.941500
5611,5.611000,91.365723,94.692116,90.000000,1.365724,39.415802,0.937547
5612,5.612000,91.428650,94.547119,90.000000,1.428650,41.206917,0.933535
5613,5.613000,91.491188,94.404518,90.000000,1.491194,42.956879,0.929474
5614,5.614000,91.553276,94.264496,90.000000,1.553281,44.028358,0.925376
5615,5.615000,91.614845,94.127197,90.000000,1.614848,44.912987,0.921250
5616,5.616000,91.675804,93.992744,90.000000,1.675807,45.586872,0.917110
5617,5.617000,91.736099,93.861267,90.000000,1.736104,45.989540,0.912967
5618,5.618000,91.795654,93.732887,90.000000,1.795657,46.142387,0.908831
5619,5.619000,91.854401,93.607697,90.000000,1.854403,46.016972,0.904715
5620,5.620000,91.912270,93.485809,90.000000,1.912275,45.721878,0.900630
5621,5.621000,91.969200,93.367302,90.000000,1.969205,45.292294,0.896587
5622,5.622000,92.025131,93.252197,90.000000,2.025131,44.796902,0.892597
5623,5.623000,92.079987,93.140541,90.000000,2.079991,44.194820,0.888671
5624,5.624000,92.133720,93.032333,90.000000,2.133724,43.527939,0.884820
5625,5.625000,92.186264,92.927582,90.000000,2.186268,42.838963,0.881053
5626,5.626000,92.237572,92.826256,90.000000,2.237577,42.186203,0.877382
5627,5.627000,92.287575,92.728333,90.000000,2.287580,41.599884,0.873816
5628,5.628000,92.336235,92.633743,90.000000,2.336239,41.114861,0.870364
5629,5.629000,92.383484,92.542465,90.000000,2.383483,40.638985,0.867036
5630,5.630000,92.429276,92.454430,90.000000,2.429280,40.315453,0.863840
5631,5.631000,92.473572,92.369591,90.000000,2.473573,40.176483,0.860784
5632,5.632000,92.516312,92.287865,90.000000,2.516317,40.196587,0.857877
5633,5.633000,92.557457,92.209221,90.000000,2.557462,40.329441,0.855126
5634,5.634000,92.596962,92.133598,90.000000,2.596967,40.591728,0.852538
5635,5.635000,92.634796,92.060944,90.000000,2.634800,40.945374,0.850119
5636,5.636000,92.670898,91.991234,90.000000,2.670904,41.346821,0.847877
5637,5.637000,92.705254,91.924431,90.000000,2.705253,41.885216,0.845816
5638,5.638000,92.737793,91.860504,90.000000,2.737799,42.493668,0.843943
5639,5.639000,92.768517,91.799469,90.000000,2.768521,43.133186,0.842262
5640,5.640000,92.797379,91.741310,90.000000,2.797379,43.831028,0.840777
5641,5.641000,92.824333,91.686043,90.000000,2.824338,44.588440,0.839492
5642,5.642000,92.849365,91.633690,90.000000,2.849370,45.408615,0.838412
5643,5.643000,92.872444,91.584267,90.000000,2.872450,46.338188,0.837538
5644,5.644000,92.893547,91.537811,90.000000,2.893548,47.361217,0.836874
5645,5.645000,92.912643,91.494339,90.000000,2.912645,48.539093,0.836422
5646,5.646000,92.929710,91.453903,90.000000,2.929714,49.825466,0.836182
5647,5.647000,92.944725,91.416534,90.000000,2.944727,51.357430,0.836157
5648,5.648000,92.957680,91.382286,90.000000,2.957684,53.017410,0.836347
5649,5.649000,92.968544,91.351204,90.000000,2.968544,54.767307,0.836751
5650,5.650000,92.977310,91.323318,90.000000,2.977314,56.691444,0.837369
5651,5.651000,92.983963,91.298714,90.000000,2.983966,59.114952,0.838201
5652,5.652000,92.988495,91.277458,90.000000,2.988494,61.836433,0.839245
5653,5.653000,92.990883,91.259628,90.000000,2.990885,65.258362,0.840498
5654,5.654000,92.991135,91.245308,90.000000,2.991138,68.981743,0.841959
5655,5.655000,92.989243,91.234604,90.000000,2.989246,72.864700,0.843624
5656,5.656000,92.985199,91.227631,90.000000,2.985202,76.342148,0.845489
5657,5.657000,92.979004,91.224503,90.000000,2.979007,79.193581,0.847550
5658,5.658000,92.970657,91.225372,90.000000,2.970661,81.370117,0.849802
5659,5.659000,92.960175,91.230431,90.000000,2.960176,82.891296,0.852241
5660,5.660000,92.947540,91.239868,90.000000,2.947541,83.656197,0.854858
5661,5.661000,92.932770,91.253952,90.000000,2.932774,83.810013,0.857649
5662,5.662000,92.915886,91.272926,90.000000,2.915890,83.497086,0.860606
5663,5.663000,92.896889,91.297035,90.000000,2.896895,82.913193,0.863721
5664,5.664000,92.875801,91.326469,90.000000,2.875803,82.196297,0.866986
5665,5.665000,92.852638,91.361359,90.000000,2.852642,81.393707,0.870392
5666,5.666000,92.827415,91.401794,90.000000,2.827418,80.507637,0.873930
5667,5.667000,92.800171,91.447823,90.000000,2.800173,79.420914,0.877590
5668,5.668000,92.770920,91.499413,90.000000,2.770919,78.197296,0.881361
5669,5.669000,92.739685,91.556526,90.000000,2.739691,76.909058,0.885234
5670,5.670000,92.706512,91.619080,90.000000,2.706517,75.515564,0.889196
5671,5.671000,92.671440,91.687019,90.000000,2.671444,73.979164,0.893237
5672,5.672000,92.634491,91.760246,90.000000,2.634493,72.363495,0.897345
5673,5.673000,92.595718,91.838684,90.000000,2.595718,70.683456,0.901507
5674,5.674000,92.555153,91.922234,90.000000,2.555153,68.849190,0.905712
5675,5.675000,92.512840,92.010803,90.000000,2.512840,66.997894,0.909947
5676,5.676000,92.468834,92.104279,90.000000,2.468840,65.192886,0.914200
5677,5.677000,92.423195,92.202553,90.000000,2.423194,63.187706,0.918457
5678,5.678000,92.375954,92.305504,90.000000,2.375956,61.015572,0.922706
5679,5.679000,92.327171,92.413017,90.000000,2.327175,58.745338,0.926936
5680,5.680000,92.276917,92.524948,90.000000,2.276919,56.323532,0.931132
5681,5.681000,92.225235,92.641167,90.000000,2.225235,53.904579,0.935283
5682,5.682000,92.172195,92.761543,90.000000,2.172198,51.526073,0.939376
5683,5.683000,92.117851,92.885933,90.000000,2.117857,49.141724,0.943401
5684,5.684000,92.062279,93.014191,90.000000,2.062280,46.775429,0.947345
5685,5.685000,92.005539,93.146156,90.000000,2.005542,44.440926,0.951197
5686,5.686000,91.947701,93.281670,90.000000,1.947703,42.155136,0.954948
5687,5.687000,91.888840,93.420555,90.000000,1.888841,39.890366,0.958586
5688,5.688000,91.829010,93.562645,90.000000,1.829015,37.651249,0.962103
5689,5.689000,91.768311,93.707748,90.000000,1.768315,35.445023,0.965490
5690,5.690000,91.706802,93.855721,90.000000,1.706803,33.216404,0.968739
5691,5.691000,91.644562,94.006378,90.000000,1.644566,31.036644,0.971842
5692,5.692000,91.581665,94.159561,90.000000,1.581667,28.221169,0.974793
5693,5.693000,91.518188,94.315109,90.000000,1.518194,24.913717,0.977588
5694,5.694000,91.454224,94.472847,90.000000,1.454229,20.898954,0.980220
5695,5.695000,91.389847,94.632645,90.000000,1.389848,16.061663,0.982686
5696,5.696000,91.325127,94.794342,90.000000,1.325132,10.758532,0.984984
5697,5.697000,91.260170,94.957771,90.000000,1.260170,5.147195,0.987110
5698,5.698000,91.195030,95.122795,90.000000,1.195030,-0.314788,0.989065
5699,5.699000,91.129814,95.289230,90.000000,1.129816,-5.292179,0.990848
5700,5.700000,91.064590,95.456841,90.000000,1.064594,-9.807613,0.992460
5701,5.701000,90.999451,95.625359,90.000000,0.999455,-13.834998,0.993902
5702,5.702000,90.934494,95.794464,90.000000,0.934493,-17.716982,0.995178
5703,5.703000,90.869774,95.963783,90.000000,0.869777,-21.602848,0.996291
5704,5.704000,90.805405,96.132919,90.000000,0.805409,-25.439194,0.997245
5705,5.705000,90.741455,96.301506,90.000000,0.741458,-29.012058,0.998046
5706,5.706000,90.678017,96.469162,90.000000,0.678019,-32.482376,0.998699
5707,5.707000,90.615173,96.635605,90.000000,0.615175,-35.598148,0.999210
5708,5.708000,90.553001,96.800560,90.000000,0.553006,-39.027130,0.999588
5709,5.709000,90.491585,96.963768,90.000000,0.491589,-42.670410,0.999839
5710,5.710000,90.431015,97.124962,90.000000,0.431019,-46.418079,0.999972
5711,5.711000,90.371368,97.283928,90.000000,0.371371,-50.207947,0.999996
5712,5.712000,90.312721,97.440407,90.000000,0.312727,-54.764351,0.999920
5713,5.713000,90.255150,97.594200,90.000000,0.255155,-59.336395,0.999752
5714,5.714000,90.198746,97.745087,90.000000,0.198745,-63.776764,0.999503
5715,5.715000,90.143555,97.892853,90.000000,0.143557,-68.097916,0.999182
5716,5.716000,90.089676,98.037277,90.000000,0.089680,-72.133835,0.998799
5717,5.717000,90.037178,98.178116,90.000000,0.037184,-75.772995,0.998364
5718,5.718000,89.986122,98.315125,90.000000,-0.013872,-79.111687,0.997887
5719,5.719000,89.936592,98.448013,90.000000,-0.063405,-82.033600,0.997376
5720,5.720000,89.888641,98.576485,90.000000,-0.111359,-84.335159,0.996843
5721,5.721000,89.842331,98.700226,90.000000,-0.157668,-86.097977,0.996294
5722,5.722000,89.797729,98.818970,90.000000,-0.202269,-87.495239,0.995741
5723,5.723000,89.754898,98.932442,90.000000,-0.245101,-88.525620,0.995190
5724,5.724000,89.713898,99.040421,90.000000,-0.286103,-89.279755,0.994651
5725,5.725000,89.674767,99.142693,90.000000,-0.325233,-89.876663,0.994130
5726,5.726000,89.637566,99.239067,90.000000,-0.362430,-90.413284,0.993635
5727,5.727000,89.602348,99.329407,90.000000,-0.397647,-90.797043,0.993172
5728,5.728000,89.569153,99.413628,90.000000,-0.430841,-91.128448,0.992747
5729,5.729000,89.538025,99.491653,90.000000,-0.461973,-91.548721,0.992365
5730,5.730000,89.509003,99.563438,90.000000,-0.490995,-91.907967,0.992032
5731,5.731000,89.482124,99.628960,90.000000,-0.517872,-92.210289,0.991751
5732,5.732000,89.457428,99.688202,90.000000,-0.542570,-92.413589,0.991525
5733,5.733000,89.434937,99.741165,90.000000,-0.565062,-92.497444,0.991358
5734,5.734000,89.414680,99.787834,90.000000,-0.585320,-92.424149,0.991250
5735,5.735000,89.396683,99.828224,90.000000,-0.603317,-92.209518,0.991204
5736,5.736000,89.380966,99.862320,90.000000,-0.619034,-91.855316,0.991219
5737,5.737000,89.367546,99.890121,90.000000,-0.632448,-91.339340,0.991296
5738,5.738000,89.356445,99.911621,90.000000,-0.643554,-90.688736,0.991433
5739,5.739000,89.347664,99.926826,90.000000,-0.652331,-89.886032,0.991629
5740,5.740000,89.341225,99.935760,90.000000,-0.658772,-88.959335,0.991881
5741,5.741000,89.337120,99.938431,90.000000,-0.662877,-87.930244,0.992187
5742,5.742000,89.335358,99.934868,90.000000,-0.664639,-86.836502,0.992542
5743,5.743000,89.335938,99.925133,90.000000,-0.664058,-85.625793,0.992942
5744,5.744000,89.338860,99.909264,90.000000,-0.661135,-84.321686,0.993382
5745,5.745000,89.344109,99.887329,90.000000,-0.655889,-83.091553,0.993857
5746,5.746000,89.351685,99.859406,90.000000,-0.648315,-81.886337,0.994360
5747,5.747000,89.361557,99.825569,90.000000,-0.638438,-80.656311,0.994886
5748,5.748000,89.373741,99.785912,90.000000,-0.626260,-79.430183,0.995426
5749,5.749000,89.388184,99.740517,90.000000,-0.611814,-78.121567,0.995972
5750,5.750000,89.404884,99.689491,90.000000,-0.595114,-76.425781,0.996519
5751,5.751000,89.423813,99.632950,90.000000,-0.576188,-74.696106,0.997055
5752,5.752000,89.444939,99.570976,90.000000,-0.555062,-73.000587,0.997574
5753,5.753000,89.468224,99.503677,90.000000,-0.531771,-71.054489,0.998067
5754,5.754000,89.493660,99.431160,90.000000,-0.506336,-68.937607,0.998524
5755,5.755000,89.521194,99.353508,90.000000,-0.478803,-66.611710,0.998936
5756,5.756000,89.550789,99.270836,90.000000,-0.449208,-64.261246,0.999293
5757,5.757000,89.582405,99.183258,90.000000,-0.417591,-61.738434,0.999588
5758,5.758000,89.616005,99.090919,90.000000,-0.383993,-58.878735,0.999810
5759,5.759000,89.651535,98.993927,90.000000,-0.348463,-56.228783,0.999950
5760,5.760000,89.688950,98.892456,90.000000,-0.311047,-53.868996,1.000000
5761,5.761000,89.728195,98.786636,90.000000,-0.271801,-51.455765,0.999951
5762,5.762000,89.769226,98.676651,90.000000,-0.230772,-49.037319,0.999794
5763,5.763000,89.811981,98.562675,90.000000,-0.188015,-46.603325,0.999522
5764,5.764000,89.856415,98.444893,90.000000,-0.143584,-44.062183,0.999127
5765,5.765000,89.902451,98.323502,90.000000,-0.097549,-41.344780,0.998602
5766,5.766000,89.950027,98.198692,90.000000,-0.049970,-38.494576,0.997941
5767,5.767000,89.999100,98.070648,90.000000,-0.000895,-35.580032,0.997137
5768,5.768000,90.049599,97.939552,90.000000,0.049601,-32.617813,0.996185
5769,5.769000,90.101448,97.805557,90.000000,0.101449,-29.628832,0.995081
5770,5.770000,90.154587,97.668846,90.000000,0.154588,-26.948160,0.993821
5771,5.771000,90.208946,97.529594,90.000000,0.208949,-24.264330,0.992402
5772,5.772000,90.264458,97.387978,90.000000,0.264458,-21.494333,0.990821
5773,5.773000,90.321037,97.244209,90.000000,0.321039,-18.608305,0.989076
5774,5.774000,90.378632,97.098488,90.000000,0.378632,-15.575970,0.987168
5775,5.775000,90.437149,96.951035,90.000000,0.437153,-12.427099,0.985097
5776,5.776000,90.496529,96.802032,90.000000,0.496527,-9.128956,0.982862
5777,5.777000,90.556686,96.651695,90.000000,0.556688,-5.401334,0.980467
5778,5.778000,90.617538,96.500191,90.000000,0.617545,-1.190173,0.977914
5779,5.779000,90.679031,96.347717,90.000000,0.679037,3.590975,0.975207
5780,5.780000,90.741066,96.194466,90.000000,0.741069,8.610061,0.972349
5781,5.781000,90.803566,96.040642,90.000000,0.803572,13.372474,0.969347
5782,5.782000,90.866470,95.886459,90.000000,0.866471,17.765867,0.966206
5783,5.783000,90.929672,95.732155,90.000000,0.929677,21.867176,0.962932
5784,5.784000,90.993118,95.577950,90.000000,0.993123,25.416235,0.959534
5785,5.785000,91.056717,95.424164,90.000000,1.056719,28.504911,0.956019
5786,5.786000,91.120384,95.271095,90.000000,1.120390,31.187773,0.952395
5787,5.787000,91.184059,95.119095,90.000000,1.184061,33.577709,0.948672
5788,5.788000,91.247643,94.968498,90.000000,1.247643,35.677662,0.944860
5789,5.789000,91.311073,94.819595,90.000000,1.311075,37.707695,0.940968
5790,5.790000,91.374260,94.672684,90.000000,1.374261,39.658466,0.937007
5791,5.791000,91.437134,94.528000,90.000000,1.437140,41.440220,0.932988
5792,5.792000,91.499626,94.385727,90.000000,1.499629,43.098877,0.928921
5793,5.793000,91.561653,94.246063,90.000000,1.561654,44.146347,0.924818
5794,5.794000,91.623138,94.109138,90.000000,1.623140,44.996387,0.920689
5795,5.795000,91.684013,93.975082,90.000000,1.684017,45.642178,0.916548
5796,5.796000,91.744217,93.844017,90.000000,1.744218,46.014374,0.912405
5797,5.797000,91.803665,93.716049,90.000000,1.803668,46.127949,0.908271
5798,5.798000,91.862297,93.591301,90.000000,1.862299,45.979980,0.904158
5799,5.799000,91.920044,93.469864,90.000000,1.920048,45.667038,0.900078
5800,5.800000,91.976845,93.351799,90.000000,1.976848,45.225708,0.896041
5801,5.801000,92.032631,93.237144,90.000000,2.032637,44.720509,0.892059
5802,5.802000,92.087341,93.125946,90.000000,2.087347,44.109077,0.888142
5803,5.803000,92.140930,93.018196,90.000000,2.140929,43.436821,0.884301
5804,5.804000,92.193306,92.913895,90.000000,2.193310,42.755085,0.880547
5805,5.805000,92.244446,92.813019,90.000000,2.244448,42.104042,0.876889
5806,5.806000,92.294273,92.715530,90.000000,2.294274,41.535728,0.873338
5807,5.807000,92.342735,92.621391,90.000000,2.342741,41.058212,0.869902
5808,5.808000,92.389801,92.530533,90.000000,2.389801,40.587963,0.866591
5809,5.809000,92.435394,92.442924,90.000000,2.435400,40.285530,0.863413
5810,5.810000,92.479485,92.358490,90.000000,2.479488,40.170303,0.860377
5811,5.811000,92.522018,92.277184,90.000000,2.522020,40.211414,0.857490
5812,5.812000,92.562943,92.198929,90.000000,2.562946,40.359108,0.854760
5813,5.813000,92.602234,92.123703,90.000000,2.602234,40.638897,0.852194
5814,5.814000,92.639832,92.051437,90.000000,2.639834,40.994930,0.849799
5815,5.815000,92.675705,91.982109,90.000000,2.675706,41.407478,0.847581
5816,5.816000,92.709816,91.915688,90.000000,2.709816,41.960587,0.845545
5817,5.817000,92.742119,91.852150,90.000000,2.742123,42.571487,0.843697
5818,5.818000,92.772591,91.791481,90.000000,2.772592,43.218140,0.842042
5819,5.819000,92.801193,91.733704,90.000000,2.801197,43.929630,0.840583
5820,5.820000,92.827904,91.678825,90.000000,2.827903,44.693928,0.839326
5821,5.821000,92.852676,91.626854,90.000000,2.852676,45.526470,0.838273
5822,5.822000,92.875488,91.577820,90.000000,2.875489,46.467621,0.837428
5823,5.823000,92.896317,91.531746,90.000000,2.896321,47.510761,0.836792
5824,5.824000,92.915146,91.488678,90.000000,2.915145,48.700325,0.836368
5825,5.825000,92.931938,91.448647,90.000000,2.931941,50.027321,0.836157
5826,5.826000,92.946678,91.411690,90.000000,2.946680,51.571449,0.836161
5827,5.827000,92.959358,91.377853,90.000000,2.959357,53.254738,0.836379
5828,5.828000,92.969940,91.347176,90.000000,2.969944,55.012905,0.836812
5829,5.829000,92.978424,91.319725,90.000000,2.978427,56.970680,0.837459
5830,5.830000,92.984787,91.295563,90.000000,2.984792,59.455612,0.838320
5831,5.831000,92.989029,91.274750,90.000000,2.989034,62.270432,0.839392
5832,5.832000,92.991142,91.257378,90.000000,2.991145,65.727448,0.840673
5833,5.833000,92.991104,91.243523,90.000000,2.991104,69.487503,0.842162
5834,5.834000,92.988922,91.233307,90.000000,2.988925,73.375145,0.843854
5835,5.835000,92.984589,91.226837,90.000000,2.984588,76.772049,0.845746
5836,5.836000,92.978104,91.224228,90.000000,2.978106,79.524475,0.847833
5837,5.837000,92.969467,91.225647,90.000000,2.969472,81.622238,0.850111
5838,5.838000,92.958694,91.231262,90.000000,2.958694,83.040329,0.852574
5839,5.839000,92.945778,91.241302,90.000000,2.945778,83.710480,0.855215
5840,5.840000,92.930725,91.256020,90.000000,2.930725,83.797890,0.858029
5841,5.841000,92.913551,91.275665,90.000000,2.913554,83.435661,0.861008
5842,5.842000,92.894272,91.300468,90.000000,2.894272,82.827850,0.864144
5843,5.843000,92.872894,91.330612,90.000000,2.872900,82.096870,0.867428
5844,5.844000,92.849457,91.366241,90.000000,2.849459,81.283363,0.870853
5845,5.845000,92.823959,91.407417,90.000000,2.823962,80.378922,0.874408
5846,5.846000,92.796440,91.454185,90.000000,2.796443,79.262833,0.878083
5847,5.847000,92.766922,91.506516,90.000000,2.766923,78.039993,0.881869
5848,5.848000,92.735428,91.564346,90.000000,2.735429,76.738022,0.885755
5849,5.849000,92.701996,91.627632,90.000000,2.701995,75.324539,0.889729
5850,5.850000,92.666664,91.696274,90.000000,2.666663,73.774437,0.893780
5851,5.851000,92.629463,91.770195,90.000000,2.629466,72.145302,0.897896
5852,5.852000,92.590439,91.849327,90.000000,2.590445,70.449280,0.902065
5853,5.853000,92.549637,91.933548,90.000000,2.549641,68.591316,0.906275
5854,5.854000,92.507103,92.022781,90.000000,2.507103,66.770462,0.910514
5855,5.855000,92.462868,92.116898,90.000000,2.462870,64.937027,0.914768
5856,5.856000,92.417000,92.215805,90.000000,2.417006,62.903042,0.919025
5857,5.857000,92.369553,92.319374,90.000000,2.369556,60.722549,0.923273
5858,5.858000,92.320564,92.427483,90.000000,2.320570,58.429794,0.927499
5859,5.859000,92.270111,92.539993,90.000000,2.270116,55.993549,0.931690
5860,5.860000,92.218246,92.656784,90.000000,2.218247,53.597855,0.935834
5861,5.861000,92.165016,92.777702,90.000000,2.165020,51.209435,0.939920
5862,5.862000,92.110504,92.902611,90.000000,2.110508,48.830353,0.943934
5863,5.863000,92.054771,93.031372,90.000000,2.054774,46.467354,0.947867
5864,5.864000,91.997879,93.163826,90.000000,1.997878,44.133705,0.951707
5865,5.865000,91.939888,93.299797,90.000000,1.939890,41.852276,0.955443
5866,5.866000,91.880890,93.439125,90.000000,1.880891,39.591183,0.959066
5867,5.867000,91.820938,93.581627,90.000000,1.820942,37.356812,0.962566
5868,5.868000,91.760117,93.727127,90.000000,1.760119,35.152164,0.965935
5869,5.869000,91.698502,93.875465,90.000000,1.698504,32.923782,0.969165
5870,5.870000,91.636162,94.026474,90.000000,1.636165,30.754908,0.972248
5871,5.871000,91.573181,94.179985,90.000000,1.573184,27.842709,0.975179
5872,5.872000,91.509636,94.335831,90.000000,1.509636,24.435865,0.977952
5873,5.873000,91.445602,94.493858,90.000000,1.445603,20.340820,0.980562
5874,5.874000,91.381165,94.653915,90.000000,1.381167,15.397248,0.983006
5875,5.875000,91.316406,94.815857,90.000000,1.316410,10.040413,0.985281
5876,5.876000,91.251411,94.979515,90.000000,1.251414,4.401872,0.987384
5877,5.877000,91.186249,95.144745,90.000000,1.186254,-1.007849,0.989316
5878,5.878000,91.121025,95.311348,90.000000,1.121025,-5.925989,0.991076
5879,5.879000,91.055801,95.479103,90.000000,1.055804,-10.388028,0.992665
5880,5.880000,90.990685,95.647743,90.000000,0.990685,-14.352048,0.994085
5881,5.881000,90.925735,95.816910,90.000000,0.925736,-18.231720,0.995339
5882,5.882000,90.861061,95.986244,90.000000,0.861061,-22.127342,0.996430
5883,5.883000,90.796730,96.155342,90.000000,0.796735,-25.922598,0.997363
5884,5.884000,90.732841,96.323830,90.000000,0.732845,-29.484404,0.998143
5885,5.885000,90.669472,96.491371,90.000000,0.669475,-32.914963,0.998777
5886,5.886000,90.606712,96.657639,90.000000,0.606712,-36.017899,0.999270
5887,5.887000,90.544632,96.822388,90.000000,0.544632,-39.507133,0.999629
5888,5.888000,90.483315,96.985352,90.000000,0.483318,-43.183117,0.999864
5889,5.889000,90.422859,97.146278,90.000000,0.422864,-46.932121,0.999982
5890,5.890000,90.363335,97.304939,90.000000,0.363339,-50.798042,0.999991
5891,5.891000,90.304825,97.461082,90.000000,0.304825,-55.392723,0.999902
5892,5.892000,90.247391,97.614510,90.000000,0.247396,-59.941746,0.999722
5893,5.893000,90.191139,97.764999,90.000000,0.191143,-64.370903,0.999463
5894,5.894000,90.136124,97.912354,90.000000,0.136126,-68.673660,0.999133
5895,5.895000,90.082420,98.056328,90.000000,0.082420,-72.646713,0.998742
5896,5.896000,90.030106,98.196678,90.000000,0.030107,-76.246140,0.998300
5897,5.897000,89.979240,98.333168,90.000000,-0.020757,-79.540131,0.997817
5898,5.898000,89.929909,98.465492,90.000000,-0.070091,-82.379471,0.997303
5899,5.899000,89.882164,98.593353,90.000000,-0.117834,-84.597351,0.996766
5900,5.900000,89.836082,98.716454,90.000000,-0.163918,-86.303207,0.996217
5901,5.901000,89.791702,98.834518,90.000000,-0.208293,-87.653221,0.995663
5902,5.902000,89.749107,98.947281,90.000000,-0.250886,-88.638290,0.995113
5903,5.903000,89.708351,99.054512,90.000000,-0.291649,-89.372986,0.994575
5904,5.904000,89.669472,99.156006,90.000000,-0.330527,-89.955933,0.994057
5905,5.905000,89.632530,99.251587,90.000000,-0.367471,-90.485962,0.993565
5906,5.906000,89.597580,99.341118,90.000000,-0.402421,-90.848534,0.993107
5907,5.907000,89.564651,99.424522,90.000000,-0.435349,-91.174423,0.992687
5908,5.908000,89.533798,99.501717,90.000000,-0.466201,-91.605637,0.992312
5909,5.909000,89.505058,99.572678,90.000000,-0.494943,-91.950050,0.991985
5910,5.910000,89.478462,99.637367,90.000000,-0.521533,-92.244781,0.991711
5911,5.911000,89.454056,99.695770,90.000000,-0.545944,-92.439209,0.991493
5912,5.912000,89.431854,99.747902,90.000000,-0.568142,-92.498734,0.991333
5913,5.913000,89.411896,99.793739,90.000000,-0.588100,-92.406693,0.991234
5914,5.914000,89.394203,99.833282,90.000000,-0.605797,-92.166756,0.991195
5915,5.915000,89.378784,99.866539,90.000000,-0.621212,-91.800690,0.991219
5916,5.916000,89.365669,99.893509,90.000000,-0.634326,-91.264793,0.991304
5917,5.917000,89.354881,99.914169,90.000000,-0.645118,-90.595802,0.991449
5918,5.918000,89.346413,99.928543,90.000000,-0.653588,-89.772003,0.991652
5919,5.919000,89.340279,99.936638,90.000000,-0.659721,-88.834427,0.991912
5920,5.920000,89.336479,99.938477,90.000000,-0.663519,-87.794189,0.992224
5921,5.921000,89.335030,99.934097,90.000000,-0.664967,-86.690498,0.992586
5922,5.922000,89.335922,99.923538,90.000000,-0.664072,-85.462677,0.992992
5923,5.923000,89.339149,99.906860,90.000000,-0.660848,-84.149094,0.993437
5924,5.924000,89.344711,99.884117,90.000000,-0.655288,-82.928726,0.993917
5925,5.925000,89.352592,99.855400,90.000000,-0.647406,-81.718674,0.994424
5926,5.926000,89.362778,99.820786,90.000000,-0.637222,-80.487869,0.994951
5927,5.927000,89.375252,99.780350,90.000000,-0.624744,-79.270882,0.995493
5928,5.928000,89.389999,99.734200,90.000000,-0.609997,-77.910782,0.996041
5929,5.929000,89.406998,99.682434,90.000000,-0.592997,-76.176834,0.996586
5930,5.930000,89.426224,99.625153,90.000000,-0.573777,-74.479698,0.997122
5931,5.931000,89.447639,99.562469,90.000000,-0.552357,-72.752686,0.997638
5932,5.932000,89.471214,99.494469,90.000000,-0.528780,-70.792435,0.998127
5933,5.933000,89.496933,99.421257,90.000000,-0.503064,-68.622711,0.998578
5934,5.934000,89.524750,99.342941,90.000000,-0.475251,-66.304550,0.998984
5935,5.935000,89.554611,99.259598,90.000000,-0.445383,-63.939499,0.999334
5936,5.936000,89.586494,99.171379,90.000000,-0.413500,-61.384384,0.999620
5937,5.937000,89.620361,99.078407,90.000000,-0.379636,-58.493881,0.999832
5938,5.938000,89.656143,98.980812,90.000000,-0.343852,-55.921150,0.999962
5939,5.939000,89.693810,98.878754,90.000000,-0.306191,-53.559731,0.999999
5940,5.940000,89.733299,98.772362,90.000000,-0.266698,-51.133339,0.999937
5941,5.941000,89.774559,98.661835,90.000000,-0.225437,-48.723694,0.999766
5942,5.942000,89.817543,98.547340,90.000000,-0.182455,-46.277630,0.999478
5943,5.943000,89.862190,98.429062,90.000000,-0.137806,-43.710983,0.999067
5944,5.944000,89.908440,98.307205,90.000000,-0.091559,-40.974464,0.998525
5945,5.945000,89.956230,98.181953,90.000000,-0.043768,-38.119568,0.997845
5946,5.946000,90.005493,98.053497,90.000000,0.005498,-35.187241,0.997022
5947,5.947000,90.056175,97.921997,90.000000,0.056178,-32.224113,0.996051
5948,5.948000,90.108208,97.787636,90.000000,0.108211,-29.230772,0.994927
5949,5.949000,90.161514,97.650566,90.000000,0.161520,-26.596474,0.993646
5950,5.950000,90.216034,97.510986,90.000000,0.216039,-23.894009,0.992206
5951,5.951000,90.271698,97.369064,90.000000,0.271698,-21.130257,0.990603
5952,5.952000,90.328423,97.225029,90.000000,0.328423,-18.205608,0.988838
5953,5.953000,90.386139,97.079063,90.000000,0.386145,-15.172726,0.986908
5954,5.954000,90.444786,96.931381,90.000000,0.444789,-12.007759,0.984815
5955,5.955000,90.504280,96.782188,90.000000,0.504280,-8.675604,0.982560
5956,5.956000,90.564529,96.631683,90.000000,0.564536,-4.868672,0.980144
5957,5.957000,90.625488,96.480034,90.000000,0.625488,-0.579455,0.977570
5958,5.958000,90.687050,96.327446,90.000000,0.687056,4.245033,0.974843
5959,5.959000,90.749161,96.174095,90.000000,0.749162,9.290463,0.971966
5960,5.960000,90.811722,96.020218,90.000000,0.811727,13.959132,0.968945
5961,5.961000,90.874672,95.866005,90.000000,0.874674,18.329197,0.965786
5962,5.962000,90.937920,95.711685,90.000000,0.937922,22.360546,0.962495
5963,5.963000,91.001389,95.557518,90.000000,1.001395,25.847731,0.959081
5964,5.964000,91.065010,95.403793,90.000000,1.065011,28.884052,0.955551
5965,5.965000,91.128693,95.250847,90.000000,1.128695,31.526003,0.951913
5966,5.966000,91.192360,95.099014,90.000000,1.192360,33.866997,0.948178
5967,5.967000,91.255936,94.948616,90.000000,1.255935,35.937832,0.944354
5968,5.968000,91.319336,94.799965,90.000000,1.319340,37.973698,0.940453
5969,5.969000,91.382500,94.653328,90.000000,1.382499,39.894169,0.936483
5970,5.970000,91.445328,94.508949,90.000000,1.445329,41.669617,0.932456
5971,5.971000,91.507767,94.367012,90.000000,1.507771,43.238708,0.928384
5972,5.972000,91.569725,94.227699,90.000000,1.569728,44.262825,0.924276
5973,5.973000,91.631142,94.091141,90.000000,1.631145,45.091194,0.920146
5974,5.974000,91.691948,93.957474,90.000000,1.691947,45.701187,0.916003
5975,5.975000,91.752052,93.826805,90.000000,1.752053,46.041191,0.911860
5976,5.976000,91.811401,93.699257,90.000000,1.811407,46.116337,0.907728
5977,5.977000,91.869926,93.574928,90.000000,1.869928,45.943283,0.903619
5978,5.978000,91.927559,93.453926,90.000000,1.927561,45.614174,0.899543
5979,5.979000,91.984238,93.336304,90.000000,1.984238,45.168667,0.895512
5980,5.980000,92.039886,93.222107,90.000000,2.039891,44.646790,0.891538
5981,5.981000,92.094452,93.111343,90.000000,2.094457,44.024872,0.887630
5982,5.982000,92.147888,93.004051,90.000000,2.147889,43.349449,0.883800
5983,5.983000,92.200111,92.900200,90.000000,2.200113,42.664703,0.880058
5984,5.984000,92.251083,92.799759,90.000000,2.251087,42.023766,0.876413
5985,5.985000,92.300743,92.702713,90.000000,2.300742,41.469376,0.872876
5986,5.986000,92.349030,92.609001,90.000000,2.349032,40.993538,0.869456
5987,5.987000,92.395897,92.518570,90.000000,2.395900,40.541298,0.866161
5988,5.988000,92.441307,92.431374,90.000000,2.441308,40.260933,0.863001
5989,5.989000,92.485199,92.347351,90.000000,2.485198,40.169964,0.859984
5990,5.990000,92.527519,92.266441,90.000000,2.527525,40.229950,0.857117
5991,5.991000,92.568237,92.188591,90.000000,2.568240,40.392227,0.854408
5992,5.992000,92.607307,92.113747,90.000000,2.607308,40.684525,0.851864
5993,5.993000,92.644684,92.041862,90.000000,2.644690,41.048546,0.849492
5994,5.994000,92.680336,91.972916,90.000000,2.680337,41.475510,0.847297
5995,5.995000,92.714203,91.906860,90.000000,2.714208,42.048222,0.845285
5996,5.996000,92.746277,91.843697,90.000000,2.746282,42.658829,0.843462
5997,5.997000,92.776512,91.783409,90.000000,2.776513,43.310875,0.841833
5998,5.998000,92.804871,91.726006,90.000000,2.804872,44.028454,0.840400
5999,5.999000,92.831322,91.671501,90.000000,2.831325,44.798729,0.839170
6000,6.000000,92.855843,91.619911,90.000000,2.855845,45.645561,0.838144
6001,6.001000,92.878395,91.571259,90.000000,2.878399,46.599155,0.837326
6002,6.002000,92.898972,91.525581,90.000000,2.898971,47.666611,0.836718
6003,6.003000,92.917526,91.482910,90.000000,2.917529,48.869373,0.836321
6004,6.004000,92.934059,91.443275,90.000000,2.934058,50.228775,0.836139
6005,6.005000,92.948532,91.406723,90.000000,2.948531,51.791725,0.836171
6006,6.006000,92.960922,91.373299,90.000000,2.960928,53.486950,0.836417
6007,6.007000,92.971237,91.343048,90.000000,2.971241,55.263832,0.836878
6008,6.008000,92.979439,91.316025,90.000000,2.979445,57.294231,0.837554
6009,6.009000,92.985535,91.292290,90.000000,2.985537,59.800026,0.838442
6010,6.010000,92.989494,91.271919,90.000000,2.989499,62.716076,0.839542
6011,6.011000,92.991318,91.255005,90.000000,2.991322,66.194855,0.840851
6012,6.012000,92.991005,91.241623,90.000000,2.991008,69.995972,0.842367
6013,6.013000,92.988541,91.231895,90.000000,2.988542,73.880821,0.844085
6014,6.014000,92.983925,91.225929,90.000000,2.983925,77.203163,0.846003
6015,6.015000,92.977158,91.223846,90.000000,2.977156,79.859818,0.848116
6016,6.016000,92.968239,91.225807,90.000000,2.968243,81.876892,0.850419
6017,6.017000,92.957176,91.231995,90.000000,2.957178,83.187286,0.852906
6018,6.018000,92.943977,91.242638,90.000000,2.943982,83.760345,0.855571
6019,6.019000,92.928642,91.257988,90.000000,2.928648,83.777344,0.858407
6020,6.020000,92.911194,91.278305,90.000000,2.911197,83.370056,0.861407
6021,6.021000,92.891640,91.303802,90.000000,2.891642,82.736313,0.864563
6022,6.022000,92.869995,91.334679,90.000000,2.869998,81.996773,0.867867
6023,6.023000,92.846275,91.371040,90.000000,2.846276,81.176132,0.871309
6024,6.024000,92.820511,91.412964,90.000000,2.820513,80.248581,0.874881
6025,6.025000,92.792725,91.460480,90.000000,2.792728,79.110237,0.878572
6026,6.026000,92.762939,91.513550,90.000000,2.762941,77.883835,0.882372
6027,6.027000,92.731186,91.572113,90.000000,2.731188,76.567474,0.886270
6028,6.028000,92.697502,91.636124,90.000000,2.697508,75.126686,0.890255
6029,6.029000,92.661919,91.705475,90.000000,2.661923,73.563881,0.894315
6030,6.030000,92.624474,91.780106,90.000000,2.624480,71.931915,0.898439
6031,6.031000,92.585220,91.859909,90.000000,2.585220,70.217621,0.902615
6032,6.032000,92.544182,91.944817,90.000000,2.544184,68.340988,0.906830
6033,6.033000,92.501411,92.034714,90.000000,2.501413,66.544411,0.911071
6034,6.034000,92.456963,92.129478,90.000000,2.456962,64.687103,0.915327
6035,6.035000,92.410881,92.229019,90.000000,2.410886,62.617706,0.919584
6036,6.036000,92.363220,92.333214,90.000000,2.363225,60.432346,0.923830
6037,6.037000,92.314041,92.441910,90.000000,2.314041,58.115990,0.928052
6038,6.038000,92.263390,92.555016,90.000000,2.263395,55.662483,0.932238
6039,6.039000,92.211342,92.672363,90.000000,2.211342,53.291321,0.936375
6040,6.040000,92.157936,92.793831,90.000000,2.157937,50.901047,0.940452
6041,6.041000,92.103256,92.919273,90.000000,2.103261,48.520798,0.944457
6042,6.042000,92.047363,93.048546,90.000000,2.047363,46.160263,0.948378
6043,6.043000,91.990318,93.181480,90.000000,1.990317,43.833939,0.952205
6044,6.044000,91.932190,93.317924,90.000000,1.932192,41.553417,0.955927
6045,6.045000,91.873055,93.457695,90.000000,1.873056,39.295433,0.959534
6046,6.046000,91.812988,93.600616,90.000000,1.812992,37.064629,0.963018
6047,6.047000,91.752060,93.746513,90.000000,1.752060,34.856079,0.966369
6048,6.048000,91.690331,93.895226,90.000000,1.690335,32.629765,0.969580
6049,6.049000,91.627907,94.046585,90.000000,1.627907,30.366156,0.972644
6050,6.050000,91.564842,94.200424,90.000000,1.564844,27.403564,0.975554
6051,6.051000,91.501228,94.356583,90.000000,1.501228,23.889797,0.978306
6052,6.052000,91.437134,94.514908,90.000000,1.437133,19.716543,0.980895
6053,6.053000,91.372650,94.675232,90.000000,1.372649,14.683051,0.983316
6054,6.054000,91.307846,94.837418,90.000000,1.307851,9.287302,0.985569
6055,6.055000,91.242821,95.001305,90.000000,1.242821,3.652019,0.987650
6056,6.056000,91.177643,95.166740,90.000000,1.177647,-1.689938,0.989559
6057,6.057000,91.112411,95.333519,90.000000,1.112412,-6.538031,0.991296
6058,6.058000,91.047195,95.501419,90.000000,1.047198,-10.941032,0.992863
6059,6.059000,90.982086,95.670151,90.000000,0.982092,-14.872099,0.994261
6060,6.060000,90.917175,95.839355,90.000000,0.917178,-18.740629,0.995493
6061,6.061000,90.852531,96.008682,90.000000,0.852537,-22.647541,0.996563
6062,6.062000,90.788254,96.177727,90.000000,0.788258,-26.396742,0.997475
6063,6.063000,90.724426,96.346100,90.000000,0.724430,-29.946033,0.998236
6064,6.064000,90.661133,96.513489,90.000000,0.661135,-33.333275,0.998850
6065,6.065000,90.598450,96.679573,90.000000,0.598454,-36.461605,0.999325
6066,6.066000,90.536469,96.844101,90.000000,0.536470,-39.992306,0.999668
6067,6.067000,90.475266,97.006805,90.000000,0.475265,-43.682838,0.999886
6068,6.068000,90.414917,97.167450,90.000000,0.414920,-47.435356,0.999989
6069,6.069000,90.355522,97.325783,90.000000,0.355525,-51.380829,0.999985
6070,6.070000,90.297142,97.481590,90.000000,0.297147,-56.006302,0.999883
6071,6.071000,90.239868,97.634636,90.000000,0.239869,-60.536377,0.999692
6072,6.072000,90.183762,97.784729,90.000000,0.183766,-64.949036,0.999423
6073,6.073000,90.128914,97.931641,90.000000,0.128920,-69.219040,0.999084
6074,6.074000,90.075386,98.075150,90.000000,0.075392,-73.139572,0.998686
6075,6.075000,90.023262,98.215004,90.000000,0.023264,-76.704712,0.998238
6076,6.076000,89.972603,98.350952,90.000000,-0.027396,-79.952621,0.997750
6077,6.077000,89.923470,98.482704,90.000000,-0.076525,-82.705292,0.997232
6078,6.078000,89.875938,98.609947,90.000000,-0.124057,-84.850830,0.996693
6079,6.079000,89.830078,98.732399,90.000000,-0.169921,-86.498444,0.996143
6080,6.080000,89.785934,98.849770,90.000000,-0.214065,-87.807053,0.995588
6081,6.081000,89.743568,98.961815,90.000000,-0.256426,-88.745621,0.995040
6082,6.082000,89.703056,99.068291,90.000000,-0.296942,-89.462753,0.994504
6083,6.083000,89.664429,99.169006,90.000000,-0.335567,-90.025574,0.993989
6084,6.084000,89.627747,99.263794,90.000000,-0.372252,-90.532623,0.993501
6085,6.085000,89.593056,99.352524,90.000000,-0.406943,-90.885376,0.993047
6086,6.086000,89.560402,99.435104,90.000000,-0.439598,-91.213943,0.992633
6087,6.087000,89.529823,99.511475,90.000000,-0.470177,-91.653793,0.992264
6088,6.088000,89.501358,99.581596,90.000000,-0.498638,-91.994148,0.991944
6089,6.089000,89.475060,99.645454,90.000000,-0.524941,-92.268478,0.991677
6090,6.090000,89.450935,99.703026,90.000000,-0.549065,-92.455299,0.991467
6091,6.091000,89.429031,99.754318,90.000000,-0.570970,-92.488968,0.991315
6092,6.092000,89.409363,99.799324,90.000000,-0.590634,-92.381363,0.991223
6093,6.093000,89.391968,99.838036,90.000000,-0.608030,-92.121544,0.991193
6094,6.094000,89.376854,99.870461,90.000000,-0.623145,-91.738556,0.991225
6095,6.095000,89.364044,99.896591,90.000000,-0.635952,-91.183594,0.991318
6096,6.096000,89.353554,99.916420,90.000000,-0.646443,-90.493576,0.991470
6097,6.097000,89.345390,99.929962,90.000000,-0.654605,-89.649887,0.991682
6098,6.098000,89.339569,99.937225,90.000000,-0.660431,-88.691330,0.991948
6099,6.099000,89.336082,99.938240,90.000000,-0.663915,-87.648399,0.992267
6100,6.100000,89.334946,99.933037,90.000000,-0.665055,-86.531944,0.992635
6101,6.101000,89.336136,99.921677,90.000000,-0.663860,-85.289185,0.993047
6102,6.102000,89.339676,99.904190,90.000000,-0.660322,-83.974815,0.993497
6103,6.103000,89.345543,99.880661,90.000000,-0.654455,-82.764618,0.993980
6104,6.104000,89.353722,99.851151,90.000000,-0.646272,-81.552216,0.994490
6105,6.105000,89.364220,99.815758,90.000000,-0.635781,-80.319130,0.995021
6106,6.106000,89.376991,99.774567,90.000000,-0.623009,-79.109528,0.995563
6107,6.107000,89.392036,99.727669,90.000000,-0.607962,-77.700012,0.996111
6108,6.108000,89.409332,99.675171,90.000000,-0.590668,-75.909554,0.996656
6109,6.109000,89.428833,99.617180,90.000000,-0.571161,-74.268684,0.997190
6110,6.110000,89.450546,99.553787,90.000000,-0.549455,-72.498245,0.997703
6111,6.111000,89.474411,99.485092,90.000000,-0.525590,-70.531006,0.998188
6112,6.112000,89.500404,99.411209,90.000000,-0.499594,-68.309280,0.998634
6113,6.113000,89.528488,99.332214,90.000000,-0.471508,-65.998886,0.999033
6114,6.114000,89.558624,99.248222,90.000000,-0.441374,-63.619228,0.999375
6115,6.115000,89.590775,99.159378,90.000000,-0.409224,-61.016338,0.999652
6116,6.116000,89.624886,99.065788,90.000000,-0.375114,-58.106384,0.999854
6117,6.117000,89.660919,98.967606,90.000000,-0.339078,-55.609497,0.999972
6118,6.118000,89.698830,98.864960,90.000000,-0.301170,-53.245491,0.999997
6119,6.119000,89.738548,98.758026,90.000000,-0.261446,-50.817074,0.999921
6120,6.120000,89.780052,98.646965,90.000000,-0.219946,-48.411392,0.999735
6121,6.121000,89.823250,98.531967,90.000000,-0.176745,-45.951881,0.999432
6122,6.122000,89.868111,98.413208,90.000000,-0.131884,-43.360443,0.999004
6123,6.123000,89.914574,98.290894,90.000000,-0.085425,-40.600952,0.998444
6124,6.124000,89.962555,98.165222,90.000000,-0.037443,-37.747505,0.997746
6125,6.125000,90.012016,98.036354,90.000000,0.012021,-34.800468,0.996904
6126,6.126000,90.062874,97.904472,90.000000,0.062879,-31.831264,0.995913
6127,6.127000,90.115082,97.769745,90.000000,0.115082,-28.882858,0.994769
6128,6.128000,90.168556,97.632339,90.000000,0.168555,-26.249338,0.993467
6129,6.129000,90.223228,97.492439,90.000000,0.223231,-23.520290,0.992006
6130,6.130000,90.279030,97.350235,90.000000,0.279034,-20.770149,0.990382
6131,6.131000,90.335892,97.205933,90.000000,0.335895,-17.808083,0.988595
6132,6.132000,90.393738,97.059738,90.000000,0.393740,-14.766908,0.986644
6133,6.133000,90.452499,96.911842,90.000000,0.452500,-11.591619,0.984530
6134,6.134000,90.512100,96.762474,90.000000,0.512100,-8.204691,0.982253
6135,6.135000,90.572449,96.611801,90.000000,0.572452,-4.331783,0.979816
6136,6.136000,90.633492,96.460014,90.000000,0.633493,0.027738,0.977223
6137,6.137000,90.695129,96.307320,90.000000,0.695136,4.900204,0.974475
6138,6.138000,90.757301,96.153893,90.000000,0.757304,9.954754,0.971579
6139,6.139000,90.819931,95.999954,90.000000,0.819930,14.534971,0.968540
6140,6.140000,90.882919,95.845711,90.000000,0.882918,18.878588,0.965363
6141,6.141000,90.946205,95.691406,90.000000,0.946207,22.834415,0.962056
6142,6.142000,91.009697,95.537277,90.000000,1.009700,26.259592,0.958626
6143,6.143000,91.073326,95.383644,90.000000,1.073330,29.239046,0.955081
6144,6.144000,91.137009,95.230812,90.000000,1.137015,31.846088,0.951430
6145,6.145000,91.200668,95.079155,90.000000,1.200672,34.147686,0.947683
6146,6.146000,91.264229,94.928970,90.000000,1.264234,36.200546,0.943848
6147,6.147000,91.327606,94.780571,90.000000,1.327611,38.244415,0.939937
6148,6.148000,91.390724,94.634216,90.000000,1.390729,40.131218,0.935959
6149,6.149000,91.453514,94.490150,90.000000,1.453519,41.908707,0.931926
6150,6.150000,91.515900,94.348549,90.000000,1.515899,43.378834,0.927848
6151,6.151000,91.577789,94.209579,90.000000,1.577794,44.381897,0.923737
6152,6.152000,91.639130,94.073395,90.000000,1.639129,45.185093,0.919604
6153,6.153000,91.699837,93.940102,90.000000,1.699843,45.755253,0.915461
6154,6.154000,91.759857,93.809837,90.000000,1.759860,46.065750,0.911319
6155,6.155000,91.819099,93.682709,90.000000,1.819105,46.101551,0.907189
6156,6.156000,91.877518,93.558815,90.000000,1.877516,45.906815,0.903083
6157,6.157000,91.935020,93.438248,90.000000,1.935027,45.561607,0.899013
6158,6.158000,91.991570,93.321068,90.000000,1.991574,45.107758,0.894989
6159,6.159000,92.047089,93.207321,90.000000,2.047090,44.570358,0.891023
6160,6.160000,92.101509,93.097008,90.000000,2.101512,43.943111,0.887125
6161,6.161000,92.154785,92.990166,90.000000,2.154788,43.260902,0.883305
6162,6.162000,92.206856,92.886757,90.000000,2.206855,42.581963,0.879575
6163,6.163000,92.257652,92.786766,90.000000,2.257658,41.947247,0.875944
6164,6.164000,92.307137,92.690155,90.000000,2.307135,41.407608,0.872422
6165,6.165000,92.355247,92.596870,90.000000,2.355247,40.928093,0.869017
6166,6.166000,92.401932,92.506866,90.000000,2.401932,40.497803,0.865740
6167,6.167000,92.447136,92.420090,90.000000,2.447140,40.242157,0.862598
6168,6.168000,92.490822,92.336479,90.000000,2.490826,40.172966,0.859600
6169,6.169000,92.532936,92.255959,90.000000,2.532941,40.247025,0.856754
6170,6.170000,92.573448,92.178505,90.000000,2.573451,40.427319,0.854066
6171,6.171000,92.612297,92.104050,90.000000,2.612301,40.730415,0.851544
6172,6.172000,92.649445,92.032562,90.000000,2.649451,41.101456,0.849195
6173,6.173000,92.684860,91.963989,90.000000,2.684865,41.547096,0.847023
6174,6.174000,92.718506,91.898315,90.000000,2.718511,42.131351,0.845036
6175,6.175000,92.750336,91.835526,90.000000,2.750340,42.742722,0.843238
6176,6.176000,92.780327,91.775612,90.000000,2.780331,43.399666,0.841634
6177,6.177000,92.808434,91.718590,90.000000,2.808437,44.126572,0.840228
6178,6.178000,92.834633,91.664467,90.000000,2.834638,44.899963,0.839024
6179,6.179000,92.858902,91.613258,90.000000,2.858905,45.765274,0.838026
6180,6.180000,92.881203,91.565002,90.000000,2.881206,46.731182,0.837235
6181,6.181000,92.901512,91.519714,90.000000,2.901512,47.818451,0.836654
6182,6.182000,92.919800,91.477432,90.000000,2.919803,49.034782,0.836286
6183,6.183000,92.936066,91.438202,90.000000,2.936066,50.429321,0.836132
6184,6.184000,92.950264,91.402061,90.000000,2.950266,52.005135,0.836192
6185,6.185000,92.962387,91.369049,90.000000,2.962389,53.711006,0.836466
6186,6.186000,92.972427,91.339211,90.000000,2.972430,55.513344,0.836956
6187,6.187000,92.980347,91.312614,90.000000,2.980353,57.616951,0.837659
6188,6.188000,92.986160,91.289322,90.000000,2.986165,60.147415,0.838576
6189,6.189000,92.989845,91.269402,90.000000,2.989847,63.167061,0.839703
6190,6.190000,92.991394,91.252937,90.000000,2.991397,66.683983,0.841039
6191,6.191000,92.990791,91.240036,90.000000,2.990796,70.514252,0.842582
6192,6.192000,92.988045,91.230789,90.000000,2.988050,74.332664,0.844327
6193,6.193000,92.983154,91.225327,90.000000,2.983153,77.571472,0.846271
6194,6.194000,92.976097,91.223763,90.000000,2.976098,80.140549,0.848409
6195,6.195000,92.966904,91.226273,90.000000,2.966904,82.084717,0.850736
6196,6.196000,92.955559,91.233032,90.000000,2.955559,83.285713,0.853247
6197,6.197000,92.942078,91.244278,90.000000,2.942076,83.780815,0.855934
6198,6.198000,92.926468,91.260269,90.000000,2.926470,83.738022,0.858793
6199,6.199000,92.908737,91.281258,90.000000,2.908738,83.289375,0.861814
6200,6.200000,92.888908,91.307457,90.000000,2.888910,82.641312,0.864990
6201,6.201000,92.866982,91.339043,90.000000,2.866985,81.889153,0.868312
6202,6.202000,92.843002,91.376129,90.000000,2.843005,81.061523,0.871772
6203,6.203000,92.816963,91.418785,90.000000,2.816968,80.105476,0.875360
6204,6.204000,92.788918,91.467018,90.000000,2.788916,78.940720,0.879066
6205,6.205000,92.758865,91.520805,90.000000,2.758870,77.712090,0.882880
6206,6.206000,92.726860,91.580093,90.000000,2.726864,76.383896,0.886790
6207,6.207000,92.692932,91.644798,90.000000,2.692932,74.926620,0.890785
6208,6.208000,92.657097,91.714844,90.000000,2.657100,73.352844,0.894855
6209,6.209000,92.619415,91.790146,90.000000,2.619418,71.720062,0.898986
6210,6.210000,92.579918,91.870628,90.000000,2.579919,69.983658,0.903168
6211,6.211000,92.538651,91.956184,90.000000,2.538651,68.089203,0.907387
6212,6.212000,92.495651,92.046715,90.000000,2.495655,66.321030,0.911631
6213,6.213000,92.450989,92.142113,90.000000,2.450993,64.435364,0.915888
6214,6.214000,92.404694,92.242264,90.000000,2.404698,62.332401,0.920144
6215,6.215000,92.356834,92.347046,90.000000,2.356839,60.142239,0.924388
6216,6.216000,92.307457,92.456329,90.000000,2.307456,57.805267,0.928606
6217,6.217000,92.256615,92.569992,90.000000,2.256619,55.333588,0.932786
6218,6.218000,92.204376,92.687881,90.000000,2.204382,52.980503,0.936916
6219,6.219000,92.150810,92.809868,90.000000,2.150813,50.590195,0.940985
6220,6.220000,92.095963,92.935814,90.000000,2.095966,48.209267,0.944979
6221,6.221000,92.039909,93.065575,90.000000,2.039911,45.853378,0.948888
6222,6.222000,91.982719,93.198975,90.000000,1.982722,43.535355,0.952702
6223,6.223000,91.924461,93.335861,90.000000,1.924460,41.260277,0.956410
6224,6.224000,91.865189,93.476044,90.000000,1.865195,39.005184,0.960001
6225,6.225000,91.805008,93.619362,90.000000,1.805007,36.779087,0.963468
6226,6.226000,91.743965,93.765640,90.000000,1.743966,34.570248,0.966801
6227,6.227000,91.682144,93.914703,90.000000,1.682146,32.346725,0.969993
6228,6.228000,91.619629,94.066391,90.000000,1.619629,29.979603,0.973037
6229,6.229000,91.556480,94.220535,90.000000,1.556484,26.970753,0.975927
6230,6.230000,91.492798,94.376984,90.000000,1.492799,23.357006,0.978658
6231,6.231000,91.428650,94.535576,90.000000,1.428650,19.066170,0.981224
6232,6.232000,91.364113,94.696152,90.000000,1.364112,13.982987,0.983624
6233,6.233000,91.299278,94.858566,90.000000,1.299279,8.555171,0.985854
6234,6.234000,91.234222,95.022659,90.000000,1.234222,2.924874,0.987912
6235,6.235000,91.169029,95.188278,90.000000,1.169035,-2.336496,0.989799
6236,6.236000,91.103790,95.355217,90.000000,1.103793,-7.118775,0.991513
6237,6.237000,91.038589,95.523232,90.000000,1.038592,-11.451299,0.993057
6238,6.238000,90.973495,95.692032,90.000000,0.973500,-15.362837,0.994433
6239,6.239000,90.908607,95.861259,90.000000,0.908613,-19.230947,0.995644
6240,6.240000,90.844009,96.030563,90.000000,0.844013,-23.148319,0.996693
6241,6.241000,90.779785,96.199524,90.000000,0.779789,-26.852230,0.997585
6242,6.242000,90.716019,96.367790,90.000000,0.716022,-30.391729,0.998325
6243,6.243000,90.652794,96.535004,90.000000,0.652795,-33.735943,0.998921
6244,6.244000,90.590195,96.700897,90.000000,0.590197,-36.911476,0.999378
6245,6.245000,90.528305,96.865189,90.000000,0.528308,-40.459812,0.999704
6246,6.246000,90.467209,97.027634,90.000000,0.467212,-44.167976,0.999907
6247,6.247000,90.406982,97.187988,90.000000,0.406984,-47.904282,0.999995
6248,6.248000,90.347710,97.346001,90.000000,0.347711,-51.944187,0.999977
6249,6.249000,90.289467,97.501450,90.000000,0.289470,-56.595680,0.999862
6250,6.250000,90.232338,97.654129,90.000000,0.232343,-61.104645,0.999660
6251,6.251000,90.176392,97.803810,90.000000,0.176396,-65.506264,0.999381
6252,6.252000,90.121712,97.950294,90.000000,0.121714,-69.743233,0.999034
6253,6.253000,90.068359,98.093330,90.000000,0.068363,-73.615791,0.998628
6254,6.254000,90.016418,98.232697,90.000000,0.016420,-77.147202,0.998174
6255,6.255000,89.965942,98.368111,90.000000,-0.034055,-80.347633,0.997682
6256,6.256000,89.917015,98.499290,90.000000,-0.082980,-83.017258,0.997160
6257,6.257000,89.869698,98.625923,90.000000,-0.130300,-85.081245,0.996619
6258,6.258000,89.824051,98.747726,90.000000,-0.175946,-86.684830,0.996067
6259,6.259000,89.780136,98.864418,90.000000,-0.219864,-87.949295,0.995513
6260,6.260000,89.738007,98.975754,90.000000,-0.261992,-88.843422,0.994965
6261,6.261000,89.697731,99.081497,90.000000,-0.302270,-89.535797,0.994431
6262,6.262000,89.659348,99.181450,90.000000,-0.340649,-90.093765,0.993919
6263,6.263000,89.622925,99.275452,90.000000,-0.377074,-90.579422,0.993435
6264,6.264000,89.588493,99.363388,90.000000,-0.411505,-90.922409,0.992986
6265,6.265000,89.556099,99.445168,90.000000,-0.443901,-91.273453,0.992577
6266,6.266000,89.525795,99.520729,90.000000,-0.474206,-91.705376,0.992214
6267,6.267000,89.497612,99.590042,90.000000,-0.502388,-92.034058,0.991900
6268,6.268000,89.471581,99.653076,90.000000,-0.528418,-92.296005,0.991641
6269,6.269000,89.447746,99.709839,90.000000,-0.552255,-92.468193,0.991437
6270,6.270000,89.426125,99.760315,90.000000,-0.573872,-92.474678,0.991293
6271,6.271000,89.406754,99.804504,90.000000,-0.593243,-92.355774,0.991210
6272,6.272000,89.389648,99.842400,90.000000,-0.610346,-92.073486,0.991187
6273,6.273000,89.374832,99.874016,90.000000,-0.625167,-91.667923,0.991227
6274,6.274000,89.362328,99.899323,90.000000,-0.637673,-91.096542,0.991328
6275,6.275000,89.352135,99.918343,90.000000,-0.647864,-90.389595,0.991488
6276,6.276000,89.344269,99.931068,90.000000,-0.655725,-89.526413,0.991707
6277,6.277000,89.338745,99.937523,90.000000,-0.661251,-88.549484,0.991980
6278,6.278000,89.335564,99.937721,90.000000,-0.664434,-87.506500,0.992306
6279,6.279000,89.334724,99.931717,90.000000,-0.665274,-86.375114,0.992680
6280,6.280000,89.336227,99.919556,90.000000,-0.663771,-85.115677,0.993097
6281,6.281000,89.340065,99.901283,90.000000,-0.659933,-83.823593,0.993552
6282,6.282000,89.346222,99.876976,90.000000,-0.653772,-82.603531,0.994039
6283,6.283000,89.354706,99.846703,90.000000,-0.645289,-81.393066,0.994553
6284,6.284000,89.365494,99.810562,90.000000,-0.634504,-80.155563,0.995085
6285,6.285000,89.378563,99.768631,90.000000,-0.621431,-78.949219,0.995630
6286,6.286000,89.393898,99.721001,90.000000,-0.606097,-77.490997,0.996178
6287,6.287000,89.411484,99.667786,90.000000,-0.588516,-75.651886,0.996722
6288,6.288000,89.431274,99.609093,90.000000,-0.568722,-74.050926,0.997254
6289,6.289000,89.453262,99.545006,90.000000,-0.546736,-72.243721,0.997764
6290,6.290000,89.477409,99.475639,90.000000,-0.522591,-70.266853,0.998245
6291,6.291000,89.503670,99.401093,90.000000,-0.496329,-68.006119,0.998686
6292,6.292000,89.532021,99.321442,90.000000,-0.467977,-65.688461,0.999078
6293,6.293000,89.562424,99.236824,90.000000,-0.437576,-63.294540,0.999413
6294,6.294000,89.594826,99.147354,90.000000,-0.405174,-60.649200,0.999681
6295,6.295000,89.629189,99.053169,90.000000,-0.370811,-57.716766,0.999873
6296,6.296000,89.665466,98.954399,90.000000,-0.334529,-55.305130,0.999980
6297,6.297000,89.703613,98.851196,90.000000,-0.296382,-52.938828,0.999993
6298,6.298000,89.743568,98.743729,90.000000,-0.256426,-50.503246,0.999904
6299,6.299000,89.785294,98.632156,90.000000,-0.214707,-48.100849,0.999704
6300,6.300000,89.828712,98.516663,90.000000,-0.171287,-45.629356,0.999386
6301,6.301000,89.873779,98.397438,90.000000,-0.126215,-43.018051,0.998941
6302,6.302000,89.920441,98.274681,90.000000,-0.079558,-40.239052,0.998365
6303,6.303000,89.968620,98.148598,90.000000,-0.031378,-37.375763,0.997649
6304,6.304000,90.018265,98.019333,90.000000,0.018264,-34.422718,0.996789
6305,6.305000,90.069305,97.887085,90.000000,0.069306,-31.448605,0.995779
6306,6.306000,90.121674,97.751999,90.000000,0.121673,-28.538237,0.994615
6307,6.307000,90.175301,97.614273,90.000000,0.175304,-25.909538,0.993293
6308,6.308000,90.230125,97.474075,90.000000,0.230130,-23.158646,0.991812
6309,6.309000,90.286072,97.331589,90.000000,0.286076,-20.399683,0.990167
6310,6.310000,90.343063,97.187035,90.000000,0.343067,-17.417912,0.988360
6311,6.311000,90.401039,97.040611,90.000000,0.401041,-14.371216,0.986388
6312,6.312000,90.459908,96.892517,90.000000,0.459911,-11.184121,0.984253
6313,6.313000,90.519608,96.742973,90.000000,0.519607,-7.727256,0.981956
6314,6.314000,90.580048,96.592155,90.000000,0.580054,-3.802287,0.979500
6315,6.315000,90.641174,96.440254,90.000000,0.641177,0.631083,0.976886
6316,6.316000,90.702888,96.287445,90.000000,0.702895,5.537873,0.974120
6317,6.317000,90.765129,96.133942,90.000000,0.765131,10.586662,0.971206
6318,6.318000,90.827805,95.979958,90.000000,0.827805,15.099621,0.968149
6319,6.319000,90.890839,95.825699,90.000000,0.890841,19.409605,0.964955
6320,6.320000,90.954155,95.671394,90.000000,0.954157,23.291485,0.961632
6321,6.321000,91.017670,95.517326,90.000000,1.017671,26.657667,0.958187
6322,6.322000,91.081314,95.363777,90.000000,1.081315,29.584885,0.954629
6323,6.323000,91.145004,95.211082,90.000000,1.145006,32.150108,0.950965
6324,6.324000,91.208656,95.059593,90.000000,1.208657,34.413742,0.947207
6325,6.325000,91.272194,94.909630,90.000000,1.272198,36.457497,0.943362
6326,6.326000,91.335548,94.761482,90.000000,1.335548,38.505135,0.939442
6327,6.327000,91.398628,94.615417,90.000000,1.398631,40.361412,0.935457
6328,6.328000,91.461365,94.471649,90.000000,1.461367,42.138016,0.931417
6329,6.329000,91.523689,94.330376,90.000000,1.523692,43.515694,0.927335
6330,6.330000,91.585518,94.191757,90.000000,1.585519,44.495605,0.923221
6331,6.331000,91.646782,94.055939,90.000000,1.646786,45.278275,0.919086
6332,6.332000,91.707405,93.923035,90.000000,1.707411,45.808945,0.914942
6333,6.333000,91.767326,93.793167,90.000000,1.767332,46.090801,0.910801
6334,6.334000,91.826469,93.666443,90.000000,1.826474,46.088963,0.906674
6335,6.335000,91.884773,93.542976,90.000000,1.884777,45.870632,0.902572
6336,6.336000,91.942169,93.422836,90.000000,1.942171,45.510170,0.898507
6337,6.337000,91.998589,93.306099,90.000000,1.998588,45.049294,0.894491
6338,6.338000,92.053963,93.192787,90.000000,2.053967,44.497749,0.890532
6339,6.339000,92.108246,93.082924,90.000000,2.108247,43.858273,0.886644
6340,6.340000,92.161369,92.976524,90.000000,2.161372,43.173801,0.882836
6341,6.341000,92.213280,92.873558,90.000000,2.213282,42.500618,0.879118
6342,6.342000,92.263908,92.774002,90.000000,2.263914,41.872917,0.875500
6343,6.343000,92.313217,92.677818,90.000000,2.313221,41.345596,0.871993
6344,6.344000,92.361145,92.584961,90.000000,2.361148,40.860664,0.868604
6345,6.345000,92.407646,92.495377,90.000000,2.407648,40.452080,0.865344
6346,6.346000,92.452667,92.409012,90.000000,2.452666,40.220619,0.862220
6347,6.347000,92.496155,92.325798,90.000000,2.496154,40.173145,0.859241
6348,6.348000,92.538071,92.245689,90.000000,2.538071,40.263680,0.856415
6349,6.349000,92.578369,92.168625,90.000000,2.578369,40.460655,0.853748
6350,6.350000,92.616997,92.094551,90.000000,2.617001,40.774811,0.851248
6351,6.351000,92.653938,92.023438,90.000000,2.653938,41.149513,0.848921
6352,6.352000,92.689125,91.955238,90.000000,2.689127,41.616730,0.846773
6353,6.353000,92.722542,91.889946,90.000000,2.722541,42.207115,0.844810
6354,6.354000,92.754135,91.827522,90.000000,2.754137,42.819767,0.843036
6355,6.355000,92.783882,91.767982,90.000000,2.783883,43.486275,0.841457
6356,6.356000,92.811752,91.711334,90.000000,2.811757,44.218559,0.840077
6357,6.357000,92.837708,91.657585,90.000000,2.837711,44.999592,0.838899
6358,6.358000,92.861725,91.606758,90.000000,2.861726,45.879707,0.837927
6359,6.359000,92.883766,91.558868,90.000000,2.883767,46.858730,0.837163
6360,6.360000,92.903816,91.513969,90.000000,2.903821,47.968193,0.836610
6361,6.361000,92.921860,91.472084,90.000000,2.921859,49.195553,0.836269
6362,6.362000,92.937843,91.433243,90.000000,2.937849,50.622280,0.836142
6363,6.363000,92.951790,91.397499,90.000000,2.951789,52.210655,0.836229
6364,6.364000,92.963646,91.364891,90.000000,2.963646,53.927834,0.836531
6365,6.365000,92.973412,91.335472,90.000000,2.973413,55.756474,0.837048
6366,6.366000,92.981071,91.309296,90.000000,2.981077,57.927452,0.837779
6367,6.367000,92.986610,91.286430,90.000000,2.986616,60.495564,0.838722
6368,6.368000,92.990021,91.266953,90.000000,2.990024,63.605991,0.839877
6369,6.369000,92.991295,91.250938,90.000000,2.991295,67.170135,0.841239
6370,6.370000,92.990417,91.238495,90.000000,2.990421,71.026245,0.842808
6371,6.371000,92.987396,91.229729,90.000000,2.987402,74.774643,0.844579
6372,6.372000,92.982224,91.224754,90.000000,2.982224,77.940208,0.846547
6373,6.373000,92.974899,91.223701,90.000000,2.974902,80.421295,0.848710
6374,6.374000,92.965424,91.226730,90.000000,2.965429,82.273926,0.851061
6375,6.375000,92.953812,91.234062,90.000000,2.953811,83.384094,0.853594
6376,6.376000,92.940056,91.245903,90.000000,2.940055,83.805222,0.856304
6377,6.377000,92.924171,91.262527,90.000000,2.924175,83.703094,0.859184
6378,6.378000,92.906174,91.284164,90.000000,2.906177,83.222107,0.862225
6379,6.379000,92.886070,91.311043,90.000000,2.886076,82.557350,0.865420
6380,6.380000,92.863892,91.343323,90.000000,2.863891,81.793083,0.868761
6381,6.381000,92.839645,91.381126,90.000000,2.839644,80.953110,0.872237
6382,6.382000,92.813347,91.424492,90.000000,2.813348,79.969879,0.875841
6383,6.383000,92.785042,91.473450,90.000000,2.785044,78.776894,0.879561
6384,6.384000,92.754745,91.527939,90.000000,2.754745,77.539963,0.883387
6385,6.385000,92.722481,91.587921,90.000000,2.722486,76.203201,0.887309
6386,6.386000,92.688309,91.653320,90.000000,2.688308,74.726257,0.891314
6387,6.387000,92.652237,91.724045,90.000000,2.652237,73.146317,0.895392
6388,6.388000,92.614319,91.800018,90.000000,2.614323,71.508751,0.899531
6389,6.389000,92.574593,91.881157,90.000000,2.574592,69.751740,0.903717
6390,6.390000,92.533104,91.967361,90.000000,2.533105,67.841644,0.907940
6391,6.391000,92.489891,92.058517,90.000000,2.489891,66.095291,0.912186
6392,6.392000,92.445015,92.154533,90.000000,2.445016,64.185455,0.916443
6393,6.393000,92.398514,92.255287,90.000000,2.398516,62.055565,0.920699
6394,6.394000,92.350456,92.360649,90.000000,2.350459,59.854996,0.924939
6395,6.395000,92.300888,92.470505,90.000000,2.300893,57.496170,0.929153
6396,6.396000,92.249870,92.584709,90.000000,2.249871,55.009960,0.933327
6397,6.397000,92.197456,92.703133,90.000000,2.197456,52.675529,0.937450
6398,6.398000,92.143723,92.825638,90.000000,2.143723,50.286537,0.941509
6399,6.399000,92.088715,92.952087,90.000000,2.088720,47.908375,0.945493
6400,6.400000,92.032509,93.082321,90.000000,2.032514,45.554024,0.949391
6401,6.401000,91.975182,93.216179,90.000000,1.975181,43.243423,0.953191
6402,6.402000,91.916786,93.353500,90.000000,1.916790,40.973679,0.956884
6403,6.403000,91.857399,93.494087,90.000000,1.857401,38.720142,0.960460
6404,6.404000,91.797104,93.637794,90.000000,1.797105,36.497482,0.963909
6405,6.405000,91.735954,93.784431,90.000000,1.735954,34.287075,0.967224
6406,6.406000,91.674042,93.933853,90.000000,1.674045,32.067272,0.970398
6407,6.407000,91.611435,94.085861,90.000000,1.611440,29.603304,0.973422
6408,6.408000,91.548225,94.240318,90.000000,1.548226,26.538494,0.976291
6409,6.409000,91.484474,94.397041,90.000000,1.484473,22.833059,0.979001
6410,6.410000,91.420265,94.555901,90.000000,1.420269,18.425049,0.981546
6411,6.411000,91.355690,94.716721,90.000000,1.355690,13.285326,0.983924
6412,6.412000,91.290825,94.879356,90.000000,1.290824,7.832072,0.986131
6413,6.413000,91.225746,95.043663,90.000000,1.225746,2.197609,0.988167
6414,6.414000,91.160545,95.209457,90.000000,1.160552,-2.971915,0.990031
6415,6.415000,91.095306,95.376541,90.000000,1.095310,-7.688884,0.991724
6416,6.416000,91.030106,95.544678,90.000000,1.030109,-11.951689,0.993246
6417,6.417000,90.965042,95.713547,90.000000,0.965044,-15.856216,0.994600
6418,6.418000,90.900192,95.882812,90.000000,0.900192,-19.725613,0.995789
6419,6.419000,90.835632,96.052078,90.000000,0.835633,-23.637291,0.996818
6420,6.420000,90.771461,96.220970,90.000000,0.771463,-27.305035,0.997690
6421,6.421000,90.707764,96.389107,90.000000,0.707765,-30.839237,0.998411
6422,6.422000,90.644608,96.556168,90.000000,0.644613,-34.131989,0.998988
6423,6.423000,90.582100,96.721863,90.000000,0.582103,-37.358177,0.999428
6424,6.424000,90.520309,96.885918,90.000000,0.520310,-40.917694,0.999737
6425,6.425000,90.459312,97.048111,90.000000,0.459317,-44.636051,0.999924
6426,6.426000,90.399208,97.208168,90.000000,0.399211,-48.364887,0.999998
6427,6.427000,90.340057,97.365868,90.000000,0.340061,-52.514561,0.999967
6428,6.428000,90.281960,97.520973,90.000000,0.281964,-57.178196,0.999841
6429,6.429000,90.224976,97.673264,90.000000,0.224980,-61.674889,0.999628
6430,6.430000,90.169189,97.822548,90.000000,0.169191,-66.060242,0.999339
6431,6.431000,90.114670,97.968605,90.000000,0.114672,-70.259476,0.998984
6432,6.432000,90.061493,98.111191,90.000000,0.061499,-74.077217,0.998571
6433,6.433000,90.009735,98.250053,90.000000,0.009740,-77.564384,0.998112
6434,6.434000,89.959457,98.384949,90.000000,-0.040537,-80.720108,0.997615
6435,6.435000,89.910736,98.515556,90.000000,-0.089264,-83.314056,0.997090
6436,6.436000,89.863625,98.641594,90.000000,-0.136372,-85.308548,0.996547
6437,6.437000,89.818199,98.762756,90.000000,-0.181799,-86.867004,0.995993
6438,6.438000,89.774506,98.878769,90.000000,-0.225492,-88.088135,0.995440
6439,6.439000,89.732613,98.989403,90.000000,-0.267381,-88.941208,0.994893
6440,6.440000,89.692581,99.094414,90.000000,-0.307420,-89.611717,0.994361
6441,6.441000,89.654442,99.193619,90.000000,-0.345553,-90.161270,0.993852
6442,6.442000,89.618263,99.286858,90.000000,-0.381732,-90.626198,0.993372
6443,6.443000,89.584091,99.374001,90.000000,-0.415904,-90.969604,0.992928
6444,6.444000,89.551964,99.454987,90.000000,-0.448033,-91.340363,0.992525
6445,6.445000,89.521935,99.529747,90.000000,-0.478065,-91.756615,0.992167
6446,6.446000,89.494019,99.598267,90.000000,-0.505980,-92.080536,0.991861
6447,6.447000,89.468277,99.660500,90.000000,-0.531723,-92.330902,0.991608
6448,6.448000,89.444717,99.716454,90.000000,-0.555281,-92.482971,0.991412
6449,6.449000,89.423386,99.766129,90.000000,-0.576611,-92.479172,0.991275
6450,6.450000,89.404297,99.809517,90.000000,-0.595702,-92.341125,0.991199
6451,6.451000,89.387489,99.846611,90.000000,-0.612511,-92.033325,0.991185
6452,6.452000,89.372963,99.877403,90.000000,-0.627032,-91.598160,0.991233
6453,6.453000,89.360748,99.901917,90.000000,-0.639251,-91.007248,0.991341
6454,6.454000,89.350853,99.920113,90.000000,-0.649141,-90.283516,0.991509
6455,6.455000,89.343292,99.932045,90.000000,-0.656702,-89.396683,0.991735
6456,6.456000,89.338074,99.937691,90.000000,-0.661927,-88.414948,0.992016
6457,6.457000,89.335182,99.937096,90.000000,-0.664816,-87.362968,0.992348
6458,6.458000,89.334641,99.930290,90.000000,-0.665356,-86.216125,0.992727
6459,6.459000,89.336441,99.917343,90.000000,-0.663553,-84.939262,0.993150
6460,6.460000,89.340576,99.898293,90.000000,-0.659421,-83.665314,0.993609
6461,6.461000,89.347038,99.873215,90.000000,-0.652959,-82.456757,0.994101
6462,6.462000,89.355812,99.842186,90.000000,-0.644182,-81.238503,0.994617
6463,6.463000,89.366890,99.805290,90.000000,-0.633104,-80.002655,0.995152
6464,6.464000,89.380257,99.762619,90.000000,-0.619744,-78.795479,0.995697
6465,6.465000,89.395882,99.714272,90.000000,-0.604117,-77.279671,0.996245
6466,6.466000,89.413742,99.660347,90.000000,-0.586256,-75.415329,0.996789
6467,6.467000,89.433823,99.600952,90.000000,-0.566175,-73.834152,0.997318
6468,6.468000,89.456085,99.536194,90.000000,-0.543915,-71.991119,0.997826
6469,6.469000,89.480499,99.466156,90.000000,-0.519497,-69.995880,0.998302
6470,6.470000,89.507027,99.390938,90.000000,-0.492969,-67.706215,0.998737
6471,6.471000,89.535645,99.310654,90.000000,-0.464350,-65.379913,0.999123
6472,6.472000,89.566299,99.225403,90.000000,-0.433697,-62.967587,0.999451
6473,6.473000,89.598961,99.135323,90.000000,-0.401035,-60.270142,0.999710
6474,6.474000,89.633568,99.040535,90.000000,-0.366426,-57.370491,0.999892
6475,6.475000,89.670090,98.941193,90.000000,-0.329905,-54.999748,0.999987
6476,6.476000,89.708473,98.837433,90.000000,-0.291526,-52.625351,0.999988
6477,6.477000,89.748657,98.729424,90.000000,-0.251344,-50.183121,0.999885
6478,6.478000,89.790596,98.617340,90.000000,-0.209400,-47.783989,0.999671
6479,6.479000,89.834229,98.501358,90.000000,-0.165769,-45.305706,0.999337
6480,6.480000,89.879509,98.381668,90.000000,-0.120491,-42.671112,0.998877
6481,6.481000,89.926361,98.258484,90.000000,-0.073636,-39.867867,0.998283
6482,6.482000,89.974724,98.131981,90.000000,-0.025272,-36.998318,0.997549
6483,6.483000,90.024551,98.002327,90.000000,0.024555,-34.040787,0.996671
6484,6.484000,90.075768,97.869705,90.000000,0.075767,-31.059320,0.995642
6485,6.485000,90.128296,97.734283,90.000000,0.128298,-28.193504,0.994458
6486,6.486000,90.182083,97.596230,90.000000,0.182086,-25.569157,0.993117
6487,6.487000,90.237053,97.455727,90.000000,0.237055,-22.810276,0.991615
6488,6.488000,90.293137,97.312981,90.000000,0.293138,-20.037476,0.989950
6489,6.489000,90.350258,97.168175,90.000000,0.350259,-17.031429,0.988122
6490,6.490000,90.408348,97.021530,90.000000,0.408350,-13.974783,0.986130
6491,6.491000,90.467323,96.873245,90.000000,0.467328,-10.768844,0.983975
6492,6.492000,90.527122,96.723526,90.000000,0.527127,-7.264124,0.981658
6493,6.493000,90.587662,96.572556,90.000000,0.587663,-3.272806,0.979182
6494,6.494000,90.648857,96.420532,90.000000,0.648861,1.247672,0.976549
6495,6.495000,90.710648,96.267632,90.000000,0.710654,6.174337,0.973764
6496,6.496000,90.772942,96.114059,90.000000,0.772945,11.227285,0.970831
6497,6.497000,90.835663,95.960030,90.000000,0.835667,15.664331,0.967757
6498,6.498000,90.898743,95.805756,90.000000,0.898744,19.943727,0.964547
6499,6.499000,90.962082,95.651466,90.000000,0.962087,23.748512,0.961209
6500,6.500000,91.025627,95.497444,90.000000,1.025628,27.056973,0.957749
6501,6.501000,91.089279,95.343987,90.000000,1.089278,29.925493,0.954177
6502,6.502000,91.152962,95.191429,90.000000,1.152963,32.453880,0.950502
6503,6.503000,91.216599,95.040123,90.000000,1.216600,34.682980,0.946732
6504,6.504000,91.280121,94.890381,90.000000,1.280121,36.722992,0.942878
6505,6.505000,91.343437,94.742485,90.000000,1.343437,38.762566,0.938949
6506,6.506000,91.406479,94.596710,90.000000,1.406479,40.591618,0.934957
6507,6.507000,91.469162,94.453255,90.000000,1.469167,42.369011,0.930912
6508,6.508000,91.531425,94.312317,90.000000,1.531431,43.656540,0.926825
6509,6.509000,91.593185,94.174057,90.000000,1.593189,44.613098,0.922708
6510,6.510000,91.654373,94.038597,90.000000,1.654374,45.367897,0.918572
6511,6.511000,91.714912,93.906082,90.000000,1.714917,45.860752,0.914428
6512,6.512000,91.774734,93.776604,90.000000,1.774736,46.113293,0.910289
6513,6.513000,91.833771,93.650307,90.000000,1.833776,46.074310,0.906165
6514,6.514000,91.891960,93.527267,90.000000,1.891962,45.833496,0.902068
6515,6.515000,91.949234,93.407562,90.000000,1.949233,45.456306,0.898009
6516,6.516000,92.005516,93.291267,90.000000,2.005521,44.985046,0.893999
6517,6.517000,92.060760,93.178406,90.000000,2.060764,44.420334,0.890050
6518,6.518000,92.114899,93.068993,90.000000,2.114900,43.772881,0.886171
6519,6.519000,92.167862,92.963036,90.000000,2.167868,43.085003,0.882374
6520,6.520000,92.219612,92.860512,90.000000,2.219613,42.417908,0.878669
6521,6.521000,92.270081,92.761398,90.000000,2.270082,41.799110,0.875066
6522,6.522000,92.319214,92.665657,90.000000,2.319218,41.283485,0.871573
6523,6.523000,92.366959,92.573227,90.000000,2.366961,40.797409,0.868201
6524,6.524000,92.413269,92.484070,90.000000,2.413270,40.409130,0.864958
6525,6.525000,92.458092,92.398109,90.000000,2.458096,40.201656,0.861852
6526,6.526000,92.501381,92.315308,90.000000,2.501386,40.173431,0.858892
6527,6.527000,92.543091,92.235596,90.000000,2.543091,40.275242,0.856086
6528,6.528000,92.583176,92.158928,90.000000,2.583177,40.492592,0.853440
6529,6.529000,92.621597,92.085243,90.000000,2.621597,40.819592,0.850962
6530,6.530000,92.658310,92.014503,90.000000,2.658309,41.203766,0.848658
6531,6.531000,92.693268,91.946693,90.000000,2.693273,41.690220,0.846534
6532,6.532000,92.726448,91.881767,90.000000,2.726454,42.287643,0.844595
6533,6.533000,92.757812,91.819725,90.000000,2.757818,42.904499,0.842846
6534,6.534000,92.787331,91.760551,90.000000,2.787332,43.576809,0.841292
6535,6.535000,92.814949,91.704277,90.000000,2.814953,44.316719,0.839938
6536,6.536000,92.840660,91.650909,90.000000,2.840662,45.104279,0.838786
6537,6.537000,92.864418,91.600464,90.000000,2.864424,45.999481,0.837840
6538,6.538000,92.886215,91.552963,90.000000,2.886219,46.989231,0.837103
6539,6.539000,92.906013,91.508453,90.000000,2.906013,48.121857,0.836577
6540,6.540000,92.923782,91.466957,90.000000,2.923785,49.357121,0.836263
6541,6.541000,92.939522,91.428520,90.000000,2.939522,50.815258,0.836164
6542,6.542000,92.953194,91.393181,90.000000,2.953196,52.422657,0.836278
6543,6.543000,92.964783,91.360977,90.000000,2.964787,54.146336,0.836608
6544,6.544000,92.974289,91.331978,90.000000,2.974288,55.998222,0.837152
6545,6.545000,92.981667,91.306229,90.000000,2.981671,58.244110,0.837910
6546,6.546000,92.986938,91.283798,90.000000,2.986944,60.843159,0.838880
6547,6.547000,92.990074,91.264763,90.000000,2.990079,64.046936,0.840061
6548,6.548000,92.991074,91.249207,90.000000,2.991076,67.658249,0.841450
6549,6.549000,92.989929,91.237228,90.000000,2.989929,71.531021,0.843045
6550,6.550000,92.986626,91.228943,90.000000,2.986630,75.211441,0.844841
6551,6.551000,92.981186,91.224464,90.000000,2.981186,78.303436,0.846834
6552,6.552000,92.973579,91.223930,90.000000,2.973584,80.699791,0.849021
6553,6.553000,92.963837,91.227509,90.000000,2.963837,82.465866,0.851395
6554,6.554000,92.951950,91.235397,90.000000,2.951953,83.476105,0.853951
6555,6.555000,92.937920,91.247849,90.000000,2.937924,83.822739,0.856683
6556,6.556000,92.921768,91.265099,90.000000,2.921770,83.655319,0.859583
6557,6.557000,92.903503,91.287407,90.000000,2.903507,83.140869,0.862644
6558,6.558000,92.883133,91.314972,90.000000,2.883139,82.463120,0.865858
6559,6.559000,92.860695,91.347961,90.000000,2.860695,81.687943,0.869216
6560,6.560000,92.836182,91.386475,90.000000,2.836181,80.840927,0.872709
6561,6.561000,92.809631,91.430565,90.000000,2.809632,79.825546,0.876327
6562,6.562000,92.781067,91.480240,90.000000,2.781069,78.617081,0.880061
6563,6.563000,92.750519,91.535439,90.000000,2.750524,77.366974,0.883900
6564,6.564000,92.718018,91.596123,90.000000,2.718019,76.016754,0.887832
6565,6.565000,92.683601,91.662216,90.000000,2.683602,74.523575,0.891847
6566,6.566000,92.647293,91.733620,90.000000,2.647292,72.935593,0.895933
6567,6.567000,92.609146,91.810272,90.000000,2.609146,71.288086,0.900078
6568,6.568000,92.569191,91.892059,90.000000,2.569196,69.513206,0.904269
6569,6.569000,92.527481,91.978912,90.000000,2.527484,67.587471,0.908495
6570,6.570000,92.484062,92.070709,90.000000,2.484065,65.852509,0.912743
6571,6.571000,92.438972,92.167336,90.000000,2.438978,63.921555,0.917000
6572,6.572000,92.392281,92.268684,90.000000,2.392280,61.776939,0.921253
6573,6.573000,92.344032,92.374634,90.000000,2.344032,59.555878,0.925491
6574,6.574000,92.294273,92.485062,90.000000,2.294274,57.177681,0.929699
6575,6.575000,92.243073,92.599823,90.000000,2.243075,54.708084,0.933867
6576,6.576000,92.190491,92.718773,90.000000,2.190496,52.362946,0.937982
6577,6.577000,92.136597,92.841797,90.000000,2.136599,49.976303,0.942031
6578,6.578000,92.081436,92.968735,90.000000,2.081439,47.600697,0.946004
6579,6.579000,92.025093,93.099434,90.000000,2.025096,45.251896,0.949889
6580,6.580000,91.967628,93.233749,90.000000,1.967627,42.950775,0.953676
6581,6.581000,91.909103,93.371498,90.000000,1.909106,40.684456,0.957354
6582,6.582000,91.849609,93.512497,90.000000,1.849608,38.435432,0.960913
6583,6.583000,91.789192,93.656586,90.000000,1.789195,36.213600,0.964346
6584,6.584000,91.727951,93.803596,90.000000,1.727956,33.995525,0.967643
6585,6.585000,91.665947,93.953346,90.000000,1.665951,31.785873,0.970797
6586,6.586000,91.603271,94.105682,90.000000,1.603271,29.223337,0.973801
6587,6.587000,91.539986,94.260429,90.000000,1.539989,26.092590,0.976650
6588,6.588000,91.476181,94.417442,90.000000,1.476181,22.303612,0.979338
6589,6.589000,91.411926,94.576553,90.000000,1.411930,17.774990,0.981862
6590,6.590000,91.347313,94.737617,90.000000,1.347316,12.592312,0.984217
6591,6.591000,91.282417,94.900475,90.000000,1.282423,7.102784,0.986403
6592,6.592000,91.217339,95.064972,90.000000,1.217338,1.486956,0.988416
6593,6.593000,91.152130,95.230942,90.000000,1.152130,-3.620782,0.990258
6594,6.594000,91.086891,95.398186,90.000000,1.086895,-8.268230,0.991929
6595,6.595000,91.021721,95.566422,90.000000,1.021721,-12.461956,0.993429
6596,6.596000,90.956673,95.735359,90.000000,0.956677,-16.363586,0.994762
6597,6.597000,90.891861,95.904633,90.000000,0.891866,-20.234907,0.995930
6598,6.598000,90.827362,96.073875,90.000000,0.827361,-24.123369,0.996938
6599,6.599000,90.763252,96.242676,90.000000,0.763253,-27.757986,0.997790
6600,6.600000,90.699623,96.410683,90.000000,0.699623,-31.285004,0.998493
6601,6.601000,90.636551,96.577576,90.000000,0.636553,-34.529900,0.999052
6602,6.602000,90.574135,96.743065,90.000000,0.574139,-37.805077,0.999474
6603,6.603000,90.512444,96.906898,90.000000,0.512449,-41.377407,0.999767
6604,6.604000,90.451569,97.068810,90.000000,0.451571,-45.107750,0.999940
6605,6.605000,90.391594,97.228569,90.000000,0.391595,-48.825596,1.000000
6606,6.606000,90.332581,97.385941,90.000000,0.332582,-53.102673,0.999956
6607,6.607000,90.274628,97.540680,90.000000,0.274628,-57.757927,0.999818
6608,6.608000,90.217796,97.692596,90.000000,0.217801,-62.243111,0.999596
6609,6.609000,90.162170,97.841469,90.000000,0.162176,-66.615440,0.999298
6610,6.610000,90.107834,97.987076,90.000000,0.107835,-70.776001,0.998935
6611,6.611000,90.054840,98.129196,90.000000,0.054840,-74.540543,0.998516
6612,6.612000,90.003273,98.267555,90.000000,0.003278,-77.988701,0.998051
6613,6.613000,89.953194,98.401917,90.000000,-0.046800,-81.087250,0.997550
6614,6.614000,89.904686,98.531952,90.000000,-0.095315,-83.607086,0.997023
6615,6.615000,89.857796,98.657364,90.000000,-0.142205,-85.530594,0.996478
6616,6.616000,89.812592,98.777885,90.000000,-0.187407,-87.041672,0.995925
6617,6.617000,89.769127,98.893219,90.000000,-0.230867,-88.217415,0.995372
6618,6.618000,89.727478,99.003128,90.000000,-0.272518,-89.037025,0.994827
6619,6.619000,89.687691,99.107407,90.000000,-0.312310,-89.684250,0.994298
6620,6.620000,89.649811,99.205841,90.000000,-0.350184,-90.231697,0.993792
6621,6.621000,89.613892,99.298294,90.000000,-0.386104,-90.670181,0.993317
6622,6.622000,89.579987,99.384651,90.000000,-0.420009,-91.009995,0.992878
6623,6.623000,89.548134,99.464836,90.000000,-0.451865,-91.398300,0.992481
6624,6.624000,89.518372,99.538795,90.000000,-0.481624,-91.795090,0.992130
6625,6.625000,89.490746,99.606491,90.000000,-0.509252,-92.114777,0.991830
6626,6.626000,89.465286,99.667915,90.000000,-0.534715,-92.352448,0.991584
6627,6.627000,89.442009,99.723068,90.000000,-0.557985,-92.486252,0.991396
6628,6.628000,89.420975,99.771919,90.000000,-0.579022,-92.478264,0.991267
6629,6.629000,89.402184,99.814491,90.000000,-0.597812,-92.315933,0.991200
6630,6.630000,89.385674,99.850777,90.000000,-0.614328,-91.993263,0.991193
6631,6.631000,89.371452,99.880768,90.000000,-0.628548,-91.533524,0.991249
6632,6.632000,89.359535,99.904457,90.000000,-0.640460,-90.923065,0.991365
6633,6.633000,89.349945,99.921852,90.000000,-0.650050,-90.174164,0.991541
6634,6.634000,89.342690,99.932961,90.000000,-0.657310,-89.273422,0.991774
6635,6.635000,89.337761,99.937798,90.000000,-0.662235,-88.280952,0.992061
6636,6.636000,89.335190,99.936409,90.000000,-0.664810,-87.219360,0.992400
6637,6.637000,89.334946,99.928802,90.000000,-0.665049,-86.055786,0.992785
6638,6.638000,89.337051,99.915062,90.000000,-0.662945,-84.767929,0.993212
6639,6.639000,89.341492,99.895226,90.000000,-0.658505,-83.509666,0.993676
6640,6.640000,89.348251,99.869377,90.000000,-0.651743,-82.303345,0.994171
6641,6.641000,89.357330,99.837578,90.000000,-0.642666,-81.083969,0.994690
6642,6.642000,89.368713,99.799934,90.000000,-0.631287,-79.844589,0.995226
6643,6.643000,89.382362,99.756523,90.000000,-0.617633,-78.629761,0.995772
6644,6.644000,89.398277,99.707451,90.000000,-0.601719,-77.059929,0.996320
6645,6.645000,89.416435,99.652817,90.000000,-0.583565,-75.230736,0.996861
6646,6.646000,89.436790,99.592728,90.000000,-0.563204,-73.621811,0.997388
6647,6.647000,89.459335,99.527267,90.000000,-0.540664,-71.739983,0.997892
6648,6.648000,89.484024,99.456566,90.000000,-0.515973,-69.712799,0.998363
6649,6.649000,89.510834,99.380692,90.000000,-0.489164,-67.408257,0.998792
6650,6.650000,89.539711,99.299751,90.000000,-0.460286,-65.077332,0.999171
6651,6.651000,89.570633,99.213867,90.000000,-0.429366,-62.640835,0.999489
6652,6.652000,89.603546,99.123169,90.000000,-0.396451,-59.888935,0.999739
6653,6.653000,89.638405,99.027786,90.000000,-0.361590,-57.057663,0.999910
6654,6.654000,89.675171,98.927856,90.000000,-0.324830,-54.688133,0.999993
6655,6.655000,89.713776,98.823540,90.000000,-0.286219,-52.299370,0.999980
6656,6.656000,89.754196,98.714981,90.000000,-0.245805,-49.860870,0.999863
6657,6.657000,89.796356,98.602379,90.000000,-0.203642,-47.459301,0.999633
6658,6.658000,89.840202,98.485909,90.000000,-0.159792,-44.967781,0.999283
6659,6.659000,89.885689,98.365753,90.000000,-0.114310,-42.314423,0.998806
6660,6.660000,89.932739,98.242119,90.000000,-0.067257,-39.492977,0.998194
6661,6.661000,89.981293,98.115196,90.000000,-0.018701,-36.610115,0.997441
6662,6.662000,90.031303,97.985153,90.000000,0.031310,-33.655602,0.996543
6663,6.663000,90.082687,97.852150,90.000000,0.082693,-30.669231,0.995494
6664,6.664000,90.135384,97.716377,90.000000,0.135388,-27.847918,0.994290
6665,6.665000,90.189331,97.577988,90.000000,0.189333,-25.216270,0.992927
6666,6.666000,90.244446,97.437187,90.000000,0.244446,-22.453140,0.991404
6667,6.667000,90.300659,97.294151,90.000000,0.300665,-19.663322,0.989718
6668,6.668000,90.357910,97.149101,90.000000,0.357916,-16.639717,0.987868
6669,6.669000,90.416122,97.002235,90.000000,0.416122,-13.554791,0.985855
6670,6.670000,90.475204,96.853752,90.000000,0.475204,-10.325774,0.983679
6671,6.671000,90.535095,96.703865,90.000000,0.535097,-6.770697,0.981341
6672,6.672000,90.595718,96.552750,90.000000,0.595722,-2.725084,0.978843
6673,6.673000,90.656998,96.400604,90.000000,0.657003,1.879298,0.976191
6674,6.674000,90.718857,96.247604,90.000000,0.718857,6.816288,0.973386
6675,6.675000,90.781197,96.093964,90.000000,0.781203,11.847477,0.970435
6676,6.676000,90.843971,95.939888,90.000000,0.843972,16.240749,0.967342
6677,6.677000,90.907082,95.785599,90.000000,0.907083,20.480263,0.964115
6678,6.678000,90.970451,95.631332,90.000000,0.970454,24.211086,0.960761
6679,6.679000,91.034004,95.477364,90.000000,1.034009,27.456009,0.957286
6680,6.680000,91.097664,95.324013,90.000000,1.097666,30.270184,0.953701
6681,6.681000,91.161339,95.171600,90.000000,1.161344,32.766808,0.950012
6682,6.682000,91.224968,95.020477,90.000000,1.224967,34.956169,0.946231
6683,6.683000,91.288460,94.870964,90.000000,1.288460,36.993542,0.942367
6684,6.684000,91.351738,94.723335,90.000000,1.351742,39.020477,0.938429
6685,6.685000,91.414734,94.577843,90.000000,1.414737,40.826077,0.934430
6686,6.686000,91.477364,94.434715,90.000000,1.477370,42.604980,0.930379
6687,6.687000,91.539566,94.294113,90.000000,1.539566,43.799812,0.926288
6688,6.688000,91.601250,94.156219,90.000000,1.601249,44.730812,0.922168
6689,6.689000,91.662346,94.021141,90.000000,1.662352,45.453194,0.918031
6690,6.690000,91.722794,93.889015,90.000000,1.722799,45.908867,0.913888
6691,6.691000,91.782516,93.759956,90.000000,1.782515,46.129330,0.909750
6692,6.692000,91.841446,93.634071,90.000000,1.841446,46.057289,0.905629
6693,6.693000,91.899506,93.511475,90.000000,1.899510,45.792030,0.901537
6694,6.694000,91.956650,93.392227,90.000000,1.956651,45.394566,0.897484
6695,6.695000,92.012802,93.276375,90.000000,2.012802,44.915352,0.893482
6696,6.696000,92.067894,93.163963,90.000000,2.067894,44.334541,0.889542
6697,6.697000,92.121880,93.055016,90.000000,2.121880,43.680138,0.885674
6698,6.698000,92.174690,92.949516,90.000000,2.174691,42.991650,0.881889
6699,6.699000,92.226265,92.847450,90.000000,2.226266,42.330284,0.878196
6700,6.700000,92.276558,92.748787,90.000000,2.276556,41.718151,0.874607
6701,6.701000,92.325508,92.653488,90.000000,2.325509,41.216377,0.871130
6702,6.702000,92.373062,92.561493,90.000000,2.373067,40.731777,0.867775
6703,6.703000,92.419182,92.472755,90.000000,2.419185,40.368301,0.864549
6704,6.704000,92.463806,92.387222,90.000000,2.463806,40.189644,0.861463
6705,6.705000,92.506882,92.304832,90.000000,2.506884,40.180645,0.858523
6706,6.706000,92.548378,92.225525,90.000000,2.548378,40.295544,0.855738
6707,6.707000,92.588242,92.149254,90.000000,2.588245,40.528328,0.853114
6708,6.708000,92.626434,92.075958,90.000000,2.626440,40.864090,0.850659
6709,6.709000,92.662918,92.005615,90.000000,2.662920,41.254230,0.848378
6710,6.710000,92.697647,91.938179,90.000000,2.697651,41.761436,0.846278
6711,6.711000,92.730591,91.873634,90.000000,2.730593,42.364758,0.844364
6712,6.712000,92.761711,91.811974,90.000000,2.761712,42.989285,0.842641
6713,6.713000,92.790970,91.753181,90.000000,2.790972,43.673248,0.841113
6714,6.714000,92.818344,91.697296,90.000000,2.818348,44.420425,0.839785
6715,6.715000,92.843796,91.644302,90.000000,2.843797,45.217541,0.838661
6716,6.716000,92.867302,91.594246,90.000000,2.867306,46.124233,0.837742
6717,6.717000,92.888832,91.547134,90.000000,2.888835,47.125916,0.837033
6718,6.718000,92.908363,91.503021,90.000000,2.908363,48.279449,0.836534
6719,6.719000,92.925865,91.461922,90.000000,2.925869,49.528152,0.836249
6720,6.720000,92.941330,91.423897,90.000000,2.941332,51.015007,0.836177
6721,6.721000,92.954727,91.388962,90.000000,2.954733,52.642639,0.836320
6722,6.722000,92.966049,91.357185,90.000000,2.966050,54.374413,0.836678
6723,6.723000,92.975266,91.328606,90.000000,2.975271,56.257011,0.837250
6724,6.724000,92.982376,91.303284,90.000000,2.982381,58.570480,0.838036
6725,6.725000,92.987366,91.281303,90.000000,2.987367,61.206932,0.839034
6726,6.726000,92.990219,91.262718,90.000000,2.990222,64.507050,0.840243
6727,6.727000,92.990936,91.247627,90.000000,2.990940,68.161880,0.841659
6728,6.728000,92.989510,91.236130,90.000000,2.989512,72.045357,0.843280
6729,6.729000,92.985924,91.228340,90.000000,2.985926,75.655472,0.845102
6730,6.730000,92.980194,91.224365,90.000000,2.980196,78.663681,0.847121
6731,6.731000,92.972321,91.224365,90.000000,2.972321,80.971420,0.849333
6732,6.732000,92.962288,91.228493,90.000000,2.962287,82.643906,0.851731
6733,6.733000,92.950119,91.236969,90.000000,2.950122,83.558762,0.854311
6734,6.734000,92.935814,91.250023,90.000000,2.935813,83.830963,0.857065
6735,6.735000,92.919388,91.267929,90.000000,2.919387,83.603790,0.859986
6736,6.736000,92.900841,91.290909,90.000000,2.900843,83.056641,0.863067
6737,6.737000,92.880196,91.319183,90.000000,2.880202,82.363831,0.866300
6738,6.738000,92.857483,91.352898,90.000000,2.857485,81.576111,0.869677
6739,6.739000,92.832703,91.392143,90.000000,2.832705,80.720428,0.873186
6740,6.740000,92.805885,91.436958,90.000000,2.805889,79.673035,0.876820
6741,6.741000,92.777061,91.487358,90.000000,2.777066,78.455109,0.880568
6742,6.742000,92.746262,91.543289,90.000000,2.746262,77.190842,0.884420
6743,6.743000,92.713501,91.604698,90.000000,2.713504,75.825287,0.888363
6744,6.744000,92.678833,91.671478,90.000000,2.678834,74.311768,0.892388
6745,6.745000,92.642281,91.743584,90.000000,2.642286,72.716187,0.896482
6746,6.746000,92.603897,91.820915,90.000000,2.603900,71.056900,0.900633
6747,6.747000,92.563713,91.903381,90.000000,2.563718,69.260773,0.904830
6748,6.748000,92.521782,91.990883,90.000000,2.521781,67.368088,0.909059
6749,6.749000,92.478134,92.083313,90.000000,2.478136,65.603065,0.913308
6750,6.750000,92.432838,92.180573,90.000000,2.432838,63.647514,0.917565
6751,6.751000,92.385941,92.282532,90.000000,2.385942,61.490356,0.921817
6752,6.752000,92.337486,92.389076,90.000000,2.337489,59.249588,0.926051
6753,6.753000,92.287544,92.500069,90.000000,2.287546,56.854813,0.930254
6754,6.754000,92.236160,92.615395,90.000000,2.236163,54.399979,0.934416
6755,6.755000,92.183403,92.734886,90.000000,2.183406,52.041512,0.938522
6756,6.756000,92.129341,92.858421,90.000000,2.129345,49.656151,0.942562
6757,6.757000,92.074028,92.985863,90.000000,2.074028,47.284447,0.946523
6758,6.758000,92.017532,93.117050,90.000000,2.017535,44.941483,0.950396
6759,6.759000,91.959930,93.251823,90.000000,1.959929,42.652023,0.954168
6760,6.760000,91.901276,93.390007,90.000000,1.901279,40.388630,0.957831
6761,6.761000,91.841652,93.531425,90.000000,1.841658,38.141708,0.961374
6762,6.762000,91.781136,93.675903,90.000000,1.781136,35.925835,0.964789
6763,6.763000,91.719788,93.823280,90.000000,1.719794,33.698013,0.968067
6764,6.764000,91.657700,93.973373,90.000000,1.657701,31.499577,0.971202
6765,6.765000,91.594933,94.126022,90.000000,1.594938,28.839415,0.974186
6766,6.766000,91.531586,94.281075,90.000000,1.531588,25.639410,0.977013
6767,6.767000,91.467720,94.438370,90.000000,1.467719,21.765821,0.979680
6768,6.768000,91.403419,94.597748,90.000000,1.403419,17.113010,0.982181
6769,6.769000,91.338760,94.759048,90.000000,1.338765,11.889477,0.984515
6770,6.770000,91.273842,94.922127,90.000000,1.273844,6.358127,0.986677
6771,6.771000,91.208733,95.086830,90.000000,1.208739,0.795693,0.988668
6772,6.772000,91.143532,95.252983,90.000000,1.143531,-4.273805,0.990488
6773,6.773000,91.078300,95.420357,90.000000,1.078302,-8.853851,0.992135
6774,6.774000,91.013138,95.588707,90.000000,1.013142,-12.983721,0.993613
6775,6.775000,90.948128,95.757713,90.000000,0.948133,-16.877964,0.994924
6776,6.776000,90.883354,95.927002,90.000000,0.883355,-20.748796,0.996071
6777,6.777000,90.818901,96.096199,90.000000,0.818905,-24.618528,0.997058
6778,6.778000,90.754860,96.264923,90.000000,0.754859,-28.227535,0.997891
6779,6.779000,90.691299,96.432793,90.000000,0.691304,-31.743242,0.998574
6780,6.780000,90.628319,96.599510,90.000000,0.628323,-34.933922,0.999115
6781,6.781000,90.565994,96.764793,90.000000,0.565997,-38.263821,0.999520
6782,6.782000,90.504417,96.928383,90.000000,0.504416,-41.858398,0.999797
6783,6.783000,90.443649,97.090034,90.000000,0.443655,-45.596214,0.999954
6784,6.784000,90.383797,97.249481,90.000000,0.383802,-49.296452,1.000000
6785,6.785000,90.324928,97.406517,90.000000,0.324933,-53.712482,0.999943
6786,6.786000,90.267120,97.560890,90.000000,0.267122,-58.346504,0.999794
6787,6.787000,90.210449,97.712418,90.000000,0.210452,-62.813652,0.999561
6788,6.788000,90.154999,97.860870,90.000000,0.154997,-67.175598,0.999254
6789,6.789000,90.100830,98.006027,90.000000,0.100834,-71.291245,0.998883
6790,6.790000,90.048027,98.147659,90.000000,0.048030,-74.998901,0.998458
6791,6.791000,89.996658,98.285515,90.000000,-0.003340,-78.413239,0.997988
6792,6.792000,89.946793,98.419319,90.000000,-0.053207,-81.455559,0.997484
6793,6.793000,89.898491,98.548767,90.000000,-0.101510,-83.892700,0.996954
6794,6.794000,89.851814,98.673561,90.000000,-0.148181,-85.749901,0.996407
6795,6.795000,89.806847,98.793411,90.000000,-0.193151,-87.221268,0.995854
6796,6.796000,89.763626,98.908043,90.000000,-0.236372,-88.341133,0.995301
6797,6.797000,89.722221,99.017235,90.000000,-0.277777,-89.136246,0.994758
6798,6.798000,89.682686,99.120750,90.000000,-0.317310,-89.759155,0.994232
6799,6.799000,89.645065,99.218414,90.000000,-0.354931,-90.305862,0.993731
6800,6.800000,89.609413,99.310074,90.000000,-0.390584,-90.720383,0.993260
6801,6.801000,89.575783,99.395622,90.000000,-0.424216,-91.057243,0.992826
6802,6.802000,89.544205,99.474991,90.000000,-0.455792,-91.456787,0.992435
6803,6.803000,89.514725,99.548134,90.000000,-0.485271,-91.844620,0.992091
6804,6.804000,89.487389,99.615013,90.000000,-0.512613,-92.153854,0.991798
6805,6.805000,89.462212,99.675613,90.000000,-0.537789,-92.378464,0.991560
6806,6.806000,89.439240,99.729935,90.000000,-0.560758,-92.492653,0.991380
6807,6.807000,89.418495,99.777969,90.000000,-0.581502,-92.459511,0.991259
6808,6.808000,89.400017,99.819710,90.000000,-0.599984,-92.274536,0.991199
6809,6.809000,89.383797,99.855171,90.000000,-0.616199,-91.945953,0.991201
6810,6.810000,89.369888,99.884323,90.000000,-0.630112,-91.461769,0.991265
6811,6.811000,89.358284,99.907196,90.000000,-0.641717,-90.835976,0.991389
6812,6.812000,89.348999,99.923767,90.000000,-0.650999,-90.067032,0.991573
6813,6.813000,89.342049,99.934044,90.000000,-0.657945,-89.157974,0.991813
6814,6.814000,89.337440,99.938065,90.000000,-0.662556,-88.152710,0.992107
6815,6.815000,89.335175,99.935852,90.000000,-0.664823,-87.080292,0.992452
6816,6.816000,89.335258,99.927444,90.000000,-0.664741,-85.892357,0.992843
6817,6.817000,89.337669,99.912895,90.000000,-0.662330,-84.599976,0.993276
6818,6.818000,89.342415,99.892273,90.000000,-0.657583,-83.352036,0.993744
6819,6.819000,89.349487,99.865631,90.000000,-0.650507,-82.149223,0.994242
6820,6.820000,89.358871,99.833069,90.000000,-0.641123,-80.922958,0.994763
6821,6.821000,89.370552,99.794655,90.000000,-0.629443,-79.685959,0.995301
6822,6.822000,89.384506,99.750496,90.000000,-0.615489,-78.449646,0.995848
6823,6.823000,89.400726,99.700684,90.000000,-0.599274,-76.827202,0.996395
6824,6.824000,89.419174,99.645325,90.000000,-0.580826,-75.034317,0.996935
6825,6.825000,89.439827,99.584518,90.000000,-0.560171,-73.392654,0.997459
6826,6.826000,89.462662,99.518364,90.000000,-0.537338,-71.483246,0.997959
6827,6.827000,89.487633,99.446968,90.000000,-0.512367,-69.424179,0.998425
6828,6.828000,89.514717,99.370422,90.000000,-0.485278,-67.109543,0.998847
6829,6.829000,89.543869,99.288826,90.000000,-0.456127,-64.775169,0.999218
6830,6.830000,89.575058,99.202301,90.000000,-0.424940,-62.308285,0.999528
6831,6.831000,89.608231,99.110970,90.000000,-0.391766,-59.498924,0.999767
6832,6.832000,89.643349,99.014977,90.000000,-0.356652,-56.740707,0.999926
6833,6.833000,89.680359,98.914459,90.000000,-0.319639,-54.372932,0.999997
6834,6.834000,89.719215,98.809570,90.000000,-0.280782,-51.978287,0.999971
6835,6.835000,89.759865,98.700478,90.000000,-0.240129,-49.548431,0.999839
6836,6.836000,89.802254,98.587349,90.000000,-0.197741,-47.134140,0.999593
6837,6.837000,89.846329,98.470367,90.000000,-0.153666,-44.630180,0.999226
6838,6.838000,89.892029,98.349739,90.000000,-0.107972,-41.955269,0.998730
6839,6.839000,89.939278,98.225662,90.000000,-0.060720,-39.114372,0.998100
6840,6.840000,89.988037,98.098312,90.000000,-0.011960,-36.219051,0.997328
6841,6.841000,90.038231,97.967865,90.000000,0.038235,-33.262505,0.996409
6842,6.842000,90.089790,97.834480,90.000000,0.089796,-30.274399,0.995339
6843,6.843000,90.142662,97.698349,90.000000,0.142662,-27.505108,0.994114
6844,6.844000,90.196770,97.559631,90.000000,0.196771,-24.857557,0.992730
6845,6.845000,90.252029,97.418518,90.000000,0.252034,-22.089968,0.991185
6846,6.846000,90.308395,97.275208,90.000000,0.308397,-19.266655,0.989476
6847,6.847000,90.365776,97.129898,90.000000,0.365777,-16.241293,0.987604
6848,6.848000,90.424103,96.982803,90.000000,0.424107,-13.126936,0.985569
6849,6.849000,90.483299,96.834122,90.000000,0.483304,-9.868408,0.983370
6850,6.850000,90.543297,96.684052,90.000000,0.543301,-6.261977,0.981010
6851,6.851000,90.604012,96.532791,90.000000,0.604014,-2.161128,0.978492
6852,6.852000,90.665375,96.380516,90.000000,0.665376,2.524129,0.975818
6853,6.853000,90.727295,96.227417,90.000000,0.727299,7.497864,0.972993
6854,6.854000,90.789711,96.073700,90.000000,0.789713,12.426178,0.970022
6855,6.855000,90.852531,95.919586,90.000000,0.852530,16.829933,0.966911
6856,6.856000,90.915680,95.765282,90.000000,0.915682,21.018559,0.963666
6857,6.857000,90.979080,95.611038,90.000000,0.979080,24.676195,0.960295
6858,6.858000,91.042656,95.457130,90.000000,1.042656,27.859774,0.956805
6859,6.859000,91.106316,95.303879,90.000000,1.106320,30.622807,0.953204
6860,6.860000,91.169998,95.151611,90.000000,1.169998,33.082695,0.949503
6861,6.861000,91.233604,95.000687,90.000000,1.233607,35.231415,0.945709
6862,6.862000,91.297081,94.851402,90.000000,1.297080,37.268997,0.941834
6863,6.863000,91.360329,94.704041,90.000000,1.360328,39.268929,0.937888
6864,6.864000,91.423279,94.558846,90.000000,1.423282,41.061050,0.933880
6865,6.865000,91.485855,94.416046,90.000000,1.485860,42.843597,0.929823
6866,6.866000,91.547989,94.275795,90.000000,1.547994,43.944714,0.925727
6867,6.867000,91.609604,94.138268,90.000000,1.609609,44.851425,0.921604
6868,6.868000,91.670624,94.003571,90.000000,1.670623,45.543182,0.917465
6869,6.869000,91.730980,93.871849,90.000000,1.730982,45.966637,0.913321
6870,6.870000,91.790604,93.743202,90.000000,1.790602,46.144081,0.909184
6871,6.871000,91.849411,93.617744,90.000000,1.849417,46.036369,0.905066
6872,6.872000,91.907364,93.495583,90.000000,1.907364,45.751404,0.900978
6873,6.873000,91.964371,93.376785,90.000000,1.964376,45.331528,0.896931
6874,6.874000,92.020386,93.261406,90.000000,2.020390,44.841347,0.892936
6875,6.875000,92.075340,93.149460,90.000000,2.075346,44.248573,0.889005
6876,6.876000,92.129173,93.040970,90.000000,2.129175,43.588360,0.885147
6877,6.877000,92.181816,92.935936,90.000000,2.181822,42.900948,0.881373
6878,6.878000,92.233231,92.834328,90.000000,2.233233,42.243103,0.877694
6879,6.879000,92.283348,92.736115,90.000000,2.283353,41.644936,0.874119
6880,6.880000,92.332115,92.641266,90.000000,2.332120,41.154488,0.870657
6881,6.881000,92.379494,92.549713,90.000000,2.379494,40.672951,0.867318
6882,6.882000,92.425415,92.461411,90.000000,2.425414,40.332218,0.864111
6883,6.883000,92.469826,92.376305,90.000000,2.469831,40.179649,0.861043
6884,6.884000,92.512703,92.294334,90.000000,2.512703,40.190708,0.858123
6885,6.885000,92.553986,92.215439,90.000000,2.553985,40.319355,0.855359
6886,6.886000,92.593636,92.139565,90.000000,2.593634,40.569180,0.852757
6887,6.887000,92.631599,92.066673,90.000000,2.631603,40.916328,0.850324
6888,6.888000,92.667854,91.996719,90.000000,2.667858,41.312260,0.848067
6889,6.889000,92.702347,91.929680,90.000000,2.702351,41.836544,0.845991
6890,6.890000,92.735054,91.865517,90.000000,2.735054,42.442265,0.844102
6891,6.891000,92.765930,91.804237,90.000000,2.765933,43.077072,0.842404
6892,6.892000,92.794937,91.745850,90.000000,2.794940,43.771378,0.840903
6893,6.893000,92.822060,91.690338,90.000000,2.822063,44.525818,0.839601
6894,6.894000,92.847260,91.637749,90.000000,2.847260,45.337502,0.838504
6895,6.895000,92.870499,91.588081,90.000000,2.870503,46.258423,0.837613
6896,6.896000,92.891769,91.541382,90.000000,2.891772,47.270584,0.836931
6897,6.897000,92.911034,91.497665,90.000000,2.911033,48.437584,0.836461
6898,6.898000,92.928268,91.456978,90.000000,2.928273,49.711182,0.836204
6899,6.899000,92.943459,91.419357,90.000000,2.943463,51.227959,0.836160
6900,6.900000,92.956581,91.384850,90.000000,2.956584,52.877594,0.836332
6901,6.901000,92.967621,91.353500,90.000000,2.967621,54.616440,0.836718
6902,6.902000,92.976570,91.325363,90.000000,2.976569,56.523819,0.837319
6903,6.903000,92.983398,91.300484,90.000000,2.983399,58.904625,0.838133
6904,6.904000,92.988106,91.278954,90.000000,2.988105,61.578789,0.839159
6905,6.905000,92.990669,91.260826,90.000000,2.990673,64.973328,0.840395
6906,6.906000,92.991112,91.246223,90.000000,2.991110,68.671677,0.841839
6907,6.907000,92.989388,91.235214,90.000000,2.989389,72.553871,0.843486
6908,6.908000,92.985527,91.227928,90.000000,2.985530,76.080170,0.845335
6909,6.909000,92.979507,91.224487,90.000000,2.979513,78.993546,0.847380
6910,6.910000,92.971352,91.225029,90.000000,2.971351,81.214737,0.849617
6911,6.911000,92.961037,91.229729,90.000000,2.961037,82.796524,0.852039
6912,6.912000,92.948586,91.238792,90.000000,2.948586,83.622490,0.854642
6913,6.913000,92.933990,91.252487,90.000000,2.933996,83.816399,0.857419
6914,6.914000,92.917282,91.271057,90.000000,2.917283,83.538445,0.860362
6915,6.915000,92.898460,91.294739,90.000000,2.898466,82.968758,0.863464
6916,6.916000,92.877548,91.323730,90.000000,2.877552,82.259201,0.866717
6917,6.917000,92.854553,91.358170,90.000000,2.854554,81.463028,0.870111
6918,6.918000,92.829506,91.398148,90.000000,2.829508,80.587746,0.873639
6919,6.919000,92.802422,91.443726,90.000000,2.802427,79.513008,0.877288
6920,6.920000,92.773331,91.494850,90.000000,2.773337,78.292488,0.881051
6921,6.921000,92.742271,91.551514,90.000000,2.742273,77.017776,0.884915
6922,6.922000,92.709259,91.613640,90.000000,2.709263,75.632858,0.888870
6923,6.923000,92.674347,91.681129,90.000000,2.674347,74.104507,0.892905
6924,6.924000,92.637550,91.753937,90.000000,2.637552,72.495209,0.897007
6925,6.925000,92.598923,91.831947,90.000000,2.598928,70.823166,0.901166
6926,6.926000,92.558502,91.915085,90.000000,2.558507,69.003029,0.905367
6927,6.927000,92.516342,92.003250,90.000000,2.516344,67.137558,0.909600
6928,6.928000,92.472481,92.096329,90.000000,2.472481,65.349632,0.913851
6929,6.929000,92.426971,92.194214,90.000000,2.426971,63.366081,0.918109
6930,6.930000,92.379860,92.296791,90.000000,2.379863,61.198067,0.922359
6931,6.931000,92.331207,92.403931,90.000000,2.331212,58.938461,0.926590
6932,6.932000,92.281075,92.515511,90.000000,2.281078,56.525845,0.930789
6933,6.933000,92.229507,92.631386,90.000000,2.229510,54.094162,0.934944
6934,6.934000,92.176582,92.751419,90.000000,2.176583,51.721626,0.939043
6935,6.935000,92.122345,92.875481,90.000000,2.122344,49.336655,0.943074
6936,6.936000,92.066872,93.003433,90.000000,2.066877,46.969017,0.947024
6937,6.937000,92.010223,93.135094,90.000000,2.010227,44.630356,0.950885
6938,6.938000,91.952484,93.270325,90.000000,1.952485,42.343536,0.954644
6939,6.939000,91.893700,93.408943,90.000000,1.893704,40.079422,0.958291
6940,6.940000,91.833961,93.550774,90.000000,1.833960,37.837349,0.961819
6941,6.941000,91.773323,93.695648,90.000000,1.773329,35.629951,0.965216
6942,6.942000,91.711884,93.843384,90.000000,1.711884,33.399254,0.968477
6943,6.943000,91.649696,93.993835,90.000000,1.649702,31.212467,0.971592
6944,6.944000,91.586853,94.146812,90.000000,1.586858,28.456484,0.974556
6945,6.945000,91.523430,94.302170,90.000000,1.523433,25.189871,0.977364
6946,6.946000,91.459503,94.459740,90.000000,1.459509,21.226063,0.980009
6947,6.947000,91.395149,94.619377,90.000000,1.395155,16.463665,0.982489
6948,6.948000,91.330467,94.780914,90.000000,1.330466,11.187146,0.984800
6949,6.949000,91.265526,94.944214,90.000000,1.265525,5.604275,0.986941
6950,6.950000,91.200394,95.109116,90.000000,1.200399,0.106778,0.988910
6951,6.951000,91.135185,95.275436,90.000000,1.135184,-4.904862,0.990707
6952,6.952000,91.069962,95.442963,90.000000,1.069963,-9.443140,0.992333
6953,6.953000,91.004822,95.611412,90.000000,1.004823,-13.511943,0.993790
6954,6.954000,90.939835,95.780479,90.000000,0.939841,-17.396408,0.995079
6955,6.955000,90.875099,95.949791,90.000000,0.875104,-21.276047,0.996205
6956,6.956000,90.810699,96.118942,90.000000,0.810702,-25.129234,0.997172
6957,6.957000,90.746712,96.287575,90.000000,0.746717,-28.712755,0.997985
6958,6.958000,90.683235,96.455322,90.000000,0.683237,-32.205170,0.998650
6959,6.959000,90.620338,96.621872,90.000000,0.620338,-35.341866,0.999173
6960,6.960000,90.558113,96.786942,90.000000,0.558115,-38.733467,0.999561
6961,6.961000,90.496635,96.950294,90.000000,0.496637,-42.355904,0.999823
6962,6.962000,90.435997,97.111664,90.000000,0.435998,-46.102993,0.999966
6963,6.963000,90.376266,97.270805,90.000000,0.376268,-49.841324,0.999998
6964,6.964000,90.317535,97.427498,90.000000,0.317535,-54.366562,0.999930
6965,6.965000,90.259872,97.581512,90.000000,0.259875,-58.958008,0.999769
6966,6.966000,90.203369,97.732635,90.000000,0.203369,-63.403610,0.999527
6967,6.967000,90.148087,97.880669,90.000000,0.148085,-67.745758,0.999211
6968,6.968000,90.094093,98.025375,90.000000,0.094100,-71.809540,0.998833
6969,6.969000,90.041481,98.166512,90.000000,0.041480,-75.474930,0.998402
6970,6.970000,89.990303,98.303848,90.000000,-0.009692,-78.844772,0.997928
6971,6.971000,89.940643,98.437080,90.000000,-0.059354,-81.815231,0.997420
6972,6.972000,89.892555,98.565918,90.000000,-0.107439,-84.169113,0.996888
6973,6.973000,89.846115,98.690063,90.000000,-0.153884,-85.964813,0.996341
6974,6.974000,89.801369,98.809235,90.000000,-0.198629,-87.391266,0.995787
6975,6.975000,89.758392,98.923157,90.000000,-0.241604,-88.456207,0.995236
6976,6.976000,89.717232,99.031593,90.000000,-0.282763,-89.225410,0.994695
6977,6.977000,89.677956,99.134338,90.000000,-0.322043,-89.829536,0.994173
6978,6.978000,89.640594,99.231201,90.000000,-0.359405,-90.371063,0.993675
6979,6.979000,89.605209,99.322052,90.000000,-0.394785,-90.767754,0.993209
6980,6.980000,89.571846,99.406776,90.000000,-0.428150,-91.102234,0.992781
6981,6.981000,89.540550,99.485313,90.000000,-0.459446,-91.512161,0.992396
6982,6.982000,89.511353,99.557617,90.000000,-0.488645,-91.881073,0.992059
6983,6.983000,89.484299,99.623657,90.000000,-0.515700,-92.185753,0.991773
6984,6.984000,89.459419,99.683426,90.000000,-0.540582,-92.399673,0.991543
6985,6.985000,89.436745,99.736893,90.000000,-0.563251,-92.496086,0.991370
6986,6.986000,89.416306,99.784096,90.000000,-0.583694,-92.439240,0.991258
6987,6.987000,89.398117,99.824997,90.000000,-0.601883,-92.233566,0.991207
6988,6.988000,89.382217,99.859612,90.000000,-0.617784,-91.891571,0.991217
6989,6.989000,89.368607,99.887932,90.000000,-0.631389,-91.385857,0.991288
6990,6.990000,89.357307,99.909950,90.000000,-0.642687,-90.742065,0.991421
6991,6.991000,89.348343,99.925682,90.000000,-0.651655,-89.953049,0.991612
6992,6.992000,89.341705,99.935127,90.000000,-0.658294,-89.035690,0.991859
6993,6.993000,89.337410,99.938316,90.000000,-0.662590,-88.016525,0.992160
6994,6.994000,89.335457,99.935272,90.000000,-0.664543,-86.929176,0.992511
6995,6.995000,89.335846,99.926048,90.000000,-0.664154,-85.727028,0.992908
6996,6.996000,89.338570,99.910683,90.000000,-0.661429,-84.425987,0.993345
6997,6.997000,89.343620,99.889244,90.000000,-0.656374,-83.190620,0.993817
6998,6.998000,89.351006,99.861816,90.000000,-0.648991,-81.985703,0.994319
6999,6.999000,89.360703,99.828461,90.000000,-0.639299,-80.754074,0.994842
7000,7.000000,89.372681,99.789276,90.000000,-0.627319,-79.528046,0.995381
7001,7.001000,89.386940,99.744354,90.000000,-0.613057,-78.246857,0.995928
7002,7.002000,89.403458,99.693794,90.000000,-0.596542,-76.580139,0.996474
7003,7.003000,89.422195,99.637703,90.000000,-0.577800,-74.822838,0.997012
7004,7.004000,89.443138,99.576180,90.000000,-0.556858,-73.147324,0.997533
7005,7.005000,89.466263,99.509323,90.000000,-0.533738,-71.220901,0.998028
7006,7.006000,89.491516,99.437233,90.000000,-0.508480,-69.127914,0.998488
7007,7.007000,89.518875,99.360008,90.000000,-0.481125,-66.801216,0.998904
7008,7.008000,89.548302,99.277740,90.000000,-0.451694,-64.455597,0.999266
7009,7.009000,89.579758,99.190567,90.000000,-0.420241,-61.957497,0.999566
7010,7.010000,89.613190,99.098618,90.000000,-0.386807,-59.115501,0.999794
7011,7.011000,89.648560,99.002007,90.000000,-0.351441,-56.422173,0.999942
7012,7.012000,89.685822,98.900894,90.000000,-0.314175,-54.062138,1.000000
7013,7.013000,89.724922,98.795433,90.000000,-0.275079,-51.656357,0.999959
7014,7.014000,89.765800,98.685791,90.000000,-0.234194,-49.235294,0.999811
7015,7.015000,89.808418,98.572136,90.000000,-0.191580,-46.805691,0.999549
7016,7.016000,89.852707,98.454666,90.000000,-0.147293,-44.282848,0.999164
7017,7.017000,89.898613,98.333557,90.000000,-0.101387,-41.576149,0.998650
7018,7.018000,89.946068,98.209038,90.000000,-0.053931,-38.731541,0.998001
7019,7.019000,89.995018,98.081268,90.000000,-0.004979,-35.825241,0.997209
7020,7.020000,90.045395,97.950409,90.000000,0.045400,-32.860741,0.996269
7021,7.021000,90.097137,97.816658,90.000000,0.097139,-29.875971,0.995178
7022,7.022000,90.150169,97.680161,90.000000,0.150169,-27.161751,0.993931
7023,7.023000,90.204422,97.541115,90.000000,0.204428,-24.493189,0.992525
7024,7.024000,90.259842,97.399689,90.000000,0.259848,-21.720306,0.990957
7025,7.025000,90.316338,97.256096,90.000000,0.316340,-18.860844,0.989227
7026,7.026000,90.373848,97.110535,90.000000,0.373850,-15.831506,0.987332
7027,7.027000,90.432297,96.963211,90.000000,0.432296,-12.694267,0.985274
7028,7.028000,90.491600,96.814339,90.000000,0.491603,-9.409712,0.983053
7029,7.029000,90.551697,96.664101,90.000000,0.551702,-5.730732,0.980671
7030,7.030000,90.612503,96.512695,90.000000,0.612504,-1.572128,0.978131
7031,7.031000,90.673935,96.360298,90.000000,0.673935,3.184043,0.975437
7032,7.032000,90.735931,96.207100,90.000000,0.735932,8.185168,0.972591
7033,7.033000,90.798393,96.053322,90.000000,0.798394,13.006493,0.969601
7034,7.034000,90.861259,95.899162,90.000000,0.861259,17.411873,0.966471
7035,7.035000,90.924446,95.744858,90.000000,0.924446,21.552345,0.963208
7036,7.036000,90.987869,95.590645,90.000000,0.987871,25.138845,0.959820
7037,7.037000,91.051460,95.436806,90.000000,1.051460,28.263790,0.956314
7038,7.038000,91.115120,95.283669,90.000000,1.115124,30.976181,0.952699
7039,7.039000,91.178795,95.131569,90.000000,1.178795,33.392239,0.948985
7040,7.040000,91.242386,94.980835,90.000000,1.242391,35.507736,0.945179
7041,7.041000,91.305824,94.831795,90.000000,1.305830,37.540520,0.941294
7042,7.042000,91.369041,94.684708,90.000000,1.369043,39.508972,0.937338
7043,7.043000,91.431938,94.539833,90.000000,1.431942,41.295448,0.933323
7044,7.044000,91.494461,94.397362,90.000000,1.494466,43.010601,0.929260
7045,7.045000,91.556526,94.257469,90.000000,1.556532,44.073296,0.925160
7046,7.046000,91.618065,94.120316,90.000000,1.618065,44.943394,0.921034
7047,7.047000,91.678986,93.986023,90.000000,1.678990,45.606468,0.916893
7048,7.048000,91.739243,93.854706,90.000000,1.739246,45.996300,0.912749
7049,7.049000,91.798759,93.726479,90.000000,1.798764,46.135193,0.908615
7050,7.050000,91.857460,93.601463,90.000000,1.857463,46.003532,0.904500
7051,7.051000,91.915283,93.479744,90.000000,1.915287,45.700554,0.900417
7052,7.052000,91.972160,93.361404,90.000000,1.972162,45.266434,0.896376
7053,7.053000,92.028030,93.246475,90.000000,2.028033,44.768349,0.892389
7054,7.054000,92.082840,93.134995,90.000000,2.082839,44.160637,0.888467
7055,7.055000,92.136505,93.026970,90.000000,2.136510,43.491528,0.884620
7056,7.056000,92.188988,92.922386,90.000000,2.188993,42.807800,0.880858
7057,7.057000,92.240234,92.821236,90.000000,2.240234,42.154881,0.877192
7058,7.058000,92.290169,92.723473,90.000000,2.290169,41.575703,0.873632
7059,7.059000,92.338753,92.629059,90.000000,2.338752,41.094856,0.870186
7060,7.060000,92.385925,92.537949,90.000000,2.385928,40.621552,0.866864
7061,7.061000,92.431641,92.450073,90.000000,2.431643,40.304146,0.863675
7062,7.062000,92.475853,92.365387,90.000000,2.475855,40.174397,0.860627
7063,7.063000,92.518517,92.283829,90.000000,2.518516,40.204769,0.857728
7064,7.064000,92.559578,92.205338,90.000000,2.559579,40.343113,0.854985
7065,7.065000,92.598999,92.129852,90.000000,2.599003,40.609993,0.852405
7066,7.066000,92.636734,92.057358,90.000000,2.636740,40.965981,0.849996
7067,7.067000,92.672752,91.987793,90.000000,2.672755,41.369164,0.847763
7068,7.068000,92.707008,91.921135,90.000000,2.707009,41.914417,0.845712
7069,7.069000,92.739464,91.857361,90.000000,2.739466,42.524254,0.843848
7070,7.070000,92.770088,91.796471,90.000000,2.770092,43.167572,0.842177
7071,7.071000,92.798843,91.738449,90.000000,2.798847,43.871658,0.840703
7072,7.072000,92.825706,91.683342,90.000000,2.825711,44.629391,0.839429
7073,7.073000,92.850639,91.631126,90.000000,2.850641,45.455452,0.838359
7074,7.074000,92.873611,91.581856,90.000000,2.873617,46.388412,0.837496
7075,7.075000,92.894608,91.535545,90.000000,2.894614,47.419407,0.836843
7076,7.076000,92.913605,91.492233,90.000000,2.913608,48.602768,0.836401
7077,7.077000,92.930565,91.451950,90.000000,2.930568,49.902775,0.836173
7078,7.078000,92.945473,91.414742,90.000000,2.945478,51.440483,0.836159
7079,7.079000,92.958313,91.380653,90.000000,2.958319,53.108555,0.836360
7080,7.080000,92.969070,91.349724,90.000000,2.969076,54.861794,0.836775
7081,7.081000,92.977737,91.322014,90.000000,2.977737,56.794861,0.837404
7082,7.082000,92.984276,91.297585,90.000000,2.984280,59.243580,0.838247
7083,7.083000,92.988693,91.276497,90.000000,2.988699,62.003780,0.839302
7084,7.084000,92.990974,91.258835,90.000000,2.990981,65.439575,0.840566
7085,7.085000,92.991119,91.244698,90.000000,2.991124,69.175827,0.842038
7086,7.086000,92.989113,91.234184,90.000000,2.989116,73.062378,0.843713
7087,7.087000,92.984962,91.227402,90.000000,2.984963,76.505737,0.845588
7088,7.088000,92.978653,91.224480,90.000000,2.978659,79.320107,0.847660
7089,7.089000,92.970200,91.225563,90.000000,2.970203,81.464920,0.849922
7090,7.090000,92.959595,91.230835,90.000000,2.959596,82.947830,0.852369
7091,7.091000,92.946854,91.240501,90.000000,2.946858,83.675484,0.854996
7092,7.092000,92.931976,91.254829,90.000000,2.931982,83.804756,0.857796
7093,7.093000,92.914978,91.274063,90.000000,2.914981,83.472214,0.860761
7094,7.094000,92.895874,91.298447,90.000000,2.895877,82.880104,0.863884
7095,7.095000,92.874680,91.328148,90.000000,2.874683,82.154099,0.867157
7096,7.096000,92.851410,91.363327,90.000000,2.851413,81.349251,0.870570
7097,7.097000,92.826080,91.404045,90.000000,2.826086,80.456398,0.874114
7098,7.098000,92.798729,91.450356,90.000000,2.798731,79.357666,0.877780
7099,7.099000,92.769371,91.502228,90.000000,2.769375,78.135658,0.881557
7100,7.100000,92.738045,91.559624,90.000000,2.738045,76.844284,0.885435
7101,7.101000,92.704773,91.622459,90.000000,2.704775,75.444130,0.889401
7102,7.102000,92.669594,91.690666,90.000000,2.669600,73.900322,0.893446
7103,7.103000,92.632553,91.764160,90.000000,2.632553,72.278473,0.897557
7104,7.104000,92.593681,91.842865,90.000000,2.593682,70.591370,0.901722
7105,7.105000,92.553024,91.926674,90.000000,2.553029,68.748108,0.905929
7106,7.106000,92.510628,92.015488,90.000000,2.510627,66.908623,0.910165
7107,7.107000,92.466537,92.109215,90.000000,2.466538,65.093376,0.914418
7108,7.108000,92.420807,92.207733,90.000000,2.420810,63.077164,0.918676
7109,7.109000,92.373489,92.310921,90.000000,2.373491,60.900162,0.922925
7110,7.110000,92.324631,92.418663,90.000000,2.324634,58.620949,0.927152
7111,7.111000,92.274292,92.530823,90.000000,2.274296,56.192688,0.931347
7112,7.112000,92.222542,92.647255,90.000000,2.222543,53.786369,0.935495
7113,7.113000,92.169426,92.767838,90.000000,2.169432,51.406036,0.939585
7114,7.114000,92.115028,92.892426,90.000000,2.115029,49.023415,0.943606
7115,7.115000,92.059387,93.020874,90.000000,2.059391,46.657959,0.947546
7116,7.116000,92.002586,93.153023,90.000000,2.002591,44.321693,0.951393
7117,7.117000,91.944695,93.288719,90.000000,1.944698,42.036232,0.955138
7118,7.118000,91.885780,93.427773,90.000000,1.885781,39.774742,0.958770
7119,7.119000,91.825912,93.570015,90.000000,1.825914,37.537075,0.962281
7120,7.120000,91.765167,93.715279,90.000000,1.765167,35.332970,0.965661
7121,7.121000,91.703621,93.863388,90.000000,1.703620,33.104023,0.968902
7122,7.122000,91.641342,94.014175,90.000000,1.641342,30.927435,0.971998
7123,7.123000,91.578407,94.167488,90.000000,1.578409,28.074469,0.974942
7124,7.124000,91.514908,94.323135,90.000000,1.514909,24.734383,0.977728
7125,7.125000,91.450920,94.480995,90.000000,1.450923,20.687216,0.980351
7126,7.126000,91.386520,94.640892,90.000000,1.386521,15.809101,0.982809
7127,7.127000,91.321785,94.802673,90.000000,1.321785,10.485758,0.985098
7128,7.128000,91.256805,94.966194,90.000000,1.256809,4.860802,0.987215
7129,7.129000,91.191666,95.131294,90.000000,1.191670,-0.583630,0.989161
7130,7.130000,91.126450,95.297791,90.000000,1.126448,-5.540161,0.990935
7131,7.131000,91.061226,95.465462,90.000000,1.061227,-10.035783,0.992539
7132,7.132000,90.996094,95.634026,90.000000,0.996094,-14.032958,0.993972
7133,7.133000,90.931137,95.803154,90.000000,0.931139,-17.915798,0.995240
7134,7.134000,90.866440,95.972473,90.000000,0.866444,-21.805582,0.996345
7135,7.135000,90.802086,96.141594,90.000000,0.802090,-25.628479,0.997291
7136,7.136000,90.738167,96.310135,90.000000,0.738166,-29.199907,0.998083
7137,7.137000,90.674751,96.477753,90.000000,0.674754,-32.649132,0.998729
7138,7.138000,90.611938,96.644135,90.000000,0.611937,-35.760048,0.999233
7139,7.139000,90.549797,96.808998,90.000000,0.549803,-39.209625,0.999604
7140,7.140000,90.488434,96.972115,90.000000,0.488434,-42.868568,0.999849
7141,7.141000,90.427902,97.133209,90.000000,0.427904,-46.618683,0.999976
7142,7.142000,90.368301,97.292053,90.000000,0.368304,-50.438148,0.999995
7143,7.143000,90.309715,97.448402,90.000000,0.309715,-55.005783,0.999913
7144,7.144000,90.252197,97.602043,90.000000,0.252198,-59.571693,0.999741
7145,7.145000,90.195847,97.752777,90.000000,0.195849,-64.006577,0.999488
7146,7.146000,90.140724,97.900383,90.000000,0.140729,-68.322350,0.999164
7147,7.147000,90.086922,98.044632,90.000000,0.086921,-72.326874,0.998778
7148,7.148000,90.034492,98.185287,90.000000,0.034492,-75.955574,0.998340
7149,7.149000,89.983513,98.322090,90.000000,-0.016481,-79.275948,0.997861
7150,7.150000,89.934059,98.454758,90.000000,-0.065939,-82.165016,0.997349
7151,7.151000,89.886185,98.582993,90.000000,-0.113811,-84.437149,0.996814
7152,7.152000,89.839958,98.706490,90.000000,-0.160038,-86.176697,0.996265
7153,7.153000,89.795456,98.824966,90.000000,-0.204544,-87.557152,0.995712
7154,7.154000,89.752708,98.938164,90.000000,-0.247287,-88.570679,0.995161
7155,7.155000,89.711800,99.045853,90.000000,-0.288200,-89.314217,0.994623
7156,7.156000,89.672768,99.147812,90.000000,-0.327228,-89.908005,0.994103
7157,7.157000,89.635666,99.243881,90.000000,-0.364329,-90.443787,0.993609
7158,7.158000,89.600555,99.333916,90.000000,-0.399443,-90.815018,0.993148
7159,7.159000,89.567459,99.417816,90.000000,-0.432535,-91.144989,0.992725
7160,7.160000,89.536446,99.495514,90.000000,-0.463551,-91.569427,0.992346
7161,7.161000,89.507538,99.566978,90.000000,-0.492463,-91.921249,0.992015
7162,7.162000,89.480766,99.632179,90.000000,-0.519231,-92.221802,0.991737
7163,7.163000,89.456177,99.691101,90.000000,-0.543820,-92.418938,0.991514
7164,7.164000,89.433800,99.743736,90.000000,-0.566195,-92.495781,0.991350
7165,7.165000,89.413658,99.790085,90.000000,-0.586338,-92.419182,0.991245
7166,7.166000,89.395775,99.830147,90.000000,-0.604219,-92.192108,0.991202
7167,7.167000,89.380180,99.863914,90.000000,-0.619819,-91.835922,0.991221
7168,7.168000,89.366882,99.891396,90.000000,-0.633117,-91.308784,0.991301
7169,7.169000,89.355896,99.912567,90.000000,-0.644100,-90.651428,0.991441
7170,7.170000,89.347237,99.927460,90.000000,-0.652761,-89.838425,0.991639
7171,7.171000,89.340912,99.936066,90.000000,-0.659086,-88.911873,0.991895
7172,7.172000,89.336929,99.938408,90.000000,-0.663068,-87.876244,0.992203
7173,7.173000,89.335289,99.934532,90.000000,-0.664707,-86.781876,0.992560
7174,7.174000,89.335991,99.924484,90.000000,-0.664010,-85.562653,0.992962
7175,7.175000,89.339027,99.908302,90.000000,-0.660971,-84.255646,0.993405
7176,7.176000,89.344398,99.886055,90.000000,-0.655596,-83.027420,0.993881
7177,7.177000,89.352089,99.857826,90.000000,-0.647905,-81.821793,0.994386
7178,7.178000,89.362083,99.823677,90.000000,-0.637912,-80.590248,0.994912
7179,7.179000,89.374382,99.783722,90.000000,-0.625618,-79.364761,0.995453
7180,7.180000,89.388939,99.738037,90.000000,-0.611056,-78.037704,0.996000
7181,7.181000,89.405754,99.686729,90.000000,-0.594240,-76.328293,0.996546
7182,7.182000,89.424789,99.629898,90.000000,-0.575204,-74.613480,0.997082
7183,7.183000,89.446037,99.567650,90.000000,-0.553962,-72.904465,0.997600
7184,7.184000,89.469444,99.500084,90.000000,-0.530555,-70.953796,0.998091
7185,7.185000,89.494980,99.427299,90.000000,-0.505017,-68.818382,0.998546
7186,7.186000,89.522621,99.349396,90.000000,-0.477376,-66.491402,0.998955
7187,7.187000,89.552330,99.266457,90.000000,-0.447671,-64.138245,0.999310
7188,7.188000,89.584045,99.178635,90.000000,-0.415952,-61.602791,0.999601
7189,7.189000,89.617737,99.086044,90.000000,-0.382258,-58.730873,0.999819
7190,7.190000,89.653374,98.988823,90.000000,-0.346625,-56.107826,0.999955
7191,7.191000,89.690880,98.887123,90.000000,-0.309121,-53.750565,1.000000
7192,7.192000,89.730217,98.781090,90.000000,-0.269779,-51.329987,0.999946
7193,7.193000,89.771347,98.670898,90.000000,-0.228654,-48.914158,0.999783
7194,7.194000,89.814178,98.556717,90.000000,-0.185815,-46.475052,0.999505
7195,7.195000,89.858696,98.438736,90.000000,-0.141303,-43.927753,0.999104
7196,7.196000,89.904816,98.317169,90.000000,-0.095186,-41.199738,0.998572
7197,7.197000,89.952477,98.192192,90.000000,-0.047524,-38.353897,0.997903
7198,7.198000,90.001625,98.063995,90.000000,0.001626,-35.427505,0.997092
7199,7.199000,90.052185,97.932739,90.000000,0.052189,-32.466824,0.996133
7200,7.200000,90.104111,97.798599,90.000000,0.104113,-29.475449,0.995021
7201,7.201000,90.157310,97.661751,90.000000,0.157313,-26.812389,0.993753
7202,7.202000,90.211731,97.522369,90.000000,0.211736,-24.122257,0.992325
7203,7.203000,90.267296,97.380638,90.000000,0.267299,-21.354202,0.990736
7204,7.204000,90.323936,97.236771,90.000000,0.323935,-18.451073,0.988983
7205,7.205000,90.381577,97.090958,90.000000,0.381575,-15.419533,0.987067
7206,7.206000,90.440140,96.943413,90.000000,0.440144,-12.262320,0.984987
7207,7.207000,90.499565,96.794334,90.000000,0.499567,-8.953116,0.982745
7208,7.208000,90.559761,96.643929,90.000000,0.559761,-5.192826,0.980341
7209,7.209000,90.620651,96.492371,90.000000,0.620652,-0.952168,0.977780
7210,7.210000,90.682167,96.339851,90.000000,0.682172,3.844948,0.975065
7211,7.211000,90.744232,96.186562,90.000000,0.744231,8.876748,0.972200
7212,7.212000,90.806763,96.032722,90.000000,0.806761,13.600921,0.969191
7213,7.213000,90.869675,95.878532,90.000000,0.869674,17.983757,0.966042
7214,7.214000,90.932899,95.724213,90.000000,0.932901,22.060461,0.962762
7215,7.215000,90.996353,95.570030,90.000000,0.996354,25.587000,0.959358
7216,7.216000,91.059952,95.416267,90.000000,1.059957,28.652842,0.955837
7217,7.217000,91.123627,95.263245,90.000000,1.123628,31.320942,0.952208
7218,7.218000,91.187294,95.111305,90.000000,1.187299,33.691132,0.948480
7219,7.219000,91.250870,94.960793,90.000000,1.250874,35.778488,0.944664
7220,7.220000,91.314293,94.811989,90.000000,1.314292,37.810699,0.940768
7221,7.221000,91.377472,94.665184,90.000000,1.377471,39.748993,0.936804
7222,7.222000,91.440331,94.520622,90.000000,1.440330,41.529480,0.932782
7223,7.223000,91.502792,94.378487,90.000000,1.502792,43.152039,0.928712
7224,7.224000,91.564796,94.238953,90.000000,1.564796,44.190384,0.924608
7225,7.225000,91.626251,94.102165,90.000000,1.626254,45.031460,0.920479
7226,7.226000,91.687096,93.968262,90.000000,1.687098,45.663250,0.916337
7227,7.227000,91.747261,93.837357,90.000000,1.747265,46.022903,0.912194
7228,7.228000,91.806671,93.709557,90.000000,1.806674,46.123047,0.908061
7229,7.229000,91.865257,93.584976,90.000000,1.865263,45.964760,0.903949
7230,7.230000,91.922958,93.463699,90.000000,1.922965,45.647224,0.899871
7231,7.231000,91.979713,93.345810,90.000000,1.979717,45.204403,0.895837
7232,7.232000,92.035446,93.231331,90.000000,2.035451,44.691578,0.891858
7233,7.233000,92.090103,93.120308,90.000000,2.090106,44.075802,0.887944
7234,7.234000,92.143623,93.012733,90.000000,2.143627,43.400658,0.884108
7235,7.235000,92.195946,92.908607,90.000000,2.195947,42.720451,0.880359
7236,7.236000,92.247017,92.807907,90.000000,2.247016,42.072441,0.876706
7237,7.237000,92.296768,92.710587,90.000000,2.296774,41.510811,0.873160
7238,7.238000,92.345169,92.616608,90.000000,2.345173,41.034317,0.869730
7239,7.239000,92.392159,92.525925,90.000000,2.392158,40.570698,0.866426
7240,7.240000,92.437675,92.438477,90.000000,2.437681,40.277973,0.863255
7241,7.241000,92.481682,92.354202,90.000000,2.481688,40.171631,0.860226
7242,7.242000,92.524139,92.273041,90.000000,2.524144,40.217510,0.857347
7243,7.243000,92.564987,92.194954,90.000000,2.564989,40.370033,0.854625
7244,7.244000,92.604187,92.119873,90.000000,2.604187,40.653297,0.852068
7245,7.245000,92.641693,92.047760,90.000000,2.641698,41.015827,0.849682
7246,7.246000,92.677483,91.978577,90.000000,2.677489,41.431938,0.847473
7247,7.247000,92.711502,91.912300,90.000000,2.711503,41.995129,0.845446
7248,7.248000,92.743721,91.848900,90.000000,2.743721,42.605106,0.843608
7249,7.249000,92.774094,91.788383,90.000000,2.774095,43.256927,0.841963
7250,7.250000,92.802605,91.730759,90.000000,2.802604,43.967781,0.840515
7251,7.251000,92.829208,91.676025,90.000000,2.829208,44.736153,0.839268
7252,7.252000,92.853882,91.624207,90.000000,2.853885,45.574009,0.838226
7253,7.253000,92.876595,91.575317,90.000000,2.876595,46.519371,0.837391
7254,7.254000,92.897324,91.529396,90.000000,2.897325,47.571335,0.836766
7255,7.255000,92.916046,91.486481,90.000000,2.916047,48.764656,0.836353
7256,7.256000,92.932739,91.446602,90.000000,2.932740,50.105515,0.836153
7257,7.257000,92.947372,91.409805,90.000000,2.947377,51.659630,0.836167
7258,7.258000,92.959938,91.376122,90.000000,2.959937,53.345715,0.836397
7259,7.259000,92.970413,91.345619,90.000000,2.970415,55.109539,0.836841
7260,7.260000,92.978790,91.318336,90.000000,2.978796,57.096668,0.837499
7261,7.261000,92.985046,91.294342,90.000000,2.985052,59.587280,0.838370
7262,7.262000,92.989182,91.273705,90.000000,2.989184,62.443916,0.839453
7263,7.263000,92.991180,91.256508,90.000000,2.991186,65.908936,0.840746
7264,7.264000,92.991035,91.242836,90.000000,2.991035,69.685501,0.842245
7265,7.265000,92.988747,91.232811,90.000000,2.988747,73.573059,0.843947
7266,7.266000,92.984299,91.226532,90.000000,2.984301,76.940994,0.845849
7267,7.267000,92.977707,91.224129,90.000000,2.977710,79.652580,0.847946
7268,7.268000,92.968964,91.225754,90.000000,2.968967,81.720917,0.850234
7269,7.269000,92.958069,91.231606,90.000000,2.958073,83.100288,0.852706
7270,7.270000,92.945045,91.241875,90.000000,2.945048,83.729874,0.855356
7271,7.271000,92.929886,91.256844,90.000000,2.929885,83.789764,0.858179
7272,7.272000,92.912605,91.276741,90.000000,2.912604,83.409454,0.861166
7273,7.273000,92.893219,91.301826,90.000000,2.893220,82.791855,0.864310
7274,7.274000,92.871735,91.332253,90.000000,2.871739,82.058098,0.867602
7275,7.275000,92.848183,91.368156,90.000000,2.848189,81.241577,0.871033
7276,7.276000,92.822586,91.409630,90.000000,2.822589,80.326469,0.874595
7277,7.277000,92.794968,91.456688,90.000000,2.794968,79.204315,0.878276
7278,7.278000,92.765343,91.509308,90.000000,2.765345,77.980515,0.882067
7279,7.279000,92.733749,91.567429,90.000000,2.733749,76.671066,0.885958
7280,7.280000,92.700218,91.630989,90.000000,2.700220,75.251358,0.889936
7281,7.281000,92.664787,91.699905,90.000000,2.664791,73.690559,0.893990
7282,7.282000,92.627495,91.774109,90.000000,2.627498,72.061813,0.898110
7283,7.283000,92.588379,91.853500,90.000000,2.588382,70.357567,0.902281
7284,7.284000,92.547485,91.937988,90.000000,2.547490,68.492584,0.906493
7285,7.285000,92.504860,92.027481,90.000000,2.504863,66.680435,0.910733
7286,7.286000,92.460548,92.121857,90.000000,2.460548,64.836594,0.914987
7287,7.287000,92.414589,92.221001,90.000000,2.414595,62.789677,0.919244
7288,7.288000,92.367058,92.324814,90.000000,2.367063,60.607803,0.923491
7289,7.289000,92.318001,92.433159,90.000000,2.318002,58.307938,0.927716
7290,7.290000,92.267471,92.545906,90.000000,2.267473,55.863590,0.931905
7291,7.291000,92.215530,92.662903,90.000000,2.215536,53.477097,0.936046
7292,7.292000,92.162239,92.784035,90.000000,2.162240,51.088665,0.940128
7293,7.293000,92.107666,92.909149,90.000000,2.107666,48.708954,0.944139
7294,7.294000,92.051865,93.038116,90.000000,2.051864,46.347271,0.948067
7295,7.295000,91.994911,93.170753,90.000000,1.994914,44.016129,0.951902
7296,7.296000,91.936874,93.306908,90.000000,1.936878,41.734467,0.955632
7297,7.297000,91.877823,93.446411,90.000000,1.877824,39.476059,0.959249
7298,7.298000,91.817825,93.589073,90.000000,1.817827,37.242542,0.962743
7299,7.299000,91.756958,93.734734,90.000000,1.756964,35.036301,0.966105
7300,7.300000,91.695305,93.883209,90.000000,1.695307,32.810471,0.969327
7301,7.301000,91.632935,94.034355,90.000000,1.632934,30.607590,0.972403
7302,7.302000,91.569923,94.187988,90.000000,1.569926,27.674143,0.975326
7303,7.303000,91.506348,94.343956,90.000000,1.506350,24.225620,0.978090
7304,7.304000,91.442291,94.502106,90.000000,1.442297,20.104584,0.980692
7305,7.305000,91.377838,94.662270,90.000000,1.377840,15.121339,0.983127
7306,7.306000,91.313065,94.824295,90.000000,1.313070,9.747470,0.985393
7307,7.307000,91.248055,94.988045,90.000000,1.248060,4.108669,0.987488
7308,7.308000,91.182892,95.153351,90.000000,1.182893,-1.277434,0.989411
7309,7.309000,91.117661,95.320023,90.000000,1.117665,-6.169974,0.991162
7310,7.310000,91.052444,95.487839,90.000000,1.052450,-10.611012,0.992742
7311,7.311000,90.987328,95.656509,90.000000,0.987331,-14.555757,0.994154
7312,7.312000,90.922401,95.825699,90.000000,0.922403,-18.429886,0.995399
7313,7.313000,90.857742,95.995026,90.000000,0.857742,-22.331411,0.996482
7314,7.314000,90.793434,96.164101,90.000000,0.793436,-26.109196,0.997407
7315,7.315000,90.729568,96.332550,90.000000,0.729573,-29.667957,0.998179
7316,7.316000,90.666229,96.500031,90.000000,0.666230,-33.079475,0.998805
7317,7.317000,90.603493,96.666229,90.000000,0.603495,-36.180336,0.999291
7318,7.318000,90.541451,96.830887,90.000000,0.541456,-39.698090,0.999645
7319,7.319000,90.480186,96.993744,90.000000,0.480190,-43.379017,0.999873
7320,7.320000,90.419777,97.154564,90.000000,0.419777,-47.128349,0.999985
7321,7.321000,90.360306,97.313095,90.000000,0.360306,-51.031433,0.999989
7322,7.322000,90.301842,97.469101,90.000000,0.301847,-55.631649,0.999895
7323,7.323000,90.244476,97.622375,90.000000,0.244480,-60.171425,0.999711
7324,7.324000,90.188278,97.772720,90.000000,0.188281,-64.606201,0.999447
7325,7.325000,90.133331,97.919899,90.000000,0.133332,-68.886749,0.999114
7326,7.326000,90.079697,98.063690,90.000000,0.079701,-72.839264,0.998720
7327,7.327000,90.027458,98.203850,90.000000,0.027457,-76.429466,0.998276
7328,7.328000,89.976669,98.340126,90.000000,-0.023325,-79.702393,0.997792
7329,7.329000,89.927422,98.472229,90.000000,-0.072578,-82.508987,0.997276
7330,7.330000,89.879761,98.599838,90.000000,-0.120239,-84.698196,0.996739
7331,7.331000,89.833763,98.722687,90.000000,-0.166233,-86.378105,0.996188
7332,7.332000,89.789482,98.840485,90.000000,-0.210513,-87.714249,0.995634
7333,7.333000,89.746979,98.952965,90.000000,-0.253018,-88.681183,0.995085
7334,7.334000,89.706314,99.059898,90.000000,-0.293684,-89.412018,0.994548
7335,7.335000,89.667534,99.161087,90.000000,-0.332466,-89.980537,0.994031
7336,7.336000,89.630699,99.256348,90.000000,-0.369301,-90.503609,0.993541
7337,7.337000,89.595840,99.345573,90.000000,-0.404156,-90.861359,0.993084
7338,7.338000,89.563019,99.428650,90.000000,-0.436975,-91.182877,0.992667
7339,7.339000,89.532280,99.505524,90.000000,-0.467718,-91.627029,0.992294
7340,7.340000,89.503647,99.576149,90.000000,-0.496350,-91.966537,0.991970
7341,7.341000,89.477173,99.640511,90.000000,-0.522824,-92.252350,0.991699
7342,7.342000,89.452873,99.698593,90.000000,-0.547125,-92.447945,0.991484
7343,7.343000,89.430794,99.750389,90.000000,-0.569207,-92.493851,0.991327
7344,7.344000,89.410950,99.795898,90.000000,-0.589049,-92.394836,0.991231
7345,7.345000,89.393364,99.835121,90.000000,-0.606630,-92.152771,0.991196
7346,7.346000,89.378075,99.868050,90.000000,-0.621923,-91.778107,0.991222
7347,7.347000,89.365082,99.894684,90.000000,-0.634914,-91.231789,0.991310
7348,7.348000,89.354408,99.915024,90.000000,-0.645589,-90.555695,0.991459
7349,7.349000,89.346054,99.929070,90.000000,-0.653943,-89.722687,0.991665
7350,7.350000,89.340042,99.936836,90.000000,-0.659953,-88.776375,0.991927
7351,7.351000,89.336372,99.938354,90.000000,-0.663628,-87.735443,0.992242
7352,7.352000,89.335045,99.933655,90.000000,-0.664953,-86.626320,0.992606
7353,7.353000,89.336052,99.922783,90.000000,-0.663942,-85.393173,0.993014
7354,7.354000,89.339409,99.905777,90.000000,-0.660589,-84.080963,0.993462
7355,7.355000,89.345085,99.882736,90.000000,-0.654913,-82.864227,0.993943
7356,7.356000,89.353081,99.853706,90.000000,-0.646914,-81.654625,0.994451
7357,7.357000,89.363388,99.818787,90.000000,-0.636608,-80.421829,0.994980
7358,7.358000,89.375984,99.778053,90.000000,-0.624013,-79.207123,0.995522
7359,7.359000,89.390846,99.731613,90.000000,-0.609150,-77.823837,0.996069
7360,7.360000,89.407967,99.679558,90.000000,-0.592034,-76.073250,0.996615
7361,7.361000,89.427292,99.622002,90.000000,-0.572704,-74.396683,0.997149
7362,7.362000,89.448830,99.559029,90.000000,-0.551169,-72.658035,0.997664
7363,7.363000,89.472519,99.490761,90.000000,-0.527475,-70.689224,0.998151
7364,7.364000,89.498344,99.417290,90.000000,-0.501657,-68.502090,0.998601
7365,7.365000,89.526260,99.338699,90.000000,-0.473735,-66.185410,0.999004
7366,7.366000,89.556236,99.255112,90.000000,-0.443764,-63.814217,0.999351
7367,7.367000,89.588226,99.166641,90.000000,-0.411772,-61.246017,0.999633
7368,7.368000,89.622185,99.073433,90.000000,-0.377812,-58.342628,0.999841
7369,7.369000,89.658066,98.975601,90.000000,-0.341933,-55.795784,0.999966
7370,7.370000,89.695824,98.873314,90.000000,-0.304176,-53.435009,0.999999
7371,7.371000,89.735413,98.766716,90.000000,-0.264588,-51.008980,0.999931
7372,7.372000,89.776756,98.655983,90.000000,-0.223238,-48.599777,0.999754
7373,7.373000,89.819832,98.541283,90.000000,-0.180167,-46.145710,0.999460
7374,7.374000,89.864563,98.422813,90.000000,-0.135436,-43.571804,0.999042
7375,7.375000,89.910889,98.300781,90.000000,-0.089107,-40.827980,0.998493
7376,7.376000,89.958755,98.175362,90.000000,-0.041241,-37.974552,0.997806
7377,7.377000,90.008095,98.046745,90.000000,0.008101,-35.036720,0.996976
7378,7.378000,90.058846,97.915100,90.000000,0.058849,-32.067978,0.995997
7379,7.379000,90.110947,97.780586,90.000000,0.110950,-29.092957,0.994864
7380,7.380000,90.164322,97.643387,90.000000,0.164321,-26.461010,0.993576
7381,7.381000,90.218895,97.503685,90.000000,0.218901,-23.746590,0.992127
7382,7.382000,90.274612,97.361656,90.000000,0.274615,-20.988392,0.990516
7383,7.383000,90.331390,97.217514,90.000000,0.331394,-18.046173,0.988742
7384,7.384000,90.389160,97.071457,90.000000,0.389164,-15.013005,0.986804
7385,7.385000,90.447853,96.923691,90.000000,0.447855,-11.845098,0.984702
7386,7.386000,90.507378,96.774422,90.000000,0.507381,-8.493431,0.982439
7387,7.387000,90.567673,96.623856,90.000000,0.567677,-4.659714,0.980014
7388,7.388000,90.628662,96.472153,90.000000,0.628664,-0.340477,0.977433
7389,7.389000,90.690254,96.319519,90.000000,0.690259,4.504115,0.974698
7390,7.390000,90.752388,96.166145,90.000000,0.752393,9.556112,0.971813
7391,7.391000,90.814972,96.012245,90.000000,0.814978,14.186712,0.968785
7392,7.392000,90.877945,95.858017,90.000000,0.877946,18.548256,0.965619
7393,7.393000,90.941208,95.703705,90.000000,0.941207,22.550270,0.962322
7394,7.394000,91.004684,95.549561,90.000000,1.004687,26.010695,0.958901
7395,7.395000,91.068298,95.395866,90.000000,1.068303,29.027527,0.955365
7396,7.396000,91.131989,95.242966,90.000000,1.131988,31.653387,0.951723
7397,7.397000,91.195648,95.091202,90.000000,1.195652,33.979588,0.947983
7398,7.398000,91.259216,94.940895,90.000000,1.259220,36.041748,0.944155
7399,7.399000,91.322609,94.792336,90.000000,1.322611,38.078056,0.940249
7400,7.400000,91.385757,94.645821,90.000000,1.385756,39.986282,0.936277
7401,7.401000,91.448563,94.501556,90.000000,1.448567,41.763401,0.932247
7402,7.402000,91.510979,94.359756,90.000000,1.510981,43.291679,0.928173
7403,7.403000,91.572914,94.220573,90.000000,1.572917,44.308380,0.924064
7404,7.404000,91.634300,94.084167,90.000000,1.634300,45.126831,0.919933
7405,7.405000,91.695061,93.950645,90.000000,1.695062,45.719704,0.915790
7406,7.406000,91.755127,93.820145,90.000000,1.755133,46.047417,0.911647
7407,7.407000,91.814445,93.692757,90.000000,1.814446,46.108299,0.907516
7408,7.408000,91.872917,93.568604,90.000000,1.872920,45.927429,0.903408
7409,7.409000,91.930504,93.447784,90.000000,1.930505,45.594536,0.899335
7410,7.410000,91.987122,93.330330,90.000000,1.987127,45.145409,0.895307
7411,7.411000,92.042725,93.216309,90.000000,2.042725,44.618740,0.891335
7412,7.412000,92.097237,93.105736,90.000000,2.097237,43.995190,0.887432
7413,7.413000,92.150604,92.998604,90.000000,2.150608,43.313705,0.883606
7414,7.414000,92.202766,92.894936,90.000000,2.202770,42.631214,0.879868
7415,7.415000,92.253670,92.794670,90.000000,2.253669,41.989296,0.876229
7416,7.416000,92.303253,92.697800,90.000000,2.303256,41.443138,0.872698
7417,7.417000,92.351471,92.604256,90.000000,2.351477,40.966797,0.869284
7418,7.418000,92.398270,92.513992,90.000000,2.398271,40.525612,0.865996
7419,7.419000,92.443596,92.426964,90.000000,2.443596,40.252975,0.862844
7420,7.420000,92.487404,92.343102,90.000000,2.487405,40.172012,0.859834
7421,7.421000,92.529648,92.262344,90.000000,2.529649,40.235916,0.856975
7422,7.422000,92.570282,92.184647,90.000000,2.570282,40.405495,0.854275
7423,7.423000,92.609268,92.109962,90.000000,2.609269,40.703468,0.851739
7424,7.424000,92.646553,92.038239,90.000000,2.646555,41.067337,0.849376
7425,7.425000,92.682114,91.969437,90.000000,2.682113,41.499481,0.847191
7426,7.426000,92.715889,91.903534,90.000000,2.715895,42.079189,0.845189
7427,7.427000,92.747864,91.840515,90.000000,2.747867,42.688587,0.843376
7428,7.428000,92.778000,91.780373,90.000000,2.778002,43.346210,0.841756
7429,7.429000,92.806259,91.723114,90.000000,2.806265,44.068558,0.840334
7430,7.430000,92.832611,91.668762,90.000000,2.832616,44.839966,0.839114
7431,7.431000,92.857033,91.617325,90.000000,2.857034,45.693214,0.838099
7432,7.432000,92.879486,91.568832,90.000000,2.879492,46.649429,0.837292
7433,7.433000,92.899956,91.523308,90.000000,2.899955,47.724457,0.836694
7434,7.434000,92.918411,91.480782,90.000000,2.918410,48.934326,0.836309
7435,7.435000,92.934830,91.441307,90.000000,2.934830,50.307335,0.836138
7436,7.436000,92.949188,91.404922,90.000000,2.949193,51.873898,0.836181
7437,7.437000,92.961487,91.371651,90.000000,2.961488,53.572380,0.836439
7438,7.438000,92.971687,91.341560,90.000000,2.971692,55.362686,0.836911
7439,7.439000,92.979782,91.314713,90.000000,2.979786,57.421265,0.837597
7440,7.440000,92.985764,91.291145,90.000000,2.985762,59.933857,0.838497
7441,7.441000,92.989609,91.270958,90.000000,2.989615,62.895546,0.839608
7442,7.442000,92.991325,91.254219,90.000000,2.991329,66.383408,0.840927
7443,7.443000,92.990906,91.241028,90.000000,2.990906,70.195419,0.842454
7444,7.444000,92.988319,91.231491,90.000000,2.988324,74.059586,0.844183
7445,7.445000,92.983597,91.225716,90.000000,2.983597,77.342819,0.846111
7446,7.446000,92.976715,91.223839,90.000000,2.976719,79.964989,0.848234
7447,7.447000,92.967690,91.226013,90.000000,2.967690,81.956406,0.850546
7448,7.448000,92.956520,91.232422,90.000000,2.956522,83.225647,0.853042
7449,7.449000,92.943207,91.243301,90.000000,2.943210,83.765137,0.855716
7450,7.450000,92.927765,91.258911,90.000000,2.927767,83.758286,0.858561
7451,7.451000,92.910202,91.279480,90.000000,2.910207,83.335876,0.861569
7452,7.452000,92.890541,91.305260,90.000000,2.890543,82.696793,0.864733
7453,7.453000,92.868790,91.336411,90.000000,2.868788,81.951874,0.868045
7454,7.454000,92.844963,91.373055,90.000000,2.844965,81.130051,0.871494
7455,7.455000,92.819092,91.415268,90.000000,2.819092,80.190605,0.875072
7456,7.456000,92.791199,91.463058,90.000000,2.791204,79.041641,0.878769
7457,7.457000,92.761314,91.516411,90.000000,2.761316,77.813271,0.882574
7458,7.458000,92.729454,91.575256,90.000000,2.729460,76.492584,0.886477
7459,7.459000,92.695679,91.639526,90.000000,2.695678,75.049019,0.890466
7460,7.460000,92.659996,91.709160,90.000000,2.659997,73.480743,0.894530
7461,7.461000,92.622459,91.784050,90.000000,2.622465,71.846024,0.898657
7462,7.462000,92.583107,91.864120,90.000000,2.583109,70.125557,0.902835
7463,7.463000,92.541977,91.949280,90.000000,2.541978,68.242493,0.907051
7464,7.464000,92.499123,92.039413,90.000000,2.499125,66.457062,0.911294
7465,7.465000,92.454582,92.134430,90.000000,2.454586,64.586945,0.915550
7466,7.466000,92.408417,92.234207,90.000000,2.408420,62.505020,0.919807
7467,7.467000,92.360680,92.338631,90.000000,2.360684,60.317848,0.924052
7468,7.468000,92.311424,92.447556,90.000000,2.311425,57.994137,0.928272
7469,7.469000,92.260696,92.560867,90.000000,2.260697,55.534233,0.932456
7470,7.470000,92.208572,92.678429,90.000000,2.208576,53.170040,0.936591
7471,7.471000,92.155098,92.800095,90.000000,2.155102,50.780632,0.940664
7472,7.472000,92.100357,92.925735,90.000000,2.100358,48.400177,0.944665
7473,7.473000,92.044395,93.055199,90.000000,2.044399,46.040905,0.948581
7474,7.474000,91.987297,93.188309,90.000000,1.987298,43.716709,0.952403
7475,7.475000,91.929115,93.324921,90.000000,1.929119,41.438362,0.956119
7476,7.476000,91.869934,93.464851,90.000000,1.869935,39.182026,0.959720
7477,7.477000,91.809814,93.607925,90.000000,1.809816,36.953480,0.963197
7478,7.478000,91.748840,93.753967,90.000000,1.748842,34.746284,0.966541
7479,7.479000,91.687080,93.902817,90.000000,1.687084,32.521503,0.969745
7480,7.480000,91.624611,94.054298,90.000000,1.624615,30.217451,0.972801
7481,7.481000,91.561523,94.208260,90.000000,1.561525,27.236767,0.975703
7482,7.482000,91.497871,94.364532,90.000000,1.497874,23.682398,0.978446
7483,7.483000,91.433754,94.522957,90.000000,1.433759,19.463978,0.981026
7484,7.484000,91.369255,94.683372,90.000000,1.369255,14.411124,0.983439
7485,7.485000,91.304443,94.845650,90.000000,1.304443,9.004181,0.985682
7486,7.486000,91.239403,95.009613,90.000000,1.239406,3.370506,0.987754
7487,7.487000,91.174225,95.175117,90.000000,1.174226,-1.944903,0.989655
7488,7.488000,91.108978,95.341957,90.000000,1.108984,-6.767567,0.991383
7489,7.489000,91.043770,95.509895,90.000000,1.043776,-11.141900,0.992941
7490,7.490000,90.978668,95.678650,90.000000,0.978670,-15.064240,0.994330
7491,7.491000,90.913765,95.847878,90.000000,0.913770,-18.930218,0.995553
7492,7.492000,90.849144,96.017181,90.000000,0.849143,-22.840467,0.996615
7493,7.493000,90.784889,96.186195,90.000000,0.784891,-26.571516,0.997519
7494,7.494000,90.721085,96.354523,90.000000,0.721084,-30.117897,0.998272
7495,7.495000,90.657814,96.521851,90.000000,0.657815,-33.487190,0.998879
7496,7.496000,90.595161,96.687851,90.000000,0.595162,-36.636765,0.999346
7497,7.497000,90.533218,96.852280,90.000000,0.533219,-40.172947,0.999682
7498,7.498000,90.472054,97.014885,90.000000,0.472055,-43.872318,0.999895
7499,7.499000,90.411758,97.175415,90.000000,0.411758,-47.617165,0.999992
7500,7.500000,90.352402,97.333626,90.000000,0.352404,-51.593929,0.999982
7501,7.501000,90.294075,97.489296,90.000000,0.294081,-56.233826,0.999875
7502,7.502000,90.236862,97.642197,90.000000,0.236864,-60.751678,0.999680
7503,7.503000,90.180817,97.792122,90.000000,0.180822,-65.164307,0.999406
7504,7.504000,90.126038,97.938866,90.000000,0.126037,-69.420517,0.999064
7505,7.505000,90.072578,98.082191,90.000000,0.072578,-73.322998,0.998663
7506,7.506000,90.020515,98.221855,90.000000,0.020518,-76.876678,0.998212
7507,7.507000,89.969933,98.357597,90.000000,-0.030066,-80.104515,0.997723
7508,7.508000,89.920876,98.489120,90.000000,-0.079121,-82.823303,0.997203
7509,7.509000,89.873436,98.616127,90.000000,-0.126563,-84.939949,0.996663
7510,7.510000,89.827652,98.738327,90.000000,-0.172346,-86.572533,0.996112
7511,7.511000,89.783600,98.855438,90.000000,-0.216401,-87.865112,0.995558
7512,7.512000,89.741325,98.967201,90.000000,-0.258673,-88.784119,0.995009
7513,7.513000,89.700905,99.073395,90.000000,-0.299094,-89.493065,0.994474
7514,7.514000,89.662376,99.173813,90.000000,-0.337623,-90.049362,0.993960
7515,7.515000,89.625786,99.268303,90.000000,-0.374212,-90.549530,0.993474
7516,7.516000,89.591194,99.356720,90.000000,-0.408800,-90.896324,0.993022
7517,7.517000,89.558647,99.438988,90.000000,-0.441353,-91.235794,0.992610
7518,7.518000,89.528175,99.515045,90.000000,-0.471823,-91.674240,0.992243
7519,7.519000,89.499825,99.584846,90.000000,-0.500175,-92.005585,0.991925
7520,7.520000,89.473625,99.648392,90.000000,-0.526375,-92.279221,0.991661
7521,7.521000,89.449615,99.705650,90.000000,-0.550383,-92.463058,0.991453
7522,7.522000,89.427818,99.756622,90.000000,-0.572179,-92.481499,0.991304
7523,7.523000,89.408272,99.801315,90.000000,-0.591727,-92.371597,0.991216
7524,7.524000,89.390984,99.839714,90.000000,-0.609014,-92.103638,0.991189
7525,7.525000,89.375992,99.871811,90.000000,-0.624006,-91.711578,0.991224
7526,7.526000,89.363297,99.897621,90.000000,-0.636703,-91.151207,0.991319
7527,7.527000,89.352928,99.917137,90.000000,-0.647072,-90.454254,0.991475
7528,7.528000,89.344879,99.930367,90.000000,-0.655118,-89.601593,0.991689
7529,7.529000,89.339172,99.937317,90.000000,-0.660828,-88.635986,0.991959
7530,7.530000,89.335800,99.938019,90.000000,-0.664195,-87.590820,0.992281
7531,7.531000,89.334778,99.932503,90.000000,-0.665219,-86.469223,0.992651
7532,7.532000,89.336098,99.920830,90.000000,-0.663901,-85.222534,0.993064
7533,7.533000,89.339752,99.903038,90.000000,-0.660247,-83.916916,0.993517
7534,7.534000,89.345734,99.879204,90.000000,-0.654264,-82.700378,0.994002
7535,7.535000,89.354034,99.849403,90.000000,-0.645965,-81.491356,0.994513
7536,7.536000,89.364639,99.813713,90.000000,-0.635358,-80.257042,0.995044
7537,7.537000,89.377525,99.772232,90.000000,-0.622469,-79.046814,0.995588
7538,7.538000,89.392685,99.725060,90.000000,-0.607313,-77.618942,0.996136
7539,7.539000,89.410088,99.672279,90.000000,-0.589910,-75.814285,0.996681
7540,7.540000,89.429710,99.614014,90.000000,-0.570287,-74.185196,0.997214
7541,7.541000,89.451523,99.550346,90.000000,-0.548471,-72.402710,0.997726
7542,7.542000,89.475502,99.481400,90.000000,-0.524497,-70.431305,0.998209
7543,7.543000,89.501602,99.407257,90.000000,-0.498399,-68.191727,0.998654
7544,7.544000,89.529785,99.328011,90.000000,-0.470211,-65.878815,0.999050
7545,7.545000,89.560028,99.243774,90.000000,-0.439967,-63.494186,0.999390
7546,7.546000,89.592278,99.154686,90.000000,-0.407721,-60.875008,0.999663
7547,7.547000,89.626488,99.060875,90.000000,-0.373509,-57.954567,0.999862
7548,7.548000,89.662621,98.962456,90.000000,-0.337377,-55.488983,0.999975
7549,7.549000,89.700623,98.859596,90.000000,-0.299374,-53.128174,0.999996
7550,7.550000,89.740440,98.752457,90.000000,-0.259561,-50.692322,0.999915
7551,7.551000,89.782021,98.641197,90.000000,-0.217979,-48.290611,0.999723
7552,7.552000,89.825310,98.526001,90.000000,-0.174689,-45.826618,0.999415
7553,7.553000,89.870255,98.407059,90.000000,-0.129746,-43.229172,0.998980
7554,7.554000,89.916786,98.284576,90.000000,-0.083212,-40.460960,0.998414
7555,7.555000,89.964851,98.158737,90.000000,-0.035148,-37.601250,0.997709
7556,7.556000,90.014381,98.029724,90.000000,0.014384,-34.656292,0.996860
7557,7.557000,90.065315,97.897697,90.000000,0.065317,-31.679829,0.995862
7558,7.558000,90.117584,97.762825,90.000000,0.117589,-28.747236,0.994710
7559,7.559000,90.171120,97.625298,90.000000,0.171124,-26.116150,0.993401
7560,7.560000,90.225853,97.485275,90.000000,0.225854,-23.378803,0.991932
7561,7.561000,90.281708,97.342972,90.000000,0.281711,-20.626255,0.990300
7562,7.562000,90.338623,97.198563,90.000000,0.338627,-17.656456,0.988505
7563,7.563000,90.396523,97.052277,90.000000,0.396527,-14.614109,0.986547
7564,7.564000,90.455322,96.904305,90.000000,0.455328,-11.435278,0.984424
7565,7.565000,90.514961,96.754868,90.000000,0.514962,-8.020831,0.982140
7566,7.566000,90.575356,96.604141,90.000000,0.575355,-4.126466,0.979695
7567,7.567000,90.636429,96.452316,90.000000,0.636430,0.258705,0.977094
7568,7.568000,90.698097,96.299568,90.000000,0.698100,5.149119,0.974339
7569,7.569000,90.760292,96.146118,90.000000,0.760296,10.200609,0.971436
7570,7.570000,90.822937,95.992157,90.000000,0.822942,14.753166,0.968390
7571,7.571000,90.885948,95.837914,90.000000,0.885951,19.084351,0.965207
7572,7.572000,90.949249,95.683601,90.000000,0.949253,23.011316,0.961893
7573,7.573000,91.012749,95.529503,90.000000,1.012753,26.414997,0.958458
7574,7.574000,91.076385,95.375893,90.000000,1.076390,29.374590,0.954908
7575,7.575000,91.140076,95.223122,90.000000,1.140081,31.962948,0.951252
7576,7.576000,91.203735,95.071526,90.000000,1.203739,34.250244,0.947500
7577,7.577000,91.267288,94.921425,90.000000,1.267287,36.299416,0.943662
7578,7.578000,91.330658,94.773125,90.000000,1.330657,38.345604,0.939747
7579,7.579000,91.393761,94.626877,90.000000,1.393762,40.219925,0.935766
7580,7.580000,91.456528,94.482925,90.000000,1.456531,41.998058,0.931731
7581,7.581000,91.518890,94.341454,90.000000,1.518891,43.432793,0.927651
7582,7.582000,91.580757,94.202621,90.000000,1.580758,44.426147,0.923539
7583,7.583000,91.642067,94.066574,90.000000,1.642073,45.222576,0.919405
7584,7.584000,91.702751,93.933434,90.000000,1.702752,45.776581,0.915261
7585,7.585000,91.762733,93.803322,90.000000,1.762735,46.076855,0.911119
7586,7.586000,91.821938,93.676346,90.000000,1.821939,46.098976,0.906991
7587,7.587000,91.880310,93.552620,90.000000,1.880310,45.894646,0.902887
7588,7.588000,91.937775,93.432220,90.000000,1.937779,45.544518,0.898818
7589,7.589000,91.994270,93.315216,90.000000,1.994272,45.086971,0.894797
7590,7.590000,92.049736,93.201630,90.000000,2.049740,44.543140,0.890834
7591,7.591000,92.104103,93.091499,90.000000,2.104108,43.909546,0.886939
7592,7.592000,92.157318,92.984818,90.000000,2.157322,43.226955,0.883124
7593,7.593000,92.209328,92.881584,90.000000,2.209334,42.550903,0.879399
7594,7.594000,92.260063,92.781761,90.000000,2.260068,41.921276,0.875773
7595,7.595000,92.309479,92.685318,90.000000,2.309485,41.387268,0.872256
7596,7.596000,92.357521,92.592201,90.000000,2.357522,40.903019,0.868858
7597,7.597000,92.404137,92.502357,90.000000,2.404138,40.479820,0.865587
7598,7.598000,92.449272,92.415741,90.000000,2.449271,40.232578,0.862452
7599,7.599000,92.492882,92.332283,90.000000,2.492882,40.171799,0.859462
7600,7.600000,92.534920,92.251930,90.000000,2.534922,40.250252,0.856623
7601,7.601000,92.575340,92.174622,90.000000,2.575343,40.438400,0.853943
7602,7.602000,92.614105,92.100319,90.000000,2.614111,40.749500,0.851430
7603,7.603000,92.651176,92.028976,90.000000,2.651179,41.121956,0.849089
7604,7.604000,92.686508,91.960548,90.000000,2.686511,41.573959,0.846927
7605,7.605000,92.720062,91.895020,90.000000,2.720068,42.161171,0.844949
7606,7.606000,92.751808,91.832382,90.000000,2.751808,42.773041,0.843160
7607,7.607000,92.781700,91.772606,90.000000,2.781704,43.434235,0.841566
7608,7.608000,92.809715,91.715736,90.000000,2.809721,44.161430,0.840170
7609,7.609000,92.835823,91.661758,90.000000,2.835826,44.939499,0.838976
7610,7.610000,92.859985,91.610695,90.000000,2.859991,45.813324,0.837987
7611,7.611000,92.882195,91.562584,90.000000,2.882196,46.781452,0.837207
7612,7.612000,92.902405,91.517448,90.000000,2.902407,47.878044,0.836637
7613,7.613000,92.920601,91.475319,90.000000,2.920602,49.099510,0.836279
7614,7.614000,92.936752,91.436234,90.000000,2.936756,50.506996,0.836135
7615,7.615000,92.950851,91.400246,90.000000,2.950853,52.084930,0.836206
7616,7.616000,92.962875,91.367393,90.000000,2.962881,53.792870,0.836491
7617,7.617000,92.972809,91.337723,90.000000,2.972812,55.608250,0.836991
7618,7.618000,92.980637,91.311295,90.000000,2.980640,57.737160,0.837705
7619,7.619000,92.986343,91.288162,90.000000,2.986343,60.280495,0.838632
7620,7.620000,92.989922,91.268417,90.000000,2.989922,63.337433,0.839770
7621,7.621000,92.991364,91.252136,90.000000,2.991363,66.872322,0.841116
7622,7.622000,92.990654,91.239410,90.000000,2.990653,70.713104,0.842669
7623,7.623000,92.987793,91.230347,90.000000,2.987798,74.505501,0.844424
7624,7.624000,92.982796,91.225075,90.000000,2.982798,77.715622,0.846377
7625,7.625000,92.975639,91.223709,90.000000,2.975640,80.249054,0.848525
7626,7.626000,92.966331,91.226425,90.000000,2.966337,82.157883,0.850861
7627,7.627000,92.954887,91.233406,90.000000,2.954890,83.324127,0.853381
7628,7.628000,92.941292,91.244888,90.000000,2.941298,83.791229,0.856077
7629,7.629000,92.925583,91.261124,90.000000,2.925588,83.724274,0.858943
7630,7.630000,92.907753,91.282364,90.000000,2.907755,83.263702,0.861972
7631,7.631000,92.887817,91.308823,90.000000,2.887817,82.608292,0.865156
7632,7.632000,92.865791,91.340683,90.000000,2.865797,81.852615,0.868485
7633,7.633000,92.841705,91.378052,90.000000,2.841707,81.021988,0.871952
7634,7.634000,92.815575,91.420982,90.000000,2.815575,80.057053,0.875546
7635,7.635000,92.787422,91.469498,90.000000,2.787427,78.877167,0.879257
7636,7.636000,92.757278,91.523560,90.000000,2.757279,77.647011,0.883075
7637,7.637000,92.725174,91.583122,90.000000,2.725177,76.312943,0.886990
7638,7.638000,92.691147,91.648087,90.000000,2.691149,74.848366,0.890989
7639,7.639000,92.655228,91.718407,90.000000,2.655229,73.274612,0.895062
7640,7.640000,92.617447,91.793976,90.000000,2.617451,71.638947,0.899197
7641,7.641000,92.577858,91.874710,90.000000,2.577863,69.894684,0.903380
7642,7.642000,92.536514,91.960518,90.000000,2.536514,67.997185,0.907601
7643,7.643000,92.493431,92.051292,90.000000,2.493436,66.236244,0.911845
7644,7.644000,92.448685,92.146935,90.000000,2.448684,64.338417,0.916102
7645,7.645000,92.402313,92.247322,90.000000,2.402314,62.218990,0.920358
7646,7.646000,92.354370,92.352325,90.000000,2.354373,60.030327,0.924601
7647,7.647000,92.304916,92.461838,90.000000,2.304922,57.684570,0.928817
7648,7.648000,92.254013,92.575706,90.000000,2.254017,55.207687,0.932995
7649,7.649000,92.201706,92.693810,90.000000,2.201711,52.861973,0.937123
7650,7.650000,92.148071,92.816002,90.000000,2.148074,50.471451,0.941187
7651,7.651000,92.093163,92.942139,90.000000,2.093166,48.091793,0.945178
7652,7.652000,92.037056,93.072090,90.000000,2.037056,45.735939,0.949082
7653,7.653000,91.979813,93.205673,90.000000,1.979812,43.421406,0.952891
7654,7.654000,91.921501,93.342728,90.000000,1.921503,41.147968,0.956593
7655,7.655000,91.862190,93.483070,90.000000,1.862190,38.894386,0.960178
7656,7.656000,91.801956,93.626541,90.000000,1.801961,36.668938,0.963638
7657,7.657000,91.740875,93.772957,90.000000,1.740878,34.457962,0.966965
7658,7.658000,91.679024,93.922157,90.000000,1.679024,32.236626,0.970149
7659,7.659000,91.616463,94.073975,90.000000,1.616467,29.831619,0.973186
7660,7.660000,91.553299,94.228241,90.000000,1.553301,26.804176,0.976068
7661,7.661000,91.489586,94.384804,90.000000,1.489589,23.152687,0.978790
7662,7.662000,91.425415,94.543495,90.000000,1.425419,18.815750,0.981349
7663,7.663000,91.360863,94.704170,90.000000,1.360867,13.708803,0.983740
7664,7.664000,91.296021,94.866669,90.000000,1.296021,8.270537,0.985961
7665,7.665000,91.230957,95.030846,90.000000,1.230957,2.638412,0.988011
7666,7.666000,91.165764,95.196533,90.000000,1.165763,-2.585201,0.989889
7667,7.667000,91.100517,95.363533,90.000000,1.100521,-7.339663,0.991595
7668,7.668000,91.035316,95.531593,90.000000,1.035320,-11.644258,0.993130
7669,7.669000,90.970238,95.700424,90.000000,0.970242,-15.553649,0.994498
7670,7.670000,90.905365,95.869667,90.000000,0.905369,-19.424450,0.995700
7671,7.671000,90.840790,96.038956,90.000000,0.840789,-23.340799,0.996741
7672,7.672000,90.776581,96.207893,90.000000,0.776586,-27.028725,0.997625
7673,7.673000,90.712837,96.376099,90.000000,0.712839,-30.568253,0.998359
7674,7.674000,90.649643,96.543266,90.000000,0.649647,-33.888634,0.998947
7675,7.675000,90.587082,96.709076,90.000000,0.587082,-37.085945,0.999397
7676,7.676000,90.525223,96.873276,90.000000,0.525228,-40.638908,0.999717
7677,7.677000,90.464172,97.035622,90.000000,0.464173,-44.351265,0.999914
7678,7.678000,90.403992,97.195869,90.000000,0.403992,-48.085571,0.999996
7679,7.679000,90.344772,97.353752,90.000000,0.344774,-52.166355,0.999973
7680,7.680000,90.286583,97.509071,90.000000,0.286588,-56.819584,0.999854
7681,7.681000,90.229515,97.661598,90.000000,0.229515,-61.327095,0.999648
7682,7.682000,90.173630,97.811127,90.000000,0.173630,-65.722961,0.999365
7683,7.683000,90.119003,97.957443,90.000000,0.119009,-69.950089,0.999015
7684,7.684000,90.065727,98.100311,90.000000,0.065727,-73.800369,0.998607
7685,7.685000,90.013847,98.239471,90.000000,0.013852,-77.311264,0.998151
7686,7.686000,89.963455,98.374687,90.000000,-0.036542,-80.495468,0.997656
7687,7.687000,89.914604,98.505646,90.000000,-0.085391,-83.129539,0.997134
7688,7.688000,89.867378,98.632042,90.000000,-0.132622,-85.172913,0.996592
7689,7.689000,89.821808,98.753601,90.000000,-0.178186,-86.755890,0.996039
7690,7.690000,89.777985,98.870026,90.000000,-0.222015,-88.002029,0.995485
7691,7.691000,89.735947,98.981087,90.000000,-0.264048,-88.881683,0.994938
7692,7.692000,89.695763,99.086548,90.000000,-0.304237,-89.563812,0.994405
7693,7.693000,89.657478,99.186203,90.000000,-0.342520,-90.117966,0.993894
7694,7.694000,89.621147,99.279907,90.000000,-0.378850,-90.594727,0.993412
7695,7.695000,89.586823,99.367538,90.000000,-0.413179,-90.937256,0.992964
7696,7.696000,89.554535,99.449005,90.000000,-0.445465,-91.298676,0.992558
7697,7.697000,89.524330,99.524254,90.000000,-0.475668,-91.729362,0.992197
7698,7.698000,89.496254,99.593254,90.000000,-0.503747,-92.050873,0.991886
7699,7.699000,89.470337,99.655975,90.000000,-0.529661,-92.310165,0.991629
7700,7.700000,89.446609,99.712433,90.000000,-0.553389,-92.474167,0.991429
7701,7.701000,89.425102,99.762589,90.000000,-0.574897,-92.474609,0.991287
7702,7.702000,89.405838,99.806465,90.000000,-0.594158,-92.349579,0.991207
7703,7.703000,89.388847,99.844055,90.000000,-0.611152,-92.058136,0.991188
7704,7.704000,89.374146,99.875343,90.000000,-0.625850,-91.640686,0.991230
7705,7.705000,89.361748,99.900345,90.000000,-0.638247,-91.063736,0.991334
7706,7.706000,89.351677,99.919044,90.000000,-0.648322,-90.347321,0.991498
7707,7.707000,89.343933,99.931458,90.000000,-0.656067,-89.473289,0.991719
7708,7.708000,89.338524,99.937592,90.000000,-0.661476,-88.494576,0.991995
7709,7.709000,89.335464,99.937485,90.000000,-0.664536,-87.446259,0.992324
7710,7.710000,89.334740,99.931175,90.000000,-0.665260,-86.309448,0.992700
7711,7.711000,89.336357,99.918701,90.000000,-0.663642,-85.045273,0.993119
7712,7.712000,89.340302,99.900131,90.000000,-0.659694,-83.764648,0.993575
7713,7.713000,89.346588,99.875519,90.000000,-0.653410,-82.544411,0.994064
7714,7.714000,89.355186,99.844955,90.000000,-0.644811,-81.329056,0.994579
7715,7.715000,89.366081,99.808517,90.000000,-0.633917,-80.096184,0.995112
7716,7.716000,89.379265,99.766296,90.000000,-0.620734,-78.886559,0.995657
7717,7.717000,89.394714,99.718391,90.000000,-0.605285,-77.408104,0.996205
7718,7.718000,89.412407,99.664902,90.000000,-0.587594,-75.549026,0.996749
7719,7.719000,89.432312,99.605934,90.000000,-0.567684,-73.965706,0.997280
7720,7.720000,89.454399,99.541588,90.000000,-0.545595,-72.142044,0.997789
7721,7.721000,89.478653,99.471962,90.000000,-0.521348,-70.163345,0.998267
7722,7.722000,89.505020,99.397148,90.000000,-0.494977,-67.887131,0.998706
7723,7.723000,89.533478,99.317253,90.000000,-0.466522,-65.568741,0.999096
7724,7.724000,89.563972,99.232391,90.000000,-0.436026,-63.167019,0.999428
7725,7.725000,89.596474,99.142693,90.000000,-0.403521,-60.501526,0.999693
7726,7.726000,89.630936,99.048271,90.000000,-0.369062,-57.567242,0.999881
7727,7.727000,89.667305,98.949280,90.000000,-0.332692,-55.185703,0.999983
7728,7.728000,89.705544,98.845863,90.000000,-0.294456,-52.818268,0.999991
7729,7.729000,89.745590,98.738190,90.000000,-0.254404,-50.379601,0.999897
7730,7.730000,89.787392,98.626419,90.000000,-0.212603,-47.978996,0.999691
7731,7.731000,89.830902,98.510735,90.000000,-0.169095,-45.508572,0.999367
7732,7.732000,89.876053,98.391327,90.000000,-0.123947,-42.885468,0.998916
7733,7.733000,89.922783,98.268410,90.000000,-0.077215,-40.100636,0.998333
7734,7.734000,89.971039,98.142166,90.000000,-0.028960,-37.231308,0.997610
7735,7.735000,90.020744,98.012756,90.000000,0.020750,-34.277443,0.996742
7736,7.736000,90.071861,97.880371,90.000000,0.071860,-31.299303,0.995725
7737,7.737000,90.124290,97.745155,90.000000,0.124296,-28.404993,0.994553
7738,7.738000,90.177986,97.607300,90.000000,0.177988,-25.777416,0.993224
7739,7.739000,90.232864,97.466988,90.000000,0.232868,-23.023361,0.991734
7740,7.740000,90.288857,97.324402,90.000000,0.288862,-20.259586,0.990082
7741,7.741000,90.345909,97.179749,90.000000,0.345908,-17.268902,0.988266
7742,7.742000,90.403923,97.033241,90.000000,0.403924,-14.219934,0.986287
7743,7.743000,90.462830,96.885071,90.000000,0.462834,-11.023040,0.984144
7744,7.744000,90.522568,96.735466,90.000000,0.522571,-7.549022,0.981839
7745,7.745000,90.583054,96.584587,90.000000,0.583059,-3.595353,0.979375
7746,7.746000,90.644211,96.432632,90.000000,0.644210,0.871177,0.976754
7747,7.747000,90.705956,96.279793,90.000000,0.705955,5.786034,0.973980
7748,7.748000,90.768211,96.126266,90.000000,0.768212,10.836506,0.971058
7749,7.749000,90.830902,95.972267,90.000000,0.830906,15.319982,0.967995
7750,7.750000,90.893951,95.818001,90.000000,0.893956,19.616051,0.964795
7751,7.751000,90.957275,95.663704,90.000000,0.957278,23.467604,0.961465
7752,7.752000,91.020805,95.509651,90.000000,1.020806,26.813665,0.958015
7753,7.753000,91.084450,95.356140,90.000000,1.084450,29.714890,0.954451
7754,7.754000,91.148140,95.203499,90.000000,1.148141,32.266273,0.950783
7755,7.755000,91.211784,95.052086,90.000000,1.211785,34.516453,0.947020
7756,7.756000,91.275314,94.902206,90.000000,1.275319,36.558224,0.943171
7757,7.757000,91.338654,94.754158,90.000000,1.338656,38.603165,0.939248
7758,7.758000,91.401726,94.608200,90.000000,1.401726,40.449631,0.935260
7759,7.759000,91.464439,94.464554,90.000000,1.464440,42.225719,0.931218
7760,7.760000,91.526733,94.323418,90.000000,1.526738,43.569916,0.927134
7761,7.761000,91.588539,94.184944,90.000000,1.588545,44.541573,0.923018
7762,7.762000,91.649773,94.049263,90.000000,1.649777,45.313225,0.918883
7763,7.763000,91.710365,93.916504,90.000000,1.710368,45.830368,0.914739
7764,7.764000,91.770256,93.786789,90.000000,1.770255,46.100510,0.910599
7765,7.765000,91.829353,93.660225,90.000000,1.829357,46.083702,0.906473
7766,7.766000,91.887611,93.536926,90.000000,1.887612,45.856102,0.902373
7767,7.767000,91.944954,93.416962,90.000000,1.944958,45.489357,0.898310
7768,7.768000,92.001320,93.300400,90.000000,2.001320,45.023552,0.894296
7769,7.769000,92.056648,93.187256,90.000000,2.056652,44.467178,0.890341
7770,7.770000,92.110878,93.077568,90.000000,2.110877,43.825943,0.886457
7771,7.771000,92.163940,92.971344,90.000000,2.163940,43.138535,0.882653
7772,7.772000,92.215782,92.868553,90.000000,2.215781,42.468365,0.878940
7773,7.773000,92.266350,92.769165,90.000000,2.266352,41.842907,0.875327
7774,7.774000,92.315598,92.673157,90.000000,2.315598,41.321175,0.871826
7775,7.775000,92.363449,92.580460,90.000000,2.363450,40.836075,0.868443
7776,7.776000,92.409874,92.491043,90.000000,2.409875,40.435963,0.865190
7777,7.777000,92.454819,92.404839,90.000000,2.454818,40.213760,0.862073
7778,7.778000,92.498230,92.321785,90.000000,2.498230,40.172054,0.859101
7779,7.779000,92.540062,92.241829,90.000000,2.540065,40.266876,0.856283
7780,7.780000,92.580276,92.164917,90.000000,2.580281,40.468445,0.853624
7781,7.781000,92.618828,92.090988,90.000000,2.618831,40.788639,0.851133
7782,7.782000,92.655678,92.020027,90.000000,2.655680,41.169857,0.848814
7783,7.783000,92.690781,91.951981,90.000000,2.690780,41.646751,0.846676
7784,7.784000,92.724106,91.886826,90.000000,2.724105,42.242668,0.844722
7785,7.785000,92.755608,91.824554,90.000000,2.755612,42.850071,0.842958
7786,7.786000,92.785263,91.765160,90.000000,2.785269,43.519791,0.841389
7787,7.787000,92.813042,91.708649,90.000000,2.813040,44.254501,0.840019
7788,7.788000,92.838898,91.655045,90.000000,2.838900,45.038460,0.838851
7789,7.789000,92.862816,91.604370,90.000000,2.862819,45.924263,0.837889
7790,7.790000,92.884766,91.556641,90.000000,2.884764,46.908569,0.837135
7791,7.791000,92.904716,91.511879,90.000000,2.904715,48.028690,0.836592
7792,7.792000,92.922646,91.470146,90.000000,2.922652,49.257195,0.836262
7793,7.793000,92.938545,91.431465,90.000000,2.938545,50.696537,0.836145
7794,7.794000,92.952377,91.395874,90.000000,2.952383,52.295204,0.836243
7795,7.795000,92.964134,91.363426,90.000000,2.964138,54.014736,0.836556
7796,7.796000,92.973801,91.334167,90.000000,2.973803,55.852150,0.837084
7797,7.797000,92.981354,91.308159,90.000000,2.981357,58.051460,0.837825
7798,7.798000,92.986786,91.285461,90.000000,2.986787,60.631241,0.838779
7799,7.799000,92.990089,91.266151,90.000000,2.990093,63.772469,0.839944
7800,7.800000,92.991249,91.250313,90.000000,2.991254,67.355453,0.841317
7801,7.801000,92.990273,91.238052,90.000000,2.990277,71.219826,0.842895
7802,7.802000,92.987144,91.229469,90.000000,2.987149,74.942322,0.844676
7803,7.803000,92.981865,91.224686,90.000000,2.981869,78.079147,0.846654
7804,7.804000,92.974434,91.223831,90.000000,2.974438,80.528809,0.848826
7805,7.805000,92.964859,91.227081,90.000000,2.964862,82.348663,0.851186
7806,7.806000,92.953133,91.234619,90.000000,2.953135,83.417519,0.853728
7807,7.807000,92.939270,91.246696,90.000000,2.939276,83.812485,0.856447
7808,7.808000,92.923286,91.263565,90.000000,2.923287,83.685417,0.859334
7809,7.809000,92.905182,91.285461,90.000000,2.905187,83.191528,0.862383
7810,7.810000,92.884979,91.312607,90.000000,2.884983,82.521088,0.865586
7811,7.811000,92.862694,91.345161,90.000000,2.862696,81.751846,0.868933
7812,7.812000,92.838341,91.383232,90.000000,2.838346,80.911240,0.872416
7813,7.813000,92.811951,91.426888,90.000000,2.811954,79.913147,0.876025
7814,7.814000,92.783546,91.476112,90.000000,2.783548,78.712280,0.879751
7815,7.815000,92.753151,91.530884,90.000000,2.753154,77.471977,0.883582
7816,7.816000,92.720802,91.591141,90.000000,2.720806,76.130066,0.887508
7817,7.817000,92.686531,91.656799,90.000000,2.686532,74.645462,0.891517
7818,7.818000,92.650360,91.727783,90.000000,2.650366,73.062515,0.895598
7819,7.819000,92.612358,91.804024,90.000000,2.612363,71.422241,0.899739
7820,7.820000,92.572540,91.885414,90.000000,2.572543,69.660065,0.903928
7821,7.821000,92.530968,91.971863,90.000000,2.530967,67.743698,0.908152
7822,7.822000,92.487679,92.063271,90.000000,2.487678,66.003227,0.912399
7823,7.823000,92.442719,92.159515,90.000000,2.442721,64.083199,0.916656
7824,7.824000,92.396141,92.260506,90.000000,2.396146,61.947868,0.920910
7825,7.825000,92.348015,92.366089,90.000000,2.348014,59.740685,0.925150
7826,7.826000,92.298370,92.476166,90.000000,2.298372,57.372459,0.929362
7827,7.827000,92.247276,92.590584,90.000000,2.247282,54.887012,0.933534
7828,7.828000,92.194801,92.709213,90.000000,2.194806,52.553581,0.937654
7829,7.829000,92.140999,92.831917,90.000000,2.141005,50.164642,0.941709
7830,7.830000,92.085938,92.958549,90.000000,2.085940,47.787792,0.945689
7831,7.831000,92.029678,93.088966,90.000000,2.029679,45.436569,0.949582
7832,7.832000,91.972298,93.223000,90.000000,1.972299,43.130547,0.953377
7833,7.833000,91.913849,93.360481,90.000000,1.913853,40.861168,0.957064
7834,7.834000,91.854424,93.501236,90.000000,1.854424,38.608147,0.960634
7835,7.835000,91.794075,93.645088,90.000000,1.794079,36.387856,0.964077
7836,7.836000,91.732895,93.791862,90.000000,1.732894,34.174934,0.967385
7837,7.837000,91.670952,93.941406,90.000000,1.670951,31.960960,0.970551
7838,7.838000,91.608315,94.093544,90.000000,1.608318,29.457672,0.973567
7839,7.839000,91.545067,94.248108,90.000000,1.545071,26.367054,0.976429
7840,7.840000,91.481293,94.404945,90.000000,1.481297,22.627434,0.979130
7841,7.841000,91.417076,94.563896,90.000000,1.417080,18.173775,0.981667
7842,7.842000,91.352486,94.724808,90.000000,1.352487,13.016602,0.984037
7843,7.843000,91.287605,94.887527,90.000000,1.287607,7.551854,0.986236
7844,7.844000,91.222527,95.051903,90.000000,1.222529,1.919032,0.988263
7845,7.845000,91.157326,95.217773,90.000000,1.157328,-3.218916,0.990119
7846,7.846000,91.092087,95.384911,90.000000,1.092086,-7.912929,0.991803
7847,7.847000,91.026894,95.553085,90.000000,1.026898,-12.147774,0.993316
7848,7.848000,90.961838,95.721985,90.000000,0.961841,-16.051500,0.994662
7849,7.849000,90.897003,95.891251,90.000000,0.897002,-19.921230,0.995844
7850,7.850000,90.832458,96.060509,90.000000,0.832463,-23.824554,0.996864
7851,7.851000,90.768311,96.229355,90.000000,0.768314,-27.477095,0.997729
7852,7.852000,90.704643,96.397446,90.000000,0.704643,-31.010492,0.998443
7853,7.853000,90.641525,96.564438,90.000000,0.641526,-34.284824,0.999013
7854,7.854000,90.579048,96.730049,90.000000,0.579050,-37.530472,0.999446
7855,7.855000,90.517296,96.894020,90.000000,0.517298,-41.090706,0.999749
7856,7.856000,90.456345,97.056107,90.000000,0.456345,-44.816822,0.999931
7857,7.857000,90.396286,97.216049,90.000000,0.396288,-48.544685,0.999999
7858,7.858000,90.337189,97.373619,90.000000,0.337193,-52.736622,0.999963
7859,7.859000,90.279144,97.528580,90.000000,0.279150,-57.403656,0.999832
7860,7.860000,90.222221,97.680725,90.000000,0.222227,-61.893265,0.999616
7861,7.861000,90.166496,97.829849,90.000000,0.166500,-66.277985,0.999323
7862,7.862000,90.112045,97.975731,90.000000,0.112049,-70.460999,0.998965
7863,7.863000,90.058945,98.118134,90.000000,0.058945,-74.256142,0.998550
7864,7.864000,90.007256,98.256805,90.000000,0.007260,-77.728668,0.998089
7865,7.865000,89.957054,98.391495,90.000000,-0.042941,-80.863586,0.997590
7866,7.866000,89.908409,98.521881,90.000000,-0.091586,-83.427521,0.997064
7867,7.867000,89.861389,98.647675,90.000000,-0.138612,-85.393372,0.996520
7868,7.868000,89.816048,98.768585,90.000000,-0.183951,-86.932289,0.995967
7869,7.869000,89.772446,98.884346,90.000000,-0.227555,-88.141083,0.995413
7870,7.870000,89.730644,98.994690,90.000000,-0.269355,-88.974594,0.994868
7871,7.871000,89.690697,99.099419,90.000000,-0.309298,-89.634003,0.994337
7872,7.872000,89.652672,99.198326,90.000000,-0.347329,-90.185883,0.993829
7873,7.873000,89.616592,99.291260,90.000000,-0.383406,-90.636353,0.993351
7874,7.874000,89.582520,99.378098,90.000000,-0.417482,-90.981644,0.992909
7875,7.875000,89.550499,99.458778,90.000000,-0.449502,-91.361320,0.992508
7876,7.876000,89.520569,99.533226,90.000000,-0.479431,-91.772873,0.992153
7877,7.877000,89.492760,99.601425,90.000000,-0.507237,-92.091476,0.991849
7878,7.878000,89.467125,99.663345,90.000000,-0.532871,-92.337646,0.991599
7879,7.879000,89.443680,99.718994,90.000000,-0.556319,-92.484100,0.991406
7880,7.880000,89.422455,99.768349,90.000000,-0.577540,-92.479424,0.991272
7881,7.881000,89.403488,99.811417,90.000000,-0.596508,-92.331566,0.991200
7882,7.882000,89.386787,99.848198,90.000000,-0.613208,-92.019493,0.991188
7883,7.883000,89.372383,99.878693,90.000000,-0.627612,-91.574554,0.991239
7884,7.884000,89.360283,99.902885,90.000000,-0.639715,-90.975227,0.991350
7885,7.885000,89.350510,99.920776,90.000000,-0.649489,-90.242401,0.991521
7886,7.886000,89.343063,99.932381,90.000000,-0.656934,-89.348801,0.991750
7887,7.887000,89.337952,99.937721,90.000000,-0.662043,-88.363144,0.992033
7888,7.888000,89.335190,99.936813,90.000000,-0.664810,-87.311424,0.992368
7889,7.889000,89.334763,99.929710,90.000000,-0.665233,-86.152008,0.992750
7890,7.890000,89.336678,99.916458,90.000000,-0.663321,-84.869522,0.993174
7891,7.891000,89.340935,99.897095,90.000000,-0.659065,-83.604126,0.993635
7892,7.892000,89.347511,99.871727,90.000000,-0.652488,-82.393539,0.994128
7893,7.893000,89.356400,99.840401,90.000000,-0.643595,-81.177200,0.994645
7894,7.894000,89.367592,99.803215,90.000000,-0.632407,-79.941040,0.995180
7895,7.895000,89.381065,99.760262,90.000000,-0.618931,-78.727737,0.995726
7896,7.896000,89.396805,99.711632,90.000000,-0.603194,-77.195236,0.996274
7897,7.897000,89.414772,99.657433,90.000000,-0.585224,-75.347290,0.996817
7898,7.898000,89.434967,99.597771,90.000000,-0.565034,-73.758369,0.997345
7899,7.899000,89.457329,99.532745,90.000000,-0.542665,-71.892609,0.997851
7900,7.900000,89.481850,99.462448,90.000000,-0.518145,-69.884697,0.998325
7901,7.901000,89.508492,99.386978,90.000000,-0.491507,-67.590752,0.998759
7902,7.902000,89.537201,99.306442,90.000000,-0.462793,-65.261688,0.999142
7903,7.903000,89.567963,99.220947,90.000000,-0.432037,-62.842506,0.999466
7904,7.904000,89.600716,99.130630,90.000000,-0.399279,-60.124489,0.999721
7905,7.905000,89.635422,99.035614,90.000000,-0.364575,-57.250172,0.999899
7906,7.906000,89.672043,98.936050,90.000000,-0.327958,-54.877808,0.999990
7907,7.907000,89.710510,98.832077,90.000000,-0.289491,-52.498596,0.999985
7908,7.908000,89.750778,98.723854,90.000000,-0.249220,-50.055531,0.999877
7909,7.909000,89.792801,98.611565,90.000000,-0.207194,-47.658268,0.999657
7910,7.910000,89.836525,98.495392,90.000000,-0.163474,-45.173447,0.999317
7911,7.911000,89.881874,98.375526,90.000000,-0.118121,-42.534416,0.998850
7912,7.912000,89.928810,98.252167,90.000000,-0.071191,-39.724331,0.998249
7913,7.913000,89.977249,98.125511,90.000000,-0.022751,-36.849831,0.997508
7914,7.914000,90.027138,97.995705,90.000000,0.027143,-33.894970,0.996622
7915,7.915000,90.078423,97.862938,90.000000,0.078424,-30.907804,0.995585
7916,7.916000,90.131012,97.727379,90.000000,0.131017,-28.057816,0.994394
7917,7.917000,90.184860,97.589195,90.000000,0.184866,-25.435757,0.993044
7918,7.918000,90.239891,97.448586,90.000000,0.239890,-22.673038,0.991534
7919,7.919000,90.296028,97.305725,90.000000,0.296027,-19.892670,0.989862
7920,7.920000,90.353195,97.160820,90.000000,0.353196,-16.879663,0.988025
7921,7.921000,90.411324,97.014091,90.000000,0.411328,-13.812451,0.986025
7922,7.922000,90.470345,96.865738,90.000000,0.470347,-10.597118,0.983862
7923,7.923000,90.530174,96.715950,90.000000,0.530180,-7.074214,0.981537
7924,7.924000,90.590744,96.564926,90.000000,0.590750,-3.063062,0.979052
7925,7.925000,90.651978,96.412857,90.000000,0.651982,1.490818,0.976412
7926,7.926000,90.713791,96.259918,90.000000,0.713796,6.421992,0.973620
7927,7.927000,90.776108,96.106323,90.000000,0.776108,11.476749,0.970680
7928,7.928000,90.838844,95.952278,90.000000,0.838850,15.885619,0.967599
7929,7.929000,90.901932,95.797997,90.000000,0.901933,20.151505,0.964382
7930,7.930000,90.965286,95.643723,90.000000,0.965290,23.927927,0.961038
7931,7.931000,91.028831,95.489723,90.000000,1.028831,27.210602,0.957573
7932,7.932000,91.092484,95.336304,90.000000,1.092489,30.056297,0.953995
7933,7.933000,91.156166,95.183800,90.000000,1.156167,32.574928,0.950315
7934,7.934000,91.219803,95.032570,90.000000,1.219803,34.786812,0.946541
7935,7.935000,91.283310,94.882912,90.000000,1.283311,36.826073,0.942683
7936,7.936000,91.346611,94.735123,90.000000,1.346613,38.860825,0.938751
7937,7.937000,91.409637,94.589455,90.000000,1.409642,40.681770,0.934756
7938,7.938000,91.472305,94.446129,90.000000,1.472309,42.460106,0.930709
7939,7.939000,91.534538,94.305328,90.000000,1.534539,43.710396,0.926620
7940,7.940000,91.596268,94.167206,90.000000,1.596270,44.656700,0.922502
7941,7.941000,91.657425,94.031898,90.000000,1.657427,45.397949,0.918366
7942,7.942000,91.717926,93.899529,90.000000,1.717929,45.877029,0.914222
7943,7.943000,91.777710,93.770218,90.000000,1.777714,46.119240,0.910083
7944,7.944000,91.836700,93.644073,90.000000,1.836706,46.066963,0.905961
7945,7.945000,91.894844,93.521202,90.000000,1.894845,45.817444,0.901865
7946,7.946000,91.952065,93.401688,90.000000,1.952068,45.434258,0.897809
7947,7.947000,92.008301,93.285561,90.000000,2.008301,44.958588,0.893802
7948,7.948000,92.063477,93.172874,90.000000,2.063482,44.388054,0.889856
7949,7.949000,92.117561,93.063637,90.000000,2.117563,43.736755,0.885982
7950,7.950000,92.170471,92.957855,90.000000,2.170470,43.048641,0.882190
7951,7.951000,92.222153,92.855515,90.000000,2.222154,42.383869,0.878489
7952,7.952000,92.272552,92.756577,90.000000,2.272554,41.764000,0.874891
7953,7.953000,92.321609,92.660995,90.000000,2.321615,41.256863,0.871405
7954,7.954000,92.369286,92.568733,90.000000,2.369290,40.770771,0.868039
7955,7.955000,92.415520,92.479744,90.000000,2.415524,40.394260,0.864803
7956,7.956000,92.460266,92.393951,90.000000,2.460268,40.197411,0.861705
7957,7.957000,92.503471,92.311310,90.000000,2.503476,40.175484,0.858753
7958,7.958000,92.545105,92.231750,90.000000,2.545106,40.283539,0.855954
7959,7.959000,92.585098,92.155228,90.000000,2.585104,40.507980,0.853317
7960,7.960000,92.623428,92.081703,90.000000,2.623435,40.837318,0.850848
7961,7.961000,92.660057,92.011116,90.000000,2.660058,41.222404,0.848553
7962,7.962000,92.694931,91.943443,90.000000,2.694933,41.718376,0.846438
7963,7.963000,92.728020,91.878670,90.000000,2.728025,42.315659,0.844508
7964,7.964000,92.759293,91.816772,90.000000,2.759294,42.935112,0.842769
7965,7.965000,92.788712,91.757751,90.000000,2.788712,43.612263,0.841226
7966,7.966000,92.816238,91.701622,90.000000,2.816237,44.355118,0.839881
7967,7.967000,92.841843,91.648399,90.000000,2.841843,45.146076,0.838740
7968,7.968000,92.865509,91.598106,90.000000,2.865510,46.044628,0.837805
7969,7.969000,92.887199,91.550758,90.000000,2.887203,47.037899,0.837078
7970,7.970000,92.906891,91.506393,90.000000,2.906894,48.180588,0.836563
7971,7.971000,92.924561,91.465057,90.000000,2.924564,49.420528,0.836260
7972,7.972000,92.940193,91.426773,90.000000,2.940198,50.891232,0.836171
7973,7.973000,92.953758,91.391594,90.000000,2.953763,52.507656,0.836296
7974,7.974000,92.965248,91.359558,90.000000,2.965251,54.232956,0.836637
7975,7.975000,92.974640,91.330719,90.000000,2.974643,56.100327,0.837192
7976,7.976000,92.981918,91.305138,90.000000,2.981924,58.370171,0.837960
7977,7.977000,92.987083,91.282867,90.000000,2.987087,60.983562,0.838941
7978,7.978000,92.990112,91.264015,90.000000,2.990113,64.220810,0.840133
7979,7.979000,92.990997,91.248634,90.000000,2.991001,67.848984,0.841532
7980,7.980000,92.989746,91.236839,90.000000,2.989751,71.727951,0.843137
7981,7.981000,92.986343,91.228745,90.000000,2.986343,75.383057,0.844943
7982,7.982000,92.980789,91.224457,90.000000,2.980790,78.446411,0.846946
7983,7.983000,92.973076,91.224129,90.000000,2.973079,80.808823,0.849142
7984,7.984000,92.963219,91.227921,90.000000,2.963223,82.537132,0.851526
7985,7.985000,92.951225,91.236038,90.000000,2.951229,83.511757,0.854091
7986,7.986000,92.937096,91.248711,90.000000,2.937097,83.826378,0.856831
7987,7.987000,92.920830,91.266212,90.000000,2.920835,83.637375,0.859739
7988,7.988000,92.902466,91.288780,90.000000,2.902468,83.108154,0.862808
7989,7.989000,92.881996,91.316620,90.000000,2.881998,82.423935,0.866029
7990,7.990000,92.859444,91.349884,90.000000,2.859445,81.645470,0.869394
7991,7.991000,92.834824,91.388680,90.000000,2.834829,80.792915,0.872894
7992,7.992000,92.808174,91.433052,90.000000,2.808177,79.765160,0.876518
7993,7.993000,92.779518,91.483002,90.000000,2.779518,78.551056,0.880257
7994,7.994000,92.748871,91.538490,90.000000,2.748871,77.294571,0.884101
7995,7.995000,92.716270,91.599449,90.000000,2.716270,75.941116,0.888037
7996,7.996000,92.681755,91.665802,90.000000,2.681757,74.438599,0.892056
7997,7.997000,92.645355,91.737480,90.000000,2.645360,72.848839,0.896145
7998,7.998000,92.607117,91.814392,90.000000,2.607117,71.198303,0.900292
7999,7.999000,92.567078,91.896446,90.000000,2.567079,69.415573,0.904485
8000,8.000000,92.525284,91.983543,90.000000,2.525285,67.503716,0.908712
8001,8.001000,92.481773,92.075584,90.000000,2.481776,65.757393,0.912961
8002,8.002000,92.436607,92.172455,90.000000,2.436608,63.818108,0.917217
8003,8.003000,92.389832,92.274040,90.000000,2.389835,61.670986,0.921470
8004,8.004000,92.341499,92.380219,90.000000,2.341505,59.443295,0.925706
8005,8.005000,92.291679,92.490860,90.000000,2.291679,57.057762,0.929913
8006,8.006000,92.240410,92.605827,90.000000,2.240411,54.591675,0.934078
8007,8.007000,92.187767,92.724991,90.000000,2.187771,52.240894,0.938190
8008,8.008000,92.133804,92.848206,90.000000,2.133806,49.852982,0.942235
8009,8.009000,92.078590,92.975342,90.000000,2.078590,47.479065,0.946204
8010,8.010000,92.022186,93.106232,90.000000,2.022187,45.133286,0.950084
8011,8.011000,91.964661,93.240715,90.000000,1.964663,42.836075,0.953865
8012,8.012000,91.906090,93.378632,90.000000,1.906094,40.572845,0.957537
8013,8.013000,91.846542,93.519798,90.000000,1.846548,38.321648,0.961090
8014,8.014000,91.786102,93.664040,90.000000,1.786101,36.102356,0.964516
8015,8.015000,91.724815,93.811180,90.000000,1.724821,33.879227,0.967806
8016,8.016000,91.662781,93.961067,90.000000,1.662782,31.675003,0.970952
8017,8.017000,91.600075,94.113525,90.000000,1.600074,29.075439,0.973949
8018,8.018000,91.536766,94.268394,90.000000,1.536765,25.917931,0.976790
8019,8.019000,91.472931,94.425514,90.000000,1.472930,22.096149,0.979469
8020,8.020000,91.408661,94.584724,90.000000,1.408665,17.517492,0.981984
8021,8.021000,91.344032,94.745888,90.000000,1.344038,12.320592,0.984331
8022,8.022000,91.279137,94.908829,90.000000,1.279137,6.816077,0.986508
8023,8.023000,91.214035,95.073410,90.000000,1.214039,1.219102,0.988513
8024,8.024000,91.148827,95.239441,90.000000,1.148831,-3.877956,0.990346
8025,8.025000,91.083603,95.406731,90.000000,1.083603,-8.495281,0.992008
8026,8.026000,91.018433,95.575020,90.000000,1.018436,-12.664787,0.993500
8027,8.027000,90.953400,95.743980,90.000000,0.953406,-16.561472,0.994824
8028,8.028000,90.888603,95.913261,90.000000,0.888608,-20.433790,0.995984
8029,8.029000,90.824120,96.082489,90.000000,0.824124,-24.316315,0.996984
8030,8.030000,90.760040,96.251251,90.000000,0.760043,-27.938297,0.997829
8031,8.031000,90.696434,96.419212,90.000000,0.696440,-31.463478,0.998524
8032,8.032000,90.633400,96.586037,90.000000,0.633404,-34.685440,0.999076
8033,8.033000,90.571022,96.751442,90.000000,0.571024,-37.980961,0.999492
8034,8.034000,90.509377,96.915184,90.000000,0.509382,-41.562630,0.999779
8035,8.035000,90.448547,97.076996,90.000000,0.448552,-45.294418,0.999945
8036,8.036000,90.388618,97.236641,90.000000,0.388617,-49.004559,1.000000
8037,8.037000,90.329659,97.393867,90.000000,0.329659,-53.339451,0.999952
8038,8.038000,90.271767,97.548470,90.000000,0.271766,-57.985680,0.999809
8039,8.039000,90.214996,97.700226,90.000000,0.215001,-62.461395,0.999583
8040,8.040000,90.159439,97.848946,90.000000,0.159444,-66.837128,0.999281
8041,8.041000,90.105164,97.994377,90.000000,0.105164,-70.976456,0.998915
8042,8.042000,90.052246,98.136299,90.000000,0.052251,-74.715042,0.998494
8043,8.043000,90.000755,98.274475,90.000000,0.000758,-78.153625,0.998028
8044,8.044000,89.950760,98.408615,90.000000,-0.049239,-81.231361,0.997525
8045,8.045000,89.902336,98.538422,90.000000,-0.097665,-83.712494,0.996997
8046,8.046000,89.855522,98.663597,90.000000,-0.144472,-85.613594,0.996452
8047,8.047000,89.810410,98.783859,90.000000,-0.189586,-87.108047,0.995898
8048,8.048000,89.767044,98.898918,90.000000,-0.232950,-88.264847,0.995345
8049,8.049000,89.725494,99.008553,90.000000,-0.274505,-89.075172,0.994801
8050,8.050000,89.685799,99.112534,90.000000,-0.314202,-89.711853,0.994274
8051,8.051000,89.648018,99.210670,90.000000,-0.351980,-90.259964,0.993770
8052,8.052000,89.612206,99.302826,90.000000,-0.387791,-90.690475,0.993296
8053,8.053000,89.578407,99.388863,90.000000,-0.421593,-91.027397,0.992859
8054,8.054000,89.546654,99.468735,90.000000,-0.453340,-91.420006,0.992464
8055,8.055000,89.517006,99.542374,90.000000,-0.482990,-91.814667,0.992116
8056,8.056000,89.489487,99.609756,90.000000,-0.510509,-92.133942,0.991819
8057,8.057000,89.464134,99.670868,90.000000,-0.535862,-92.365875,0.991576
8058,8.058000,89.440987,99.725693,90.000000,-0.559010,-92.488739,0.991391
8059,8.059000,89.420059,99.774231,90.000000,-0.579938,-92.469833,0.991265
8060,8.060000,89.401390,99.816490,90.000000,-0.598605,-92.300972,0.991201
8061,8.061000,89.384995,99.852448,90.000000,-0.615004,-91.975349,0.991198
8062,8.062000,89.370888,99.882118,90.000000,-0.629108,-91.504562,0.991256
8063,8.063000,89.359093,99.905495,90.000000,-0.640904,-90.888840,0.991376
8064,8.064000,89.349625,99.922569,90.000000,-0.650371,-90.133606,0.991554
8065,8.065000,89.342491,99.933350,90.000000,-0.657508,-89.228706,0.991790
8066,8.066000,89.337685,99.937881,90.000000,-0.662310,-88.230209,0.992080
8067,8.067000,89.335228,99.936165,90.000000,-0.664769,-87.162712,0.992421
8068,8.068000,89.335114,99.928261,90.000000,-0.664885,-85.988876,0.992809
8069,8.069000,89.337341,99.914200,90.000000,-0.662658,-84.702728,0.993238
8070,8.070000,89.341896,99.894058,90.000000,-0.658102,-83.447693,0.993703
8071,8.071000,89.348778,99.867905,90.000000,-0.651218,-82.244781,0.994199
8072,8.072000,89.357971,99.835808,90.000000,-0.642024,-81.020981,0.994719
8073,8.073000,89.369469,99.797867,90.000000,-0.630529,-79.782730,0.995256
8074,8.074000,89.383240,99.754173,90.000000,-0.616759,-78.561859,0.995802
8075,8.075000,89.399269,99.704811,90.000000,-0.600729,-76.972206,0.996350
8076,8.076000,89.417534,99.649902,90.000000,-0.582465,-75.157784,0.996891
8077,8.077000,89.438011,99.589531,90.000000,-0.561988,-73.533127,0.997417
8078,8.078000,89.460663,99.523811,90.000000,-0.539332,-71.642021,0.997918
8079,8.079000,89.485466,99.452835,90.000000,-0.514532,-69.601334,0.998387
8080,8.080000,89.512375,99.376701,90.000000,-0.487621,-67.291344,0.998814
8081,8.081000,89.541367,99.295509,90.000000,-0.458634,-64.961578,0.999190
8082,8.082000,89.572380,99.209373,90.000000,-0.427618,-62.510597,0.999505
8083,8.083000,89.605400,99.118439,90.000000,-0.394601,-59.737244,0.999750
8084,8.084000,89.640350,99.022812,90.000000,-0.359644,-56.935410,0.999916
8085,8.085000,89.677216,98.922661,90.000000,-0.322781,-54.564388,0.999995
8086,8.086000,89.715919,98.818123,90.000000,-0.284074,-52.171219,0.999977
8087,8.087000,89.756424,98.709358,90.000000,-0.243571,-49.736881,0.999854
8088,8.088000,89.798676,98.596550,90.000000,-0.201320,-47.330879,0.999618
8089,8.089000,89.842613,98.479881,90.000000,-0.157388,-44.835999,0.999261
8090,8.090000,89.888176,98.359543,90.000000,-0.111824,-42.174835,0.998776
8091,8.091000,89.935303,98.235733,90.000000,-0.064696,-39.344631,0.998157
8092,8.092000,89.983940,98.108650,90.000000,-0.016058,-36.458252,0.997397
8093,8.093000,90.034019,97.978447,90.000000,0.034021,-33.502991,0.996491
8094,8.094000,90.085472,97.845306,90.000000,0.085473,-30.515297,0.995434
8095,8.095000,90.138237,97.709396,90.000000,0.138236,-27.715065,0.994221
8096,8.096000,90.192230,97.570877,90.000000,0.192236,-25.077995,0.992851
8097,8.097000,90.247406,97.429962,90.000000,0.247410,-22.313677,0.991319
8098,8.098000,90.303680,97.286819,90.000000,0.303684,-19.511358,0.989624
8099,8.099000,90.360977,97.141670,90.000000,0.360982,-16.486038,0.987766
8100,8.100000,90.419235,96.994713,90.000000,0.419237,-13.393430,0.985744
8101,8.101000,90.478363,96.846153,90.000000,0.478366,-10.151058,0.983559
8102,8.102000,90.538292,96.696198,90.000000,0.538294,-6.575849,0.981212
8103,8.103000,90.598953,96.545036,90.000000,0.598953,-2.509313,0.978707
8104,8.104000,90.660255,96.392838,90.000000,0.660261,2.127942,0.976046
8105,8.105000,90.722137,96.239799,90.000000,0.722142,7.075367,0.973234
8106,8.106000,90.784515,96.086136,90.000000,0.784516,12.069712,0.970275
8107,8.107000,90.847305,95.932037,90.000000,0.847305,16.468142,0.967175
8108,8.108000,90.910431,95.777740,90.000000,0.910430,20.686493,0.963941
8109,8.109000,90.973808,95.623489,90.000000,0.973814,24.391058,0.960580
8110,8.110000,91.037369,95.469551,90.000000,1.037369,27.610432,0.957100
8111,8.111000,91.101021,95.316231,90.000000,1.101026,30.404842,0.953508
8112,8.112000,91.164703,95.163879,90.000000,1.164704,32.891144,0.949815
8113,8.113000,91.228325,95.012833,90.000000,1.228328,35.063477,0.946029
8114,8.114000,91.291801,94.863396,90.000000,1.291807,37.100033,0.942161
8115,8.115000,91.355072,94.715874,90.000000,1.355075,39.123199,0.938220
8116,8.116000,91.418053,94.570511,90.000000,1.418056,40.918884,0.934217
8117,8.117000,91.480667,94.427498,90.000000,1.480669,42.699661,0.930164
8118,8.118000,91.542831,94.287041,90.000000,1.542837,43.857513,0.926071
8119,8.119000,91.604492,94.149284,90.000000,1.604493,44.776779,0.921950
8120,8.120000,91.665558,94.014351,90.000000,1.665562,45.487480,0.917812
8121,8.121000,91.725967,93.882378,90.000000,1.725968,45.930870,0.913669
8122,8.122000,91.785645,93.753479,90.000000,1.785650,46.136799,0.909531
8123,8.123000,91.844528,93.627762,90.000000,1.844533,46.050171,0.905412
8124,8.124000,91.902550,93.505333,90.000000,1.902556,45.777580,0.901321
8125,8.125000,91.959641,93.386261,90.000000,1.959643,45.371132,0.897270
8126,8.126000,92.015739,93.270592,90.000000,2.015739,44.887459,0.893271
8127,8.127000,92.070778,93.158363,90.000000,2.070777,44.302513,0.889334
8128,8.128000,92.124695,93.049599,90.000000,2.124701,43.644520,0.885470
8129,8.129000,92.177444,92.944275,90.000000,2.177450,42.957344,0.881690
8130,8.130000,92.228958,92.842384,90.000000,2.228964,42.296967,0.878003
8131,8.131000,92.279182,92.743904,90.000000,2.279186,41.688644,0.874419
8132,8.132000,92.328064,92.648773,90.000000,2.328063,41.192421,0.870948
8133,8.133000,92.375542,92.556953,90.000000,2.375546,40.709404,0.867599
8134,8.134000,92.421585,92.468384,90.000000,2.421589,40.354004,0.864381
8135,8.135000,92.466125,92.383018,90.000000,2.466128,40.184647,0.861302
8136,8.136000,92.509132,92.300789,90.000000,2.509131,40.182724,0.858370
8137,8.137000,92.550537,92.221642,90.000000,2.550543,40.303688,0.855592
8138,8.138000,92.590317,92.145523,90.000000,2.590322,40.544739,0.852977
8139,8.139000,92.628426,92.072388,90.000000,2.628428,40.886162,0.850531
8140,8.140000,92.664818,92.002197,90.000000,2.664819,41.277519,0.848259
8141,8.141000,92.699455,91.934914,90.000000,2.699461,41.793011,0.846168
8142,8.142000,92.732307,91.870522,90.000000,2.732308,42.396393,0.844264
8143,8.143000,92.763329,91.809006,90.000000,2.763330,43.024246,0.842551
8144,8.144000,92.792496,91.750374,90.000000,2.792495,43.711128,0.841034
8145,8.145000,92.819763,91.694626,90.000000,2.819768,44.459286,0.839716
8146,8.146000,92.845123,91.641800,90.000000,2.845122,45.262314,0.838602
8147,8.147000,92.868530,91.591888,90.000000,2.868529,46.175556,0.837694
8148,8.148000,92.889954,91.544937,90.000000,2.889955,47.182671,0.836995
8149,8.149000,92.909378,91.500977,90.000000,2.909380,48.340340,0.836508
8150,8.150000,92.926781,91.460045,90.000000,2.926784,49.596897,0.836234
8151,8.151000,92.942139,91.422173,90.000000,2.942138,51.095169,0.836173
8152,8.152000,92.955429,91.387405,90.000000,2.955430,52.732666,0.836327
8153,8.153000,92.966637,91.355797,90.000000,2.966638,54.468674,0.836696
8154,8.154000,92.975746,91.327385,90.000000,2.975749,56.362968,0.837279
8155,8.155000,92.982750,91.302238,90.000000,2.982750,58.702415,0.838076
8156,8.156000,92.987633,91.280434,90.000000,2.987634,61.352898,0.839085
8157,8.157000,92.990379,91.262024,90.000000,2.990380,64.688629,0.840304
8158,8.158000,92.990974,91.247124,90.000000,2.990981,68.358894,0.841731
8159,8.159000,92.989441,91.235817,90.000000,2.989444,72.242546,0.843362
8160,8.160000,92.985748,91.228226,90.000000,2.985749,75.817551,0.845195
8161,8.161000,92.979904,91.224449,90.000000,2.979909,78.789917,0.847224
8162,8.162000,92.971916,91.224663,90.000000,2.971918,81.063461,0.849445
8163,8.163000,92.961777,91.229012,90.000000,2.961782,82.703156,0.851853
8164,8.164000,92.949501,91.237717,90.000000,2.949501,83.585556,0.854442
8165,8.165000,92.935081,91.251022,90.000000,2.935082,83.825821,0.857204
8166,8.166000,92.918541,91.269180,90.000000,2.918546,83.576408,0.860134
8167,8.167000,92.899887,91.292442,90.000000,2.899893,83.019501,0.863224
8168,8.168000,92.879150,91.320992,90.000000,2.879150,82.320847,0.866464
8169,8.169000,92.856323,91.354980,90.000000,2.856323,81.532471,0.869847
8170,8.170000,92.831436,91.394516,90.000000,2.831441,80.668633,0.873364
8171,8.171000,92.804520,91.439629,90.000000,2.804523,79.611542,0.877004
8172,8.172000,92.775597,91.490311,90.000000,2.775598,78.392578,0.880757
8173,8.173000,92.744690,91.546532,90.000000,2.744691,77.124092,0.884614
8174,8.174000,92.711838,91.608208,90.000000,2.711838,75.750336,0.888562
8175,8.175000,92.677071,91.675270,90.000000,2.677072,74.229797,0.892590
8176,8.176000,92.640427,91.747643,90.000000,2.640428,72.631180,0.896688
8177,8.177000,92.601944,91.825233,90.000000,2.601947,70.966034,0.900841
8178,8.178000,92.561676,91.907967,90.000000,2.561676,69.158531,0.905040
8179,8.179000,92.519646,91.995728,90.000000,2.519650,67.276054,0.909270
8180,8.180000,92.475922,92.088409,90.000000,2.475923,65.504822,0.913520
8181,8.181000,92.430542,92.185913,90.000000,2.430543,63.537193,0.917777
8182,8.182000,92.383553,92.288101,90.000000,2.383558,61.379257,0.922028
8183,8.183000,92.335030,92.394882,90.000000,2.335030,59.129845,0.926261
8184,8.184000,92.285011,92.506104,90.000000,2.285012,56.726883,0.930463
8185,8.185000,92.233559,92.621635,90.000000,2.233561,54.280518,0.934622
8186,8.186000,92.180740,92.741341,90.000000,2.180743,51.916451,0.938725
8187,8.187000,92.126610,92.865082,90.000000,2.126613,49.530792,0.942761
8188,8.188000,92.071228,92.992722,90.000000,2.071234,47.160976,0.946719
8189,8.189000,92.014679,93.124092,90.000000,2.014680,44.821308,0.950586
8190,8.190000,91.957016,93.259041,90.000000,1.957020,42.534531,0.954354
8191,8.191000,91.898315,93.397392,90.000000,1.898321,40.270859,0.958010
8192,8.192000,91.838654,93.538971,90.000000,1.838653,38.023247,0.961547
8193,8.193000,91.778084,93.683601,90.000000,1.778089,35.809021,0.964955
8194,8.194000,91.716705,93.831116,90.000000,1.716707,33.580879,0.968227
8195,8.195000,91.654587,93.981346,90.000000,1.654586,31.389404,0.971354
8196,8.196000,91.591789,94.134125,90.000000,1.591789,28.691711,0.974330
8197,8.197000,91.528412,94.289291,90.000000,1.528412,25.465158,0.977150
8198,8.198000,91.464523,94.446693,90.000000,1.464522,21.556360,0.979808
8199,8.199000,91.400200,94.606171,90.000000,1.400202,16.860844,0.982301
8200,8.200000,91.335533,94.767563,90.000000,1.335534,11.615915,0.984626
8201,8.201000,91.270607,94.930733,90.000000,1.270606,6.064116,0.986780
8202,8.202000,91.205490,95.095512,90.000000,1.205494,0.525999,0.988763
8203,8.203000,91.140282,95.261719,90.000000,1.140286,-4.523103,0.990573
8204,8.204000,91.075066,95.429161,90.000000,1.075065,-9.084206,0.992212
8205,8.205000,91.009903,95.597549,90.000000,1.009905,-13.190123,0.993682
8206,8.206000,90.944908,95.766579,90.000000,0.944909,-17.080711,0.994985
8207,8.207000,90.880150,95.935867,90.000000,0.880152,-20.953957,0.996123
8208,8.208000,90.815712,96.105049,90.000000,0.815716,-24.817394,0.997103
8209,8.209000,90.751694,96.273735,90.000000,0.751696,-28.414240,0.997928
8210,8.210000,90.688164,96.441559,90.000000,0.688169,-31.920343,0.998604
8211,8.211000,90.625221,96.608215,90.000000,0.625222,-35.093201,0.999137
8212,8.212000,90.562935,96.773415,90.000000,0.562937,-38.446518,0.999536
8213,8.213000,90.501396,96.936905,90.000000,0.501397,-42.050156,0.999807
8214,8.214000,90.440681,97.098450,90.000000,0.440684,-45.792389,0.999959
8215,8.215000,90.380875,97.257774,90.000000,0.380879,-49.480022,0.999999
8216,8.216000,90.322060,97.414680,90.000000,0.322064,-53.967617,0.999938
8217,8.217000,90.264313,97.568909,90.000000,0.264315,-58.583252,0.999785
8218,8.218000,90.207703,97.720276,90.000000,0.207706,-63.044106,0.999548
8219,8.219000,90.152321,97.868568,90.000000,0.152320,-67.397247,0.999238
8220,8.220000,90.098221,98.013550,90.000000,0.098225,-71.492233,0.998864
8221,8.221000,90.045494,98.154991,90.000000,0.045496,-75.181793,0.998437
8222,8.222000,89.994209,98.292641,90.000000,-0.005792,-78.577484,0.997965
8223,8.223000,89.944412,98.426224,90.000000,-0.055584,-81.595444,0.997459
8224,8.224000,89.896202,98.555435,90.000000,-0.103798,-84.001678,0.996928
8225,8.225000,89.849617,98.679977,90.000000,-0.150380,-85.837875,0.996382
8226,8.226000,89.804733,98.799561,90.000000,-0.195261,-87.287079,0.995828
8227,8.227000,89.761612,98.913918,90.000000,-0.238387,-88.390343,0.995276
8228,8.228000,89.720299,99.022820,90.000000,-0.279696,-89.173584,0.994734
8229,8.229000,89.680862,99.126038,90.000000,-0.319134,-89.785187,0.994210
8230,8.230000,89.643349,99.223396,90.000000,-0.356652,-90.332321,0.993710
8231,8.231000,89.607803,99.314743,90.000000,-0.392196,-90.737617,0.993241
8232,8.232000,89.574272,99.399971,90.000000,-0.425726,-91.074921,0.992809
8233,8.233000,89.542809,99.479019,90.000000,-0.457192,-91.477890,0.992420
8234,8.234000,89.513435,99.551834,90.000000,-0.486562,-91.858742,0.992079
8235,8.235000,89.486206,99.618385,90.000000,-0.513794,-92.168716,0.991789
8236,8.236000,89.461151,99.678665,90.000000,-0.538847,-92.389618,0.991554
8237,8.237000,89.438293,99.732658,90.000000,-0.561701,-92.494308,0.991377
8238,8.238000,89.417671,99.780365,90.000000,-0.582328,-92.451675,0.991259
8239,8.239000,89.399300,99.821785,90.000000,-0.600695,-92.257416,0.991203
8240,8.240000,89.383209,99.856911,90.000000,-0.616787,-91.924736,0.991208
8241,8.241000,89.369415,99.885750,90.000000,-0.630584,-91.428673,0.991275
8242,8.242000,89.357933,99.908287,90.000000,-0.642065,-90.800865,0.991402
8243,8.243000,89.348770,99.924530,90.000000,-0.651224,-90.024307,0.991589
8244,8.244000,89.341942,99.934486,90.000000,-0.658055,-89.111069,0.991832
8245,8.245000,89.337463,99.938179,90.000000,-0.662535,-88.097168,0.992129
8246,8.246000,89.335320,99.935646,90.000000,-0.664680,-87.022850,0.992476
8247,8.247000,89.335518,99.926918,90.000000,-0.664482,-85.829605,0.992869
8248,8.248000,89.338051,99.912056,90.000000,-0.661948,-84.536057,0.993304
8249,8.249000,89.342918,99.891113,90.000000,-0.657078,-83.288666,0.993773
8250,8.250000,89.350113,99.864166,90.000000,-0.649886,-82.089478,0.994273
8251,8.251000,89.359612,99.831299,90.000000,-0.640385,-80.857162,0.994795
8252,8.252000,89.371414,99.792580,90.000000,-0.628582,-79.624077,0.995333
8253,8.253000,89.385490,99.748131,90.000000,-0.614505,-78.372444,0.995880
8254,8.254000,89.401825,99.698029,90.000000,-0.598174,-76.733635,0.996427
8255,8.255000,89.420387,99.642380,90.000000,-0.579610,-74.955154,0.996966
8256,8.256000,89.441154,99.581299,90.000000,-0.558846,-73.298454,0.997489
8257,8.257000,89.464096,99.514877,90.000000,-0.535903,-71.381851,0.997986
8258,8.258000,89.489182,99.443207,90.000000,-0.510816,-69.307594,0.998450
8259,8.259000,89.516373,99.366394,90.000000,-0.483625,-66.987900,0.998870
8260,8.260000,89.545631,99.284538,90.000000,-0.454365,-64.651299,0.999237
8261,8.261000,89.576920,99.197762,90.000000,-0.423076,-62.172455,0.999543
8262,8.262000,89.610199,99.106186,90.000000,-0.389799,-59.350510,0.999778
8263,8.263000,89.645416,99.009956,90.000000,-0.354582,-56.616650,0.999933
8264,8.264000,89.682526,98.909210,90.000000,-0.317474,-54.249886,0.999998
8265,8.265000,89.721474,98.804100,90.000000,-0.278521,-51.853268,0.999966
8266,8.266000,89.762215,98.694786,90.000000,-0.237779,-49.424114,0.999828
8267,8.267000,89.804695,98.581451,90.000000,-0.195302,-47.010040,0.999576
8268,8.268000,89.848854,98.464279,90.000000,-0.151145,-44.497093,0.999202
8269,8.269000,89.894630,98.343468,90.000000,-0.105369,-41.807571,0.998699
8270,8.270000,89.941963,98.219215,90.000000,-0.058036,-38.964928,0.998061
8271,8.271000,89.990799,98.091705,90.000000,-0.009200,-36.064041,0.997281
8272,8.272000,90.041061,97.961098,90.000000,0.041063,-33.104790,0.996354
8273,8.273000,90.092697,97.827568,90.000000,0.092699,-30.117809,0.995276
8274,8.274000,90.145630,97.691292,90.000000,0.145633,-27.371101,0.994042
8275,8.275000,90.199791,97.552444,90.000000,0.199797,-24.715137,0.992649
8276,8.276000,90.255119,97.411209,90.000000,0.255121,-21.945423,0.991095
8277,8.277000,90.311531,97.267792,90.000000,0.311532,-19.110147,0.989378
8278,8.278000,90.368965,97.122383,90.000000,0.368967,-16.083313,0.987497
8279,8.279000,90.427338,96.975197,90.000000,0.427338,-12.960057,0.985453
8280,8.280000,90.486580,96.826447,90.000000,0.486583,-9.689988,0.983245
8281,8.281000,90.546608,96.676308,90.000000,0.546613,-6.056329,0.980877
8282,8.282000,90.607368,96.524986,90.000000,0.607368,-1.934104,0.978350
8283,8.283000,90.668755,96.372665,90.000000,0.668757,2.780315,0.975668
8284,8.284000,90.730705,96.219536,90.000000,0.730707,7.765160,0.972835
8285,8.285000,90.793137,96.065796,90.000000,0.793142,12.651608,0.969856
8286,8.286000,90.855980,95.911659,90.000000,0.855980,17.058640,0.966738
8287,8.287000,90.919136,95.757355,90.000000,0.919138,21.227173,0.963486
8288,8.288000,90.982544,95.603119,90.000000,0.982550,24.856539,0.960108
8289,8.289000,91.046127,95.449242,90.000000,1.046132,28.018990,0.956611
8290,8.290000,91.109795,95.296028,90.000000,1.109796,30.761333,0.953005
8291,8.291000,91.173462,95.143837,90.000000,1.173467,33.202263,0.949298
8292,8.292000,91.237076,94.992981,90.000000,1.237077,35.339661,0.945500
8293,8.293000,91.300537,94.843781,90.000000,1.300536,37.373589,0.941621
8294,8.294000,91.363770,94.696533,90.000000,1.363770,39.361603,0.937671
8295,8.295000,91.426704,94.551468,90.000000,1.426703,41.153610,0.933660
8296,8.296000,91.489258,94.408791,90.000000,1.489261,42.924355,0.929601
8297,8.297000,91.551369,94.268684,90.000000,1.551368,44.001892,0.925503
8298,8.298000,91.612946,94.131294,90.000000,1.612949,44.893505,0.921378
8299,8.299000,91.673927,93.996758,90.000000,1.673929,45.574875,0.917238
8300,8.300000,91.734245,93.865189,90.000000,1.734246,45.983719,0.913095
8301,8.301000,91.793823,93.736710,90.000000,1.793826,46.144440,0.908959
8302,8.302000,91.852600,93.611427,90.000000,1.852600,46.026760,0.904842
8303,8.303000,91.910500,93.489441,90.000000,1.910499,45.733040,0.900756
8304,8.304000,91.967453,93.370819,90.000000,1.967456,45.305069,0.896711
8305,8.305000,92.023415,93.255615,90.000000,2.023416,44.811649,0.892719
8306,8.306000,92.078308,93.143852,90.000000,2.078310,44.214066,0.888791
8307,8.307000,92.132080,93.035545,90.000000,2.132084,43.546097,0.884937
8308,8.308000,92.184662,92.930687,90.000000,2.184663,42.860893,0.881168
8309,8.309000,92.236008,92.829262,90.000000,2.236012,42.205616,0.877494
8310,8.310000,92.286057,92.731232,90.000000,2.286057,41.615097,0.873925
8311,8.311000,92.334755,92.636551,90.000000,2.334757,41.129341,0.870469
8312,8.312000,92.382050,92.545174,90.000000,2.382049,40.649834,0.867137
8313,8.313000,92.427887,92.457039,90.000000,2.427886,40.320889,0.863936
8314,8.314000,92.472229,92.372101,90.000000,2.472228,40.178131,0.860876
8315,8.315000,92.515015,92.290291,90.000000,2.515019,40.197361,0.857964
8316,8.316000,92.556213,92.211548,90.000000,2.556219,40.328781,0.855208
8317,8.317000,92.595772,92.135841,90.000000,2.595772,40.583984,0.852615
8318,8.318000,92.633652,92.063103,90.000000,2.633652,40.932941,0.850191
8319,8.319000,92.669807,91.993309,90.000000,2.669811,41.332207,0.847943
8320,8.320000,92.704216,91.926414,90.000000,2.704215,41.865547,0.845877
8321,8.321000,92.736816,91.862404,90.000000,2.736823,42.472595,0.843998
8322,8.322000,92.767593,91.801277,90.000000,2.767599,43.110588,0.842311
8323,8.323000,92.796516,91.743027,90.000000,2.796518,43.808784,0.840820
8324,8.324000,92.823532,91.687675,90.000000,2.823532,44.564087,0.839529
8325,8.325000,92.848625,91.635239,90.000000,2.848626,45.381767,0.838442
8326,8.326000,92.871765,91.585732,90.000000,2.871767,46.305950,0.837562
8327,8.327000,92.892921,91.539177,90.000000,2.892926,47.325462,0.836892
8328,8.328000,92.912086,91.495621,90.000000,2.912085,48.499832,0.836433
8329,8.329000,92.929214,91.455093,90.000000,2.929215,49.781677,0.836187
8330,8.330000,92.944290,91.417641,90.000000,2.944296,51.311806,0.836155
8331,8.331000,92.957314,91.383286,90.000000,2.957315,52.969769,0.836337
8332,8.332000,92.968239,91.352104,90.000000,2.968243,54.715363,0.836735
8333,8.333000,92.977074,91.324135,90.000000,2.977074,56.632484,0.837347
8334,8.334000,92.983788,91.299431,90.000000,2.983788,59.038597,0.838172
8335,8.335000,92.988380,91.278069,90.000000,2.988385,61.741253,0.839209
8336,8.336000,92.990845,91.260124,90.000000,2.990844,65.154602,0.840457
8337,8.337000,92.991165,91.245705,90.000000,2.991165,68.867691,0.841911
8338,8.338000,92.989334,91.234879,90.000000,2.989335,72.751556,0.843569
8339,8.339000,92.985359,91.227798,90.000000,2.985359,76.247360,0.845428
8340,8.340000,92.979233,91.224556,90.000000,2.979233,79.122673,0.847484
8341,8.341000,92.970955,91.225304,90.000000,2.970955,81.312248,0.849730
8342,8.342000,92.960526,91.230232,90.000000,2.960532,82.854538,0.852163
8343,8.343000,92.947960,91.239532,90.000000,2.947964,83.641632,0.854775
8344,8.344000,92.933266,91.253471,90.000000,2.933265,83.811752,0.857561
8345,8.345000,92.916443,91.272308,90.000000,2.916443,83.512482,0.860513
8346,8.346000,92.897507,91.296249,90.000000,2.897510,82.931870,0.863623
8347,8.347000,92.876480,91.325523,90.000000,2.876486,82.219284,0.866883
8348,8.348000,92.853386,91.360252,90.000000,2.853386,81.416870,0.870285
8349,8.349000,92.828232,91.400528,90.000000,2.828231,80.535675,0.873819
8350,8.350000,92.801041,91.446381,90.000000,2.801040,79.453659,0.877475
8351,8.351000,92.771843,91.497803,90.000000,2.771848,78.231430,0.881243
8352,8.352000,92.740677,91.554749,90.000000,2.740682,76.948944,0.885112
8353,8.353000,92.707565,91.617149,90.000000,2.707569,75.558731,0.889072
8354,8.354000,92.672546,91.684921,90.000000,2.672550,74.022446,0.893111
8355,8.355000,92.635658,91.757996,90.000000,2.635661,72.409851,0.897217
8356,8.356000,92.596939,91.836273,90.000000,2.596940,70.733734,0.901378
8357,8.357000,92.556427,91.919678,90.000000,2.556430,68.901337,0.905581
8358,8.358000,92.514175,92.008095,90.000000,2.514179,67.049896,0.909816
8359,8.359000,92.470222,92.101425,90.000000,2.470227,65.249405,0.914068
8360,8.360000,92.424629,92.199554,90.000000,2.424628,63.253139,0.918325
8361,8.361000,92.377434,92.302376,90.000000,2.377439,61.081306,0.922575
8362,8.362000,92.328705,92.409744,90.000000,2.328705,58.813904,0.926805
8363,8.363000,92.278496,92.521545,90.000000,2.278496,56.397079,0.931002
8364,8.364000,92.226860,92.637642,90.000000,2.226860,53.974373,0.935155
8365,8.365000,92.173859,92.757889,90.000000,2.173858,51.598297,0.939250
8366,8.366000,92.119553,92.882156,90.000000,2.119558,49.215080,0.943277
8367,8.367000,92.064018,93.010292,90.000000,2.064022,46.845337,0.947224
8368,8.368000,92.007317,93.142151,90.000000,2.007317,44.508533,0.951079
8369,8.369000,91.949509,93.277565,90.000000,1.949513,42.224861,0.954833
8370,8.370000,91.890678,93.416351,90.000000,1.890678,39.960350,0.958475
8371,8.371000,91.830887,93.558342,90.000000,1.830887,37.719772,0.961995
8372,8.372000,91.770210,93.703369,90.000000,1.770214,35.512199,0.965386
8373,8.373000,91.708725,93.851250,90.000000,1.708729,33.281647,0.968639
8374,8.374000,91.646500,94.001823,90.000000,1.646506,31.099827,0.971747
8375,8.375000,91.583633,94.154930,90.000000,1.583634,28.306820,0.974704
8376,8.376000,91.520180,94.310410,90.000000,1.520181,25.015108,0.977503
8377,8.377000,91.456230,94.468086,90.000000,1.456230,21.017937,0.980140
8378,8.378000,91.391853,94.627823,90.000000,1.391856,16.208111,0.982611
8379,8.379000,91.327148,94.789459,90.000000,1.327153,10.914611,0.984914
8380,8.380000,91.262192,94.952843,90.000000,1.262192,5.314324,0.987046
8381,8.381000,91.197060,95.117821,90.000000,1.197066,-0.159109,0.989006
8382,8.382000,91.131851,95.284210,90.000000,1.131851,-5.150681,0.990795
8383,8.383000,91.066628,95.451782,90.000000,1.066630,-9.674465,0.992412
8384,8.384000,91.001488,95.620277,90.000000,1.001490,-13.715834,0.993860
8385,8.385000,90.936516,95.789368,90.000000,0.936521,-17.598640,0.995141
8386,8.386000,90.871796,95.958679,90.000000,0.871798,-21.482994,0.996259
8387,8.387000,90.807411,96.127831,90.000000,0.807417,-25.326290,0.997218
8388,8.388000,90.743446,96.296417,90.000000,0.743452,-28.900848,0.998023
8389,8.389000,90.680000,96.464119,90.000000,0.680000,-32.381943,0.998680
8390,8.390000,90.617134,96.630600,90.000000,0.617135,-35.503441,0.999196
8391,8.391000,90.554947,96.795593,90.000000,0.554946,-38.917500,0.999578
8392,8.392000,90.493515,96.958847,90.000000,0.493515,-42.553135,0.999833
8393,8.393000,90.432915,97.120117,90.000000,0.432918,-46.303436,0.999970
8394,8.394000,90.373238,97.279144,90.000000,0.373242,-50.072266,0.999997
8395,8.395000,90.314560,97.435699,90.000000,0.314564,-54.619827,0.999924
8396,8.396000,90.256958,97.589561,90.000000,0.256959,-59.198257,0.999759
8397,8.397000,90.200508,97.740532,90.000000,0.200514,-63.642357,0.999512
8398,8.398000,90.145287,97.888405,90.000000,0.145292,-67.973114,0.999193
8399,8.399000,90.091370,98.032928,90.000000,0.091374,-72.015701,0.998813
8400,8.400000,90.038834,98.173874,90.000000,0.038836,-75.660591,0.998379
8401,8.401000,89.987740,98.311005,90.000000,-0.012260,-79.011642,0.997903
8402,8.402000,89.938148,98.444016,90.000000,-0.061847,-81.953880,0.997393
8403,8.403000,89.890144,98.572617,90.000000,-0.109850,-84.273270,0.996860
8404,8.404000,89.843788,98.696510,90.000000,-0.156206,-86.048309,0.996313
8405,8.405000,89.799141,98.815407,90.000000,-0.200855,-87.457085,0.995759
8406,8.406000,89.756256,98.929039,90.000000,-0.243742,-88.499039,0.995209
8407,8.407000,89.715195,99.037193,90.000000,-0.284805,-89.260178,0.994669
8408,8.408000,89.676010,99.139633,90.000000,-0.323990,-89.858261,0.994147
8409,8.409000,89.638756,99.236183,90.000000,-0.361242,-90.395691,0.993651
8410,8.410000,89.603470,99.326706,90.000000,-0.396527,-90.785446,0.993187
8411,8.411000,89.570213,99.411118,90.000000,-0.429783,-91.115494,0.992761
8412,8.412000,89.539024,99.489319,90.000000,-0.460969,-91.532288,0.992378
8413,8.413000,89.509949,99.561302,90.000000,-0.490052,-91.896194,0.992044
8414,8.414000,89.483002,99.627007,90.000000,-0.516997,-92.199707,0.991761
8415,8.415000,89.458237,99.686440,90.000000,-0.541764,-92.406723,0.991534
8416,8.416000,89.435677,99.739594,90.000000,-0.564324,-92.494171,0.991364
8417,8.417000,89.415344,99.786453,90.000000,-0.584651,-92.426376,0.991255
8418,8.418000,89.397278,99.827026,90.000000,-0.602716,-92.214973,0.991207
8419,8.419000,89.381500,99.861313,90.000000,-0.618501,-91.867661,0.991220
8420,8.420000,89.368011,99.889305,90.000000,-0.631984,-91.356262,0.991295
8421,8.421000,89.356842,99.910995,90.000000,-0.643158,-90.706451,0.991430
8422,8.422000,89.347984,99.926399,90.000000,-0.652010,-89.908890,0.991625
8423,8.423000,89.341469,99.935516,90.000000,-0.658526,-88.989044,0.991875
8424,8.424000,89.337296,99.938370,90.000000,-0.662699,-87.959549,0.992179
8425,8.425000,89.335464,99.935013,90.000000,-0.664530,-86.871826,0.992532
8426,8.426000,89.335983,99.925461,90.000000,-0.664017,-85.662949,0.992931
8427,8.427000,89.338829,99.909775,90.000000,-0.661169,-84.357498,0.993370
8428,8.428000,89.344009,99.888031,90.000000,-0.655992,-83.127007,0.993844
8429,8.429000,89.351509,99.860283,90.000000,-0.648492,-81.922897,0.994347
8430,8.430000,89.361313,99.826622,90.000000,-0.638684,-80.692223,0.994871
8431,8.431000,89.373413,99.787140,90.000000,-0.626581,-79.465912,0.995411
8432,8.432000,89.387794,99.741913,90.000000,-0.612203,-78.166534,0.995957
8433,8.433000,89.404427,99.691063,90.000000,-0.595572,-76.482224,0.996503
8434,8.434000,89.423286,99.634689,90.000000,-0.576714,-74.739143,0.997041
8435,8.435000,89.444351,99.572884,90.000000,-0.555650,-73.055130,0.997560
8436,8.436000,89.467575,99.505753,90.000000,-0.532420,-71.114120,0.998053
8437,8.437000,89.492943,99.433388,90.000000,-0.507053,-69.010284,0.998511
8438,8.438000,89.520409,99.355896,90.000000,-0.479589,-66.679932,0.998924
8439,8.439000,89.549942,99.273369,90.000000,-0.450055,-64.334442,0.999284
8440,8.440000,89.581497,99.185944,90.000000,-0.418499,-61.819649,0.999580
8441,8.441000,89.615044,99.093742,90.000000,-0.384956,-58.965294,0.999804
8442,8.442000,89.650513,98.996902,90.000000,-0.349487,-56.298973,0.999947
8443,8.443000,89.687866,98.895561,90.000000,-0.312133,-53.939079,1.000000
8444,8.444000,89.727058,98.789871,90.000000,-0.272941,-51.527706,0.999954
8445,8.445000,89.768028,98.680016,90.000000,-0.231967,-49.108051,0.999800
8446,8.446000,89.810730,98.566154,90.000000,-0.189265,-46.678459,0.999532
8447,8.447000,89.855110,98.448486,90.000000,-0.144889,-44.145882,0.999141
8448,8.448000,89.901100,98.327202,90.000000,-0.098901,-41.430088,0.998619
8449,8.449000,89.948631,98.202499,90.000000,-0.051363,-38.583015,0.997962
8450,8.450000,89.997665,98.074554,90.000000,-0.002336,-35.671635,0.997162
8451,8.451000,90.048111,97.943550,90.000000,0.048112,-32.708229,0.996215
8452,8.452000,90.099922,97.809639,90.000000,0.099926,-29.722019,0.995116
8453,8.453000,90.153023,97.673012,90.000000,0.153024,-27.025860,0.993860
8454,8.454000,90.207344,97.533829,90.000000,0.207344,-24.350111,0.992446
8455,8.455000,90.262817,97.392288,90.000000,0.262819,-21.579288,0.990870
8456,8.456000,90.319374,97.248589,90.000000,0.319373,-18.702684,0.989130
8457,8.457000,90.376930,97.102928,90.000000,0.376931,-15.669672,0.987227
8458,8.458000,90.435417,96.955521,90.000000,0.435418,-12.527233,0.985160
8459,8.459000,90.494766,96.806564,90.000000,0.494772,-9.231662,0.982931
8460,8.460000,90.554901,96.656273,90.000000,0.554905,-5.522716,0.980541
8461,8.461000,90.615738,96.504799,90.000000,0.615741,-1.330529,0.977992
8462,8.462000,90.677200,96.352356,90.000000,0.677206,3.442674,0.975290
8463,8.463000,90.739220,96.199127,90.000000,0.739224,8.454486,0.972437
8464,8.464000,90.801712,96.045319,90.000000,0.801714,13.239128,0.969439
8465,8.465000,90.864594,95.891144,90.000000,0.864599,17.637045,0.966302
8466,8.466000,90.927795,95.736839,90.000000,0.927799,21.753098,0.963032
8467,8.467000,90.991234,95.582634,90.000000,0.991238,25.316193,0.959637
8468,8.468000,91.054825,95.428825,90.000000,1.054827,28.416140,0.956126
8469,8.469000,91.118492,95.275734,90.000000,1.118498,31.110735,0.952505
8470,8.470000,91.182159,95.123688,90.000000,1.182162,33.508339,0.948785
8471,8.471000,91.245750,94.973045,90.000000,1.245751,35.613853,0.944976
8472,8.472000,91.309181,94.824097,90.000000,1.309183,37.646889,0.941086
8473,8.473000,91.372383,94.677116,90.000000,1.372383,39.602924,0.937127
8474,8.474000,91.435257,94.532364,90.000000,1.435262,41.387276,0.933109
8475,8.475000,91.497765,94.390022,90.000000,1.497765,43.065392,0.929044
8476,8.476000,91.559799,94.250275,90.000000,1.559803,44.119644,0.924942
8477,8.477000,91.621300,94.113258,90.000000,1.621302,44.975964,0.920814
8478,8.478000,91.682198,93.979118,90.000000,1.682200,45.631653,0.916673
8479,8.479000,91.742416,93.847961,90.000000,1.742422,46.007881,0.912530
8480,8.480000,91.801888,93.719902,90.000000,1.801893,46.132195,0.908396
8481,8.481000,91.860550,93.595055,90.000000,1.860550,45.987362,0.904282
8482,8.482000,91.918327,93.473518,90.000000,1.918327,45.679482,0.900201
8483,8.483000,91.975151,93.355347,90.000000,1.975154,45.242283,0.896163
8484,8.484000,92.030968,93.240593,90.000000,2.030970,44.737907,0.892179
8485,8.485000,92.085709,93.129288,90.000000,2.085714,44.128170,0.888260
8486,8.486000,92.139320,93.021439,90.000000,2.139324,43.455643,0.884417
8487,8.487000,92.191742,92.917038,90.000000,2.191746,42.773495,0.880660
8488,8.488000,92.242912,92.816063,90.000000,2.242918,42.122688,0.877000
8489,8.489000,92.292786,92.718475,90.000000,2.292785,41.548935,0.873445
8490,8.490000,92.341293,92.624229,90.000000,2.341293,41.070290,0.870006
8491,8.491000,92.388390,92.533279,90.000000,2.388394,40.599358,0.866691
8492,8.492000,92.434029,92.445572,90.000000,2.434033,40.292709,0.863509
8493,8.493000,92.478157,92.361053,90.000000,2.478163,40.172718,0.860468
8494,8.494000,92.520737,92.279648,90.000000,2.520743,40.208443,0.857577
8495,8.495000,92.561714,92.201309,90.000000,2.561717,40.353394,0.854843
8496,8.496000,92.601051,92.125992,90.000000,2.601052,40.624886,0.852272
8497,8.497000,92.638695,92.053642,90.000000,2.638700,40.983192,0.849871
8498,8.498000,92.674622,91.984230,90.000000,2.674627,41.390678,0.847648
8499,8.499000,92.708786,91.917717,90.000000,2.708791,41.943718,0.845607
8500,8.500000,92.741150,91.854088,90.000000,2.741153,42.555275,0.843753
8501,8.501000,92.771675,91.793335,90.000000,2.771677,43.202530,0.842092
8502,8.502000,92.800331,91.735474,90.000000,2.800336,43.907757,0.840628
8503,8.503000,92.827095,91.680504,90.000000,2.827097,44.670784,0.839365
8504,8.504000,92.851921,91.628448,90.000000,2.851925,45.500217,0.838305
8505,8.505000,92.874794,91.579330,90.000000,2.874799,46.437511,0.837454
8506,8.506000,92.895691,91.533173,90.000000,2.895693,47.477249,0.836812
8507,8.507000,92.914574,91.490013,90.000000,2.914578,48.663437,0.836381
8508,8.508000,92.931427,91.449883,90.000000,2.931428,49.982876,0.836164
8509,8.509000,92.946236,91.412834,90.000000,2.946236,51.525543,0.836161
8510,8.510000,92.958961,91.378906,90.000000,2.958967,53.203499,0.836373
8511,8.511000,92.969612,91.348137,90.000000,2.969616,54.959068,0.836800
8512,8.512000,92.978157,91.320595,90.000000,2.978160,56.902534,0.837441
8513,8.513000,92.984589,91.296326,90.000000,2.984594,59.380215,0.838295
8514,8.514000,92.988892,91.275421,90.000000,2.988898,62.175148,0.839361
8515,8.515000,92.991066,91.257935,90.000000,2.991070,65.623810,0.840636
8516,8.516000,92.991096,91.243980,90.000000,2.991097,69.373520,0.842118
8517,8.517000,92.988976,91.233650,90.000000,2.988979,73.258850,0.843804
8518,8.518000,92.984711,91.227066,90.000000,2.984710,76.673355,0.845690
8519,8.519000,92.978287,91.224342,90.000000,2.978290,79.448517,0.847771
8520,8.520000,92.969719,91.225639,90.000000,2.969725,81.564026,0.850044
8521,8.521000,92.959007,91.231133,90.000000,2.959008,83.006165,0.852501
8522,8.522000,92.946152,91.241035,90.000000,2.946154,83.697464,0.855137
8523,8.523000,92.931168,91.255608,90.000000,2.931169,83.798714,0.857946
8524,8.524000,92.914055,91.275108,90.000000,2.914059,83.450111,0.860920
8525,8.525000,92.894836,91.299751,90.000000,2.894839,82.848274,0.864051
8526,8.526000,92.873535,91.329742,90.000000,2.873536,82.119598,0.867331
8527,8.527000,92.850151,91.365196,90.000000,2.850156,81.307716,0.870752
8528,8.528000,92.824715,91.406212,90.000000,2.824720,80.406319,0.874303
8529,8.529000,92.797256,91.452805,90.000000,2.797256,79.300308,0.877975
8530,8.530000,92.767792,91.504967,90.000000,2.767797,78.075653,0.881757
8531,8.531000,92.736359,91.562645,90.000000,2.736365,76.778687,0.885640
8532,8.532000,92.702988,91.625763,90.000000,2.702993,75.366936,0.889611
8533,8.533000,92.667709,91.694244,90.000000,2.667715,73.818604,0.893660
8534,8.534000,92.630569,91.768013,90.000000,2.630572,72.193817,0.897774
8535,8.535000,92.591606,91.846977,90.000000,2.591606,70.501297,0.901942
8536,8.536000,92.550858,91.931053,90.000000,2.550857,68.649635,0.906151
8537,8.537000,92.508362,92.020134,90.000000,2.508366,66.822220,0.910388
8538,8.538000,92.464188,92.114113,90.000000,2.464189,64.996315,0.914642
8539,8.539000,92.418373,92.212875,90.000000,2.418372,62.968193,0.918899
8540,8.540000,92.370964,92.316307,90.000000,2.370970,60.789749,0.923148
8541,8.541000,92.322029,92.424278,90.000000,2.322032,58.500675,0.927374
8542,8.542000,92.271614,92.536659,90.000000,2.271618,56.063709,0.931566
8543,8.543000,92.219788,92.653313,90.000000,2.219791,53.666451,0.935712
8544,8.544000,92.166611,92.774117,90.000000,2.166611,51.283485,0.939799
8545,8.545000,92.112129,92.898911,90.000000,2.112134,48.903221,0.943816
8546,8.546000,92.056427,93.027557,90.000000,2.056433,46.537704,0.947751
8547,8.547000,91.999573,93.159897,90.000000,1.999572,44.203461,0.951594
8548,8.548000,91.941620,93.295769,90.000000,1.941625,41.920582,0.955333
8549,8.549000,91.882652,93.434998,90.000000,1.882653,39.657280,0.958959
8550,8.550000,91.822731,93.577400,90.000000,1.822731,37.422272,0.962463
8551,8.551000,91.761940,93.722809,90.000000,1.761943,35.218521,0.965836
8552,8.552000,91.700348,93.871071,90.000000,1.700348,32.989304,0.969070
8553,8.553000,91.638023,94.021996,90.000000,1.638030,30.816269,0.972158
8554,8.554000,91.575066,94.175430,90.000000,1.575069,27.927692,0.975094
8555,8.555000,91.511536,94.331215,90.000000,1.511541,24.543756,0.977871
8556,8.556000,91.447517,94.489182,90.000000,1.447522,20.467791,0.980486
8557,8.557000,91.383095,94.649178,90.000000,1.383100,15.546779,0.982935
8558,8.558000,91.318344,94.811058,90.000000,1.318349,10.201541,0.985215
8559,8.559000,91.253357,94.974663,90.000000,1.253360,4.566267,0.987324
8560,8.560000,91.188202,95.139847,90.000000,1.188207,-0.853837,0.989260
8561,8.561000,91.122978,95.306419,90.000000,1.122979,-5.786952,0.991025
8562,8.562000,91.057762,95.474144,90.000000,1.057764,-10.259926,0.992620
8563,8.563000,90.992638,95.642754,90.000000,0.992638,-14.235249,0.994045
8564,8.564000,90.927689,95.811897,90.000000,0.927690,-18.115652,0.995303
8565,8.565000,90.862999,95.981232,90.000000,0.863001,-22.010090,0.996399
8566,8.566000,90.798668,96.150345,90.000000,0.798668,-25.815243,0.997337
8567,8.567000,90.734764,96.318848,90.000000,0.734764,-29.383425,0.998122
8568,8.568000,90.671379,96.486420,90.000000,0.671380,-32.817871,0.998759
8569,8.569000,90.608597,96.652725,90.000000,0.608597,-35.925110,0.999257
8570,8.570000,90.546494,96.817520,90.000000,0.546497,-39.399635,0.999620
8571,8.571000,90.485161,96.980530,90.000000,0.485162,-43.068165,0.999859
8572,8.572000,90.424675,97.141518,90.000000,0.424681,-46.818085,0.999980
8573,8.573000,90.365128,97.300247,90.000000,0.365128,-50.666748,0.999993
8574,8.574000,90.306587,97.456467,90.000000,0.306587,-55.251980,0.999906
8575,8.575000,90.249130,97.609970,90.000000,0.249131,-59.807823,0.999729
8576,8.576000,90.192833,97.760551,90.000000,0.192837,-64.242004,0.999472
8577,8.577000,90.137779,97.907997,90.000000,0.137785,-68.540314,0.999144
8578,8.578000,90.084045,98.052071,90.000000,0.084045,-72.530716,0.998755
8579,8.579000,90.031685,98.192535,90.000000,0.031685,-76.139648,0.998315
8580,8.580000,89.980782,98.329140,90.000000,-0.019213,-79.445862,0.997833
8581,8.581000,89.931404,98.461586,90.000000,-0.068596,-82.301880,0.997320
8582,8.582000,89.883614,98.589584,90.000000,-0.116386,-84.542557,0.996784
8583,8.583000,89.837479,98.712822,90.000000,-0.162518,-86.256721,0.996234
8584,8.584000,89.793060,98.831032,90.000000,-0.206941,-87.620705,0.995680
8585,8.585000,89.750412,98.943962,90.000000,-0.249589,-88.614243,0.995130
8586,8.586000,89.709595,99.051353,90.000000,-0.290406,-89.355743,0.994592
8587,8.587000,89.670662,99.153015,90.000000,-0.329338,-89.938187,0.994073
8588,8.588000,89.633659,99.248779,90.000000,-0.366337,-90.474289,0.993581
8589,8.589000,89.598640,99.338501,90.000000,-0.401356,-90.838326,0.993121
8590,8.590000,89.565659,99.422081,90.000000,-0.434339,-91.166275,0.992701
8591,8.591000,89.534744,99.499458,90.000000,-0.465252,-91.594742,0.992324
8592,8.592000,89.505943,99.570595,90.000000,-0.494055,-91.940033,0.991996
8593,8.593000,89.479294,99.635468,90.000000,-0.520706,-92.236290,0.991720
8594,8.594000,89.454811,99.694061,90.000000,-0.545186,-92.430649,0.991500
8595,8.595000,89.432549,99.746376,90.000000,-0.567445,-92.496536,0.991339
8596,8.596000,89.412529,99.792397,90.000000,-0.587471,-92.408020,0.991238
8597,8.597000,89.394760,99.832130,90.000000,-0.605237,-92.174461,0.991198
8598,8.598000,89.379280,99.865578,90.000000,-0.620714,-91.814308,0.991219
8599,8.599000,89.366104,99.892723,90.000000,-0.633896,-91.281120,0.991302
8600,8.600000,89.355232,99.913574,90.000000,-0.644763,-90.614182,0.991446
8601,8.601000,89.346695,99.928131,90.000000,-0.653301,-89.796036,0.991647
8602,8.602000,89.340492,99.936409,90.000000,-0.659503,-88.861313,0.991905
8603,8.603000,89.336639,99.938431,90.000000,-0.663362,-87.823456,0.992216
8604,8.604000,89.335114,99.934235,90.000000,-0.664885,-86.723343,0.992576
8605,8.605000,89.335938,99.923859,90.000000,-0.664058,-85.498703,0.992981
8606,8.606000,89.339096,99.907356,90.000000,-0.660903,-84.185425,0.993425
8607,8.607000,89.344589,99.884796,90.000000,-0.655411,-82.963631,0.993904
8608,8.608000,89.352402,99.856255,90.000000,-0.647597,-81.754333,0.994410
8609,8.609000,89.362518,99.821808,90.000000,-0.637482,-80.523041,0.994937
8610,8.610000,89.374924,99.781548,90.000000,-0.625072,-79.305687,0.995478
8611,8.611000,89.389610,99.735565,90.000000,-0.610387,-77.956833,0.996026
8612,8.612000,89.406540,99.683968,90.000000,-0.593461,-76.229248,0.996571
8613,8.613000,89.425697,99.626846,90.000000,-0.574303,-74.526733,0.997107
8614,8.614000,89.447044,99.564323,90.000000,-0.552952,-72.808807,0.997624
8615,8.615000,89.470566,99.496483,90.000000,-0.529435,-70.849884,0.998114
8616,8.616000,89.496216,99.423424,90.000000,-0.503781,-68.692780,0.998566
8617,8.617000,89.523964,99.345253,90.000000,-0.476030,-66.372833,0.998973
8618,8.618000,89.553772,99.262062,90.000000,-0.446223,-64.011482,0.999325
8619,8.619000,89.585602,99.173988,90.000000,-0.414394,-61.464550,0.999613
8620,8.620000,89.619400,99.081154,90.000000,-0.380599,-58.581844,0.999827
8621,8.621000,89.655128,98.983696,90.000000,-0.344870,-55.990952,0.999959
8622,8.622000,89.692734,98.881760,90.000000,-0.307263,-53.627613,1.000000
8623,8.623000,89.732170,98.775505,90.000000,-0.267825,-51.204132,0.999940
8624,8.624000,89.773384,98.665100,90.000000,-0.226612,-48.792740,0.999772
8625,8.625000,89.816315,98.550720,90.000000,-0.183684,-46.347824,0.999488
8626,8.626000,89.860916,98.432549,90.000000,-0.139083,-43.788101,0.999080
8627,8.627000,89.907112,98.310791,90.000000,-0.092884,-41.053745,0.998542
8628,8.628000,89.954857,98.185654,90.000000,-0.045141,-38.203796,0.997867
8629,8.629000,90.004082,98.057281,90.000000,0.004084,-35.270988,0.997048
8630,8.630000,90.054718,97.925873,90.000000,0.054723,-32.310036,0.996081
8631,8.631000,90.106705,97.791588,90.000000,0.106708,-29.318537,0.994961
8632,8.632000,90.159981,97.654602,90.000000,0.159984,-26.673424,0.993685
8633,8.633000,90.214462,97.515091,90.000000,0.214461,-23.976530,0.992250
8634,8.634000,90.270081,97.373245,90.000000,0.270086,-21.212557,0.990652
8635,8.635000,90.326782,97.229271,90.000000,0.326784,-18.295046,0.988891
8636,8.636000,90.384476,97.083351,90.000000,0.384478,-15.263594,0.986966
8637,8.637000,90.443085,96.935722,90.000000,0.443088,-12.100481,0.984878
8638,8.638000,90.502548,96.786575,90.000000,0.502552,-8.777719,0.982627
8639,8.639000,90.562782,96.636108,90.000000,0.562787,-4.987397,0.980216
8640,8.640000,90.623718,96.484489,90.000000,0.623719,-0.714097,0.977647
8641,8.641000,90.685272,96.331932,90.000000,0.685273,4.100389,0.974924
8642,8.642000,90.747360,96.178604,90.000000,0.747359,9.141430,0.972052
8643,8.643000,90.809906,96.024734,90.000000,0.809910,13.829264,0.969035
8644,8.644000,90.872849,95.870529,90.000000,0.872850,18.204159,0.965880
8645,8.645000,90.936081,95.716217,90.000000,0.936084,22.252789,0.962593
8646,8.646000,90.999550,95.562042,90.000000,0.999550,25.753695,0.959182
8647,8.647000,91.063164,95.408310,90.000000,1.063167,28.801533,0.955656
8648,8.648000,91.126839,95.255333,90.000000,1.126845,31.451950,0.952021
8649,8.649000,91.190506,95.103462,90.000000,1.190509,33.804859,0.948289
8650,8.650000,91.254082,94.953026,90.000000,1.254084,35.881348,0.944468
8651,8.651000,91.317490,94.804321,90.000000,1.317496,37.915920,0.940568
8652,8.652000,91.380661,94.657623,90.000000,1.380661,39.840969,0.936601
8653,8.653000,91.443497,94.513176,90.000000,1.443499,41.618752,0.932576
8654,8.654000,91.505943,94.371170,90.000000,1.505947,43.205826,0.928504
8655,8.655000,91.567924,94.231781,90.000000,1.567924,44.235893,0.924398
8656,8.656000,91.629356,94.095139,90.000000,1.629355,45.069862,0.920268
8657,8.657000,91.690170,93.961388,90.000000,1.690171,45.687481,0.916126
8658,8.658000,91.750298,93.830627,90.000000,1.750297,46.034035,0.911983
8659,8.659000,91.809669,93.702988,90.000000,1.809672,46.119843,0.907850
8660,8.660000,91.868217,93.578575,90.000000,1.868221,45.951378,0.903740
8661,8.661000,91.925873,93.457481,90.000000,1.925874,45.627701,0.899663
8662,8.662000,91.982574,93.339752,90.000000,1.982578,45.182190,0.895632
8663,8.663000,92.038261,93.225456,90.000000,2.038265,44.665558,0.891655
8664,8.664000,92.092865,93.114601,90.000000,2.092865,44.045895,0.887746
8665,8.665000,92.146324,93.007210,90.000000,2.146325,43.366550,0.883913
8666,8.666000,92.198578,92.903259,90.000000,2.198583,42.683338,0.880168
8667,8.667000,92.249588,92.802727,90.000000,2.249591,42.038628,0.876521
8668,8.668000,92.299286,92.705582,90.000000,2.299287,41.485298,0.872981
8669,8.669000,92.347618,92.611771,90.000000,2.347618,41.011383,0.869557
8670,8.670000,92.394524,92.521255,90.000000,2.394528,40.552925,0.866259
8671,8.671000,92.439972,92.433960,90.000000,2.439976,40.266418,0.863095
8672,8.672000,92.483902,92.349854,90.000000,2.483907,40.166908,0.860073
8673,8.673000,92.526283,92.268860,90.000000,2.526282,40.223457,0.857202
8674,8.674000,92.567039,92.190918,90.000000,2.567044,40.383812,0.854489
8675,8.675000,92.606155,92.115990,90.000000,2.606161,40.672661,0.851940
8676,8.676000,92.643585,92.044029,90.000000,2.643590,41.035488,0.849562
8677,8.677000,92.679283,91.974991,90.000000,2.679285,41.457726,0.847362
8678,8.678000,92.713211,91.908867,90.000000,2.713211,42.028305,0.845345
8679,8.679000,92.745331,91.845619,90.000000,2.745333,42.640213,0.843517
8680,8.680000,92.775612,91.785248,90.000000,2.775618,43.293545,0.841881
8681,8.681000,92.804031,91.727760,90.000000,2.804032,44.006935,0.840444
8682,8.682000,92.830536,91.673172,90.000000,2.830539,44.776062,0.839207
8683,8.683000,92.855110,91.621506,90.000000,2.855114,45.618195,0.838175
8684,8.684000,92.877724,91.572762,90.000000,2.877729,46.570427,0.837351
8685,8.685000,92.898354,91.527000,90.000000,2.898356,47.630371,0.836737
8686,8.686000,92.916977,91.484238,90.000000,2.916975,48.832035,0.836334
8687,8.687000,92.933556,91.444519,90.000000,2.933559,50.184357,0.836145
8688,8.688000,92.948090,91.407875,90.000000,2.948094,51.742989,0.836171
8689,8.689000,92.960548,91.374359,90.000000,2.960552,53.433868,0.836411
8690,8.690000,92.970924,91.344017,90.000000,2.970927,55.205437,0.836866
8691,8.691000,92.979187,91.316902,90.000000,2.979192,57.220726,0.837535
8692,8.692000,92.985344,91.293076,90.000000,2.985346,59.722298,0.838417
8693,8.693000,92.989365,91.272614,90.000000,2.989369,62.615177,0.839511
8694,8.694000,92.991257,91.255592,90.000000,2.991261,66.092979,0.840814
8695,8.695000,92.990997,91.242111,90.000000,2.991001,69.883301,0.842323
8696,8.696000,92.988602,91.232269,90.000000,2.988604,73.771126,0.844036
8697,8.697000,92.984047,91.226196,90.000000,2.984048,77.105385,0.845948
8698,8.698000,92.977348,91.223991,90.000000,2.977348,79.781494,0.848055
8699,8.699000,92.968483,91.225830,90.000000,2.968489,81.821182,0.850352
8700,8.700000,92.957489,91.231895,90.000000,2.957492,83.154579,0.852834
8701,8.701000,92.944359,91.242409,90.000000,2.944358,83.745834,0.855494
8702,8.702000,92.929085,91.257622,90.000000,2.929085,83.780518,0.858325
8703,8.703000,92.911690,91.277786,90.000000,2.911696,83.380478,0.861320
8704,8.704000,92.892197,91.303139,90.000000,2.892202,82.756454,0.864472
8705,8.705000,92.870613,91.333847,90.000000,2.870619,82.018402,0.867771
8706,8.706000,92.846962,91.370041,90.000000,2.846966,81.198456,0.871209
8707,8.707000,92.821259,91.411804,90.000000,2.821257,80.274460,0.874777
8708,8.708000,92.793533,91.459152,90.000000,2.793534,79.143074,0.878465
8709,8.709000,92.763809,91.512054,90.000000,2.763808,77.916534,0.882261
8710,8.710000,92.732117,91.570465,90.000000,2.732116,76.603706,0.886157
8711,8.711000,92.698479,91.634308,90.000000,2.698485,75.171646,0.890139
8712,8.712000,92.662956,91.703499,90.000000,2.662961,73.612930,0.894197
8713,8.713000,92.625572,91.777969,90.000000,2.625572,71.980438,0.898320
8714,8.714000,92.586365,91.857628,90.000000,2.586367,70.267715,0.902494
8715,8.715000,92.545380,91.942390,90.000000,2.545379,68.395386,0.906707
8716,8.716000,92.502663,92.032127,90.000000,2.502663,66.594452,0.910948
8717,8.717000,92.458267,92.126755,90.000000,2.458267,64.739189,0.915203
8718,8.718000,92.412231,92.226151,90.000000,2.412231,62.680309,0.919460
8719,8.719000,92.364616,92.330208,90.000000,2.364618,60.495399,0.923707
8720,8.720000,92.315483,92.438782,90.000000,2.315482,58.184151,0.927929
8721,8.721000,92.264877,92.551750,90.000000,2.264877,55.732880,0.932117
8722,8.722000,92.212860,92.668968,90.000000,2.212865,53.356911,0.936255
8723,8.723000,92.159508,92.790314,90.000000,2.159508,50.968594,0.940334
8724,8.724000,92.104866,92.915642,90.000000,2.104866,48.588131,0.944341
8725,8.725000,92.048996,93.044792,90.000000,2.049002,46.227013,0.948265
8726,8.726000,91.991989,93.177628,90.000000,1.991990,43.899647,0.952094
8727,8.727000,91.933899,93.313965,90.000000,1.933900,41.618862,0.955819
8728,8.728000,91.874794,93.453629,90.000000,1.874798,39.361370,0.959430
8729,8.729000,91.814751,93.596451,90.000000,1.814754,37.128925,0.962917
8730,8.730000,91.753845,93.742264,90.000000,1.753849,34.922695,0.966272
8731,8.731000,91.692146,93.890900,90.000000,1.692152,32.696175,0.969487
8732,8.732000,91.629745,94.042175,90.000000,1.629745,30.455036,0.972556
8733,8.733000,91.566696,94.195938,90.000000,1.566702,27.502752,0.975471
8734,8.734000,91.503098,94.352028,90.000000,1.503099,24.012251,0.978227
8735,8.735000,91.439026,94.510284,90.000000,1.439025,19.862404,0.980820
8736,8.736000,91.374542,94.670547,90.000000,1.374548,14.842034,0.983247
8737,8.737000,91.309761,94.832680,90.000000,1.309764,9.454803,0.985504
8738,8.738000,91.244736,94.996513,90.000000,1.244740,3.817575,0.987590
8739,8.739000,91.179573,95.161896,90.000000,1.179574,-1.541290,0.989504
8740,8.740000,91.114334,95.328644,90.000000,1.114339,-6.406019,0.991247
8741,8.741000,91.049118,95.496513,90.000000,1.049124,-10.823723,0.992818
8742,8.742000,90.984016,95.665215,90.000000,0.984018,-14.756863,0.994221
8743,8.743000,90.919098,95.834412,90.000000,0.919098,-18.628565,0.995458
8744,8.744000,90.854446,96.003738,90.000000,0.854450,-22.533493,0.996533
8745,8.745000,90.790161,96.172798,90.000000,0.790164,-26.293724,0.997450
8746,8.746000,90.726318,96.341202,90.000000,0.726322,-29.847862,0.998215
8747,8.747000,90.663010,96.508614,90.000000,0.663013,-33.242332,0.998833
8748,8.748000,90.600311,96.674736,90.000000,0.600312,-36.354923,0.999312
8749,8.749000,90.538307,96.839310,90.000000,0.538308,-39.887863,0.999659
8750,8.750000,90.477081,97.002075,90.000000,0.477082,-43.573830,0.999881
8751,8.751000,90.416718,97.162781,90.000000,0.416717,-47.326187,0.999988
8752,8.752000,90.357292,97.321190,90.000000,0.357294,-51.254250,0.999987
8753,8.753000,90.298882,97.477058,90.000000,0.298882,-55.870445,0.999887
8754,8.754000,90.241577,97.630196,90.000000,0.241577,-60.403061,0.999699
8755,8.755000,90.185440,97.780365,90.000000,0.185440,-64.821426,0.999432
8756,8.756000,90.130554,97.927383,90.000000,0.130559,-69.096420,0.999095
8757,8.757000,90.076988,98.070992,90.000000,0.076990,-73.029831,0.998699
8758,8.758000,90.024818,98.210960,90.000000,0.024821,-76.603752,0.998253
8759,8.759000,89.974121,98.347023,90.000000,-0.025880,-79.862190,0.997766
8760,8.760000,89.924942,98.478897,90.000000,-0.075057,-82.634491,0.997249
8761,8.761000,89.877365,98.606277,90.000000,-0.122629,-84.792709,0.996711
8762,8.762000,89.831459,98.728859,90.000000,-0.168542,-86.454193,0.996160
8763,8.763000,89.787262,98.846390,90.000000,-0.212733,-87.775291,0.995606
8764,8.764000,89.744850,98.958588,90.000000,-0.255149,-88.720291,0.995057
8765,8.765000,89.704277,99.065231,90.000000,-0.295720,-89.445267,0.994521
8766,8.766000,89.665596,99.166115,90.000000,-0.334399,-90.005821,0.994005
8767,8.767000,89.628860,99.261078,90.000000,-0.371139,-90.521614,0.993517
8768,8.768000,89.594116,99.349983,90.000000,-0.405884,-90.875305,0.993062
8769,8.769000,89.561394,99.432739,90.000000,-0.438601,-91.201645,0.992647
8770,8.770000,89.530762,99.509293,90.000000,-0.469234,-91.642868,0.992276
8771,8.771000,89.502243,99.579605,90.000000,-0.497757,-91.980354,0.991955
8772,8.772000,89.475868,99.643639,90.000000,-0.524128,-92.263672,0.991686
8773,8.773000,89.451683,99.701401,90.000000,-0.548314,-92.451530,0.991474
8774,8.774000,89.429718,99.752869,90.000000,-0.570280,-92.492218,0.991320
8775,8.775000,89.409988,99.798058,90.000000,-0.590012,-92.386627,0.991227
8776,8.776000,89.392525,99.836960,90.000000,-0.607470,-92.135162,0.991195
8777,8.777000,89.377350,99.869568,90.000000,-0.622647,-91.756012,0.991225
8778,8.778000,89.364479,99.895874,90.000000,-0.635522,-91.201996,0.991316
8779,8.779000,89.353920,99.915894,90.000000,-0.646081,-90.516724,0.991467
8780,8.780000,89.345688,99.929619,90.000000,-0.654312,-89.679932,0.991677
8781,8.781000,89.339790,99.937065,90.000000,-0.660206,-88.719391,0.991942
8782,8.782000,89.336243,99.938263,90.000000,-0.663758,-87.676437,0.992260
8783,8.783000,89.335030,99.933243,90.000000,-0.664967,-86.564728,0.992626
8784,8.784000,89.336166,99.922050,90.000000,-0.663833,-85.324478,0.993036
8785,8.785000,89.339630,99.904739,90.000000,-0.660370,-84.009842,0.993485
8786,8.786000,89.345428,99.881386,90.000000,-0.654571,-82.796265,0.993968
8787,8.787000,89.353546,99.852051,90.000000,-0.646450,-81.587059,0.994477
8788,8.788000,89.363968,99.816833,90.000000,-0.636027,-80.354317,0.995007
8789,8.789000,89.376678,99.775810,90.000000,-0.623316,-79.140396,0.995549
8790,8.790000,89.391663,99.729073,90.000000,-0.608338,-77.742584,0.996097
8791,8.791000,89.408882,99.676735,90.000000,-0.591112,-75.968201,0.996642
8792,8.792000,89.428329,99.618896,90.000000,-0.571666,-74.310730,0.997176
8793,8.793000,89.449974,99.555664,90.000000,-0.550021,-72.555344,0.997690
8794,8.794000,89.473778,99.487122,90.000000,-0.526218,-70.587585,0.998175
8795,8.795000,89.499710,99.413391,90.000000,-0.500291,-68.381821,0.998623
8796,8.796000,89.527733,99.334541,90.000000,-0.472267,-66.062698,0.999023
8797,8.797000,89.557808,99.250702,90.000000,-0.442186,-63.689625,0.999367
8798,8.798000,89.589897,99.161995,90.000000,-0.410098,-61.098839,0.999646
8799,8.799000,89.623955,99.068542,90.000000,-0.376043,-58.191452,0.999850
8800,8.800000,89.659935,98.970490,90.000000,-0.340061,-55.677162,0.999970
8801,8.801000,89.697792,98.867973,90.000000,-0.302209,-53.315685,0.999998
8802,8.802000,89.737465,98.761162,90.000000,-0.262532,-50.886421,0.999924
8803,8.803000,89.778908,98.650230,90.000000,-0.221086,-48.479523,0.999742
8804,8.804000,89.822067,98.535339,90.000000,-0.177933,-46.020309,0.999442
8805,8.805000,89.866875,98.416679,90.000000,-0.133120,-43.438263,0.999017
8806,8.806000,89.913292,98.294479,90.000000,-0.086709,-40.684711,0.998461
8807,8.807000,89.961227,98.168900,90.000000,-0.038768,-37.829292,0.997767
8808,8.808000,90.010643,98.040123,90.000000,0.010648,-34.885555,0.996929
8809,8.809000,90.061470,97.908325,90.000000,0.061472,-31.915131,0.995943
8810,8.810000,90.113632,97.773682,90.000000,0.113634,-28.958591,0.994803
8811,8.811000,90.167061,97.636353,90.000000,0.167066,-26.324726,0.993506
8812,8.812000,90.221703,97.496521,90.000000,0.221708,-23.602728,0.992049
8813,8.813000,90.277473,97.354385,90.000000,0.277476,-20.850714,0.990430
8814,8.814000,90.334305,97.210144,90.000000,0.334310,-17.894390,0.988647
8815,8.815000,90.392128,97.063988,90.000000,0.392128,-14.856788,0.986701
8816,8.816000,90.450859,96.916153,90.000000,0.450861,-11.685265,0.984591
8817,8.817000,90.510429,96.766815,90.000000,0.510434,-8.311284,0.982319
8818,8.818000,90.570763,96.616188,90.000000,0.570765,-4.452004,0.979887
8819,8.819000,90.631783,96.464439,90.000000,0.631786,-0.106762,0.977297
8820,8.820000,90.693405,96.311760,90.000000,0.693408,4.754318,0.974554
8821,8.821000,90.755569,96.158363,90.000000,0.755569,9.811773,0.971662
8822,8.822000,90.818169,96.004433,90.000000,0.818175,14.409163,0.968627
8823,8.823000,90.881157,95.850197,90.000000,0.881156,18.758900,0.965454
8824,8.824000,90.944427,95.695892,90.000000,0.944431,22.730339,0.962150
8825,8.825000,91.007919,95.541763,90.000000,1.007924,26.167761,0.958724
8826,8.826000,91.071548,95.388100,90.000000,1.071547,29.161589,0.955182
8827,8.827000,91.135231,95.235252,90.000000,1.135232,31.773232,0.951534
8828,8.828000,91.198891,95.083549,90.000000,1.198889,34.083969,0.947790
8829,8.829000,91.262451,94.933327,90.000000,1.262451,36.140804,0.943958
8830,8.830000,91.325836,94.784874,90.000000,1.325835,38.181885,0.940048
8831,8.831000,91.388954,94.638458,90.000000,1.388960,40.079048,0.936072
8832,8.832000,91.451752,94.494324,90.000000,1.451757,41.857098,0.932041
8833,8.833000,91.514145,94.352646,90.000000,1.514150,43.347252,0.927964
8834,8.834000,91.576057,94.213608,90.000000,1.576059,44.353729,0.923854
8835,8.835000,91.637413,94.077339,90.000000,1.637415,45.164528,0.919721
8836,8.836000,91.698143,93.943970,90.000000,1.698142,45.741676,0.915578
8837,8.837000,91.758179,93.813614,90.000000,1.758179,46.060104,0.911436
8838,8.838000,91.817444,93.686394,90.000000,1.817445,46.104012,0.907305
8839,8.839000,91.875885,93.562408,90.000000,1.875884,45.913502,0.903199
8840,8.840000,91.933418,93.441742,90.000000,1.933421,45.573311,0.899127
8841,8.841000,91.989990,93.324471,90.000000,1.989996,45.122337,0.895102
8842,8.842000,92.045540,93.210617,90.000000,2.045539,44.589615,0.891134
8843,8.843000,92.099991,93.100212,90.000000,2.099996,43.961891,0.887234
8844,8.844000,92.153297,92.993263,90.000000,2.153299,43.279327,0.883412
8845,8.845000,92.205399,92.889771,90.000000,2.205400,42.599709,0.879679
8846,8.846000,92.256233,92.789680,90.000000,2.256237,41.965076,0.876045
8847,8.847000,92.305756,92.692970,90.000000,2.305756,41.421497,0.872520
8848,8.848000,92.353897,92.599594,90.000000,2.353902,40.942406,0.869112
8849,8.849000,92.400627,92.509499,90.000000,2.400627,40.504982,0.865831
8850,8.850000,92.445877,92.422623,90.000000,2.445877,40.244179,0.862685
8851,8.851000,92.489609,92.338921,90.000000,2.489611,40.169876,0.859683
8852,8.852000,92.531769,92.258324,90.000000,2.531773,40.242706,0.856832
8853,8.853000,92.572319,92.180779,90.000000,2.572324,40.417900,0.854140
8854,8.854000,92.611221,92.106247,90.000000,2.611222,40.721233,0.851613
8855,8.855000,92.648422,92.034660,90.000000,2.648426,41.087761,0.849259
8856,8.856000,92.683884,91.966011,90.000000,2.683888,41.526329,0.847082
8857,8.857000,92.717583,91.900261,90.000000,2.717582,42.110554,0.845090
8858,8.858000,92.749466,91.837387,90.000000,2.749465,42.720398,0.843286
8859,8.859000,92.779503,91.777390,90.000000,2.779504,43.380264,0.841677
8860,8.860000,92.807671,91.720284,90.000000,2.807672,44.104893,0.840265
8861,8.861000,92.833923,91.666077,90.000000,2.833927,44.876823,0.839055
8862,8.862000,92.858238,91.614784,90.000000,2.858243,45.737213,0.838051
8863,8.863000,92.880592,91.566437,90.000000,2.880598,46.700722,0.837254
8864,8.864000,92.900963,91.521065,90.000000,2.900966,47.783813,0.836667
8865,8.865000,92.919319,91.478699,90.000000,2.919318,48.996666,0.836293
8866,8.866000,92.935631,91.439377,90.000000,2.935636,50.385712,0.836132
8867,8.867000,92.949898,91.403145,90.000000,2.949897,51.957161,0.836186
8868,8.868000,92.962082,91.370041,90.000000,2.962082,53.659935,0.836455
8869,8.869000,92.972176,91.340118,90.000000,2.972177,55.457394,0.836938
8870,8.870000,92.980164,91.313423,90.000000,2.980169,57.544060,0.837636
8871,8.871000,92.986031,91.290031,90.000000,2.986036,60.069946,0.838546
8872,8.872000,92.989777,91.270012,90.000000,2.989779,63.067272,0.839667
8873,8.873000,92.991379,91.253448,90.000000,2.991384,66.572151,0.840998
8874,8.874000,92.990845,91.240433,90.000000,2.990851,70.394997,0.842534
8875,8.875000,92.988167,91.231087,90.000000,2.988167,74.231926,0.844273
8876,8.876000,92.983322,91.225502,90.000000,2.983324,77.485474,0.846212
8877,8.877000,92.976334,91.223831,90.000000,2.976337,80.077301,0.848344
8878,8.878000,92.967201,91.226212,90.000000,2.967205,82.039810,0.850666
8879,8.879000,92.955917,91.232849,90.000000,2.955921,83.264053,0.853171
8880,8.880000,92.942497,91.243965,90.000000,2.942500,83.774918,0.855854
8881,8.881000,92.926949,91.259811,90.000000,2.926948,83.741219,0.858708
8882,8.882000,92.909279,91.280647,90.000000,2.909285,83.304810,0.861724
8883,8.883000,92.889511,91.306686,90.000000,2.889511,82.658447,0.864896
8884,8.884000,92.867653,91.338112,90.000000,2.867655,81.910080,0.868214
8885,8.885000,92.843719,91.375038,90.000000,2.843722,81.087830,0.871670
8886,8.886000,92.817749,91.417526,90.000000,2.817753,80.136215,0.875255
8887,8.887000,92.789757,91.465607,90.000000,2.789757,78.979263,0.878958
8888,8.888000,92.759773,91.519226,90.000000,2.759772,77.749359,0.882768
8889,8.889000,92.727821,91.578354,90.000000,2.727820,76.423897,0.886676
8890,8.890000,92.693932,91.642906,90.000000,2.693936,74.971680,0.890669
8891,8.891000,92.658157,91.712791,90.000000,2.658159,73.397491,0.894736
8892,8.892000,92.620529,91.787941,90.000000,2.620532,71.765999,0.898866
8893,8.893000,92.581085,91.868271,90.000000,2.581087,70.036972,0.903047
8894,8.894000,92.539864,91.953682,90.000000,2.539867,68.147522,0.907265
8895,8.895000,92.496925,92.044075,90.000000,2.496926,66.372574,0.911508
8896,8.896000,92.452301,92.139328,90.000000,2.452304,64.490326,0.915765
8897,8.897000,92.406052,92.239342,90.000000,2.406057,62.394413,0.920021
8898,8.898000,92.358238,92.343987,90.000000,2.358239,60.207321,0.924265
8899,8.899000,92.308899,92.453140,90.000000,2.308904,57.874199,0.928484
8900,8.900000,92.258102,92.566673,90.000000,2.258108,55.407799,0.932666
8901,8.901000,92.205910,92.684441,90.000000,2.205912,53.048820,0.936798
8902,8.902000,92.152374,92.806313,90.000000,2.152377,50.659447,0.940868
8903,8.903000,92.097565,92.932152,90.000000,2.097565,48.280933,0.944865
8904,8.904000,92.041550,93.061790,90.000000,2.041550,45.921600,0.948777
8905,8.905000,91.984383,93.195091,90.000000,1.984388,43.601242,0.952593
8906,8.906000,91.926155,93.331871,90.000000,1.926154,41.325111,0.956304
8907,8.907000,91.866920,93.471962,90.000000,1.866923,39.069191,0.959899
8908,8.908000,91.806755,93.615189,90.000000,1.806756,36.841537,0.963369
8909,8.909000,91.745743,93.761383,90.000000,1.745742,34.631451,0.966707
8910,8.910000,91.683937,93.910362,90.000000,1.683942,32.409084,0.969903
8911,8.911000,91.621437,94.061981,90.000000,1.621439,30.066135,0.972951
8912,8.912000,91.558311,94.216057,90.000000,1.558314,27.068098,0.975846
8913,8.913000,91.494644,94.372437,90.000000,1.494643,23.475269,0.978581
8914,8.914000,91.430504,94.530968,90.000000,1.430508,19.210758,0.981153
8915,8.915000,91.365982,94.691483,90.000000,1.365983,14.140381,0.983557
8916,8.916000,91.301147,94.853844,90.000000,1.301151,8.719425,0.985792
8917,8.917000,91.236107,95.017891,90.000000,1.236107,3.089501,0.987855
8918,8.918000,91.170914,95.183464,90.000000,1.170920,-2.191538,0.989747
8919,8.919000,91.105675,95.350365,90.000000,1.105678,-6.989522,0.991466
8920,8.920000,91.040466,95.518356,90.000000,1.040470,-11.337515,0.993015
8921,8.921000,90.975372,95.687134,90.000000,0.975378,-15.251696,0.994396
8922,8.922000,90.910484,95.856369,90.000000,0.910485,-19.120489,0.995611
8923,8.923000,90.845879,96.025665,90.000000,0.845878,-23.031464,0.996665
8924,8.924000,90.781639,96.194641,90.000000,0.781640,-26.747726,0.997561
8925,8.925000,90.717857,96.362923,90.000000,0.717860,-30.291660,0.998306
8926,8.926000,90.654610,96.530182,90.000000,0.654612,-33.642937,0.998906
8927,8.927000,90.591995,96.696114,90.000000,0.592000,-36.809895,0.999367
8928,8.928000,90.530083,96.860458,90.000000,0.530084,-40.356514,0.999696
8929,8.929000,90.468956,97.022964,90.000000,0.468961,-44.057877,0.999902
8930,8.930000,90.408707,97.183372,90.000000,0.408712,-47.798714,0.999994
8931,8.931000,90.349411,97.341469,90.000000,0.349412,-51.814873,0.999979
8932,8.932000,90.291138,97.496994,90.000000,0.291137,-56.463707,0.999867
8933,8.933000,90.233971,97.649750,90.000000,0.233975,-60.977264,0.999667
8934,8.934000,90.177994,97.799522,90.000000,0.177995,-65.382103,0.999390
8935,8.935000,90.123268,97.946106,90.000000,0.123271,-69.628510,0.999045
8936,8.936000,90.069878,98.089249,90.000000,0.069880,-73.511246,0.998641
8937,8.937000,90.017891,98.228714,90.000000,0.017895,-77.044197,0.998188
8938,8.938000,89.967377,98.364250,90.000000,-0.032621,-80.256912,0.997697
8939,8.939000,89.918404,98.495560,90.000000,-0.081593,-82.945175,0.997176
8940,8.940000,89.871040,98.622330,90.000000,-0.128961,-85.029350,0.996635
8941,8.941000,89.825340,98.744278,90.000000,-0.174655,-86.641388,0.996083
8942,8.942000,89.781380,98.861122,90.000000,-0.218621,-87.917015,0.995529
8943,8.943000,89.739197,98.972610,90.000000,-0.260797,-88.821915,0.994981
8944,8.944000,89.698868,99.078522,90.000000,-0.301129,-89.520218,0.994446
8945,8.945000,89.660431,99.178642,90.000000,-0.339570,-90.073517,0.993933
8946,8.946000,89.623940,99.272820,90.000000,-0.376057,-90.566727,0.993449
8947,8.947000,89.589455,99.360939,90.000000,-0.410542,-90.915222,0.992998
8948,8.948000,89.557007,99.442894,90.000000,-0.442992,-91.258812,0.992588
8949,8.949000,89.526642,99.518631,90.000000,-0.473359,-91.692581,0.992224
8950,8.950000,89.498390,99.588120,90.000000,-0.501609,-92.024612,0.991909
8951,8.951000,89.472305,99.651344,90.000000,-0.527694,-92.287277,0.991647
8952,8.952000,89.448395,99.708290,90.000000,-0.551599,-92.466278,0.991442
8953,8.953000,89.426720,99.758942,90.000000,-0.573278,-92.477043,0.991296
8954,8.954000,89.407280,99.803322,90.000000,-0.592717,-92.362183,0.991211
8955,8.955000,89.390106,99.841400,90.000000,-0.609888,-92.082306,0.991187
8956,8.956000,89.375229,99.873192,90.000000,-0.624771,-91.681747,0.991225
8957,8.957000,89.362656,99.898682,90.000000,-0.637345,-91.114510,0.991324
8958,8.958000,89.352394,99.917885,90.000000,-0.647604,-90.412643,0.991483
8959,8.959000,89.344467,99.930794,90.000000,-0.655534,-89.554199,0.991700
8960,8.960000,89.338867,99.937431,90.000000,-0.661128,-88.581497,0.991972
8961,8.961000,89.335617,99.937813,90.000000,-0.664379,-87.534843,0.992296
8962,8.962000,89.334709,99.931992,90.000000,-0.665288,-86.407135,0.992668
8963,8.963000,89.336143,99.920006,90.000000,-0.663853,-85.152969,0.993084
8964,8.964000,89.339912,99.901917,90.000000,-0.660083,-83.857567,0.993538
8965,8.965000,89.346016,99.877785,90.000000,-0.653984,-82.638664,0.994025
8966,8.966000,89.354431,99.847679,90.000000,-0.645569,-81.427567,0.994538
8967,8.967000,89.365150,99.811707,90.000000,-0.634846,-80.191803,0.995070
8968,8.968000,89.378159,99.769943,90.000000,-0.621841,-78.985237,0.995614
8969,8.969000,89.393425,99.722481,90.000000,-0.606575,-77.533714,0.996162
8970,8.970000,89.410942,99.669426,90.000000,-0.589056,-75.708832,0.996706
8971,8.971000,89.430672,99.610886,90.000000,-0.569324,-74.099571,0.997239
8972,8.972000,89.452591,99.546959,90.000000,-0.547405,-72.301132,0.997750
8973,8.973000,89.476677,99.477745,90.000000,-0.523322,-70.327728,0.998231
8974,8.974000,89.502876,99.403343,90.000000,-0.497122,-68.072662,0.998674
8975,8.975000,89.531174,99.323845,90.000000,-0.468824,-65.756950,0.999068
8976,8.976000,89.561516,99.239372,90.000000,-0.438484,-63.368698,0.999405
8977,8.977000,89.593864,99.150040,90.000000,-0.406137,-60.733273,0.999675
8978,8.978000,89.628166,99.055992,90.000000,-0.371829,-57.805786,0.999869
8979,8.979000,89.664391,98.957359,90.000000,-0.335608,-55.370609,0.999978
8980,8.980000,89.702484,98.854279,90.000000,-0.297516,-53.007553,0.999994
8981,8.981000,89.742393,98.746925,90.000000,-0.257607,-50.574501,0.999908
8982,8.982000,89.784058,98.635475,90.000000,-0.215936,-48.171055,0.999711
8983,8.983000,89.827431,98.520088,90.000000,-0.172565,-45.702023,0.999396
8984,8.984000,89.872459,98.400970,90.000000,-0.127540,-43.097599,0.998956
8985,8.985000,89.919067,98.278320,90.000000,-0.080931,-40.321579,0.998383
8986,8.986000,89.967209,98.152328,90.000000,-0.032792,-37.461128,0.997671
8987,8.987000,90.016808,98.023163,90.000000,0.016809,-34.507240,0.996815
8988,8.988000,90.067810,97.890991,90.000000,0.067810,-31.534513,0.995810
8989,8.989000,90.120140,97.755989,90.000000,0.120143,-28.613258,0.994650
8990,8.990000,90.173737,97.618332,90.000000,0.173740,-25.987278,0.993334
8991,8.991000,90.228531,97.478203,90.000000,0.228531,-23.239109,0.991856
8992,8.992000,90.284439,97.335785,90.000000,0.284443,-20.480648,0.990217
8993,8.993000,90.341408,97.191284,90.000000,0.341407,-17.504368,0.988414
8994,8.994000,90.399353,97.044914,90.000000,0.399354,-14.462924,0.986447
8995,8.995000,90.458191,96.896866,90.000000,0.458196,-11.277241,0.984317
8996,8.996000,90.517868,96.747360,90.000000,0.517872,-7.834993,0.982025
8997,8.997000,90.578300,96.596573,90.000000,0.578305,-3.922155,0.979573
8998,8.998000,90.639404,96.444695,90.000000,0.639408,0.492137,0.976964
8999,8.999000,90.701103,96.291916,90.000000,0.701105,5.392534,0.974202
9000,9.000000,90.763329,96.138435,90.000000,0.763328,10.442817,0.971291
9001,9.001000,90.825996,95.984459,90.000000,0.825995,14.969781,0.968238
9002,9.002000,90.889015,95.830208,90.000000,0.889017,19.288527,0.965049
9003,9.003000,90.952324,95.675903,90.000000,0.952326,23.185568,0.961729
9004,9.004000,91.015846,95.521820,90.000000,1.015847,26.565668,0.958288
9005,9.005000,91.079483,95.368256,90.000000,1.079484,29.505524,0.954732
9006,9.006000,91.143166,95.215530,90.000000,1.143169,32.080063,0.951072
9007,9.007000,91.206825,95.064003,90.000000,1.206826,34.353394,0.947316
9008,9.008000,91.270370,94.913994,90.000000,1.270374,36.398285,0.943473
9009,9.009000,91.333725,94.765785,90.000000,1.333731,38.445271,0.939555
9010,9.010000,91.396820,94.619652,90.000000,1.396821,40.308556,0.935571
9011,9.011000,91.459564,94.475822,90.000000,1.459570,42.085411,0.931534
9012,9.012000,91.521904,94.334473,90.000000,1.521909,43.484032,0.927452
9013,9.013000,91.583748,94.195778,90.000000,1.583750,44.471729,0.923338
9014,9.014000,91.645035,94.059868,90.000000,1.645037,45.256214,0.919204
9015,9.015000,91.705681,93.926880,90.000000,1.705683,45.796959,0.915060
9016,9.016000,91.765625,93.796921,90.000000,1.765624,46.085815,0.910919
9017,9.017000,91.824791,93.670105,90.000000,1.824794,46.092678,0.906791
9018,9.018000,91.883125,93.546539,90.000000,1.883124,45.879669,0.902689
9019,9.019000,91.940536,93.426308,90.000000,1.940539,45.521446,0.898622
9020,9.020000,91.996986,93.309471,90.000000,1.996990,45.061707,0.894604
9021,9.021000,92.052391,93.196053,90.000000,2.052397,44.514523,0.890644
9022,9.022000,92.106712,93.086098,90.000000,2.106717,43.877678,0.886753
9023,9.023000,92.159874,92.979591,90.000000,2.159876,43.194305,0.882942
9024,9.024000,92.211815,92.876526,90.000000,2.211820,42.520508,0.879222
9025,9.025000,92.262489,92.776871,90.000000,2.262493,41.892326,0.875601
9026,9.026000,92.311836,92.680595,90.000000,2.311841,41.362473,0.872090
9027,9.027000,92.359810,92.587639,90.000000,2.359810,40.878521,0.868698
9028,9.028000,92.406349,92.497963,90.000000,2.406351,40.464085,0.865433
9029,9.029000,92.451408,92.411499,90.000000,2.451409,40.227493,0.862306
9030,9.030000,92.494942,92.328194,90.000000,2.494945,40.176178,0.859322
9031,9.031000,92.536911,92.247993,90.000000,2.536910,40.261711,0.856491
9032,9.032000,92.577255,92.170837,90.000000,2.577256,40.453247,0.853819
9033,9.033000,92.615936,92.096680,90.000000,2.615935,40.764603,0.851314
9034,9.034000,92.652916,92.025482,90.000000,2.652920,41.140541,0.848982
9035,9.035000,92.688164,91.957199,90.000000,2.688164,41.600189,0.846829
9036,9.036000,92.721626,91.891815,90.000000,2.721632,42.191956,0.844860
9037,9.037000,92.753281,91.829323,90.000000,2.753283,42.802174,0.843081
9038,9.038000,92.783081,91.769691,90.000000,2.783083,43.466972,0.841497
9039,9.039000,92.811005,91.712959,90.000000,2.811005,44.196114,0.840110
9040,9.040000,92.837021,91.659126,90.000000,2.837021,44.975449,0.838927
9041,9.041000,92.861092,91.608215,90.000000,2.861091,45.853867,0.837948
9042,9.042000,92.883194,91.560249,90.000000,2.883193,46.828278,0.837178
9043,9.043000,92.903305,91.515259,90.000000,2.903308,47.937271,0.836619
9044,9.044000,92.921402,91.473282,90.000000,2.921402,49.159058,0.836271
9045,9.045000,92.937454,91.434357,90.000000,2.937459,50.580032,0.836138
9046,9.046000,92.951454,91.398529,90.000000,2.951454,52.166130,0.836219
9047,9.047000,92.963371,91.365829,90.000000,2.963373,53.880386,0.836515
9048,9.048000,92.973198,91.336319,90.000000,2.973202,55.701088,0.837026
9049,9.049000,92.980927,91.310051,90.000000,2.980927,57.858276,0.837750
9050,9.050000,92.986526,91.287086,90.000000,2.986527,60.415337,0.838687
9051,9.051000,92.989998,91.267502,90.000000,2.989997,63.505623,0.839836
9052,9.052000,92.991325,91.251389,90.000000,2.991329,67.055923,0.841192
9053,9.053000,92.990524,91.238846,90.000000,2.990523,70.908279,0.842755
9054,9.054000,92.987556,91.229973,90.000000,2.987559,74.672852,0.844520
9055,9.055000,92.982445,91.224884,90.000000,2.982450,77.854721,0.846483
9056,9.056000,92.975189,91.223724,90.000000,2.975189,80.356323,0.848640
9057,9.057000,92.965775,91.226639,90.000000,2.965777,82.231865,0.850985
9058,9.058000,92.954224,91.233833,90.000000,2.954227,83.362167,0.853514
9059,9.059000,92.940529,91.245544,90.000000,2.940533,83.800919,0.856218
9060,9.060000,92.924713,91.262024,90.000000,2.924714,83.710915,0.859093
9061,9.061000,92.906776,91.283524,90.000000,2.906778,83.236954,0.862130
9062,9.062000,92.886734,91.310249,90.000000,2.886738,82.575455,0.865320
9063,9.063000,92.864616,91.342369,90.000000,2.864615,81.812988,0.868657
9064,9.064000,92.840424,91.380013,90.000000,2.840423,80.976723,0.872130
9065,9.065000,92.814194,91.423218,90.000000,2.814195,79.999161,0.875730
9066,9.066000,92.785942,91.472008,90.000000,2.785945,78.811935,0.879447
9067,9.067000,92.755699,91.526337,90.000000,2.755701,77.580879,0.883270
9068,9.068000,92.723503,91.586166,90.000000,2.723504,76.246239,0.887189
9069,9.069000,92.689377,91.651405,90.000000,2.689380,74.773804,0.891192
9070,9.070000,92.653358,91.721977,90.000000,2.653364,73.195465,0.895268
9071,9.071000,92.615494,91.797806,90.000000,2.615498,71.557892,0.899405
9072,9.072000,92.575829,91.878792,90.000000,2.575828,69.806511,0.903591
9073,9.073000,92.534386,91.964851,90.000000,2.534389,67.899086,0.907812
9074,9.074000,92.491226,92.055870,90.000000,2.491229,66.147560,0.912058
9075,9.075000,92.446396,92.151749,90.000000,2.446396,64.243355,0.916315
9076,9.076000,92.399948,92.252365,90.000000,2.399951,62.118053,0.920571
9077,9.077000,92.351929,92.357597,90.000000,2.351934,59.920670,0.924812
9078,9.078000,92.302406,92.467323,90.000000,2.302409,57.567253,0.929027
9079,9.079000,92.251427,92.581406,90.000000,2.251428,55.080444,0.933203
9080,9.080000,92.199059,92.699715,90.000000,2.199061,52.743019,0.937327
9081,9.081000,92.145355,92.822098,90.000000,2.145355,50.353325,0.941388
9082,9.082000,92.090393,92.948433,90.000000,2.090393,47.975616,0.945375
9083,9.083000,92.034218,93.078552,90.000000,2.034221,45.620346,0.949275
9084,9.084000,91.976921,93.212318,90.000000,1.976923,43.309902,0.953078
9085,9.085000,91.918556,93.349533,90.000000,1.918559,41.038559,0.956774
9086,9.086000,91.859200,93.490036,90.000000,1.859205,38.784882,0.960354
9087,9.087000,91.798927,93.633659,90.000000,1.798928,36.562279,0.963807
9088,9.088000,91.737801,93.780220,90.000000,1.737805,34.352077,0.967127
9089,9.089000,91.675911,93.929550,90.000000,1.675917,32.131058,0.970304
9090,9.090000,91.613327,94.081490,90.000000,1.613332,29.688784,0.973333
9091,9.091000,91.550133,94.235878,90.000000,1.550132,26.637558,0.976207
9092,9.092000,91.486397,94.392540,90.000000,1.486399,22.951088,0.978922
9093,9.093000,91.422203,94.551338,90.000000,1.422202,18.569450,0.981472
9094,9.094000,91.357635,94.712105,90.000000,1.357637,13.441359,0.983854
9095,9.095000,91.292778,94.874695,90.000000,1.292777,7.992957,0.986067
9096,9.096000,91.227707,95.038948,90.000000,1.227706,2.359637,0.988108
9097,9.097000,91.162506,95.204704,90.000000,1.162512,-2.830744,0.989978
9098,9.098000,91.097267,95.371765,90.000000,1.097270,-7.562537,0.991675
9099,9.099000,91.032074,95.539871,90.000000,1.032076,-11.838411,0.993203
9100,9.100000,90.967003,95.708725,90.000000,0.967004,-15.744396,0.994562
9101,9.101000,90.902138,95.877983,90.000000,0.902138,-19.615913,0.995756
9102,9.102000,90.837578,96.047264,90.000000,0.837579,-23.531876,0.996789
9103,9.103000,90.773392,96.216164,90.000000,0.773396,-27.203783,0.997666
9104,9.104000,90.709671,96.384331,90.000000,0.709677,-30.739887,0.998391
9105,9.105000,90.646507,96.551422,90.000000,0.646511,-34.043076,0.998973
9106,9.106000,90.583977,96.717163,90.000000,0.583981,-37.259361,0.999416
9107,9.107000,90.522163,96.881287,90.000000,0.522168,-40.814144,0.999729
9108,9.108000,90.461151,97.043526,90.000000,0.461154,-44.530319,0.999920
9109,9.109000,90.401016,97.203651,90.000000,0.401021,-48.260220,0.999997
9110,9.110000,90.341843,97.361427,90.000000,0.341844,-52.386932,0.999970
9111,9.111000,90.283707,97.516602,90.000000,0.283712,-57.048378,0.999846
9112,9.112000,90.226692,97.668983,90.000000,0.226694,-61.544739,0.999636
9113,9.113000,90.170868,97.818359,90.000000,0.170871,-65.936615,0.999349
9114,9.114000,90.116318,97.964508,90.000000,0.116318,-70.149216,0.998996
9115,9.115000,90.063103,98.107193,90.000000,0.063104,-73.978996,0.998585
9116,9.116000,90.011299,98.246170,90.000000,0.011304,-77.470871,0.998127
9117,9.117000,89.960983,98.381180,90.000000,-0.039014,-80.635086,0.997631
9118,9.118000,89.912209,98.511925,90.000000,-0.087788,-83.247459,0.997107
9119,9.119000,89.865051,98.638092,90.000000,-0.134944,-85.259537,0.996564
9120,9.120000,89.819580,98.759399,90.000000,-0.180419,-86.828697,0.996011
9121,9.121000,89.775841,98.875565,90.000000,-0.224160,-88.054886,0.995457
9122,9.122000,89.733894,98.986351,90.000000,-0.266104,-88.917358,0.994910
9123,9.123000,89.693802,99.091530,90.000000,-0.306197,-89.594482,0.994378
9124,9.124000,89.655609,99.190903,90.000000,-0.344385,-90.143158,0.993869
9125,9.125000,89.619377,99.284309,90.000000,-0.380619,-90.610420,0.993388
9126,9.126000,89.585144,99.371628,90.000000,-0.414852,-90.957733,0.992943
9127,9.127000,89.552963,99.452797,90.000000,-0.447036,-91.324600,0.992538
9128,9.128000,89.522865,99.527733,90.000000,-0.477130,-91.745636,0.992180
9129,9.129000,89.494888,99.596428,90.000000,-0.505106,-92.067581,0.991871
9130,9.130000,89.469078,99.658844,90.000000,-0.530917,-92.322754,0.991617
9131,9.131000,89.445465,99.714989,90.000000,-0.554536,-92.481232,0.991419
9132,9.132000,89.424072,99.764832,90.000000,-0.575928,-92.479362,0.991281
9133,9.133000,89.404915,99.808395,90.000000,-0.595080,-92.348007,0.991203
9134,9.134000,89.388039,99.845673,90.000000,-0.611958,-92.044296,0.991187
9135,9.135000,89.373451,99.876656,90.000000,-0.626547,-91.615402,0.991233
9136,9.136000,89.361168,99.901337,90.000000,-0.638828,-91.029732,0.991340
9137,9.137000,89.351212,99.919731,90.000000,-0.648786,-90.304916,0.991506
9138,9.138000,89.343575,99.931831,90.000000,-0.656422,-89.422867,0.991730
9139,9.139000,89.338287,99.937660,90.000000,-0.661709,-88.443336,0.992009
9140,9.140000,89.335335,99.937248,90.000000,-0.664659,-87.396919,0.992340
9141,9.141000,89.334732,99.930626,90.000000,-0.665267,-86.247856,0.992718
9142,9.142000,89.336456,99.917854,90.000000,-0.663539,-84.979645,0.993139
9143,9.143000,89.340530,99.898979,90.000000,-0.659468,-83.702248,0.993598
9144,9.144000,89.346924,99.874069,90.000000,-0.653075,-82.489990,0.994088
9145,9.145000,89.355629,99.843208,90.000000,-0.644367,-81.271088,0.994604
9146,9.146000,89.366646,99.806480,90.000000,-0.633350,-80.037018,0.995138
9147,9.147000,89.379936,99.763977,90.000000,-0.620058,-78.824539,0.995683
9148,9.148000,89.395500,99.715797,90.000000,-0.604499,-77.323486,0.996231
9149,9.149000,89.413300,99.662033,90.000000,-0.586700,-75.458679,0.996775
9150,9.150000,89.433311,99.602791,90.000000,-0.566687,-73.883995,0.997305
9151,9.151000,89.455513,99.538185,90.000000,-0.544482,-72.045547,0.997813
9152,9.152000,89.479866,99.468300,90.000000,-0.520133,-70.056854,0.998290
9153,9.153000,89.506340,99.393234,90.000000,-0.493659,-67.771683,0.998726
9154,9.154000,89.534897,99.313087,90.000000,-0.465102,-65.451172,0.999114
9155,9.155000,89.565491,99.227982,90.000000,-0.434509,-63.042442,0.999443
9156,9.156000,89.598091,99.138039,90.000000,-0.401909,-60.357986,0.999704
9157,9.157000,89.632652,99.043396,90.000000,-0.367348,-57.437981,0.999888
9158,9.158000,89.669106,98.944176,90.000000,-0.330889,-55.070236,0.999986
9159,9.159000,89.707443,98.840546,90.000000,-0.292557,-52.696426,0.999989
9160,9.160000,89.747574,98.732658,90.000000,-0.252423,-50.257172,0.999889
9161,9.161000,89.789459,98.620689,90.000000,-0.210541,-47.857643,0.999678
9162,9.162000,89.833046,98.504822,90.000000,-0.166950,-45.379478,0.999348
9163,9.163000,89.878273,98.385239,90.000000,-0.121721,-42.750114,0.998891
9164,9.164000,89.925087,98.262146,90.000000,-0.074914,-39.955399,0.998301
9165,9.165000,89.973412,98.135742,90.000000,-0.026583,-37.086063,0.997571
9166,9.166000,90.023193,98.006180,90.000000,0.023195,-34.130230,0.996696
9167,9.167000,90.074364,97.873642,90.000000,0.074367,-31.148594,0.995672
9168,9.168000,90.126862,97.738304,90.000000,0.126864,-28.271227,0.994492
9169,9.169000,90.180618,97.600319,90.000000,0.180618,-25.645729,0.993155
9170,9.170000,90.235550,97.459885,90.000000,0.235553,-22.887770,0.991658
9171,9.171000,90.291595,97.317192,90.000000,0.291601,-20.117313,0.989998
9172,9.172000,90.348694,97.172447,90.000000,0.348695,-17.117750,0.988174
9173,9.173000,90.406754,97.025848,90.000000,0.406758,-14.063580,0.986187
9174,9.174000,90.465706,96.877609,90.000000,0.465710,-10.859661,0.984036
9175,9.175000,90.525482,96.727928,90.000000,0.525487,-7.364639,0.981724
9176,9.176000,90.585999,96.576996,90.000000,0.586003,-3.388900,0.979251
9177,9.177000,90.647186,96.424995,90.000000,0.647188,1.109496,0.976623
9178,9.178000,90.708954,96.272118,90.000000,0.708953,6.030024,0.973842
9179,9.179000,90.771233,96.118568,90.000000,0.771238,11.081845,0.970914
9180,9.180000,90.833946,95.964546,90.000000,0.833946,15.538345,0.967843
9181,9.181000,90.897003,95.810272,90.000000,0.897009,19.823425,0.964637
9182,9.182000,90.960350,95.655991,90.000000,0.960352,23.646177,0.961302
9183,9.183000,91.023880,95.501953,90.000000,1.023879,26.966393,0.957846
9184,9.184000,91.087524,95.348473,90.000000,1.087530,29.848225,0.954277
9185,9.185000,91.151215,95.195885,90.000000,1.151215,32.382957,0.950604
9186,9.186000,91.214859,95.044540,90.000000,1.214858,34.622215,0.946836
9187,9.187000,91.278374,94.894753,90.000000,1.278379,36.662910,0.942984
9188,9.188000,91.341705,94.746803,90.000000,1.341709,38.703499,0.939057
9189,9.189000,91.404755,94.600960,90.000000,1.404758,40.540359,0.935067
9190,9.190000,91.467453,94.457436,90.000000,1.467452,42.315681,0.931023
9191,9.191000,91.529724,94.316422,90.000000,1.529730,43.624733,0.926937
9192,9.192000,91.591499,94.178078,90.000000,1.591502,44.587521,0.922821
9193,9.193000,91.652702,94.042549,90.000000,1.652708,45.346817,0.918685
9194,9.194000,91.713264,93.909943,90.000000,1.713264,45.848885,0.914542
9195,9.195000,91.773109,93.780380,90.000000,1.773110,46.107815,0.910402
9196,9.196000,91.832169,93.653976,90.000000,1.832171,46.078346,0.906277
9197,9.197000,91.890381,93.530846,90.000000,1.890385,45.842716,0.902179
9198,9.198000,91.947678,93.411049,90.000000,1.947683,45.468300,0.898118
9199,9.199000,92.003998,93.294655,90.000000,2.003998,45.000042,0.894107
9200,9.200000,92.059265,93.181694,90.000000,2.059268,44.437508,0.890156
9201,9.201000,92.113434,93.072174,90.000000,2.113438,43.791641,0.886275
9202,9.202000,92.166435,92.966118,90.000000,2.166440,43.104950,0.882476
9203,9.203000,92.218216,92.863503,90.000000,2.218220,42.434967,0.878768
9204,9.204000,92.268723,92.764290,90.000000,2.268722,41.814255,0.875161
9205,9.205000,92.317894,92.668442,90.000000,2.317900,41.297935,0.871665
9206,9.206000,92.365685,92.575920,90.000000,2.365684,40.811241,0.868289
9207,9.207000,92.412033,92.486664,90.000000,2.412033,40.418434,0.865042
9208,9.208000,92.456902,92.400620,90.000000,2.456901,40.205105,0.861933
9209,9.209000,92.500237,92.317719,90.000000,2.500238,40.172577,0.858969
9210,9.210000,92.541992,92.237923,90.000000,2.541991,40.273102,0.856158
9211,9.211000,92.582123,92.161156,90.000000,2.582126,40.483875,0.853507
9212,9.212000,92.620590,92.087395,90.000000,2.620593,40.808273,0.851024
9213,9.213000,92.657349,92.016571,90.000000,2.657353,41.190411,0.848715
9214,9.214000,92.692360,91.948669,90.000000,2.692365,41.672741,0.846585
9215,9.215000,92.725601,91.883659,90.000000,2.725600,42.270721,0.844641
9216,9.216000,92.757011,91.821533,90.000000,2.757013,42.883827,0.842887
9217,9.217000,92.786575,91.762283,90.000000,2.786580,43.557106,0.841328
9218,9.218000,92.814255,91.705925,90.000000,2.814256,44.295250,0.839967
9219,9.219000,92.840019,91.652466,90.000000,2.840020,45.079578,0.838810
9220,9.220000,92.863831,91.601936,90.000000,2.863837,45.973846,0.837858
9221,9.221000,92.885681,91.554352,90.000000,2.885686,46.958347,0.837115
9222,9.222000,92.905540,91.509750,90.000000,2.905542,48.086098,0.836583
9223,9.223000,92.923370,91.468170,90.000000,2.923375,49.320683,0.836263
9224,9.224000,92.939163,91.429642,90.000000,2.939167,50.771812,0.836157
9225,9.225000,92.952896,91.394211,90.000000,2.952895,52.377792,0.836266
9226,9.226000,92.964546,91.361916,90.000000,2.964548,54.099289,0.836589
9227,9.227000,92.974106,91.332817,90.000000,2.974110,55.943909,0.837127
9228,9.228000,92.981552,91.306976,90.000000,2.981555,58.173996,0.837879
9229,9.229000,92.986885,91.284447,90.000000,2.986889,60.763676,0.838843
9230,9.230000,92.990082,91.265312,90.000000,2.990086,63.947037,0.840018
9231,9.231000,92.991142,91.249649,90.000000,2.991145,67.547333,0.841401
9232,9.232000,92.990059,91.237572,90.000000,2.990059,71.418243,0.842990
9233,9.233000,92.986816,91.229179,90.000000,2.986821,75.114967,0.844780
9234,9.234000,92.981430,91.224586,90.000000,2.981432,78.224808,0.846768
9235,9.235000,92.973892,91.223938,90.000000,2.973898,80.638962,0.848949
9236,9.236000,92.964211,91.227394,90.000000,2.964213,82.424240,0.851319
9237,9.237000,92.952377,91.235153,90.000000,2.952383,83.456352,0.853870
9238,9.238000,92.938423,91.247467,90.000000,2.938422,83.818909,0.856596
9239,9.239000,92.922325,91.264572,90.000000,2.922330,83.666611,0.859492
9240,9.240000,92.904121,91.286728,90.000000,2.904121,83.159744,0.862548
9241,9.241000,92.883812,91.314148,90.000000,2.883815,82.483810,0.865758
9242,9.242000,92.861420,91.346970,90.000000,2.861426,81.711929,0.869112
9243,9.243000,92.836967,91.385330,90.000000,2.836974,80.866493,0.872602
9244,9.244000,92.810486,91.429253,90.000000,2.810486,79.856110,0.876217
9245,9.245000,92.781975,91.478767,90.000000,2.781977,78.651718,0.879948
9246,9.246000,92.751488,91.533813,90.000000,2.751487,77.406410,0.883783
9247,9.247000,92.719040,91.594337,90.000000,2.719043,76.058601,0.887713
9248,9.248000,92.684669,91.660271,90.000000,2.684674,74.569916,0.891726
9249,9.249000,92.648415,91.731529,90.000000,2.648419,72.984116,0.895810
9250,9.250000,92.610321,91.808022,90.000000,2.610321,71.339066,0.899954
9251,9.251000,92.570419,91.889671,90.000000,2.570426,69.566879,0.904144
9252,9.252000,92.528755,91.976372,90.000000,2.528761,67.643150,0.908369
9253,9.253000,92.485390,92.068031,90.000000,2.485389,65.907654,0.912617
9254,9.254000,92.440346,92.164520,90.000000,2.440351,63.982986,0.916874
9255,9.255000,92.393700,92.265732,90.000000,2.393701,61.841274,0.921127
9256,9.256000,92.345482,92.371552,90.000000,2.345487,59.621002,0.925366
9257,9.257000,92.295776,92.481850,90.000000,2.295777,57.249146,0.929576
9258,9.258000,92.244614,92.596489,90.000000,2.244619,54.773029,0.933745
9259,9.259000,92.192078,92.715324,90.000000,2.192081,52.432934,0.937861
9260,9.260000,92.138206,92.838226,90.000000,2.138211,50.046593,0.941913
9261,9.261000,92.083092,92.965057,90.000000,2.083091,47.671257,0.945888
9262,9.262000,92.026772,93.095657,90.000000,2.026777,45.319897,0.949776
9263,9.263000,91.969337,93.229874,90.000000,1.969342,43.016144,0.953566
9264,9.264000,91.910843,93.367523,90.000000,1.910848,40.748745,0.957247
9265,9.265000,91.851372,93.508430,90.000000,1.851377,38.496651,0.960810
9266,9.266000,91.790993,93.652435,90.000000,1.790992,36.277760,0.964247
9267,9.267000,91.729767,93.799362,90.000000,1.729773,34.059631,0.967548
9268,9.268000,91.667786,93.949036,90.000000,1.667789,31.847906,0.970706
9269,9.269000,91.605125,94.101295,90.000000,1.605129,29.306786,0.973715
9270,9.270000,91.541855,94.255974,90.000000,1.541860,26.190624,0.976569
9271,9.271000,91.478065,94.412926,90.000000,1.478067,22.420780,0.979262
9272,9.272000,91.413818,94.571983,90.000000,1.413822,17.919733,0.981790
9273,9.273000,91.349220,94.732994,90.000000,1.349222,12.744938,0.984151
9274,9.274000,91.284332,94.895805,90.000000,1.284335,7.264516,0.986341
9275,9.275000,91.219238,95.060257,90.000000,1.219243,1.639351,0.988360
9276,9.276000,91.154037,95.226189,90.000000,1.154042,-3.476130,0.990207
9277,9.277000,91.088806,95.393394,90.000000,1.088807,-8.138953,0.991882
9278,9.278000,91.023621,95.561607,90.000000,1.023627,-12.348488,0.993387
9279,9.279000,90.958580,95.730530,90.000000,0.958583,-16.251978,0.994725
9280,9.280000,90.893753,95.899803,90.000000,0.893758,-20.122190,0.995898
9281,9.281000,90.829247,96.069054,90.000000,0.829246,-24.018377,0.996911
9282,9.282000,90.765121,96.237869,90.000000,0.765125,-27.657909,0.997767
9283,9.283000,90.701469,96.405899,90.000000,0.701474,-31.186359,0.998474
9284,9.284000,90.638390,96.572830,90.000000,0.638390,-34.443932,0.999037
9285,9.285000,90.575951,96.738358,90.000000,0.575956,-37.706505,0.999464
9286,9.286000,90.514244,96.902245,90.000000,0.514245,-41.273605,0.999761
9287,9.287000,90.453339,97.064224,90.000000,0.453340,-45.002014,0.999936
9288,9.288000,90.393326,97.224052,90.000000,0.393330,-48.720985,1.000000
9289,9.289000,90.334290,97.381485,90.000000,0.334290,-52.970490,0.999959
9290,9.290000,90.276299,97.536308,90.000000,0.276302,-57.631538,0.999824
9291,9.291000,90.219437,97.688301,90.000000,0.219440,-62.116016,0.999603
9292,9.292000,90.163780,97.837273,90.000000,0.163781,-66.494133,0.999308
9293,9.293000,90.109398,97.982979,90.000000,0.109399,-70.658600,0.998946
9294,9.294000,90.056366,98.125191,90.000000,0.056370,-74.432701,0.998529
9295,9.295000,90.004761,98.263672,90.000000,0.004761,-77.889267,0.998065
9296,9.296000,89.954636,98.398148,90.000000,-0.045359,-81.004784,0.997566
9297,9.297000,89.906075,98.528297,90.000000,-0.093922,-83.539383,0.997039
9298,9.298000,89.859138,98.653862,90.000000,-0.140859,-85.479713,0.996494
9299,9.299000,89.813881,98.774513,90.000000,-0.186116,-87.001282,0.995941
9300,9.300000,89.770370,98.889999,90.000000,-0.229624,-88.190544,0.995388
9301,9.301000,89.728668,99.000076,90.000000,-0.271329,-89.017715,0.994842
9302,9.302000,89.688828,99.104507,90.000000,-0.311170,-89.663864,0.994313
9303,9.303000,89.650894,99.203117,90.000000,-0.349105,-90.214622,0.993807
9304,9.304000,89.614922,99.295746,90.000000,-0.385079,-90.658325,0.993331
9305,9.305000,89.580956,99.382278,90.000000,-0.419046,-90.998474,0.992890
9306,9.306000,89.549034,99.462646,90.000000,-0.450963,-91.384712,0.992492
9307,9.307000,89.519211,99.536781,90.000000,-0.480784,-91.787506,0.992139
9308,9.308000,89.491524,99.604660,90.000000,-0.508473,-92.107986,0.991838
9309,9.309000,89.465996,99.666267,90.000000,-0.534005,-92.350174,0.991591
9310,9.310000,89.442665,99.721588,90.000000,-0.557330,-92.488319,0.991401
9311,9.311000,89.421562,99.770630,90.000000,-0.578435,-92.480919,0.991270
9312,9.312000,89.402702,99.813377,90.000000,-0.597293,-92.321434,0.991201
9313,9.313000,89.386124,99.849846,90.000000,-0.613877,-92.005676,0.991193
9314,9.314000,89.371834,99.880013,90.000000,-0.628166,-91.547470,0.991246
9315,9.315000,89.359848,99.903885,90.000000,-0.640146,-90.944077,0.991361
9316,9.316000,89.350197,99.921463,90.000000,-0.649804,-90.194717,0.991535
9317,9.317000,89.342873,99.932755,90.000000,-0.657126,-89.300919,0.991766
9318,9.318000,89.337875,99.937775,90.000000,-0.662118,-88.309799,0.992052
9319,9.319000,89.335236,99.936546,90.000000,-0.664762,-87.252853,0.992389
9320,9.320000,89.334930,99.929131,90.000000,-0.665069,-86.087769,0.992773
9321,9.321000,89.336967,99.915558,90.000000,-0.663027,-84.804886,0.993199
9322,9.322000,89.341331,99.895905,90.000000,-0.658662,-83.541458,0.993662
9323,9.323000,89.348038,99.870224,90.000000,-0.651962,-82.337540,0.994156
9324,9.324000,89.357048,99.838600,90.000000,-0.642953,-81.118683,0.994675
9325,9.325000,89.368355,99.801117,90.000000,-0.631642,-79.877136,0.995210
9326,9.326000,89.381943,99.757874,90.000000,-0.618057,-78.667213,0.995756
9327,9.327000,89.397797,99.708961,90.000000,-0.602204,-77.107849,0.996304
9328,9.328000,89.415878,99.654480,90.000000,-0.584118,-75.273087,0.996846
9329,9.329000,89.436180,99.594551,90.000000,-0.563818,-73.668320,0.997374
9330,9.330000,89.458656,99.529251,90.000000,-0.541340,-71.792908,0.997878
9331,9.331000,89.483284,99.458687,90.000000,-0.516711,-69.773689,0.998350
9332,9.332000,89.510033,99.382965,90.000000,-0.489964,-67.473534,0.998781
9333,9.333000,89.538849,99.302170,90.000000,-0.461147,-65.145363,0.999161
9334,9.334000,89.569717,99.216423,90.000000,-0.430281,-62.713367,0.999481
9335,9.335000,89.602570,99.125862,90.000000,-0.397428,-59.972897,0.999733
9336,9.336000,89.637367,99.030617,90.000000,-0.362628,-57.126900,0.999906
9337,9.337000,89.674080,98.930817,90.000000,-0.325916,-54.755898,0.999992
9338,9.338000,89.712646,98.826614,90.000000,-0.287353,-52.372910,0.999982
9339,9.339000,89.753006,98.718193,90.000000,-0.246993,-49.929207,0.999868
9340,9.340000,89.795113,98.605705,90.000000,-0.204885,-47.530472,0.999642
9341,9.341000,89.838913,98.489334,90.000000,-0.161083,-45.042484,0.999295
9342,9.342000,89.884346,98.369286,90.000000,-0.115649,-42.395020,0.998821
9343,9.343000,89.931358,98.245758,90.000000,-0.068637,-39.577599,0.998213
9344,9.344000,89.979874,98.118927,90.000000,-0.020122,-36.696388,0.997465
9345,9.345000,90.029839,97.988968,90.000000,0.029841,-33.739548,0.996571
9346,9.346000,90.081184,97.856064,90.000000,0.081190,-30.752939,0.995526
9347,9.347000,90.133850,97.720360,90.000000,0.133851,-27.924240,0.994327
9348,9.348000,90.187752,97.582054,90.000000,0.187755,-25.293976,0.992969
9349,9.349000,90.242836,97.441307,90.000000,0.242841,-22.533823,0.991450
9350,9.350000,90.299026,97.298347,90.000000,0.299026,-19.747498,0.989769
9351,9.351000,90.356247,97.153351,90.000000,0.356249,-16.727571,0.987924
9352,9.352000,90.414421,97.006531,90.000000,0.414422,-13.648340,0.985916
9353,9.353000,90.473488,96.858093,90.000000,0.473489,-10.424194,0.983744
9354,9.354000,90.533356,96.708244,90.000000,0.533356,-6.879480,0.981410
9355,9.355000,90.593956,96.557167,90.000000,0.593960,-2.846534,0.978918
9356,9.356000,90.655220,96.405045,90.000000,0.655220,1.737516,0.976269
9357,9.357000,90.717056,96.252075,90.000000,0.717061,6.672363,0.973469
9358,9.358000,90.779388,96.098450,90.000000,0.779393,11.717871,0.970522
9359,9.359000,90.842155,95.944382,90.000000,0.842155,16.111307,0.967434
9360,9.360000,90.905251,95.790092,90.000000,0.905253,20.361288,0.964211
9361,9.361000,90.968613,95.635826,90.000000,0.968616,24.110233,0.960859
9362,9.362000,91.032166,95.481850,90.000000,1.032171,27.367928,0.957388
9363,9.363000,91.095818,95.328476,90.000000,1.095822,30.192793,0.953806
9364,9.364000,91.159500,95.176033,90.000000,1.159500,32.698341,0.950120
9365,9.365000,91.223129,95.024864,90.000000,1.223130,34.893898,0.946342
9366,9.366000,91.286629,94.875298,90.000000,1.286630,36.933739,0.942479
9367,9.367000,91.349915,94.727615,90.000000,1.349918,38.963451,0.938544
9368,9.368000,91.412918,94.582062,90.000000,1.412920,40.774841,0.934546
9369,9.369000,91.475563,94.438866,90.000000,1.475567,42.551270,0.930497
9370,9.370000,91.537773,94.298195,90.000000,1.537776,43.767155,0.926407
9371,9.371000,91.599472,94.160217,90.000000,1.599473,44.703850,0.922288
9372,9.372000,91.660591,94.025055,90.000000,1.660596,45.431896,0.918151
9373,9.373000,91.721054,93.892845,90.000000,1.721057,45.896362,0.914007
9374,9.374000,91.780800,93.763695,90.000000,1.780801,46.125202,0.909869
9375,9.375000,91.839752,93.637718,90.000000,1.839752,46.062149,0.905748
9376,9.376000,91.897850,93.515015,90.000000,1.897850,45.804138,0.901654
9377,9.377000,91.955009,93.395676,90.000000,1.955012,45.410389,0.897600
9378,9.378000,92.011185,93.279732,90.000000,2.011190,44.932510,0.893596
9379,9.379000,92.066322,93.167221,90.000000,2.066323,44.354195,0.889654
9380,9.380000,92.120331,93.058167,90.000000,2.120337,43.699432,0.885784
9381,9.381000,92.173180,92.952568,90.000000,2.173182,43.011810,0.881996
9382,9.382000,92.224792,92.850403,90.000000,2.224797,42.347523,0.878301
9383,9.383000,92.275124,92.751640,90.000000,2.275129,41.733562,0.874709
9384,9.384000,92.324112,92.656235,90.000000,2.324115,41.230370,0.871228
9385,9.385000,92.371712,92.564156,90.000000,2.371715,40.745876,0.867869
9386,9.386000,92.417870,92.475327,90.000000,2.417873,40.376114,0.864640
9387,9.387000,92.462540,92.389694,90.000000,2.462543,40.191883,0.861549
9388,9.388000,92.505669,92.307213,90.000000,2.505668,40.178680,0.858605
9389,9.389000,92.547211,92.227821,90.000000,2.547210,40.291687,0.855815
9390,9.390000,92.587120,92.151459,90.000000,2.587125,40.520622,0.853187
9391,9.391000,92.625366,92.078079,90.000000,2.625367,40.855316,0.850726
9392,9.392000,92.661903,92.007652,90.000000,2.661902,41.245972,0.848440
9393,9.393000,92.696678,91.940132,90.000000,2.696681,41.748573,0.846335
9394,9.394000,92.729675,91.875504,90.000000,2.729678,42.349098,0.844415
9395,9.395000,92.760849,91.813751,90.000000,2.760851,42.970192,0.842686
9396,9.396000,92.790161,91.754883,90.000000,2.790166,43.650417,0.841153
9397,9.397000,92.817596,91.698914,90.000000,2.817596,44.395233,0.839819
9398,9.398000,92.843102,91.645836,90.000000,2.843100,45.191612,0.838689
9399,9.399000,92.866661,91.595695,90.000000,2.866664,46.093578,0.837764
9400,9.400000,92.888252,91.548500,90.000000,2.888255,47.093048,0.837049
9401,9.401000,92.907837,91.504295,90.000000,2.907837,48.241306,0.836544
9402,9.402000,92.925400,91.463112,90.000000,2.925404,49.486160,0.836252
9403,9.403000,92.940926,91.424995,90.000000,2.940929,50.967968,0.836174
9404,9.404000,92.954384,91.389977,90.000000,2.954385,52.591209,0.836311
9405,9.405000,92.965759,91.358101,90.000000,2.965764,54.318356,0.836663
9406,9.406000,92.975044,91.329430,90.000000,2.975046,56.197510,0.837229
9407,9.407000,92.982216,91.304016,90.000000,2.982218,58.496506,0.838009
9408,9.408000,92.987267,91.281929,90.000000,2.987272,61.125923,0.839000
9409,9.409000,92.990189,91.263245,90.000000,2.990188,64.402725,0.840203
9410,9.410000,92.990967,91.248047,90.000000,2.990967,68.049820,0.841613
9411,9.411000,92.989601,91.236443,90.000000,2.989601,71.932465,0.843228
9412,9.412000,92.986084,91.228554,90.000000,2.986084,75.560699,0.845044
9413,9.413000,92.980415,91.224464,90.000000,2.980414,78.589264,0.847058
9414,9.414000,92.972588,91.224342,90.000000,2.972594,80.915619,0.849264
9415,9.415000,92.962624,91.228348,90.000000,2.962629,82.610161,0.851657
9416,9.416000,92.950523,91.236694,90.000000,2.950526,83.543571,0.854231
9417,9.417000,92.936272,91.249619,90.000000,2.936278,83.831444,0.856980
9418,9.418000,92.919907,91.267365,90.000000,2.919913,83.616440,0.859897
9419,9.419000,92.901428,91.290199,90.000000,2.901430,83.075607,0.862973
9420,9.420000,92.880852,91.318321,90.000000,2.880851,82.382187,0.866202
9421,9.421000,92.858192,91.351868,90.000000,2.858195,81.598923,0.869574
9422,9.422000,92.833473,91.390953,90.000000,2.833477,80.742371,0.873080
9423,9.423000,92.806717,91.435608,90.000000,2.806723,79.704453,0.876711
9424,9.424000,92.777954,91.485847,90.000000,2.777954,78.486069,0.880456
9425,9.425000,92.747200,91.541618,90.000000,2.747204,77.224854,0.884304
9426,9.426000,92.714508,91.602867,90.000000,2.714508,75.865906,0.888245
9427,9.427000,92.679893,91.669502,90.000000,2.679893,74.359581,0.892267
9428,9.428000,92.643394,91.741440,90.000000,2.643399,72.765388,0.896360
9429,9.429000,92.605064,91.818626,90.000000,2.605068,71.106895,0.900509
9430,9.430000,92.564934,91.900940,90.000000,2.564934,69.313110,0.904705
9431,9.431000,92.523048,91.988297,90.000000,2.523051,67.413353,0.908933
9432,9.432000,92.479454,92.080589,90.000000,2.479454,65.655396,0.913182
9433,9.433000,92.434212,92.177704,90.000000,2.434211,63.707722,0.917439
9434,9.434000,92.387352,92.279533,90.000000,2.387356,61.555290,0.921691
9435,9.435000,92.338943,92.385941,90.000000,2.338943,59.320061,0.925926
9436,9.436000,92.289040,92.496811,90.000000,2.289042,56.928097,0.930130
9437,9.437000,92.237701,92.612007,90.000000,2.237706,54.471359,0.934293
9438,9.438000,92.184990,92.731377,90.000000,2.184991,52.116989,0.938401
9439,9.439000,92.130959,92.854797,90.000000,2.130964,49.727100,0.942443
9440,9.440000,92.075676,92.982124,90.000000,2.075681,47.355721,0.946407
9441,9.441000,92.019218,93.113205,90.000000,2.019222,45.010307,0.950283
9442,9.442000,91.961647,93.247879,90.000000,1.961651,42.718948,0.954058
9443,9.443000,91.903023,93.385956,90.000000,1.903027,40.453285,0.957724
9444,9.444000,91.843430,93.527275,90.000000,1.843434,38.204865,0.961271
9445,9.445000,91.782936,93.671677,90.000000,1.782939,35.988018,0.964690
9446,9.446000,91.721619,93.818962,90.000000,1.721617,33.762314,0.967972
9447,9.447000,91.659546,93.968987,90.000000,1.659552,31.562626,0.971111
9448,9.448000,91.596802,94.121567,90.000000,1.596802,28.924679,0.974099
9449,9.449000,91.533463,94.276550,90.000000,1.533466,25.739603,0.976932
9450,9.450000,91.469612,94.433777,90.000000,1.469618,21.882956,0.979603
9451,9.451000,91.405319,94.593094,90.000000,1.405325,17.254009,0.982110
9452,9.452000,91.340683,94.754349,90.000000,1.340684,12.043022,0.984448
9453,9.453000,91.275764,94.917374,90.000000,1.275770,6.523447,0.986616
9454,9.454000,91.210670,95.082031,90.000000,1.210671,0.949154,0.988612
9455,9.455000,91.145462,95.248138,90.000000,1.145464,-4.132043,0.990436
9456,9.456000,91.080231,95.415482,90.000000,1.080235,-8.726698,0.992089
9457,9.457000,91.015076,95.583809,90.000000,1.015075,-12.870090,0.993572
9458,9.458000,90.950058,95.752792,90.000000,0.950059,-16.766466,0.994888
9459,9.459000,90.885269,95.922089,90.000000,0.885274,-20.636320,0.996039
9460,9.460000,90.820808,96.091293,90.000000,0.820811,-24.509617,0.997031
9461,9.461000,90.756752,96.260025,90.000000,0.756751,-28.123035,0.997868
9462,9.462000,90.693176,96.427933,90.000000,0.693182,-31.640175,0.998556
9463,9.463000,90.630180,96.594681,90.000000,0.630181,-34.844173,0.999100
9464,9.464000,90.567833,96.760010,90.000000,0.567835,-38.164352,0.999509
9465,9.465000,90.506233,96.923653,90.000000,0.506233,-41.750183,0.999790
9466,9.466000,90.445450,97.085350,90.000000,0.445451,-45.485977,0.999951
9467,9.467000,90.385559,97.244873,90.000000,0.385564,-49.189808,1.000000
9468,9.468000,90.326668,97.401978,90.000000,0.326667,-53.576469,0.999946
9469,9.469000,90.268829,97.556435,90.000000,0.268829,-58.215683,0.999800
9470,9.470000,90.212120,97.708038,90.000000,0.212125,-62.684391,0.999569
9471,9.471000,90.156624,97.856583,90.000000,0.156630,-67.051460,0.999264
9472,9.472000,90.102425,98.001846,90.000000,0.102426,-71.176201,0.998895
9473,9.473000,90.049583,98.143578,90.000000,0.049587,-74.895737,0.998471
9474,9.474000,89.998169,98.281540,90.000000,-0.001830,-78.319176,0.998003
9475,9.475000,89.948257,98.415466,90.000000,-0.051739,-81.372955,0.997499
9476,9.476000,89.899910,98.545044,90.000000,-0.100090,-83.829109,0.996970
9477,9.477000,89.853188,98.669968,90.000000,-0.146808,-85.705727,0.996424
9478,9.478000,89.808167,98.789963,90.000000,-0.191833,-87.180756,0.995870
9479,9.479000,89.764893,98.904755,90.000000,-0.235102,-88.316650,0.995318
9480,9.480000,89.723434,99.014099,90.000000,-0.276561,-89.113541,0.994775
9481,9.481000,89.683846,99.117790,90.000000,-0.316149,-89.740799,0.994248
9482,9.482000,89.646172,99.215614,90.000000,-0.353824,-90.288918,0.993746
9483,9.483000,89.610458,99.307457,90.000000,-0.389539,-90.706696,0.993274
9484,9.484000,89.576767,99.393181,90.000000,-0.423233,-91.046013,0.992839
9485,9.485000,89.545128,99.472733,90.000000,-0.454870,-91.442833,0.992446
9486,9.486000,89.515587,99.546043,90.000000,-0.484411,-91.833267,0.992101
9487,9.487000,89.488182,99.613106,90.000000,-0.511813,-92.144196,0.991807
9488,9.488000,89.462944,99.673889,90.000000,-0.537051,-92.373718,0.991567
9489,9.489000,89.439911,99.728394,90.000000,-0.560089,-92.492386,0.991385
9490,9.490000,89.419106,99.776604,90.000000,-0.580894,-92.464722,0.991262
9491,9.491000,89.400551,99.818527,90.000000,-0.599445,-92.284027,0.991201
9492,9.492000,89.384277,99.854172,90.000000,-0.615721,-91.955078,0.991201
9493,9.493000,89.370285,99.883514,90.000000,-0.629709,-91.475540,0.991263
9494,9.494000,89.358612,99.906555,90.000000,-0.641382,-90.852463,0.991385
9495,9.495000,89.349274,99.923309,90.000000,-0.650726,-90.088684,0.991567
9496,9.496000,89.342247,99.933777,90.000000,-0.657747,-89.186325,0.991806
9497,9.497000,89.337578,99.937981,90.000000,-0.662419,-88.177956,0.992099
9498,9.498000,89.335243,99.935944,90.000000,-0.664755,-87.110245,0.992442
9499,9.499000,89.335251,99.927711,90.000000,-0.664748,-85.927124,0.992832
9500,9.500000,89.337593,99.913338,90.000000,-0.662405,-84.637192,0.993263
9501,9.501000,89.342278,99.892883,90.000000,-0.657720,-83.384674,0.993730
9502,9.502000,89.349281,99.866425,90.000000,-0.650719,-82.184570,0.994228
9503,9.503000,89.358597,99.834030,90.000000,-0.641403,-80.957291,0.994748
9504,9.504000,89.370209,99.795784,90.000000,-0.629791,-79.720726,0.995286
9505,9.505000,89.384102,99.751793,90.000000,-0.615899,-78.493729,0.995832
9506,9.506000,89.400246,99.702141,90.000000,-0.599752,-76.881241,0.996379
9507,9.507000,89.418633,99.646942,90.000000,-0.581365,-75.079269,0.996920
9508,9.508000,89.439217,99.586296,90.000000,-0.560779,-73.444321,0.997445
9509,9.509000,89.461983,99.520294,90.000000,-0.538014,-71.537323,0.997945
9510,9.510000,89.486900,99.449051,90.000000,-0.513097,-69.485657,0.998412
9511,9.511000,89.513924,99.372658,90.000000,-0.486077,-67.175949,0.998836
9512,9.512000,89.543007,99.291206,90.000000,-0.456987,-64.837975,0.999208
9513,9.513000,89.574142,99.204819,90.000000,-0.425855,-62.384197,0.999520
9514,9.514000,89.607254,99.113625,90.000000,-0.392743,-59.582512,0.999761
9515,9.515000,89.642311,99.017776,90.000000,-0.357683,-56.808540,0.999923
9516,9.516000,89.679276,98.917381,90.000000,-0.320725,-54.438122,0.999996
9517,9.517000,89.718071,98.812614,90.000000,-0.281923,-52.046455,0.999973
9518,9.518000,89.758675,98.703636,90.000000,-0.241324,-49.616386,0.999844
9519,9.519000,89.801010,98.590630,90.000000,-0.198984,-47.205460,0.999602
9520,9.520000,89.845032,98.473763,90.000000,-0.154963,-44.702370,0.999238
9521,9.521000,89.890678,98.353233,90.000000,-0.109317,-42.033661,0.998747
9522,9.522000,89.937889,98.229256,90.000000,-0.062107,-39.194061,0.998120
9523,9.523000,89.986603,98.102005,90.000000,-0.013394,-36.305168,0.997352
9524,9.524000,90.036751,97.971642,90.000000,0.036753,-33.348381,0.996438
9525,9.525000,90.088280,97.838348,90.000000,0.088280,-30.361187,0.995373
9526,9.526000,90.141106,97.702293,90.000000,0.141112,-27.579966,0.994152
9527,9.527000,90.195168,97.563652,90.000000,0.195173,-24.935776,0.992773
9528,9.528000,90.250404,97.422600,90.000000,0.250408,-22.167459,0.991232
9529,9.529000,90.306732,97.279350,90.000000,0.306737,-19.355339,0.989529
9530,9.530000,90.364082,97.134102,90.000000,0.364083,-16.328062,0.987662
9531,9.531000,90.422386,96.987053,90.000000,0.422386,-13.223271,0.985631
9532,9.532000,90.481560,96.838425,90.000000,0.481562,-9.969398,0.983437
9533,9.533000,90.541527,96.688400,90.000000,0.541532,-6.374000,0.981082
9534,9.534000,90.602219,96.537170,90.000000,0.602225,-2.284834,0.978568
9535,9.535000,90.663567,96.384926,90.000000,0.663567,2.382676,0.975899
9536,9.536000,90.725471,96.231850,90.000000,0.725475,7.347948,0.973079
9537,9.537000,90.787865,96.078156,90.000000,0.787869,12.299718,0.970112
9538,9.538000,90.850677,95.924049,90.000000,0.850680,16.700438,0.967005
9539,9.539000,90.913818,95.769745,90.000000,0.913818,20.900696,0.963764
9540,9.540000,90.977203,95.615501,90.000000,0.977209,24.573956,0.960397
9541,9.541000,91.040771,95.461578,90.000000,1.040777,27.769131,0.956910
9542,9.542000,91.104439,95.308311,90.000000,1.104442,30.544268,0.953313
9543,9.543000,91.168114,95.156013,90.000000,1.168119,33.013660,0.949614
9544,9.544000,91.231728,95.005043,90.000000,1.231729,35.170033,0.945824
9545,9.545000,91.295197,94.855705,90.000000,1.295202,37.207504,0.941951
9546,9.546000,91.358459,94.708282,90.000000,1.358463,39.215912,0.938006
9547,9.547000,91.421425,94.563034,90.000000,1.421424,41.010090,0.934001
9548,9.548000,91.484009,94.420158,90.000000,1.484009,42.791298,0.929945
9549,9.549000,91.546158,94.279839,90.000000,1.546157,43.912922,0.925850
9550,9.550000,91.607780,94.142227,90.000000,1.607785,44.824211,0.921728
9551,9.551000,91.668816,94.007454,90.000000,1.668820,45.521461,0.917589
9552,9.552000,91.729187,93.875641,90.000000,1.729192,45.953205,0.913446
9553,9.553000,91.788834,93.746902,90.000000,1.788833,46.141861,0.909309
9554,9.554000,91.847672,93.621353,90.000000,1.847675,46.041763,0.905190
9555,9.555000,91.905640,93.499100,90.000000,1.905643,45.759693,0.901101
9556,9.556000,91.962677,93.380203,90.000000,1.962682,45.345356,0.897053
9557,9.557000,92.018723,93.264717,90.000000,2.018724,44.856098,0.893057
9558,9.558000,92.073708,93.152672,90.000000,2.073707,44.266693,0.889123
9559,9.559000,92.127563,93.044083,90.000000,2.127570,43.606285,0.885263
9560,9.560000,92.180252,92.938950,90.000000,2.180258,42.917618,0.881487
9561,9.561000,92.231697,92.837234,90.000000,2.231703,42.260574,0.877805
9562,9.562000,92.281853,92.738930,90.000000,2.281857,41.659691,0.874227
9563,9.563000,92.330666,92.643974,90.000000,2.330665,41.165901,0.870762
9564,9.564000,92.378075,92.552338,90.000000,2.378074,40.685196,0.867420
9565,9.565000,92.424034,92.463943,90.000000,2.424034,40.341179,0.864208
9566,9.566000,92.468498,92.378738,90.000000,2.468498,40.182396,0.861137
9567,9.567000,92.511414,92.296677,90.000000,2.511420,40.189110,0.858213
9568,9.568000,92.552750,92.217682,90.000000,2.552749,40.312439,0.855444
9569,9.569000,92.592438,92.141724,90.000000,2.592439,40.559425,0.852837
9570,9.570000,92.630455,92.068756,90.000000,2.630456,40.905212,0.850399
9571,9.571000,92.666756,91.998711,90.000000,2.666759,41.299377,0.848137
9572,9.572000,92.701302,91.931580,90.000000,2.701306,41.821297,0.846056
9573,9.573000,92.734062,91.867340,90.000000,2.734063,42.426392,0.844161
9574,9.574000,92.764984,91.805977,90.000000,2.764990,43.059204,0.842458
9575,9.575000,92.794052,91.747498,90.000000,2.794053,43.748463,0.840951
9576,9.576000,92.821228,91.691902,90.000000,2.821230,44.500435,0.839644
9577,9.577000,92.846481,91.639221,90.000000,2.846481,45.310776,0.838541
9578,9.578000,92.869774,91.589470,90.000000,2.869779,46.225845,0.837644
9579,9.579000,92.891098,91.542679,90.000000,2.891103,47.237339,0.836956
9580,9.580000,92.910423,91.498878,90.000000,2.910425,48.403862,0.836480
9581,9.581000,92.927719,91.458099,90.000000,2.927719,49.672737,0.836217
9582,9.582000,92.942970,91.420387,90.000000,2.942971,51.182846,0.836167
9583,9.583000,92.956154,91.385796,90.000000,2.956154,52.824074,0.836332
9584,9.584000,92.967247,91.354347,90.000000,2.967252,54.563168,0.836713
9585,9.585000,92.976250,91.326111,90.000000,2.976255,56.466927,0.837307
9586,9.586000,92.983147,91.301140,90.000000,2.983146,58.830284,0.838115
9587,9.587000,92.987915,91.279503,90.000000,2.987914,61.495670,0.839135
9588,9.588000,92.990540,91.261284,90.000000,2.990544,64.871414,0.840365
9589,9.589000,92.991043,91.246559,90.000000,2.991042,68.561142,0.841803
9590,9.590000,92.989388,91.235451,90.000000,2.989389,72.443436,0.843445
9591,9.591000,92.985580,91.228058,90.000000,2.985585,75.986679,0.845287
9592,9.592000,92.979630,91.224495,90.000000,2.979629,78.919205,0.847327
9593,9.593000,92.971527,91.224915,90.000000,2.971528,81.159325,0.849558
9594,9.594000,92.961273,91.229492,90.000000,2.961276,82.761177,0.851975
9595,9.595000,92.948883,91.238434,90.000000,2.948886,83.605988,0.854573
9596,9.596000,92.934357,91.251984,90.000000,2.934358,83.821419,0.857345
9597,9.597000,92.917709,91.270409,90.000000,2.917713,83.551437,0.860283
9598,9.598000,92.898949,91.293938,90.000000,2.898951,82.986824,0.863381
9599,9.599000,92.878098,91.322769,90.000000,2.878098,82.280457,0.866629
9600,9.600000,92.855164,91.357048,90.000000,2.855162,81.485069,0.870019
9601,9.601000,92.830170,91.396866,90.000000,2.830171,80.615250,0.873543
9602,9.602000,92.803146,91.442268,90.000000,2.803150,79.549187,0.877189
9603,9.603000,92.774117,91.493248,90.000000,2.774122,78.329163,0.880948
9604,9.604000,92.743111,91.549744,90.000000,2.743113,77.053009,0.884810
9605,9.605000,92.710152,91.611702,90.000000,2.710157,75.675194,0.888762
9606,9.606000,92.675293,91.679047,90.000000,2.675296,74.150970,0.892795
9607,9.607000,92.638557,91.751694,90.000000,2.638556,72.543358,0.896895
9608,9.608000,92.599976,91.829552,90.000000,2.599980,70.873672,0.901052
9609,9.609000,92.559608,91.912544,90.000000,2.559613,69.058884,0.905252
9610,9.610000,92.517494,92.000557,90.000000,2.517498,67.188278,0.909484
9611,9.611000,92.473679,92.093498,90.000000,2.473683,65.404625,0.913735
9612,9.612000,92.428215,92.191246,90.000000,2.428221,63.427505,0.917992
9613,9.613000,92.381157,92.293686,90.000000,2.381161,61.263412,0.922243
9614,9.614000,92.332550,92.400696,90.000000,2.332551,59.009285,0.926475
9615,9.615000,92.282455,92.512138,90.000000,2.282458,56.597565,0.930675
9616,9.616000,92.230927,92.627892,90.000000,2.230931,54.160057,0.934831
9617,9.617000,92.178040,92.747810,90.000000,2.178045,51.789276,0.938931
9618,9.618000,92.123848,92.871758,90.000000,2.123847,49.406281,0.942964
9619,9.619000,92.068405,92.999588,90.000000,2.068407,47.037933,0.946917
9620,9.620000,92.011795,93.131157,90.000000,2.011798,44.697151,0.950780
9621,9.621000,91.954071,93.266281,90.000000,1.954076,42.412514,0.954542
9622,9.622000,91.895325,93.404808,90.000000,1.895330,40.147762,0.958193
9623,9.623000,91.835609,93.546539,90.000000,1.835613,37.904705,0.961723
9624,9.624000,91.775002,93.691322,90.000000,1.775002,35.695084,0.965124
9625,9.625000,91.713585,93.838989,90.000000,1.713585,33.465439,0.968389
9626,9.626000,91.651413,93.989357,90.000000,1.651417,31.276234,0.971508
9627,9.627000,91.588593,94.142258,90.000000,1.588593,28.540955,0.974477
9628,9.628000,91.525185,94.297546,90.000000,1.525188,25.290062,0.977288
9629,9.629000,91.461266,94.455055,90.000000,1.461271,21.343742,0.979938
9630,9.630000,91.396935,94.614632,90.000000,1.396937,16.606798,0.982423
9631,9.631000,91.332253,94.776123,90.000000,1.332256,11.341778,0.984739
9632,9.632000,91.267311,94.939362,90.000000,1.267314,5.770588,0.986885
9633,9.633000,91.202194,95.104225,90.000000,1.202195,0.257929,0.988858
9634,9.634000,91.136978,95.270508,90.000000,1.136981,-4.766320,0.990660
9635,9.635000,91.071754,95.437996,90.000000,1.071759,-9.314592,0.992291
9636,9.636000,91.006607,95.606430,90.000000,1.006613,-13.396266,0.993752
9637,9.637000,90.941620,95.775475,90.000000,0.941624,-17.282402,0.995046
9638,9.638000,90.876877,95.944778,90.000000,0.876880,-21.161327,0.996177
9639,9.639000,90.812469,96.113953,90.000000,0.812471,-25.016357,0.997148
9640,9.640000,90.748466,96.282593,90.000000,0.748473,-28.603283,0.997965
9641,9.641000,90.684967,96.450371,90.000000,0.684972,-32.102940,0.998634
9642,9.642000,90.622055,96.616951,90.000000,0.622059,-35.253899,0.999161
9643,9.643000,90.559807,96.782074,90.000000,0.559809,-38.628639,0.999553
9644,9.644000,90.498314,96.945473,90.000000,0.498317,-42.244713,0.999817
9645,9.645000,90.437645,97.106903,90.000000,0.437644,-45.991360,0.999963
9646,9.646000,90.377892,97.266113,90.000000,0.377894,-49.706306,0.999999
9647,9.647000,90.319130,97.422882,90.000000,0.319134,-54.221329,0.999933
9648,9.648000,90.261436,97.576973,90.000000,0.261439,-58.826290,0.999775
9649,9.649000,90.204887,97.728188,90.000000,0.204892,-63.275051,0.999534
9650,9.650000,90.149574,97.876305,90.000000,0.149574,-67.620514,0.999221
9651,9.651000,90.095543,98.021111,90.000000,0.095548,-71.698662,0.998844
9652,9.652000,90.042892,98.162361,90.000000,0.042894,-75.366852,0.998414
9653,9.653000,89.991669,98.299805,90.000000,-0.008326,-78.746429,0.997941
9654,9.654000,89.941971,98.433167,90.000000,-0.058029,-81.734222,0.997434
9655,9.655000,89.893837,98.562141,90.000000,-0.106162,-84.106796,0.996902
9656,9.656000,89.847343,98.686424,90.000000,-0.152655,-85.921310,0.996355
9657,9.657000,89.802551,98.805740,90.000000,-0.197447,-87.354736,0.995801
9658,9.658000,89.759521,98.919823,90.000000,-0.240477,-88.433701,0.995250
9659,9.659000,89.718307,99.028427,90.000000,-0.281691,-89.205872,0.994709
9660,9.660000,89.678963,99.131348,90.000000,-0.321033,-89.813774,0.994185
9661,9.661000,89.641548,99.228378,90.000000,-0.358448,-90.357964,0.993687
9662,9.662000,89.606117,99.319412,90.000000,-0.393883,-90.753220,0.993220
9663,9.663000,89.572685,99.404320,90.000000,-0.427310,-91.094093,0.992791
9664,9.664000,89.541328,99.483047,90.000000,-0.458668,-91.501343,0.992404
9665,9.665000,89.512077,99.555527,90.000000,-0.487921,-91.870804,0.992065
9666,9.666000,89.484955,99.621750,90.000000,-0.515044,-92.180870,0.991778
9667,9.667000,89.460007,99.681702,90.000000,-0.539988,-92.395706,0.991546
9668,9.668000,89.437271,99.735367,90.000000,-0.562726,-92.495216,0.991372
9669,9.669000,89.416771,99.782738,90.000000,-0.583230,-92.441879,0.991258
9670,9.670000,89.398514,99.823830,90.000000,-0.601480,-92.242744,0.991205
9671,9.671000,89.382545,99.858627,90.000000,-0.617456,-91.902908,0.991213
9672,9.672000,89.368866,99.887138,90.000000,-0.631130,-91.400284,0.991283
9673,9.673000,89.357506,99.909348,90.000000,-0.642489,-90.762650,0.991413
9674,9.674000,89.348473,99.925262,90.000000,-0.651525,-89.981644,0.991603
9675,9.675000,89.341766,99.934891,90.000000,-0.658232,-89.062767,0.991849
9676,9.676000,89.337402,99.938255,90.000000,-0.662597,-88.043900,0.992149
9677,9.677000,89.335381,99.935394,90.000000,-0.664618,-86.963066,0.992498
9678,9.678000,89.335701,99.926353,90.000000,-0.664297,-85.764954,0.992894
9679,9.679000,89.338356,99.911171,90.000000,-0.661640,-84.467018,0.993330
9680,9.680000,89.343353,99.889908,90.000000,-0.656648,-83.224823,0.993801
9681,9.681000,89.350662,99.862656,90.000000,-0.649332,-82.025726,0.994302
9682,9.682000,89.360283,99.829475,90.000000,-0.639715,-80.794098,0.994825
9683,9.683000,89.372200,99.790459,90.000000,-0.627797,-79.562164,0.995364
9684,9.684000,89.386398,99.745705,90.000000,-0.613597,-78.289291,0.995910
9685,9.685000,89.402847,99.695312,90.000000,-0.597150,-76.633408,0.996457
9686,9.686000,89.421524,99.639381,90.000000,-0.578476,-74.869476,0.996995
9687,9.687000,89.442406,99.578011,90.000000,-0.557589,-73.201637,0.997517
9688,9.688000,89.465462,99.511314,90.000000,-0.534537,-71.278244,0.998013
9689,9.689000,89.490654,99.439377,90.000000,-0.509341,-69.194427,0.998474
9690,9.690000,89.517960,99.362297,90.000000,-0.482041,-66.870995,0.998891
9691,9.691000,89.547325,99.280182,90.000000,-0.452671,-64.526764,0.999256
9692,9.692000,89.578720,99.193146,90.000000,-0.421279,-62.035046,0.999558
9693,9.693000,89.612099,99.101334,90.000000,-0.387900,-59.200371,0.999789
9694,9.694000,89.647415,99.004868,90.000000,-0.352581,-56.491249,0.999939
9695,9.695000,89.684624,98.903877,90.000000,-0.315377,-54.127777,0.999999
9696,9.696000,89.723671,98.798546,90.000000,-0.276329,-51.724602,0.999962
9697,9.697000,89.764496,98.689018,90.000000,-0.235498,-49.303928,0.999817
9698,9.698000,89.807068,98.575485,90.000000,-0.192932,-46.877609,0.999559
9699,9.699000,89.851303,98.458115,90.000000,-0.148693,-44.361519,0.999178
9700,9.700000,89.897163,98.337120,90.000000,-0.102835,-41.658066,0.998668
9701,9.701000,89.944580,98.212692,90.000000,-0.055420,-38.816437,0.998022
9702,9.702000,89.993492,98.085007,90.000000,-0.006509,-35.913471,0.997235
9703,9.703000,90.043823,97.954247,90.000000,0.043829,-32.949356,0.996300
9704,9.704000,90.095528,97.820572,90.000000,0.095527,-29.964128,0.995214
9705,9.705000,90.148529,97.684158,90.000000,0.148529,-27.236351,0.993971
9706,9.706000,90.202751,97.545181,90.000000,0.202754,-24.573961,0.992570
9707,9.707000,90.258141,97.403824,90.000000,0.258140,-21.802448,0.991007
9708,9.708000,90.314606,97.260300,90.000000,0.314605,-18.950748,0.989281
9709,9.709000,90.372086,97.114784,90.000000,0.372088,-15.922658,0.987392
9710,9.710000,90.430504,96.967514,90.000000,0.430507,-12.791105,0.985339
9711,9.711000,90.489792,96.818687,90.000000,0.489793,-9.512430,0.983122
9712,9.712000,90.549866,96.668488,90.000000,0.549864,-5.848127,0.980745
9713,9.713000,90.610641,96.517105,90.000000,0.610646,-1.706161,0.978210
9714,9.714000,90.672066,96.364738,90.000000,0.672070,3.037762,0.975520
9715,9.715000,90.734047,96.211563,90.000000,0.734047,8.035526,0.972679
9716,9.716000,90.796501,96.057793,90.000000,0.796502,12.878344,0.969693
9717,9.717000,90.859360,95.903648,90.000000,0.859361,17.284477,0.966567
9718,9.718000,90.922531,95.749344,90.000000,0.922533,21.435879,0.963308
9719,9.719000,90.985954,95.595123,90.000000,0.985958,25.038013,0.959924
9720,9.720000,91.049538,95.441269,90.000000,1.049541,28.176197,0.956421
9721,9.721000,91.113205,95.288101,90.000000,1.113205,30.899773,0.952809
9722,9.722000,91.176880,95.135963,90.000000,1.176883,33.323677,0.949097
9723,9.723000,91.240479,94.985199,90.000000,1.240478,35.447678,0.945295
9724,9.724000,91.303925,94.836090,90.000000,1.303924,37.481407,0.941411
9725,9.725000,91.367142,94.688950,90.000000,1.367144,39.456078,0.937458
9726,9.726000,91.430061,94.543999,90.000000,1.430064,41.245453,0.933444
9727,9.727000,91.492592,94.401451,90.000000,1.492594,42.980461,0.929382
9728,9.728000,91.554672,94.261490,90.000000,1.554674,44.048836,0.925283
9729,9.729000,91.616226,94.124252,90.000000,1.616228,44.924408,0.921157
9730,9.730000,91.677170,93.989861,90.000000,1.677173,45.595108,0.917017
9731,9.731000,91.737457,93.858452,90.000000,1.737457,45.991066,0.912873
9732,9.732000,91.796989,93.730141,90.000000,1.796988,46.138634,0.908738
9733,9.733000,91.855721,93.605026,90.000000,1.855721,46.010765,0.904622
9734,9.734000,91.913574,93.483215,90.000000,1.913573,45.712761,0.900538
9735,9.735000,91.970474,93.364777,90.000000,1.970475,45.280834,0.896496
9736,9.736000,92.026375,93.249741,90.000000,2.026380,44.785957,0.892507
9737,9.737000,92.081215,93.138153,90.000000,2.081220,44.182091,0.888583
9738,9.738000,92.134926,93.030029,90.000000,2.134926,43.513565,0.884733
9739,9.739000,92.187439,92.925346,90.000000,2.187443,42.828163,0.880969
9740,9.740000,92.238724,92.824104,90.000000,2.238724,42.173340,0.877300
9741,9.741000,92.288696,92.726242,90.000000,2.288701,41.590683,0.873736
9742,9.742000,92.337326,92.631729,90.000000,2.337325,41.106941,0.870287
9743,9.743000,92.384537,92.540520,90.000000,2.384542,40.631584,0.866961
9744,9.744000,92.430305,92.452553,90.000000,2.430304,40.310638,0.863768
9745,9.745000,92.474564,92.367775,90.000000,2.474564,40.175186,0.860716
9746,9.746000,92.517265,92.286125,90.000000,2.517266,40.200443,0.857812
9747,9.747000,92.558372,92.207550,90.000000,2.558377,40.337410,0.855064
9748,9.748000,92.597847,92.131989,90.000000,2.597849,40.599937,0.852480
9749,9.749000,92.635635,92.059402,90.000000,2.635640,40.954044,0.850065
9750,9.750000,92.671707,91.989754,90.000000,2.671710,41.354031,0.847827
9751,9.751000,92.706017,91.923012,90.000000,2.706018,41.895081,0.845770
9752,9.752000,92.738525,91.859146,90.000000,2.738530,42.505386,0.843901
9753,9.753000,92.769211,91.798172,90.000000,2.769211,43.145325,0.842224
9754,9.754000,92.798019,91.740074,90.000000,2.798021,43.846287,0.840743
9755,9.755000,92.824936,91.684875,90.000000,2.824939,44.605141,0.839463
9756,9.756000,92.849930,91.632584,90.000000,2.849931,45.427307,0.838387
9757,9.757000,92.872963,91.583221,90.000000,2.872969,46.356880,0.837519
9758,9.758000,92.894020,91.536827,90.000000,2.894019,47.382759,0.836859
9759,9.759000,92.913071,91.493423,90.000000,2.913075,48.561211,0.836411
9760,9.760000,92.930092,91.453056,90.000000,2.930096,49.858013,0.836177
9761,9.761000,92.945068,91.415756,90.000000,2.945068,51.392654,0.836156
9762,9.762000,92.957970,91.381577,90.000000,2.957970,53.058163,0.836350
9763,9.763000,92.968788,91.350548,90.000000,2.968789,54.809456,0.836759
9764,9.764000,92.977509,91.322746,90.000000,2.977511,56.737770,0.837382
9765,9.765000,92.984116,91.298218,90.000000,2.984116,59.169174,0.838219
9766,9.766000,92.988594,91.277031,90.000000,2.988597,61.905540,0.839267
9767,9.767000,92.990944,91.259262,90.000000,2.990947,65.334991,0.840525
9768,9.768000,92.991150,91.245026,90.000000,2.991151,69.063843,0.841991
9769,9.769000,92.989212,91.234398,90.000000,2.989212,72.948624,0.843660
9770,9.770000,92.985115,91.227509,90.000000,2.985120,76.413490,0.845529
9771,9.771000,92.978874,91.224464,90.000000,2.978878,79.248764,0.847595
9772,9.772000,92.970482,91.225426,90.000000,2.970483,81.411453,0.849852
9773,9.773000,92.959938,91.230576,90.000000,2.959944,82.914642,0.852294
9774,9.774000,92.947266,91.240112,90.000000,2.947268,83.663528,0.854916
9775,9.775000,92.932457,91.254303,90.000000,2.932460,83.806328,0.857710
9776,9.776000,92.915520,91.273384,90.000000,2.915521,83.486038,0.860671
9777,9.777000,92.896477,91.297607,90.000000,2.896478,82.897598,0.863789
9778,9.778000,92.875343,91.327148,90.000000,2.875345,82.177704,0.867057
9779,9.779000,92.852127,91.362160,90.000000,2.852130,81.374283,0.870466
9780,9.780000,92.826866,91.402725,90.000000,2.826865,80.484863,0.874007
9781,9.781000,92.799568,91.448868,90.000000,2.799572,79.394730,0.877669
9782,9.782000,92.770271,91.500580,90.000000,2.770277,78.172073,0.881443
9783,9.783000,92.739006,91.557808,90.000000,2.739008,76.882385,0.885318
9784,9.784000,92.705788,91.620483,90.000000,2.705793,75.485718,0.889282
9785,9.785000,92.670670,91.688538,90.000000,2.670672,73.946648,0.893325
9786,9.786000,92.633682,91.761871,90.000000,2.633687,72.328705,0.897434
9787,9.787000,92.594864,91.840416,90.000000,2.594864,70.643524,0.901598
9788,9.788000,92.554253,91.924080,90.000000,2.554258,68.805923,0.905804
9789,9.789000,92.511917,92.012756,90.000000,2.511918,66.961136,0.910039
9790,9.790000,92.467873,92.106339,90.000000,2.467877,65.150543,0.914292
9791,9.791000,92.422188,92.204712,90.000000,2.422190,63.142323,0.918549
9792,9.792000,92.374916,92.307770,90.000000,2.374918,60.968056,0.922799
9793,9.793000,92.326103,92.415367,90.000000,2.326103,58.693390,0.927027
9794,9.794000,92.275810,92.527397,90.000000,2.275812,56.271584,0.931223
9795,9.795000,92.224098,92.643715,90.000000,2.224101,53.856400,0.935373
9796,9.796000,92.171028,92.764175,90.000000,2.171030,51.476376,0.939465
9797,9.797000,92.116661,92.888649,90.000000,2.116662,49.092018,0.943488
9798,9.798000,92.061058,93.016991,90.000000,2.061064,46.724136,0.947430
9799,9.799000,92.004295,93.149033,90.000000,2.004298,44.388748,0.951281
9800,9.800000,91.946434,93.284622,90.000000,1.946433,42.103642,0.955029
9801,9.801000,91.887543,93.423584,90.000000,1.887543,39.840019,0.958664
9802,9.802000,91.827698,93.565735,90.000000,1.827704,37.600636,0.962179
9803,9.803000,91.766983,93.710907,90.000000,1.766984,35.397564,0.965563
9804,9.804000,91.705444,93.858940,90.000000,1.705450,33.166878,0.968808
9805,9.805000,91.643188,94.009651,90.000000,1.643193,30.989729,0.971908
9806,9.806000,91.580284,94.162880,90.000000,1.580287,28.158619,0.974857
9807,9.807000,91.516800,94.318474,90.000000,1.516801,24.841789,0.977647
9808,9.808000,91.452820,94.476273,90.000000,1.452822,20.815235,0.980276
9809,9.809000,91.388428,94.636101,90.000000,1.388434,15.959646,0.982739
9810,9.810000,91.323708,94.797836,90.000000,1.323711,10.649035,0.985032
9811,9.811000,91.258736,94.961304,90.000000,1.258736,5.028751,0.987155
9812,9.812000,91.193596,95.126358,90.000000,1.193596,-0.425433,0.989106
9813,9.813000,91.128372,95.292824,90.000000,1.128374,-5.395898,0.990885
9814,9.814000,91.063156,95.460457,90.000000,1.063160,-9.903368,0.992494
9815,9.815000,90.998016,95.628998,90.000000,0.998020,-13.916682,0.993932
9816,9.816000,90.933060,95.798111,90.000000,0.933058,-17.799473,0.995205
9817,9.817000,90.868355,95.967430,90.000000,0.868356,-21.687107,0.996314
9818,9.818000,90.803986,96.136566,90.000000,0.803988,-25.518042,0.997265
9819,9.819000,90.740051,96.305130,90.000000,0.740051,-29.091702,0.998062
9820,9.820000,90.676613,96.472778,90.000000,0.676619,-32.553650,0.998712
9821,9.821000,90.613785,96.639191,90.000000,0.613788,-35.668888,0.999220
9822,9.822000,90.551628,96.804108,90.000000,0.551633,-39.104485,0.999595
9823,9.823000,90.490234,96.967278,90.000000,0.490237,-42.754139,0.999843
9824,9.824000,90.429680,97.128441,90.000000,0.429680,-46.500916,0.999974
9825,9.825000,90.370049,97.287354,90.000000,0.370053,-50.306389,0.999995
9826,9.826000,90.311424,97.443779,90.000000,0.311429,-54.865101,0.999917
9827,9.827000,90.253876,97.597504,90.000000,0.253878,-59.436222,0.999747
9828,9.828000,90.197495,97.748329,90.000000,0.197495,-63.873985,0.999496
9829,9.829000,90.142334,97.896034,90.000000,0.142334,-68.194061,0.999174
9830,9.830000,90.088486,98.040390,90.000000,0.088485,-72.219963,0.998790
9831,9.831000,90.036011,98.181152,90.000000,0.036016,-75.848763,0.998354
9832,9.832000,89.984993,98.318077,90.000000,-0.015006,-79.181183,0.997875
9833,9.833000,89.935486,98.450867,90.000000,-0.064511,-82.093124,0.997364
9834,9.834000,89.887573,98.579231,90.000000,-0.112425,-84.381027,0.996830
9835,9.835000,89.841301,98.702881,90.000000,-0.158699,-86.132759,0.996282
9836,9.836000,89.796738,98.821518,90.000000,-0.203260,-87.521622,0.995728
9837,9.837000,89.753937,98.934875,90.000000,-0.246058,-88.546883,0.995177
9838,9.838000,89.712975,99.042732,90.000000,-0.287025,-89.296036,0.994638
9839,9.839000,89.673882,99.144867,90.000000,-0.326114,-89.890656,0.994117
9840,9.840000,89.636726,99.241112,90.000000,-0.363270,-90.428322,0.993623
9841,9.841000,89.601555,99.331329,90.000000,-0.398446,-90.807465,0.993161
9842,9.842000,89.568405,99.415413,90.000000,-0.431593,-91.134460,0.992737
9843,9.843000,89.537323,99.493301,90.000000,-0.462677,-91.556473,0.992356
9844,9.844000,89.508347,99.564957,90.000000,-0.491651,-91.912956,0.992024
9845,9.845000,89.481514,99.630341,90.000000,-0.518486,-92.215378,0.991744
9846,9.846000,89.456863,99.689445,90.000000,-0.543137,-92.416031,0.991520
9847,9.847000,89.434418,99.742271,90.000000,-0.565581,-92.497581,0.991353
9848,9.848000,89.414207,99.788803,90.000000,-0.585791,-92.420929,0.991247
9849,9.849000,89.396255,99.829056,90.000000,-0.603741,-92.203369,0.991202
9850,9.850000,89.380585,99.863014,90.000000,-0.619409,-91.850075,0.991219
9851,9.851000,89.367218,99.890678,90.000000,-0.632776,-91.326996,0.991297
9852,9.852000,89.356171,99.912041,90.000000,-0.643827,-90.671288,0.991435
9853,9.853000,89.347443,99.927109,90.000000,-0.652556,-89.866898,0.991632
9854,9.854000,89.341049,99.935905,90.000000,-0.658949,-88.940643,0.991886
9855,9.855000,89.336998,99.938438,90.000000,-0.663000,-87.909561,0.992192
9856,9.856000,89.335281,99.934753,90.000000,-0.664714,-86.816895,0.992548
9857,9.857000,89.335922,99.924873,90.000000,-0.664079,-85.600998,0.992949
9858,9.858000,89.338882,99.908882,90.000000,-0.661114,-84.295044,0.993391
9859,9.859000,89.344185,99.886810,90.000000,-0.655814,-83.065048,0.993866
9860,9.860000,89.351807,99.858757,90.000000,-0.648192,-81.861458,0.994370
9861,9.861000,89.361740,99.824791,90.000000,-0.638261,-80.626266,0.994896
9862,9.862000,89.373962,99.785004,90.000000,-0.626035,-79.403198,0.995436
9863,9.863000,89.388458,99.739494,90.000000,-0.611541,-78.088760,0.995983
9864,9.864000,89.405205,99.688347,90.000000,-0.594793,-76.387428,0.996529
9865,9.865000,89.424179,99.631676,90.000000,-0.575819,-74.660042,0.997066
9866,9.866000,89.445351,99.569588,90.000000,-0.554645,-72.957230,0.997585
9867,9.867000,89.468689,99.502174,90.000000,-0.531307,-71.014603,0.998076
9868,9.868000,89.494171,99.429543,90.000000,-0.505823,-68.884140,0.998532
9869,9.869000,89.521751,99.351791,90.000000,-0.478250,-66.560913,0.998943
9870,9.870000,89.551392,99.268997,90.000000,-0.448607,-64.209084,0.999300
9871,9.871000,89.583054,99.181320,90.000000,-0.416942,-61.681549,0.999593
9872,9.872000,89.616692,99.088867,90.000000,-0.383303,-58.815811,0.999813
9873,9.873000,89.652267,98.991783,90.000000,-0.347732,-56.177719,0.999952
9874,9.874000,89.689713,98.890213,90.000000,-0.310282,-53.818798,1.000000
9875,9.875000,89.729004,98.784302,90.000000,-0.270995,-51.402008,0.999949
9876,9.876000,89.770073,98.674225,90.000000,-0.229925,-48.985252,0.999790
9877,9.877000,89.812866,98.560165,90.000000,-0.187134,-46.548557,0.999515
9878,9.878000,89.857330,98.442299,90.000000,-0.142669,-44.005089,0.999118
9879,9.879000,89.903397,98.320824,90.000000,-0.096599,-41.281601,0.998590
9880,9.880000,89.951019,98.195953,90.000000,-0.048979,-38.435173,0.997926
9881,9.881000,90.000122,98.067841,90.000000,0.000123,-35.514927,0.997119
9882,9.882000,90.050644,97.936676,90.000000,0.050646,-32.554630,0.996164
9883,9.883000,90.102524,97.802620,90.000000,0.102528,-29.566008,0.995057
9884,9.884000,90.155693,97.665855,90.000000,0.155694,-26.890928,0.993793
9885,9.885000,90.210075,97.526535,90.000000,0.210076,-24.206520,0.992371
9886,9.886000,90.265610,97.384880,90.000000,0.265612,-21.436806,0.990786
9887,9.887000,90.322220,97.241074,90.000000,0.322221,-18.545513,0.989038
9888,9.888000,90.379829,97.095306,90.000000,0.379834,-15.510365,0.987127
9889,9.889000,90.438370,96.947807,90.000000,0.438375,-12.357222,0.985052
9890,9.890000,90.497765,96.798782,90.000000,0.497770,-9.054773,0.982814
9891,9.891000,90.557945,96.648407,90.000000,0.557944,-5.312466,0.980416
9892,9.892000,90.618813,96.496887,90.000000,0.618815,-1.088645,0.977859
9893,9.893000,90.680313,96.344391,90.000000,0.680314,3.698867,0.975149
9894,9.894000,90.742355,96.191116,90.000000,0.742360,8.723795,0.972288
9895,9.895000,90.804871,96.037292,90.000000,0.804876,13.470270,0.969283
9896,9.896000,90.867783,95.883102,90.000000,0.867782,17.857986,0.966139
9897,9.897000,90.930992,95.728790,90.000000,0.930996,21.949459,0.962863
9898,9.898000,90.994446,95.574600,90.000000,0.994448,25.489136,0.959462
9899,9.899000,91.058044,95.420815,90.000000,1.058044,28.567324,0.955944
9900,9.900000,91.121719,95.267769,90.000000,1.121722,31.244322,0.952318
9901,9.901000,91.185387,95.115791,90.000000,1.185386,33.626434,0.948594
9902,9.902000,91.248970,94.965225,90.000000,1.248975,35.720581,0.944779
9903,9.903000,91.312393,94.816368,90.000000,1.312393,37.751549,0.940886
9904,9.904000,91.375580,94.669502,90.000000,1.375579,39.698219,0.936924
9905,9.905000,91.438446,94.524864,90.000000,1.438451,41.479061,0.932903
9906,9.906000,91.500923,94.382652,90.000000,1.500927,43.121677,0.928835
9907,9.907000,91.562943,94.243042,90.000000,1.562945,44.165939,0.924731
9908,9.908000,91.624413,94.106178,90.000000,1.624417,45.012421,0.920603
9909,9.909000,91.685280,93.972183,90.000000,1.685281,45.653351,0.916461
9910,9.910000,91.745468,93.841179,90.000000,1.745468,46.018654,0.912318
9911,9.911000,91.804901,93.713287,90.000000,1.804905,46.126106,0.908185
9912,9.912000,91.863510,93.588608,90.000000,1.863515,45.973930,0.904072
9913,9.913000,91.921249,93.467239,90.000000,1.921250,45.658901,0.899993
9914,9.914000,91.978027,93.349243,90.000000,1.978029,45.220600,0.895957
9915,9.915000,92.033791,93.234665,90.000000,2.033791,44.710529,0.891976
9916,9.916000,92.088478,93.123535,90.000000,2.088480,44.096363,0.888061
9917,9.917000,92.142036,93.015869,90.000000,2.142036,43.419891,0.884222
9918,9.918000,92.194397,92.911636,90.000000,2.194396,42.740322,0.880470
9919,9.919000,92.245499,92.810837,90.000000,2.245500,42.091877,0.876814
9920,9.920000,92.295303,92.713417,90.000000,2.295305,41.525642,0.873265
9921,9.921000,92.343742,92.619347,90.000000,2.343745,41.046669,0.869832
9922,9.922000,92.390770,92.528564,90.000000,2.390771,40.578671,0.866523
9923,9.923000,92.436333,92.441025,90.000000,2.436335,40.282276,0.863348
9924,9.924000,92.480385,92.356659,90.000000,2.480390,40.168777,0.860315
9925,9.925000,92.522888,92.275414,90.000000,2.522887,40.213242,0.857432
9926,9.926000,92.563782,92.197227,90.000000,2.563787,40.364311,0.854705
9927,9.927000,92.603027,92.122063,90.000000,2.603033,40.645180,0.852143
9928,9.928000,92.640594,92.049866,90.000000,2.640599,41.003922,0.849751
9929,9.929000,92.676437,91.980598,90.000000,2.676437,41.416759,0.847537
9930,9.930000,92.710503,91.914238,90.000000,2.710506,41.975983,0.845505
9931,9.931000,92.742767,91.850761,90.000000,2.742772,42.587360,0.843661
9932,9.932000,92.773201,91.790154,90.000000,2.773207,43.235394,0.842010
9933,9.933000,92.801765,91.732437,90.000000,2.801771,43.945442,0.840556
9934,9.934000,92.828430,91.677620,90.000000,2.828436,44.711174,0.839303
9935,9.935000,92.853165,91.625710,90.000000,2.853168,45.545738,0.838255
9936,9.936000,92.875938,91.576736,90.000000,2.875940,46.488674,0.837414
9937,9.937000,92.896729,91.530739,90.000000,2.896731,47.534760,0.836782
9938,9.938000,92.915504,91.487732,90.000000,2.915507,48.728638,0.836363
9939,9.939000,92.932259,91.447769,90.000000,2.932261,50.058056,0.836157
9940,9.940000,92.946960,91.410873,90.000000,2.946960,51.605602,0.836165
9941,9.941000,92.959587,91.377106,90.000000,2.959589,53.293991,0.836388
9942,9.942000,92.970123,91.346504,90.000000,2.970128,55.054043,0.836825
9943,9.943000,92.978561,91.319122,90.000000,2.978563,57.024368,0.837477
9944,9.944000,92.984886,91.295029,90.000000,2.984888,59.510174,0.838342
9945,9.945000,92.989082,91.274292,90.000000,2.989082,62.344879,0.839419
9946,9.946000,92.991142,91.256989,90.000000,2.991145,65.803497,0.840705
9947,9.947000,92.991058,91.243217,90.000000,2.991063,69.568916,0.842198
9948,9.948000,92.988831,91.233078,90.000000,2.988836,73.457451,0.843894
9949,9.949000,92.984459,91.226692,90.000000,2.984458,76.841171,0.845790
9950,9.950000,92.977928,91.224174,90.000000,2.977928,79.578339,0.847881
9951,9.951000,92.969246,91.225677,90.000000,2.969247,81.662445,0.850163
9952,9.952000,92.958420,91.231384,90.000000,2.958421,83.066231,0.852630
9953,9.953000,92.945457,91.241531,90.000000,2.945457,83.721466,0.855275
9954,9.954000,92.930359,91.256340,90.000000,2.930363,83.795853,0.858093
9955,9.955000,92.913139,91.276100,90.000000,2.913144,83.425896,0.861075
9956,9.956000,92.893822,91.301018,90.000000,2.893821,82.813354,0.864214
9957,9.957000,92.872398,91.331284,90.000000,2.872402,82.084747,0.867502
9958,9.958000,92.848915,91.367035,90.000000,2.848920,81.267761,0.870929
9959,9.959000,92.823380,91.408333,90.000000,2.823381,80.358429,0.874487
9960,9.960000,92.795815,91.455215,90.000000,2.795815,79.238495,0.878165
9961,9.961000,92.766243,91.507668,90.000000,2.766247,78.013962,0.881953
9962,9.962000,92.734711,91.565628,90.000000,2.734712,76.710663,0.885841
9963,9.963000,92.701241,91.629028,90.000000,2.701244,75.291916,0.889816
9964,9.964000,92.665871,91.697784,90.000000,2.665870,73.740005,0.893869
9965,9.965000,92.628632,91.771828,90.000000,2.628632,72.110191,0.897986
9966,9.966000,92.589569,91.851067,90.000000,2.589571,70.407753,0.902156
9967,9.967000,92.548729,91.935410,90.000000,2.548733,68.548752,0.906367
9968,9.968000,92.506149,92.024742,90.000000,2.506153,66.729782,0.910606
9969,9.969000,92.461884,92.118965,90.000000,2.461887,64.893806,0.914860
9970,9.970000,92.415985,92.217979,90.000000,2.415988,62.853886,0.919118
9971,9.971000,92.368500,92.321655,90.000000,2.368505,60.672470,0.923365
9972,9.972000,92.319489,92.429855,90.000000,2.319491,58.378471,0.927590
9973,9.973000,92.268997,92.542465,90.000000,2.269002,55.938652,0.931780
9974,9.974000,92.217094,92.659348,90.000000,2.217100,53.546112,0.935924
9975,9.975000,92.163849,92.780357,90.000000,2.163852,51.158234,0.940008
9976,9.976000,92.109306,92.905357,90.000000,2.109313,48.780071,0.944021
9977,9.977000,92.053543,93.034203,90.000000,2.053544,46.417225,0.947951
9978,9.978000,91.996628,93.166725,90.000000,1.996628,44.085987,0.951789
9979,9.979000,91.938614,93.302780,90.000000,1.938619,41.803715,0.955523
9980,9.980000,91.879601,93.442177,90.000000,1.879600,39.542564,0.959143
9981,9.981000,91.819626,93.584747,90.000000,1.819631,37.309738,0.962640
9982,9.982000,91.758789,93.730316,90.000000,1.758794,35.103851,0.966006
9983,9.983000,91.697159,93.878716,90.000000,1.697158,32.876801,0.969233
9984,9.984000,91.634804,94.029785,90.000000,1.634806,30.698427,0.972313
9985,9.985000,91.571808,94.183334,90.000000,1.571811,27.772850,0.975241
9986,9.986000,91.508255,94.339233,90.000000,1.508256,24.349232,0.978010
9987,9.987000,91.444214,94.497322,90.000000,1.444216,20.243408,0.980617
9988,9.988000,91.379768,94.657425,90.000000,1.379773,15.282101,0.983057
9989,9.989000,91.315002,94.819397,90.000000,1.315003,9.918914,0.985328
9990,9.990000,91.250000,94.983093,90.000000,1.250000,4.278087,0.987428
9991,9.991000,91.184845,95.148354,90.000000,1.184847,-1.120904,0.989356
9992,9.992000,91.119606,95.314987,90.000000,1.119611,-6.028673,0.991112
9993,9.993000,91.054398,95.482773,90.000000,1.054397,-10.482207,0.992697
9994,9.994000,90.989273,95.651428,90.000000,0.989278,-14.438312,0.994114
9995,9.995000,90.924332,95.820602,90.000000,0.924336,-18.314402,0.995364
9996,9.996000,90.859665,95.989929,90.000000,0.859668,-22.212997,0.996452
9997,9.997000,90.795349,96.159027,90.000000,0.795355,-26.002426,0.997382
9998,9.998000,90.731468,96.327499,90.000000,0.731472,-29.564785,0.998159
