time_from_target_start_s,wall_time_s,controller_clock_s,fault_code,armed,stop_request,policy_output_numeric,heartbeat,raw_candidate,statusword,controlword,drive_state_internal,mode_command,actual_torque_raw,ethercat_init,safe_command_raw,pre_integer_command_raw,pdo_command_int16_raw,mapping_error_raw,q_link_rad,dq_link_rad_s,theta_joint_rad,dtheta_joint_rad_s,external_target_rad,atomic_safe_applied_error_raw,atomic_applied_pdo_error_raw,atomic_chain_error_raw
0,12.5540239,12.533,0,1,0,4.03226232528687,12538,4.03226232528687,4279,0,4,10,7,0,4.03226232528687,109.696472167969,110,0,0,5.35793036302902e-301,0,0.00947458721929367,0.523598775598299,0,0.486007690429688,0.486007690429688
0.0259999999999998,12.5805589,12.559,0,1,0,110.468734741211,12564,110.467010498047,4279,0,4,10,103,0,110.459136962891,110.457611083984,110,0,9.58737992428526e-05,0.00480724883043109,0.00339009754122727,0.254828569498649,0.523598775598299,0,0.444694519042969,0.443145751953125
0.053000000000000824,12.6064772,12.586,0,1,0,110.428512573242,12591,110.427383422852,4279,0,4,10,103,0,110.419281005859,110.418502807617,110,0,0.000287621397728558,0.00830841252263603,0.0119573802415686,0.412033806922075,0.523598775598299,0,0.411506652832031,0.410415649414063
0.07900000000000063,12.6343581,12.612,0,1,0,110.400329589844,12616,110.399658203125,4279,0,4,10,100,0,110.394828796387,110.394828796387,110,0,0.000766990393942821,0.0195673832930885,0.0245053430864731,0.548072471939729,0.523598775598299,0,0.387992858886719,0.387496948242188
0.1070000000000011,12.6599384,12.64,0,1,0,110.382934570313,12645,110.382453918457,4279,0,4,10,114,0,110.38053894043,110.380126953125,110,0,0.0038349519697141,0.164742588365858,0.0399525296204815,0.589369347478041,0.523598775598299,0,0.376136779785156,0.375312805175781
0.13199999999999967,12.6844906,12.665,0,1,0,110.367210388184,12669,110.366119384766,4279,0,4,10,101,0,110.360107421875,110.358581542969,110,0,0.0166820410682563,0.614577044930117,0.0549011723984271,0.600929469654062,0.523598775598299,0,0.346939086914063,0.345680236816406
0.15700000000000003,12.7093904,12.69,0,1,0,110.339950561523,12694,110.33967590332,4279,0,4,10,105,0,110.34009552002,110.340316772461,110,0,0.0344186939281841,0.761075647150712,0.069872824888191,0.59820308900477,0.523598775598299,0,0.33905029296875,0.3385009765625
0.18100000000000094,12.7380264,12.714,0,1,0,110.326675415039,12719,110.321907043457,4279,0,4,10,101,0,110.306915283203,110.304061889648,110,0,0.0606881149207257,1.0556263010393,0.0879584583773627,0.654250720439634,0.523598775598299,0,0.2750244140625,0.2750244140625
0.21700000000000053,12.770405,12.75,0,1,0,110.24097442627,12755,110.237030029297,4279,0,4,10,101,0,110.228012084961,110.228012084961,110,0,0.0961614206405811,1.12714373443012,0.11040059730413,0.742617239591027,0.523598775598299,0,0.21466064453125,0.21295166015625
0.2480000000000011,12.8011133,12.781,0,1,0,110.194595336914,12786,110.194068908691,4279,0,4,10,114,0,110.192840576172,110.192840576172,110,0,0.128279143386937,1.08726583990311,0.13454545490545,0.795321505050822,0.523598775598299,0,0.185653686523438,0.185653686523438
0.28000000000000114,12.8349479,12.813,0,1,0,110.166450500488,12818,110.164291381836,4279,0,4,10,107,0,110.159072875977,110.159072875977,110,0,0.160780361330264,1.05720128683706,0.161152351671326,0.856664907952819,0.523598775598299,0,0.151077270507813,0.151077270507813
0.3070000000000004,12.8599317,12.84,0,1,0,110.133010864258,12845,110.130638122559,4279,0,4,10,101,0,110.112777709961,110.112777709961,110,0,0.187337403720534,1.03132046026028,0.185090121866281,0.907423930630216,0.523598775598299,0,0.100479125976563,0.0997161865234375
0.3330000000000002,12.8857724,12.866,0,1,0,110.097900390625,12870,110.096954345703,4279,0,4,10,101,0,110.092750549316,110.091567993164,110,0,0.21140172733049,0.956693587319364,0.209066241580934,0.940384974327003,0.523598775598299,0,0.0811386108398438,0.079498291015625
0.35800000000000054,12.911991,12.891,0,1,0,110.063804626465,12896,110.062942504883,4279,0,4,10,112,0,110.058586120605,110.058586120605,110,0,0.233548574955589,0.933865129842303,0.232934982640435,0.962496952484543,0.523598775598299,0,0.0444183349609375,0.0444183349609375
0.38400000000000034,12.9380834,12.917,0,1,0,110.036407470703,12921,110.037155151367,4279,0,4,10,107,0,110.049896240234,110.052352905273,110,0,0.258955131754945,0.953939383277657,0.259089355073885,0.963803360700297,0.523598775598299,0,0.065948486328125,0.065948486328125
0.41100000000000136,12.9640723,12.944,0,1,0,110.04322052002,12948,110.039901733398,4279,0,4,10,112,0,110.034698486328,110.037178039551,110,0,0.284265814755058,1.04638483824516,0.284315669130664,0.972983519914294,0.523598775598299,0,0.122848510742188,0.122848510742188
0.43700000000000117,12.9910115,12.97,0,1,0,110.383720397949,12975,110.403625488281,4279,0,4,10,112,0,110.480270385742,110.491394042969,110,0,0.311589847539271,1.10226964393428,0.310776837721692,0.989376762910695,0.523598775598299,0,0.549613952636719,0.549613952636719
0.46300000000000097,13.0159068,12.996,0,1,0,110.358207702637,13001,110.310195922852,4279,0,4,10,98,0,109.819923400879,109.630661010742,109,0,0.339393249319698,1.1786712988843,0.335604316773621,1.00534674604137,0.523598775598299,0,0.914581298828125,0.27020263671875
0.48900000000000077,13.0443934,13.022,0,1,0,93.9145812988281,13028,88.5833053588867,4279,0,4,10,89,0,79.2694396972656,77.4658660888672,75,0,0.370935729270597,1.1356875779706,0.36378354384708,0.983453778666274,0.523598775598299,0,0.585124969482422,0.797954559326172
0.5289999999999999,13.083107,13.062,0,1,0,46.0486755371094,13067,45.7442245483398,4279,0,4,10,40,0,45.1324043273926,45.0197410583496,44,0,0.40938112276698,0.994028299180627,0.397063257040259,0.73273953529241,0.523598775598299,0,0.192939758300781,0.192939758300781
0.5609999999999999,13.1147814,13.094,0,1,0,44.2766304016113,13099,44.2168312072754,4279,0,4,10,45,0,43.6172370910645,43.4926643371582,43,0,0.434116562971636,0.785431347794599,0.417135395649742,0.581203314734125,0.523598775598299,0,0.272411346435547,0.426746368408203
0.5920000000000005,13.1472894,13.125,0,1,0,46.716609954834,13130,46.8113212585449,4279,0,4,10,50,0,47.6657905578613,47.6657905578613,47,0,0.449552244649736,0.472732905451664,0.434806854326185,0.496603755471938,0.523598775598299,0,0.0923500061035156,0.0923500061035156
0.6189999999999998,13.1738811,13.152,0,1,0,52.273365020752,13157,51.9182624816895,4279,0,4,10,47,0,49.4062118530273,48.9139595031738,48,0,0.457701517585378,0.291401174453028,0.446771904471693,0.427761939729862,0.523598775598299,0,0.860607147216797,0.271720886230469
0.6460000000000008,13.1985727,13.179,0,1,0,42.0455589294434,13183,41.8062553405762,4279,0,4,10,40,0,41.3990745544434,41.2370872497559,41,0,0.463358071740706,0.217296964583738,0.45700355632689,0.360110166744562,0.523598775598299,0,0.878353118896484,0.623985290527344
0.6710000000000012,13.2241377,13.204,0,1,0,35.8154029846191,13208,35.3144836425781,4279,0,4,10,35,0,33.372859954834,32.8936233520508,32,0,0.468918752096792,0.241212871973232,0.464696469978137,0.265861892787484,0.523598775598299,0,0.492507934570313,0.492507934570313
0.6959999999999997,13.2512526,13.229,0,1,0,24.3204879760742,13234,23.4902076721191,4279,0,4,10,22,0,21.880256652832,21.6805038452148,21,0,0.47725977263092,0.335075779118029,0.469758606578159,0.14393742216771,0.523598775598299,0,0.0935993194580078,0.0935993194580078
0.7230000000000008,13.2780759,13.256,0,1,0,23.3380374908447,13261,23.8993492126465,4279,0,4,10,28,0,28.0389175415039,28.4919166564941,28,0,0.486271909759748,0.319978930524826,0.472113267087564,0.0503245859875392,0.523598775598299,0,0.313575744628906,0.313575744628906
0.75,13.3037149,13.283,0,1,0,37.9137001037598,13287,38.4280815124512,4279,0,4,10,28,0,41.9633140563965,41.9633140563965,42,0,0.490586230725677,0.172891126201534,0.473432490565145,0.0671358610569541,0.523598775598299,0,0.424896240234375,0.613632202148438
0.7759999999999998,13.3326472,13.309,0,1,0,47.368839263916,13314,48.7866859436035,4279,0,4,10,43,0,52.7392501831055,53.4048042297363,54,0,0.491257347320377,0.000262463386889067,0.476339384158189,0.138094260385401,0.523598775598299,0,0.146678924560547,0.643085479736328
0.8100000000000005,13.362586,13.343,0,1,0,47.6978569030762,13347,45.9947395324707,4279,0,4,10,43,0,43.6343154907227,43.5460624694824,43,0,0.490394483127191,-0.0406549155998164,0.482160841248215,0.198211158323488,0.523598775598299,0,0.682025909423828,0.602218627929688
0.8420000000000005,13.3945184,13.375,0,1,0,35.0214042663574,13379,34.2547302246094,4279,0,4,10,35,0,31.1169185638428,30.2455711364746,29,0,0.491257347320377,0.0740198495943787,0.487982298338241,0.149325557487884,0.523598775598299,0,0.365917205810547,0.295089721679688
0.8710000000000004,13.4253416,13.404,0,1,0,11.7066049575806,13409,10.3645067214966,4279,0,4,10,14,0,6.81284475326538,6.81284475326538,6,0,0.497776765668891,0.251706320728545,0.490835502603708,0.034428513776561,0.523598775598299,0,0.672124624252319,0.672124624252319
0.9050000000000011,13.4585483,13.438,0,1,0,9.47347545623779,13442,9.93172931671143,4279,0,4,10,7,0,12.0252313613892,12.4579172134399,12,0,0.505926038604533,0.235276802741737,0.490873852123405,0.00316897327422794,0.523598775598299,0,0.703327178955078,0.409236907958984
0.9299999999999997,13.4842516,13.463,0,1,0,28.3604431152344,13468,28.8984870910645,4279,0,4,10,33,0,30.9392223358154,31.2226696014404,31,0,0.508610504983333,0.0925801750885284,0.490988900682497,0.0132836501386464,0.523598775598299,0,0.708011627197266,0.171867370605469
0.9560000000000013,13.5100007,13.489,0,1,0,39.435375213623,13494,40.0669822692871,4279,0,4,10,24,0,42.4016494750977,42.6127624511719,42,0,0.507460019392419,-0.0614676432238639,0.492116376561593,0.0653839343414688,0.523598775598299,0,0.366870880126953,0.332599639892578
0.9820000000000011,13.5372467,13.515,0,1,0,42.4457893371582,13520,42.0915794372559,4279,0,4,10,42,0,40.925724029541,40.6393775939941,40,0,0.505446669608319,-0.0823199563897106,0.494724143900998,0.107229327104335,0.523598775598299,0,0.764644622802734,0.764644622802734
1.0090000000000003,13.561927,13.542,0,1,0,39.4754638671875,13547,38.5477714538574,4279,0,4,10,40,0,36.6785316467285,36.2348899841309,35,0,0.504008562619676,-0.037444062297368,0.497400940375859,0.099252816774424,0.523598775598299,0,0.405838012695313,0.990192413330078
1.0340000000000007,13.5874385,13.567,0,1,0,26.7909049987793,13571,24.9706802368164,4279,0,4,10,24,0,19.7350273132324,19.0444869995117,18,0,0.506021912403776,0.10805204425219,0.499072979434654,0.0303822588953153,0.523598775598299,0,0.11196231842041,0.11196231842041
1.059000000000001,13.6123278,13.592,0,1,0,11.7160348892212,13597,11.3140001296997,4279,0,4,10,3,0,9.6285982131958,9.31603717803955,9,0,0.50985686437349,0.170397473521234,0.499234047417382,6.19742169760684e-05,0.523598775598299,0,0.30208683013916,0.30208683013916
1.0850000000000009,13.6396877,13.618,0,1,0,12.1223039627075,13623,12.5950078964233,4279,0,4,10,19,0,14.5841178894043,14.9653158187866,14,0,0.513691816343204,0.116078774183848,0.499234047417382,3.71187525161076e-11,0.523598775598299,0,0.734516143798828,0.681520462036133
1.123000000000001,13.6759335,13.656,0,1,0,32.7322235107422,13660,32.9344711303711,4279,0,4,10,35,0,33.100772857666,33.0979537963867,33,0,0.51388356394169,-0.00573211111964156,0.499586862998596,0.0227649208162006,0.523598775598299,0,0.761734008789063,0.89654541015625
1.1530000000000005,13.7078122,13.686,0,1,0,35.8414649963379,13691,35.9364166259766,4279,0,4,10,28,0,35.911190032959,35.9486808776855,35,0,0.512733078350776,-0.0424928451508322,0.500484241759509,0.0370177676724666,0.523598775598299,0,0.377582550048828,0.366519927978516
1.1850000000000005,13.7395449,13.718,0,1,0,35.2610511779785,13723,34.8838729858398,4279,0,4,10,33,0,34.081729888916,33.815860748291,33,0,0.511294971362133,-0.0326997527308777,0.501734436101636,0.0410327272151108,0.523598775598299,0,0.857658386230469,0.617961883544922
1.2110000000000003,13.7654551,13.744,0,1,0,28.3339309692383,13749,27.8274021148682,4279,0,4,10,28,0,26.2838172912598,26.2838172912598,26,0,0.511966087956833,0.0322507534365286,0.502294339089214,0.0018400296813752,0.523598775598299,0,0.690370559692383,0.690370559692383
1.237,13.7915096,13.77,0,1,0,22.9014205932617,13775,22.8352661132813,4279,0,4,10,15,0,21.763614654541,21.763614654541,21,0,0.513595942543961,0.0676840610453837,0.502294339089214,1.87560544873122e-09,0.523598775598299,0,0.482160568237305,0.553535461425781
1.2640000000000011,13.8161894,13.797,0,1,0,23.2433204650879,13801,23.4525909423828,4279,0,4,10,19,0,24.9728927612305,24.9728927612305,25,0,0.514650554335633,0.0373348604679222,0.502302008993153,0.000378131935747206,0.523598775598299,0,0.0360431671142578,0.0360431671142578
1.2880000000000003,13.8431866,13.821,0,1,0,29.4421539306641,13826,29.5505294799805,4279,0,4,10,24,0,30.2736396789551,30.4841213226318,30,0,0.51455468053639,-0.00414370258113195,0.50234035851285,0.000737409332487005,0.523598775598299,0,0.427398681640625,0.456661224365234
1.325000000000001,13.8791755,13.858,0,1,0,32.1852684020996,13863,32.1545295715332,4279,0,4,10,29,0,31.9120121002197,31.8226623535156,31,0,0.513979437740933,-0.00861087174155273,0.502401717744366,0.000164135189265835,0.523598775598299,0,0.496749877929688,0.501350402832031
1.357000000000001,13.9105004,13.89,0,1,0,30.5999603271484,13894,30.5268669128418,4279,0,4,10,24,0,30.3947372436523,30.3751697540283,30,0,0.51388356394169,-0.000877430174682559,0.502409387648305,9.31572685658466e-09,0.523598775598299,0,0.27232551574707,0.27232551574707
1.3870000000000005,13.9437424,13.92,0,1,0,30.1728096008301,13925,30.1722354888916,4279,0,4,10,28,0,30.1840744018555,30.1838970184326,30,0,0.51388356394169,-3.23182696320146e-05,0.502417057552245,7.77070567892224e-08,0.523598775598299,0,0.784912109375,0.70387077331543
1.4160000000000004,13.9701112,13.949,0,1,0,30.4409008026123,13954,30.491756439209,4279,0,4,10,24,0,30.4308910369873,30.4308910369873,30,0,0.51388356394169,-0.00119183618221541,0.502417057552245,0,0.523598775598299,0,0.291416168212891,0.280548095703125
1.4420000000000002,13.9962511,13.975,0,1,0,30.2148170471191,13979,30.2111625671387,4279,0,4,10,28,0,30.1954879760742,30.1936645507813,30,0,0.51388356394169,-8.00085772425518e-05,0.502417057552245,0,0.523598775598299,0,0.184978485107422,0.184164047241211
1.468,14.0222681,14.001,0,1,0,30.1252212524414,14006,30.1827545166016,4279,0,4,10,29,0,30.1490859985352,30.1490859985352,30,0,0.51388356394169,-5.93613731325604e-06,0.502424727456184,1.92922334463219e-05,0.523598775598299,0,0.164556503295898,0.165019989013672
1.4960000000000004,14.0493517,14.029,0,1,0,30.165355682373,14034,30.1653385162354,4279,0,4,10,28,0,30.1652660369873,30.1652660369873,30,0,0.51388356394169,-3.9849601307651e-07,0.502424727456184,1.1539214028744e-11,0.523598775598299,0,0.165218353271484,0.165218353271484
1.5220000000000002,14.0759219,14.055,0,1,0,30.1651859283447,14060,30.1651859283447,4279,0,4,10,26,0,30.1651821136475,30.1651840209961,30,0,0.51388356394169,-2.67511950369226e-08,0.502424727456184,0,0.523598775598299,0,0.165168762207031,0.165172576904297
1.548,14.10113,14.081,0,1,0,30.1651668548584,14085,30.1651649475098,4279,0,4,10,28,0,30.165168762207,30.165168762207,30,0,0.51388356394169,-2.19358753383858e-09,0.502424727456184,0,0.523598775598299,0,0.165168762207031,0.165168762207031
1.5730000000000004,14.1270519,14.106,0,1,0,30.165168762207,14111,30.165168762207,4279,0,4,10,29,0,30.165168762207,30.165168762207,30,0,0.51388356394169,-1.79852577275597e-10,0.502424727456184,0,0.523598775598299,0,0.165168762207031,0.165168762207031
1.607000000000001,14.1606681,14.14,0,1,0,30.1636085510254,14144,30.1224746704102,4279,0,4,10,26,0,30.1698932647705,30.1659374237061,30,0,0.51388356394169,-5.91171556152403e-12,0.502424727456184,0.00243973192095837,0.523598775598299,0,0.119741439819336,0.130489349365234
1.6370000000000005,14.1903412,14.17,0,1,0,30.1500701904297,14175,30.1486930847168,4279,0,4,10,31,0,30.1518630981445,30.1527252197266,30,0,0.51388356394169,-2.27373675443232e-13,0.502432397360124,4.54818348316621e-07,0.523598775598299,0,0.153919219970703,0.153924942016602
1.668000000000001,14.2210666,14.201,0,1,0,30.1539459228516,14205,30.1539459228516,4279,0,4,10,28,0,30.1539459228516,30.1539459228516,30,0,0.51388356394169,0,0.502432397360124,0,0.523598775598299,0,0.153945922851563,0.153945922851563
1.700000000000001,14.2544775,14.233,0,1,0,30.1539459228516,14238,30.1539459228516,4279,0,4,10,24,0,30.1539459228516,30.1539459228516,30,0,0.51388356394169,0,0.502432397360124,0,0.523598775598299,0,0.153945922851563,0.153945922851563
1.7270000000000003,14.2802134,14.26,0,1,0,30.1539459228516,14265,30.1539459228516,4279,0,4,10,31,0,30.1539459228516,30.1539459228516,30,0,0.51388356394169,0,0.502432397360124,0,0.523598775598299,0,0.153945922851563,0.153945922851563
1.7520000000000007,14.3080231,14.285,0,1,0,30.1539459228516,14290,30.1539459228516,4279,0,4,10,22,0,30.1539459228516,30.1539459228516,30,0,0.51388356394169,0,0.502432397360124,0,0.523598775598299,0,0.153945922851563,0.153945922851563
1.7800000000000011,14.3355059,14.313,0,1,0,30.1539459228516,14318,30.1539459228516,4279,0,4,10,31,0,30.1539459228516,30.1539459228516,30,0,0.51388356394169,0,0.502432397360124,0,0.523598775598299,0,0.153945922851563,0.153945922851563
1.8070000000000004,14.3613269,14.34,0,1,0,30.1539459228516,14345,30.1539459228516,4279,0,4,10,28,0,30.1539459228516,30.1539459228516,30,0,0.51388356394169,0,0.502432397360124,0,0.523598775598299,0,0.153945922851563,0.153945922851563
1.8340000000000014,14.3863865,14.367,0,1,0,30.1539459228516,14371,30.1539459228516,4279,0,4,10,22,0,30.1539459228516,30.1539459228516,30,0,0.51388356394169,0,0.502432397360124,0,0.523598775598299,0,0.153945922851563,0.153945922851563
1.8580000000000005,14.4115028,14.391,0,1,0,30.1539459228516,14396,30.1539459228516,4279,0,4,10,33,0,30.1539459228516,30.1539459228516,30,0,0.51388356394169,0,0.502432397360124,0,0.523598775598299,0,0.153945922851563,0.153945922851563
1.883000000000001,14.4379942,14.416,0,1,0,30.1539459228516,14421,30.1539459228516,4279,0,4,10,22,0,30.1539459228516,30.1539459228516,30,0,0.51388356394169,0,0.502432397360124,0,0.523598775598299,0,0.153945922851563,0.153945922851563
1.9169999999999998,14.470616,14.45,0,1,0,30.1539459228516,14454,30.1539459228516,4279,0,4,10,26,0,30.1539459228516,30.1539459228516,30,0,0.51388356394169,0,0.502432397360124,0,0.523598775598299,0,0.153945922851563,0.153945922851563
1.9480000000000004,14.5016224,14.481,0,1,0,30.1539459228516,14486,30.1539459228516,4279,0,4,10,24,0,30.1539459228516,30.1539459228516,30,0,0.51388356394169,0,0.502432397360124,0,0.523598775598299,0,0.153945922851563,0.153945922851563
1.979000000000001,14.5352337,14.512,0,1,0,30.1539459228516,14517,30.1539459228516,4279,0,4,10,29,0,30.1539459228516,30.1539459228516,30,0,0.51388356394169,0,0.502432397360124,0,0.523598775598299,0,0.153945922851563,0.153945922851563
2.008000000000001,14.561154,14.541,0,1,0,30.1539459228516,14545,30.1539459228516,4279,0,4,10,26,0,30.1539459228516,30.1539459228516,30,0,0.51388356394169,0,0.502432397360124,0,0.523598775598299,0,0.109626770019531,0.101310729980469
2.0330000000000013,14.5867185,14.566,0,1,0,30.1705589294434,14570,30.1678657531738,4279,0,4,10,28,0,30.1777458190918,30.1777458190918,30,0,0.51388356394169,0,0.502440067264063,0.00034082895120946,0.523598775598299,0,0.177682876586914,0.135505676269531
2.058,14.6115951,14.591,0,1,0,30.1691665649414,14596,30.1833992004395,4279,0,4,10,26,0,30.1706562042236,30.1706562042236,30,0,0.51388356394169,0,0.502440067264063,0.000104805858427426,0.523598775598299,0,0.178524017333984,0.178524017333984
2.083,14.6373873,14.616,0,1,0,30.1405754089355,14621,30.1414546966553,4279,0,4,10,22,0,30.1426105499268,30.1426734924316,30,0,0.51388356394169,0,0.502440067264063,1.12532347884553e-08,0.523598775598299,0,0.142707824707031,0.1427001953125
2.1180000000000003,14.6717957,14.651,0,1,0,30.1427001953125,14656,30.1427001953125,4279,0,4,10,24,0,30.1427001953125,30.1427001953125,30,0,0.51388356394169,0,0.502440067264063,0,0.523598775598299,0,0.1427001953125,0.1427001953125
2.1500000000000004,14.7028712,14.683,0,1,0,30.1427001953125,14687,30.1427001953125,4279,0,4,10,29,0,30.1427001953125,30.1427001953125,30,0,0.51388356394169,0,0.502440067264063,0,0.523598775598299,0,0.1427001953125,0.1427001953125
2.181000000000001,14.736851,14.714,0,1,0,30.1427001953125,14719,30.1427001953125,4279,0,4,10,35,0,30.1427001953125,30.1427001953125,30,0,0.51388356394169,0,0.502440067264063,0,0.523598775598299,0,0.1427001953125,0.1427001953125
2.210000000000001,14.7641224,14.743,0,1,0,30.1427001953125,14747,30.1427001953125,4279,0,4,10,33,0,30.1427001953125,30.1427001953125,30,0,0.51388356394169,0,0.502440067264063,0,0.523598775598299,0,0.1427001953125,0.1427001953125
2.2360000000000007,14.7902444,14.769,0,1,0,30.1427001953125,14773,30.1427001953125,4279,0,4,10,24,0,30.1427001953125,30.1427001953125,30,0,0.51388356394169,0,0.502440067264063,0,0.523598775598299,0,0.1427001953125,0.1427001953125
2.2620000000000005,14.8157926,14.795,0,1,0,30.1427001953125,14800,30.1427001953125,4279,0,4,10,26,0,30.1427001953125,30.1427001953125,30,0,0.51388356394169,0,0.502440067264063,0,0.523598775598299,0,0.1427001953125,0.1427001953125
2.287000000000001,14.8427885,14.82,0,1,0,30.1427001953125,14825,30.1427001953125,4279,0,4,10,29,0,30.1427001953125,30.1427001953125,30,0,0.51388356394169,0,0.502440067264063,0,0.523598775598299,0,0.1427001953125,0.1427001953125
2.314,14.8709574,14.847,0,1,0,30.1427001953125,14852,30.1427001953125,4279,0,4,10,29,0,30.1427001953125,30.1427001953125,30,0,0.51388356394169,0,0.502440067264063,0,0.523598775598299,0,0.1427001953125,0.1427001953125
2.3420000000000005,14.8966149,14.875,0,1,0,30.1427001953125,14880,30.1427001953125,4279,0,4,10,31,0,30.1427001953125,30.1427001953125,30,0,0.51388356394169,0,0.502440067264063,0,0.523598775598299,0,0.1427001953125,0.1427001953125
2.3680000000000003,14.9212948,14.901,0,1,0,30.1427001953125,14906,30.1427001953125,4279,0,4,10,24,0,30.1427001953125,30.1427001953125,30,0,0.51388356394169,0,0.502440067264063,0,0.523598775598299,0,0.1427001953125,0.1427001953125
2.3950000000000014,14.9486685,14.928,0,1,0,30.1427001953125,14932,30.1427001953125,4279,0,4,10,35,0,30.1427001953125,30.1427001953125,30,0,0.51388356394169,0,0.502440067264063,0,0.523598775598299,0,0.1427001953125,0.1427001953125
2.4299999999999997,14.9844441,14.963,0,1,0,30.1427001953125,14968,30.1427001953125,4279,0,4,10,28,0,30.1427001953125,30.1427001953125,30,0,0.51388356394169,0,0.502440067264063,0,0.523598775598299,0,0.1427001953125,0.1427001953125
2.4610000000000003,15.0149922,14.994,0,1,0,30.1427001953125,14999,30.1427001953125,4279,0,4,10,31,0,30.1427001953125,30.1427001953125,30,0,0.51388356394169,0,0.502440067264063,0,0.523598775598299,0,0.1427001953125,0.1427001953125
2.492000000000001,15.0491807,15.025,0,1,0,30.1427001953125,15030,30.1427001953125,4279,0,4,10,28,0,30.1427001953125,30.1427001953125,30,0,0.51388356394169,0,0.502440067264063,0,0.523598775598299,0,0.1427001953125,0.1427001953125
2.521000000000001,15.0755209,15.054,0,1,0,30.1427001953125,15059,30.1427001953125,4279,0,4,10,29,0,30.1427001953125,30.1427001953125,30,0,0.51388356394169,0,0.502440067264063,0,0.523598775598299,0,0.1427001953125,0.1427001953125
2.548,15.1010927,15.081,0,1,0,30.1427001953125,15085,30.1427001953125,4279,0,4,10,24,0,30.1427001953125,30.1427001953125,30,0,0.51388356394169,0,0.502440067264063,0,0.523598775598299,0,0.1427001953125,0.1427001953125
2.5730000000000004,15.1265101,15.106,0,1,0,30.1427001953125,15110,30.1427001953125,4279,0,4,10,28,0,30.1427001953125,30.1427001953125,30,0,0.51388356394169,0,0.502440067264063,0,0.523598775598299,0,0.1427001953125,0.1427001953125
2.601000000000001,15.1550968,15.134,0,1,0,30.1427001953125,15139,30.1427001953125,4279,0,4,10,26,0,30.1427001953125,30.1427001953125,30,0,0.51388356394169,0,0.502440067264063,0,0.523598775598299,0,0.1427001953125,0.1427001953125
2.633000000000001,15.1868257,15.166,0,1,0,30.1427001953125,15171,30.1427001953125,4279,0,4,10,29,0,30.1427001953125,30.1427001953125,30,0,0.51388356394169,0,0.502440067264063,0,0.523598775598299,0,0.1427001953125,0.1427001953125
2.6639999999999997,15.218206,15.197,0,1,0,30.1427001953125,15202,30.1427001953125,4279,0,4,10,28,0,30.1427001953125,30.1427001953125,30,0,0.51388356394169,0,0.502440067264063,0,0.523598775598299,0,0.1427001953125,0.1427001953125
2.6959999999999997,15.2501388,15.229,0,1,0,30.1427001953125,15234,30.1427001953125,4279,0,4,10,22,0,30.1427001953125,30.1427001953125,30,0,0.51388356394169,0,0.502440067264063,0,0.523598775598299,0,0.1427001953125,0.1427001953125
2.7220000000000013,15.2769926,15.255,0,1,0,30.1427001953125,15260,30.1427001953125,4279,0,4,10,33,0,30.1427001953125,30.1427001953125,30,0,0.51388356394169,0,0.502440067264063,0,0.523598775598299,0,0.1427001953125,0.1427001953125
2.748000000000001,15.3023102,15.281,0,1,0,30.1427001953125,15286,30.1427001953125,4279,0,4,10,28,0,30.1427001953125,30.1427001953125,30,0,0.51388356394169,0,0.502440067264063,0,0.523598775598299,0,0.1427001953125,0.1427001953125
2.774000000000001,15.3302424,15.307,0,1,0,30.1427001953125,15312,30.1427001953125,4279,0,4,10,31,0,30.1427001953125,30.1427001953125,30,0,0.51388356394169,0,0.502440067264063,0,0.523598775598299,0,0.1427001953125,0.1427001953125
2.8020000000000014,15.3565908,15.335,0,1,0,30.1427001953125,15340,30.1427001953125,4279,0,4,10,28,0,30.1427001953125,30.1427001953125,30,0,0.51388356394169,0,0.502440067264063,0,0.523598775598299,0,0.1427001953125,0.1427001953125
2.8290000000000006,15.3826274,15.362,0,1,0,30.1427001953125,15367,30.1427001953125,4279,0,4,10,28,0,30.1427001953125,30.1427001953125,30,0,0.51388356394169,0,0.502440067264063,0,0.523598775598299,0,0.1427001953125,0.1427001953125
2.854000000000001,15.408318,15.387,0,1,0,30.1427001953125,15392,30.1427001953125,4279,0,4,10,21,0,30.1427001953125,30.1427001953125,30,0,0.51388356394169,0,0.502440067264063,0,0.523598775598299,0,0.1427001953125,0.1427001953125
2.880000000000001,15.4357271,15.413,0,1,0,30.1427001953125,15418,30.1427001953125,4279,0,4,10,33,0,30.1427001953125,30.1427001953125,30,0,0.51388356394169,0,0.502440067264063,0,0.523598775598299,0,0.1427001953125,0.1427001953125
2.907,15.4607543,15.44,0,1,0,30.1427001953125,15445,30.1427001953125,4279,0,4,10,31,0,30.1427001953125,30.1427001953125,30,0,0.51388356394169,0,0.502440067264063,0,0.523598775598299,0,0.1427001953125,0.1427001953125
2.9320000000000004,15.4855895,15.465,0,1,0,30.1427001953125,15470,30.1427001953125,4279,0,4,10,33,0,30.1427001953125,30.1427001953125,30,0,0.51388356394169,0,0.502440067264063,0,0.523598775598299,0,0.1427001953125,0.1427001953125
2.9570000000000007,15.511565,15.49,0,1,0,30.1427001953125,15495,30.1427001953125,4279,0,4,10,28,0,30.1427001953125,30.1427001953125,30,0,0.51388356394169,0,0.502440067264063,0,0.523598775598299,0,0.1427001953125,0.1427001953125
2.9830000000000005,15.5390995,15.516,0,1,0,30.1427001953125,15521,30.1427001953125,4279,0,4,10,29,0,30.1427001953125,30.1427001953125,30,0,0.51388356394169,0,0.502440067264063,0,0.523598775598299,0,0.1427001953125,0.1427001953125
3.0229999999999997,15.5782296,15.556,0,1,0,30.1427001953125,15561,30.1427001953125,4279,0,4,10,24,0,30.1427001953125,30.1427001953125,30,0,0.51388356394169,0,0.502440067264063,0,0.523598775598299,0,0.1427001953125,0.1427001953125
3.053000000000001,15.6074533,15.586,0,1,0,30.1427001953125,15591,30.1427001953125,4279,0,4,10,31,0,30.1427001953125,30.1427001953125,30,0,0.51388356394169,0,0.502440067264063,0,0.523598775598299,0,0.1427001953125,0.1427001953125
3.085000000000001,15.6410986,15.618,0,1,0,30.1427001953125,15622,30.1427001953125,4279,0,4,10,29,0,30.1427001953125,30.1427001953125,30,0,0.51388356394169,0,0.502440067264063,0,0.523598775598299,0,0.1427001953125,0.1427001953125
3.1130000000000013,15.6669842,15.646,0,1,0,30.1427001953125,15651,30.1427001953125,4279,0,4,10,28,0,30.1427001953125,30.1427001953125,30,0,0.51388356394169,0,0.502440067264063,0,0.523598775598299,0,0.1427001953125,0.1427001953125
3.139000000000001,15.6916237,15.672,0,1,0,30.1427001953125,15676,30.1427001953125,4279,0,4,10,24,0,30.1427001953125,30.1427001953125,30,0,0.51388356394169,0,0.502440067264063,0,0.523598775598299,0,0.1427001953125,0.1427001953125
3.1630000000000003,15.7170937,15.696,0,1,0,30.1427001953125,15701,30.1427001953125,4279,0,4,10,29,0,30.1427001953125,30.1427001953125,30,0,0.51388356394169,0,0.502447737168002,0.00315819573978615,0.523598775598299,0,0.14556884765625,0.153078079223633
3.1880000000000006,15.7433025,15.721,0,1,0,30.1441955566406,15726,30.1488800048828,4279,0,4,10,28,0,30.1000080108643,30.1000080108643,30,0,0.51388356394169,0,0.502440067264063,-0.000155758033713482,0.523598775598299,0,0.137506484985352,0.151435852050781
3.2140000000000004,15.7676278,15.747,0,1,0,30.1439666748047,15752,30.143138885498,4279,0,4,10,26,0,30.1427192687988,30.1427249908447,30,0,0.51388356394169,0,0.502440067264063,-6.78267042530933e-09,0.523598775598299,0,0.142704010009766,0.142702102661133
3.24,15.7935223,15.773,0,1,0,30.1530780792236,15777,30.145938873291,4279,0,4,10,21,0,30.1462211608887,30.1447696685791,30,0,0.51388356394169,0,0.502440067264063,-7.72330679410516e-07,0.523598775598299,0,0.133251190185547,0.145603179931641
3.2650000000000006,15.8184594,15.798,0,1,0,30.1434135437012,15803,30.1429462432861,4279,0,4,10,28,0,30.1531028747559,30.1459503173828,30,0,0.51388356394169,0,0.502440067264063,-0.00123358392511363,0.523598775598299,0,0.158351898193359,0.151773452758789
3.290000000000001,15.8464034,15.823,0,1,0,30.116340637207,15830,30.13840675354,4279,0,4,10,26,0,30.0963687896729,30.1040420532227,30,0,0.51388356394169,0,0.502447737168002,0.00090647495204621,0.523598775598299,0,0.171489715576172,0.16644287109375
3.3180000000000014,15.8721895,15.851,0,1,0,30.1590251922607,15856,30.095666885376,4279,0,4,10,24,0,30.1023502349854,30.1484508514404,30,0,0.51388356394169,0,0.502447737168002,-0.00146785446082731,0.523598775598299,0,0.162143707275391,0.109481811523438
3.343,15.8969781,15.876,0,1,0,30.0933876037598,15881,30.1089973449707,4279,0,4,10,26,0,30.1234245300293,30.1283378601074,30,0,0.51388356394169,0,0.502447737168002,0.00156688771801328,0.523598775598299,0,0.117961883544922,0.1224365234375
3.3680000000000003,15.9222397,15.901,0,1,0,30.129955291748,15906,30.1073417663574,4279,0,4,10,21,0,30.1246337890625,30.1246337890625,30,0,0.51388356394169,0,0.502440067264063,0.00145796751792204,0.523598775598299,0,0.116306304931641,0.164485931396484
3.3950000000000014,15.9485429,15.928,0,1,0,30.1280326843262,15932,30.1255207061768,4279,0,4,10,29,0,30.1307601928711,30.1310920715332,30,0,0.51388356394169,0,0.502447737168002,1.69759289292415e-07,0.523598775598299,0,0.175918579101563,0.185386657714844
3.426,15.9797928,15.959,0,1,0,30.1113128662109,15964,30.1101856231689,4279,0,4,10,26,0,30.1196784973145,30.1246032714844,30,0,0.51388356394169,0,0.502447737168002,2.56324426572974e-06,0.523598775598299,0,0.133007049560547,0.133007049560547
3.4570000000000007,16.0127703,15.99,0,1,0,30.1177215576172,15995,30.1750564575195,4279,0,4,10,33,0,30.1222114562988,30.1234245300293,30,0,0.51388356394169,0,0.502440067264063,0.00207169067488167,0.523598775598299,0,0.116275787353516,0.122291564941406
3.4880000000000013,16.0449961,16.021,0,1,0,30.1330490112305,16026,30.1838264465332,4279,0,4,10,28,0,30.1242408752441,30.1246032714844,30,0,0.51388356394169,0,0.502447737168002,2.08534419243733e-06,0.523598775598299,0,0.131401062011719,0.131401062011719
3.519,16.074165,16.052,0,1,0,30.1315402984619,16057,30.1315422058105,4279,0,4,10,24,0,30.1315422058105,30.1315422058105,30,0,0.51388356394169,0,0.502447737168002,3.97903932025656e-13,0.523598775598299,0,0.131542205810547,0.131542205810547
3.551,16.1051291,16.084,0,1,0,30.1315422058105,16089,30.1315422058105,4279,0,4,10,33,0,30.1315422058105,30.1315422058105,30,0,0.51388356394169,0,0.502447737168002,0,0.523598775598299,0,0.131542205810547,0.131542205810547
3.581999999999999,16.1378477,16.115,0,1,0,30.1330986022949,16119,30.1743774414063,4279,0,4,10,28,0,30.1263122558594,30.1293888092041,30,0,0.51388356394169,0,0.502447737168002,1.31296201288933e-06,0.523598775598299,0,0.131446838378906,0.131446838378906
3.609,16.1633075,16.142,0,1,0,30.1315422058105,16147,30.1315422058105,4279,0,4,10,29,0,30.1315422058105,30.1315422058105,30,0,0.51388356394169,0,0.502447737168002,2.33058017329313e-12,0.523598775598299,0,0.131542205810547,0.131542205810547
3.635,16.188325,16.168,0,1,0,30.1315422058105,16172,30.1315422058105,4279,0,4,10,24,0,30.1315422058105,30.1315422058105,30,0,0.51388356394169,0,0.502447737168002,0,0.523598775598299,0,0.131542205810547,0.131542205810547
3.660000000000002,16.2148622,16.193,0,1,0,30.1315422058105,16197,30.1315422058105,4279,0,4,10,29,0,30.1315422058105,30.1315422058105,30,0,0.51388356394169,0,0.502447737168002,0,0.523598775598299,0,0.131542205810547,0.131542205810547
3.6860000000000017,16.2433251,16.219,0,1,0,30.1315422058105,16225,30.1315422058105,4279,0,4,10,22,0,30.1315422058105,30.1315422058105,30,0,0.51388356394169,0,0.502447737168002,0,0.523598775598299,0,0.131542205810547,0.131542205810547
3.721000000000002,16.2752399,16.254,0,1,0,30.1315422058105,16259,30.1315422058105,4279,0,4,10,28,0,30.1315422058105,30.1315422058105,30,0,0.51388356394169,0,0.502447737168002,0,0.523598775598299,0,0.131542205810547,0.131542205810547
3.7520000000000007,16.30762,16.285,0,1,0,30.1315422058105,16291,30.1315422058105,4279,0,4,10,24,0,30.1315422058105,30.1315422058105,30,0,0.51388356394169,0,0.502447737168002,0,0.523598775598299,0,0.131542205810547,0.131542205810547
3.7829999999999995,16.3414625,16.316,0,1,0,30.1315422058105,16321,30.1315422058105,4279,0,4,10,33,0,30.1315422058105,30.1315422058105,30,0,0.51388356394169,0,0.502447737168002,0,0.523598775598299,0,0.131542205810547,0.131542205810547
3.8130000000000006,16.3680808,16.346,0,1,0,30.1315422058105,16351,30.1315422058105,4279,0,4,10,28,0,30.1315422058105,30.1315422058105,30,0,0.51388356394169,0,0.502447737168002,0,0.523598775598299,0,0.131542205810547,0.131542205810547
3.8390000000000004,16.3946872,16.372,0,1,0,30.1315422058105,16377,30.1315422058105,4279,0,4,10,35,0,30.1315422058105,30.1315422058105,30,0,0.51388356394169,0,0.502447737168002,0,0.523598775598299,0,0.131542205810547,0.131542205810547
3.8660000000000014,16.4198517,16.399,0,1,0,30.1315422058105,16403,30.1315422058105,4279,0,4,10,26,0,30.1315422058105,30.1315422058105,30,0,0.51388356394169,0,0.502447737168002,0,0.523598775598299,0,0.131542205810547,0.131542205810547
3.891,16.449056,16.424,0,1,0,30.1315422058105,16431,30.1315422058105,4279,0,4,10,29,0,30.1315422058105,30.1315422058105,30,0,0.51388356394169,0,0.502447737168002,0,0.523598775598299,0,0.131542205810547,0.131542205810547
3.921000000000001,16.4764252,16.454,0,1,0,30.1315422058105,16459,30.1315422058105,4279,0,4,10,35,0,30.1315422058105,30.1315422058105,30,0,0.51388356394169,0,0.502447737168002,0,0.523598775598299,0,0.131542205810547,0.131542205810547
3.948000000000002,16.5017405,16.481,0,1,0,30.1315422058105,16485,30.1315422058105,4279,0,4,10,24,0,30.1315422058105,30.1315422058105,30,0,0.51388356394169,0,0.502447737168002,0,0.523598775598299,0,0.131542205810547,0.131542205810547
3.9730000000000008,16.5302717,16.506,0,1,0,30.1315422058105,16512,30.1315422058105,4279,0,4,10,21,0,30.1315422058105,30.1315422058105,30,0,0.51388356394169,0,0.502447737168002,0,0.523598775598299,0,0.131542205810547,0.131542205810547
4.002000000000001,16.5558009,16.535,0,1,0,30.1315422058105,16540,30.1315422058105,4279,0,4,10,31,0,30.1315422058105,30.1315422058105,30,0,0.51388356394169,0,0.502447737168002,0,0.523598775598299,0,0.131542205810547,0.131542205810547
4.026999999999999,16.5804912,16.56,0,1,0,30.1315422058105,16565,30.1315422058105,4279,0,4,10,26,0,30.1315422058105,30.1315422058105,30,0,0.51388356394169,0,0.502447737168002,0,0.523598775598299,0,0.131542205810547,0.131542205810547
4.052000000000001,16.6063066,16.585,0,1,0,30.1315422058105,16589,30.1315422058105,4279,0,4,10,33,0,30.1315422058105,30.1315422058105,30,0,0.51388356394169,0,0.502447737168002,0,0.523598775598299,0,0.131542205810547,0.131542205810547
4.077,16.6328339,16.61,0,1,0,30.1315422058105,16615,30.1315422058105,4279,0,4,10,28,0,30.1315422058105,30.1315422058105,30,0,0.51388356394169,0,0.502447737168002,0,0.523598775598299,0,0.131542205810547,0.131542205810547
4.104000000000001,16.6594982,16.637,0,1,0,30.1315422058105,16642,30.1315422058105,4279,0,4,10,26,0,30.1315422058105,30.1315422058105,30,0,0.51388356394169,0,0.502447737168002,0,0.523598775598299,0,0.131542205810547,0.131542205810547
4.131000000000002,16.6859121,16.664,0,1,0,30.1315422058105,16669,30.1315422058105,4279,0,4,10,22,0,30.1315422058105,30.1315422058105,30,0,0.51388356394169,0,0.502447737168002,0,0.523598775598299,0,0.131542205810547,0.131542205810547
4.1579999999999995,16.7130307,16.691,0,1,0,30.1315422058105,16696,30.1315422058105,4279,0,4,10,22,0,30.1315422058105,30.1315422058105,30,0,0.51388356394169,0,0.502447737168002,0,0.523598775598299,0,0.131542205810547,0.131542205810547
4.183999999999999,16.7395948,16.717,0,1,0,30.1315422058105,16722,30.1315422058105,4279,0,4,10,28,0,30.1315422058105,30.1315422058105,30,0,0.51388356394169,0,0.502447737168002,0,0.523598775598299,0,0.131542205810547,0.131542205810547
4.221000000000002,16.7755289,16.754,0,1,0,30.1315422058105,16759,30.1315422058105,4279,0,4,10,28,0,30.1315422058105,30.1315422058105,30,0,0.51388356394169,0,0.502447737168002,0,0.523598775598299,0,0.131542205810547,0.131542205810547
4.2509999999999994,16.805335,16.784,0,1,0,30.1315422058105,16789,30.1315422058105,4279,0,4,10,19,0,30.1315422058105,30.1315422058105,30,0,0.51388356394169,0,0.502447737168002,0,0.523598775598299,0,0.131542205810547,0.131542205810547
4.282000000000002,16.8382162,16.815,0,1,0,30.1315422058105,16820,30.1315422058105,4279,0,4,10,29,0,30.1315422058105,30.1315422058105,30,0,0.51388356394169,0,0.502447737168002,0,0.523598775598299,0,0.131542205810547,0.131542205810547
4.308999999999999,16.8641255,16.842,0,1,0,30.1315422058105,16847,30.1315422058105,4279,0,4,10,31,0,30.1315422058105,30.1315422058105,30,0,0.51388356394169,0,0.502447737168002,0,0.523598775598299,0,0.131542205810547,0.131542205810547
4.334999999999999,16.8894901,16.868,0,1,0,30.1315422058105,16873,30.1315422058105,4279,0,4,10,36,0,30.1315422058105,30.1315422058105,30,0,0.51388356394169,0,0.502447737168002,0,0.523598775598299,0,0.131542205810547,0.131542205810547
4.360999999999999,16.9149041,16.894,0,1,0,30.1315422058105,16898,30.1315422058105,4279,0,4,10,29,0,30.1315422058105,30.1315422058105,30,0,0.51388356394169,0,0.502447737168002,0,0.523598775598299,0,0.131542205810547,0.131542205810547
4.386000000000001,16.9435884,16.919,0,1,0,30.1315422058105,16924,30.1315422058105,4279,0,4,10,31,0,30.1315422058105,30.1315422058105,30,0,0.51388356394169,0,0.502447737168002,0,0.523598775598299,0,0.131542205810547,0.131542205810547
4.421000000000001,16.9755398,16.954,0,1,0,30.1315422058105,16959,30.1315422058105,4279,0,4,10,28,0,30.1315422058105,30.1315422058105,30,0,0.51388356394169,0,0.502447737168002,0,0.523598775598299,0,0.131542205810547,0.131542205810547
4.453000000000001,17.0061028,16.986,0,1,0,30.1315422058105,16990,30.1315422058105,4279,0,4,10,24,0,30.1315422058105,30.1315422058105,30,0,0.51388356394169,0,0.502447737168002,0,0.523598775598299,0,0.131542205810547,0.131542205810547
4.484,17.0403041,17.017,0,1,0,30.1315422058105,17022,30.1315422058105,4279,0,4,10,29,0,30.1315422058105,30.1315422058105,30,0,0.51388356394169,0,0.502447737168002,0,0.523598775598299,0,0.131542205810547,0.131542205810547
4.511000000000001,17.0675505,17.044,0,1,0,30.1315422058105,17050,30.1315422058105,4279,0,4,10,24,0,30.1315422058105,30.1315422058105,30,0,0.51388356394169,0,0.502447737168002,0,0.523598775598299,0,0.131542205810547,0.131542205810547
4.539,17.0939273,17.072,0,1,0,30.1315422058105,17077,30.1315422058105,4279,0,4,10,28,0,30.1315422058105,30.1315422058105,30,0,0.51388356394169,0,0.502447737168002,0,0.523598775598299,0,0.131542205810547,0.131542205810547
4.5649999999999995,17.1201,17.098,0,1,0,30.1315422058105,17103,30.1315422058105,4279,0,4,10,24,0,30.1315422058105,30.1315422058105,30,0,0.51388356394169,0,0.502447737168002,0,0.523598775598299,0,0.131542205810547,0.131542205810547
4.590999999999999,17.1476356,17.124,0,1,0,30.1315422058105,17131,30.1315422058105,4279,0,4,10,28,0,30.1315422058105,30.1315422058105,30,0,0.51388356394169,0,0.502447737168002,0,0.523598775598299,0,0.131542205810547,0.131542205810547
4.6190000000000015,17.1717433,17.152,0,1,0,30.1315422058105,17156,30.1315422058105,4279,0,4,10,24,0,30.1315422058105,30.1315422058105,30,0,0.51388356394169,0,0.502447737168002,0,0.523598775598299,0,0.131542205810547,0.131542205810547
4.642999999999999,17.1981742,17.176,0,1,0,30.1315422058105,17181,30.1315422058105,4279,0,4,10,35,0,30.1315422058105,30.1315422058105,30,0,0.51388356394169,0,0.502447737168002,0,0.523598775598299,0,0.131542205810547,0.131542205810547
4.669000000000002,17.2248606,17.202,0,1,0,30.1315422058105,17207,30.1315422058105,4279,0,4,10,24,0,30.1315422058105,30.1315422058105,30,0,0.51388356394169,0,0.502447737168002,0,0.523598775598299,0,0.131542205810547,0.131542205810547
4.696,17.2496345,17.229,0,1,0,30.1315422058105,17233,30.1315422058105,4279,0,4,10,28,0,30.1315422058105,30.1315422058105,30,0,0.51388356394169,0,0.502447737168002,0,0.523598775598299,0,0.131542205810547,0.131542205810547
4.732000000000001,17.2874297,17.265,0,1,0,30.1315422058105,17270,30.1315422058105,4279,0,4,10,28,0,30.1315422058105,30.1315422058105,30,0,0.51388356394169,0,0.502447737168002,0,0.523598775598299,0,0.131542205810547,0.131542205810547
4.762000000000002,17.3170481,17.295,0,1,0,30.1315422058105,17300,30.1315422058105,4279,0,4,10,28,0,30.1315422058105,30.1315422058105,30,0,0.51388356394169,0,0.502447737168002,0,0.523598775598299,0,0.131542205810547,0.131542205810547
4.793000000000001,17.350933,17.326,0,1,0,30.1315422058105,17331,30.1315422058105,4279,0,4,10,26,0,30.1315422058105,30.1315422058105,30,0,0.51388356394169,0,0.502447737168002,0,0.523598775598299,0,0.131542205810547,0.131542205810547
4.822000000000001,17.3772393,17.355,0,1,0,30.1315422058105,17360,30.1315422058105,4279,0,4,10,28,0,30.1315422058105,30.1315422058105,30,0,0.51388356394169,0,0.502447737168002,0,0.523598775598299,0,0.131542205810547,0.131542205810547
4.848000000000001,17.4034327,17.381,0,1,0,30.1315422058105,17386,30.1315422058105,4279,0,4,10,29,0,30.1315422058105,30.1315422058105,30,0,0.51388356394169,0,0.502447737168002,0,0.523598775598299,0,0.131542205810547,0.131542205810547
4.875000000000002,17.4318678,17.408,0,1,0,30.1315422058105,17413,30.1315422058105,4279,0,4,10,24,0,30.1315422058105,30.1315422058105,30,0,0.51388356394169,0,0.502447737168002,0,0.523598775598299,0,0.131542205810547,0.131542205810547
4.904000000000002,17.4590411,17.437,0,1,0,30.1315422058105,17442,30.1315422058105,4279,0,4,10,28,0,30.1315422058105,30.1315422058105,30,0,0.51388356394169,0,0.502447737168002,0,0.523598775598299,0,0.131542205810547,0.131542205810547
4.9300000000000015,17.485834,17.463,0,1,0,30.1315422058105,17468,30.1315422058105,4279,0,4,10,28,0,30.1315422058105,30.1315422058105,30,0,0.51388356394169,0,0.502447737168002,0,0.523598775598299,0,0.131542205810547,0.131542205810547
4.956999999999999,17.5118375,17.49,0,1,0,30.1315422058105,17494,30.1315422058105,4279,0,4,10,22,0,30.1315422058105,30.1315422058105,30,0,0.51388356394169,0,0.502447737168002,0,0.523598775598299,0,0.131542205810547,0.131542205810547
4.982999999999999,17.5383639,17.516,0,1,0,30.1315422058105,17520,30.1315422058105,4279,0,4,10,24,0,30.1315422058105,30.1315422058105,30,0,0.51388356394169,0,0.502447737168002,0,0.523598775598299,0,0.131542205810547,0.131542205810547
5.01,17.5647232,17.543,0,1,0,110.723052978516,17548,110.685264587402,4279,0,4,10,110,0,110.584754943848,110.583839416504,110,0,0.51388356394169,0,0.50315336833043,0.116541007299361,1.0471975511966,0,0.570968627929688,0.569198608398438
5.036,17.5901806,17.569,0,1,0,110.552429199219,17574,110.549003601074,4279,0,4,10,112,0,110.54052734375,110.54052734375,110,0,0.514650554335633,0.0413670738169003,0.509772495430156,0.36315603369178,1.0471975511966,0,0.52886962890625,0.52886962890625
5.061000000000002,17.6154406,17.594,0,1,0,110.515335083008,17599,110.51277923584,4279,0,4,10,103,0,110.505630493164,110.50431060791,110,0,0.518773127703075,0.224702318030381,0.521131623164449,0.522506478718356,1.0471975511966,0,0.495330810546875,0.494026184082031
5.086,17.6437929,17.619,0,1,0,110.48274230957,17625,110.478713989258,4279,0,4,10,110,0,110.473861694336,110.47282409668,110,0,0.530469731210703,0.49945613892362,0.538143470102101,0.630143713403413,1.0471975511966,0,0.466896057128906,0.466041564941406
5.121,17.6771911,17.654,0,1,0,110.445793151855,17659,110.442390441895,4279,0,4,10,103,0,110.431663513184,110.429946899414,110,0,0.555205171415359,0.865725000542739,0.561291240191296,0.768903389433945,1.0471975511966,0,0.413528442382813,0.413528442382813
5.151999999999999,17.7085785,17.685,0,1,0,110.394287109375,17691,110.38794708252,4279,0,4,10,98,0,110.37670135498,110.376541137695,110,0,0.588569253551872,1.20124551661365,0.58538240846504,0.816859021445225,1.0471975511966,0,0.362838745117188,0.360427856445313
5.183000000000002,17.7404526,17.716,0,1,0,110.342163085938,17721,110.339126586914,4279,0,4,10,115,0,110.333374023438,110.331771850586,110,0,0.625768287658099,1.29499487487396,0.613346878228195,0.932635568297769,1.0471975511966,0,0.32080078125,0.32080078125
5.211,17.7665403,17.744,0,1,0,110.309661865234,17749,110.308929443359,4279,0,4,10,112,0,110.306991577148,110.306289672852,110,0,0.658940622196126,1.18094121005277,0.639064066137098,1.03183853828818,1.0471975511966,0,0.302642822265625,0.30194091796875
5.237,17.7926256,17.77,0,1,0,110.292686462402,17775,110.290634155273,4279,0,4,10,103,0,110.287475585938,110.287475585938,110,0,0.684347178995482,1.01092708379497,0.667312322346012,1.12019165868048,1.0471975511966,0,0.285369873046875,0.285209655761719
5.264000000000001,17.8174646,17.797,0,1,0,110.27904510498,17801,110.278472900391,4279,0,4,10,96,0,110.276748657227,110.276748657227,110,0,0.705535288628152,0.942638211984217,0.695959413559776,1.15173831011327,1.0471975511966,0,0.277694702148438,0.2777099609375
5.288000000000002,17.8443538,17.821,0,1,0,110.275329589844,17828,110.274940490723,4279,0,4,10,96,0,110.280014038086,110.280014038086,110,0,0.731325340624479,1.02516347188623,0.727168252689309,1.15313611973454,1.0471975511966,0,0.291969299316406,0.293067932128906
5.325000000000001,17.8797183,17.858,0,1,0,110.281478881836,17863,110.278854370117,4279,0,4,10,107,0,110.264312744141,110.261024475098,110,0,0.772263452901177,1.31751750550529,0.767120782309791,1.13019885032338,1.0471975511966,0,0.235298156738281,0.232711791992188
5.356,17.9106213,17.889,0,1,0,110.168762207031,17894,110.162651062012,4279,0,4,10,98,0,110.097198486328,110.075607299805,110,0,0.815502536359704,1.48230582333076,0.801481951958429,1.16066893992797,1.0471975511966,0,0.74285888671875,0.685585021972656
5.388,17.9441758,17.921,0,1,0,106.382415771484,17925,105.815093994141,4279,0,4,10,108,0,101.231353759766,99.7647857666016,99,0,0.860850843401573,1.47836005064244,0.839501665786175,1.21311488333606,1.0471975511966,0,0.00323486328125,0.837722778320313
5.416000000000002,17.9695035,17.949,0,1,0,47.4461822509766,17954,45.7678031921387,4279,0,4,10,50,0,43.5457229614258,43.1971702575684,42,0,0.896803518117643,1.29608098887047,0.872313514839049,1.09236608819003,1.0471975511966,0,0.702747344970703,0.702747344970703
5.441000000000001,17.9950469,17.974,0,1,0,39.7439498901367,17979,39.5347557067871,4279,0,4,10,36,0,38.5579872131348,38.3657112121582,38,0,0.92326468670867,1.08754708876631,0.897954003708557,0.912270080019994,1.0471975511966,0,0.210365295410156,0.1002197265625
5.4670000000000005,18.0204214,18,0,1,0,36.4893112182617,18004,36.5842247009277,4279,0,4,10,43,0,36.9656829833984,37.0349884033203,37,0,0.944644543939826,0.817369542306665,0.918670414248953,0.75960568167568,1.0471975511966,0,0.225749969482422,0.225749969482422
5.491000000000001,18.0475257,18.024,0,1,0,36.3671112060547,18030,36.1745910644531,4279,0,4,10,40,0,35.7264747619629,35.5909309387207,35,0,0.960655468413383,0.602354481635757,0.937507698324189,0.63797033058529,1.0471975511966,0,0.804481506347656,0.804481506347656
5.529000000000002,18.083731,18.062,0,1,0,32.383617401123,18067,32.0624504089355,4279,0,4,10,33,0,30.8510322570801,30.8510322570801,30,0,0.976666392886939,0.449210550374232,0.957572167029733,0.473402171876728,1.0471975511966,0,0.413846969604492,0.163949966430664
5.5600000000000005,18.114646,18.093,0,1,0,26.3601589202881,18098,26.1049919128418,4279,0,4,10,28,0,24.9659843444824,24.6882781982422,24,0,0.988842365390781,0.412290343824225,0.96967527544615,0.344953021378842,1.0471975511966,0,0.835979461669922,0.705554962158203
5.590999999999999,18.1469008,18.124,0,1,0,22.7893867492676,18129,22.8248977661133,4279,0,4,10,15,0,22.8986511230469,22.9731979370117,22,0,0.999676104705224,0.369938682891416,0.97894051940498,0.239608320474531,1.0471975511966,0,0.217494964599609,0.252464294433594
5.618,18.1717874,18.151,0,1,0,24.202278137207,18156,24.3556632995605,4279,0,4,10,22,0,24.8047065734863,24.8047065734863,24,0,1.00753775624314,0.287765263128449,0.984401491009853,0.209386784332992,1.0471975511966,0,0.384988784790039,0.584754943847656
5.642999999999999,18.1957039,18.176,0,1,0,26.6721000671387,18180,26.8505001068115,4279,0,4,10,22,0,27.057804107666,27.1036033630371,27,0,1.01204382480755,0.175336692407654,0.989333239242905,0.20329571500406,1.0471975511966,0,0.609386444091797,0.693929672241211
5.667,18.2213678,18.2,0,1,0,28.0627212524414,18204,28.0073127746582,4279,0,4,10,33,0,27.8485107421875,27.8344535827637,27,0,1.01415304839089,0.088380989026291,0.994126929205048,0.19404542242421,1.0471975511966,0,0.617790222167969,0.617790222167969
5.692000000000002,18.2473721,18.225,0,1,0,26.7195854187012,18231,26.5241088867188,4279,0,4,10,19,0,25.5337600708008,25.3756256103516,25,0,1.01597465057651,0.0778758129588368,0.999081687149918,0.162606049755368,1.0471975511966,0,0.847419738769531,0.847419738769531
5.718000000000002,18.2735758,18.251,0,1,0,21.6421318054199,18257,21.4601364135742,4279,0,4,10,21,0,20.4833526611328,20.2370548248291,20,0,1.01904261215228,0.130620525809945,1.00233372642024,0.105954653009235,1.0471975511966,0,0.0216598510742188,0.0216598510742188
5.7440000000000015,18.2985679,18.277,0,1,0,17.708667755127,18282,17.4554176330566,4279,0,4,10,19,0,17.2100982666016,17.1504898071289,17,0,1.02354868071669,0.188986737354071,1.00435858106024,0.066970998490774,1.0471975511966,0,0.760623931884766,0.754505157470703
5.769,18.3245325,18.302,0,1,0,17.5483283996582,18307,17.8069267272949,4279,0,4,10,14,0,18.4230499267578,18.5286464691162,18,0,1.02815062308035,0.185845162704481,1.00545537732358,0.02491721481897,1.0471975511966,0,0.293014526367188,0.293014526367188
5.795,18.3497343,18.328,0,1,0,22.592077255249,18333,22.891242980957,4279,0,4,10,21,0,24.4877052307129,24.4877052307129,24,0,1.03073921565991,0.0869997775696447,1.00618401819783,0.034947083076986,1.0471975511966,0,0.838827133178711,0.0846481323242188
5.823000000000002,18.3775758,18.356,0,1,0,29.9693965911865,18361,30.1616516113281,4279,0,4,10,28,0,30.94677734375,31.1493816375732,31,0,1.03035572046294,-0.0247808037784125,1.00745722225177,0.0615154401433529,1.0471975511966,0,0.558195114135742,0.558195114135742
5.854000000000001,18.4094756,18.387,0,1,0,29.927116394043,18392,29.695915222168,4279,0,4,10,22,0,28.4268779754639,28.2183418273926,28,0,1.02920523487202,-0.0250391261392906,1.01021071776603,0.0943872993070727,1.0471975511966,0,0.357551574707031,0.357551574707031
5.886000000000001,18.4418157,18.419,0,1,0,21.0508289337158,18423,20.749095916748,4279,0,4,10,12,0,19.4513549804688,19.0351829528809,19,0,1.03054746806142,0.0615147748667368,1.01291819385665,0.0673305703076039,1.0471975511966,0,0.0487403869628906,0.858219146728516
5.912000000000001,18.4663152,18.445,0,1,0,15.4561338424683,18450,15.3307218551636,4279,0,4,10,19,0,14.4671983718872,14.4671983718872,14,0,1.03332780823947,0.112824155497492,1.01446751445241,0.0565237853978715,1.0471975511966,0,0.912103652954102,0.892422676086426
5.936999999999999,18.4912666,18.47,0,1,0,13.5969257354736,18475,13.6462907791138,4279,0,4,10,7,0,14.0178565979004,14.0854368209839,14,0,1.03639576981524,0.122907404367879,1.01550295148423,0.0276225360685203,1.0471975511966,0,0.519232749938965,0.628391265869141
5.9620000000000015,18.5177348,18.495,0,1,0,15.8594598770142,18500,16.1990814208984,4279,0,4,10,17,0,16.9607372283936,17.1374549865723,17,0,1.03869674099706,0.078084456237093,1.01602450495212,0.0147866544863291,1.0471975511966,0,0.619483947753906,0.903388977050781
5.988999999999999,18.5456921,18.522,0,1,0,20.6562118530273,18527,20.9986877441406,4279,0,4,10,17,0,21.4363346099854,21.6048431396484,21,0,1.03898436239479,0.00226108695460425,1.01688353419333,0.0457646892339199,1.0471975511966,0,0.291336059570313,0.378850936889648
6.016,18.5709437,18.549,0,1,0,22.3132400512695,18554,22.3163452148438,4279,0,4,10,14,0,21.807580947876,21.6853313446045,21,0,1.03850499339858,-0.0157347899087199,1.01820275767091,0.0591355242632972,1.0471975511966,0,0.934280395507813,0.696989059448242
6.042,18.5962055,18.575,0,1,0,18.7809982299805,18579,18.5793991088867,4279,0,4,10,8,0,17.8483238220215,17.7425518035889,17,0,1.03879261479631,0.0138204384859364,1.01986712682577,0.0658344716175634,1.0471975511966,0,0.727493286132813,0.539825439453125
6.067000000000002,18.6206958,18.6,0,1,0,15.3995323181152,18605,15.344295501709,4279,0,4,10,14,0,15.1314973831177,15.053879737854,15,0,1.03975135278874,0.0402645681417653,1.02110198136002,0.0344353554667123,1.0471975511966,0,0.750325202941895,0.754453659057617
6.0920000000000005,18.6486462,18.625,0,1,0,14.3757410049438,18631,14.2803297042847,4279,0,4,10,7,0,13.961109161377,13.961109161377,13,0,1.04147708117511,0.070213515703017,1.02178460281063,0.0209025564099647,1.0471975511966,0,0.713621139526367,0.743903160095215
6.1190000000000015,18.673432,18.652,0,1,0,14.0371065139771,18657,14.1998701095581,4279,0,4,10,7,0,14.5103273391724,14.5418348312378,14,0,1.04291518816375,0.0552293922628451,1.02206071935245,0.00434907584565281,1.0471975511966,0,0.213939666748047,0.213939666748047
6.144,18.6996156,18.677,0,1,0,16.0618515014648,18682,16.2338027954102,4279,0,4,10,15,0,16.8887939453125,16.8887939453125,17,0,1.04368217855769,0.0218110451739904,1.0221680980076,0.00749815993390257,1.0471975511966,0,0.730432510375977,0.849115371704102
6.17,18.7248624,18.703,0,1,0,18.6062412261963,18708,18.8543434143066,4279,0,4,10,8,0,19.2665100097656,19.2665100097656,19,0,1.04358630475845,-0.00301873923217499,1.02235984560608,0.00777890926542568,1.0471975511966,0,0.195095062255859,0.169981002807617
6.195000000000002,18.7495645,18.728,0,1,0,19.466947555542,18733,19.4017715454102,4279,0,4,10,8,0,19.1004085540771,19.0467262268066,19,0,1.04349043095921,-0.00218191544172441,1.02257460291639,0.0116018113690188,1.0471975511966,0,0.438518524169922,0.438518524169922
6.221000000000002,18.7747203,18.754,0,1,0,18.3412933349609,18758,18.4216613769531,4279,0,4,10,15,0,18.2769470214844,18.2238006591797,18,0,1.04358630475845,0.00223690099505802,1.02285071945821,0.0102595476129181,1.0471975511966,0,0.167812347412109,0.167812347412109
6.246,18.8002194,18.779,0,1,0,17.947322845459,18784,17.8675231933594,4279,0,4,10,14,0,17.6929721832275,17.6929721832275,17,0,1.04358630475845,0.000350116911931764,1.02328023407881,0.0201606933046605,1.0471975511966,0,0.497234344482422,0.456748962402344
6.272,18.8257642,18.805,0,1,0,17.1072864532471,18809,17.0759353637695,4279,0,4,10,19,0,16.9325141906738,16.9325141906738,16,0,1.04358630475845,2.87096490865224e-05,1.02389382639397,0.0258151122012578,1.0471975511966,0,0.469085693359375,0.346010208129883
6.302000000000001,18.8587732,18.835,0,1,0,15.1041946411133,18840,15.0321855545044,4279,0,4,10,22,0,14.6952352523804,14.675612449646,14,0,1.04396979995542,0.0157184201598284,1.02501363236913,0.0275805166500049,1.0471975511966,0,0.501952171325684,0.576207160949707
6.333,18.888001,18.866,0,1,0,14.1083431243896,18871,14.0185194015503,4279,0,4,10,12,0,13.9134969711304,13.9001922607422,13,0,1.04483266414861,0.0340951487926304,1.02551984602913,0.0139743884603831,1.0471975511966,0,0.57985782623291,0.60004997253418
6.363999999999999,18.9187329,18.897,0,1,0,13.8461570739746,18902,13.8652591705322,4279,0,4,10,14,0,13.9855451583862,13.925817489624,13,0,1.04598314973952,0.0357723770202938,1.02561955478034,0.00109288652379291,1.0471975511966,0,0.133138656616211,0.213933944702148
6.395999999999999,18.9514135,18.929,0,1,0,15.1456270217896,18934,15.3202104568481,4279,0,4,10,21,0,15.5375175476074,15.5700168609619,15,0,1.04655839253498,0.0109433559275658,1.02563489458822,0.00193472781552373,1.0471975511966,0,0.117780685424805,0.117780685424805
6.421999999999999,18.9777382,18.955,0,1,0,16.8381118774414,18960,16.9592170715332,4279,0,4,10,15,0,16.9060192108154,16.8957481384277,16,0,1.04646251873574,-0.00117521919401042,1.02565790430004,2.78147001608886e-05,1.0471975511966,0,0.847763061523438,0.841018676757813
6.448000000000002,19.0027011,18.981,0,1,0,16.7839241027832,18985,16.7869300842285,4279,0,4,10,14,0,16.7836723327637,16.7825469970703,16,0,1.04646251873574,-8.71939325861604e-05,1.02566557420398,4.57582700619241e-08,1.0471975511966,0,0.776741027832031,0.776172637939453
6.474000000000002,19.0327007,19.007,0,1,0,16.7727928161621,19012,16.7724342346191,4279,0,4,10,22,0,16.7404022216797,16.7315330505371,16,0,1.04646251873574,-5.29613248545502e-06,1.02567324410792,4.52738752301229e-05,1.0471975511966,0,0.76165771484375,0.762285232543945
6.504,19.0597236,19.037,0,1,0,16.7630577087402,19042,16.763053894043,4279,0,4,10,19,0,16.7630157470703,16.7630081176758,16,0,1.04646251873574,-3.55531938112108e-07,1.02567324410792,2.72848410531878e-11,1.0471975511966,0,0.762969970703125,0.762969970703125
6.531000000000001,19.085277,19.064,0,1,0,16.7629508972168,19070,16.7629508972168,4279,0,4,10,12,0,16.76296043396,16.7629642486572,16,0,1.04646251873574,-2.38671873376006e-08,1.02567324410792,0,1.0471975511966,0,0.762973785400391,0.762971878051758
6.555999999999999,19.1117143,19.089,0,1,0,16.7629699707031,19094,16.7629661560059,4279,0,4,10,10,0,16.7629661560059,16.7629661560059,16,0,1.04646251873574,-1.77101355802733e-09,1.02567324410792,0,1.0471975511966,0,0.762966156005859,0.762966156005859
6.581999999999999,19.140197,19.115,0,1,0,16.7629661560059,19120,16.7629661560059,4279,0,4,10,8,0,16.7629661560059,16.761905670166,16,0,1.04646251873574,-1.07547748484649e-10,1.02568091401186,-0.00145613492509256,1.0471975511966,0,0.767183303833008,0.775026321411133
6.613999999999999,19.1692138,19.147,0,1,0,16.7471179962158,19152,16.744457244873,4279,0,4,10,14,0,16.7443733215332,16.7443733215332,16,0,1.04646251873574,-5.45696821063757e-12,1.02568091401186,1.52059578795161e-06,1.0471975511966,0,0.754993438720703,0.755098342895508
6.645000000000001,19.1991612,19.178,0,1,0,16.755241394043,19183,16.755241394043,4279,0,4,10,8,0,16.755241394043,16.755241394043,16,0,1.04646251873574,-4.54747350886464e-13,1.02568091401186,2.27373675443232e-13,1.0471975511966,0,0.755241394042969,0.755241394042969
6.677000000000001,19.2333194,19.21,0,1,0,16.755241394043,19215,16.755241394043,4279,0,4,10,17,0,16.755241394043,16.755241394043,16,0,1.04646251873574,0,1.02568091401186,0,1.0471975511966,0,0.755241394042969,0.755241394042969
6.709999999999999,19.2643358,19.243,0,1,0,16.755241394043,19247,16.755241394043,4279,0,4,10,19,0,16.755241394043,16.755241394043,16,0,1.04646251873574,0,1.02568091401186,0,1.0471975511966,0,0.755241394042969,0.755241394042969
6.735999999999999,19.2899154,19.269,0,1,0,16.755241394043,19274,16.755241394043,4279,0,4,10,14,0,16.755241394043,16.755241394043,16,0,1.04646251873574,0,1.02568091401186,0,1.0471975511966,0,0.755241394042969,0.755241394042969
6.76,19.3148663,19.293,0,1,0,16.755241394043,19297,16.755241394043,4279,0,4,10,14,0,16.755241394043,16.755241394043,16,0,1.04646251873574,0,1.02568091401186,0,1.0471975511966,0,0.755241394042969,0.755241394042969
6.785000000000002,19.3419801,19.318,0,1,0,16.755241394043,19323,16.755241394043,4279,0,4,10,15,0,16.755241394043,16.755241394043,16,0,1.04646251873574,0,1.02568091401186,0,1.0471975511966,0,0.755241394042969,0.755241394042969
6.817000000000002,19.3718434,19.35,0,1,0,16.755241394043,19355,16.755241394043,4279,0,4,10,12,0,16.755241394043,16.755241394043,16,0,1.04646251873574,0,1.02568091401186,0,1.0471975511966,0,0.755241394042969,0.755241394042969
6.848000000000001,19.4026063,19.381,0,1,0,16.755241394043,19385,16.755241394043,4279,0,4,10,14,0,16.755241394043,16.755241394043,16,0,1.04646251873574,0,1.02568091401186,0,1.0471975511966,0,0.755241394042969,0.755241394042969
6.879,19.4368877,19.412,0,1,0,16.7272338867188,19417,16.7193584442139,4279,0,4,10,8,0,16.7333393096924,16.7595481872559,16,0,1.04646251873574,0,1.02568091401186,-0.000930349548298182,1.0471975511966,0,0.735809326171875,0.735809326171875
6.9079999999999995,19.463684,19.441,0,1,0,16.7331161499023,19446,16.7342014312744,4279,0,4,10,14,0,16.7364768981934,16.7410144805908,16,0,1.04646251873574,0,1.02568858391579,1.54147846842534e-06,1.0471975511966,0,0.747409820556641,0.747409820556641
6.933999999999999,19.4892076,19.467,0,1,0,16.7475166320801,19472,16.7475166320801,4279,0,4,10,17,0,16.7475128173828,16.7475128173828,16,0,1.04646251873574,0,1.02568858391579,1.59161572810262e-12,1.0471975511966,0,0.747512817382813,0.747512817382813
6.959999999999999,19.515061,19.493,0,1,0,16.7475128173828,19498,16.7475128173828,4279,0,4,10,10,0,16.7475128173828,16.7475128173828,16,0,1.04646251873574,0,1.02568858391579,0,1.0471975511966,0,0.747512817382813,0.747512817382813
6.985000000000001,19.5424021,19.518,0,1,0,16.7475128173828,19523,16.7475128173828,4279,0,4,10,15,0,16.7475128173828,16.7475128173828,16,0,1.04646251873574,0,1.02568858391579,0,1.0471975511966,0,0.747512817382813,0.747512817382813
7.019,19.5739947,19.552,0,1,0,16.7475128173828,19558,16.7475128173828,4279,0,4,10,22,0,16.7475128173828,16.7475128173828,16,0,1.04646251873574,0,1.02568858391579,0,1.0471975511966,0,0.747512817382813,0.747512817382813
7.051,19.6061751,19.584,0,1,0,16.7475128173828,19589,16.7475128173828,4279,0,4,10,22,0,16.7475128173828,16.7475128173828,16,0,1.04646251873574,0,1.02568858391579,0,1.0471975511966,0,0.747512817382813,0.747512817382813
7.081999999999999,19.638291,19.615,0,1,0,16.7475128173828,19619,16.7475128173828,4279,0,4,10,14,0,16.7475128173828,16.7475128173828,16,0,1.04646251873574,0,1.02568858391579,0,1.0471975511966,0,0.747512817382813,0.747512817382813
7.110000000000001,19.665866,19.643,0,1,0,16.7475128173828,19648,16.7475128173828,4279,0,4,10,14,0,16.7475128173828,16.7475128173828,16,0,1.04646251873574,0,1.02568858391579,0,1.0471975511966,0,0.747512817382813,0.747512817382813
7.137000000000002,19.6921117,19.67,0,1,0,16.7475128173828,19674,16.7475128173828,4279,0,4,10,14,0,16.7475128173828,16.7475128173828,16,0,1.04646251873574,0,1.02568858391579,0,1.0471975511966,0,0.747512817382813,0.747512817382813
7.163000000000002,19.7178477,19.696,0,1,0,16.7475128173828,19701,16.7475128173828,4279,0,4,10,7,0,16.7475128173828,16.7475128173828,16,0,1.04646251873574,0,1.02568858391579,0,1.0471975511966,0,0.747512817382813,0.747512817382813
7.188000000000001,19.7450417,19.721,0,1,0,16.7475128173828,19726,16.7475128173828,4279,0,4,10,12,0,16.7475128173828,16.7475128173828,16,0,1.04646251873574,0,1.02568858391579,0,1.0471975511966,0,0.747512817382813,0.747512817382813
7.215000000000002,19.7690477,19.748,0,1,0,16.7475128173828,19753,16.7475128173828,4279,0,4,10,14,0,16.7475128173828,16.7475128173828,16,0,1.04646251873574,0,1.02568858391579,0,1.0471975511966,0,0.747512817382813,0.747512817382813
7.24,19.7934549,19.773,0,1,0,16.7475128173828,19777,16.7475128173828,4279,0,4,10,19,0,16.7475128173828,16.7475128173828,16,0,1.04646251873574,0,1.02568858391579,0,1.0471975511966,0,0.747512817382813,0.747512817382813
7.264000000000001,19.8194398,19.797,0,1,0,16.7475128173828,19802,16.7475128173828,4279,0,4,10,14,0,16.7452907562256,16.7509574890137,16,0,1.04646251873574,0,1.02568858391579,0.00310786184286371,1.0471975511966,0,0.741043090820313,0.748310089111328
7.290000000000001,19.8451878,19.823,0,1,0,16.7211818695068,19828,16.7169132232666,4279,0,4,10,10,0,16.7226982116699,16.7262325286865,16,0,1.04646251873574,0,1.02569625381973,0.000796470529166982,1.0471975511966,0,0.733776092529297,0.734996795654297
7.316000000000001,19.8720901,19.849,0,1,0,16.7394351959229,19854,16.7395973205566,4279,0,4,10,7,0,16.7396697998047,16.7396755218506,16,0,1.04646251873574,0,1.02569625381973,4.77712092106231e-10,1.0471975511966,0,0.739677429199219,0.739677429199219
7.343000000000002,19.8969668,19.876,0,1,0,16.7396774291992,19881,16.7396774291992,4279,0,4,10,12,0,16.7396774291992,16.7396774291992,16,0,1.04646251873574,0,1.02569625381973,0,1.0471975511966,0,0.739677429199219,0.739677429199219
7.368,19.9237763,19.901,0,1,0,16.7396774291992,19906,16.7396774291992,4279,0,4,10,21,0,16.7396774291992,16.7396774291992,16,0,1.04646251873574,0,1.02569625381973,0,1.0471975511966,0,0.739677429199219,0.739677429199219
7.394,19.9492223,19.927,0,1,0,16.7396774291992,19932,16.7396774291992,4279,0,4,10,17,0,16.7396774291992,16.7396774291992,16,0,1.04646251873574,0,1.02569625381973,0,1.0471975511966,0,0.739677429199219,0.739677429199219
7.424999999999999,19.9798465,19.958,0,1,0,16.7396774291992,19962,16.7396774291992,4279,0,4,10,17,0,16.7396774291992,16.7396774291992,16,0,1.04646251873574,0,1.02569625381973,0,1.0471975511966,0,0.739677429199219,0.739677429199219
7.456000000000001,20.0117279,19.989,0,1,0,16.7396774291992,19994,16.7396774291992,4279,0,4,10,14,0,16.7396774291992,16.7396774291992,16,0,1.04646251873574,0,1.02569625381973,0,1.0471975511966,0,0.739677429199219,0.739677429199219
7.488000000000001,20.0447167,20.021,0,1,0,16.7396774291992,20026,16.7396774291992,4279,0,4,10,14,0,16.7396774291992,16.7396774291992,16,0,1.04646251873574,0,1.02569625381973,0,1.0471975511966,0,0.739677429199219,0.739677429199219
7.514999999999999,20.0704961,20.048,0,1,0,16.7396774291992,20053,16.7396774291992,4279,0,4,10,14,0,16.7396774291992,16.7396774291992,16,0,1.04646251873574,0,1.02569625381973,0,1.0471975511966,0,0.739677429199219,0.739677429199219
7.541000000000002,20.0964288,20.074,0,1,0,16.7396774291992,20079,16.7396774291992,4279,0,4,10,8,0,16.7396774291992,16.7396774291992,16,0,1.04646251873574,0,1.02569625381973,0,1.0471975511966,0,0.739677429199219,0.739677429199219
7.567000000000002,20.1211951,20.1,0,1,0,16.7396774291992,20104,16.7396774291992,4279,0,4,10,12,0,16.7396774291992,16.7396774291992,16,0,1.04646251873574,0,1.02569625381973,0,1.0471975511966,0,0.739677429199219,0.739677429199219
7.5920000000000005,20.1484034,20.125,0,1,0,16.7396774291992,20131,16.7396774291992,4279,0,4,10,19,0,16.7396774291992,16.7396774291992,16,0,1.04646251873574,0,1.02569625381973,0,1.0471975511966,0,0.739677429199219,0.739677429199219
7.619999999999999,20.1747931,20.153,0,1,0,16.7396774291992,20158,16.7396774291992,4279,0,4,10,7,0,16.7396774291992,16.7396774291992,16,0,1.04646251873574,0,1.02569625381973,-0.000449977003427193,1.0471975511966,0,0.742637634277344,0.742637634277344
7.645000000000001,20.2000968,20.178,0,1,0,16.7365379333496,20183,16.736572265625,4279,0,4,10,12,0,16.7092781066895,16.7363624572754,16,0,1.04646251873574,0,1.02570392372367,0.00019595369894887,1.0471975511966,0,0.724296569824219,0.720111846923828
7.67,20.2256344,20.203,0,1,0,16.7318305969238,20208,16.7329711914063,4279,0,4,10,14,0,16.7292575836182,16.7291393280029,16,0,1.04646251873574,0,1.02570392372367,1.09663301373075e-05,1.0471975511966,0,0.730812072753906,0.731277465820313
7.697000000000001,20.2525397,20.23,0,1,0,16.7319316864014,20234,16.73193359375,4279,0,4,10,12,0,16.7312316894531,16.7292556762695,16,0,1.04646251873574,0,1.02570392372367,1.86421905254974e-05,1.0471975511966,0,0.730033874511719,0.730810165405273
7.723000000000001,20.2790709,20.256,0,1,0,16.7319316864014,20261,16.7319316864014,4279,0,4,10,14,0,16.7319316864014,16.7319316864014,16,0,1.04646251873574,0,1.02570392372367,1.11413100967184e-11,1.0471975511966,0,0.73193359375,0.73193359375
7.7490000000000006,20.3063206,20.282,0,1,0,16.73193359375,20287,16.73193359375,4279,0,4,10,12,0,16.73193359375,16.73193359375,16,0,1.04646251873574,0,1.02570392372367,0,1.0471975511966,0,0.73193359375,0.73193359375
7.7780000000000005,20.3350925,20.311,0,1,0,16.73193359375,20315,16.73193359375,4279,0,4,10,21,0,16.73193359375,16.73193359375,16,0,1.04646251873574,0,1.02570392372367,0,1.0471975511966,0,0.73193359375,0.73193359375
7.814000000000002,20.3697389,20.347,0,1,0,16.73193359375,20352,16.73193359375,4279,0,4,10,17,0,16.73193359375,16.73193359375,16,0,1.04646251873574,0,1.02570392372367,0,1.0471975511966,0,0.73193359375,0.73193359375
7.846000000000002,20.4015217,20.379,0,1,0,16.73193359375,20383,16.73193359375,4279,0,4,10,22,0,16.73193359375,16.73193359375,16,0,1.04646251873574,0,1.02570392372367,0,1.0471975511966,0,0.73193359375,0.73193359375
7.875000000000002,20.4331513,20.408,0,1,0,16.73193359375,20413,16.73193359375,4279,0,4,10,17,0,16.73193359375,16.73193359375,16,0,1.04646251873574,0,1.02570392372367,0,1.0471975511966,0,0.73193359375,0.73193359375
7.909000000000001,20.464599,20.442,0,1,0,16.73193359375,20447,16.73193359375,4279,0,4,10,19,0,16.73193359375,16.73193359375,16,0,1.04646251873574,0,1.02570392372367,0,1.0471975511966,0,0.73193359375,0.73193359375
7.9350000000000005,20.4918441,20.468,0,1,0,16.73193359375,20473,16.73193359375,4279,0,4,10,10,0,16.73193359375,16.73193359375,16,0,1.04646251873574,0,1.02571159362761,-0.00130043353965448,1.0471975511966,0,0.731657028198242,0.703262329101563
7.9620000000000015,20.518473,20.495,0,1,0,16.7036437988281,20500,16.7261486053467,4279,0,4,10,17,0,16.7176513671875,16.7160758972168,16,0,1.04646251873574,0,1.02571159362761,3.64139373232319e-05,1.0471975511966,0,0.720455169677734,0.722005844116211
7.99,20.5473048,20.523,0,1,0,16.7241973876953,20530,16.724193572998,4279,0,4,10,15,0,16.7241973876953,16.724193572998,16,0,1.04646251873574,0,1.02571159362761,7.50333128962666e-12,1.0471975511966,0,0.724197387695313,0.724197387695313
8.032000000000002,20.5886428,20.565,0,1,0,16.7241973876953,20570,16.7241973876953,4279,0,4,10,12,0,16.7241973876953,16.7241973876953,16,0,1.04646251873574,0,1.02571159362761,0,1.0471975511966,0,0.724197387695313,0.724197387695313
8.064000000000002,20.6198596,20.597,0,1,0,16.7241973876953,20602,16.7241973876953,4279,0,4,10,24,0,16.7241973876953,16.7241973876953,16,0,1.04646251873574,0,1.02571159362761,0,1.0471975511966,0,0.724197387695313,0.724197387695313
8.096000000000002,20.6525862,20.629,0,1,0,16.7241973876953,20634,16.7241973876953,4279,0,4,10,8,0,16.7241973876953,16.7241973876953,16,0,1.04646251873574,0,1.02571159362761,0,1.0471975511966,0,0.724197387695313,0.724197387695313
8.123,20.678807,20.656,0,1,0,16.7241973876953,20661,16.7241973876953,4279,0,4,10,12,0,16.7241973876953,16.7241973876953,16,0,1.04646251873574,0,1.02571159362761,0,1.0471975511966,0,0.724197387695313,0.724197387695313
8.149,20.7041551,20.682,0,1,0,16.7241973876953,20687,16.7241973876953,4279,0,4,10,14,0,16.7241973876953,16.7241973876953,16,0,1.04646251873574,0,1.02571926353155,-0.00130043353988185,1.0471975511966,0,0.693531036376953,0.686683654785156
8.174999999999999,20.7316269,20.708,0,1,0,16.7140007019043,20712,16.7149791717529,4279,0,4,10,10,0,16.7162437438965,16.7162818908691,16,0,1.04646251873574,0,1.02571926353155,7.97808752395213e-09,1.0471975511966,0,0.716342926025391,0.716344833374023
8.203000000000001,20.7593607,20.736,0,1,0,16.7163467407227,20741,16.7163467407227,4279,0,4,10,14,0,16.7163467407227,16.7163467407227,16,0,1.04646251873574,0,1.02571926353155,0,1.0471975511966,0,0.716346740722656,0.716346740722656
8.235000000000001,20.789726,20.768,0,1,0,16.7163467407227,20773,16.7163467407227,4279,0,4,10,19,0,16.7163467407227,16.7163467407227,16,0,1.04646251873574,0,1.02571926353155,0,1.0471975511966,0,0.716346740722656,0.716346740722656
8.267000000000001,20.8216348,20.8,0,1,0,16.7163467407227,20805,16.7152881622314,4279,0,4,10,10,0,16.7141494750977,16.7187767028809,16,0,1.04646251873574,0,1.02572693343549,0.000327798038597393,1.0471975511966,0,0.687463760375977,0.688823699951172
8.299000000000001,20.8547521,20.832,0,1,0,16.7086296081543,20837,16.7086334228516,4279,0,4,10,19,0,16.7086372375488,16.7086353302002,16,0,1.04646251873574,0,1.02572693343549,7.95807864051312e-12,1.0471975511966,0,0.708635330200195,0.708635330200195
8.325000000000001,20.882069,20.858,0,1,0,16.7086353302002,20863,16.7086353302002,4279,0,4,10,17,0,16.7086353302002,16.7086353302002,16,0,1.04646251873574,0,1.02572693343549,0,1.0471975511966,0,0.708635330200195,0.708635330200195
8.352000000000002,20.9078983,20.885,0,1,0,16.7086353302002,20890,16.7086353302002,4279,0,4,10,24,0,16.6782875061035,16.7000064849854,16,0,1.04646251873574,0,1.02573460333943,0.00100121224386385,1.0471975511966,0,0.678165435791016,0.677078247070313
8.378000000000002,20.9358625,20.911,0,1,0,16.7005710601807,20916,16.7007656097412,4279,0,4,10,14,0,16.700855255127,16.7008590698242,16,0,1.04646251873574,0,1.02573460333943,3.53111317963339e-10,1.0471975511966,0,0.70086669921875,0.70086669921875
8.407000000000002,20.9626899,20.94,0,1,0,16.7008666992188,20944,16.7008666992188,4279,0,4,10,17,0,16.7008666992188,16.6997852325439,16,0,1.04646251873574,0,1.02574227324337,0.000987391456192199,1.0471975511966,0,0.667865753173828,0.676803588867188
8.438,20.9945919,20.971,0,1,0,16.6930141448975,20976,16.6930198669434,4279,0,4,10,17,0,16.6930179595947,16.6930179595947,16,0,1.04646251873574,0,1.02574227324337,4.16093826061115e-11,1.0471975511966,0,0.693025588989258,0.693025588989258
8.469,21.0229183,21.002,0,1,0,16.6535682678223,21006,16.6534061431885,4279,0,4,10,19,0,16.6679534912109,16.6750907897949,16,0,1.04646251873574,0,1.02574994314731,1.42134786074166e-06,1.0471975511966,0,0.685028076171875,0.685134887695313
8.502,21.0559336,21.035,0,1,0,16.6852645874023,21039,16.6538200378418,4279,0,4,10,17,0,16.645320892334,16.6480808258057,16,0,1.04646251873574,0,1.02575761305125,1.56657008574257e-05,1.0471975511966,0,0.675804138183594,0.676471710205078
8.526000000000002,21.081094,21.059,0,1,0,16.6403160095215,21064,16.6467819213867,4279,0,4,10,17,0,16.6680488586426,16.6676464080811,16,0,1.04646251873574,0,1.02577295285913,0.000378356525061463,1.0471975511966,0,0.635526657104492,0.635526657104492
8.551,21.1068423,21.084,0,1,0,16.623498916626,21089,16.5962753295898,4279,0,4,10,17,0,16.5832099914551,16.5783081054688,16,0,1.04646251873574,0,1.02580363247489,0.00199820124885264,1.0471975511966,0,0.5521240234375,0.550483703613281
8.577,21.1364404,21.11,0,1,0,16.4817314147949,21115,16.4934864044189,4279,0,4,10,12,0,16.4662322998047,16.4695587158203,16,0,1.04646251873574,0,1.02587266161034,0.000256909987001563,1.0471975511966,0,0.506490707397461,0.507598876953125
8.609,21.1672993,21.142,0,1,0,16.463472366333,21149,16.4724311828613,4279,0,4,10,15,0,16.4744300842285,16.4809989929199,16,0,1.04646251873574,0,1.02591868103398,0.000670707903964285,1.0471975511966,0,0.446069717407227,0.446905136108398
8.639999999999999,21.1957235,21.173,0,1,0,16.448902130127,21177,16.4510154724121,4279,0,4,10,8,0,16.4416351318359,16.4416351318359,16,0,1.04646251873574,0,1.02594936064974,7.88890888543392e-05,1.0471975511966,0,0.448945999145508,0.442800521850586
8.67,21.2259451,21.203,0,1,0,16.4396514892578,21208,16.4362716674805,4279,0,4,10,3,0,16.4484004974365,16.457447052002,16,0,1.04646251873574,0,1.02596470045761,3.18974593938037e-06,1.0471975511966,0,0.470184326171875,0.470184326171875
8.703000000000001,21.2574203,21.236,0,1,0,16.4602565765381,21241,16.4613418579102,4279,0,4,10,15,0,16.4627857208252,16.4628238677979,16,0,1.04646251873574,0,1.02597237036155,1.58167949848576e-08,1.0471975511966,0,0.462890625,0.462896347045898
8.728,21.2835825,21.261,0,1,0,16.4394302368164,21266,16.4473342895508,4279,0,4,10,19,0,16.4545555114746,16.4545555114746,16,0,1.04646251873574,0,1.02598004026549,1.19359810923925e-07,1.0471975511966,0,0.455356597900391,0.455368041992188
8.754,21.3099184,21.287,0,1,0,16.4553833007813,21292,16.4553833007813,4279,0,4,10,24,0,16.4553833007813,16.4553833007813,16,0,1.04646251873574,0,1.02598771016943,0.00185776220041589,1.0471975511966,0,0.414297103881836,0.416149139404297
8.78,21.3374428,21.313,0,1,0,16.3601417541504,21318,16.3923816680908,4279,0,4,10,3,0,16.4934406280518,16.4891128540039,16,0,1.04646251873574,-0.000248611137749322,1.02598771016943,6.55518306302838e-10,1.0471975511966,0,0.464572906494141,0.462974548339844
8.808000000000002,21.363005,21.341,0,1,0,16.4533634185791,21346,16.4528312683105,4279,0,4,10,17,0,16.4508361816406,16.450553894043,16,0,1.04646251873574,-2.03861575300834e-05,1.02598771016943,0,1.0471975511966,0,0.449148178100586,0.449016571044922
8.834000000000001,21.3882397,21.367,0,1,0,16.4481887817383,21372,16.4203910827637,4279,0,4,10,24,0,16.4094619750977,16.4094619750977,16,0,1.04646251873574,-1.51252584146278e-06,1.02599538007337,6.59995978367078e-05,1.0471975511966,0,0.433881759643555,0.433881759643555
8.859,21.4136218,21.392,0,1,0,16.4402961730957,21396,16.329683303833,4279,0,4,10,12,0,16.4090614318848,16.4090614318848,16,0,1.04646251873574,-0.000410099260307106,1.02599538007337,6.73026079311967e-11,1.0471975511966,0,0.468011856079102,0.465368270874023
8.884000000000002,21.4414397,21.417,0,1,0,16.3389701843262,21422,16.3767261505127,4279,0,4,10,14,0,16.4853782653809,16.4853782653809,16,0,1.04646251873574,-0.00124392818861452,1.02599538007337,0,1.0471975511966,0,0.437446594238281,0.43940544128418
8.921000000000001,21.4757596,21.454,0,1,0,16.4119491577148,21458,16.299165725708,4279,0,4,10,15,0,16.3996734619141,16.3996734619141,16,0,1.04646251873574,-0.000494567064151852,1.02600304997731,1.09681673166051e-06,1.0471975511966,0,0.462970733642578,0.460119247436523
8.951000000000002,21.5053866,21.484,0,1,0,16.4389190673828,21488,16.4383335113525,4279,0,4,10,12,0,16.4361553192139,16.4361553192139,16,0,1.04646251873574,-2.45925152739801e-05,1.02600304997731,4.54747350886464e-13,1.0471975511966,0,0.434314727783203,0.434169769287109
8.982999999999999,21.5405936,21.516,0,1,0,16.4330615997314,21521,16.4330348968506,4279,0,4,10,24,0,16.4329395294189,16.4329299926758,16,0,1.04646251873574,-9.05812839846476e-07,1.02600304997731,0,1.0471975511966,0,0.432853698730469,0.432849884033203
9.011000000000001,21.5675038,21.544,0,1,0,16.4328174591064,21549,16.4328155517578,4279,0,4,10,14,0,16.4011077880859,16.397045135498,16,0,1.04646251873574,-4.97809651278658e-08,1.02601071988125,8.05076033429941e-05,1.0471975511966,0,0.457683563232422,0.435359954833984
9.038000000000002,21.5944976,21.571,0,1,0,16.4030075073242,21576,16.4691753387451,4279,0,4,10,21,0,16.4501991271973,16.4478302001953,16,0,1.04646251873574,-0.000166624806979598,1.02601071988125,6.11294126429129e-09,1.0471975511966,0,0.435371398925781,0.434394836425781
9.065,21.6184693,21.598,0,1,0,16.4746360778809,21602,16.4656772613525,4279,0,4,10,12,0,16.4497375488281,16.4497375488281,16,0,1.04646251873574,-0.000180284728912739,1.02601071988125,0,1.0471975511966,0,0.437358856201172,0.436216354370117
9.089,21.646344,21.622,0,1,0,16.4285011291504,21628,16.4281787872314,4279,0,4,10,14,0,16.4269866943359,16.426815032959,16,0,1.04646251873574,-1.21026068882202e-05,1.02601071988125,0,1.0471975511966,0,0.425924301147461,0.425853729248047
9.122000000000002,21.676488,21.655,0,1,0,16.4253234863281,21660,16.4253101348877,4279,0,4,10,17,0,16.4252681732178,16.4252510070801,16,0,1.04646251873574,-6.01806277700234e-07,1.02601071988125,0,1.0471975511966,0,0.425216674804688,0.425216674804688
9.154000000000002,21.7089993,21.687,0,1,0,16.4251708984375,21692,16.4251689910889,4279,0,4,10,17,0,16.4251708984375,16.4251747131348,16,0,1.04646251873574,-2.21664322452853e-08,1.02601071988125,0,1.0471975511966,0,0.425182342529297,0.425182342529297
9.186000000000002,21.7415669,21.719,0,1,0,16.4562568664551,21723,16.4291038513184,4279,0,4,10,12,0,16.4199542999268,16.4421920776367,16,0,1.04655839253498,-0.00103614047043266,1.02601838978519,0.000169281793432674,1.0471975511966,0,0.399509429931641,0.466190338134766
9.212000000000002,21.7659043,21.745,0,1,0,16.4367713928223,21749,16.4349594116211,4279,0,4,10,12,0,16.4281578063965,16.4271602630615,16,0,1.04646251873574,-6.95566438935202e-05,1.02601838978519,1.01408659247681e-10,1.0471975511966,0,0.422885894775391,0.422389984130859
9.235999999999999,21.7918959,21.769,0,1,0,16.376932144165,21774,16.3879680633545,4279,0,4,10,14,0,16.4008693695068,16.4099731445313,16,0,1.04646251873574,-0.000683758456943906,1.02601838978519,0,1.0471975511966,0,0.463932037353516,0.459529876708984
9.262000000000002,21.818068,21.795,0,1,0,16.4330749511719,21800,16.4302864074707,4279,0,4,10,14,0,16.3141059875488,16.3374462127686,16,0,1.04646251873574,-0.000726805277281528,1.02601838978519,0,1.0471975511966,0,0.466831207275391,0.462154388427734
9.288000000000002,21.8463511,21.821,0,1,0,16.4340515136719,21828,16.4298038482666,4279,0,4,10,14,0,16.4243278503418,16.4236927032471,16,0,1.04646251873574,-4.41459274043154e-05,1.02601838978519,0,1.0471975511966,0,0.420383453369141,0.420383453369141
9.316,21.8735567,21.849,0,1,0,16.4643974304199,21854,16.3688812255859,4279,0,4,10,17,0,16.41943359375,16.4823722839355,16,0,1.04646251873574,-0.000475001944778342,1.02601838978519,0,1.0471975511966,0,0.44676399230957,0.443996429443359
9.344,21.9010125,21.877,0,1,0,16.4273567199707,21882,16.425594329834,4279,0,4,10,24,0,16.4224796295166,16.4220237731934,16,0,1.04646251873574,-2.88514711428434e-05,1.02601838978519,0,1.0471975511966,0,0.419631958007813,0.308187484741211
9.371,21.9301512,21.904,0,1,0,16.4574584960938,21909,16.4519882202148,4279,0,4,10,12,0,16.3165512084961,16.3441581726074,16,0,1.04646251873574,-0.000801636168944242,1.02601838978519,-0.000746379893143967,1.0471975511966,0,0.343076705932617,0.384208679199219
9.4,21.9575242,21.933,0,1,0,16.4460201263428,21939,16.4430389404297,4279,0,4,10,14,0,16.3973426818848,16.3973426818848,16,0,1.04646251873574,-0.000532554686060394,1.02602605968913,4.79030859423801e-09,1.0471975511966,0,0.442779541015625,0.32841682434082
9.427999999999999,21.9835514,21.961,0,1,0,16.458475112915,21966,16.4497222900391,4279,0,4,10,17,0,16.4341583251953,16.4318828582764,16,0,1.04646251873574,-0.000159171574978245,1.02602605968913,0,1.0471975511966,0,0.420951843261719,0.419925689697266
9.453999999999999,22.008882,21.987,0,1,0,16.4137516021729,21991,16.4134197235107,4279,0,4,10,8,0,16.4121398925781,16.4119567871094,16,0,1.04646251873574,-1.30520975289983e-05,1.02602605968913,0,1.0471975511966,0,0.411056518554688,0.410982131958008
9.479000000000001,22.0371219,22.012,0,1,0,16.3912124633789,22017,16.456184387207,4279,0,4,10,17,0,16.4041576385498,16.4098873138428,16,0,1.04646251873574,-0.000522580886581636,1.02602605968913,0,1.0471975511966,0,0.442173004150391,0.439130783081055
9.512000000000002,22.068505,22.045,0,1,0,16.4160137176514,22050,16.4154605865479,4279,0,4,10,14,0,16.4130783081055,16.4127979278564,16,0,1.04646251873574,-2.12733782518626e-05,1.02602605968913,0,1.0471975511966,0,0.411474227905273,0.411350250244141
9.544000000000002,22.1004203,22.077,0,1,0,16.3679389953613,22082,16.3872299194336,4279,0,4,10,15,0,16.4441947937012,16.4409484863281,16,0,1.04646251873574,-0.00022580936047234,1.02602605968913,0,1.0471975511966,0,0.381519317626953,0.381519317626953
9.576000000000002,22.1322883,22.109,0,1,0,16.4267463684082,22114,16.425163269043,4279,0,4,10,14,0,16.3312358856201,16.34641456604,16,0,1.04646251873574,-0.000666289912715001,1.02603372959307,-0.00206539444570808,1.0471975511966,0,0.452362060546875,0.452362060546875
9.607999999999999,22.1645206,22.141,0,1,0,16.3859481811523,22146,16.4487571716309,4279,0,4,10,14,0,16.4316234588623,16.4289073944092,16,0,1.04646251873574,-0.000193744993111977,1.02603372959307,1.16394858196145e-08,1.0471975511966,0,0.414421081542969,0.413295745849609
9.635,22.1925349,22.168,0,1,0,16.4061183929443,22174,16.4054756164551,4279,0,4,10,8,0,16.4043254852295,16.4041595458984,16,0,1.04646251873574,-1.17680108360219e-05,1.02603372959307,0,1.0471975511966,0,0.403274536132813,0.403205871582031
9.662,22.2203417,22.195,0,1,0,16.4027900695801,22200,16.4027671813965,4279,0,4,10,14,0,16.4026546478271,16.4026527404785,16,0,1.04646251873574,-7.14785301170195e-07,1.02603372959307,0,1.0471975511966,0,0.402589797973633,0.402589797973633
9.69,22.2490777,22.223,0,1,0,16.4483261108398,22230,16.4400234222412,4279,0,4,10,15,0,16.4231109619141,16.4211616516113,16,0,1.04646251873574,-0.000136446117721789,1.02603372959307,0,1.0471975511966,0,0.41179084777832,0.410900115966797
9.719,22.2771316,22.252,0,1,0,16.4053363800049,22258,16.4050598144531,4279,0,4,10,15,0,16.234790802002,16.273796081543,16,0,1.04646251873574,-0.00118602066140738,1.02603372959307,0,1.0471975511966,0,0.475139617919922,0.468235015869141
9.747000000000002,22.3038623,22.28,0,1,0,16.4267158508301,22285,16.3107776641846,4279,0,4,10,14,0,16.3832683563232,16.3902549743652,16,0,1.04646251873574,0.00909778651271154,1.02603372959307,0,1.0471975511966,0,0.401268005371094,0.406539916992188
9.774,22.3325829,22.307,0,1,0,16.3216133117676,22312,16.3563537597656,4279,0,4,10,22,0,16.3984470367432,16.4620037078857,16,0,1.04646251873574,-0.000436216252637678,1.02603372959307,0,1.0471975511966,0,0.424423217773438,0.422340393066406
9.81,22.3649773,22.343,0,1,0,16.350887298584,22347,16.3633251190186,4279,0,4,10,8,0,16.4459323883057,16.4418029785156,16,0,1.04646251873574,-0.000287922699271803,1.02603372959307,0,1.0471975511966,0,0.422054290771484,0.419166564941406
9.840000000000002,22.3960328,22.373,0,1,0,16.345573425293,22378,16.3701667785645,4279,0,4,10,12,0,16.4628028869629,16.4628028869629,16,0,1.04646251873574,-0.000500707726132532,1.02604139949701,6.88860382069834e-08,1.0471975511966,0,0.425708770751953,0.42279052734375
9.871,22.4282763,22.404,0,1,0,16.4012184143066,22409,16.4001045227051,4279,0,4,10,8,0,16.3981037139893,16.3978080749512,16,0,1.04646251873574,-2.03829592919647e-05,1.02604139949701,0,1.0471975511966,0,0.396286010742188,0.396171569824219
9.906,22.4616833,22.439,0,1,0,16.2504634857178,22444,16.284595489502,4279,0,4,10,19,0,16.4058933258057,16.4065437316895,16,0,1.04646251873574,-0.000539774942353688,1.02604139949701,0,1.0471975511966,0,0.431577682495117,0.428108215332031
9.934,22.4901108,22.467,0,1,0,16.3736991882324,22472,16.3808937072754,4279,0,4,10,17,0,16.4306488037109,16.4306488037109,16,0,1.04646251873574,-0.000261178727441802,1.02604139949701,0,1.0471975511966,0,0.411048889160156,0.409519195556641
9.964,22.5205904,22.497,0,1,0,16.3986129760742,22502,16.3979568481445,4279,0,4,10,8,0,16.3968143463135,16.3966464996338,16,0,1.04646251873574,-1.17508193397953e-05,1.02604139949701,0,1.0471975511966,0,0.395748138427734,0.395683288574219
9.997000000000002,22.5529912,22.53,0,1,0,16.3307285308838,22535,16.3445053100586,4279,0,4,10,10,0,16.3406562805176,16.3596343994141,16,0,1.04646251873574,0.00853234991177487,1.02604139949701,0,1.5707963267949,0,0.665840148925781,0.660331726074219
10.024,22.5804659,22.557,0,1,0,110.611419677734,22562,110.610336303711,4279,0,4,10,103,0,110.603874206543,110.602874755859,110,0,1.04665426633422,0.0106515898621637,1.03024450685582,0.301720499540579,1.5707963267949,0,0.595230102539063,0.595230102539063
10.051,22.6083925,22.584,0,1,0,110.585311889648,22589,110.583389282227,4279,0,4,10,107,0,110.578720092773,110.577774047852,110,0,1.04981810170924,0.180268762717105,1.04220188709738,0.528993400041145,1.5707963267949,0,0.570297241210938,0.569221496582031
10.078999999999999,22.636438,22.612,0,1,0,110.558517456055,22616,110.556335449219,4279,0,4,10,103,0,110.549713134766,110.549713134766,110,0,1.06228169561081,0.526628452539853,1.06016480212352,0.682015204975187,1.5707963267949,0,0.536407470703125,0.536407470703125
10.119000000000002,22.6752549,22.652,0,1,0,110.509033203125,22656,110.507820129395,4279,0,4,10,94,0,110.502433776855,110.501510620117,110,0,1.09861786552385,1.10793634999322,1.08927208757365,0.813193076439347,1.5707963267949,0,0.493919372558594,0.493057250976563
10.149,22.7040712,22.682,0,1,0,110.480911254883,22687,110.480087280273,4279,0,4,10,121,0,110.475860595703,110.475036621094,110,0,1.13466641403916,1.32871379049061,1.11389247921922,0.94176136115243,1.5707963267949,0,0.46868896484375,0.467781066894531
10.181,22.7386332,22.714,0,1,0,110.45393371582,22719,110.45344543457,4279,0,4,10,87,0,110.451187133789,110.45059967041,110,0,1.17474166212267,1.27641324248907,1.15010209571726,1.11883036223139,1.5707963267949,0,0.446014404296875,0.446014404296875
10.209000000000001,22.7644495,22.742,0,1,0,110.443115234375,22747,110.443054199219,4279,0,4,10,101,0,110.442474365234,110.44221496582,110,0,1.20465428748644,1.05569935480662,1.18078938137891,1.22563028815262,1.5707963267949,0,0.439407348632813,0.439407348632813
10.234,22.7893421,22.767,0,1,0,110.435745239258,22772,110.434265136719,4279,0,4,10,107,0,110.430252075195,110.429206848145,110,0,1.22862273729716,1.01844874862536,1.21205190983602,1.26702976993488,1.5707963267949,0,0.419944763183594,0.417671203613281
10.259000000000002,22.8146948,22.792,0,1,0,110.384422302246,22797,110.379745483398,4279,0,4,10,103,0,110.347686767578,110.337188720703,110,0,1.25479628449045,1.14264764517975,1.2450785161992,1.18131679292287,1.5707963267949,0,0.227920532226563,0.203582763671875
10.285000000000002,22.844445,22.818,0,1,0,109.845397949219,22823,109.78515625,4279,0,4,10,96,0,109.148071289063,109.023651123047,108,0,1.29161182339971,1.41940799515783,1.2807358996136,1.13332883121029,1.5707963267949,0,0.946525573730469,0.946525573730469
10.320000000000002,22.8755027,22.853,0,1,0,103.393928527832,22858,102.133346557617,4279,0,4,10,94,0,96.8475494384766,96.8475494384766,94,0,1.34031571341508,1.6292642662936,1.32124066231772,1.26615549337703,1.5707963267949,0,0.309051513671875,0.309051513671875
10.352000000000002,22.9089928,22.885,0,1,0,38.6615295410156,22890,37.8567123413086,4279,0,4,10,43,0,36.7093963623047,36.4148178100586,36,0,1.39304630299865,1.55500964087105,1.36044154135214,1.07886142849634,1.5707963267949,0,0.316204071044922,0.355495452880859
10.383000000000001,22.9405137,22.916,0,1,0,35.8840103149414,22921,36.0428085327148,4279,0,4,10,29,0,37.0723533630371,37.0723533630371,37,0,1.42909485151396,1.17009825110017,1.39006271036621,0.907130939904391,1.5707963267949,0,0.577587127685547,0.577587127685547
10.410000000000002,22.96578,22.943,0,1,0,43.1698913574219,22948,43.6319427490234,4279,0,4,10,57,0,44.4509048461914,44.621524810791,44,0,1.4486531065595,0.686987333525622,1.41436096604632,0.832585558989194,1.5707963267949,0,0.90655517578125,0.0178108215332031
10.436000000000002,22.9917026,22.969,0,1,0,44.8946113586426,22974,44.6285705566406,4279,0,4,10,38,0,42.6577606201172,42.6577606201172,42,0,1.45910335067697,0.405985802555051,1.43421067744156,0.758199037319855,1.5707963267949,0,0.79718017578125,0.474689483642578
10.461,23.0164148,22.994,0,1,0,36.1084594726563,22999,35.1979484558105,4279,0,4,10,31,0,33.0535926818848,33.0535926818848,32,0,1.4674443712111,0.384080444553774,1.45131456322648,0.611959683873465,1.5707963267949,0,0.356521606445313,0.356521606445313
10.487,23.0438524,23.02,0,1,0,23.4401359558105,23027,21.8135528564453,4279,0,4,10,22,0,19.5362968444824,19.1137428283691,18,0,1.48115432450283,0.552732132216988,1.46523543887655,0.433175372966843,1.5707963267949,0,0.788036346435547,0.550823211669922
10.523000000000001,23.0784949,23.056,0,1,0,13.2697639465332,23061,13.2682800292969,4279,0,4,10,8,0,13.1826066970825,13.1698026657104,13,0,1.50378054112414,0.712297413517945,1.47674029478569,0.252449451974599,1.5707963267949,0,0.824952125549316,0.824952125549316
10.555000000000001,23.1115025,23.088,0,1,0,17.7461471557617,23093,18.0279273986816,4279,0,4,10,10,0,20.3503551483154,20.3503551483154,20,0,1.5211336987871,0.479708737720784,1.48389631516118,0.221766617623416,1.5707963267949,0,0.095977783203125,0.095977783203125
10.584999999999999,23.1436396,23.118,0,1,0,31.8980522155762,23123,32.2355880737305,4279,0,4,10,33,0,33.689022064209,33.8490982055664,33,0,1.52477690315833,0.0352696336394729,1.49241757843788,0.28978204470468,1.5707963267949,0,0.890510559082031,0.890510559082031
10.613000000000001,23.1729603,23.146,0,1,0,34.9584693908691,23152,34.7497367858887,4279,0,4,10,28,0,34.1045379638672,33.905704498291,33,0,1.52132544638558,-0.113061218054554,1.50023321055216,0.296170615069059,1.5707963267949,0,0.0526885986328125,0.53309440612793
10.642999999999999,23.199005,23.176,0,1,0,24.1587467193604,23181,22.9503555297852,4279,0,4,10,17,0,20.2834072113037,19.7075004577637,19,0,1.5224759319765,0.102899092976713,1.50795680381916,0.207116850693183,1.5707963267949,0,0.606678009033203,0.26312255859375
10.669000000000002,23.2255906,23.202,0,1,0,13.5407333374023,23207,13.3129644393921,4279,0,4,10,17,0,11.73655128479,11.4832324981689,11,0,1.53014583591593,0.338232021400927,1.51165369751797,0.108728925250944,1.5707963267949,0,0.334185600280762,0.334185600280762
10.696,23.2529796,23.229,0,1,0,8.33924007415771,23234,8.45923805236816,4279,0,4,10,5,0,9.1382417678833,9.1382417678833,9,0,1.54165069182507,0.42172030601796,1.51347146475161,0.0462229675558774,1.5707963267949,0,0.540384292602539,0.707596778869629
10.723,23.2807971,23.256,0,1,0,13.2461614608765,23262,13.5498361587524,4279,0,4,10,17,0,15.4677457809448,15.4677457809448,15,0,1.54941646956374,0.246919189039318,1.51504379505919,0.0678246973736805,1.5707963267949,0,0.511737823486328,0.841705322265625
10.750000000000002,23.3103425,23.283,0,1,0,22.095365524292,23288,22.9862041473389,4279,0,4,10,21,0,25.2290725708008,25.5641441345215,25,0,1.54951234336298,-0.0368299962567562,1.51782797018921,0.136091974423607,1.5707963267949,0,0.759153366088867,0.953470230102539
10.78,23.3385893,23.313,0,1,0,28.9088821411133,23317,28.8761577606201,4279,0,4,10,33,0,27.6598281860352,27.4440250396729,27,0,1.54491040099933,-0.140157663298623,1.52272136890256,0.171541080426096,1.5707963267949,0,0.111423492431641,0.65899658203125
10.821,23.3775202,23.354,0,1,0,14.9171285629272,23359,14.0659246444702,4279,0,4,10,8,0,12.0201091766357,11.6451559066772,11,0,1.545965012791,0.121549920334246,1.52837408810592,0.109501122012944,1.5707963267949,0,0.141087532043457,0.141087532043457
10.851,23.4085265,23.384,0,1,0,3.55453705787659,23389,3.27859997749329,4279,0,4,10,1,0,2.14271092414856,2.12651705741882,2,0,1.55430603332513,0.304929651621251,1.53032224370653,0.0308237556362201,1.5707963267949,0,0.592894315719604,0.592894315719604
10.882,23.4404934,23.415,0,1,0,5.94118976593018,23420,6.56600999832153,4279,0,4,10,0,0,8.22064304351807,8.5693302154541,8,0,1.5620718110638,0.241907999165278,1.53085913698229,0.0259199090960465,1.5707963267949,0,0.455660820007324,0.770779609680176
10.910000000000002,23.4666878,23.443,0,1,0,14.6590280532837,23448,15.2281045913696,4279,0,4,10,7,0,16.592004776001,16.8972854614258,17,0,1.5634140442532,0.00270735510162012,1.53210933132442,0.0674181213471456,1.5707963267949,0,0.808074951171875,0.808074951171875
10.936000000000002,23.4921302,23.469,0,1,0,20.4912071228027,23474,20.622371673584,4279,0,4,10,19,0,21.2271823883057,21.2792186737061,21,0,1.56044195647667,-0.121243798200567,1.53438729279443,0.0949655170284132,1.5707963267949,0,0.289262771606445,0.180984497070313
10.961,23.5175688,23.494,0,1,0,19.9601707458496,23499,19.535530090332,4279,0,4,10,17,0,18.4103469848633,18.1762542724609,18,0,1.55833273289333,-0.0728297474179271,1.53674962320777,0.0826240058322583,1.5707963267949,0,0.0131053924560547,0.0131053924560547
10.987,23.5453406,23.52,0,1,0,12.5638074874878,23527,12.270432472229,4279,0,4,10,12,0,10.5570363998413,10.5570363998413,10,0,1.55977083988197,0.0786442494511448,1.53865942928869,0.0550217302491092,1.5707963267949,0,0.880337238311768,0.671676158905029
11.022,23.5785951,23.555,0,1,0,6.00115299224854,23560,6.04918622970581,4279,0,4,10,8,0,6.22510528564453,6.3412914276123,6,0,1.56533152023805,0.181992265891722,1.53921166237233,1.60987369781651e-05,1.5707963267949,0,0.938045978546143,0.114730358123779
11.052999999999999,23.6083865,23.586,0,1,0,10.217116355896,23591,10.6788787841797,4279,0,4,10,3,0,11.6696710586548,11.9113349914551,12,0,1.56839948181383,0.0796052404275542,1.53927302160385,0.0048229232832,1.5707963267949,0,0.575427055358887,0.814993858337402
11.084999999999999,23.642026,23.618,0,1,0,17.4901504516602,23623,17.6036415100098,4279,0,4,10,8,0,18.4198532104492,18.4198532104492,18,0,1.56724899622291,-0.0619999890004692,1.53939574006688,0.00548848996413653,1.5707963267949,0,0.571781158447266,0.6368408203125
11.112,23.6661348,23.645,0,1,0,19.9893436431885,23650,20.0024948120117,4279,0,4,10,17,0,20.0362205505371,19.9889373779297,19,0,1.56485215124184,-0.0858857882992652,1.53952612843385,0.00286953946647373,1.5707963267949,0,0.549343109130859,0.418468475341797
11.136000000000001,23.6907958,23.669,0,1,0,18.3718166351318,23673,18.2574844360352,4279,0,4,10,22,0,17.5770683288574,17.5770683288574,17,0,1.56398928704865,-0.0335027285359502,1.53957214785748,0.00316238681853065,1.5707963267949,0,0.519386291503906,0.519386291503906
11.160000000000002,23.7152987,23.693,0,1,0,15.3607130050659,23698,15.1485242843628,4279,0,4,10,5,0,14.7099742889404,14.7099742889404,14,0,1.56466040364335,0.0272907439559731,1.53957981776142,6.2811523093842e-08,1.5707963267949,0,0.270208358764648,0.18881893157959
11.185,23.7425125,23.718,0,1,0,13.8140172958374,23723,13.8086166381836,4279,0,4,10,10,0,13.7687826156616,13.7687826156616,13,0,1.56590676303351,0.0427296733996627,1.53957981776142,0,1.5707963267949,0,0.0402097702026367,0.0402097702026367
11.212000000000002,23.7683,23.745,0,1,0,14.4658136367798,23750,14.5828895568848,4279,0,4,10,14,0,14.8226299285889,14.9001741409302,14,0,1.56648200582897,0.0155777044142269,1.53957981776142,0,1.5707963267949,0,0.470879554748535,0.534052848815918
11.238999999999999,23.7948118,23.772,0,1,0,16.1521625518799,23776,16.2155876159668,4279,0,4,10,17,0,16.3877220153809,16.381872177124,16,0,1.56619438443124,-0.0121731564152014,1.5395951575693,0.000131066073663533,1.5707963267949,0,0.577449798583984,0.577449798583984
11.264999999999999,23.8199121,23.798,0,1,0,16.6052589416504,23803,16.549201965332,4279,0,4,10,19,0,16.5394859313965,16.5394859313965,16,0,1.56590676303351,-0.00969940009690617,1.53960282747324,9.21534547160263e-06,1.5707963267949,0,0.380117416381836,0.340604782104492
11.290000000000001,23.8465323,23.823,0,1,0,16.289098739624,23829,16.2389945983887,4279,0,4,10,22,0,16.1060352325439,16.029426574707,16,0,1.56581088923427,-0.00283117959270385,1.53961049737718,6.98308804203407e-06,1.5707963267949,0,0.965767860412598,0.965767860412598
11.317000000000002,23.8732776,23.85,0,1,0,15.7959680557251,23855,15.7652540206909,4279,0,4,10,8,0,15.8732461929321,15.8365650177002,15,0,1.56590676303351,0.00262074615375241,1.53961049737718,7.27595761418343e-12,1.5707963267949,0,0.0426063537597656,0.0803470611572266
11.348,23.9028904,23.881,0,1,0,15.8370094299316,23886,15.9197187423706,4279,0,4,10,8,0,15.8309001922607,15.8390636444092,15,0,1.56581088923427,0.00296404099913161,1.53961816728112,2.68885287368903e-08,1.5707963267949,0,0.991942405700684,0.970324516296387
11.38,23.93822,23.913,0,1,0,15.9725217819214,23918,15.9686880111694,4279,0,4,10,14,0,15.9767732620239,16.0343456268311,15,0,1.56590676303351,0.00381144598031824,1.53962583718506,0.000222430550365971,1.5707963267949,0,0.868298530578613,0.876917839050293
11.408,23.9642245,23.941,0,1,0,15.9751195907593,23946,15.9537191390991,4279,0,4,10,8,0,15.9404745101929,15.9365568161011,15,0,1.56581088923427,0.0041028606974578,1.53962583718506,2.26691554416902e-10,1.5707963267949,0,0.889187812805176,0.890751838684082
11.433000000000002,23.9901738,23.966,0,1,0,15.9750623703003,23971,16.0188121795654,4279,0,4,10,10,0,15.9609231948853,15.9646635055542,15,0,1.56590676303351,0.00264449217866058,1.539633507089,7.69655882777442e-05,1.5707963267949,0,0.878279685974121,0.884261131286621
11.459999999999999,24.0169012,23.993,0,1,0,15.9756879806519,23997,15.9181909561157,4279,0,4,10,8,0,15.846583366394,15.846583366394,15,0,1.56590676303351,0.00165957275771689,1.539633507089,7.86712917033583e-11,1.5707963267949,0,0.964983940124512,0.964983940124512
11.485999999999999,24.0458848,24.019,0,1,0,15.9391450881958,24026,15.8947429656982,4279,0,4,10,7,0,15.913348197937,15.913348197937,15,0,1.56590676303351,-0.00616638960991622,1.53964117699294,4.57098394690547e-08,1.5707963267949,0,0.943535804748535,0.943535804748535
11.520000000000001,24.0762155,24.053,0,1,0,15.8472757339478,24058,15.8442134857178,4279,0,4,10,12,0,15.8366985321045,15.8463649749756,15,0,1.56590676303351,0.00178277017494111,1.53964884689688,1.875660245787e-06,1.5707963267949,0,0.931716918945313,0.926605224609375
11.551,24.1077977,24.084,0,1,0,15.9700632095337,24089,15.9609708786011,4279,0,4,10,10,0,15.8020658493042,15.8020658493042,15,0,1.56590676303351,-0.00850092557561766,1.53965651680082,7.69655882777442e-05,1.5707963267949,0,0.948391914367676,0.948391914367676
11.581999999999999,24.1436204,24.115,0,1,0,15.9103899002075,24120,15.8991661071777,4279,0,4,10,12,0,15.8791799545288,15.8791799545288,15,0,1.56590676303351,0.00212520557511198,1.53966418670476,3.88232931527455e-05,1.5707963267949,0,0.863157272338867,0.86632251739502
11.613999999999999,24.1716952,24.147,0,1,0,15.9689970016479,24152,15.9598817825317,4279,0,4,10,12,0,15.9278888702393,15.9278888702393,15,0,1.56590676303351,0.00179945408081039,1.53966418670476,1.36424205265939e-11,1.5707963267949,0,0.884943962097168,0.884943962097168
11.641,24.1983481,24.174,0,1,0,15.8451461791992,24179,15.8674755096436,4279,0,4,10,10,0,15.9241790771484,15.9904108047485,16,0,1.56590676303351,0.00231900251856132,1.5396718566087,4.18790477851871e-08,1.5707963267949,0,0.88353443145752,0.828238487243652
11.668000000000001,24.2255137,24.201,0,1,0,15.8519601821899,24205,15.8569679260254,4279,0,4,10,14,0,15.8542699813843,15.8593969345093,15,0,1.56590676303351,0.000558953304562237,1.53967952651264,5.4728843679186e-09,1.5707963267949,0,0.994355201721191,0.969969749450684
11.695000000000002,24.2520915,24.228,0,1,0,15.9171590805054,24233,15.9141969680786,4279,0,4,10,8,0,15.882981300354,15.882981300354,15,0,1.56590676303351,0.00144007013477676,1.53968719641658,2.68883013632149e-08,1.5707963267949,0,0.92383861541748,0.983992576599121
11.722,24.2794205,24.255,0,1,0,15.8714914321899,24261,15.8616628646851,4279,0,4,10,19,0,15.8715562820435,15.8621683120728,15,0,1.56581088923427,0.00247569582120377,1.53969486632052,6.49017465548241e-07,1.5707963267949,0,0.853423118591309,0.854737281799316
11.749,24.3052964,24.282,0,1,0,15.9789762496948,24287,15.9516859054565,4279,0,4,10,10,0,15.8092756271362,15.8131303787231,15,0,1.56590676303351,-0.00798859441715649,1.53970253622445,2.66316924353305e-05,1.5707963267949,0,0.89692497253418,0.891327857971191
11.775,24.3328742,24.308,0,1,0,15.8639144897461,24312,15.821605682373,4279,0,4,10,14,0,15.8386535644531,15.842248916626,15,0,1.56590676303351,0.0032561047839863,1.53970253622445,2.70574673777446e-11,1.5707963267949,0,0.807994842529297,0.807994842529297
11.802000000000001,24.3584249,24.335,0,1,0,15.8165254592896,24340,15.8279972076416,4279,0,4,10,24,0,15.8481874465942,15.8481874465942,15,0,1.56581088923427,0.00216256183375663,1.53971020612839,2.42944224737585e-08,1.5707963267949,0,0.92357349395752,0.902764320373535
11.828000000000001,24.3835149,24.361,0,1,0,15.8835515975952,24365,15.8394508361816,4279,0,4,10,19,0,15.8125200271606,15.8194370269775,15,0,1.56590676303351,0.00075967333555127,1.53971020612839,0,1.5707963267949,0,0.887174606323242,0.954028129577637
11.853,24.4092705,24.386,0,1,0,15.8745851516724,24391,15.9205923080444,4279,0,4,10,12,0,15.8149690628052,15.8206777572632,15,0,1.56590676303351,0.00100377597459556,1.53971787603233,1.56657008574257e-05,1.5707963267949,0,0.873482704162598,0.873871803283691
11.88,24.4382963,24.413,0,1,0,15.8774766921997,24418,15.874119758606,4279,0,4,10,17,0,15.9648351669312,15.9733819961548,15,0,1.56590676303351,0.00227872383061367,1.53971787603233,3.41060513164848e-12,1.5707963267949,0,0.781521797180176,0.858745574951172
11.911,24.470228,24.444,0,1,0,15.8194665908813,24452,15.8303346633911,4279,0,4,10,12,0,15.8097324371338,15.8145599365234,15,0,1.56590676303351,0.00031124009319683,1.53972554593627,2.66316915258358e-05,1.5707963267949,0,0.904948234558105,0.900195121765137
11.94,24.4970166,24.473,0,1,0,15.8844900131226,24478,15.87841796875,4279,0,4,10,7,0,15.8381128311157,15.8415050506592,15,0,1.56590676303351,0.000372743343632465,1.53972554593627,1.61435309564695e-11,1.5707963267949,0,0.929995536804199,0.919533729553223
11.971000000000002,24.5274197,24.504,0,1,0,15.7642602920532,24509,15.7732200622559,4279,0,4,10,14,0,15.7937459945679,15.8013458251953,15,0,1.56590676303351,0.000760782618499434,1.53973321584021,1.32102059069439e-07,1.5707963267949,0,0.83542537689209,0.906400680541992
12.004,24.559132,24.537,0,1,0,15.8173151016235,24541,15.815936088562,4279,0,4,10,15,0,15.8503541946411,15.8503541946411,15,0,1.56590676303351,0.00124859964671487,1.53974088574415,1.3587448393082e-06,1.5707963267949,0,0.848507881164551,0.849331855773926
12.033,24.5879043,24.566,0,1,0,15.8455991744995,24570,15.8404130935669,4279,0,4,10,10,0,15.8009386062622,15.8009386062622,15,0,1.56590676303351,0.00141414614950008,1.53974855564809,1.10332962321991e-06,1.5707963267949,0,0.801671028137207,0.801671028137207
12.064000000000002,24.6203934,24.597,0,1,0,15.8459968566895,24602,15.8343067169189,4279,0,4,10,8,0,15.8132238388062,15.8236436843872,15,0,1.56590676303351,0.00201015406423721,1.53975622555203,6.98308281243953e-06,1.5707963267949,0,0.873953819274902,0.868199348449707
12.097,24.65249,24.63,0,1,0,15.8462066650391,24635,15.8093490600586,4279,0,4,10,12,0,15.73646068573,15.73646068573,15,0,1.56590676303351,0.000800021467057377,1.53977923526385,0.00190308178571286,1.5707963267949,0,0.758069038391113,0.763982772827148
12.122000000000002,24.6798088,24.655,0,1,0,15.8113021850586,24661,15.7606954574585,4279,0,4,10,17,0,15.6834087371826,15.6834087371826,15,0,1.56590676303351,0.000486469803718137,1.53983292459143,0.00408639985948867,1.5707963267949,0,0.707715034484863,0.707715034484863
12.15,24.7068851,24.683,0,1,0,15.6354751586914,24688,15.6359701156616,4279,0,4,10,7,0,15.5986671447754,15.5863904953003,15,0,1.56590676303351,0.000107500054355114,1.5399249634387,0.0048342988868626,1.5707963267949,0,0.587026596069336,0.580328941345215
12.176,24.7358873,24.709,0,1,0,15.6164236068726,24714,15.6264486312866,4279,0,4,10,8,0,15.6293344497681,15.6205148696899,15,0,1.56590676303351,5.90790955357079e-06,1.53998632267021,0.00358776967436825,1.5707963267949,0,0.590889930725098,0.590889930725098
12.206000000000001,24.7639322,24.739,0,1,0,15.564136505127,24744,15.5483112335205,4279,0,4,10,17,0,15.5286569595337,15.5140085220337,15,0,1.56590676303351,3.58844772563316e-07,1.54007836151749,0.00482547901947328,1.5707963267949,0,0.481160163879395,0.481160163879395
12.232999999999999,24.7909797,24.766,0,1,0,15.5196237564087,24771,15.5291910171509,4279,0,4,10,12,0,15.5409202575684,15.5439329147339,15,0,1.56590676303351,2.66240931523498e-08,1.54012438094112,0.00188521026529997,1.5707963267949,0,0.54132080078125,0.545114517211914
12.26,24.817658,24.793,0,1,0,15.5379552841187,24798,15.5446739196777,4279,0,4,10,8,0,15.5360822677612,15.5324211120605,15,0,1.56590676303351,1.61708157975227e-09,1.540139720749,7.7348493732643e-05,1.5707963267949,0,0.525314331054688,0.523776054382324
12.287,24.8447893,24.82,0,1,0,15.5373544692993,24826,15.5214014053345,4279,0,4,10,12,0,15.5426874160767,15.5482263565063,15,0,1.56590676303351,1.08684616861865e-10,1.54016273046082,0.00185886745066455,1.5707963267949,0,0.517020225524902,0.516034126281738
12.315,24.8704932,24.848,0,1,0,15.5155668258667,24853,15.4963674545288,4279,0,4,10,7,0,15.5085229873657,15.5122928619385,15,0,1.56590676303351,8.18545231595635e-12,1.54018574017264,0.00186736231421492,1.5707963267949,0,0.498324394226074,0.501373291015625
12.344,24.9012763,24.877,0,1,0,15.4960737228394,24882,15.499135017395,4279,0,4,10,8,0,15.4825811386108,15.4825811386108,15,0,1.56590676303351,4.54747350886464e-13,1.54020874988446,4.54093308235315e-05,1.5707963267949,0,0.478317260742188,0.47517204284668
12.375000000000002,24.9327261,24.908,0,1,0,15.4792709350586,24913,15.4585609436035,4279,0,4,10,14,0,15.4736890792847,15.4767398834229,15,0,1.56590676303351,0,1.54023175959628,0.0031614624579106,1.5707963267949,0,0.460737228393555,0.459789276123047
12.408,24.9651164,24.941,0,1,0,15.4543209075928,24945,15.456976890564,4279,0,4,10,1,0,15.4841547012329,15.4860754013062,15,0,1.56590676303351,0,1.54024709940415,3.81853396902443e-07,1.5707963267949,0,0.488755226135254,0.488768577575684
12.434,24.9902985,24.967,0,1,0,15.4698133468628,24973,15.4753360748291,4279,0,4,10,19,0,15.4826736450195,15.4828882217407,15,0,1.56590676303351,0,1.54025476930809,7.77074546931544e-08,1.5707963267949,0,0.483231544494629,0.483231544494629
12.459000000000001,25.0161252,24.992,0,1,0,15.4520893096924,24997,15.4641304016113,4279,0,4,10,14,0,15.4766159057617,15.4769811630249,15,0,1.56590676303351,0,1.54026243921203,7.7707227319479e-08,1.5707963267949,0,0.477544784545898,0.477544784545898
12.485000000000001,25.0442599,25.018,0,1,0,15.4775619506836,25023,15.4775619506836,4279,0,4,10,10,0,15.4375677108765,15.4401636123657,15,0,1.56590676303351,0,1.54027010911597,9.21511809792719e-06,1.5707963267949,0,0.471031188964844,0.471415519714355
12.514000000000001,25.0704184,25.047,0,1,0,15.4719791412354,25052,15.4719762802124,4279,0,4,10,14,0,15.4719762802124,15.4719762802124,15,0,1.56590676303351,0,1.54027010911597,9.77706804405898e-12,1.5707963267949,0,0.471977233886719,0.471977233886719
12.540000000000001,25.0975566,25.073,0,1,0,15.4409122467041,25078,15.4529552459717,4279,0,4,10,19,0,15.4654302597046,15.4658193588257,15,0,1.56590676303351,0,1.54027777901991,7.7707227319479e-08,1.5707963267949,0,0.466373443603516,0.466374397277832
12.567000000000002,25.1249509,25.1,0,1,0,15.4663715362549,25105,15.4663715362549,4279,0,4,10,28,0,15.4663715362549,15.4663715362549,15,0,1.56590676303351,0,1.54027777901991,-0.00206539444570808,1.5707963267949,0,0.439295768737793,0.439295768737793
12.594,25.1507868,25.127,0,1,0,15.4585819244385,25132,15.4599552154541,4279,0,4,10,19,0,15.4606370925903,15.460657119751,15,0,1.56590676303351,0,1.54028544892385,4.23460733145475e-09,1.5707963267949,0,0.460680961608887,0.46068000793457
12.62,25.1766304,25.153,0,1,0,15.4606819152832,25158,15.4606819152832,4279,0,4,10,3,0,15.4606819152832,15.4606819152832,15,0,1.56590676303351,0,1.54028544892385,0,1.5707963267949,0,0.460681915283203,0.460681915283203
12.645999999999999,25.2019782,25.179,0,1,0,15.4270553588867,25183,15.4323053359985,4279,0,4,10,17,0,15.4534921646118,15.4541616439819,15,0,1.56590676303351,0,1.54029311882779,2.24573568630149e-07,1.5707963267949,0,0.455102920532227,0.455102920532227
12.671000000000001,25.2270112,25.204,0,1,0,15.4551086425781,25209,15.4551076889038,4279,0,4,10,7,0,15.4551076889038,15.4551076889038,15,0,1.56590676303351,0,1.54029311882779,2.27373675443232e-13,1.5707963267949,0,0.455107688903809,0.455107688903809
12.701000000000002,25.2586683,25.234,0,1,0,15.4497871398926,25239,15.4573249816895,4279,0,4,10,19,0,15.4283027648926,15.4298963546753,15,0,1.56590676303351,-0.000651545399477982,1.54030078873173,1.70178509506513e-07,1.5707963267949,0,0.474761009216309,0.472368240356445
12.731,25.2875172,25.264,0,1,0,15.4550981521606,25269,15.454553604126,4279,0,4,10,3,0,15.4189195632935,15.4189195632935,15,0,1.56590676303351,-0.000589284498573761,1.54030078873173,0,1.5707963267949,0,0.472357749938965,0.470173835754395
12.763,25.3188566,25.296,0,1,0,15.3577175140381,25301,15.4177627563477,4279,0,4,10,8,0,15.4895353317261,15.4895353317261,15,0,1.56590676303351,-0.000543773152458016,1.54030845863567,3.8177472561074e-07,1.5707963267949,0,0.467180252075195,0.464959144592285
12.795,25.3513669,25.328,0,1,0,15.4653120040894,25333,15.4632711410522,4279,0,4,10,24,0,15.4545049667358,15.4545049667358,15,0,1.56590676303351,-0.0001231762119005,1.54030845863567,0,1.5707963267949,0,0.415103912353516,0.416729927062988
12.821,25.3777863,25.354,0,1,0,15.4300479888916,25358,15.436692237854,4279,0,4,10,19,0,15.3967771530151,15.3977785110474,15,0,1.56590676303351,-0.000960883513471344,1.54031612853961,4.52738756848703e-05,1.5707963267949,0,0.390296936035156,0.3992919921875
12.847,25.4028843,25.38,0,1,0,15.4795694351196,25385,15.4744100570679,4279,0,4,10,17,0,15.4324140548706,15.4466886520386,15,0,1.56590676303351,-0.00235983969923836,1.54031612853961,4.59294824395329e-11,1.5707963267949,0,0.39697265625,0.377689361572266
12.872000000000002,25.4319889,25.405,0,1,0,15.4135770797729,25410,15.3938636779785,4279,0,4,10,19,0,15.5237560272217,15.5168142318726,15,0,1.56590676303351,-0.00144564110019019,1.54032379844355,0.00185776219973377,1.5707963267949,0,0.33696460723877,0.33696460723877
12.902,25.4583023,25.435,0,1,0,15.3568811416626,25440,15.4003982543945,4279,0,4,10,14,0,15.4303607940674,15.4896955490112,15,0,1.56600263683275,0.00526915655177618,1.54032379844355,3.05485627905e-08,1.5707963267949,0,0.545430183410645,0.535701751708984
12.927000000000001,25.4832346,25.46,0,1,0,15.4149341583252,25465,15.4299373626709,4279,0,4,10,22,0,15.4013080596924,15.4609279632568,15,0,1.56600263683275,0.00426391545829574,1.54032379844355,0,1.5707963267949,0,0.425223350524902,0.425223350524902
12.953000000000001,25.5091187,25.486,0,1,0,15.5424585342407,25490,15.4092855453491,4279,0,4,10,14,0,15.3822565078735,15.3843107223511,15,0,1.56600263683275,0.00414129143359787,1.54033146834749,0.00100121224386385,1.5707963267949,0,0.302467346191406,0.302467346191406
12.979000000000001,25.537492,25.512,0,1,0,15.4922857284546,25517,15.3816328048706,4279,0,4,10,19,0,15.4029273986816,15.3626546859741,15,0,1.56590676303351,0.00346238281258593,1.54033146834749,2.07592165679671e-10,1.5707963267949,0,0.525527000427246,0.502875328063965
13.013,25.5694925,25.546,0,1,0,15.3591032028198,25550,15.3598775863647,4279,0,4,10,7,0,15.4029664993286,15.4098644256592,15,0,1.56600263683275,0.00131348877766868,1.54033913825143,7.77040440880228e-08,1.5707963267949,0,0.429717063903809,0.42505931854248
13.043000000000001,25.599191,25.576,0,1,0,15.4047155380249,25581,15.4087724685669,4279,0,4,10,12,0,15.4938974380493,15.4938974380493,15,0,1.56600263683275,0.000991381781204836,1.54034680815537,0.00185776219996114,1.5707963267949,0,0.382746696472168,0.382746696472168
13.074,25.6301191,25.607,0,1,0,15.4337797164917,25612,15.4352588653564,4279,0,4,10,3,0,15.4373741149902,15.4377765655518,15,0,1.56600263683275,0.000957322309659503,1.54034680815537,3.48109097103588e-10,1.5707963267949,0,0.458830833435059,0.458830833435059
13.107999999999999,25.6628082,25.641,0,1,0,15.4355239868164,25645,15.4013261795044,4279,0,4,10,19,0,15.3927698135376,15.4001531600952,15,0,1.56600263683275,0.000219413738705043,1.54035447805931,1.35804079945956e-05,1.5707963267949,0,0.42425537109375,0.426129341125488
13.132,25.6867279,25.665,0,1,0,15.4325742721558,25670,15.4332075119019,4279,0,4,10,17,0,15.4343338012695,15.4344930648804,15,0,1.56600263683275,1.98850195829436e-05,1.54035447805931,4.00177668780088e-11,1.5707963267949,0,0.43521785736084,0.435288429260254
13.156,25.710981,25.689,0,1,0,15.4357385635376,25693,15.4897489547729,4279,0,4,10,19,0,15.4548196792603,15.4518461227417,15,0,1.56600263683275,0.0003725761662281,1.54036214796325,0.000642824290707722,1.5707963267949,0,0.426051139831543,0.426051139831543
13.180000000000001,25.7380182,25.713,0,1,0,15.4047451019287,25718,15.4095735549927,4279,0,4,10,8,0,15.4178524017334,15.4201459884644,15,0,1.56600263683275,0.000119063939564512,1.54036214796325,6.55290932627395e-10,1.5707963267949,0,0.425839424133301,0.425839424133301
13.206999999999999,25.7637842,25.74,0,1,0,15.4287595748901,25744,15.4289245605469,4279,0,4,10,12,0,15.4296188354492,15.4297046661377,15,0,1.56600263683275,8.83380153027247e-06,1.54036214796325,0,1.5707963267949,0,0.430085182189941,0.430123329162598
13.234,25.7904821,25.767,0,1,0,15.393346786499,25771,15.3969697952271,4279,0,4,10,3,0,15.4201211929321,15.4220132827759,15,0,1.56600263683275,6.55412804917432e-07,1.54036981786718,3.8177472561074e-07,1.5707963267949,0,0.424705505371094,0.424721717834473
13.261000000000001,25.8168794,25.794,0,1,0,15.4247646331787,25798,15.4247674942017,4279,0,4,10,7,0,15.4247617721558,15.4247598648071,15,0,1.56600263683275,4.39981704403181e-08,1.54036981786718,4.54747350886464e-13,1.5707963267949,0,0.424759864807129,0.424762725830078
13.287,25.8443668,25.82,0,1,0,15.4247636795044,25824,15.4247665405273,4279,0,4,10,12,0,15.4028005599976,15.4028005599976,15,0,1.56600263683275,2.95381141768303e-09,1.54037748777112,0.000286542885532981,1.5707963267949,0,0.394180297851563,0.403414726257324
13.314000000000002,25.8708896,25.847,0,1,0,15.4191808700562,25852,15.4192409515381,4279,0,4,10,15,0,15.419264793396,15.419264793396,15,0,1.56600263683275,1.98269844986498e-10,1.54037748777112,1.71894498635083e-10,1.5707963267949,0,0.419270515441895,0.419271469116211
13.340000000000002,25.896418,25.873,0,1,0,15.4192714691162,25878,15.4192714691162,4279,0,4,10,15,0,15.4192714691162,15.4192714691162,15,0,1.56600263683275,1.63709046319127e-11,1.54037748777112,0,1.5707963267949,0,0.419271469116211,0.419271469116211
13.365,25.9226842,25.898,0,1,0,15.3860349655151,25903,15.3912410736084,4279,0,4,10,1,0,15.4121589660645,15.4128198623657,15,0,1.56600263683275,9.09494701772928e-13,1.54038515767506,1.32101831695763e-07,1.5707963267949,0,0.413741111755371,0.413756370544434
13.392999999999999,25.9496733,25.926,0,1,0,15.413761138916,25930,15.413761138916,4279,0,4,10,7,0,15.413761138916,15.413761138916,15,0,1.56600263683275,0,1.54038515767506,0,1.5707963267949,0,0.413761138916016,0.413761138916016
13.433000000000002,25.9906966,25.966,0,1,0,15.4063549041748,25972,15.4118661880493,4279,0,4,10,7,0,15.3826627731323,15.3916015625,15,0,1.56600263683275,0,1.540392827579,7.63491357247403e-06,1.5707963267949,0,0.40735912322998,0.407679557800293
13.465000000000002,26.0217322,25.998,0,1,0,15.4081354141235,26002,15.4081354141235,4279,0,4,10,7,0,15.4081392288208,15.4081392288208,15,0,1.56600263683275,0,1.540392827579,6.82121026329696e-13,1.5707963267949,0,0.408139228820801,0.408139228820801
13.497000000000002,26.054236,26.03,0,1,0,15.3801212310791,26035,15.3893976211548,4279,0,4,10,10,0,15.4021024703979,15.4021024703979,15,0,1.56600263683275,0,1.54040049748294,7.7707227319479e-08,1.5707963267949,0,0.402642250061035,0.402642250061035
13.523000000000001,26.0804336,26.056,0,1,0,15.4026479721069,26061,15.4026479721069,4279,0,4,10,12,0,15.4026479721069,15.4026479721069,15,0,1.56600263683275,0,1.54040816738688,0.00109280129413492,1.5707963267949,0,0.369415283203125,0.372003555297852
13.549000000000001,26.1059945,26.082,0,1,0,15.3968257904053,26087,15.3970346450806,4279,0,4,10,19,0,15.3971462249756,15.3971490859985,15,0,1.56600263683275,0,1.54040816738688,1.11390363599639e-09,1.5707963267949,0,0.397146224975586,0.397144317626953
13.575000000000001,26.1343561,26.108,0,1,0,15.397144317627,26113,15.3744115829468,4279,0,4,10,17,0,15.3638296127319,15.3664102554321,15,0,1.56600263683275,0,1.54041583729082,1.87566001841333e-06,1.5707963267949,0,0.390637397766113,0.390637397766113
13.604000000000001,26.1617129,26.137,0,1,0,15.3814344406128,26142,15.3833227157593,4279,0,4,10,10,0,15.3859167098999,15.3859624862671,15,0,1.56600263683275,0,1.5404311770987,0.000378141240616969,1.5707963267949,0,0.355362892150879,0.357975006103516
13.636000000000001,26.1932391,26.169,0,1,0,15.35240650177,26174,15.3616828918457,4279,0,4,10,8,0,15.3736753463745,15.3736753463745,15,0,1.56600263683275,0,1.54044651690658,0.000222508284878131,1.5707963267949,0,0.356141090393066,0.356141090393066
13.667,26.2249779,26.2,0,1,0,15.3325099945068,26205,15.3361196517944,4279,0,4,10,14,0,15.3592920303345,15.3611831665039,15,0,1.56600263683275,0,1.54046185671446,0.00185814398400908,1.5707963267949,0,0.324433326721191,0.326906204223633
13.699,26.2558775,26.232,0,1,0,15.3137979507446,26237,15.3155298233032,4279,0,4,10,5,0,15.3066930770874,15.3046503067017,15,0,1.56600263683275,0,1.54049253633022,0.00193583447048695,1.5707963267949,0,0.294506072998047,0.299450874328613
13.725,26.2820503,26.258,0,1,0,15.233323097229,26263,15.2303667068481,4279,0,4,10,19,0,15.2068815231323,15.1887359619141,15,0,1.56600263683275,0,1.54056156546567,0.00283339174302455,1.5707963267949,0,0.158099174499512,0.149802207946777
13.751,26.3072597,26.284,0,1,0,15.1694068908691,26289,15.1723299026489,4279,0,4,10,12,0,15.2156381607056,15.2156381607056,15,0,1.56600263683275,0,1.54061525479325,0.000660920630934925,1.5707963267949,0,0.218392372131348,0.154948234558105
13.776000000000002,26.3342478,26.309,0,1,0,15.1283254623413,26314,15.1106853485107,4279,0,4,10,24,0,15.038459777832,15.0643720626831,15,0,1.566098510632,0.00279708256243794,1.54062292469719,1.10356268123724e-06,1.5707963267949,0,0.168451309204102,0.168451309204102
13.802999999999999,26.3601919,26.336,0,1,0,15.1981010437012,26341,15.2098798751831,4279,0,4,10,24,0,15.2424955368042,15.2448530197144,15,0,1.566098510632,0.00018776959382194,1.54063059460113,2.24575614993228e-07,1.5707963267949,0,0.254776000976563,0.254776000976563
13.828999999999999,26.3867379,26.362,0,1,0,15.2369222640991,26367,15.2271661758423,4279,0,4,10,14,0,15.232871055603,15.242241859436,15,0,1.566098510632,1.39313324325485e-05,1.54063826450506,1.875660245787e-06,1.5707963267949,0,0.255934715270996,0.256065368652344
13.856,26.41367,26.389,0,1,0,15.25648021698,26393,15.2564945220947,4279,0,4,10,17,0,15.2565755844116,15.2565927505493,15,0,1.566098510632,8.46184775582515e-07,1.540645934409,0.000378131936713544,1.5707963267949,0,0.22598934173584,0.228596687316895
13.882,26.4410877,26.415,0,1,0,15.2509698867798,26420,15.251015663147,4279,0,4,10,12,0,15.2510805130005,15.2510786056519,15,0,1.566098510632,6.27817371423589e-08,1.540645934409,-0.00121493768256187,1.5707963267949,0,0.224623680114746,0.219480514526367
13.915000000000001,26.4733721,26.448,0,1,0,15.2454881668091,26453,15.2455520629883,4279,0,4,10,15,0,15.245584487915,15.245584487915,15,0,1.566098510632,2.31261765293311e-09,1.54066127421688,0.00109280146944002,1.5707963267949,0,0.212475776672363,0.212475776672363
13.946,26.502507,26.479,0,1,0,15.2400493621826,26483,15.2400817871094,4279,0,4,10,10,0,15.2401094436646,15.2401113510132,15,0,1.566098510632,1.2732925824821e-10,1.54066894412082,0.00315819596653455,1.5707963267949,0,0.200930595397949,0.203347206115723
13.977000000000002,26.5359938,26.51,0,1,0,15.2345113754272,26515,15.2345209121704,4279,0,4,10,14,0,15.2019729614258,15.1967363357544,15,0,1.566098510632,5.6843418860808e-12,1.54067661402476,2.66317374553182e-05,1.5707963267949,0,0.226351737976074,0.227458000183105
14.005,26.5626983,26.538,0,1,0,15.2290391921997,26543,15.2290439605713,4279,0,4,10,1,0,15.2290410995483,15.2290410995483,15,0,1.566098510632,2.27373675443232e-13,1.5406842839287,0.00185776222701861,1.5707963267949,0,0.189837455749512,0.195826530456543
14.032000000000002,26.5888723,26.565,0,1,0,15.0998468399048,26570,15.1220388412476,4279,0,4,10,8,0,15.1674604415894,15.1544561386108,15,0,1.566098510632,-0.0026474790715838,1.5406842839287,1.11367626232095e-09,1.5707963267949,0,0.165652275085449,0.13361644744873
14.058000000000002,26.6145989,26.591,0,1,0,15.1623516082764,26596,15.2353687286377,4279,0,4,10,12,0,15.18932056427,15.1840353012085,15,0,1.56619438443124,0.00461888670815824,1.54069195383264,1.58167949848576e-08,1.5707963267949,0,0.136317253112793,0.143723487854004
14.083,26.6425686,26.616,0,1,0,15.1935625076294,26622,15.1952791213989,4279,0,4,10,12,0,15.2149877548218,15.2149877548218,15,0,1.56619438443124,0.00181516061616094,1.54069962373658,7.7707227319479e-08,1.5707963267949,0,0.199621200561523,0.196935653686523
14.110999999999999,26.6669328,26.644,0,1,0,15.1455612182617,26649,15.1168241500854,4279,0,4,10,12,0,15.1744890213013,15.1744890213013,15,0,1.56619438443124,0.000610414821494487,1.54070729364052,1.10332985059358e-06,1.5707963267949,0,0.205785751342773,0.208325386047363
14.136000000000001,26.69174,26.669,0,1,0,15.2235012054443,26673,15.2243328094482,4279,0,4,10,10,0,15.2274589538574,15.2274589538574,15,0,1.56619438443124,5.53206502900139e-05,1.54070729364052,0.00289350338653094,1.5707963267949,0,0.194890022277832,0.193806648254395
14.161,26.7167782,26.694,0,1,0,15.2252349853516,26699,15.2256536483765,4279,0,4,10,12,0,15.2263784408569,15.2264308929443,15,0,1.56619438443124,4.10444727094728e-06,1.54071496354446,5.0142716645496e-09,1.5707963267949,0,0.226622581481934,0.226641654968262
14.186000000000002,26.743325,26.719,0,1,0,15.1987771987915,26725,15.2166929244995,4279,0,4,10,1,0,15.2209596633911,15.2210903167725,15,0,1.56619438443124,3.04524292005226e-07,1.5407226334484,4.57102942164056e-08,1.5707963267949,0,0.221314430236816,0.221314430236816
14.226,26.7834129,26.759,0,1,0,15.2157278060913,26764,15.2157392501831,4279,0,4,10,26,0,15.215744972229,15.2157411575317,15,0,1.56619438443124,5.56815393792931e-09,1.54073030335234,2.70574673777446e-11,1.5707963267949,0,0.183154106140137,0.183154106140137
14.258000000000001,26.8149776,26.791,0,1,0,15.2101354598999,26796,15.2102079391479,4279,0,4,10,10,0,15.2102499008179,15.2102546691895,15,0,1.56619438443124,2.26464180741459e-10,1.54073797325628,3.85398379876278e-10,1.5707963267949,0,0.210259437561035,0.210259437561035
14.290000000000001,26.8486568,26.823,0,1,0,15.1796541213989,26828,15.191520690918,4279,0,4,10,10,0,15.2038106918335,15.2038106918335,15,0,1.56619438443124,1.02318153949454e-11,1.54074564316022,4.57100668427302e-08,1.5707963267949,0,0.204756736755371,0.204758644104004
14.318,26.8749545,26.851,0,1,0,15.2047529220581,26856,15.2047529220581,4279,0,4,10,12,0,15.2047529220581,15.2047529220581,15,0,1.56619438443124,6.82121026329696e-13,1.54074564316022,0,1.5707963267949,0,0.204752922058105,0.204752922058105
14.344,26.8995977,26.877,0,1,0,15.1740741729736,26882,15.1766805648804,4279,0,4,10,7,0,15.1975965499878,15.1982412338257,15,0,1.56619438443124,0,1.54075331306416,2.24573568630149e-07,1.5707963267949,0,0.199163436889648,0.199170112609863
14.369000000000002,26.9252663,26.902,0,1,0,15.1991767883301,26907,15.1991758346558,4279,0,4,10,1,0,15.1991758346558,15.1991758346558,15,0,1.56619438443124,0,1.54075331306416,2.27373675443232e-13,1.5707963267949,0,0.176606178283691,0.166573524475098
14.4,26.956964,26.933,0,1,0,15.1935729980469,26938,15.193639755249,4279,0,4,10,5,0,15.1936779022217,15.1936779022217,15,0,1.56619438443124,0,1.5407609829681,3.85625753551722e-10,1.5707963267949,0,0.193680763244629,0.193680763244629
14.432,26.9869738,26.965,0,1,0,15.191704750061,26970,15.1743211746216,4279,0,4,10,7,0,15.1635751724243,15.1635751724243,15,0,1.56619438443124,0,1.54076865287204,3.29949230035709e-05,1.5707963267949,0,0.184854507446289,0.186237335205078
14.464,27.020221,26.997,0,1,0,15.1881952285767,27001,15.1874513626099,4279,0,4,10,7,0,15.1667604446411,15.1616182327271,15,0,1.56619438443124,0,1.54077632277597,5.95490155319567e-05,1.5707963267949,0,0.172370910644531,0.176578521728516
14.496,27.0519086,27.029,0,1,0,15.1548471450806,27034,15.1486959457397,4279,0,4,10,3,0,15.160059928894,15.160059928894,15,0,1.56619438443124,0,1.54078399267991,2.41629413721967e-06,1.5707963267949,0,0.176688194274902,0.176867485046387
14.520999999999999,27.0776692,27.054,0,1,0,15.1771125793457,27059,15.1771116256714,4279,0,4,10,5,0,15.1444654464722,15.1392393112183,15,0,1.56619438443124,0,1.54079166258385,7.69655928252178e-05,1.5707963267949,0,0.163801193237305,0.167012214660645
14.546000000000001,27.1034385,27.079,0,1,0,15.1715593338013,27083,15.1715717315674,4279,0,4,10,12,0,15.1347827911377,15.138373374939,15,0,1.56619438443124,0,1.54079933248779,9.21519654184522e-06,1.5707963267949,0,0.165122985839844,0.165122985839844
14.572000000000001,27.1307116,27.105,0,1,0,15.1472883224487,27110,15.1527395248413,4279,0,4,10,14,0,15.1210031509399,15.1210031509399,15,0,1.56619438443124,0,1.54081467229567,2.66774179635831e-05,1.5707963267949,0,0.114821434020996,0.117611885070801
14.6,27.1562197,27.133,0,1,0,15.080304145813,27138,15.0818338394165,4279,0,4,10,14,0,15.084282875061,15.0920972824097,15,0,1.56619438443124,0,1.54086069171931,0.00226462929595073,1.5707963267949,0,0.0372858047485352,0.0337629318237305
14.625000000000002,27.1813265,27.158,0,1,0,14.9502000808716,27163,14.9397134780884,4279,0,4,10,8,0,14.9672327041626,14.8868761062622,14,0,1.56619438443124,0.00723878774510922,1.5409373907587,0.00141609036472801,1.5707963267949,0,0.833004951477051,0.833004951477051
14.65,27.2075243,27.183,0,1,0,14.8382215499878,27189,14.8612689971924,4279,0,4,10,10,0,14.9204378128052,14.9413461685181,14,0,1.56629025823048,0.000796674233697559,1.54099108008628,0.00339864986608518,1.5707963267949,0,0.960003852844238,0.960003852844238
14.676,27.234801,27.209,0,1,0,14.9569654464722,27214,14.9576616287231,4279,0,4,10,12,0,14.9775495529175,14.9785318374634,14,0,1.56629025823048,5.34811520083167e-05,1.54102942960598,4.65271616576501e-05,1.5707963267949,0,0.99623966217041,0.988402366638184
14.714,27.2713537,27.247,0,1,0,14.9919557571411,27251,15.0065507888794,4279,0,4,10,17,0,14.9472513198853,14.9393529891968,14,0,1.56629025823048,-0.000674754444389691,1.54105243931779,0.000222476306817043,1.5707963267949,0,0.929476737976074,0.885583877563477
14.744000000000002,27.3014314,27.277,0,1,0,14.9168224334717,27282,14.8914003372192,4279,0,4,10,12,0,14.9496355056763,14.9496355056763,14,0,1.56638613202973,0.00169859550624096,1.54105243931779,1.5688783605583e-11,1.5707963267949,0,0.945731163024902,0.945731163024902
14.774,27.3314959,27.307,0,1,0,15.0136518478394,27313,15.0151872634888,4279,0,4,10,17,0,15.0206289291382,15.0206289291382,14,0,1.56638613202973,8.44632381813426e-05,1.54106777912567,0.000222431664269607,1.5707963267949,0,0.997662544250488,0.997662544250488
14.807,27.3636937,27.34,0,1,0,14.9949254989624,27345,15.0095615386963,4279,0,4,10,7,0,14.994532585144,14.994532585144,14,0,1.56638613202973,3.11102326122636e-06,1.54108311893355,0.000130919216644543,1.5707963267949,0,0.999093055725098,0.00449275970458984
14.833,27.3899003,27.366,0,1,0,14.9819383621216,27372,14.9845056533813,4279,0,4,10,14,0,14.9661750793457,14.9696626663208,14,0,1.56638613202973,2.30818841373548e-07,1.54109845874143,2.68563985628134e-05,1.5707963267949,0,0.998658180236816,0.999763488769531
14.857999999999999,27.4167786,27.391,0,1,0,14.9736814498901,27396,14.9874887466431,4279,0,4,10,10,0,14.9429903030396,14.9356718063354,14,0,1.56638613202973,1.54948338604299e-08,1.54112146845325,0.00329448480192696,1.5707963267949,0,0.933411598205566,0.937206268310547
14.886000000000001,27.4434305,27.419,0,1,0,14.9001684188843,27423,14.8999490737915,4279,0,4,10,10,0,14.8538150787354,14.8552885055542,14,0,1.56638613202973,1.14960130304098e-09,1.5411904975887,0.00233519930588955,1.5707963267949,0,0.844819068908691,0.844819068908691
14.912,27.4695615,27.445,0,1,0,14.7999401092529,27450,14.7878818511963,4279,0,4,10,7,0,14.747878074646,14.7507209777832,14,0,1.56638613202973,8.5265128291212e-11,1.54129020633992,0.00685545418764377,1.5707963267949,0,0.676579475402832,0.676579475402832
14.939000000000002,27.4956425,27.472,0,1,0,14.3465118408203,27476,14.3624753952026,4279,0,4,10,14,0,14.4190502166748,14.4252347946167,14,0,1.56648200582897,0.00159946637768371,1.54146661413052,0.00914626157100429,1.5707963267949,0,0.426936149597168,0.426936149597168
14.964,27.5213712,27.497,0,1,0,14.2566919326782,27502,14.191707611084,4279,0,4,10,12,0,13.9856672286987,13.9934825897217,14,0,1.56657787962821,0.00330858056463512,1.54172739086446,0.0143551016774381,1.5707963267949,0,0.0366668701171875,0.967302322387695
14.994000000000002,27.5509919,27.527,0,1,0,13.7416677474976,27532,13.5983648300171,4279,0,4,10,7,0,13.4409646987915,13.4181146621704,13,0,1.5667696272267,0.0134302422741257,1.54220292490871,0.0179766094988736,0.785398163397448,0,0.303840637207031,0.570831298828125
15.019,27.5765748,27.552,0,1,0,-113.002571105957,27557,-113.002777099609,4279,0,4,10,-108,0,-113.00373840332,-113.003890991211,-114,0,1.56705724862443,0.00674799503690338,1.54056923536961,-0.152395088494586,0.785398163397448,0,0.995338439941406,0.995246887207031
15.045,27.6013198,27.578,0,1,0,-113.005714416504,27582,-113.005798339844,4279,0,4,10,-112,0,-113.00617980957,-113.006256103516,-114,0,1.56648200582897,-0.0312562807771428,1.53543039973019,-0.232753174584104,0.785398163397448,0,0.993377685546875,0.993331909179688
15.070000000000002,27.6260973,27.603,0,1,0,-113.007202148438,27607,-113.007263183594,4279,0,4,10,-110,0,-113.007476806641,-113.007514953613,-114,0,1.5634140442532,-0.147598639251783,1.52924078725107,-0.270749734912442,0.785398163397448,0,0.9921875,0.992149353027344
15.102000000000002,27.6591345,27.635,0,1,0,-113.008613586426,27640,-113.008712768555,4279,0,4,10,-108,0,-113.008987426758,-113.00902557373,-114,0,1.55305967393497,-0.377007398525848,1.51968408694255,-0.301104361767102,0.785398163397448,0,0.990707397460938,0.99066162109375
15.133000000000001,27.6890559,27.666,0,1,0,-113.009643554688,27671,-113.009651184082,4279,0,4,10,-103,0,-113.009704589844,-113.009704589844,-114,0,1.53934972064324,-0.506090225416528,1.51032680413644,-0.321349621421859,0.785398163397448,0,0.990226745605469,0.990219116210938
15.164,27.7220493,27.697,0,1,0,-113.009963989258,27701,-113.01000213623,4279,0,4,10,-115,0,-113.010131835938,-113.010131835938,-114,0,1.52343466996893,-0.485016829912865,1.49922078323215,-0.376849860750781,0.785398163397448,0,0.98956298828125,0.989517211914063
15.197000000000001,27.7539801,27.73,0,1,0,-113.011123657227,27734,-113.011169433594,4279,0,4,10,-108,0,-113.011383056641,-113.011428833008,-114,0,1.51097107606736,-0.367652455201096,1.48562204354755,-0.436411495895527,0.785398163397448,0,0.988296508789063,0.988273620605469
15.223,27.778841,27.756,0,1,0,-113.012023925781,27760,-113.01203918457,4279,0,4,10,-112,0,-113.012138366699,-113.012161254883,-114,0,1.50339704592717,-0.321840099001747,1.47458505177871,-0.443744141021625,0.785398163397448,0,0.987640380859375,0.987594604492188
15.247000000000002,27.8035551,27.78,0,1,0,-113.012710571289,27785,-113.012786865234,4279,0,4,10,-112,0,-113.012985229492,-113.013031005859,-114,0,1.49534364679077,-0.354098914442602,1.46350971049017,-0.441832107555911,0.785398163397448,0,0.986679077148438,0.986679077148438
15.272,27.8307489,27.805,0,1,0,-113.013702392578,27810,-113.013778686523,4279,0,4,10,-117,0,-113.013938903809,-113.013938903809,-114,0,1.48470165507481,-0.462394913256503,1.45257242747255,-0.430604319976965,0.785398163397448,0,0.985809326171875,0.985809326171875
15.302999999999999,27.859297,27.836,0,1,0,-113.014282226563,27840,-113.014282226563,4279,0,4,10,-110,0,-113.014274597168,-113.014274597168,-114,0,1.46849898300277,-0.584016850233411,1.43996310539613,-0.421487473452316,0.785398163397448,0,0.985702514648438,0.985702514648438
15.333,27.8894692,27.866,0,1,0,-113.014518737793,27871,-113.014556884766,4279,0,4,10,-119,0,-113.0146484375,-113.014678955078,-114,0,1.45124169913906,-0.590187597900922,1.4266328123494,-0.463201393227337,0.785398163397448,0,0.985115051269531,0.985092163085938
15.363999999999999,27.9206744,27.897,0,1,0,-113.015426635742,27902,-113.015487670898,4279,0,4,10,-107,0,-113.015602111816,-113.015602111816,-114,0,1.43618951265793,-0.482037582160729,1.41124698504691,-0.48977051099132,0.785398163397448,0,0.984275817871094,0.984275817871094
15.397,27.9538369,27.93,0,1,0,-113.016036987305,27934,-113.016067504883,4279,0,4,10,-110,0,-113.016143798828,-113.016159057617,-114,0,1.42305480216166,-0.410446464391953,1.39465698282593,-0.511168157581778,0.785398163397448,0,0.983673095703125,0.983596801757813
15.423,27.9804509,27.956,0,1,0,-113.016540527344,27961,-113.016448974609,4279,0,4,10,-115,0,-113.016555786133,-113.016479492188,-114,0,1.411741693851,-0.447929563536945,1.38120397131617,-0.441032323270065,0.785398163397448,0,0.983367919921875,0.983322143554688
15.449,28.0064936,27.982,0,1,0,-113.016746520996,27987,-113.016799926758,4279,0,4,10,-117,0,-113.01683807373,-113.016845703125,-114,0,1.3989904785517,-0.523586005841253,1.36862532885551,-0.481851417831422,0.785398163397448,0,0.983078002929688,0.983078002929688
15.475,28.0345251,28.008,0,1,0,-113.016952514648,28013,-113.016967773438,4279,0,4,10,-115,0,-113.016944885254,-113.016944885254,-114,0,1.38451353486603,-0.594596191015626,1.35609270581848,-0.480702972074823,0.785398163397448,0,0.983085632324219,0.983085632324219
15.504,28.060404,28.037,0,1,0,-113.016815185547,28042,-113.016815185547,4279,0,4,10,-112,0,-113.016799926758,-113.016784667969,-114,0,1.36831086279399,-0.606679839145954,1.34310755844903,-0.486508171165724,0.785398163397448,0,0.983238220214844,0.983230590820313
15.529000000000002,28.0853385,28.062,0,1,0,-113.016754150391,28066,-113.016754150391,4279,0,4,10,-112,0,-113.016731262207,-113.016723632813,-114,0,1.35469678330151,-0.558302055567765,1.32999969261655,-0.513685612981135,0.785398163397448,0,0.98333740234375,0.98333740234375
15.554,28.109996,28.087,0,1,0,-113.016479492188,28091,-113.016464233398,4279,0,4,10,-101,0,-113.01636505127,-113.016342163086,-114,0,1.34290430599464,-0.48406319545029,1.31771250650558,-0.51073596819424,0.785398163397448,0,0.983818054199219,0.983840942382813
15.578000000000001,28.1377172,28.111,0,1,0,-113.015922546387,28116,-113.015884399414,4279,0,4,10,-103,0,-113.015747070313,-113.015731811523,-114,0,1.33139945008549,-0.448578584055213,1.30375328133582,-0.523400105739483,0.785398163397448,0,0.984466552734375,0.984466552734375
15.606,28.1638373,28.139,0,1,0,-113.015357971191,28144,-113.015342712402,4279,0,4,10,-117,0,-113.015167236328,-113.01513671875,-114,0,1.31951109897938,-0.492560642973558,1.2896636677991,-0.50933369862355,0.785398163397448,0,0.985267639160156,0.985267639160156
15.632,28.1915846,28.165,0,1,0,-113.014068603516,28170,-113.013938903809,4279,0,4,10,-105,0,-113.01358795166,-113.013458251953,-114,0,1.30522590289219,-0.562448104878285,1.27611094753813,-0.502358019439043,0.785398163397448,0,0.987060546875,0.987152099609375
15.660000000000002,28.2176118,28.193,0,1,0,-113.012237548828,28198,-113.012069702148,4279,0,4,10,-103,0,-113.011680603027,-113.011604309082,-114,0,1.2897902212141,-0.603329845139342,1.26260424670079,-0.49867870937419,0.785398163397448,0,0.988723754882813,0.988792419433594
15.686000000000002,28.2462494,28.219,0,1,0,-113.010620117188,28226,-113.010482788086,4279,0,4,10,-114,0,-113.01025390625,-113.010208129883,-114,0,1.27358754914205,-0.605151254218754,1.24868337105073,-0.506973666404519,0.785398163397448,0,0.990020751953125,0.99005126953125
15.715000000000002,28.2729972,28.248,0,1,0,-113.009925842285,28253,-113.009963989258,4279,0,4,10,-117,0,-113.010009765625,-113.010009765625,-114,0,1.25863123646017,-0.552886611023268,1.23448637885885,-0.536807565133131,0.785398163397448,0,0.9898681640625,0.989837646484375
15.741999999999999,28.298123,28.275,0,1,0,-113.01025390625,28279,-113.010231018066,4279,0,4,10,-112,0,-113.01025390625,-113.010284423828,-114,0,1.24674288535405,-0.487265993407391,1.22107171686879,-0.536137752822015,0.785398163397448,0,0.9896240234375,0.989639282226563
15.767000000000001,28.3249302,28.3,0,1,0,-113.010437011719,28305,-113.010475158691,4279,0,4,10,-112,0,-113.010375976563,-113.010368347168,-114,0,1.23495040804718,-0.485818607668989,1.20649889938388,-0.537958964587233,0.785398163397448,0,0.990203857421875,0.990203857421875
15.793000000000001,28.3499062,28.326,0,1,0,-113.008628845215,28331,-113.008285522461,4279,0,4,10,-110,0,-113.007217407227,-113.006996154785,-114,0,1.22181569755091,-0.539545548576143,1.19287714998745,-0.511383309251869,0.785398163397448,0,0.994651794433594,0.994651794433594
15.83,28.3867641,28.363,0,1,0,-113.000587463379,28368,-113.00016784668,4279,0,4,10,-110,0,-112.99934387207,-112.99934387207,-113,0,1.20110695691446,-0.612785103158103,1.17443103101313,-0.521247363185921,0.785398163397448,0,0.0021209716796875,0.0021209716796875
15.860999999999999,28.4187067,28.394,0,1,0,-112.995307922363,28398,-112.995155334473,4279,0,4,10,-108,0,-112.994102478027,-112.994102478027,-113,0,1.18260331366059,-0.605499677002626,1.15777966956063,-0.521476016855786,0.785398163397448,0,0.00730133056640625,0.00730133056640625
15.892999999999999,28.4513315,28.426,0,1,0,-112.990188598633,28432,-112.990020751953,4279,0,4,10,-114,0,-112.988922119141,-112.988662719727,-113,0,1.16467491320217,-0.562365559357886,1.14001617203691,-0.547247480229544,0.785398163397448,0,0.0125274658203125,0.0126876831054688
15.92,28.4774084,28.453,0,1,0,-112.985321044922,28458,-112.984893798828,4279,0,4,10,-117,0,-112.983749389648,-112.983749389648,-113,0,1.15163607650515,-0.521253851753954,1.126455781872,-0.539081638477683,0.785398163397448,0,0.0185089111328125,0.0187835693359375
15.945000000000002,28.5024921,28.478,0,1,0,-112.977592468262,28483,-112.976272583008,4279,0,4,10,-110,0,-112.972091674805,-112.972091674805,-113,0,1.1394601040013,-0.517053406390914,1.11216675083285,-0.55459778318982,0.785398163397448,0,0.0331573486328125,0.0341033935546875
15.971000000000002,28.5300479,28.504,0,1,0,-112.955032348633,28508,-112.953735351563,4279,0,4,10,-110,0,-112.94694519043,-112.945556640625,-113,0,1.12642126730427,-0.561048593971009,1.09847597230097,-0.537312664196179,0.785398163397448,0,0.067413330078125,0.0732650756835938
16.000999999999998,28.5594665,28.534,0,1,0,-112.901947021484,28539,-112.897422790527,4279,0,4,10,-114,0,-112.885223388672,-112.885223388672,-113,0,1.10820524544813,-0.621829182289503,1.08171723219332,-0.546469375295828,0.785398163397448,0,0.136833190917969,0.139015197753906
16.032000000000004,28.5895565,28.565,0,1,0,-112.826934814453,28570,-112.822387695313,4279,0,4,10,-117,0,-112.811782836914,-112.808975219727,-113,0,1.09018097119048,-0.625137447696716,1.06549538536143,-0.539598072974059,0.785398163397448,0,0.214492797851563,0.217361450195313
16.061999999999998,28.6190298,28.595,0,1,0,-112.722351074219,28600,-112.716888427734,4279,0,4,10,-101,0,-112.691619873047,-112.686904907227,-113,0,1.07206082313358,-0.609540578645465,1.04896674237196,-0.562755124342402,0.785398163397448,0,0.347015380859375,0.352752685546875
16.095,28.6518386,28.628,0,1,0,-112.555221557617,28632,-112.548599243164,4279,0,4,10,-107,0,-112.518020629883,-112.512397766113,-113,0,1.05480353926986,-0.559592509340746,1.03028285637551,-0.566289474545101,0.785398163397448,0,0.55511474609375,0.55511474609375
16.119999999999997,28.6763352,28.653,0,1,0,-112.324226379395,28658,-112.295082092285,4279,0,4,10,-110,0,-112.227233886719,-112.207458496094,-113,0,1.04195645017132,-0.538560628359392,1.01651537880424,-0.572126278759697,0.785398163397448,0,0.937080383300781,0.95928955078125
16.145000000000003,28.7013898,28.678,0,1,0,-111.747848510742,28682,-111.712692260742,4279,0,4,10,-112,0,-111.515556335449,-111.475494384766,-112,0,1.02786300168262,-0.579591635304041,1.00198091083902,-0.547706075927636,0.785398163397448,0,0.911636352539063,0.978485107421875
16.171,28.7298902,28.704,0,1,0,-110.16722869873,28708,-110.057502746582,4279,0,4,10,-108,0,-109.317626953125,-109.182723999023,-110,0,1.01252319380377,-0.62351487473029,0.987707219607746,-0.551773116870663,0.785398163397448,0,0.140701293945313,0.140701293945313
16.203000000000003,28.7600632,28.736,0,1,0,-105.252105712891,28741,-105.086624145508,4279,0,4,10,-103,0,-104.352317810059,-104.225784301758,-105,0,0.993923676750653,-0.626639237737209,0.971040518347369,-0.522568856398152,0.785398163397448,0,0.282638549804688,0.493240356445313
16.234,28.7915422,28.767,0,1,0,-98.8196258544922,28772,-98.43603515625,4279,0,4,10,-94,0,-97.4545135498047,-97.4545135498047,-98,0,0.975611781095268,-0.586824243321189,0.954373817086991,-0.511329019523032,0.785398163397448,0,0.356338500976563,0.610816955566406
16.265,28.823505,28.798,0,1,0,-93.3736114501953,28804,-93.3607025146484,4279,0,4,10,-89,0,-93.207878112793,-93.1398391723633,-94,0,0.959984351818683,-0.508694657437786,0.939003329592377,-0.453479522717203,0.785398163397448,0,0.291976928710938,0.341873168945313
16.298000000000002,28.8567397,28.831,0,1,0,-90.2988433837891,28836,-90.0290374755859,4279,0,4,10,-82,0,-89.2278594970703,-89.0480804443359,-89,0,0.945986777129226,-0.414347278327114,0.923962647967158,-0.428281670595538,0.785398163397448,0,0.226448059082031,0.437911987304688
16.325000000000003,28.883752,28.858,0,1,0,-83.9253387451172,28863,-83.575325012207,4279,0,4,10,-75,0,-82.3748321533203,-82.1978454589844,-83,0,0.936207649606455,-0.380063819356792,0.913293811587414,-0.360225205403026,0.785398163397448,0,0.00084686279296875,0.15081787109375
16.352000000000004,28.9115503,28.885,0,1,0,-79.4673614501953,28890,-79.0690765380859,4279,0,4,10,-73,0,-78.1843414306641,-78.0838012695313,-78,0,0.926716143481413,-0.367494990180035,0.904603810424042,-0.299583238792138,0.785398163397448,0,0.984596252441406,0.0921173095703125
16.380000000000003,28.9385604,28.913,0,1,0,-76.0023956298828,28917,-75.929443359375,4279,0,4,10,-73,0,-75.5689010620117,-75.5368347167969,-76,0,0.917608132553342,-0.329477822104423,0.896895556964916,-0.255685631340839,0.785398163397448,0,0.191917419433594,0.11370849609375
16.42,28.9773662,28.953,0,1,0,-77.0124664306641,28958,-77.0974273681641,4279,0,4,10,-82,0,-77.7247543334961,-77.7247543334961,-78,0,0.907924878829814,-0.242390634945423,0.888013808203058,-0.213938737452281,0.785398163397448,0,0.648841857910156,0.571273803710938
16.450000000000003,29.0084816,28.983,0,1,0,-79.8854370117188,28988,-79.9758758544922,4279,0,4,10,-80,0,-80.08251953125,-80.1519927978516,-81,0,0.902651819871457,-0.165779595632785,0.88208497245788,-0.176847593324283,0.785398163397448,0,0.933197021484375,0.895034790039063
16.481,29.0423849,29.014,0,1,0,-79.3475036621094,29019,-79.0171585083008,4279,0,4,10,-78,0,-78.1189575195313,-78.0639190673828,-78,0,0.898912741700986,-0.120663386571096,0.876240505656036,-0.166863131182822,0.785398163397448,0,0.641517639160156,0.775909423828125
16.509999999999998,29.0674315,29.043,0,1,0,-74.4534454345703,29048,-74.1728744506836,4279,0,4,10,-70,0,-73.0103530883789,-72.700569152832,-73,0,0.895653032526729,-0.13015819886175,0.872137107048442,-0.157181556919454,0.785398163397448,0,0.914543151855469,0.165069580078125
16.536,29.092756,29.069,0,1,0,-67.8807678222656,29073,-67.6317443847656,4279,0,4,10,-61,0,-65.7024078369141,-65.7024078369141,-66,0,0.8920098281555,-0.155767530293019,0.868524582292971,-0.126052368970136,0.785398163397448,0,0.0772018432617188,0.285152435302734
16.561,29.1193908,29.094,0,1,0,-61.2335166931152,29099,-61.2687644958496,4279,0,4,10,-73,0,-60.9707832336426,-60.9572105407715,-61,0,0.887503759591086,-0.186615473924917,0.865893805241747,-0.0770252379119256,0.785398163397448,0,0.750740051269531,0.738597869873047
16.588,29.1496564,29.121,0,1,0,-63.6369972229004,29128,-63.9022331237793,4279,0,4,10,-59,0,-65.2685623168945,-65.5322418212891,-66,0,0.882901817227429,-0.139623537553348,0.864037688488406,-0.0591894652882274,0.785398163397448,0,0.183792114257813,0.897369384765625
16.618000000000002,29.1779296,29.151,0,1,0,-70.7522888183594,29157,-71.0611572265625,4279,0,4,10,-75,0,-71.8043746948242,-71.9187164306641,-72,0,0.881176088841058,-0.0476925478526482,0.86196681442476,-0.0842308665912697,0.785398163397448,0,0.732772827148438,0.701164245605469
16.646,29.2035849,29.179,0,1,0,-72.2092895507813,29184,-72.1256408691406,4279,0,4,10,-73,0,-72.0795059204102,-72.0281219482422,-72,0,0.880888467443329,0.00267870660604785,0.859612153915356,-0.0891674629617683,0.785398163397448,0,0.262771606445313,0.333984375
16.671999999999997,29.2320488,29.205,0,1,0,-69.9914779663086,29210,-69.4120178222656,4279,0,4,10,-80,0,-67.6835479736328,-67.280403137207,-67,0,0.880792593644087,-0.0101232939510965,0.8574032215808,-0.0779929541122328,0.785398163397448,0,0.6669921875,0.6669921875
16.715000000000003,29.2738307,29.248,0,1,0,-60.7615051269531,29254,-60.6453247070313,4279,0,4,10,-57,0,-60.3768005371094,-60.3684463500977,-61,0,0.878108127265287,-0.082917656192194,0.856168367046552,-5.00196117627638e-05,0.785398163397448,0,0.538284301757813,0.510944366455078
16.746000000000002,29.303966,29.279,0,1,0,-61.3237495422363,29283,-61.3787727355957,4279,0,4,10,-71,0,-62.3831367492676,-62.3831367492676,-63,0,0.875711282284215,-0.0672309676541545,0.856145357334734,-0.000719921984568828,0.785398163397448,0,0.356613159179688,0.356613159179688
16.777,29.336693,29.31,0,1,0,-68.3196640014648,29315,-69.0024719238281,4279,0,4,10,-64,0,-70.0116729736328,-70.0116729736328,-71,0,0.875136039488758,-0.00584340474244982,0.855976619448067,-0.0076661302574621,0.785398163397448,0,0.790702819824219,0.69390869140625
16.805,29.3634103,29.338,0,1,0,-71.9943161010742,29343,-72.0717468261719,4279,0,4,10,-66,0,-72.0223007202148,-72.0367279052734,-73,0,0.875615408484973,0.016340987439321,0.855623803866853,-0.0164315792236494,0.785398163397448,0,0.538375854492188,0.60552978515625
16.832,29.388076,29.365,0,1,0,-70.3519592285156,29369,-70.2263870239258,4279,0,4,10,-71,0,-69.6956634521484,-69.6128997802734,-70,0,0.875711282284215,0.00238541649230228,0.855201959150184,-0.0136365778143954,0.785398163397448,0,0.743072509765625,0.743072509765625
16.856,29.4127209,29.389,0,1,0,-68.9028778076172,29394,-68.5967483520508,4279,0,4,10,-70,0,-68.1149063110352,-68.1149063110352,-69,0,0.875615408484973,-0.00368030186803026,0.854925842608365,-0.00468365429401274,0.785398163397448,0,0.653427124023438,0.595291137695313
16.881,29.4386859,29.414,0,1,0,-68.6273727416992,29418,-68.6372756958008,4279,0,4,10,-68,0,-68.5566940307617,-68.5566940307617,-69,0,0.87551953468573,0.0013868720877781,0.854849143568971,-0.00395216577214796,0.785398163397448,0,0.598602294921875,0.589218139648438
16.907000000000004,29.4646287,29.44,0,1,0,-68.5003051757813,29445,-68.6098785400391,4279,0,4,10,-66,0,-68.3469390869141,-68.3669128417969,-69,0,0.87551953468573,-0.00211559975991804,0.854795454241395,-0.00118942051130944,0.785398163397448,0,0.521621704101563,0.497856140136719
16.933,29.4894811,29.466,0,1,0,-68.5801773071289,29470,-68.5963134765625,4279,0,4,10,-70,0,-68.5672225952148,-68.5672225952148,-69,0,0.87551953468573,-0.000191732491316543,0.854757104721698,-0.00124123336911452,0.785398163397448,0,0.461395263671875,0.459266662597656
16.958,29.5142262,29.491,0,1,0,-68.4850234985352,29495,-68.4607391357422,4279,0,4,10,-68,0,-68.4574356079102,-68.4613494873047,-69,0,0.87551953468573,-1.42253547892324e-05,0.854703415394122,-0.000430211536809111,0.785398163397448,0,0.569534301757813,0.568130493164063
16.982,29.5422456,29.515,0,1,0,-68.3925628662109,29521,-68.3740234375,4279,0,4,10,-66,0,-68.3286819458008,-68.3286819458008,-69,0,0.87551953468573,-9.54955339693697e-07,0.854649726066546,-0.000737584747184883,0.785398163397448,0,0.702957153320313,0.70782470703125
17.011000000000003,29.5683754,29.544,0,1,0,-68.2358856201172,29549,-68.2361297607422,4279,0,4,10,-70,0,-68.2371292114258,-68.2371292114258,-69,0,0.87551953468573,-7.08517973180278e-08,0.854603706642909,-0.000239457267298349,0.785398163397448,0,0.797645568847656,0.797203063964844
17.041000000000004,29.5982421,29.574,0,1,0,-68.1929016113281,29578,-68.1903533935547,4279,0,4,10,-71,0,-68.1734008789063,-68.1732330322266,-69,0,0.87551953468573,-3.52315510099288e-09,0.854573027027151,-0.00188461960806308,0.785398163397448,0,0.847198486328125,0.847076416015625
17.070999999999998,29.6280501,29.604,0,1,0,-67.9520950317383,29609,-67.9781036376953,4279,0,4,10,-66,0,-67.9126892089844,-67.9126892089844,-68,0,0.875423660886487,-0.0054499658357372,0.854542347411394,-0.00339023922992965,0.785398163397448,0,0.11669921875,0.11669921875
17.104,29.6624336,29.637,0,1,0,-67.8491287231445,29641,-67.8712310791016,4279,0,4,10,-71,0,-67.9342727661133,-67.9504013061523,-68,0,0.875423660886487,-0.000403651444912612,0.854488658083818,-0.00110274931455479,0.785398163397448,0,0.00078582763671875,0.996246337890625
17.130000000000003,29.6891249,29.663,0,1,0,-68.0238647460938,29669,-68.0115814208984,4279,0,4,10,-68,0,-68.0243988037109,-68.00537109375,-69,0,0.875423660886487,-2.99484189554278e-05,0.854473318275939,-0.000224307334633522,0.785398163397448,0,0.988777160644531,0.988777160644531
17.158,29.7144966,29.691,0,1,0,-68.0273284912109,29695,-68.0275421142578,4279,0,4,10,-71,0,-68.0237121582031,-68.0241088867188,-68,0,0.875423660886487,-2.22198571009358e-06,0.854465648371999,-0.000346440451380658,0.785398163397448,0,0.014678955078125,0.013519287109375
17.182000000000002,29.7417708,29.715,0,1,0,-68.0088043212891,29720,-68.0088577270508,4279,0,4,10,-64,0,-68.0089340209961,-68.008918762207,-69,0,0.875423660886487,-1.64857510753791e-07,0.854465648371999,-2.07592165679671e-10,0.785398163397448,0,0.0190887451171875,0.029998779296875
17.211,29.7696752,29.744,0,1,0,-67.9877777099609,29749,-67.9888916015625,4279,0,4,10,-66,0,-67.9894485473633,-67.9894638061523,-68,0,0.875423660886487,-1.00133092928445e-08,0.85445797846806,-3.219270183763e-09,0.785398163397448,0,0.010528564453125,0.010528564453125
17.243000000000002,29.8000187,29.776,0,1,0,-67.9894714355469,29780,-67.9894714355469,4279,0,4,10,-70,0,-67.9894714355469,-67.9894714355469,-68,0,0.875423660886487,-4.50540937890764e-10,0.85445797846806,0,0.785398163397448,0,0.010528564453125,0.010528564453125
17.273000000000003,29.8302308,29.806,0,1,0,-67.9894714355469,29811,-67.9894714355469,4279,0,4,10,-68,0,-67.9613494873047,-67.9613494873047,-68,0,0.875423660886487,-2.23963070311584e-11,0.85445797846806,-0.00143127504009044,0.785398163397448,0,0.0319137573242188,0.0319137573242188
17.307000000000002,29.8643645,29.84,0,1,0,-67.9698181152344,29845,-67.9698486328125,4279,0,4,10,-64,0,-67.9698638916016,-67.9698638916016,-68,0,0.875423660886487,-6.82121026329696e-13,0.854450308564121,-7.58291207603179e-11,0.785398163397448,0,0.0301361083984375,0.0301361083984375
17.332,29.8905213,29.865,0,1,0,-67.9698638916016,29871,-67.9698638916016,4279,0,4,10,-71,0,-67.9698638916016,-67.9698638916016,-68,0,0.875423660886487,0,0.854450308564121,0,0.785398163397448,0,0.238494873046875,0.204559326171875
17.359,29.9154332,29.892,0,1,0,-68.0673065185547,29896,-67.9186706542969,4279,0,4,10,-61,0,-67.8946228027344,-67.9052429199219,-68,0,0.875423660886487,-0.00850945123215752,0.854450308564121,0,0.785398163397448,0,0.987892150878906,0.987907409667969
17.384,29.9431184,29.917,0,1,0,-67.987678527832,29921,-67.9913864135742,4279,0,4,10,-61,0,-67.7835311889648,-67.7835311889648,-68,0,0.875327787087244,0.00275858130714823,0.854450308564121,0,0.785398163397448,0,0.0948257446289063,0.0948257446289063
17.416000000000004,29.9726685,29.949,0,1,0,-67.9262542724609,29954,-68.0325622558594,4279,0,4,10,-61,0,-67.9063262939453,-67.9361267089844,-68,0,0.875327787087244,-0.00478955064909314,0.854442638660181,-0.000329023649555893,0.785398163397448,0,0.0209274291992188,0.1390380859375
17.445,30.0025206,29.978,0,1,0,-67.8696746826172,29983,-67.9277038574219,4279,0,4,10,-68,0,-68.1624755859375,-68.2581939697266,-69,0,0.875327787087244,-0.00469725948642008,0.854442638660181,-4.02451405534521e-11,0.785398163397448,0,0.0709915161132813,0.0525741577148438
17.478,30.0368333,30.011,0,1,0,-67.921875,30016,-67.9302062988281,4279,0,4,10,-64,0,-68.088981628418,-68.088981628418,-69,0,0.875423660886487,-0.00283833521234556,0.854442638660181,0,0.785398163397448,0,0.0107574462890625,0.113105773925781
17.505000000000003,30.0621645,30.038,0,1,0,-67.8797149658203,30043,-68.0171356201172,4279,0,4,10,-75,0,-68.0135803222656,-68.1453552246094,-69,0,0.875327787087244,0.00801405463994342,0.854442638660181,0,0.785398163397448,0,0.925079345703125,0.0366668701171875
17.531,30.0892206,30.064,0,1,0,-68.019157409668,30068,-68.0533828735352,4279,0,4,10,-71,0,-67.9484405517578,-67.9557037353516,-68,0,0.875327787087244,-0.00104340511529699,0.854442638660181,0,0.785398163397448,0,0.948760986328125,0.954383850097656
17.557000000000002,30.1149011,30.09,0,1,0,-68.06005859375,30095,-68.0532302856445,4279,0,4,10,-70,0,-67.92041015625,-68.0456695556641,-69,0,0.875327787087244,-0.0011292981104134,0.854434968756242,-0.000812318319503902,0.785398163397448,0,0.09027099609375,0.0760040283203125
17.583,30.1428025,30.116,0,1,0,-68.0383911132813,30122,-67.9498977661133,4279,0,4,10,-66,0,-67.9821090698242,-67.9868011474609,-68,0,0.875327787087244,-0.0002424318292924,0.854434968756242,-4.87148099637125e-10,0.785398163397448,0,0.990653991699219,0.988563537597656
17.618000000000002,30.1748092,30.151,0,1,0,-68.0278625488281,30156,-68.028205871582,4279,0,4,10,-70,0,-68.0294876098633,-68.0294876098633,-69,0,0.875327787087244,-9.86898703558836e-06,0.854434968756242,0,0.785398163397448,0,0.969390869140625,0.96929931640625
17.649,30.2063203,30.182,0,1,0,-68.0313720703125,30187,-68.0313720703125,4279,0,4,10,-70,0,-68.0976181030273,-68.0976181030273,-69,0,0.875327787087244,-0.000501188047678625,0.854434968756242,0,0.785398163397448,0,0.0143585205078125,0.0143585205078125
17.680999999999997,30.2395806,30.214,0,1,0,-68.0231475830078,30218,-68.0239639282227,4279,0,4,10,-68,0,-68.0269393920898,-68.0269393920898,-69,0,0.875327787087244,-2.25491955916368e-05,0.854434968756242,0,0.785398163397448,0,0.970184326171875,0.97003173828125
17.707,30.2642878,30.24,0,1,0,-68.0308837890625,30245,-68.0309295654297,4279,0,4,10,-70,0,-68.0311813354492,-68.0312042236328,-69,0,0.875327787087244,-1.36963114982791e-06,0.854434968756242,0,0.785398163397448,0,0.971092224121094,0.971092224121094
17.732999999999997,30.2900563,30.266,0,1,0,-67.9925537109375,30271,-67.9938278198242,4279,0,4,10,-64,0,-68.0491333007813,-68.0491333007813,-69,0,0.875327787087244,-1.1230997642997e-07,0.854427298852302,-0.000207535469940012,0.785398163397448,0,0.0129013061523438,0.011016845703125
17.758000000000003,30.3158799,30.291,0,1,0,-68.0117492675781,30296,-68.009521484375,4279,0,4,10,-64,0,-68.0107269287109,-68.01123046875,-69,0,0.875327787087244,-8.33267677080585e-09,0.854427298852302,-1.5756097582198e-07,0.785398163397448,0,0.98809814453125,0.988105773925781
17.784,30.344096,30.317,0,1,0,-68.0119094848633,30322,-68.0119018554688,4279,0,4,10,-64,0,-68.0119171142578,-68.0119171142578,-69,0,0.875327787087244,-5.59452928428072e-10,0.854427298852302,0,0.785398163397448,0,0.988082885742188,0.988082885742188
17.811999999999998,30.3692881,30.345,0,1,0,-68.0119171142578,30350,-68.0119171142578,4279,0,4,10,-70,0,-68.0119171142578,-68.0119171142578,-69,0,0.875327787087244,-4.16093826061115e-11,0.854427298852302,0,0.785398163397448,0,0.988082885742188,0.988082885742188
17.838,30.3950293,30.371,0,1,0,-68.0119171142578,30375,-68.0119171142578,4279,0,4,10,-63,0,-68.0119171142578,-68.0119171142578,-69,0,0.875327787087244,-3.06954461848363e-12,0.854427298852302,0,0.785398163397448,0,0.988082885742188,0.988082885742188
17.863,30.4205141,30.396,0,1,0,-68.0119171142578,30400,-68.0119171142578,4279,0,4,10,-64,0,-68.0119171142578,-68.0119171142578,-69,0,0.875327787087244,-2.27373675443232e-13,0.854427298852302,0,0.785398163397448,0,0.988082885742188,0.988082885742188
17.891,30.4476825,30.424,0,1,0,-68.0119171142578,30428,-68.0119171142578,4279,0,4,10,-70,0,-68.0119171142578,-68.0119171142578,-69,0,0.875327787087244,0,0.854427298852302,0,0.785398163397448,0,0.988082885742188,0.988082885742188
17.93,30.4869458,30.463,0,1,0,-68.0119171142578,30468,-68.0119171142578,4279,0,4,10,-63,0,-68.0119171142578,-68.0119171142578,-69,0,0.875327787087244,0,0.854427298852302,0,0.785398163397448,0,0.988082885742188,0.988082885742188
17.961,30.5174563,30.494,0,1,0,-68.0119171142578,30499,-68.0119171142578,4279,0,4,10,-70,0,-68.0105438232422,-68.0108642578125,-69,0,0.875327787087244,0,0.854427298852302,0.00123358009318508,0.785398163397448,0,0.986869812011719,0.986869812011719
17.994,30.552471,30.527,0,1,0,-68.025146484375,30531,-68.005729675293,4279,0,4,10,-64,0,-67.9929351806641,-67.9800872802734,-68,0,0.875327787087244,0,0.854419628948363,-0.00028704890564768,0.785398163397448,0,0.985763549804688,0.00738525390625
18.020000000000003,30.577349,30.553,0,1,0,-67.9888229370117,30558,-67.989128112793,4279,0,4,10,-70,0,-67.9912261962891,-67.9912261962891,-68,0,0.875327787087244,0,0.854419628948363,-1.68565634339757e-07,0.785398163397448,0,0.00749969482421875,0.00749969482421875
18.046,30.6032801,30.579,0,1,0,-67.9925231933594,30583,-67.9925231933594,4279,0,4,10,-75,0,-67.9925231933594,-67.9925231933594,-68,0,0.875327787087244,0,0.854419628948363,-2.27373675443232e-13,0.785398163397448,0,0.007476806640625,0.007476806640625
18.070999999999998,30.6297647,30.604,0,1,0,-67.9925231933594,30609,-67.9925231933594,4279,0,4,10,-63,0,-67.9925231933594,-67.9925231933594,-68,0,0.875327787087244,0,0.854419628948363,0,0.785398163397448,0,0.007476806640625,0.007476806640625
18.101,30.6591349,30.634,0,1,0,-67.9925231933594,30639,-67.9925231933594,4279,0,4,10,-66,0,-67.9925231933594,-67.9925231933594,-68,0,0.875327787087244,0,0.854419628948363,0,0.785398163397448,0,0.007476806640625,0.007476806640625
18.131999999999998,30.6898414,30.665,0,1,0,-67.9925231933594,30670,-67.9925231933594,4279,0,4,10,-66,0,-67.9925231933594,-67.9925231933594,-68,0,0.875327787087244,0,0.854419628948363,0,0.785398163397448,0,0.007476806640625,0.007476806640625
18.164,30.7212404,30.697,0,1,0,-67.9925231933594,30702,-67.9925231933594,4279,0,4,10,-68,0,-67.9925231933594,-67.9925231933594,-68,0,0.875327787087244,0,0.854419628948363,0,0.785398163397448,0,0.007476806640625,0.007476806640625
18.195,30.7523105,30.728,0,1,0,-67.9925231933594,30733,-67.9925231933594,4279,0,4,10,-70,0,-67.9925231933594,-67.9925231933594,-68,0,0.875327787087244,0,0.854419628948363,0,0.785398163397448,0,0.007476806640625,0.007476806640625
18.22,30.7800072,30.753,0,1,0,-67.9925231933594,30758,-67.9925231933594,4279,0,4,10,-73,0,-67.9925231933594,-67.9925231933594,-68,0,0.875327787087244,0,0.854419628948363,0,0.785398163397448,0,0.007476806640625,0.007476806640625
18.247999999999998,30.8067661,30.781,0,1,0,-67.9925231933594,30786,-67.9925231933594,4279,0,4,10,-70,0,-67.9925231933594,-67.9925231933594,-68,0,0.875327787087244,0,0.854419628948363,0,0.785398163397448,0,0.007476806640625,0.007476806640625
18.275,30.8357034,30.808,0,1,0,-67.9925231933594,30813,-67.9925231933594,4279,0,4,10,-66,0,-67.9925231933594,-67.9925231933594,-68,0,0.875327787087244,0,0.854419628948363,0,0.785398163397448,0,0.007476806640625,0.007476806640625
18.304000000000002,30.8618186,30.837,0,1,0,-67.9925231933594,30841,-67.9925231933594,4279,0,4,10,-64,0,-67.9925231933594,-67.9925231933594,-68,0,0.875327787087244,0,0.854419628948363,0,0.785398163397448,0,0.007476806640625,0.007476806640625
18.333,30.8904109,30.866,0,1,0,-67.9925231933594,30871,-67.9925231933594,4279,0,4,10,-66,0,-67.9925231933594,-67.9925231933594,-68,0,0.875327787087244,0,0.854419628948363,0,0.785398163397448,0,0.007476806640625,0.007476806640625
18.366,30.9229536,30.899,0,1,0,-67.9925231933594,30904,-67.9925231933594,4279,0,4,10,-57,0,-67.9925231933594,-67.9925231933594,-68,0,0.875327787087244,0,0.854419628948363,0,0.785398163397448,0,0.007476806640625,0.007476806640625
18.399,30.955475,30.932,0,1,0,-67.9925231933594,30936,-67.9925231933594,4279,0,4,10,-71,0,-67.9925231933594,-67.9925231933594,-68,0,0.875327787087244,0,0.854419628948363,0,0.785398163397448,0,0.007476806640625,0.007476806640625
18.423000000000002,30.9810644,30.956,0,1,0,-67.9925231933594,30961,-67.9925231933594,4279,0,4,10,-68,0,-67.9925231933594,-67.9925231933594,-68,0,0.875327787087244,0,0.854419628948363,0,0.785398163397448,0,0.007476806640625,0.007476806640625
18.448999999999998,31.0059598,30.982,0,1,0,-67.9925231933594,30987,-67.9925231933594,4279,0,4,10,-71,0,-67.9925231933594,-67.9925231933594,-68,0,0.875327787087244,0,0.854419628948363,0,0.785398163397448,0,0.007476806640625,0.007476806640625
18.474000000000004,31.0342036,31.007,0,1,0,-67.9925231933594,31012,-67.9925231933594,4279,0,4,10,-64,0,-67.9925231933594,-67.9925231933594,-68,0,0.875327787087244,0,0.854419628948363,0,0.785398163397448,0,0.007476806640625,0.007476806640625
18.506999999999998,31.0646095,31.04,0,1,0,-67.9925231933594,31044,-67.9925231933594,4279,0,4,10,-64,0,-67.9925231933594,-67.9925231933594,-68,0,0.875327787087244,0,0.854419628948363,0,0.785398163397448,0,0.007476806640625,0.007476806640625
18.538000000000004,31.0953064,31.071,0,1,0,-67.9925231933594,31076,-67.9925231933594,4279,0,4,10,-70,0,-67.9925231933594,-67.9925231933594,-68,0,0.875327787087244,0,0.854419628948363,0,0.785398163397448,0,0.007476806640625,0.007476806640625
18.569000000000003,31.1259346,31.102,0,1,0,-67.9925231933594,31107,-67.9925231933594,4279,0,4,10,-70,0,-67.9925231933594,-67.9925231933594,-68,0,0.875327787087244,0,0.854419628948363,0,0.785398163397448,0,0.007476806640625,0.007476806640625
18.603,31.1592742,31.136,0,1,0,-67.9925231933594,31140,-67.9925231933594,4279,0,4,10,-64,0,-67.9925231933594,-67.9925231933594,-68,0,0.875327787087244,0,0.854419628948363,0,0.785398163397448,0,0.007476806640625,0.007476806640625
18.631,31.1877742,31.164,0,1,0,-67.9816436767578,31169,-67.9911346435547,4279,0,4,10,-64,0,-67.9945678710938,-68.0000915527344,-68,0,0.875327787087244,0,0.854419628948363,-0.00289127134942646,0.785398163397448,0,0.0262908935546875,0.0366439819335938
18.662,31.2196027,31.195,0,1,0,-67.9975738525391,31200,-67.9651641845703,4279,0,4,10,-68,0,-67.9657135009766,-67.9657135009766,-68,0,0.875327787087244,0,0.854419628948363,0.00174462405925624,0.785398163397448,0,0.0226364135742188,0.0247879028320313
18.695,31.2537704,31.228,0,1,0,-67.9533920288086,31233,-67.9610824584961,4279,0,4,10,-70,0,-67.9720764160156,-67.9724273681641,-68,0,0.875327787087244,0,0.854411959044423,-6.37937773717567e-08,0.785398163397448,0,0.0270843505859375,0.027099609375
18.722,31.2799787,31.255,0,1,0,-67.9728927612305,31260,-67.9728927612305,4279,0,4,10,-66,0,-67.9728927612305,-67.9728927612305,-68,0,0.875327787087244,0,0.854411959044423,0,0.785398163397448,0,0.0271072387695313,0.0271072387695313
18.747999999999998,31.3056004,31.281,0,1,0,-67.9728927612305,31286,-67.9728927612305,4279,0,4,10,-73,0,-67.9728927612305,-67.9728927612305,-68,0,0.875327787087244,0,0.854411959044423,0,0.785398163397448,0,0.0271072387695313,0.0271072387695313
18.773000000000003,31.3331659,31.306,0,1,0,-67.9728927612305,31311,-67.9728927612305,4279,0,4,10,-71,0,-67.9728927612305,-67.9728927612305,-68,0,0.875327787087244,0,0.854411959044423,0,0.785398163397448,0,0.0271072387695313,0.0271072387695313
18.802,31.3590838,31.335,0,1,0,-67.9728927612305,31339,-67.9728927612305,4279,0,4,10,-71,0,-67.9728927612305,-67.9728927612305,-68,0,0.875327787087244,0,0.854411959044423,0,0.785398163397448,0,0.0271072387695313,0.0271072387695313
18.833,31.3917953,31.366,0,1,0,-67.9728927612305,31371,-67.9728927612305,4279,0,4,10,-73,0,-67.9728927612305,-67.9728927612305,-68,0,0.875327787087244,0,0.854411959044423,0,0.785398163397448,0,0.0271072387695313,0.0271072387695313
18.863999999999997,31.4205997,31.397,0,1,0,-67.9728927612305,31402,-67.9728927612305,4279,0,4,10,-61,0,-67.9728927612305,-67.9728927612305,-68,0,0.875327787087244,0,0.854411959044423,0,0.785398163397448,0,0.0271072387695313,0.0271072387695313
18.897,31.4555428,31.43,0,1,0,-67.9728927612305,31435,-67.9728927612305,4279,0,4,10,-73,0,-67.9728927612305,-67.9728927612305,-68,0,0.875327787087244,0,0.854411959044423,0,0.785398163397448,0,0.0271072387695313,0.0271072387695313
18.923000000000002,31.4799766,31.456,0,1,0,-67.9728927612305,31461,-67.9728927612305,4279,0,4,10,-66,0,-67.9728927612305,-67.9728927612305,-68,0,0.875327787087244,0,0.854411959044423,0,0.785398163397448,0,0.0271072387695313,0.0271072387695313
18.948,31.506844,31.481,0,1,0,-67.9728927612305,31486,-67.9728927612305,4279,0,4,10,-64,0,-67.9728927612305,-67.9728927612305,-68,0,0.875327787087244,0,0.854411959044423,0,0.785398163397448,0,0.0271072387695313,0.0271072387695313
18.975,31.5334052,31.508,0,1,0,-67.9728927612305,31512,-67.9728927612305,4279,0,4,10,-70,0,-67.9728927612305,-67.9728927612305,-68,0,0.875327787087244,0,0.854411959044423,0,0.785398163397448,0,0.0271072387695313,0.0271072387695313
19.000999999999998,31.5589283,31.534,0,1,0,-67.9728927612305,31539,-67.9728927612305,4279,0,4,10,-71,0,-67.9728927612305,-67.9728927612305,-68,0,0.875327787087244,0,0.854411959044423,0,0.785398163397448,0,0.0271072387695313,0.0271072387695313
19.026000000000003,31.5839381,31.559,0,1,0,-67.9728927612305,31564,-67.9728927612305,4279,0,4,10,-64,0,-67.9728927612305,-67.9728927612305,-68,0,0.875327787087244,0,0.854411959044423,0,0.785398163397448,0,0.0271072387695313,0.0271072387695313
19.052,31.6091714,31.585,0,1,0,-67.9728927612305,31589,-67.9728927612305,4279,0,4,10,-66,0,-67.9728927612305,-67.9728927612305,-68,0,0.875327787087244,0,0.854411959044423,0,0.785398163397448,0,0.0271072387695313,0.0271072387695313
19.076999999999998,31.6367221,31.61,0,1,0,-67.9728927612305,31615,-67.9728927612305,4279,0,4,10,-63,0,-67.9728927612305,-67.9728927612305,-68,0,0.875327787087244,0,0.854411959044423,0,0.785398163397448,0,0.0271072387695313,0.0271072387695313
19.105000000000004,31.6616992,31.638,0,1,0,-67.9728927612305,31642,-67.9728927612305,4279,0,4,10,-66,0,-67.9728927612305,-67.9728927612305,-68,0,0.875327787087244,0,0.854411959044423,0,0.785398163397448,0,0.0271072387695313,0.0271072387695313
19.131,31.6878911,31.664,0,1,0,-67.9728927612305,31669,-67.9728927612305,4279,0,4,10,-64,0,-67.9728927612305,-67.9728927612305,-68,0,0.875327787087244,0,0.854411959044423,0,0.785398163397448,0,0.0271072387695313,0.0271072387695313
19.156,31.7150425,31.689,0,1,0,-67.9728927612305,31694,-67.9728927612305,4279,0,4,10,-71,0,-67.9728927612305,-67.9728927612305,-68,0,0.875327787087244,0,0.854411959044423,0,0.785398163397448,0,0.0271072387695313,0.0271072387695313
19.183,31.7436538,31.716,0,1,0,-67.9728927612305,31722,-67.9728927612305,4279,0,4,10,-66,0,-67.9728927612305,-67.9728927612305,-68,0,0.875327787087244,0,0.854411959044423,0,0.785398163397448,0,0.0271072387695313,0.0271072387695313
19.223,31.7811746,31.756,0,1,0,-67.9728927612305,31761,-67.9728927612305,4279,0,4,10,-68,0,-67.9728927612305,-67.9728927612305,-68,0,0.875327787087244,0,0.854411959044423,0,0.785398163397448,0,0.0271072387695313,0.0271072387695313
19.253,31.8191579,31.786,0,1,0,-67.9728927612305,31792,-67.9728927612305,4279,0,4,10,-66,0,-67.9728927612305,-67.9728927612305,-68,0,0.875327787087244,0,0.854411959044423,0,0.785398163397448,0,0.0271072387695313,0.0271072387695313
19.302,31.8598003,31.835,0,1,0,-67.9728927612305,31839,-67.9728927612305,4279,0,4,10,-73,0,-67.9728927612305,-67.9728927612305,-68,0,0.875327787087244,0,0.854411959044423,0,0.785398163397448,0,0.0271072387695313,0.0271072387695313
19.326999999999998,31.8845101,31.86,0,1,0,-67.9728927612305,31865,-67.9728927612305,4279,0,4,10,-63,0,-67.9728927612305,-67.9728927612305,-68,0,0.875327787087244,0,0.854411959044423,0,0.785398163397448,0,0.0271072387695313,0.0271072387695313
19.352000000000004,31.9099305,31.885,0,1,0,-67.9728927612305,31890,-67.9728927612305,4279,0,4,10,-70,0,-67.9728927612305,-67.9728927612305,-68,0,0.875327787087244,0,0.854411959044423,0,0.785398163397448,0,0.0271072387695313,0.0271072387695313
19.378,31.9375852,31.911,0,1,0,-67.9728927612305,31916,-67.9728927612305,4279,0,4,10,-73,0,-67.9728927612305,-67.9728927612305,-68,0,0.875327787087244,0,0.854411959044423,0,0.785398163397448,0,0.0271072387695313,0.0271072387695313
19.409,31.9663892,31.942,0,1,0,-67.9728927612305,31947,-67.9728927612305,4279,0,4,10,-66,0,-67.9728927612305,-67.9728927612305,-68,0,0.875327787087244,0,0.854411959044423,0,0.785398163397448,0,0.0271072387695313,0.0271072387695313
19.439999999999998,31.9970228,31.973,0,1,0,-67.9728927612305,31977,-67.9728927612305,4279,0,4,10,-70,0,-67.9728927612305,-67.9728927612305,-68,0,0.875327787087244,0,0.854411959044423,0,0.785398163397448,0,0.0271072387695313,0.0271072387695313
19.470999999999997,32.0286196,32.004,0,1,0,-67.9728927612305,32008,-67.9728927612305,4279,0,4,10,-66,0,-67.9728927612305,-67.9728927612305,-68,0,0.875327787087244,0,0.854411959044423,0,0.785398163397448,0,0.0271072387695313,0.0271072387695313
19.503999999999998,32.0612438,32.037,0,1,0,-67.9728927612305,32041,-67.9728927612305,4279,0,4,10,-70,0,-67.9728927612305,-67.9728927612305,-68,0,0.875327787087244,0,0.854411959044423,0,0.785398163397448,0,0.0271072387695313,0.0271072387695313
19.528999999999996,32.0861715,32.062,0,1,0,-67.9728927612305,32067,-67.9728927612305,4279,0,4,10,-75,0,-67.9728927612305,-67.9728927612305,-68,0,0.875327787087244,0,0.854411959044423,0,0.785398163397448,0,0.0271072387695313,0.0271072387695313
19.554000000000002,32.1121225,32.087,0,1,0,-67.9728927612305,32092,-67.9728927612305,4279,0,4,10,-64,0,-67.9728927612305,-67.9728927612305,-68,0,0.875327787087244,0,0.854411959044423,0,0.785398163397448,0,0.0295867919921875,0.052764892578125
19.58,32.1396643,32.113,0,1,0,-67.9763793945313,32117,-67.9749298095703,4279,0,4,10,-64,0,-67.9462051391602,-67.9623260498047,-68,0,0.875327787087244,0,0.854411959044423,6.03303255957144e-05,0.785398163397448,0,0.01580810546875,0.0204696655273438
19.61,32.1671444,32.143,0,1,0,-67.9707336425781,32147,-67.981575012207,4279,0,4,10,-66,0,-67.9836730957031,-67.9792327880859,-68,0,0.875327787087244,0,0.854404289140484,0.00130183900944303,0.785398163397448,0,0.0283432006835938,0.0280914306640625
19.641,32.1985694,32.174,0,1,0,-67.9712982177734,32179,-67.9570007324219,4279,0,4,10,-64,0,-67.9770126342773,-67.9484710693359,-68,0,0.875327787087244,0,0.854404289140484,-0.00141898056551781,0.785398163397448,0,0.0420150756835938,0.0420150756835938
19.671999999999997,32.2299333,32.205,0,1,0,-67.9794311523438,32209,-67.9915924072266,4279,0,4,10,-63,0,-67.9742202758789,-67.9588851928711,-68,0,0.875327787087244,0,0.854404289140484,-6.68189144334974e-05,0.785398163397448,0,0.0282669067382813,0.03997802734375
19.705999999999996,32.2665337,32.239,0,1,0,-67.9498672485352,32244,-67.9623107910156,4279,0,4,10,-61,0,-67.9534149169922,-67.9513854980469,-68,0,0.875327787087244,0,0.854404289140484,-1.31950753257115e-06,0.785398163397448,0,0.0468292236328125,0.0467758178710938
19.735,32.2924598,32.268,0,1,0,-67.9533386230469,32273,-67.9533462524414,4279,0,4,10,-66,0,-67.9533462524414,-67.9533462524414,-68,0,0.875327787087244,0,0.854404289140484,-1.36424205265939e-12,0.785398163397448,0,0.0466537475585938,0.0466537475585938
19.760999999999996,32.3189756,32.294,0,1,0,-67.9533462524414,32298,-67.9533462524414,4279,0,4,10,-66,0,-67.9533462524414,-67.9533462524414,-68,0,0.875327787087244,0,0.854404289140484,0,0.785398163397448,0,0.0466537475585938,0.0466537475585938
19.787,32.3462657,32.32,0,1,0,-67.9533462524414,32326,-67.9533462524414,4279,0,4,10,-64,0,-67.9533462524414,-67.9533462524414,-68,0,0.875327787087244,0,0.854404289140484,0,0.785398163397448,0,0.0466537475585938,0.0466537475585938
19.814,32.3714,32.347,0,1,0,-67.9533462524414,32352,-67.9533462524414,4279,0,4,10,-64,0,-67.9533462524414,-67.9533462524414,-68,0,0.875327787087244,0,0.854404289140484,0,0.785398163397448,0,0.0466537475585938,0.0466537475585938
19.839,32.3970859,32.372,0,1,0,-67.9533462524414,32377,-67.9533462524414,4279,0,4,10,-61,0,-67.9533462524414,-67.9533462524414,-68,0,0.875327787087244,0,0.854404289140484,0,0.785398163397448,0,0.0466537475585938,0.0466537475585938
19.865000000000002,32.4230631,32.398,0,1,0,-67.9533462524414,32402,-67.9533462524414,4279,0,4,10,-70,0,-67.9533462524414,-67.9533462524414,-68,0,0.875327787087244,0,0.854404289140484,0,0.785398163397448,0,0.0466537475585938,0.0466537475585938
19.891999999999996,32.4501419,32.425,0,1,0,-67.9533462524414,32429,-67.9533462524414,4279,0,4,10,-70,0,-67.9533462524414,-67.9533462524414,-68,0,0.875327787087244,0,0.854404289140484,0,0.785398163397448,0,0.0466537475585938,0.0466537475585938
19.918,32.4755805,32.451,0,1,0,-67.9533462524414,32455,-67.9533462524414,4279,0,4,10,-68,0,-67.9533462524414,-67.9533462524414,-68,0,0.875327787087244,0,0.854404289140484,0,0.785398163397448,0,0.0466537475585938,0.0466537475585938
19.943999999999996,32.5014455,32.477,0,1,0,-67.9533462524414,32482,-67.9533462524414,4279,0,4,10,-63,0,-67.9533462524414,-67.9533462524414,-68,0,0.875327787087244,0,0.854404289140484,0,0.785398163397448,0,0.0466537475585938,0.0466537475585938
19.969,32.526462,32.502,0,1,0,-67.9533462524414,32507,-67.9533462524414,4279,0,4,10,-63,0,-67.9533462524414,-67.9533462524414,-68,0,0.875327787087244,0,0.854404289140484,0,0.785398163397448,0,0.0466537475585938,0.0466537475585938
20.001999999999995,32.5592871,32.535,0,1,0,-67.9533462524414,32540,-67.9533462524414,4279,0,4,10,-66,0,-112.945877075195,-113.001564025879,-114,0,0.875327787087244,0,0.854396619236545,-0.00817415367953345,0.261799387799149,0,0.0296096801757813,0.0295562744140625
20.033,32.5905103,32.566,0,1,0,-112.972015380859,32571,-112.972152709961,4279,0,4,10,-114,0,-112.972442626953,-112.972534179688,-113,0,0.875136039488758,-0.018650549450058,0.851351667372591,-0.170787770272568,0.261799387799149,0,0.0270538330078125,0.0269699096679688
20.064,32.6219667,32.597,0,1,0,-112.97403717041,32602,-112.974105834961,4279,0,4,10,-112,0,-112.974456787109,-112.974456787109,-113,0,0.872451573109958,-0.13053994984773,0.843904190647407,-0.278307293587432,0.261799387799149,0,0.0249252319335938,0.02484130859375
20.098,32.6545448,32.631,0,1,0,-112.976974487305,32635,-112.977195739746,4279,0,4,10,-114,0,-112.977722167969,-112.977722167969,-113,0,0.86276831938643,-0.375645646405928,0.833319723210996,-0.350707319222579,0.261799387799149,0,0.0216522216796875,0.021575927734375
20.122999999999998,32.6801208,32.656,0,1,0,-112.979110717773,32660,-112.979209899902,4279,0,4,10,-110,0,-112.979370117188,-112.979385375977,-113,0,0.849537735090917,-0.553767460208405,0.823632634535498,-0.38337841882344,0.261799387799149,0,0.0205535888671875,0.02056884765625
20.147999999999996,32.7063027,32.681,0,1,0,-112.979423522949,32686,-112.979415893555,4279,0,4,10,-108,0,-112.979362487793,-112.979385375977,-113,0,0.833718558215846,-0.64512460978176,0.813508361335453,-0.42936678600131,0.261799387799149,0,0.0205001831054688,0.0204925537109375
20.174,32.7341175,32.707,0,1,0,-112.979873657227,32712,-112.979972839355,4279,0,4,10,-107,0,-112.980270385742,-112.980270385742,-113,0,0.818474624136232,-0.598273150043838,0.801113796569337,-0.52208345551719,0.261799387799149,0,0.0190887451171875,0.019012451171875
20.205,32.7622957,32.738,0,1,0,-112.981773376465,32742,-112.981811523438,4279,0,4,10,-101,0,-112.982055664063,-112.982109069824,-113,0,0.803710059052833,-0.508062583248602,0.784715541946839,-0.559308069884196,0.261799387799149,0,0.0175323486328125,0.0174713134765625
20.237000000000002,32.7947267,32.77,0,1,0,-112.983627319336,32775,-112.983688354492,4279,0,4,10,-112,0,-112.984008789063,-112.984062194824,-113,0,0.788753746370948,-0.492245088121763,0.766146704509484,-0.594364113386746,0.261799387799149,0,0.0155487060546875,0.0155487060546875
20.268,32.8263963,32.801,0,1,0,-112.984878540039,32805,-112.984878540039,4279,0,4,10,-107,0,-112.984939575195,-112.98494720459,-113,0,0.772646948098149,-0.574906045800958,0.74754718745637,-0.579460098630989,0.261799387799149,0,0.0148773193359375,0.014862060546875
20.299999999999997,32.8584141,32.833,0,1,0,-112.985321044922,32838,-112.985321044922,4279,0,4,10,-112,0,-112.985229492188,-112.985229492188,-113,0,0.752129955060178,-0.69392256020933,0.728809612132347,-0.58483652875293,0.261799387799149,0,0.0150375366210938,0.0150909423828125
20.326,32.8847854,32.859,0,1,0,-112.984428405762,32864,-112.984329223633,4279,0,4,10,-114,0,-112.984077453613,-112.984039306641,-113,0,0.732763447613122,-0.761951504406852,0.713500483869248,-0.602301515890531,0.261799387799149,0,0.016265869140625,0.0162811279296875
20.353,32.9110724,32.886,0,1,0,-112.983428955078,32890,-112.983428955078,4279,0,4,10,-117,0,-112.983352661133,-112.983352661133,-113,0,0.713684561563795,-0.726026105977098,0.69671106414584,-0.629377787199019,0.261799387799149,0,0.0166778564453125,0.01666259765625
20.378999999999998,32.9387069,32.912,0,1,0,-112.98323059082,32916,-112.983200073242,4279,0,4,10,-103,0,-112.983016967773,-112.98299407959,-113,0,0.696427277700081,-0.669422220751244,0.67873280931182,-0.660192927701246,0.261799387799149,0,0.0172271728515625,0.0172882080078125
20.406999999999996,32.9663417,32.94,0,1,0,-112.98274230957,32945,-112.982757568359,4279,0,4,10,-114,0,-112.982620239258,-112.982620239258,-113,0,0.678882372438639,-0.667131777049462,0.660524457359618,-0.675198812702206,0.261799387799149,0,0.0177459716796875,0.0178298950195313
20.439,32.997045,32.972,0,1,0,-112.981758117676,32976,-112.981758117676,4279,0,4,10,-103,0,-112.981758117676,-112.981735229492,-113,0,0.659803486389311,-0.666592640900944,0.639309503063159,-0.689663693275975,0.261799387799149,0,0.0185165405273438,0.0185699462890625
20.469,33.0296024,33.002,0,1,0,-112.980194091797,33008,-112.98006439209,4279,0,4,10,-101,0,-112.978828430176,-112.978828430176,-113,0,0.638040133961184,-0.712864280362965,0.617013092311241,-0.677836836490997,0.261799387799149,0,0.0231704711914063,0.0234603881835938
20.501999999999995,33.0611354,33.035,0,1,0,-112.971580505371,33040,-112.970909118652,4279,0,4,10,-117,0,-112.969100952148,-112.968734741211,-113,0,0.614838674544414,-0.795911808812662,0.595920856477814,-0.677007932942274,0.261799387799149,0,0.0335845947265625,0.033843994140625
20.531999999999996,33.0920117,33.065,0,1,0,-112.963554382324,33071,-112.963310241699,4279,0,4,10,-117,0,-112.962173461914,-112.961868286133,-113,0,0.591828962726129,-0.780979754890382,0.575411533343783,-0.69345840931544,0.261799387799149,0,0.04132080078125,0.04132080078125
20.561999999999998,33.1206385,33.095,0,1,0,-112.952407836914,33099,-112.951232910156,4279,0,4,10,-112,0,-112.948394775391,-112.948394775391,-113,0,0.569873862699516,-0.791047373816355,0.555301045214602,-0.706867511374639,0.261799387799149,0,0.0555419921875,0.0560760498046875
20.594,33.1529547,33.127,0,1,0,-112.934646606445,33132,-112.933372497559,4279,0,4,10,-115,0,-112.929885864258,-112.929382324219,-113,0,0.546864150881231,-0.742906723714327,0.531271236172374,-0.735732755797926,0.261799387799149,0,0.0777664184570313,0.0777664184570313
20.621000000000002,33.1799178,33.154,0,1,0,-112.903396606445,33159,-112.900863647461,4279,0,4,10,-112,0,-112.885314941406,-112.883071899414,-113,0,0.527881138631146,-0.742880855376029,0.510876961597434,-0.773036336947428,0.261799387799149,0,0.146286010742188,0.146286010742188
20.647,33.2065678,33.18,0,1,0,-112.807571411133,33185,-112.798400878906,4279,0,4,10,-122,0,-112.75520324707,-112.744873046875,-113,0,0.50851463118409,-0.76293246718933,0.490835502603708,-0.74687242990683,0.261799387799149,0,0.349555969238281,0.370315551757813
20.674,33.2345514,33.207,0,1,0,-112.308120727539,33212,-112.245239257813,4279,0,4,10,-110,0,-111.87109375,-111.87109375,-112,0,0.48866875474082,-0.825063876127047,0.470640645531194,-0.742931828343274,0.261799387799149,0,0.149139404296875,0.357627868652344
20.702999999999996,33.2612455,33.236,0,1,0,-107.960861206055,33240,-107.177696228027,4279,0,4,10,-115,0,-104.229461669922,-104.229461669922,-104,0,0.465659042922535,-0.856947587816535,0.450537827305952,-0.739304012593095,0.261799387799149,0,0.648658752441406,0.19598388671875
20.732999999999997,33.291933,33.266,0,1,0,-90.4176025390625,33271,-89.49462890625,4279,0,4,10,-92,0,-86.783561706543,-86.783561706543,-87,0,0.44063598132015,-0.847454556168316,0.429483940992222,-0.673693839730561,0.261799387799149,0,0.0368194580078125,0.0368194580078125
20.762999999999998,33.3212496,33.296,0,1,0,-75.1197967529297,33301,-75.091064453125,4279,0,4,10,-80,0,-75.5909576416016,-75.7877197265625,-76,0,0.418393259895809,-0.771687930263511,0.411122190961231,-0.586837258988908,0.261799387799149,0,0.0705108642578125,0.578773498535156
20.795,33.3534535,33.328,0,1,0,-84.119140625,33333,-84.5845947265625,4279,0,4,10,-70,0,-85.3311080932617,-85.3311080932617,-86,0,0.399410247645724,-0.577830329112771,0.392668402082966,-0.555864660459633,0.261799387799149,0,0.862861633300781,0.835098266601563
20.820999999999998,33.3781452,33.354,0,1,0,-85.8624877929688,33358,-85.7997436523438,4279,0,4,10,-94,0,-85.4648513793945,-85.4431533813477,-86,0,0.388001265535824,-0.444971505700948,0.378601798258055,-0.524367565150897,0.261799387799149,0,0.509407043457031,0.752670288085938
20.845,33.4040376,33.378,0,1,0,-80.8937225341797,33383,-79.8712768554688,4279,0,4,10,-91,0,-76.4407730102539,-75.7690582275391,-76,0,0.378605633210025,-0.389328195497626,0.365915777142241,-0.491905013197311,0.261799387799149,0,0.857772827148438,0.857772827148438
20.872,33.4331262,33.405,0,1,0,-58.5573501586914,33410,-58.0404243469238,4279,0,4,10,-59,0,-56.0301551818848,-55.8431053161621,-56,0,0.367388398698611,-0.432425593730841,0.354073445459764,-0.375079431368135,0.261799387799149,0,0.00300216674804688,0.00300216674804688
20.9,33.460245,33.433,0,1,0,-53.2839050292969,33439,-53.2136154174805,4279,0,4,10,-52,0,-53.2845878601074,-53.4016342163086,-54,0,0.355500047592497,-0.442089369801977,0.345651890934272,-0.231315588779921,0.261799387799149,0,0.146572113037109,0.242237091064453
20.927999999999997,33.4880298,33.461,0,1,0,-53.8564224243164,33466,-54.1856460571289,4279,0,4,10,-50,0,-55.462833404541,-55.7675971984863,-56,0,0.344474560679569,-0.381945027173799,0.339953152307276,-0.194591557293279,0.261799387799149,0,0.691112518310547,0.691112518310547
20.955,33.513708,33.488,0,1,0,-68.5244445800781,33493,-69.2493896484375,4279,0,4,10,-70,0,-72.158317565918,-72.6657638549805,-74,0,0.338530385126512,-0.224181194439666,0.334553539933919,-0.233322811555809,0.261799387799149,0,0.680046081542969,0.402557373046875
20.981,33.5404167,33.514,0,1,0,-78.5509643554688,33519,-78.5192413330078,4279,0,4,10,-82,0,-74.4118957519531,-73.6524429321289,-74,0,0.335654171149227,-0.104612235065758,0.327604606964797,-0.287029190067699,0.261799387799149,0,0.909393310546875,0.568161010742188
21.012999999999998,33.5695354,33.546,0,1,0,-69.9934616088867,33550,-68.7132797241211,4279,0,4,10,-59,0,-64.9029769897461,-63.7724876403809,-63,0,0.334216064160584,-0.0761336193417606,0.319727615619004,-0.243938528002275,0.261799387799149,0,0.812526702880859,0.401683807373047
21.043999999999997,33.6033251,33.577,0,1,0,-50.755313873291,33582,-50.3737258911133,4279,0,4,10,-52,0,-48.3835906982422,-47.9217720031738,-48,0,0.328463636206013,-0.220378906883866,0.313768100258069,-0.118402700332808,0.261799387799149,0,0.00785446166992188,0.648571014404297
21.076,33.6353179,33.609,0,1,0,-38.3639373779297,33613,-38.5324745178223,4279,0,4,10,-40,0,-39.8948211669922,-40.0538215637207,-41,0,0.319739120474913,-0.306451112932734,0.311658876674726,-0.028389006020916,0.261799387799149,0,0.21087646484375,0.00061798095703125
21.103,33.6623928,33.636,0,1,0,-44.8731727600098,33641,-45.6577758789063,4279,0,4,10,-54,0,-50.0010604858398,-50.0010604858398,-51,0,0.313123828327157,-0.212916527664788,0.310884216376843,-0.0312403219870134,0.261799387799149,0,0.722103118896484,0.316986083984375
21.129999999999995,33.6881737,33.663,0,1,0,-59.4691734313965,33668,-61.4872627258301,4279,0,4,10,-59,0,-67.4344711303711,-68.1933135986328,-70,0,0.311206352342299,-0.0404606963803076,0.309219847221988,-0.0972221759024592,0.261799387799149,0,0.925796508789063,0.557685852050781
21.156,33.7128647,33.689,0,1,0,-69.8134155273438,33693,-68.0240173339844,4279,0,4,10,-71,0,-66.4028625488281,-66.2494049072266,-67,0,0.312452711732457,0.0542032773025198,0.305446254483789,-0.179140930227845,0.261799387799149,0,0.281444549560547,0.281444549560547
21.18,33.7390686,33.713,0,1,0,-57.4687652587891,33718,-56.5011863708496,4279,0,4,10,-54,0,-53.5081901550293,-52.9972953796387,-53,0,0.313507323524128,0.02272013638202,0.300614215001949,-0.169491048178202,0.261799387799149,0,0.514934539794922,0.514934539794922
21.205999999999996,33.7634784,33.739,0,1,0,-46.8793182373047,33744,-46.459789276123,4279,0,4,10,-47,0,-42.8501777648926,-41.8119430541992,-41,0,0.311685721338514,-0.0991174541960618,0.297270136884358,-0.100742109050486,0.261799387799149,0,0.692806243896484,0.647327423095703
21.231,33.7882081,33.764,0,1,0,-28.5025596618652,33768,-28.0417289733887,4279,0,4,10,-38,0,-27.5140361785889,-27.5140361785889,-28,0,0.307371400372585,-0.202789324533057,0.296342078507688,0.00820320225125215,0.261799387799149,0,0.806774139404297,0.806774139404297
21.256,33.8132924,33.789,0,1,0,-23.868236541748,33793,-23.9064788818359,4279,0,4,10,-24,0,-24.0959033966064,-24.383544921875,-25,0,0.301523098618771,-0.220808870376516,0.296357418315566,-0.000363709091686815,0.261799387799149,0,0.01007080078125,0.176078796386719
21.281,33.8411202,33.814,0,1,0,-40.7219047546387,33819,-41.7540092468262,4279,0,4,10,-36,0,-45.4567604064941,-46.3305931091309,-47,0,0.298359263243757,-0.101655147930785,0.296296059084051,-0.00366079306309075,0.261799387799149,0,0.711353302001953,0.711353302001953
21.310000000000002,33.8682298,33.843,0,1,0,-56.2145729064941,33847,-56.7865943908691,4279,0,4,10,-57,0,-59.3592262268066,-59.3592262268066,-60,0,0.2991262536377,0.033782031763451,0.295751495904352,-0.0420120616294639,0.261799387799149,0,0.883983612060547,0.645408630371094
21.339999999999996,33.898752,33.873,0,1,0,-61.6514892578125,33879,-61.6650505065918,4279,0,4,10,-61,0,-61.1203384399414,-60.8698463439941,-61,0,0.302098341414228,0.107046944761237,0.293864699535252,-0.0733776874008072,0.261799387799149,0,0.605743408203125,0.142917633056641
21.372,33.9330823,33.905,0,1,0,-51.1197166442871,33910,-50.8438911437988,4279,0,4,10,-56,0,-49.6253929138184,-49.6253929138184,-50,0,0.302865331808171,0.00410360934330356,0.291640427392818,-0.060226174676302,0.261799387799149,0,0.271602630615234,0.271602630615234
21.405,33.9630875,33.938,0,1,0,-40.2685089111328,33943,-39.7582664489746,4279,0,4,10,-43,0,-38.7712364196777,-38.5903205871582,-39,0,0.299893244031643,-0.107191448113667,0.290980815654027,7.83601706189074e-07,0.261799387799149,0,0.0803489685058594,0.0803489685058594
21.43,33.9895077,33.963,0,1,0,-33.2893180847168,33968,-33.1584358215332,4279,0,4,10,-36,0,-34.3310012817383,-34.3310012817383,-35,0,0.296825282455872,-0.114581634550063,0.290980815654027,7.95807864051312e-13,0.261799387799149,0,0.554706573486328,0.907207489013672
21.457,34.0150469,33.99,0,1,0,-44.2663955688477,33994,-45.0141677856445,4279,0,4,10,-50,0,-48.1056671142578,-48.1056671142578,-49,0,0.295674796864957,-0.0305951046051405,0.29095013603827,-0.00263461661285191,0.261799387799149,0,0.678485870361328,0.678485870361328
21.482999999999997,34.0422237,34.016,0,1,0,-52.4651985168457,34020,-52.6078796386719,4279,0,4,10,-52,0,-53.9823570251465,-54.1006317138672,-55,0,0.296537661058143,0.0450964435052583,0.290835087479178,-0.00738804754911371,0.261799387799149,0,0.328716278076172,0.328716278076172
21.509999999999998,34.0691046,34.043,0,1,0,-54.7430534362793,34048,-54.7229461669922,4279,0,4,10,-50,0,-54.3314170837402,-54.2731971740723,-55,0,0.298071641846029,0.0506445438324477,0.290505281609783,-0.0153169801736226,0.261799387799149,0,0.889102935791016,0.889102935791016
21.537,34.0949773,34.07,0,1,0,-51.6566429138184,34074,-51.4508590698242,4279,0,4,10,-52,0,-50.8838539123535,-50.7776756286621,-51,0,0.298359263243757,0.00767305744022906,0.290183145644327,-0.00783647935890031,0.261799387799149,0,0.643299102783203,0.703197479248047
21.561999999999998,34.1201147,34.095,0,1,0,-49.6147422790527,34099,-49.4494209289551,4279,0,4,10,-54,0,-49.2818298339844,-49.2818298339844,-50,0,0.2977840204483,-0.0293115874507635,0.290129456316751,-1.05329274902033e-06,0.261799387799149,0,0.223178863525391,0.223178863525391
21.586999999999996,34.1468519,34.12,0,1,0,-48.8976898193359,34127,-48.8250770568848,4279,0,4,10,-61,0,-49.0524787902832,-49.0524787902832,-49,0,0.2971129038536,-0.0210001125328176,0.290121786412811,-0.000222430551048092,0.261799387799149,0,0.636734008789063,0.590770721435547
21.613999999999997,34.1724007,34.147,0,1,0,-50.0968894958496,34151,-50.2135887145996,4279,0,4,10,-49,0,-50.2832069396973,-50.3706398010254,-51,0,0.297017030054357,-0.00218227765378742,0.290114116508872,-4.52742609127199e-05,0.261799387799149,0,0.406978607177734,0.397655487060547
21.638999999999996,34.1974873,34.172,0,1,0,-50.6294364929199,34177,-50.6441230773926,4279,0,4,10,-61,0,-50.6567039489746,-50.6585578918457,-51,0,0.297017030054357,-0.000178947157223774,0.290098776700993,-0.00109287907957878,0.261799387799149,0,0.356090545654297,0.354789733886719
21.665,34.2219244,34.198,0,1,0,-50.6655464172363,34203,-50.665843963623,4279,0,4,10,-50,0,-50.6659126281738,-50.6114883422852,-51,0,0.297017030054357,-1.4673698842671e-05,0.290091106797054,-0.000222432444218157,0.261799387799149,0,0.352542877197266,0.352542877197266
21.690999999999995,34.2484082,34.224,0,1,0,-50.6616249084473,34228,-50.6616554260254,4279,0,4,10,-56,0,-50.6617240905762,-50.6617317199707,-51,0,0.297017030054357,-9.85052963642374e-07,0.290091106797054,-2.26748397835763e-10,0.261799387799149,0,0.339061737060547,0.393672943115234
21.729999999999997,34.2884028,34.263,0,1,0,-50.6553649902344,34268,-50.6555557250977,4279,0,4,10,-49,0,-50.655632019043,-50.655632019043,-51,0,0.297017030054357,-1.99071905626624e-08,0.290083436893114,-1.53454493556637e-09,0.261799387799149,0,0.344352722167969,0.344356536865234
21.762,34.3204568,34.295,0,1,0,-50.6469421386719,34300,-50.6413269042969,4279,0,4,10,-36,0,-50.6437110900879,-50.6437110900879,-51,0,0.297017030054357,-8.10359779279679e-10,0.290075766989175,-1.32094032778696e-06,0.261799387799149,0,0.350620269775391,0.3505859375
21.795,34.3539865,34.328,0,1,0,-50.6494560241699,34333,-50.6494560241699,4279,0,4,10,-43,0,-50.6494560241699,-50.6494560241699,-51,0,0.297017030054357,-2.70006239588838e-11,0.290075766989175,0,0.261799387799149,0,0.350543975830078,0.350543975830078
21.821999999999996,34.3805604,34.355,0,1,0,-50.6621971130371,34360,-50.6002388000488,4279,0,4,10,-54,0,-50.6319999694824,-50.6320838928223,-51,0,0.297017030054357,-1.98951966012828e-12,0.290068097085235,-4.69910315814559e-06,0.261799387799149,0,0.3570556640625,0.356937408447266
21.848999999999997,34.4072698,34.382,0,1,0,-50.6432342529297,34387,-50.6432342529297,4279,0,4,10,-45,0,-50.643238067627,-50.643238067627,-51,0,0.297017030054357,-1.70530256582424e-13,0.290068097085235,-2.8421709430404e-12,0.261799387799149,0,0.356754302978516,0.356754302978516
21.873999999999995,34.4344542,34.407,0,1,0,-50.6094207763672,34412,-50.6260414123535,4279,0,4,10,-61,0,-50.6333045959473,-50.6348342895508,-51,0,0.297017030054357,0,0.290060427181296,-2.95382903914287e-07,0.261799387799149,0,0.362987518310547,0.362979888916016
21.902,34.4606948,34.435,0,1,0,-50.6370277404785,34440,-50.6370315551758,4279,0,4,10,-56,0,-50.6370315551758,-50.6370315551758,-51,0,0.297017030054357,0,0.290060427181296,-3.97903932025656e-13,0.261799387799149,0,0.362968444824219,0.362968444824219
21.933999999999997,34.4926101,34.467,0,1,0,-50.6370315551758,34472,-50.6370315551758,4279,0,4,10,-45,0,-50.6370315551758,-50.6370315551758,-51,0,0.297017030054357,0,0.290052757277356,-0.0018577621999043,0.261799387799149,0,0.337265014648438,0.332782745361328
21.964,34.5239417,34.497,0,1,0,-50.6304092407227,34502,-50.6306800842285,4279,0,4,10,-49,0,-50.6308135986328,-50.6308135986328,-51,0,0.297017030054357,0,0.290052757277356,-1.37180222736788e-09,0.261799387799149,0,0.369178771972656,0.369167327880859
21.997,34.5576772,34.53,0,1,0,-50.6308250427246,34536,-50.6299705505371,4279,0,4,10,-45,0,-50.6366386413574,-50.630744934082,-51,0,0.297017030054357,0,0.290052757277356,0.00164178223218414,0.261799387799149,0,0.415435791015625,0.414463043212891
22.025,34.5846109,34.558,0,1,0,-50.6237716674805,34563,-50.6241073608398,4279,0,4,10,-50,0,-50.6245536804199,-50.6245727539063,-51,0,0.297017030054357,0,0.290045087373417,-4.48841319666826e-09,0.261799387799149,0,0.375423431396484,0.375415802001953
22.052,34.6109695,34.585,0,1,0,-50.624584197998,34590,-50.624584197998,4279,0,4,10,-47,0,-50.624584197998,-50.624584197998,-51,0,0.297017030054357,0,0.290045087373417,0,0.261799387799149,0,0.375415802001953,0.375415802001953
22.077999999999996,34.6379247,34.611,0,1,0,-50.624584197998,34615,-50.624584197998,4279,0,4,10,-50,0,-50.624584197998,-50.624584197998,-51,0,0.297017030054357,0,0.290045087373417,0,0.261799387799149,0,0.375415802001953,0.375415802001953
22.119,34.6769809,34.652,0,1,0,-50.6237258911133,34656,-50.5685615539551,4279,0,4,10,-61,0,-50.5750160217285,-50.5727310180664,-51,0,0.297017030054357,0,0.290037417469478,-0.000113424926894368,0.261799387799149,0,0.388751983642578,0.385837554931641
22.15,34.7087668,34.683,0,1,0,-50.6183547973633,34688,-50.6183547973633,4279,0,4,10,-40,0,-50.6183547973633,-50.6183547973633,-51,0,0.297017030054357,0,0.290037417469478,-4.77484718430787e-12,0.261799387799149,0,0.381645202636719,0.381645202636719
22.180999999999997,34.7412405,34.714,0,1,0,-50.6183547973633,34719,-50.6183547973633,4279,0,4,10,-56,0,-50.6183547973633,-50.6183547973633,-51,0,0.297017030054357,0,0.290037417469478,0,0.261799387799149,0,0.381645202636719,0.381645202636719
22.208,34.7676429,34.741,0,1,0,-50.636417388916,34747,-50.6438026428223,4279,0,4,10,-45,0,-50.5983505249023,-50.600170135498,-51,0,0.297017030054357,0,0.290029747565538,-0.000789507304602921,0.261799387799149,0,0.39495849609375,0.389354705810547
22.235,34.7945943,34.768,0,1,0,-50.6119575500488,34773,-50.6120491027832,4279,0,4,10,-57,0,-50.6121025085449,-50.6121025085449,-51,0,0.297017030054357,0,0.290029747565538,-4.73391992272809e-10,0.261799387799149,0,0.387905120849609,0.387897491455078
22.262,34.8200598,34.795,0,1,0,-50.6120948791504,34800,-50.6120948791504,4279,0,4,10,-43,0,-50.6120948791504,-50.6120948791504,-51,0,0.297017030054357,0,0.290029747565538,0,0.261799387799149,0,0.387905120849609,0.387905120849609
22.289,34.8488244,34.822,0,1,0,-50.6120948791504,34827,-50.6120948791504,4279,0,4,10,-56,0,-50.6120948791504,-50.6120948791504,-51,0,0.297017030054357,0,0.290029747565538,0,0.261799387799149,0,0.387905120849609,0.388759613037109
22.320999999999998,34.8810027,34.854,0,1,0,-50.6023445129395,34859,-50.6046447753906,4279,0,4,10,-50,0,-50.6057662963867,-50.6058006286621,-51,0,0.297017030054357,0,0.290022077661599,-1.14577005660976e-08,0.261799387799149,0,0.394149780273438,0.394153594970703
22.351,34.9104399,34.884,0,1,0,-50.6058502197266,34889,-50.6058502197266,4279,0,4,10,-45,0,-50.6058502197266,-50.6058502197266,-51,0,0.297017030054357,0,0.290022077661599,0,0.261799387799149,0,0.394149780273438,0.394149780273438
22.382999999999996,34.943687,34.916,0,1,0,-50.6058502197266,34921,-50.6058502197266,4279,0,4,10,-49,0,-50.6058502197266,-50.6058502197266,-51,0,0.297017030054357,0,0.290022077661599,0,0.261799387799149,0,0.394149780273438,0.394149780273438
22.411,34.969187,34.944,0,1,0,-50.6058502197266,34949,-50.6049919128418,4279,0,4,10,-50,0,-50.6108283996582,-50.5511360168457,-51,0,0.297017030054357,0,0.290014407757659,-0.000926133918142114,0.261799387799149,0,0.416606903076172,0.41094970703125
22.436999999999998,34.9942231,34.97,0,1,0,-50.599422454834,34974,-50.599536895752,4279,0,4,10,-47,0,-50.5995826721191,-50.5995826721191,-51,0,0.297017030054357,0,0.290014407757659,-9.440555004403e-10,0.261799387799149,0,0.400409698486328,0.400409698486328
22.461,35.0195824,34.994,0,1,0,-50.5995864868164,34999,-50.5995864868164,4279,0,4,10,-54,0,-50.5995864868164,-50.5995864868164,-51,0,0.297017030054357,0,0.290014407757659,0,0.261799387799149,0,0.400413513183594,0.400413513183594
22.485999999999997,35.0475167,35.019,0,1,0,-50.5995864868164,35026,-50.5995864868164,4279,0,4,10,-56,0,-50.5995864868164,-50.5995864868164,-51,0,0.297017030054357,0,0.290014407757659,0,0.261799387799149,0,0.400413513183594,0.400413513183594
22.513999999999996,35.0736612,35.047,0,1,0,-50.5995864868164,35052,-50.5995864868164,4279,0,4,10,-43,0,-50.5995864868164,-50.5987281799316,-51,0,0.297017030054357,0,0.290014407757659,0.00071466935838771,0.261799387799149,0,0.453006744384766,0.393657684326172
22.54,35.0986354,35.073,0,1,0,-50.5808296203613,35078,-50.5887908935547,4279,0,4,10,-50,0,-50.5923042297363,-50.592716217041,-51,0,0.297017030054357,0,0.29000673785372,-2.23108372665592e-07,0.261799387799149,0,0.406715393066406,0.406711578369141
22.565999999999995,35.1240741,35.099,0,1,0,-50.5932960510254,35104,-50.5932960510254,4279,0,4,10,-59,0,-50.5932960510254,-50.5932960510254,-51,0,0.297017030054357,0,0.29000673785372,-3.97903932025656e-13,0.261799387799149,0,0.406703948974609,0.406703948974609
22.591,35.1493329,35.124,0,1,0,-50.5932960510254,35129,-50.5932960510254,4279,0,4,10,-54,0,-50.536792755127,-50.5378570556641,-51,0,0.297017030054357,0,0.29000673785372,0.000511982790385446,0.261799387799149,0,0.454471588134766,0.454471588134766
22.616,35.1748408,35.149,0,1,0,-50.5762405395508,35154,-50.5806655883789,4279,0,4,10,-49,0,-50.5865631103516,-50.5867462158203,-51,0,0.297017030054357,0,0.28999906794978,-1.0132140459973e-07,0.261799387799149,0,0.412990570068359,0.412994384765625
22.647999999999996,35.2084922,35.181,0,1,0,-50.5870170593262,35186,-50.5870170593262,4279,0,4,10,-42,0,-50.5870170593262,-50.5870170593262,-51,0,0.297017030054357,0,0.28999906794978,0,0.261799387799149,0,0.412982940673828,0.412982940673828
22.677999999999997,35.240305,35.211,0,1,0,-50.5870170593262,35216,-50.5870170593262,4279,0,4,10,-50,0,-50.5870170593262,-50.5870170593262,-51,0,0.297017030054357,0,0.289991398045841,-0.00109280129407807,0.261799387799149,0,0.437877655029297,0.453948974609375
22.707,35.265424,35.24,0,1,0,-50.5798225402832,35245,-50.580192565918,4279,0,4,10,-42,0,-50.5806770324707,-50.5806922912598,-51,0,0.297017030054357,0,0.289991398045841,-8.40645952848718e-09,0.261799387799149,0,0.419281005859375,0.419281005859375
22.732,35.290345,35.265,0,1,0,-50.5807189941406,35270,-50.5807189941406,4279,0,4,10,-56,0,-50.5807189941406,-50.5807189941406,-51,0,0.297017030054357,0,0.289991398045841,0,0.261799387799149,0,0.419281005859375,0.419281005859375
22.756999999999998,35.3163176,35.29,0,1,0,-50.5807189941406,35295,-50.5807189941406,4279,0,4,10,-49,0,-50.5807189941406,-50.5807189941406,-51,0,0.297017030054357,0,0.289991398045841,0,0.261799387799149,0,0.419281005859375,0.419281005859375
22.784999999999997,35.346188,35.318,0,1,0,-50.5331993103027,35324,-50.5592651367188,4279,0,4,10,-61,0,-50.5706939697266,-50.5722122192383,-51,0,0.297017030054357,0,0.289983728141902,-4.91815910663718e-07,0.261799387799149,0,0.425640106201172,0.425628662109375
22.814,35.3717511,35.347,0,1,0,-50.5743942260742,35352,-50.5743865966797,4279,0,4,10,-61,0,-50.5743865966797,-50.5743865966797,-51,0,0.297017030054357,0,0.289983728141902,-4.54747350886464e-13,0.261799387799149,0,0.425613403320313,0.425613403320313
22.839,35.39668,35.372,0,1,0,-50.5743865966797,35376,-50.5743865966797,4279,0,4,10,-40,0,-50.5743865966797,-50.5743865966797,-51,0,0.297017030054357,0,0.289983728141902,0,0.261799387799149,0,0.426475524902344,0.482372283935547
22.863,35.4228251,35.396,0,1,0,-50.5652046203613,35402,-50.5663948059082,4279,0,4,10,-61,0,-50.5679550170898,-50.5680160522461,-51,0,0.297017030054357,0,0.289976058237962,-1.5816624454601e-08,0.261799387799149,0,0.431922912597656,0.431926727294922
22.891,35.4504463,35.424,0,1,0,-50.5680770874023,35428,-50.5680770874023,4279,0,4,10,-49,0,-50.5680770874023,-50.5680770874023,-51,0,0.297017030054357,0,0.289976058237962,0,0.261799387799149,0,0.431922912597656,0.431922912597656
22.927999999999997,35.4863312,35.461,0,1,0,-50.5564880371094,35466,-50.5566444396973,4279,0,4,10,-43,0,-50.5613975524902,-50.5613975524902,-51,0,0.297017030054357,0,0.289968388334023,-8.12831899565936e-08,0.261799387799149,0,0.438240051269531,0.438240051269531
22.96,35.5187106,35.493,0,1,0,-50.5617637634277,35497,-50.5617637634277,4279,0,4,10,-45,0,-50.5617637634277,-50.5617637634277,-51,0,0.297017030054357,0,0.289968388334023,0,0.261799387799149,0,0.495201110839844,0.493217468261719
22.993000000000002,35.5522867,35.526,0,1,0,-50.5552787780762,35531,-50.5553703308105,4279,0,4,10,-45,0,-50.5554084777832,-50.5554161071777,-51,0,0.297017030054357,0,0.289960718430083,-4.03190369979711e-10,0.261799387799149,0,0.444583892822266,0.444583892822266
23.019999999999996,35.5787579,35.553,0,1,0,-50.5554161071777,35558,-50.5554161071777,4279,0,4,10,-45,0,-50.5554161071777,-50.5554161071777,-51,0,0.297017030054357,0,0.289960718430083,0,0.261799387799149,0,0.444583892822266,0.444583892822266
23.045,35.6027108,35.578,0,1,0,-50.5314788818359,35583,-50.5321388244629,4279,0,4,10,-50,0,-50.5473785400391,-50.5473785400391,-51,0,0.297017030054357,0,0.289953048526144,-6.49017351861403e-07,0.261799387799149,0,0.450969696044922,0.450969696044922
23.07,35.6273757,35.603,0,1,0,-50.5490760803223,35607,-50.5490760803223,4279,0,4,10,-54,0,-50.5490760803223,-50.5490760803223,-51,0,0.297017030054357,0,0.289953048526144,-1.08002495835535e-12,0.261799387799149,0,0.450923919677734,0.450923919677734
23.095,35.6521636,35.628,0,1,0,-50.5490760803223,35632,-50.5490760803223,4279,0,4,10,-56,0,-50.5490760803223,-50.5481986999512,-51,0,0.297017030054357,0,0.289945378622204,-0.00114309284145975,0.261799387799149,0,0.481311798095703,0.422142028808594
23.119,35.6780891,35.652,0,1,0,-50.540340423584,35657,-50.5419006347656,4279,0,4,10,-52,0,-50.5426559448242,-50.5426826477051,-51,0,0.297017030054357,0,0.289945378622204,-1.30524995256565e-08,0.261799387799149,0,0.457286834716797,0.457279205322266
23.144999999999996,35.7051955,35.678,0,1,0,-50.5427131652832,35683,-50.5427131652832,4279,0,4,10,-49,0,-50.5427131652832,-50.5427131652832,-51,0,0.297017030054357,0,0.289945378622204,0,0.261799387799149,0,0.457286834716797,0.457286834716797
23.171999999999997,35.7326573,35.705,0,1,0,-50.5427131652832,35710,-50.5427131652832,4279,0,4,10,-50,0,-50.5427131652832,-50.5427131652832,-51,0,0.297017030054357,0,0.289945378622204,0,0.261799387799149,0,0.457286834716797,0.457286834716797
23.198999999999998,35.7572998,35.732,0,1,0,-50.5427131652832,35737,-50.5427131652832,4279,0,4,10,-64,0,-50.5418395996094,-50.4863548278809,-51,0,0.297017030054357,0,0.289937708718265,-0.00170206081463675,0.261799387799149,0,0.486492156982422,0.475357055664063
23.223999999999997,35.781657,35.757,0,1,0,-50.5360450744629,35762,-50.5361747741699,4279,0,4,10,-49,0,-50.5363502502441,-50.5363540649414,-51,0,0.297017030054357,0,0.289937708718265,-2.94954816126847e-09,0.261799387799149,0,0.463634490966797,0.463634490966797
23.248999999999995,35.8085196,35.782,0,1,0,-50.5363655090332,35787,-50.5363655090332,4279,0,4,10,-54,0,-50.5363655090332,-50.5363655090332,-51,0,0.297017030054357,0,0.289937708718265,0,0.261799387799149,0,0.463634490966797,0.463634490966797
23.275,35.8349345,35.808,0,1,0,-50.5363655090332,35813,-50.5363655090332,4279,0,4,10,-45,0,-50.5368385314941,-50.5536079406738,-51,0,0.297017030054357,0,0.289937708718265,0.00166702336235858,0.261799387799149,0,0.508350372314453,0.490787506103516
23.304000000000002,35.8627613,35.837,0,1,0,-50.5297622680664,35842,-50.529857635498,4279,0,4,10,-50,0,-50.5299949645996,-50.5299949645996,-51,0,0.297017030054357,0,0.289930038814326,-1.30569333123276e-09,0.261799387799149,0,0.470005035400391,0.470008850097656
23.335,35.8942888,35.868,0,1,0,-50.5299911499023,35873,-50.5299911499023,4279,0,4,10,-52,0,-50.5299911499023,-50.5299911499023,-51,0,0.297017030054357,0,0.289930038814326,0,0.261799387799149,0,0.470008850097656,0.470008850097656
23.366,35.925929,35.899,0,1,0,-50.5001029968262,35904,-50.5065269470215,4279,0,4,10,-49,0,-50.5206718444824,-50.5218734741211,-51,0,0.297017030054357,0,0.289922368910386,-3.81774896140996e-07,0.261799387799149,0,0.476436614990234,0.476432800292969
23.399,35.9580232,35.932,0,1,0,-50.5235786437988,35937,-50.5235786437988,4279,0,4,10,-56,0,-50.5235786437988,-50.5235786437988,-51,0,0.297017030054357,0,0.289922368910386,-0.00315819573978615,0.261799387799149,0,0.514362335205078,0.506317138671875
23.424999999999997,35.9841613,35.958,0,1,0,-50.5165977478027,35963,-50.5169868469238,4279,0,4,10,-50,0,-50.5171775817871,-50.5171813964844,-51,0,0.297017030054357,0,0.289914699006447,-3.21932702718186e-09,0.261799387799149,0,0.482814788818359,0.482810974121094
23.451,36.0113022,35.984,0,1,0,-50.5171852111816,35989,-50.5171852111816,4279,0,4,10,-57,0,-50.5171852111816,-50.5171852111816,-51,0,0.297017030054357,0,0.289907029102507,-0.000378131935633519,0.261799387799149,0,0.50628662109375,0.503910064697266
23.478,36.0417046,36.011,0,1,0,-50.510669708252,36016,-50.5107536315918,4279,0,4,10,-61,0,-50.5099105834961,-50.4527397155762,-51,0,0.297017030054357,0,0.289899359198568,-0.000222430628809889,0.261799387799149,0,0.504032135009766,0.504032135009766
23.524,36.0832965,36.057,0,1,0,-50.4801940917969,36061,-50.4832077026367,4279,0,4,10,-50,0,-50.4962425231934,-50.4969520568848,-51,0,0.297017030054357,0,0.289891689294628,-2.2457351178673e-07,0.261799387799149,0,0.502056121826172,0.502048492431641
23.555,36.1143661,36.088,0,1,0,-50.4831237792969,36092,-50.4886131286621,4279,0,4,10,-42,0,-50.4913330078125,-50.4914131164551,-51,0,0.297017030054357,0,0.289884019390689,-2.6888244519796e-08,0.261799387799149,0,0.508464813232422,0.508468627929688
23.585,36.1465625,36.118,0,1,0,-50.4915351867676,36123,-50.4915351867676,4279,0,4,10,-52,0,-50.4906463623047,-50.4906463623047,-51,0,0.297017030054357,0,0.28987634948675,-0.000232666973602136,0.261799387799149,0,0.520282745361328,0.523735046386719
23.613999999999997,36.1759552,36.147,0,1,0,-50.4850616455078,36153,-50.4850730895996,4279,0,4,10,-49,0,-50.4850807189941,-50.4850807189941,-51,0,0.297017030054357,0.00958737992431224,0.28986867958281,-0.000642824318958901,0.261799387799149,0,0.521415710449219,0.524135589599609
23.641999999999996,36.2028722,36.175,0,1,0,-50.464786529541,36181,-50.4673805236816,4279,0,4,10,-61,0,-50.4725303649902,-50.4725303649902,-51,0,0.297017030054357,-6.77180238426445e-05,0.28986867958281,-3.85455223295139e-10,0.261799387799149,0,0.524082183837891,0.523818969726563
23.668999999999997,36.2328175,36.202,0,1,0,-50.419750213623,36207,-50.447208404541,4279,0,4,10,-56,0,-50.4666290283203,-50.4687576293945,-51,0,0.297017030054357,-4.54594584198276e-06,0.289861009678871,-6.49017351861403e-07,0.261799387799149,0,0.528045654296875,0.528018951416016
23.698999999999998,36.2597598,36.232,0,1,0,-50.4721031188965,36237,-50.472110748291,4279,0,4,10,-54,0,-50.4128189086914,-50.4141120910645,-51,0,0.297017030054357,-2.26048655349587e-07,0.289853339774931,-7.69655885051179e-05,0.261799387799149,0,0.537441253662109,0.537441253662109
23.726,36.2851369,36.259,0,1,0,-50.4655303955078,36264,-50.4655418395996,4279,0,4,10,-50,0,-50.4655532836914,-50.4655494689941,-51,0,0.297017030054357,-1.67713665177871e-08,0.289853339774931,-7.84439180279151e-11,0.261799387799149,0,0.534450531005859,0.535350799560547
23.751999999999995,36.310662,36.285,0,1,0,-50.4538917541504,36290,-50.4559783935547,4279,0,4,10,-54,0,-50.4587516784668,-50.4588394165039,-51,0,0.297017030054357,-1.37521283249953e-09,0.289845669870992,-4.57100668427302e-08,0.261799387799149,0,0.541042327880859,0.541038513183594
23.777,36.337304,36.31,0,1,0,-50.3994598388672,36315,-50.4007682800293,4279,0,4,10,-54,0,-50.4377021789551,-50.4472541809082,-51,0,0.297017030054357,-9.2370555648813e-11,0.289837999967053,-1.87566018894358e-06,0.261799387799149,0,0.547786712646484,0.5477294921875
23.817999999999998,36.3784928,36.351,0,1,0,-50.4711952209473,36356,-50.4608192443848,4279,0,4,10,-54,0,-50.4276924133301,-50.431999206543,-51,0,0.297017030054357,-1.70530256582424e-12,0.289830330063113,-0.000170594755502407,0.261799387799149,0,0.555629730224609,0.560894012451172
23.848999999999997,36.408038,36.382,0,1,0,-50.445728302002,36387,-50.445728302002,4279,0,4,10,-59,0,-50.4457359313965,-50.4457359313965,-51,0,0.297017030054357,-5.6843418860808e-14,0.289830330063113,-2.08615347219165e-11,0.261799387799149,0,0.554264068603516,0.554264068603516
23.879999999999995,36.4412119,36.413,0,1,0,-50.4457359313965,36418,-50.4457359313965,4279,0,4,10,-59,0,-50.4457359313965,-50.4457359313965,-51,0,0.297017030054357,0,0.289830330063113,0,0.261799387799149,0,0.613948822021484,0.611709594726563
23.908,36.4670912,36.441,0,1,0,-50.4832153320313,36446,-50.4179229736328,4279,0,4,10,-49,0,-50.4364967346191,-50.4317512512207,-51,0,0.297017030054357,0,0.289822660159174,-2.71447333943797e-06,0.261799387799149,0,0.561054229736328,0.560985565185547
23.935000000000002,36.4936414,36.468,0,1,0,-50.4391136169434,36473,-50.4391136169434,4279,0,4,10,-43,0,-50.4391098022461,-50.4391098022461,-51,0,0.297017030054357,0,0.289822660159174,-1.64845914696343e-12,0.261799387799149,0,0.560886383056641,0.560886383056641
23.96,36.5202994,36.493,0,1,0,-50.4391136169434,36498,-50.4391136169434,4279,0,4,10,-59,0,-50.4391136169434,-50.4391136169434,-51,0,0.297017030054357,0,0.289822660159174,0,0.261799387799149,0,0.560886383056641,0.560886383056641
23.988999999999997,36.5481923,36.522,0,1,0,-50.4381980895996,36527,-50.3806571960449,4279,0,4,10,-45,0,-50.4172859191895,-50.417781829834,-51,0,0.297017030054357,0,0.289814990255234,-5.42065771469424e-06,0.261799387799149,0,0.567882537841797,0.567737579345703
24.022,36.5815842,36.555,0,1,0,-50.4324798583984,36560,-50.4324722290039,4279,0,4,10,-52,0,-50.4324760437012,-50.4324760437012,-51,0,0.297017030054357,0,0.289814990255234,-5.6843418860808e-14,0.261799387799149,0,0.567523956298828,0.567523956298828
24.052,36.6105836,36.585,0,1,0,-50.4324760437012,36590,-50.4324760437012,4279,0,4,10,-56,0,-50.4324760437012,-50.4324760437012,-51,0,0.297017030054357,0,0.289814990255234,-0.00315819573978615,0.261799387799149,0,0.626060485839844,0.606891632080078
24.082,36.6432083,36.615,0,1,0,-50.4257926940918,36621,-50.4258041381836,4279,0,4,10,-54,0,-50.4258308410645,-50.4258308410645,-51,0,0.297017030054357,0,0.289807320351295,-1.33411504066316e-10,0.261799387799149,0,0.574165344238281,0.574161529541016
24.11,36.6695672,36.643,0,1,0,-50.425838470459,36648,-50.425838470459,4279,0,4,10,-50,0,-50.425838470459,-50.425838470459,-51,0,0.297017030054357,0,0.289799650447355,-0.00185776219984746,0.261799387799149,0,0.605148315429688,0.599155426025391
24.135999999999996,36.6961208,36.669,0,1,0,-50.418830871582,36674,-50.4190711975098,4279,0,4,10,-50,0,-50.4191856384277,-50.4191856384277,-51,0,0.297017030054357,0,0.289799650447355,-1.11396047941525e-09,0.261799387799149,0,0.580810546875,0.580814361572266
24.162999999999997,36.7219526,36.696,0,1,0,-50.4191932678223,36701,-50.4191932678223,4279,0,4,10,-59,0,-50.359073638916,-50.3604698181152,-51,0,0.297017030054357,0,0.289791980543416,-7.69655883914311e-05,0.261799387799149,0,0.592632293701172,0.592632293701172
24.189999999999998,36.7492441,36.723,0,1,0,-50.4124984741211,36728,-50.4124984741211,4279,0,4,10,-49,0,-50.3536911010742,-50.3729820251465,-51,0,0.297017030054357,0,0.289784310639477,-7.69656668353491e-05,0.261799387799149,0,0.597232818603516,0.595981597900391
24.223,36.7808129,36.756,0,1,0,-50.3747062683105,36760,-50.3807029724121,4279,0,4,10,-59,0,-50.393928527832,-50.3960456848145,-51,0,0.297017030054357,0,0.289776640735537,-1.10333138536589e-06,0.261799387799149,0,0.600997924804688,0.600997924804688
24.254999999999995,36.8144831,36.788,0,1,0,-50.3871688842773,36793,-50.3892974853516,4279,0,4,10,-47,0,-50.3921012878418,-50.3922004699707,-51,0,0.297017030054357,0,0.289768970831598,-2.68883013632149e-08,0.261799387799149,0,0.607673645019531,0.607677459716797
24.284999999999997,36.8468123,36.818,0,1,0,-50.3845443725586,36823,-50.3852348327637,4279,0,4,10,-49,0,-50.3855628967285,-50.385570526123,-51,0,0.297017030054357,0,0.289753631023719,-0.00109280240803855,0.261799387799149,0,0.639579772949219,0.639579772949219
24.312999999999995,36.8723154,36.846,0,1,0,-50.3786354064941,36851,-50.378719329834,4279,0,4,10,-56,0,-50.3788261413574,-50.378833770752,-51,0,0.297017030054357,0,0.289745961119779,-0.0018577640936428,0.261799387799149,0,0.652389526367188,0.646373748779297
24.339,36.8979016,36.872,0,1,0,-50.3717041015625,36877,-50.3719367980957,4279,0,4,10,-45,0,-50.3720588684082,-50.3720588684082,-51,0,0.297017030054357,0,0.28973829121584,-0.000642826184389378,0.261799387799149,0,0.652530670166016,0.652530670166016
24.365000000000002,36.9237761,36.898,0,1,0,-50.3651695251465,36903,-50.3652267456055,4279,0,4,10,-49,0,-50.3643608093262,-50.3643608093262,-51,0,0.297017030054357,0,0.289730621311901,-0.000222431205656903,0.261799387799149,0,0.656906127929688,0.656398773193359
24.391,36.9490461,36.924,0,1,0,-50.358470916748,36929,-50.3575477600098,4279,0,4,10,-54,0,-50.3253517150879,-50.3253517150879,-51,0,0.297017030054357,0,0.289722951407961,-4.735779918974e-05,0.261799387799149,0,0.651454925537109,0.650150299072266
24.415999999999997,36.9751345,36.949,0,1,0,-50.3517265319824,36953,-50.3517265319824,4279,0,4,10,-56,0,-50.3117942810059,-50.3203926086426,-51,0,0.297017030054357,0,0.289715281504022,-2.6631739729055e-05,0.261799387799149,0,0.656848907470703,0.656116485595703
24.442,37.0018067,36.975,0,1,0,-50.2853660583496,36980,-50.3049507141113,4279,0,4,10,-50,0,-50.3293151855469,-50.3293151855469,-51,0,0.297017030054357,0,0.289707611600082,-1.87568724641096e-06,0.261799387799149,0,0.701972961425781,0.701972961425781
24.467999999999996,37.0322738,37.001,0,1,0,-50.3053207397461,37007,-50.3078651428223,4279,0,4,10,-38,0,-50.2972526550293,-50.2976913452148,-51,0,0.297017030054357,0,0.289669262080385,-0.00208963433624376,0.261799387799149,0,0.808258056640625,0.799049377441406
24.503999999999998,37.0633949,37.037,0,1,0,-50.1058387756348,37042,-50.1215896606445,4279,0,4,10,-56,0,-50.0844535827637,-50.0586891174316,-51,0,0.297017030054357,0,0.289554213521294,-0.00245272771473992,0.261799387799149,0,0.854831695556641,0.903537750244141
24.534999999999997,37.0929078,37.068,0,1,0,-50.1723518371582,37072,-50.117057800293,4279,0,4,10,-45,0,-50.1616973876953,-50.1628303527832,-51,0,0.297017030054357,0,0.289523533905536,-0.00110869529657975,0.261799387799149,0,0.844009399414063,0.844009399414063
24.564999999999998,37.1231615,37.098,0,1,0,-50.1739349365234,37102,-50.1125869750977,4279,0,4,10,-49,0,-50.1497764587402,-50.1497764587402,-51,0,0.297017030054357,0,0.289515864001597,-9.21519773555701e-06,0.261799387799149,0,0.832595825195313,0.832328796386719
24.598,37.1561327,37.131,0,1,0,-50.1454124450684,37135,-50.1458854675293,4279,0,4,10,-45,0,-50.1601219177246,-50.1605796813965,-51,0,0.297017030054357,0,0.289508194097657,-2.24573739160405e-07,0.261799387799149,0,0.838809967041016,0.838794708251953
24.623999999999995,37.1832563,37.157,0,1,0,-50.1612129211426,37162,-50.1612129211426,4279,0,4,10,-52,0,-50.1602668762207,-50.0987205505371,-51,0,0.297017030054357,0,0.289500524193718,-0.000222430550593344,0.261799387799149,0,0.8609619140625,0.850948333740234
24.650999999999996,37.2096051,37.184,0,1,0,-50.1543617248535,37188,-50.1543617248535,4279,0,4,10,-50,0,-50.154369354248,-50.154369354248,-51,0,0.297017030054357,0,0.289500524193718,-1.33354660647456e-10,0.261799387799149,0,0.845623016357422,0.845623016357422
24.676000000000002,37.2368461,37.209,0,1,0,-50.1223754882813,37214,-50.1285133361816,4279,0,4,10,-49,0,-50.144359588623,-50.144359588623,-51,0,0.297017030054357,0,0.289492854289778,-2.2457351178673e-07,0.261799387799149,0,0.852519989013672,0.852519989013672
24.702999999999996,37.2631811,37.236,0,1,0,-50.1474952697754,37241,-50.1474952697754,4279,0,4,10,-43,0,-50.1465492248535,-50.0848236083984,-51,0,0.297017030054357,0,0.289485184385839,-0.000130841500435963,0.261799387799149,0,0.868404388427734,0.864688873291016
24.729,37.2879725,37.262,0,1,0,-50.1406059265137,37267,-50.1406326293945,4279,0,4,10,-50,0,-50.1406517028809,-50.1406517028809,-51,0,0.297017030054357,0,0.289485184385839,-2.26748397835763e-10,0.261799387799149,0,0.859355926513672,0.859355926513672
24.753999999999998,37.3150144,37.287,0,1,0,-50.1396903991699,37292,-50.0796508789063,4279,0,4,10,-49,0,-50.1183929443359,-50.1247100830078,-51,0,0.297017030054357,0,0.289477514481899,-1.87566013210017e-06,0.261799387799149,0,0.866355895996094,0.866355895996094
24.781,37.3433113,37.314,0,1,0,-50.1337776184082,37319,-50.1337776184082,4279,0,4,10,-49,0,-50.1337776184082,-50.1337776184082,-51,0,0.297017030054357,0,0.289477514481899,-1.08002495835535e-12,0.261799387799149,0,0.866222381591797,0.866222381591797
24.810000000000002,37.3676013,37.343,0,1,0,-50.1114768981934,37347,-50.1178016662598,4279,0,4,10,-49,0,-50.1262321472168,-50.1265068054199,-51,0,0.297017030054357,0,0.28946984457796,-1.32102059069439e-07,0.261799387799149,0,0.873134613037109,0.873134613037109
24.833999999999996,37.3921396,37.367,0,1,0,-50.126880645752,37372,-50.1259346008301,4279,0,4,10,-56,0,-50.1009101867676,-50.1015968322754,-51,0,0.297017030054357,0,0.289462174674021,-1.56657012553296e-05,0.261799387799149,0,0.881095886230469,0.880641937255859
24.857999999999997,37.4172327,37.391,0,1,0,-50.1199913024902,37396,-50.1199951171875,4279,0,4,10,-56,0,-50.1199951171875,-50.1199951171875,-51,0,0.297017030054357,0,0.289454504770081,-0.00185776222696177,0.261799387799149,0,0.912212371826172,0.906028747558594
24.884,37.4444661,37.417,0,1,0,-50.1127052307129,37421,-50.1130027770996,4279,0,4,10,-56,0,-50.1130714416504,-50.1130790710449,-51,0,0.297017030054357,0,0.289454504770081,-6.55234089208534e-10,0.261799387799149,0,0.886924743652344,0.886928558349609
24.911,37.4707342,37.444,0,1,0,-50.0517349243164,37448,-50.0718688964844,4279,0,4,10,-49,0,-50.0970726013184,-50.0970726013184,-51,0,0.297017030054357,0,0.289446834866142,-1.87566013210017e-06,0.261799387799149,0,0.893955230712891,0.893894195556641
24.936999999999998,37.4979138,37.47,0,1,0,-50.1061820983887,37475,-50.1061820983887,4279,0,4,10,-52,0,-50.073902130127,-50.0801048278809,-51,0,0.297017030054357,0,0.289439164962202,-2.66316926627042e-05,0.261799387799149,0,0.901824951171875,0.901824951171875
24.964999999999996,37.5241105,37.498,0,1,0,-50.0992698669434,37503,-50.0992698669434,4279,0,4,10,-54,0,-50.0992774963379,-50.0992736816406,-51,0,0.297017030054357,0,0.289439164962202,-2.71711542154662e-11,0.261799387799149,0,0.900726318359375,0.900726318359375
24.990000000000002,37.548895,37.523,0,1,0,-50.0731353759766,37528,-50.0763549804688,4279,0,4,10,-43,0,-50.0904655456543,-50.091236114502,-51,0,0.297017030054357,0,0.289431495058263,-3.81774952984415e-07,0.261799387799149,0,0.907695770263672,0.907695770263672
25.016,37.5745157,37.549,0,1,0,-112.926246643066,37554,-112.92635345459,4279,0,4,10,-103,0,-112.927230834961,-112.927421569824,-113,0,0.297017030054357,0,0.28826566965947,-0.130591214028755,-0.261799387799149,0,0.0713958740234375,0.0712509155273438
25.040999999999997,37.5994442,37.574,0,1,0,-112.92992401123,37578,-112.930130004883,4279,0,4,10,-121,0,-112.930297851563,-112.930297851563,-113,0,0.296154165861172,-0.0530918073939119,0.282237125163079,-0.299541490110414,-0.261799387799149,0,0.0699005126953125,0.0699386596679688
25.065999999999995,37.6253232,37.599,0,1,0,-112.929351806641,37603,-112.929260253906,4279,0,4,10,-103,0,-112.928749084473,-112.928634643555,-113,0,0.291935718694486,-0.212083802688198,0.272941201588492,-0.421512725604885,-0.261799387799149,0,0.072509765625,0.07269287109375
25.095,37.6549686,37.628,0,1,0,-112.924354553223,37634,-112.924179077148,4279,0,4,10,-108,0,-112.923263549805,-112.923080444336,-113,0,0.279088629595944,-0.497008687145069,0.259503529886614,-0.486005427796101,-0.261799387799149,0,0.0789794921875,0.0789794921875
25.126999999999995,37.6856337,37.66,0,1,0,-112.915672302246,37664,-112.915328979492,4279,0,4,10,-108,0,-112.913803100586,-112.913528442383,-113,0,0.257996393762516,-0.746659908631102,0.243542459788664,-0.553933173029407,-0.261799387799149,0,0.0886383056640625,0.0889434814453125
25.158,37.7177935,37.691,0,1,0,-112.904434204102,37696,-112.903877258301,4279,0,4,10,-107,0,-112.900718688965,-112.900177001953,-113,0,0.230672360978303,-0.935856466022784,0.224099253302213,-0.652967253258367,-0.261799387799149,0,0.102294921875,0.1025390625
25.186999999999998,37.7489991,37.72,0,1,0,-112.895431518555,37725,-112.895416259766,4279,0,4,10,-103,0,-112.894653320313,-112.894470214844,-113,0,0.206608037368347,-0.844595375015274,0.202899638813634,-0.764862549605596,-0.261799387799149,0,0.107101440429688,0.107101440429688
25.216,37.7765844,37.749,0,1,0,-112.891082763672,37755,-112.890914916992,4279,0,4,10,-122,0,-112.890258789063,-112.890083312988,-113,0,0.185132306337948,-0.759660013309656,0.179866917283531,-0.822704031125568,-0.261799387799149,0,0.111801147460938,0.112129211425781
25.243000000000002,37.8028607,37.776,0,1,0,-112.883895874023,37781,-112.883430480957,4279,0,4,10,-112,0,-112.880882263184,-112.880882263184,-113,0,0.166341041686349,-0.722433036073994,0.156880215177065,-0.85966466735681,-0.261799387799149,0,0.120895385742188,0.121185302734375
25.269,37.8298011,37.802,0,1,0,-112.873252868652,37807,-112.872489929199,4279,0,4,10,-114,0,-112.86784362793,-112.86784362793,-113,0,0.147358029436264,-0.786615529878503,0.135151377316664,-0.868573864832371,-0.261799387799149,0,0.140396118164063,0.140396118164063
25.296,37.8550366,37.829,0,1,0,-112.84211730957,37834,-112.840408325195,4279,0,4,10,-112,0,-112.8310546875,-112.829032897949,-113,0,0.12300608442858,-0.965126964464048,0.111911568380197,-0.863652652998752,-0.261799387799149,0,0.186126708984375,0.186126708984375
25.320999999999998,37.8799581,37.854,0,1,0,-112.793426513672,37859,-112.791427612305,4279,0,4,10,-101,0,-112.780044555664,-112.777450561523,-113,0,0.0976954014284668,-1.07874522509741,0.0902517596552517,-0.867651884551734,-0.261799387799149,0,0.248580932617188,0.248580932617188
25.345999999999997,37.904658,37.879,0,1,0,-112.713973999023,37884,-112.707717895508,4279,0,4,10,-103,0,-112.690467834473,-112.690467834473,-113,0,0.0717136018336537,-1.13785679038452,0.0689907859351567,-0.894902154151538,-0.261799387799149,0,0.336441040039063,0.33935546875
25.371000000000002,37.9308428,37.904,0,1,0,-112.624496459961,37909,-112.620323181152,4279,0,4,10,-100,0,-112.595626831055,-112.589004516602,-113,0,0.0454441808411121,-1.0955150741471,0.0450913652598984,-0.947483804819662,-0.261799387799149,0,0.475265502929688,0.475265502929688
25.397,37.9552863,37.93,0,1,0,-112.464431762695,37935,-112.454010009766,4279,0,4,10,-112,0,-112.425193786621,-112.425193786621,-113,0,0.0197500026440276,-1.01819069148186,0.0199647599543316,-0.980733753245403,-0.261799387799149,0,0.62249755859375,0.629646301269531
25.421,37.9798994,37.954,0,1,0,-112.267028808594,37959,-112.253150939941,4279,0,4,10,-107,0,-112.167785644531,-112.146049499512,-113,0,-0.00325970917425699,-0.971369345716826,-0.00380427235395639,-0.993099087019765,-0.261799387799149,0,0.0125885009765625,0.0473480224609375
25.445999999999998,38.0047271,37.979,0,1,0,-111.396865844727,37983,-111.310913085938,4279,0,4,10,-108,0,-110.848342895508,-110.743141174316,-111,0,-0.0254065567993559,-0.969853197982392,-0.0289462174674021,-1.00661193681917,-0.261799387799149,0,0.156005859375,0.327995300292969
25.472,38.0332579,38.005,0,1,0,-106.706008911133,38010,-106.270324707031,4279,0,4,10,-114,0,-103.495147705078,-102.679580688477,-102,0,-0.0498543756062833,-1.00038634065107,-0.0550622403811551,-0.994266606434124,-0.261799387799149,0,0.196479797363281,0.437919616699219
25.5,38.0592064,38.033,0,1,0,-70.0762557983398,38038,-68.7745513916016,4279,0,4,10,-77,0,-63.0483512878418,-62.3261489868164,-62,0,-0.078712389178382,-1.08630188134937,-0.0803652534773287,-0.869524921150784,-0.261799387799149,0,0.241130828857422,0.241130828857422
25.525,38.0841404,38.058,0,1,0,-55.9951858520508,38063,-55.6216659545898,4279,0,4,10,-50,0,-54.9370803833008,-54.8132972717285,-55,0,-0.106324043360324,-1.12909458341171,-0.100360693047418,-0.690669015946142,-0.261799387799149,0,0.0721054077148438,0.0721054077148438
25.551000000000002,38.1099806,38.084,0,1,0,-53.2238006591797,38089,-53.1963081359863,4279,0,4,10,-59,0,-53.160831451416,-53.1834831237793,-54,0,-0.133456328546051,-1.13007491744872,-0.116283413625671,-0.544757905014677,-0.261799387799149,0,0.792896270751953,0.792896270751953
25.576,38.1387518,38.109,0,1,0,-53.2281150817871,38116,-53.2506065368652,4279,0,4,10,-49,0,-53.5005531311035,-53.5688896179199,-54,0,-0.164135944303764,-1.07670216645042,-0.130142930044218,-0.447465430890617,-0.261799387799149,0,0.347576141357422,0.0716590881347656
25.61,38.1690612,38.143,0,1,0,-94.6149291992188,38148,-97.0501174926758,4279,0,4,10,-89,0,-101.435829162598,-101.435829162598,-102,0,-0.179667499781106,-0.489734365121478,-0.144416621275494,-0.543794788871594,-0.261799387799149,0,0.490638732910156,0.490638732910156
25.64,38.1987261,38.173,0,1,0,-71.3736572265625,38178,-66.53857421875,4279,0,4,10,-71,0,-58.6074867248535,-58.6074867248535,-58,0,-0.195007307659962,-0.561476161821247,-0.16284740044194,-0.631993157349342,-0.261799387799149,0,0.790966033935547,0.142498016357422
25.671,38.2307793,38.204,0,1,0,-56.1435508728027,38209,-58.5088691711426,4279,0,4,10,-57,0,-63.4315605163574,-64.094108581543,-65,0,-0.204978182781219,-0.248608430057999,-0.181469927206871,-0.528321759335682,-0.261799387799149,0,0.784503936767578,0.462532043457031
25.705,38.264475,38.238,0,1,0,-51.1210060119629,38243,-51.2419700622559,4279,0,4,10,-59,0,-46.321964263916,-44.8675422668457,-45,0,-0.213319203315347,-0.295324142296408,-0.197561385671792,-0.428902504053752,-0.261799387799149,0,0.06256103515625,0.793769836425781
25.731,38.2905468,38.264,0,1,0,-30.009952545166,38269,-27.5947303771973,4279,0,4,10,-26,0,-23.4918022155762,-22.707971572876,-23,0,-0.223194204637361,-0.425274882356888,-0.20643546452971,-0.273998441313921,-0.261799387799149,0,0.785200119018555,0.0748386383056641
25.756,38.3149391,38.289,0,1,0,-18.0871829986572,38294,-17.8813667297363,4279,0,4,10,-22,0,-17.4558200836182,-17.4558200836182,-18,0,-0.23527430334196,-0.524219003220367,-0.21086099910276,-0.125021590814583,-0.261799387799149,0,0.806510925292969,0.806510925292969
25.781999999999996,38.3426049,38.315,0,1,0,-21.2413558959961,38319,-21.9156494140625,4279,0,4,10,-8,0,-24.6653099060059,-25.3570079803467,-26,0,-0.248313140038988,-0.482163443231514,-0.212701776048223,-0.0413240903576195,-0.261799387799149,0,0.666389465332031,0.828304290771484
25.808999999999997,38.3678769,38.342,0,1,0,-54.391918182373,38346,-55.6414794921875,4279,0,4,10,-54,0,-65.0616683959961,-67.2542953491211,-70,0,-0.251668723012488,-0.0842600353507237,-0.214389154914897,-0.114024309555191,-0.261799387799149,0,0.310844421386719,0.0636215209960938
25.833999999999996,38.3955522,38.367,0,1,0,-70.2352828979492,38372,-67.5362091064453,4279,0,4,10,-59,0,-58.1780891418457,-58.1780891418457,-58,0,-0.253010956201888,-0.0876527449063929,-0.220141582869468,-0.260151955604101,-0.261799387799149,0,0.112594604492188,0.161758422851563
25.863,38.4222646,38.396,0,1,0,-44.2720336914063,38401,-45.0915336608887,4279,0,4,10,-40,0,-49.6217308044434,-50.3720817565918,-52,0,-0.252819208603402,0.0965859676911123,-0.227412651804046,-0.26300414880842,-0.261799387799149,0,0.411762237548828,0.411762237548828
25.891,38.4494716,38.424,0,1,0,-44.896110534668,38429,-43.8559303283691,4279,0,4,10,-38,0,-39.9907417297363,-39.0383796691895,-39,0,-0.251860470610974,0.00354374683013248,-0.234361584773168,-0.223269776279892,-0.261799387799149,0,0.966697692871094,0.428905487060547
25.92,38.4798988,38.453,0,1,0,-9.82447147369385,38458,-7.44799757003784,4279,0,4,10,-12,0,-2.45809173583984,-1.79885816574097,-2,0,-0.257133529569331,-0.226180548922571,-0.238641391171369,-0.0492461342675199,-0.261799387799149,0,0.0176486670970917,0.978583306074142
25.951999999999998,38.5107793,38.485,0,1,0,-1.26972150802612,38490,-1.21861600875854,4279,0,4,10,-7,0,-1.29871654510498,-1.29871654510498,-2,0,-0.267104404690587,-0.356160283015811,-0.238702750402885,-7.3496647473803e-05,-0.261799387799149,0,0.987268447875977,0.801833152770996
25.984,38.5454046,38.517,0,1,0,-11.5421562194824,38522,-12.6925773620605,4279,0,4,10,-1,0,-18.9891757965088,-20.511646270752,-21,0,-0.274678434830773,-0.180316745092739,-0.238802459154097,-0.0132169435314609,-0.261799387799149,0,0.0875968933105469,0.722721099853516
26.012999999999998,38.5734996,38.546,0,1,0,-48.9761581420898,38551,-49.0170478820801,4279,0,4,10,-50,0,-48.6747589111328,-48.5776824951172,-49,0,-0.275061930027744,-0.0107581080106343,-0.240098672919861,-0.085099734734996,-0.261799387799149,0,0.0195121765136719,0.273143768310547
26.043999999999997,38.6032938,38.577,0,1,0,-42.7828178405762,38582,-42.7238121032715,4279,0,4,10,-40,0,-44.5230751037598,-44.5230751037598,-46,0,-0.273623823039101,0.10494118406848,-0.243573139404422,-0.129204659920703,-0.261799387799149,0,0.548404693603516,0.548404693603516
26.074999999999996,38.6359322,38.608,0,1,0,-46.0485305786133,38612,-45.4280815124512,4279,0,4,10,-45,0,-42.1987495422363,-41.3269844055176,-41,0,-0.270364113864844,0.0610639731916081,-0.247385081662317,-0.120994414505191,-0.261799387799149,0,0.0120506286621094,0.632101058959961
26.101999999999997,38.6626639,38.635,0,1,0,-16.1305885314941,38640,-14.5429000854492,4279,0,4,10,-12,0,-4.10548067092896,-3.32922792434692,-3,0,-0.272856832645158,-0.119636215344656,-0.249402266398387,-0.00496232364389471,-0.261799387799149,0,0.404582500457764,0.726007223129272
26.128999999999998,38.6883236,38.662,0,1,0,4.51070642471313,38666,4.58770370483398,4279,0,4,10,8,0,4.59294700622559,4.59294700622559,4,0,-0.278417513001244,-0.215843664853992,-0.249340907166872,1.78438754403487e-05,-0.261799387799149,0,0.888198852539063,0.888198852539063
26.155,38.715491,38.688,0,1,0,2.08935642242432,38692,1.75794148445129,4279,0,4,10,0,0,-0.425540000200272,-1.04719543457031,-2,0,-0.282827707766415,-0.145411362636423,-0.249348577070811,-1.32091315663274e-07,-0.261799387799149,0,0.911723136901855,0.590943336486816
26.180999999999997,38.743292,38.714,0,1,0,-28.6659317016602,38720,-29.856273651123,4279,0,4,10,-29,0,-34.9450950622559,-35.403938293457,-37,0,-0.283307076762629,-0.00593539483224959,-0.249547994573236,-0.0182690935771177,-0.261799387799149,0,0.431118011474609,0.431118011474609
26.208999999999996,38.7684075,38.742,0,1,0,-39.7418785095215,38747,-40.0359840393066,4279,0,4,10,-40,0,-41.4349365234375,-42.1918296813965,-43,0,-0.281868969773987,0.0802771935397004,-0.250529742277483,-0.057925772041898,-0.261799387799149,0,0.802082061767578,0.729648590087891
26.235,38.7937944,38.768,0,1,0,-43.3144187927246,38772,-42.6390495300293,4279,0,4,10,-40,0,-40.0567588806152,-39.3123817443848,-40,0,-0.279472124792915,0.0896662005162625,-0.25257760662931,-0.0992788217812404,-0.261799387799149,0,0.847553253173828,0.526371002197266
26.259999999999998,38.8199337,38.793,0,1,0,-25.3758144378662,38797,-24.146240234375,4279,0,4,10,-26,0,-17.2491607666016,-16.1112174987793,-17,0,-0.279567998592158,-0.029111239416693,-0.254625470981138,-0.0487408807329359,-0.261799387799149,0,0.830260276794434,0.0106492042541504
26.286,38.8464542,38.819,0,1,0,2.70412015914917,38825,3.8817093372345,4279,0,4,10,0,0,5.81732225418091,5.86122941970825,6,0,-0.282635960167929,-0.132528570119518,-0.254824888483563,-0.00154397458811673,-0.261799387799149,0,0.805637359619141,0.647715091705322
26.326,38.885266,38.859,0,1,0,2.9473729133606,38864,2.64224886894226,4279,0,4,10,0,0,0.22509953379631,-0.279547721147537,-1,0,-0.286758533535372,-0.0766082321912904,-0.254824888483563,-1.31347803744575e-08,-0.261799387799149,0,0.49699592590332,0.49699592590332
26.357999999999997,38.9176091,38.891,0,1,0,-26.5270481109619,38896,-26.9207344055176,4279,0,4,10,-26,0,-30.6767730712891,-31.5217437744141,-32,0,-0.286279164539158,0.0346241277800345,-0.254985956466291,-0.0160709090155819,-0.261799387799149,0,0.706756591796875,0.317642211914063
26.39,38.9495692,38.923,0,1,0,-34.1257133483887,38928,-34.2086219787598,4279,0,4,10,-28,0,-32.925609588623,-32.4462471008301,-33,0,-0.284553436152786,0.043982178019462,-0.256044403209932,-0.0415872304171216,-0.261799387799149,0,0.346973419189453,0.893342971801758
26.418999999999997,38.9788233,38.952,0,1,0,-20.6515369415283,38957,-18.8818321228027,4279,0,4,10,-22,0,-15.2826833724976,-14.9516038894653,-15,0,-0.284649309952029,-0.0135381064378635,-0.256995471298421,-0.0173455338697863,-0.261799387799149,0,0.528652191162109,0.656827926635742
26.449999999999996,39.0095861,38.983,0,1,0,-5.18305540084839,38988,-4.68401956558228,4279,0,4,10,-1,0,-3.48447132110596,-3.67163610458374,-4,0,-0.286087416940672,-0.0545307470242733,-0.257033820818118,2.6212204602416e-06,-0.261799387799149,0,0.0739970207214355,0.120202541351318
26.479999999999997,39.0425064,39.013,0,1,0,-8.0918436050415,39019,-9.24984741210938,4279,0,4,10,-10,0,-11.4296808242798,-12.6399011611938,-13,0,-0.287046154933101,-0.0207510122567669,-0.257041490722058,-9.21511809792719e-06,-0.261799387799149,0,0.654167175292969,0.168464660644531
26.507999999999996,39.0690094,39.041,0,1,0,-21.6922874450684,39047,-21.8560352325439,4279,0,4,10,-24,0,-23.9142074584961,-24.1527557373047,-25,0,-0.286662659736129,0.0130040329866574,-0.257087510145694,-0.00590899352107499,-0.261799387799149,0,0.205181121826172,0.230442047119141
26.536,39.0950429,39.069,0,1,0,-21.9038925170898,39073,-21.684154510498,4279,0,4,10,-31,0,-19.9750633239746,-19.7604789733887,-20,0,-0.286470912137643,0.0040722204054191,-0.257417316015089,-0.0128071389979709,-0.261799387799149,0,0.520214080810547,0.529956817626953
26.561,39.120036,39.094,0,1,0,-17.4856472015381,39099,-17.3691539764404,4279,0,4,10,-22,0,-17.4939460754395,-17.5178451538086,-18,0,-0.286470912137643,0.000333922800223263,-0.257655083037212,-0.00114126088698185,-0.261799387799149,0,0.873542785644531,0.194303512573242
26.586,39.1482576,39.119,0,1,0,-18.0065441131592,39126,-17.5956344604492,4279,0,4,10,-22,0,-18.0125427246094,-17.6317272186279,-19,0,-0.286566785936886,-0.00348516527873244,-0.257655083037212,-4.02565092372242e-10,-0.261799387799149,0,0.132808685302734,0.132808685302734
26.615000000000002,39.17364,39.148,0,1,0,-17.0045013427734,39152,-17.0956382751465,4279,0,4,10,-14,0,-17.1852378845215,-18.0888862609863,-18,0,-0.286470912137643,-0.00319936452905267,-0.257655083037212,0,-0.261799387799149,0,0.874416351318359,0.195098876953125
26.64,39.2008724,39.173,0,1,0,-17.9724750518799,39178,-17.8154373168945,4279,0,4,10,-19,0,-17.8431701660156,-17.8431701660156,-19,0,-0.286566785936886,-0.00255145444441496,-0.257662752941151,-3.65568433835506e-06,-0.261799387799149,0,0.261819839477539,0.960697174072266
26.668,39.2267714,39.201,0,1,0,-18.7293930053711,39205,-19.1561012268066,4279,0,4,10,-17,0,-17.8635005950928,-18.7294731140137,-18,0,-0.286566785936886,-0.00290300139795363,-0.257662752941151,-3.75166564481333e-12,-0.261799387799149,0,0.431247711181641,0.612983703613281
26.692,39.2524793,39.225,0,1,0,-18.8966178894043,39230,-18.0649299621582,4279,0,4,10,-19,0,-18.0894050598145,-17.744743347168,-19,0,-0.286566785936886,-0.00247014029656611,-0.257662752941151,0,-0.261799387799149,0,0.242820739746094,0.242820739746094
26.717999999999996,39.2777291,39.251,0,1,0,-17.9393348693848,39256,-17.7656497955322,4279,0,4,10,-17,0,-18.1010360717773,-18.1010360717773,-19,0,-0.286470912137643,-0.00256329533294775,-0.257662752941151,0,-0.261799387799149,0,0.202108383178711,0.883176803588867
26.744,39.3043717,39.277,0,1,0,-18.1677627563477,39282,-18.2237434387207,4279,0,4,10,-17,0,-18.1175060272217,-18.7833938598633,-19,0,-0.286566785936886,-0.00325152998851763,-0.257662752941151,0,-0.261799387799149,0,0.339042663574219,0.339042663574219
26.769999999999996,39.332398,39.303,0,1,0,-17.9776878356934,39308,-17.6661930084229,4279,0,4,10,-14,0,-17.7631645202637,-17.7708854675293,-19,0,-0.286566785936886,-0.00228331049748931,-0.257662752941151,0,-0.261799387799149,0,0.34663200378418,0.34663200378418
26.799,39.3584777,39.332,0,1,0,-18.7500762939453,39336,-18.1749858856201,4279,0,4,10,-12,0,-18.8863220214844,-18.2172584533691,-19,0,-0.286566785936886,-0.0011503938087003,-0.257662752941151,0,-0.261799387799149,0,0.167858123779297,0.167858123779297
26.823999999999998,39.38498,39.357,0,1,0,-18.3909740447998,39362,-18.190803527832,4279,0,4,10,-22,0,-18.5525207519531,-18.5525207519531,-19,0,-0.286566785936886,-0.00102807035665364,-0.257662752941151,0.000162974006798322,-0.261799387799149,0,0.775203704833984,0.106159210205078
26.851999999999997,39.4112693,39.385,0,1,0,-18.0952262878418,39389,-18.0274219512939,4279,0,4,10,-10,0,-19.1094169616699,-18.4452476501465,-19,0,-0.286566785936886,-0.00224328641445481,-0.257670422845091,-1.90358816780645e-05,-0.261799387799149,0,0.474231719970703,0.474231719970703
26.876999999999995,39.437652,39.41,0,1,0,-18.0667304992676,39414,-17.8569145202637,4279,0,4,10,-22,0,-18.0632076263428,-17.9729652404785,-18,0,-0.286566785936886,-0.00110493317089322,-0.257670422845091,-2.0853121327491e-06,-0.261799387799149,0,0.823249816894531,0.960969924926758
26.915,39.4736073,39.448,0,1,0,-18.2988052368164,39453,-18.131763458252,4279,0,4,10,-17,0,-17.9179096221924,-17.7428455352783,-18,0,-0.286566785936886,-0.00251085424616804,-0.257670422845091,0,-0.261799387799149,0,0.247867584228516,0.220897674560547
26.945,39.5043493,39.478,0,1,0,-17.8991394042969,39483,-18.5985641479492,4279,0,4,10,-17,0,-17.8895606994629,-17.8895606994629,-18,0,-0.286566785936886,-0.00184550636646463,-0.257670422845091,0,-0.261799387799149,0,0.368293762207031,0.368293762207031
26.976,39.5383532,39.509,0,1,0,-17.8340873718262,39513,-18.8156547546387,4279,0,4,10,-17,0,-17.9507675170898,-17.7316360473633,-18,0,-0.286566785936886,0.00848149296729162,-0.257670422845091,0,-0.261799387799149,0,0.0871295928955078,0.0871295928955078
27.004999999999995,39.5646279,39.538,0,1,0,-17.7798709869385,39543,-17.8093109130859,4279,0,4,10,-14,0,-17.9196128845215,-17.9357833862305,-19,0,-0.286566785936886,-0.00110502936189505,-0.257670422845091,0,-0.261799387799149,0,0.733142852783203,0.00568008422851563
27.031,39.5912593,39.564,0,1,0,-17.9575939178467,39569,-17.9690322875977,4279,0,4,10,-22,0,-18.2034130096436,-18.0619964599609,-19,0,-0.286470912137643,0.00856769779187516,-0.257670422845091,0,-0.261799387799149,0,0.938934326171875,0.899539947509766
27.058,39.6166522,39.591,0,1,0,-17.8474140167236,39595,-17.9079322814941,4279,0,4,10,-19,0,-18.0552425384521,-18.0701808929443,-19,0,-0.286470912137643,-0.00259704583783105,-0.257670422845091,0,-0.261799387799149,0,0.952747344970703,0.0724372863769531
27.082,39.6443088,39.615,0,1,0,-17.7295303344727,39622,-18.8250541687012,4279,0,4,10,-14,0,-18.0466136932373,-17.8178539276123,-18,0,-0.286566785936886,-0.00101136894159026,-0.257670422845091,0,-0.261799387799149,0,0.186965942382813,0.160697937011719
27.116999999999997,39.6772457,39.65,0,1,0,-18.2696647644043,39655,-18.5373382568359,4279,0,4,10,-14,0,-18.8626022338867,-18.3697624206543,-19,0,-0.286566785936886,-0.00208988910299013,-0.257670422845091,0,-0.261799387799149,0,0.430690765380859,0.430690765380859
27.147999999999996,39.7068442,39.681,0,1,0,-17.8502941131592,39685,-17.8730964660645,4279,0,4,10,-14,0,-17.9583358764648,-17.9708290100098,-18,0,-0.286566785936886,-0.000215591679534555,-0.257670422845091,0,-0.261799387799149,0,0.96929931640625,0.963657379150391
27.177999999999997,39.7396599,39.711,0,1,0,-18.7665100097656,39716,-17.9406089782715,4279,0,4,10,-14,0,-17.9197273254395,-17.9270820617676,-18,0,-0.286566785936886,-0.00075181617518183,-0.257670422845091,0,-0.261799387799149,0,0.695100784301758,0.850818634033203
27.205,39.7636376,39.738,0,1,0,-18.2619323730469,39743,-18.0838813781738,4279,0,4,10,-10,0,-18.0310802459717,-17.8089485168457,-18,0,-0.286566785936886,-0.000509522282413855,-0.257670422845091,0,-0.261799387799149,0,0.852352142333984,0.88422966003418
27.229999999999997,39.788384,39.763,0,1,0,-18.1284561157227,39767,-18.9036140441895,4279,0,4,10,-22,0,-18.0413112640381,-18.0413112640381,-19,0,-0.286470912137643,0.00808731137090035,-0.257670422845091,0,-0.261799387799149,0,0.407718658447266,0.407718658447266
27.253999999999998,39.8149115,39.787,0,1,0,-18.1700096130371,39793,-18.0362224578857,4279,0,4,10,-22,0,-18.3386211395264,-17.8782863616943,-18,0,-0.286566785936886,-0.00193495844621339,-0.257670422845091,0,-0.261799387799149,0,0.0358180999755859,0.146728515625
27.281,39.8440918,39.814,0,1,0,-18.1793727874756,39819,-18.0967063903809,4279,0,4,10,-14,0,-18.1616096496582,-18.1616096496582,-18,0,-0.286566785936886,-0.00164517428612498,-0.257670422845091,0,-0.261799387799149,0,0.317661285400391,0.278570175170898
27.318999999999996,39.8787862,39.852,0,1,0,-18.0346298217773,39857,-18.0398902893066,4279,0,4,10,-19,0,-18.8678684234619,-18.8678684234619,-19,0,-0.286566785936886,-0.000796817062337141,-0.257670422845091,0,-0.261799387799149,0,0.955356597900391,0.913833618164063
27.35,39.9099755,39.883,0,1,0,-18.1700553894043,39888,-17.9690399169922,4279,0,4,10,-17,0,-17.5404777526855,-17.5404777526855,-18,0,-0.286566785936886,-0.000894715910987998,-0.257670422845091,0,-0.261799387799149,0,0.353828430175781,0.768135070800781
27.381,39.9424701,39.914,0,1,0,-17.8675117492676,39919,-17.701940536499,4279,0,4,10,-17,0,-17.8543434143066,-17.8543434143066,-18,0,-0.286566785936886,-0.000426906855295783,-0.257670422845091,0,-0.261799387799149,0,0.799200057983398,0.799200057983398
27.408,39.9695085,39.941,0,1,0,-17.9416313171387,39946,-18.2466506958008,4279,0,4,10,-19,0,-17.8526344299316,-18.6715049743652,-19,0,-0.286566785936886,-0.00160647506453415,-0.257670422845091,0,-0.261799387799149,0,0.269916534423828,0.269916534423828
27.435000000000002,39.9953886,39.968,0,1,0,-17.7572193145752,39972,-17.8262634277344,4279,0,4,10,-10,0,-17.7689552307129,-17.7689552307129,-19,0,-0.286566785936886,-0.00180080476474132,-0.257670422845091,0,-0.261799387799149,0,0.794727325439453,0.356220245361328
27.461,40.0222222,39.994,0,1,0,-18.7414684295654,40000,-18.0407676696777,4279,0,4,10,-17,0,-17.6272354125977,-17.6692962646484,-18,0,-0.286470912137643,-0.00212956593412628,-0.257670422845091,0,-0.261799387799149,0,0.151260375976563,0.13555908203125
27.490000000000002,40.0514061,40.023,0,1,0,-18.3812656402588,40028,-18.9777183532715,4279,0,4,10,-14,0,-17.7807273864746,-17.8049812316895,-18,0,-0.286566785936886,-0.00103421856192654,-0.257670422845091,0,-0.261799387799149,0,0.166336059570313,0.142021179199219
27.518,40.0782626,40.051,0,1,0,-18.5584831237793,40056,-18.2499160766602,4279,0,4,10,-10,0,-18.2580699920654,-18.0317611694336,-19,0,-0.286566785936886,-0.00165626471738278,-0.257670422845091,0,-0.261799387799149,0,0.211349487304688,0.145219802856445
27.543999999999997,40.1037621,40.077,0,1,0,-17.6517581939697,40082,-17.7319564819336,4279,0,4,10,-22,0,-17.872579574585,-18.6955451965332,-19,0,-0.286566785936886,-0.00110357039147857,-0.257670422845091,0,-0.261799387799149,0,0.960479736328125,0.183444976806641
27.57,40.129745,40.103,0,1,0,-18.0439796447754,40107,-17.813892364502,4279,0,4,10,-19,0,-17.9047737121582,-17.9223937988281,-18,0,-0.286566785936886,-0.000303543083475688,-0.257670422845091,0,-0.261799387799149,0,0.840888977050781,0.904806137084961
27.598,40.157644,40.131,0,1,0,-18.0030765533447,40136,-18.0188007354736,4279,0,4,10,-7,0,-18.0422477722168,-18.0467777252197,-19,0,-0.286566785936886,-8.61551367847824e-05,-0.257670422845091,0,-0.261799387799149,0,0.730968475341797,0.730968475341797
27.628999999999998,40.1881342,40.162,0,1,0,-17.880729675293,40167,-17.918628692627,4279,0,4,10,-17,0,-17.9859104156494,-17.9859104156494,-18,0,-0.286566785936886,-0.000188199401293332,-0.257670422845091,0,-0.261799387799149,0,0.809005737304688,0.77996826171875
27.659999999999997,40.220549,40.193,0,1,0,-17.9308547973633,40198,-17.8773002624512,4279,0,4,10,-15,0,-18.1466846466064,-18.012752532959,-18,0,-0.286566785936886,-0.00110882689000391,-0.257670422845091,0,-0.261799387799149,0,0.00978660583496094,0.00978660583496094
27.692999999999998,40.2544398,40.226,0,1,0,-18.2565574645996,40231,-17.9974174499512,4279,0,4,10,-14,0,-17.7604484558105,-17.7917537689209,-18,0,-0.286566785936886,-0.000489341006812083,-0.257670422845091,0,-0.261799387799149,0,0.0442276000976563,0.0315093994140625
27.72,40.2801928,40.253,0,1,0,-18.0451908111572,40258,-18.053295135498,4279,0,4,10,-14,0,-18.2450523376465,-18.1414070129395,-19,0,-0.286566785936886,0.0090979624319516,-0.257670422845091,0,-0.261799387799149,0,0.869003295898438,0.960414886474609
27.744999999999997,40.3055374,40.278,0,1,0,-18.3217849731445,40283,-18.1636734008789,4279,0,4,10,-8,0,-18.2409420013428,-17.9081420898438,-18,0,-0.286566785936886,-0.000911593157070456,-0.257670422845091,0,-0.261799387799149,0,0.136039733886719,0.136039733886719
27.771,40.3335799,40.304,0,1,0,-18.0066165924072,40309,-18.0217170715332,4279,0,4,10,-19,0,-18.8536796569824,-18.4266815185547,-19,0,-0.286566785936886,-0.00165642775948527,-0.257670422845091,0,-0.261799387799149,0,0.09381103515625,0.09381103515625
27.799999999999997,40.3589539,40.333,0,1,0,-17.85400390625,40337,-18.6991214752197,4279,0,4,10,-12,0,-18.4094581604004,-18.4094581604004,-20,0,-0.286566785936886,-0.0021672508508459,-0.257670422845091,0,-0.261799387799149,0,0.821229934692383,0.172428131103516
27.824999999999996,40.384135,40.358,0,1,0,-17.7074165344238,40363,-17.7438087463379,4279,0,4,10,-12,0,-17.879768371582,-18.7021675109863,-19,0,-0.286566785936886,0.00849561651818931,-0.257670422845091,0,-0.261799387799149,0,0.416810989379883,0.912303924560547
27.85,40.4096194,40.383,0,1,0,-17.82177734375,40388,-17.6638450622559,4279,0,4,10,-14,0,-17.8046607971191,-17.8317241668701,-18,0,-0.286566785936886,-0.000468066663586342,-0.257670422845091,0,-0.261799387799149,0,0.0262317657470703,0.0262317657470703
27.875,40.4372313,40.408,0,1,0,-18.0471305847168,40413,-18.0548877716064,4279,0,4,10,-10,0,-18.2671451568604,-18.2237777709961,-19,0,-0.286566785936886,-0.000481541666658813,-0.257670422845091,0,-0.261799387799149,0,0.0420932769775391,0.0295581817626953
27.909999999999997,40.4700277,40.443,0,1,0,-18.1249580383301,40448,-18.1605682373047,4279,0,4,10,-19,0,-18.5188255310059,-18.1142158508301,-19,0,-0.286566785936886,-0.00128235794846887,-0.257670422845091,0,-0.261799387799149,0,0.260959625244141,0.227603912353516
27.940999999999995,40.5022835,40.474,0,1,0,-17.9810523986816,40479,-17.7638511657715,4279,0,4,10,-15,0,-17.910795211792,-17.910795211792,-18,0,-0.286566785936886,-0.000324565826304024,-0.257670422845091,0.000264692354960516,-0.261799387799149,0,0.984401702880859,0.97575569152832
27.973,40.5316696,40.506,0,1,0,-17.9506378173828,40510,-17.9644336700439,4279,0,4,10,-15,0,-18.0114059448242,-18.0170211791992,-19,0,-0.286566785936886,-0.000138023603653892,-0.257670422845091,4.24476183980005e-07,-0.261799387799149,0,0.947917938232422,0.947917938232422
28.004999999999995,40.5640248,40.538,0,1,0,-18.3138160705566,40542,-18.930233001709,4279,0,4,10,-15,0,-18.7100715637207,-18.2823295593262,-19,0,-0.286566785936886,-0.00233284704484049,-0.257670422845091,0,-0.261799387799149,0,0.265310287475586,0.235973358154297
28.028999999999996,40.59042,40.562,0,1,0,-17.9484367370605,40567,-17.9605140686035,4279,0,4,10,-24,0,-17.6648063659668,-17.6648063659668,-18,0,-0.286470912137643,-0.00128933001587939,-0.257670422845091,0.000145464962088226,-0.261799387799149,0,0.913225173950195,0.105337142944336
28.055999999999997,40.6146031,40.589,0,1,0,-17.8198070526123,40593,-17.916877746582,4279,0,4,10,-21,0,-17.9494743347168,-17.9744415283203,-18,0,-0.286566785936886,-0.000267608451167689,-0.257670422845091,2.23228761342398e-06,-0.261799387799149,0,0.603832244873047,0.603832244873047
28.08,40.6417724,40.613,0,1,0,-18.2353858947754,40619,-17.9434986114502,4279,0,4,10,-19,0,-18.0387573242188,-17.8973846435547,-18,0,-0.286566785936886,-0.00101350689539004,-0.25767809274903,0.00209551953696518,-0.261799387799149,0,0.315631866455078,0.315631866455078
28.112000000000002,40.6709699,40.645,0,1,0,-17.9964294433594,40649,-17.7894706726074,4279,0,4,10,-15,0,-17.8976955413818,-17.8976955413818,-18,0,-0.286566785936886,-0.000350649435858941,-0.257670422845091,1.57940519329713e-07,-0.261799387799149,0,0.997190475463867,0.988912582397461
28.143,40.7030744,40.676,0,1,0,-18.8796463012695,40681,-19.0866470336914,4279,0,4,10,-26,0,-18.1997680664063,-18.1997680664063,-18,0,-0.286566785936886,-0.000838331374893642,-0.257670422845091,0.000870370743712101,-0.261799387799149,0,0.0967159271240234,0.0704803466796875
28.174,40.7350175,40.707,0,1,0,-18.0703811645508,40711,-18.0650825500488,4279,0,4,10,-24,0,-18.4428310394287,-19.079460144043,-20,0,-0.286566785936886,-0.00154358873874116,-0.257670422845091,-0.00315812864130294,-0.261799387799149,0,0.93842887878418,0.0795478820800781
28.201,40.7596048,40.734,0,1,0,-17.70361328125,40738,-18.8216114044189,4279,0,4,10,-12,0,-18.0824527740479,-17.898624420166,-18,0,-0.286566785936886,-0.00156087303099639,-0.257670422845091,0.000427827000464731,-0.261799387799149,0,0.994609832763672,0.994609832763672
28.225,40.7847683,40.758,0,1,0,-17.8586349487305,40763,-17.6934432983398,4279,0,4,10,-19,0,-17.9722900390625,-18.7898273468018,-19,0,-0.286566785936886,-0.000964056132431779,-0.257670422845091,1.75273705167456e-05,-0.261799387799149,0,0.118759155273438,0.118759155273438
28.25,40.8108725,40.783,0,1,0,-17.824779510498,40788,-18.0910415649414,4279,0,4,10,-15,0,-18.0589942932129,-18.0738525390625,-19,0,-0.286566785936886,-7.90527749927605e-05,-0.257670422845091,3.71980127056304e-06,-0.261799387799149,0,0.930669784545898,0.856807708740234
28.277,40.840374,40.81,0,1,0,-17.9577751159668,40815,-17.8103580474854,4279,0,4,10,-24,0,-18.1436710357666,-18.086296081543,-19,0,-0.286566785936886,-0.000966579120927236,-0.257670422845091,0.00079712705030488,-0.261799387799149,0,0.884910583496094,0.115097045898438
28.305999999999997,40.8664791,40.839,0,1,0,-18.0887413024902,40843,-18.0904655456543,4279,0,4,10,-14,0,-17.9400081634521,-17.9500122070313,-18,0,-0.286566785936886,-0.000249039767425074,-0.257670422845091,-0.00289335570585081,-0.261799387799149,0,0.10047721862793,0.0568599700927734
28.332,40.8929177,40.865,0,1,0,-17.8928298950195,40870,-17.9936466217041,4279,0,4,10,-17,0,-18.112865447998,-18.1155891418457,-19,0,-0.286566785936886,-1.84771971021291e-05,-0.257670422845091,0.000775034819980647,-0.261799387799149,0,0.100770950317383,0.0463142395019531
28.359,40.9205205,40.892,0,1,0,-17.9553775787354,40897,-17.8775825500488,4279,0,4,10,-12,0,-17.9076271057129,-17.8916053771973,-18,0,-0.286566785936886,-0.000891214231785398,-0.257670422845091,0.00097501454064286,-0.261799387799149,0,0.960933685302734,0.913124084472656
28.385999999999996,40.9477379,40.919,0,1,0,-18.0215530395508,40926,-17.8051509857178,4279,0,4,10,-14,0,-18.2161388397217,-18.090690612793,-19,0,-0.286566785936886,-0.00120082166023394,-0.25767809274903,-0.00173551310410858,-0.261799387799149,0,0.158390045166016,0.158390045166016
28.421999999999997,40.9818973,40.955,0,1,0,-18.0707588195801,40959,-17.9239807128906,4279,0,4,10,-26,0,-18.2538261413574,-17.7859725952148,-18,0,-0.286566785936886,-0.00105254885329487,-0.257670422845091,0.00089158942330414,-0.261799387799149,0,0.334390640258789,0.334390640258789
28.452999999999996,41.0128372,40.986,0,1,0,-17.6329193115234,40990,-17.719783782959,4279,0,4,10,-12,0,-18.061580657959,-18.0211753845215,-19,0,-0.286566785936886,-0.000275183685516822,-0.257670422845091,0.000758554404512779,-0.261799387799149,0,0.149398803710938,0.149398803710938
28.482,41.0441165,41.015,0,1,0,-17.687313079834,41020,-17.9657287597656,4279,0,4,10,-19,0,-17.9286212921143,-18.0393142700195,-19,0,-0.286566785936886,-0.000747946823992152,-0.257670422845091,0.000555710645244289,-0.261799387799149,0,0.6796875,0.0363330841064453
28.513999999999996,41.0731995,41.047,0,1,0,-18.0258178710938,41051,-18.0672359466553,4279,0,4,10,-15,0,-17.6727123260498,-17.6727123260498,-18,0,-0.286566785936886,-0.000524629310007185,-0.257670422845091,-0.00259230694808821,-0.261799387799149,0,0.0897197723388672,0.882465362548828
28.543999999999997,41.1035836,41.077,0,1,0,-17.9791145324707,41082,-18.1903667449951,4279,0,4,10,-22,0,-18.1136817932129,-18.1136817932129,-19,0,-0.286566785936886,-2.36038529237703e-05,-0.25767809274903,-0.0010853438429308,-0.261799387799149,0,0.808883666992188,0.798942565917969
28.576,41.1381307,41.109,0,1,0,-17.966609954834,41114,-18.0124893188477,4279,0,4,10,-19,0,-17.9231300354004,-17.9231300354004,-18,0,-0.286566785936886,-0.0002044896224902,-0.25767809274903,0.00306344207592701,-0.261799387799149,0,0.864612579345703,0.893285751342773
28.604999999999997,41.164266,41.138,0,1,0,-18.7326221466064,41142,-18.2760124206543,4279,0,4,10,-7,0,-18.2164726257324,-18.1646118164063,-19,0,-0.286566785936886,-0.000382183782676293,-0.25767809274903,0.00282085213405026,-0.261799387799149,0,0.155035018920898,0.1732177734375
28.629999999999995,41.1902674,41.163,0,1,0,-18.1977272033691,41168,-18.1224842071533,4279,0,4,10,-14,0,-18.2108554840088,-18.2039527893066,-19,0,-0.286566785936886,-3.13391383883754e-05,-0.257670422845091,0.00132175860147754,-0.261799387799149,0,0.929759979248047,0.713405609130859
28.656,41.2151312,41.189,0,1,0,-18.0911254882813,41193,-18.1060314178467,4279,0,4,10,-21,0,-17.8702430725098,-18.7476673126221,-19,0,-0.286566785936886,-0.000840955238913921,-0.25767809274903,-0.00258800634713907,-0.261799387799149,0,0.974437713623047,0.171165466308594
28.68,41.2423963,41.213,0,1,0,-18.1310920715332,41219,-17.9051246643066,4279,0,4,10,-17,0,-18.0583457946777,-18.086971282959,-18,0,-0.286566785936886,-0.000240606571480839,-0.25767809274903,-0.000267819475652686,-0.261799387799149,0,0.834030151367188,0.828006744384766
28.716,41.276376,41.249,0,1,0,-18.0012283325195,41254,-18.4052104949951,4279,0,4,10,-12,0,-18.2718811035156,-18.411865234375,-19,0,-0.286566785936886,-0.000972314803902918,-0.25767809274903,-0.000925138534626058,-0.261799387799149,0,0.207935333251953,0.191659927368164
28.747,41.3076858,41.28,0,1,0,-17.9386711120605,41285,-18.0162887573242,4279,0,4,10,-21,0,-18.2039947509766,-18.1056442260742,-19,0,-0.286566785936886,-0.000492692722843913,-0.25767809274903,-7.82740755767009e-07,-0.261799387799149,0,0.0723533630371094,0.0594654083251953
28.778,41.3391721,41.311,0,1,0,-18.2118759155273,41316,-18.1092109680176,4279,0,4,10,-22,0,-18.0934944152832,-18.0642967224121,-19,0,-0.286566785936886,-0.000826587791550537,-0.25767809274903,-1.13686837721616e-13,-0.261799387799149,0,0.925344467163086,0.952713012695313
28.804000000000002,41.3643798,41.337,0,1,0,-18.0635185241699,41342,-18.0753860473633,4279,0,4,10,-17,0,-17.7962760925293,-17.8227348327637,-18,0,-0.286566785936886,-0.000431298559192328,-0.25767809274903,-2.67242398876988e-07,-0.261799387799149,0,0.0567817687988281,0.113733291625977
28.83,41.3891912,41.363,0,1,0,-18.0866966247559,41367,-18.0731925964355,4279,0,4,10,-24,0,-17.9169979095459,-17.9169979095459,-18,0,-0.286566785936886,-0.00023889530859833,-0.25767809274903,-0.0012149444224292,-0.261799387799149,0,0.816677093505859,0.856658935546875
28.854,41.4148539,41.387,0,1,0,-17.9792289733887,41392,-17.9701728820801,4279,0,4,10,-19,0,-17.8638000488281,-17.8831596374512,-18,0,-0.286566785936886,-0.000324158340561098,-0.25767809274903,-9.45768192650576e-08,-0.261799387799149,0,0.0261306762695313,0.0176811218261719
28.879999999999995,41.4427925,41.413,0,1,0,-18.0331020355225,41418,-18.0384712219238,4279,0,4,10,-10,0,-18.4752731323242,-18.2766799926758,-19,0,-0.286566785936886,0.00869595875809637,-0.25767809274903,-9.15890502142247e-05,-0.261799387799149,0,0.168937683105469,0.168937683105469
28.921999999999997,41.4819045,41.455,0,1,0,-17.964111328125,41459,-17.9735260009766,4279,0,4,10,-19,0,-18.0085964202881,-18.013729095459,-19,0,-0.286566785936886,-8.85616702248626e-05,-0.25767809274903,-2.58296495303512e-10,-0.261799387799149,0,0.959297180175781,0.959297180175781
28.951999999999998,41.5128354,41.485,0,1,0,-18.1051635742188,41489,-17.8731651306152,4279,0,4,10,-22,0,-18.0296993255615,-18.0296993255615,-19,0,-0.286566785936886,0.0090067987048883,-0.25767809274903,0,-0.261799387799149,0,0.856746673583984,0.856746673583984
28.982999999999997,41.5450054,41.516,0,1,0,-17.8904495239258,41520,-17.9216709136963,4279,0,4,10,-15,0,-18.1745357513428,-18.1374607086182,-19,0,-0.286566785936886,0.00889360119469984,-0.25767809274903,0,-0.261799387799149,0,0.225276947021484,0.225276947021484
29.010999999999996,41.5707734,41.544,0,1,0,-17.8108291625977,41548,-17.8347339630127,4279,0,4,10,-21,0,-17.924430847168,-17.937593460083,-19,0,-0.286566785936886,-0.00105265983864911,-0.25767809274903,0,-0.261799387799149,0,0.932518005371094,0.94618034362793
29.036,41.5960619,41.569,0,1,0,-17.9667549133301,41574,-18.3554878234863,4279,0,4,10,-24,0,-18.8955707550049,-18.4368286132813,-19,0,-0.286566785936886,-0.00112512104931284,-0.25767809274903,0,-0.261799387799149,0,0.245067596435547,0.416107177734375
29.061,41.6208011,41.594,0,1,0,-17.7821521759033,41599,-17.8329086303711,4279,0,4,10,-29,0,-17.9233264923096,-17.9233264923096,-18,0,-0.286566785936886,-0.0002527265273784,-0.25767809274903,0,-0.261799387799149,0,1.71661376953125e-05,1.71661376953125e-05
29.086,41.6485473,41.619,0,1,0,-18.1964950561523,41625,-18.2222747802734,4279,0,4,10,-14,0,-18.0821304321289,-18.8580665588379,-19,0,-0.286566785936886,-0.00159242112300717,-0.25767809274903,0,-0.261799387799149,0,0.533992767333984,0.935783386230469
29.122999999999998,41.6832825,41.656,0,1,0,-18.0246200561523,41661,-18.0206413269043,4279,0,4,10,-19,0,-17.88450050354,-18.7037887573242,-19,0,-0.286566785936886,-0.00103956909288172,-0.25767809274903,0,-0.261799387799149,0,0.9700927734375,0.194683074951172
29.153,41.7138581,41.686,0,1,0,-17.8621063232422,41691,-18.7007884979248,4279,0,4,10,-17,0,-18.2327461242676,-18.1939163208008,-20,0,-0.286566785936886,-0.00195264449536126,-0.25767809274903,0,-0.261799387799149,0,0.185329437255859,0.169063568115234
29.183999999999997,41.7475424,41.717,0,1,0,-17.9547882080078,41722,-18.3451652526855,4279,0,4,10,-14,0,-18.2784385681152,-18.2150459289551,-19,0,-0.286566785936886,0.00883756095930721,-0.25767809274903,0,-0.261799387799149,0,0.9676513671875,0.0519008636474609
29.213,41.7733184,41.746,0,1,0,-17.9025077819824,41751,-17.9315376281738,4279,0,4,10,-19,0,-17.9830913543701,-17.9830913543701,-18,0,-0.286566785936886,-0.000144203111290153,-0.25767809274903,0,-0.261799387799149,0,0.973114013671875,0.969696044921875
29.238,41.7991604,41.771,0,1,0,-18.0495357513428,41776,-18.0519332885742,4279,0,4,10,-19,0,-18.1280784606934,-18.1261539459229,-19,0,-0.286566785936886,-0.00046381041369159,-0.25767809274903,0,-0.261799387799149,0,0.0522193908691406,0.041290283203125
29.265,41.8250794,41.798,0,1,0,-18.024377822876,41802,-18.0280227661133,4279,0,4,10,-28,0,-18.1943397521973,-18.2203063964844,-19,0,-0.286566785936886,-0.000535198137185944,-0.25767809274903,0,-0.261799387799149,0,0.917675018310547,0.917675018310547
29.290999999999997,41.8514946,41.824,0,1,0,-17.9170093536377,41829,-18.7337627410889,4279,0,4,10,-22,0,-18.0538177490234,-18.0569190979004,-19,0,-0.286566785936886,-0.000541104708190687,-0.25767809274903,0,-0.261799387799149,0,0.0713462829589844,0.0586013793945313
29.323,41.8835319,41.856,0,1,0,-17.9141750335693,41861,-17.9283084869385,4279,0,4,10,-12,0,-17.9888801574707,-17.9888801574707,-18,0,-0.286566785936886,-0.000133698685829131,-0.25767809274903,0,-0.261799387799149,0,0.165760040283203,0.593132019042969
29.354,41.9136201,41.887,0,1,0,-18.2330665588379,41891,-18.1942253112793,4279,0,4,10,-12,0,-18.4840068817139,-18.0809059143066,-19,0,-0.286566785936886,-0.00211989126376011,-0.25767809274903,0,-0.261799387799149,0,0.0352497100830078,0.342893600463867
29.384,41.9457635,41.917,0,1,0,-17.9010200500488,41921,-17.9164123535156,4279,0,4,10,-26,0,-17.9739265441895,-17.9739265441895,-18,0,-0.286566785936886,-0.000160850556198966,-0.25767809274903,0,-0.261799387799149,0,0.970012664794922,0.966878890991211
29.412,41.9713621,41.945,0,1,0,-18.0528583526611,41950,-18.0537910461426,4279,0,4,10,-21,0,-18.0572891235352,-18.0578117370605,-19,0,-0.286566785936886,-8.83990776401333e-06,-0.25767809274903,0,-0.261799387799149,0,0.939720153808594,0.939483642578125
29.436999999999998,41.9958787,41.97,0,1,0,-18.1172866821289,41974,-17.7852153778076,4279,0,4,10,-19,0,-17.7213439941406,-17.7213439941406,-18,0,-0.286566785936886,-0.000619562495330683,-0.25767809274903,0,-0.261799387799149,0,0.938568115234375,0.938568115234375
29.461,42.0219646,41.994,0,1,0,-17.9100608825684,41999,-17.9245872497559,4279,0,4,10,-15,0,-18.5238037109375,-18.2568874359131,-19,0,-0.286566785936886,-0.00191358970687361,-0.25767809274903,0,-0.261799387799149,0,0.0218830108642578,0.0218830108642578
29.488999999999997,42.0494374,42.022,0,1,0,-17.8132019042969,42027,-17.8583374023438,4279,0,4,10,-15,0,-17.9387741088867,-17.950553894043,-18,0,-0.286470912137643,-0.00111602191770999,-0.25767809274903,0,-0.261799387799149,0,0.722726821899414,0.764270782470703
29.516,42.075557,42.049,0,1,0,-17.7400150299072,42053,-18.3618316650391,4279,0,4,10,-24,0,-18.0292835235596,-18.0036773681641,-19,0,-0.286566785936886,-0.0014582351979584,-0.25767809274903,0,-0.261799387799149,0,0.336706161499023,0.298164367675781
29.540999999999997,42.1000272,42.074,0,1,0,-17.9869518280029,42078,-17.9897117614746,4279,0,4,10,-21,0,-17.8657550811768,-17.8845024108887,-18,0,-0.286566785936886,-0.000357100239114061,-0.25767809274903,0,-0.261799387799149,0,0.0258235931396484,0.0258235931396484
29.564999999999998,42.1249847,42.098,0,1,0,-18.2064380645752,42103,-18.9175662994385,4279,0,4,10,-22,0,-17.9805221557617,-17.9805221557617,-18,0,-0.286470912137643,-0.00164372343232344,-0.25767809274903,0,-0.261799387799149,0,0.856143951416016,0.856143951416016
29.601999999999997,42.1628603,42.135,0,1,0,-17.7046184539795,42139,-17.7386741638184,4279,0,4,10,-14,0,-18.2307815551758,-18.0819816589355,-19,0,-0.286566785936886,-0.000934384492722984,-0.25767809274903,0,-0.261799387799149,0,0.971675872802734,0.994552612304688
29.631999999999998,42.1926679,42.165,0,1,0,-18.0880470275879,42169,-18.1229209899902,4279,0,4,10,-17,0,-18.0227222442627,-18.0003814697266,-19,0,-0.286566785936886,-0.000942427112761379,-0.25767809274903,0,-0.261799387799149,0,0.0185317993164063,0.973575592041016
29.662,42.2221046,42.195,0,1,0,-18.6477470397949,42200,-17.9961853027344,4279,0,4,10,-24,0,-18.7613372802734,-18.2763690948486,-18,0,-0.286566785936886,0.00738205934385405,-0.25767809274903,0,-0.261799387799149,0,0.415515899658203,0.415515899658203
29.693999999999996,42.2542661,42.227,0,1,0,-17.766056060791,42232,-17.8197326660156,4279,0,4,10,-19,0,-17.9153118133545,-17.9153118133545,-18,0,-0.286566785936886,-0.000241804404765844,-0.25767809274903,0,-0.261799387799149,0,0.0036163330078125,0.997312545776367
29.72,42.2797552,42.253,0,1,0,-18.0406227111816,42258,-18.0427207946777,4279,0,4,10,-22,0,-18.0505981445313,-18.0517463684082,-19,0,-0.286566785936886,-1.9828004383271e-05,-0.25767809274903,0,-0.261799387799149,0,0.942737579345703,0.94221305847168
29.744999999999997,42.3046647,42.278,0,1,0,-18.0608825683594,42283,-18.0612144470215,4279,0,4,10,-22,0,-18.061803817749,-18.061897277832,-19,0,-0.286566785936886,-1.6258998698504e-06,-0.25767809274903,0,-0.261799387799149,0,0.937744140625,0.937692642211914
29.769999999999996,42.3323267,42.303,0,1,0,-17.9110260009766,42309,-18.7282485961914,4279,0,4,10,-19,0,-18.0505218505859,-18.0505218505859,-19,0,-0.286566785936886,-0.000546502699819484,-0.25767809274903,0,-0.261799387799149,0,0.0598239898681641,0.0481719970703125
29.796999999999997,42.3581383,42.33,0,1,0,-18.0218353271484,42336,-18.0292510986328,4279,0,4,10,-7,0,-19.0519371032715,-18.5646076202393,-19,0,-0.286566785936886,-0.00139560832337793,-0.25767809274903,0,-0.261799387799149,0,0.107767105102539,0.107767105102539
29.823,42.3850962,42.356,0,1,0,-18.1972274780273,42360,-18.0529365539551,4279,0,4,10,-15,0,-18.1807899475098,-18.0386123657227,-19,0,-0.286566785936886,-0.00111937481898394,-0.25767809274903,0,-0.261799387799149,0,0.214401245117188,0.214401245117188
29.85,42.4099606,42.383,0,1,0,-18.0262413024902,42388,-17.7942848205566,4279,0,4,10,-14,0,-17.8826923370361,-17.8998413085938,-18,0,-0.286566785936886,-0.000295317684845031,-0.25767809274903,0,-0.261799387799149,0,0.0105571746826172,0.0105571746826172
29.875,42.4370575,42.408,0,1,0,-18.1038703918457,42413,-17.8555679321289,4279,0,4,10,-17,0,-17.9370765686035,-17.9370765686035,-18,0,-0.286566785936886,-0.000186446293412246,-0.25767809274903,0,-0.261799387799149,0,0.831150054931641,0.831150054931641
29.909999999999997,42.4693785,42.443,0,1,0,-18.3770484924316,42448,-18.1674919128418,4279,0,4,10,-17,0,-18.0781860351563,-17.8487739562988,-18,0,-0.286566785936886,-0.000387884163046692,-0.25767809274903,0,-0.261799387799149,0,0.0435314178466797,0.0334358215332031
29.942,42.5016511,42.475,0,1,0,-18.0451202392578,42480,-18.0467910766602,4279,0,4,10,-12,0,-18.0539703369141,-18.0539703369141,-19,0,-0.286566785936886,0.0095715898202684,-0.25767809274903,0,-0.261799387799149,0,0.764719009399414,0.869928359985352
29.973,42.5344266,42.506,0,1,0,-17.8599586486816,42511,-17.8792572021484,4279,0,4,10,-19,0,-17.9514198303223,-17.9620037078857,-19,0,-0.286566785936886,-0.00100833025715019,-0.25767809274903,0,-0.261799387799149,0,0.799957275390625,0.944622039794922
30,42.5596161,42.533,0,1,0,-18.6650466918945,42537,-18.2481136322021,4279,0,4,10,-19,0,-18.0186386108398,-109.554412841797,-110,0,-0.286566785936886,-0.00143403571314593,-0.25767809274903,0,-0.785398163397448,0,0.136215209960938,0.136184692382813
30.025,42.5850388,42.558,0,1,0,-112.865371704102,42562,-112.86555480957,4279,0,4,10,-110,0,-112.866310119629,-112.866401672363,-113,0,-0.286758533535372,-0.0161193263989503,-0.261896539915716,-0.295290061530466,-0.785398163397448,0,0.133514404296875,0.133514404296875
30.049999999999997,42.610504,42.583,0,1,0,-112.864715576172,42588,-112.864074707031,4279,0,4,10,-112,0,-112.862289428711,-112.862289428711,-113,0,-0.288676009520229,-0.108609834187746,-0.27203615292364,-0.482764082453798,-0.785398163397448,0,0.141082763671875,0.141517639160156
30.076,42.6390347,42.609,0,1,0,-112.85376739502,42614,-112.85326385498,4279,0,4,10,-112,0,-112.850158691406,-112.848533630371,-113,0,-0.296058292061929,-0.309611469584013,-0.288288679371288,-0.624468651665381,-0.785398163397448,0,0.155723571777344,0.156356811523438
30.104,42.6643358,42.637,0,1,0,-112.836700439453,42642,-112.835189819336,4279,0,4,10,-103,0,-112.831169128418,-112.83032989502,-113,0,-0.307946643168042,-0.511965958796623,-0.305423244771971,-0.725200996808212,-0.785398163397448,0,0.175559997558594,0.17645263671875
30.128999999999998,42.6898478,42.662,0,1,0,-112.814971923828,42667,-112.812965393066,4279,0,4,10,-114,0,-112.808731079102,-112.807601928711,-113,0,-0.323574072444627,-0.707331325395387,-0.32366994624387,-0.795157509242756,-0.785398163397448,0,0.2020263671875,0.20330810546875
30.155,42.7145087,42.688,0,1,0,-112.783355712891,42692,-112.779556274414,4279,0,4,10,-108,0,-112.770217895508,-112.768218994141,-113,0,-0.345816793868969,-0.945817866802486,-0.346158104594274,-0.851021521824009,-0.785398163397448,0,0.246749877929688,0.249069213867188
30.179000000000002,42.7415519,42.712,0,1,0,-112.726409912109,42717,-112.724060058594,4279,0,4,10,-103,0,-112.707885742188,-112.707885742188,-113,0,-0.375154176437282,-1.15731458156785,-0.369190826124377,-0.904327307857386,-0.785398163397448,0,0.311630249023438,0.314208984375
30.205999999999996,42.7676456,42.739,0,1,0,-112.653198242188,42744,-112.649208068848,4279,0,4,10,-117,0,-112.625999450684,-112.622047424316,-113,0,-0.408422384774552,-1.3906126051449,-0.393274324494181,-0.94993533783088,-0.785398163397448,0,0.408676147460938,0.413406372070313
30.232999999999997,42.7942436,42.766,0,1,0,-112.537330627441,42771,-112.532119750977,4279,0,4,10,-105,0,-112.494781494141,-112.487655639648,-113,0,-0.446771904471693,-1.57386266728315,-0.419559085294602,-1.00452351038871,-0.785398163397448,0,0.595321655273438,0.595321655273438
30.259,42.8205977,42.792,0,1,0,-112.313789367676,42797,-112.3046875,4279,0,4,10,-112,0,-112.289169311523,-112.287734985352,-113,0,-0.486367783558991,-1.47092018972154,-0.44681792389533,-1.09562021511766,-0.785398163397448,0,0.712882995605469,0.712265014648438
30.287999999999997,42.8470152,42.821,0,1,0,-112.280242919922,42825,-112.272445678711,4279,0,4,10,-110,0,-112.247207641602,-112.239372253418,-113,0,-0.515513418528818,-1.17277624213978,-0.477950063985469,-1.19256658290368,-0.785398163397448,0,0.857185363769531,0.878250122070313
30.318999999999996,42.8782751,42.852,0,1,0,-111.477210998535,42856,-111.34700012207,4279,0,4,10,-103,0,-111.006767272949,-110.906265258789,-111,0,-0.553000074032774,-1.2943288361131,-0.515939098197457,-1.24898722989838,-0.785398163397448,0,0.0634918212890625,0.0634918212890625
30.348999999999997,42.9100117,42.882,0,1,0,-107.612442016602,42887,-107.138305664063,4279,0,4,10,-114,0,-105.495071411133,-105.060546875,-106,0,-0.587418767960958,-1.097332618275,-0.555124637423995,-1.26086476810553,-0.785398163397448,0,0.166275024414063,0.050689697265625
30.379999999999995,42.9427846,42.913,0,1,0,-76.964485168457,42918,-75.0274658203125,4279,0,4,10,-82,0,-70.7926635742188,-70.7926635742188,-70,0,-0.620686976298228,-1.11850736227029,-0.592653477399617,-1.12038586470828,-0.785398163397448,0,0.981433868408203,0.595905303955078
30.409,42.9702893,42.942,0,1,0,-56.9587783813477,42947,-56.329174041748,4279,0,4,10,-71,0,-54.4917106628418,-54.1556129455566,-55,0,-0.655297417824897,-1.2870202089731,-0.622382025068841,-0.929935129105729,-0.785398163397448,0,0.208515167236328,0.208515167236328
30.435000000000002,42.9971354,42.968,0,1,0,-50.3031768798828,42973,-50.2061347961426,4279,0,4,10,-57,0,-50.2763671875,-50.341064453125,-51,0,-0.686744023976553,-1.16502603920685,-0.645982319490462,-0.792066600256817,-0.785398163397448,0,0.909225463867188,0.768791198730469
30.461999999999996,43.0224894,42.995,0,1,0,-52.7274513244629,43000,-52.9561767578125,4279,0,4,10,-52,0,-53.2767715454102,-53.2814979553223,-54,0,-0.708986745400895,-0.874862798401523,-0.664673875390848,-0.718213100911498,-0.785398163397448,0,0.160694122314453,0.277153015136719
30.488999999999997,43.0488314,43.022,0,1,0,-50.4880485534668,43026,-50.1742362976074,4279,0,4,10,-49,0,-48.6285591125488,-48.2881927490234,-48,0,-0.729599612238108,-0.835298814067869,-0.683411450714872,-0.672442832670868,-0.785398163397448,0,0.976799011230469,0.258308410644531
30.521,43.0809675,43.054,0,1,0,-45.0743675231934,43059,-45.1621971130371,4279,0,4,10,-43,0,-45.5136489868164,-45.5572242736816,-46,0,-0.748678498287436,-0.535777597231004,-0.70368300682678,-0.609505104948994,-0.785398163397448,0,0.332973480224609,0.395374298095703
30.551000000000002,43.110852,43.084,0,1,0,-41.024787902832,43089,-40.5984153747559,4279,0,4,10,-38,0,-38.3038635253906,-37.8532905578613,-38,0,-0.761142092189007,-0.446064618330524,-0.720311358567461,-0.522448326163385,-0.785398163397448,0,0.419898986816406,0.856906890869141
30.582,43.1443671,43.115,0,1,0,-28.2406368255615,43119,-28.0232048034668,4279,0,4,10,-29,0,-27.1586875915527,-27.0350685119629,-28,0,-0.77235932670042,-0.343098358064253,-0.734845826532677,-0.395362707730214,-0.785398163397448,0,0.472391128540039,0.472391128540039
30.61,43.1716321,43.143,0,1,0,-23.0697708129883,43148,-22.840747833252,4279,0,4,10,-19,0,-21.7062397003174,-21.4568843841553,-22,0,-0.780796221033791,-0.312098813435568,-0.745031458964238,-0.276514650313629,-0.785398163397448,0,0.246311187744141,0.452228546142578
30.637,43.1972764,43.17,0,1,0,-18.4133415222168,43174,-18.4221076965332,4279,0,4,10,-8,0,-18.5808410644531,-18.6493682861328,-19,0,-0.788561998772462,-0.298532468096937,-0.750576799512444,-0.172587002035471,-0.785398163397448,0,0.438796997070313,0.230098724365234
30.662,43.2257527,43.195,0,1,0,-23.3800373077393,43201,-23.929328918457,4279,0,4,10,-22,0,-25.9291763305664,-25.9291763305664,-27,0,-0.794793795723248,-0.216745357169771,-0.754319712634885,-0.126978741406674,-0.785398163397448,0,0.207735061645508,0.163396835327148
30.689999999999998,43.2525297,43.223,0,1,0,-27.5380115509033,43228,-27.4894866943359,4279,0,4,10,-28,0,-26.8592643737793,-26.6467552185059,-27,0,-0.799683359484633,-0.190276733651672,-0.75774048979187,-0.134209589586476,-0.785398163397448,0,0.546100616455078,0.878097534179688
30.717999999999996,43.2795262,43.251,0,1,0,-23.8641357421875,43256,-23.7089004516602,4279,0,4,10,-22,0,-23.3253707885742,-23.4159755706787,-24,0,-0.803997680450562,-0.150494990816128,-0.761790199071888,-0.148524182680376,-0.785398163397448,0,0.818321228027344,0.877487182617188
30.744999999999997,43.3051932,43.278,0,1,0,-24.4152717590332,43283,-24.4527149200439,4279,0,4,10,-35,0,-24.0142154693604,-23.911678314209,-24,0,-0.80629865163239,-0.0863719914501644,-0.765640490849481,-0.153256439085339,-0.785398163397448,0,0.991764068603516,0.991764068603516
30.769999999999996,43.3337442,43.303,0,1,0,-21.4648323059082,43308,-21.2302093505859,4279,0,4,10,-17,0,-20.6064605712891,-20.4239921569824,-21,0,-0.808120253818004,-0.0799050251271183,-0.769406413683741,-0.120615617187582,-0.785398163397448,0,0.393301010131836,0.657112121582031
30.799,43.3598716,43.332,0,1,0,-17.1960067749023,43337,-17.0674591064453,4279,0,4,10,-21,0,-16.9006118774414,-16.8592529296875,-17,0,-0.810133603602104,-0.0709092225351924,-0.772313307276784,-0.0823466238682613,-0.785398163397448,0,0.757675170898438,0.650318145751953
30.823999999999998,43.3843688,43.357,0,1,0,-17.864709854126,43362,-17.9590263366699,4279,0,4,10,-7,0,-18.2574195861816,-18.345890045166,-19,0,-0.81166758438999,-0.0655902033280427,-0.773785928833154,-0.0441438174977975,-0.785398163397448,0,0.620418548583984,0.620418548583984
30.848999999999997,43.4104075,43.382,0,1,0,-18.5740184783936,43387,-18.5697555541992,4279,0,4,10,-22,0,-18.749641418457,-18.749641418457,-19,0,-0.813393312776361,-0.0760715653307216,-0.774614278458612,-0.0276319502598881,-0.785398163397448,0,0.534866333007813,0.534866333007813
30.875,43.4377763,43.408,0,1,0,-17.8059196472168,43413,-17.519416809082,4279,0,4,10,-22,0,-17.2175102233887,-17.0298271179199,-18,0,-0.815406662560461,-0.0758022219235954,-0.775680395106193,-0.049169268791502,-0.785398163397448,0,0.215778350830078,0.324592590332031
30.909999999999997,43.4705891,43.443,0,1,0,-16.710636138916,43448,-16.6627769470215,4279,0,4,10,-17,0,-17.248592376709,-17.3445510864258,-18,0,-0.817420012344561,-0.0647266923809866,-0.776938259352259,-0.0214830905835015,-0.785398163397448,0,0.297889709472656,0.161706924438477
30.942,43.5021404,43.475,0,1,0,-21.6360683441162,43479,-21.9380035400391,4279,0,4,10,-22,0,-22.763801574707,-22.763801574707,-23,0,-0.818091128939261,-0.00893636519174379,-0.777344764261049,-0.0102714194633791,-0.785398163397448,0,0.749298095703125,0.749298095703125
30.972,43.5341475,43.505,0,1,0,-22.8966827392578,43510,-22.8232574462891,4279,0,4,10,-24,0,-22.4721202850342,-22.4750328063965,-23,0,-0.818091128939261,-0.000444363793576485,-0.777896997344688,-0.0239697667250311,-0.785398163397448,0,0.838312149047852,0.882387161254883
31,43.5621764,43.533,0,1,0,-21.8832836151123,43539,-21.8395519256592,4279,0,4,10,-15,0,-21.8829212188721,-21.8689231872559,-22,0,-0.818091128939261,-2.44210217488217e-05,-0.778426220716508,-0.015320355503718,-0.785398163397448,0,0.367050170898438,0.367050170898438
31.027,43.5872817,43.56,0,1,0,-21.475154876709,43565,-21.4407501220703,4279,0,4,10,-14,0,-21.2698783874512,-21.2805233001709,-22,0,-0.818091128939261,-1.81188750048022e-06,-0.778794376105601,-0.0150996113741257,-0.785398163397448,0,0.916563034057617,0.916563034057617
31.052,43.6133318,43.585,0,1,0,-20.6119651794434,43590,-20.5662651062012,4279,0,4,10,-19,0,-20.599739074707,-20.5891819000244,-21,0,-0.818091128939261,-1.34430820253328e-07,-0.779170201398633,-0.0130125083369421,-0.785398163397448,0,0.613826751708984,0.613826751708984
31.077999999999996,43.6420251,43.611,0,1,0,-19.9960746765137,43617,-19.8758888244629,4279,0,4,10,-19,0,-19.5197982788086,-19.3912906646729,-20,0,-0.818474624136232,-0.0156250246693617,-0.779438648036513,-0.0065065622942484,-0.785398163397448,0,0.91087532043457,0.987483978271484
31.113999999999997,43.6758258,43.647,0,1,0,-19.0467281341553,43652,-19.2331123352051,4279,0,4,10,-21,0,-19.5763759613037,-19.6357383728027,-20,0,-0.819145740730932,-0.014163751408887,-0.779530686883786,-0.00117052001519369,-0.785398163397448,0,0.674371719360352,0.708187103271484
31.146,43.7062678,43.679,0,1,0,-20.789005279541,43684,-20.8824768066406,4279,0,4,10,-14,0,-20.7370529174805,-20.7370529174805,-21,0,-0.819337488329418,-0.00723725271996045,-0.779584376211362,-0.00226617723456002,-0.785398163397448,0,0.267358779907227,0.262359619140625
31.176000000000002,43.7385933,43.709,0,1,0,-20.9984855651855,43714,-21.0098838806152,4279,0,4,10,-14,0,-21.0000190734863,-20.9750785827637,-21,0,-0.819337488329418,-0.000325614763369231,-0.779676415058635,-0.00283995687914285,-0.785398163397448,0,0.0572776794433594,0.0768508911132813
31.204,43.7656897,43.737,0,1,0,-20.7537689208984,43742,-20.7198944091797,4279,0,4,10,-1,0,-20.557502746582,-20.4895858764648,-21,0,-0.819337488329418,-1.7894899087878e-05,-0.779868162657121,-0.0135505329475336,-0.785398163397448,0,0.848886489868164,0.89079475402832
31.231,43.7915641,43.764,0,1,0,-19.6262493133545,43768,-19.6018352508545,4279,0,4,10,-10,0,-19.4868450164795,-19.4574012756348,-20,0,-0.819337488329418,-1.46738500461652e-06,-0.78028233746985,-0.0168109467648492,-0.785398163397448,0,0.989009857177734,0.158699035644531
31.256,43.8172226,43.789,0,1,0,-18.2196960449219,43794,-18.1362476348877,4279,0,4,10,-19,0,-18.2711296081543,-18.2711296081543,-19,0,-0.819529235927904,-0.0102917794006316,-0.780734861802276,-0.0153754215938307,-0.785398163397448,0,0.282857894897461,0.430240631103516
31.281999999999996,43.8433932,43.815,0,1,0,-17.0248107910156,43820,-16.9575424194336,4279,0,4,10,-19,0,-16.8373908996582,-16.8373908996582,-17,0,-0.820008604924118,-0.017980934535899,-0.781026318151974,-0.00454752916743928,-0.785398163397448,0,0.849052429199219,0.849052429199219
31.308999999999997,43.8678791,43.842,0,1,0,-17.2758655548096,43846,-17.3038368225098,4279,0,4,10,-17,0,-17.1567001342773,-17.1977519989014,-18,0,-0.820392100121089,-0.0132897589992353,-0.781187386134702,-0.00774441528130865,-0.785398163397448,0,0.618366241455078,0.592613220214844
31.333,43.8935741,43.866,0,1,0,-17.3076286315918,43871,-17.3624019622803,4279,0,4,10,-17,0,-17.3989601135254,-17.478199005127,-18,0,-0.820871469117304,-0.0226766145048032,-0.781317774501673,-0.00168940390938133,-0.785398163397448,0,0.391033172607422,0.507045745849609
31.357999999999997,43.9192718,43.891,0,1,0,-17.8833503723145,43896,-17.9162464141846,4279,0,4,10,-19,0,-18.341381072998,-18.341381072998,-19,0,-0.821063216715789,-0.0058651320930494,-0.781371463829248,-0.000242034609527764,-0.785398163397448,0,0.216798782348633,0.208244323730469
31.384,43.9472763,43.917,0,1,0,-18.8770446777344,43924,-18.9298820495605,4279,0,4,10,-19,0,-19.1606407165527,-19.1912117004395,-20,0,-0.821159090515032,-0.00134274915444621,-0.781394473541067,-0.00316007701792387,-0.785398163397448,0,0.742237091064453,0.742237091064453
31.412,43.973843,43.945,0,1,0,-19.3194122314453,43950,-19.328010559082,4279,0,4,10,-22,0,-19.3673419952393,-19.3167629241943,-20,0,-0.821159090515032,-9.96236105947901e-05,-0.781409813348946,-0.000130975497086183,-0.785398163397448,0,0.65135383605957,0.642925262451172
31.439999999999998,44.000155,43.973,0,1,0,-19.3389739990234,43978,-19.3469066619873,4279,0,4,10,-19,0,-19.3560485839844,-19.3032112121582,-20,0,-0.821159090515032,-6.68778443468909e-06,-0.781425153156825,-0.000222508390947951,-0.785398163397448,0,0.687202453613281,0.673976898193359
31.464999999999996,44.0255897,43.998,0,1,0,-19.2898101806641,44003,-19.2794551849365,4279,0,4,10,-17,0,-19.2986831665039,-19.3118476867676,-20,0,-0.821159090515032,-5.48399498256913e-07,-0.781432823060764,-3.18884906391759e-06,-0.785398163397448,0,0.669754028320313,0.669754028320313
31.490000000000002,44.0506079,44.023,0,1,0,-19.3551559448242,44028,-19.3391189575195,4279,0,4,10,-22,0,-19.211067199707,-19.2198219299316,-20,0,-0.821159090515032,-0.000274814130762024,-0.781455832772582,-0.00110851271051615,-0.785398163397448,0,0.780765533447266,0.780765533447266
31.522,44.0833048,44.055,0,1,0,-19.1190643310547,44060,-19.0741329193115,4279,0,4,10,-19,0,-19.026403427124,-19.0445098876953,-20,0,-0.821159090515032,-1.01221925206119e-05,-0.781532531811977,-0.0051811776922932,-0.785398163397448,0,0.0803680419921875,0.107744216918945
31.554000000000002,44.115947,44.087,0,1,0,-18.8825950622559,44092,-18.85888671875,4279,0,4,10,-22,0,-18.8363265991211,-18.8369560241699,-19,0,-0.821159090515032,-3.72829390471452e-07,-0.781632240563189,-0.00156760072468387,-0.785398163397448,0,0.217807769775391,0.199140548706055
31.583999999999996,44.1476543,44.117,0,1,0,-18.8270454406738,44122,-18.8368263244629,4279,0,4,10,-17,0,-18.8228569030762,-18.8228569030762,-19,0,-0.821159090515032,-1.51771928358357e-08,-0.781678259986826,-0.00329469318216979,-0.785398163397448,0,0.226177215576172,0.215887069702148
31.613,44.1743272,44.146,0,1,0,-18.7845592498779,44152,-18.7897567749023,4279,0,4,10,-8,0,-18.8232421875,-18.8258628845215,-19,0,-0.821159090515032,-1.12606812763261e-09,-0.781701269698644,-0.000643476666482456,-0.785398163397448,0,0.224668502807617,0.221767425537109
31.638999999999996,44.1991627,44.172,0,1,0,-18.8145999908447,44176,-18.8147125244141,4279,0,4,10,-12,0,-18.8148536682129,-18.8148536682129,-19,0,-0.821159090515032,-9.23137122299522e-11,-0.781701269698644,-6.55973053653724e-10,-0.785398163397448,0,0.185140609741211,0.185142517089844
31.664,44.2244627,44.197,0,1,0,-18.7589435577393,44202,-18.7437210083008,4279,0,4,10,-26,0,-18.7634925842285,-18.7688980102539,-19,0,-0.821159090515032,-7.61701812734827e-12,-0.781708939602583,-5.42065777153766e-06,-0.785398163397448,0,0.200675964355469,0.200366973876953
31.689,44.2493133,44.222,0,1,0,-18.8000679016113,44227,-18.8000659942627,4279,0,4,10,-19,0,-18.80006980896,-18.8000717163086,-19,0,-0.821159090515032,-5.6843418860808e-13,-0.781708939602583,-9.32232069317251e-12,-0.785398163397448,0,0.199924468994141,0.199924468994141
31.723999999999997,44.2854719,44.257,0,1,0,-18.7851219177246,44262,-18.7852439880371,4279,0,4,10,-12,0,-18.7853851318359,-18.7853889465332,-19,0,-0.821159090515032,0,-0.781716609506523,-6.55290932627395e-10,-0.785398163397448,0,0.214601516723633,0.214601516723633
31.756,44.3161682,44.289,0,1,0,-18.785400390625,44293,-18.785400390625,4279,0,4,10,-26,0,-18.785400390625,-18.785400390625,-19,0,-0.821159090515032,0,-0.781716609506523,0,-0.785398163397448,0,0.21653938293457,0.270587921142578
31.786,44.3503902,44.319,0,1,0,-18.770133972168,44324,-18.770435333252,4279,0,4,10,-17,0,-18.7705764770508,-18.7705879211426,-19,0,-0.821159090515032,0,-0.781724279410462,-1.33354660647456e-10,-0.785398163397448,0,0.229408264160156,0.229408264160156
31.814999999999998,44.3765998,44.348,0,1,0,-18.7705917358398,44353,-18.7705917358398,4279,0,4,10,-17,0,-18.7705917358398,-18.7705917358398,-19,0,-0.821159090515032,0,-0.781724279410462,0,-0.785398163397448,0,0.229408264160156,0.229408264160156
31.841,44.4016786,44.374,0,1,0,-18.7705917358398,44379,-18.7705917358398,4279,0,4,10,-24,0,-18.7705917358398,-18.7705917358398,-19,0,-0.821159090515032,0,-0.781724279410462,0,-0.785398163397448,0,0.229408264160156,0.229408264160156
31.866,44.4265875,44.399,0,1,0,-18.7705917358398,44404,-18.7705917358398,4279,0,4,10,-24,0,-18.7705917358398,-18.7705917358398,-19,0,-0.821159090515032,0,-0.781724279410462,0,-0.785398163397448,0,0.231338500976563,0.231338500976563
31.894999999999996,44.4572407,44.428,0,1,0,-18.7708740234375,44433,-18.7200508117676,4279,0,4,10,-22,0,-18.7492694854736,-18.7482795715332,-19,0,-0.821159090515032,0,-0.781731949314402,-4.1724042603164e-06,-0.785398163397448,0,0.244804382324219,0.34046745300293
31.926000000000002,44.487584,44.459,0,1,0,-18.7830772399902,44464,-18.6285190582275,4279,0,4,10,-19,0,-18.7333946228027,-18.7447891235352,-19,0,-0.821159090515032,-0.0091025616055731,-0.781731949314402,-1.13686837721616e-13,-0.785398163397448,0,0.244537353515625,0.244537353515625
31.957,44.5195962,44.49,0,1,0,-18.7251777648926,44496,-18.7100887298584,4279,0,4,10,-14,0,-18.746768951416,-18.7662658691406,-19,0,-0.821159090515032,-0.00745886936545048,-0.781731949314402,0,-0.785398163397448,0,0.274921417236328,0.274921417236328
31.990000000000002,44.5518527,44.523,0,1,0,-18.8119564056396,44528,-18.8008289337158,4279,0,4,10,-15,0,-18.7561569213867,-18.7783317565918,-19,0,-0.821254964314275,0.00382814779061391,-0.781731949314402,0,-0.785398163397448,0,0.413658142089844,0.2777099609375
32.016999999999996,44.5788277,44.55,0,1,0,-18.7280235290527,44555,-18.7751922607422,4279,0,4,10,-19,0,-18.6240730285645,-18.772575378418,-19,0,-0.821159090515032,0.00418629407465687,-0.781739619218341,-4.4524745135277e-07,-0.785398163397448,0,0.0925712585449219,0.171310424804688
32.043,44.6045238,44.576,0,1,0,-18.7199478149414,44581,-18.7143478393555,4279,0,4,10,-19,0,-18.7985210418701,-18.7985210418701,-19,0,-0.821254964314275,-0.00491703118984788,-0.781739619218341,-6.82121026329696e-13,-0.785398163397448,0,0.46575927734375,0.46575927734375
32.07,44.6319244,44.603,0,1,0,-18.8233795166016,44607,-18.874568939209,4279,0,4,10,-24,0,-18.6528625488281,-18.6528625488281,-19,0,-0.821254964314275,0.00666610365601628,-0.781739619218341,0,-0.785398163397448,0,0.238468170166016,0.0866966247558594
32.097,44.6572118,44.63,0,1,0,-18.8434524536133,44635,-18.7991104125977,4279,0,4,10,-19,0,-18.6440944671631,-18.6440944671631,-19,0,-0.821254964314275,-0.00229440083739973,-0.781739619218341,0,-0.785398163397448,0,0.287212371826172,0.294055938720703
32.122,44.684118,44.655,0,1,0,-18.7716979980469,44660,-18.8662338256836,4279,0,4,10,-22,0,-18.758810043335,-18.759464263916,-19,0,-0.821254964314275,0.00875474884287541,-0.781739619218341,0,-0.785398163397448,0,0.208141326904297,0.213066101074219
32.149,44.7109307,44.682,0,1,0,-18.723087310791,44687,-18.7400436401367,4279,0,4,10,-12,0,-18.7748870849609,-18.7748870849609,-19,0,-0.821254964314275,-0.000260019812571954,-0.781739619218341,0,-0.785398163397448,0,0.201681137084961,0.199859619140625
32.176,44.7399757,44.709,0,1,0,-18.9723491668701,44714,-18.8849296569824,4279,0,4,10,-17,0,-18.9259815216064,-18.8647384643555,-19,0,-0.821254964314275,-0.000965133806857921,-0.781739619218341,0,-0.785398163397448,0,0.253421783447266,0.246740341186523
32.205,44.7669966,44.738,0,1,0,-18.7938232421875,44743,-18.7960720062256,4279,0,4,10,-12,0,-19.0011405944824,-18.9261474609375,-19,0,-0.821254964314275,-0.00104127987663105,-0.781739619218341,0,-0.785398163397448,0,0.266901016235352,0.258964538574219
32.235,44.795982,44.768,0,1,0,-18.7965812683105,44773,-18.7984313964844,4279,0,4,10,-12,0,-18.8035049438477,-18.8227806091309,-19,0,-0.821254964314275,-5.72259012869836e-05,-0.781747289122281,-0.000262956136225512,-0.785398163397448,0,0.222406387329102,0.223257064819336
32.266,44.8261897,44.799,0,1,0,-18.8016986846924,44803,-18.8017997741699,4279,0,4,10,-24,0,-18.802152633667,-18.8021945953369,-19,0,-0.821254964314275,-2.84557734175905e-06,-0.781747289122281,-3.19460013997741e-11,-0.785398163397448,0,0.197578430175781,0.197559356689453
32.298,44.8578871,44.831,0,1,0,-18.8026084899902,44835,-18.8026123046875,4279,0,4,10,-19,0,-18.8026313781738,-18.8026390075684,-19,0,-0.821254964314275,-1.2802684068447e-07,-0.781747289122281,0,-0.785398163397448,0,0.197341918945313,0.197338104248047
32.321999999999996,44.8827834,44.855,0,1,0,-18.8026733398438,44860,-18.8026676177979,4279,0,4,10,-12,0,-18.8026695251465,-18.8026714324951,-19,0,-0.821254964314275,-9.49864897847874e-09,-0.781747289122281,0,-0.785398163397448,0,0.197322845458984,0.197322845458984
32.347,44.9079304,44.88,0,1,0,-18.8026885986328,44885,-18.8026885986328,4279,0,4,10,-21,0,-18.8026885986328,-18.8026885986328,-19,0,-0.821254964314275,-8.60836735228077e-10,-0.781747289122281,0,-0.785398163397448,0,0.197311401367188,0.197311401367188
32.373,44.936053,44.906,0,1,0,-18.8026885986328,44911,-18.8026885986328,4279,0,4,10,-19,0,-18.8026885986328,-18.8026885986328,-19,0,-0.821254964314275,-5.21822585142218e-11,-0.781747289122281,0,-0.785398163397448,0,0.197311401367188,0.197311401367188
32.405,44.9657864,44.938,0,1,0,-18.8026885986328,44943,-18.8026885986328,4279,0,4,10,-22,0,-18.8026885986328,-18.8026885986328,-19,0,-0.821254964314275,-2.61479726759717e-12,-0.781747289122281,0,-0.785398163397448,0,0.197311401367188,0.197311401367188
32.436,44.997068,44.969,0,1,0,-18.8026885986328,44974,-18.8026885986328,4279,0,4,10,-12,0,-18.8026885986328,-18.8026885986328,-19,0,-0.821254964314275,-1.13686837721616e-13,-0.781747289122281,0,-0.785398163397448,0,0.197311401367188,0.197311401367188
32.466,45.0258935,44.999,0,1,0,-18.8026885986328,45003,-18.8026885986328,4279,0,4,10,-17,0,-18.8026885986328,-18.8026885986328,-19,0,-0.821254964314275,0,-0.781747289122281,0,-0.785398163397448,0,0.197311401367188,0.197311401367188
32.498999999999995,45.0592159,45.032,0,1,0,-18.8026885986328,45037,-18.8026885986328,4279,0,4,10,-17,0,-18.8026885986328,-18.8026885986328,-19,0,-0.821254964314275,0,-0.781747289122281,0,-0.785398163397448,0,0.197311401367188,0.197311401367188
32.528,45.0880144,45.061,0,1,0,-18.8026885986328,45065,-18.8026885986328,4279,0,4,10,-17,0,-18.8026885986328,-18.8026885986328,-19,0,-0.821254964314275,0,-0.781747289122281,0,-0.785398163397448,0,0.197311401367188,0.197311401367188
32.558,45.119007,45.091,0,1,0,-18.8026885986328,45096,-18.8026885986328,4279,0,4,10,-19,0,-18.8026885986328,-18.8026885986328,-19,0,-0.821254964314275,0,-0.781747289122281,0,-0.785398163397448,0,0.253265380859375,0.266464233398438
32.591,45.1525911,45.124,0,1,0,-18.8252906799316,45129,-18.8254528045654,4279,0,4,10,-19,0,-18.748851776123,-18.7515125274658,-19,0,-0.821254964314275,0,-0.78175495902622,-8.89589568942029e-06,-0.785398163397448,0,0.213413238525391,0.213413238525391
32.617,45.1776653,45.15,0,1,0,-18.7878303527832,45155,-18.7878456115723,4279,0,4,10,-19,0,-18.7878437042236,-18.7878437042236,-19,0,-0.821254964314275,0,-0.78175495902622,-1.55750967678614e-11,-0.785398163397448,0,0.212158203125,0.212158203125
32.641999999999996,45.2020398,45.175,0,1,0,-18.787841796875,45179,-18.787841796875,4279,0,4,10,-14,0,-18.787841796875,-18.787841796875,-19,0,-0.821254964314275,0,-0.78175495902622,0,-0.785398163397448,0,0.212158203125,0.212158203125
32.667,45.2270318,45.2,0,1,0,-18.787841796875,45205,-18.787841796875,4279,0,4,10,-24,0,-18.787841796875,-18.787841796875,-19,0,-0.821254964314275,0,-0.78175495902622,0,-0.785398163397448,0,0.212158203125,0.212158203125
32.690999999999995,45.251404,45.224,0,1,0,-18.787841796875,45229,-18.787841796875,4279,0,4,10,-19,0,-18.787841796875,-18.787841796875,-19,0,-0.821254964314275,0,-0.78175495902622,0,-0.785398163397448,0,0.212158203125,0.212158203125
32.716,45.2765411,45.249,0,1,0,-18.787841796875,45254,-18.787841796875,4279,0,4,10,-22,0,-18.787841796875,-18.787841796875,-19,0,-0.821254964314275,0,-0.78175495902622,0,-0.785398163397448,0,0.212158203125,0.212158203125
32.741,45.3027522,45.274,0,1,0,-18.787841796875,45279,-18.787841796875,4279,0,4,10,-14,0,-18.787841796875,-18.787841796875,-19,0,-0.821254964314275,0,-0.78175495902622,0,-0.785398163397448,0,0.212158203125,0.212158203125
32.766999999999996,45.3312284,45.3,0,1,0,-18.787841796875,45305,-18.787841796875,4279,0,4,10,-14,0,-18.787841796875,-18.787841796875,-19,0,-0.821254964314275,0,-0.78175495902622,0,-0.785398163397448,0,0.212158203125,0.212158203125
32.808,45.368639,45.341,0,1,0,-18.787841796875,45345,-18.787841796875,4279,0,4,10,-17,0,-18.787841796875,-18.787841796875,-19,0,-0.821254964314275,0,-0.78175495902622,0,-0.785398163397448,0,0.212158203125,0.212158203125
32.839,45.4000816,45.372,0,1,0,-18.787841796875,45377,-18.787841796875,4279,0,4,10,-17,0,-18.787841796875,-18.787841796875,-19,0,-0.821254964314275,0,-0.78175495902622,0,-0.785398163397448,0,0.212158203125,0.212158203125
32.871,45.431861,45.404,0,1,0,-18.787841796875,45409,-18.787841796875,4279,0,4,10,-26,0,-18.787841796875,-18.787841796875,-19,0,-0.821254964314275,0,-0.78175495902622,0,-0.785398163397448,0,0.212158203125,0.212158203125
32.903999999999996,45.4648904,45.437,0,1,0,-18.787841796875,45441,-18.787841796875,4279,0,4,10,-8,0,-18.787841796875,-18.787841796875,-19,0,-0.821254964314275,0,-0.78175495902622,0,-0.785398163397448,0,0.212158203125,0.212158203125
32.93,45.4914798,45.463,0,1,0,-18.787841796875,45468,-18.787841796875,4279,0,4,10,-17,0,-18.787841796875,-18.787841796875,-19,0,-0.821254964314275,0,-0.78175495902622,0,-0.785398163397448,0,0.212158203125,0.212158203125
32.955999999999996,45.5164334,45.489,0,1,0,-18.787841796875,45494,-18.787841796875,4279,0,4,10,-12,0,-18.787841796875,-18.787841796875,-19,0,-0.821254964314275,0,-0.78175495902622,0,-0.785398163397448,0,0.212158203125,0.212158203125
32.982,45.5441446,45.515,0,1,0,-18.787841796875,45519,-18.787841796875,4279,0,4,10,-19,0,-18.787841796875,-18.787841796875,-19,0,-0.821254964314275,0,-0.78175495902622,0,-0.785398163397448,0,0.212158203125,0.212158203125
33.007999999999996,45.5696305,45.541,0,1,0,-18.787841796875,45546,-18.787841796875,4279,0,4,10,-10,0,-18.787841796875,-18.787841796875,-19,0,-0.821254964314275,0,-0.78175495902622,0.000764960905826229,-0.785398163397448,0,0.20756721496582,0.207263946533203
33.035,45.5953172,45.568,0,1,0,-18.7881507873535,45572,-18.7879409790039,4279,0,4,10,-19,0,-18.7797393798828,-18.7996864318848,-19,0,-0.821254964314275,0,-0.781762628930159,-0.001753551611273,-0.785398163397448,0,0.190364837646484,0.196710586547852
33.06,45.6201203,45.593,0,1,0,-18.8084621429443,45597,-18.7511596679688,4279,0,4,10,-19,0,-18.8021965026855,-18.8021965026855,-19,0,-0.821254964314275,0,-0.781762628930159,-0.000516371560479456,-0.785398163397448,0,0.248531341552734,0.252992630004883
33.083999999999996,45.6463,45.617,0,1,0,-18.7730712890625,45624,-18.7731246948242,4279,0,4,10,-15,0,-18.7731781005859,-18.7731704711914,-19,0,-0.821254964314275,0,-0.781762628930159,-5.26483745488804e-10,-0.785398163397448,0,0.226829528808594,0.226827621459961
33.121,45.6834904,45.654,0,1,0,-18.7731781005859,45659,-18.7731781005859,4279,0,4,10,-10,0,-18.7731781005859,-18.7731781005859,-19,0,-0.821254964314275,0,-0.781762628930159,0,-0.785398163397448,0,0.226821899414063,0.226821899414063
33.152,45.7123959,45.685,0,1,0,-18.7731781005859,45690,-18.7731781005859,4279,0,4,10,-19,0,-18.7731781005859,-18.7731781005859,-19,0,-0.821254964314275,0,-0.781762628930159,0,-0.785398163397448,0,0.226821899414063,0.226821899414063
33.182,45.7472166,45.715,0,1,0,-18.7731781005859,45721,-18.7731781005859,4279,0,4,10,-19,0,-18.7731781005859,-18.7731781005859,-19,0,-0.821254964314275,0,-0.781762628930159,0,-0.785398163397448,0,0.226821899414063,0.226821899414063
33.211,45.7734174,45.744,0,1,0,-18.7731781005859,45750,-18.7731781005859,4279,0,4,10,-17,0,-18.7731781005859,-18.7731781005859,-19,0,-0.821254964314275,0,-0.781762628930159,0,-0.785398163397448,0,0.226821899414063,0.226821899414063
33.238,45.7990836,45.771,0,1,0,-18.7731781005859,45775,-18.7731781005859,4279,0,4,10,-22,0,-18.7731781005859,-18.7731781005859,-19,0,-0.821254964314275,0,-0.781762628930159,0,-0.785398163397448,0,0.226821899414063,0.226821899414063
33.263999999999996,45.8246933,45.797,0,1,0,-18.7731781005859,45801,-18.7731781005859,4279,0,4,10,-21,0,-18.7731781005859,-18.7731781005859,-19,0,-0.821254964314275,0,-0.781762628930159,0,-0.785398163397448,0,0.226821899414063,0.226821899414063
33.289,45.8501671,45.822,0,1,0,-18.7731781005859,45827,-18.7731781005859,4279,0,4,10,-28,0,-18.7731781005859,-18.7731781005859,-19,0,-0.821254964314275,0,-0.781762628930159,0,-0.785398163397448,0,0.226821899414063,0.226821899414063
33.315,45.8768524,45.848,0,1,0,-18.7731781005859,45852,-18.7731781005859,4279,0,4,10,-15,0,-18.7731781005859,-18.7731781005859,-19,0,-0.821254964314275,0,-0.781762628930159,0,-0.785398163397448,0,0.226821899414063,0.226821899414063
33.341,45.9021727,45.874,0,1,0,-18.7731781005859,45879,-18.7731781005859,4279,0,4,10,-21,0,-18.7731781005859,-18.7731781005859,-19,0,-0.821254964314275,0,-0.781762628930159,0,-0.785398163397448,0,0.226821899414063,0.226821899414063
33.367,45.9293566,45.9,0,1,0,-18.7731781005859,45904,-18.7731781005859,4279,0,4,10,-8,0,-18.7731781005859,-18.7731781005859,-19,0,-0.821254964314275,0,-0.781762628930159,0,-0.785398163397448,0,0.226821899414063,0.226821899414063
33.402,45.9627506,45.935,0,1,0,-18.7731781005859,45939,-18.7731781005859,4279,0,4,10,-24,0,-18.7731781005859,-18.7731781005859,-19,0,-0.821254964314275,0,-0.781762628930159,0,-0.785398163397448,0,0.226821899414063,0.226821899414063
33.433,45.9942809,45.966,0,1,0,-18.7731781005859,45971,-18.7731781005859,4279,0,4,10,-12,0,-18.7731781005859,-18.7731781005859,-19,0,-0.821254964314275,0,-0.781762628930159,0,-0.785398163397448,0,0.226821899414063,0.226821899414063
33.464,46.0262505,45.997,0,1,0,-18.7731781005859,46002,-18.7731781005859,4279,0,4,10,-19,0,-18.7731781005859,-18.7731781005859,-19,0,-0.821254964314275,0,-0.781762628930159,0,-0.785398163397448,0,0.226821899414063,0.226821899414063
33.498,46.0578815,46.031,0,1,0,-18.7731781005859,46035,-18.7731781005859,4279,0,4,10,-22,0,-18.7731781005859,-18.7731781005859,-19,0,-0.821254964314275,0,-0.781762628930159,0,-0.785398163397448,0,0.226821899414063,0.226821899414063
33.522999999999996,46.0827637,46.056,0,1,0,-18.7731781005859,46061,-18.7731781005859,4279,0,4,10,-14,0,-18.7731781005859,-18.7731781005859,-19,0,-0.821254964314275,0,-0.781762628930159,0,-0.785398163397448,0,0.226821899414063,0.226821899414063
33.548,46.1103128,46.081,0,1,0,-18.7190971374512,46086,-18.7578201293945,4279,0,4,10,-12,0,-18.7786312103271,-18.7860374450684,-19,0,-0.821254964314275,0,-0.781762628930159,2.23203562654817e-06,-0.785398163397448,0,0.22651481628418,0.226652145385742
33.574999999999996,46.1384048,46.108,0,1,0,-18.7854957580566,46112,-18.794340133667,4279,0,4,10,-17,0,-18.7829780578613,-18.7133769989014,-19,0,-0.821254964314275,0,-0.781770298834099,0.00155807423300303,-0.785398163397448,0,0.20677375793457,0.256929397583008
33.603,46.1649683,46.136,0,1,0,-18.7549819946289,46142,-18.7563495635986,4279,0,4,10,-19,0,-18.7581939697266,-18.7582588195801,-19,0,-0.821254964314275,0,-0.781770298834099,-8.36973867990309e-09,-0.785398163397448,0,0.241662979125977,0.241662979125977
33.629999999999995,46.1919093,46.163,0,1,0,-18.7380180358887,46168,-18.7512626647949,4279,0,4,10,-29,0,-18.7578506469727,-18.7578506469727,-19,0,-0.821254964314275,0,-0.781770298834099,-5.08189259562641e-08,-0.785398163397448,0,0.241666793823242,0.241662979125977
33.656,46.2183638,46.189,0,1,0,-18.7583465576172,46194,-18.7583503723145,4279,0,4,10,-14,0,-18.7583427429199,-18.7583427429199,-19,0,-0.821254964314275,0,-0.781770298834099,0,-0.785398163397448,0,0.241657257080078,0.241657257080078
33.683,46.246217,46.216,0,1,0,-18.7583427429199,46222,-18.7583427429199,4279,0,4,10,-17,0,-18.7583427429199,-18.7583427429199,-19,0,-0.821254964314275,0,-0.781770298834099,0,-0.785398163397448,0,0.241657257080078,0.241657257080078
33.713,46.2753508,46.246,0,1,0,-18.7583427429199,46251,-18.7583427429199,4279,0,4,10,-10,0,-18.7583427429199,-18.7583427429199,-19,0,-0.821254964314275,0,-0.781770298834099,0,-0.785398163397448,0,0.241657257080078,0.241657257080078
33.744,46.3057424,46.277,0,1,0,-18.7583427429199,46282,-18.7583427429199,4279,0,4,10,-12,0,-18.7583427429199,-18.7583427429199,-19,0,-0.821254964314275,0,-0.781770298834099,0,-0.785398163397448,0,0.241657257080078,0.241657257080078
33.774,46.336595,46.307,0,1,0,-18.7583427429199,46312,-18.7583427429199,4279,0,4,10,-21,0,-18.7583427429199,-18.7583427429199,-19,0,-0.821254964314275,0,-0.781770298834099,0,-0.785398163397448,0,0.241657257080078,0.241657257080078
33.801,46.3618906,46.334,0,1,0,-18.7583427429199,46339,-18.7583427429199,4279,0,4,10,-10,0,-18.7583427429199,-18.7583427429199,-19,0,-0.821254964314275,0,-0.781770298834099,0,-0.785398163397448,0,0.241657257080078,0.241657257080078
33.826,46.3879627,46.359,0,1,0,-18.7583427429199,46364,-18.7583427429199,4279,0,4,10,-15,0,-18.7583427429199,-18.7583427429199,-19,0,-0.821254964314275,0,-0.781770298834099,0,-0.785398163397448,0,0.241657257080078,0.241657257080078
33.853,46.4140744,46.386,0,1,0,-18.7583427429199,46390,-18.7583427429199,4279,0,4,10,-14,0,-18.7583427429199,-18.7583427429199,-19,0,-0.821254964314275,0,-0.781770298834099,0,-0.785398163397448,0,0.241657257080078,0.241657257080078
33.878,46.4419195,46.411,0,1,0,-18.7583427429199,46416,-18.7583427429199,4279,0,4,10,-19,0,-18.7583427429199,-18.7583427429199,-19,0,-0.821254964314275,0,-0.781770298834099,0,-0.785398163397448,0,0.241657257080078,0.241657257080078
33.915,46.4774652,46.448,0,1,0,-18.7583427429199,46453,-18.7583427429199,4279,0,4,10,-12,0,-18.7583427429199,-18.7583427429199,-19,0,-0.821254964314275,0,-0.781770298834099,0,-0.785398163397448,0,0.241657257080078,0.241657257080078
33.945,46.5061525,46.478,0,1,0,-18.7583427429199,46483,-18.7583427429199,4279,0,4,10,-19,0,-18.7583427429199,-18.7583427429199,-19,0,-0.821254964314275,0,-0.781770298834099,0,-0.785398163397448,0,0.241657257080078,0.241657257080078
33.976,46.5397423,46.509,0,1,0,-18.7583427429199,46513,-18.7583427429199,4279,0,4,10,-17,0,-18.7583427429199,-18.7583427429199,-19,0,-0.821254964314275,0,-0.781770298834099,0,-0.785398163397448,0,0.241657257080078,0.241657257080078
34.004,46.56665,46.537,0,1,0,-18.7583427429199,46543,-18.7583427429199,4279,0,4,10,-29,0,-18.7583427429199,-18.7583427429199,-19,0,-0.821254964314275,0,-0.781770298834099,0,-0.785398163397448,0,0.241657257080078,0.241657257080078
34.031,46.595092,46.564,0,1,0,-18.7583427429199,46569,-18.7583427429199,4279,0,4,10,-22,0,-18.7583427429199,-18.7583427429199,-19,0,-0.821254964314275,0,-0.781770298834099,0,-0.785398163397448,0,0.241657257080078,0.241657257080078
34.059,46.6196687,46.592,0,1,0,-18.7583427429199,46597,-18.7583427429199,4279,0,4,10,-28,0,-18.7583427429199,-18.7583427429199,-19,0,-0.821254964314275,0,-0.781770298834099,0,-0.785398163397448,0,0.241657257080078,0.241657257080078
34.083999999999996,46.6467695,46.617,0,1,0,-18.7583427429199,46623,-18.7583427429199,4279,0,4,10,-21,0,-18.7583427429199,-18.7583427429199,-19,0,-0.821254964314275,0,-0.781770298834099,0,-0.785398163397448,0,0.241657257080078,0.241657257080078
34.111,46.6724815,46.644,0,1,0,-18.7583427429199,46649,-18.7583427429199,4279,0,4,10,-19,0,-18.7583427429199,-18.7583427429199,-19,0,-0.821254964314275,0,-0.781770298834099,0,-0.785398163397448,0,0.241657257080078,0.241657257080078
34.135999999999996,46.6969057,46.669,0,1,0,-18.7583427429199,46674,-18.7583427429199,4279,0,4,10,-14,0,-18.7583427429199,-18.7583427429199,-19,0,-0.821254964314275,0,-0.781770298834099,0,-0.785398163397448,0,0.241657257080078,0.241657257080078
34.161,46.7237599,46.694,0,1,0,-18.7632465362549,46699,-18.7638187408447,4279,0,4,10,-17,0,-18.7671585083008,-18.7641487121582,-19,0,-0.821254964314275,0,-0.781770298834099,0.00018540203120665,-0.785398163397448,0,0.232021331787109,0.226337432861328
34.187999999999995,46.7507067,46.721,0,1,0,-18.7014312744141,46726,-18.7753067016602,4279,0,4,10,-24,0,-18.7865695953369,-18.733470916748,-19,0,-0.821254964314275,0,-0.781777968738038,-0.000214171706375055,-0.785398163397448,0,0.273887634277344,0.266819000244141
34.222,46.7849553,46.755,0,1,0,-18.7384014129639,46760,-18.812047958374,4279,0,4,10,-19,0,-18.7304153442383,-18.7304153442383,-19,0,-0.821254964314275,0,-0.781777968738038,-1.24874242146689e-05,-0.785398163397448,0,0.258216857910156,0.257495880126953
34.253,46.813874,46.786,0,1,0,-18.7435493469238,46791,-18.7435512542725,4279,0,4,10,-14,0,-18.7435493469238,-18.7435493469238,-19,0,-0.821254964314275,0,-0.781777968738038,-1.59161572810262e-12,-0.785398163397448,0,0.256450653076172,0.256450653076172
34.285,46.8489669,46.818,0,1,0,-18.7435493469238,46823,-18.7435493469238,4279,0,4,10,-12,0,-18.7435493469238,-18.7435493469238,-19,0,-0.821254964314275,0,-0.781777968738038,0,-0.785398163397448,0,0.256450653076172,0.256450653076172
34.312999999999995,46.8740023,46.846,0,1,0,-18.7435493469238,46851,-18.7435493469238,4279,0,4,10,-33,0,-18.7435493469238,-18.7435493469238,-19,0,-0.821254964314275,0,-0.781777968738038,0,-0.785398163397448,0,0.256450653076172,0.256450653076172
34.338,46.8982406,46.871,0,1,0,-18.7435493469238,46875,-18.7435493469238,4279,0,4,10,-24,0,-18.7435493469238,-18.7435493469238,-19,0,-0.821254964314275,0,-0.781777968738038,0,-0.785398163397448,0,0.256450653076172,0.256450653076172
34.362,46.9229354,46.895,0,1,0,-18.7435493469238,46900,-18.7435493469238,4279,0,4,10,-17,0,-18.7435493469238,-18.7435493469238,-19,0,-0.821254964314275,0,-0.781777968738038,0,-0.785398163397448,0,0.256450653076172,0.256450653076172
34.388,46.9480434,46.921,0,1,0,-18.7435493469238,46925,-18.7435493469238,4279,0,4,10,-28,0,-18.7435493469238,-18.7435493469238,-19,0,-0.821254964314275,0,-0.781777968738038,0,-0.785398163397448,0,0.256450653076172,0.256450653076172
34.426,46.9867217,46.959,0,1,0,-18.7435493469238,46964,-18.7435493469238,4279,0,4,10,-17,0,-18.7435493469238,-18.7435493469238,-19,0,-0.821254964314275,0,-0.781777968738038,0,-0.785398163397448,0,0.256450653076172,0.256450653076172
34.457,47.0180807,46.99,0,1,0,-18.7435493469238,46994,-18.7435493469238,4279,0,4,10,-12,0,-18.7435493469238,-18.7435493469238,-19,0,-0.821254964314275,0,-0.781777968738038,0,-0.785398163397448,0,0.256450653076172,0.256450653076172
34.49,47.0517365,47.023,0,1,0,-18.7435493469238,47027,-18.7435493469238,4279,0,4,10,-14,0,-18.7435493469238,-18.7435493469238,-19,0,-0.821254964314275,0,-0.781777968738038,0,-0.785398163397448,0,0.256450653076172,0.256450653076172
34.516,47.0768691,47.049,0,1,0,-18.7435493469238,47054,-18.7435493469238,4279,0,4,10,-14,0,-18.7435493469238,-18.7435493469238,-19,0,-0.821254964314275,0,-0.781777968738038,0,-0.785398163397448,0,0.256450653076172,0.256450653076172
34.541,47.1032331,47.074,0,1,0,-18.7435493469238,47079,-18.7435493469238,4279,0,4,10,-19,0,-18.7435493469238,-18.7435493469238,-19,0,-0.821254964314275,0,-0.781777968738038,0,-0.785398163397448,0,0.256450653076172,0.256450653076172
34.568,47.1306934,47.101,0,1,0,-18.7435493469238,47106,-18.7435493469238,4279,0,4,10,-12,0,-18.7435493469238,-18.7435493469238,-19,0,-0.821254964314275,0,-0.781777968738038,0,-0.785398163397448,0,0.256450653076172,0.256450653076172
34.594,47.1556532,47.127,0,1,0,-18.7435493469238,47133,-18.7435493469238,4279,0,4,10,-15,0,-18.7435493469238,-18.7435493469238,-19,0,-0.821254964314275,0,-0.781777968738038,0,-0.785398163397448,0,0.256450653076172,0.256450653076172
34.62,47.1805682,47.153,0,1,0,-18.7435493469238,47157,-18.7435493469238,4279,0,4,10,-14,0,-18.7435493469238,-18.7435493469238,-19,0,-0.821254964314275,0,-0.781777968738038,0,-0.785398163397448,0,0.256450653076172,0.256450653076172
34.644999999999996,47.2043427,47.178,0,1,0,-18.7435493469238,47182,-18.7435493469238,4279,0,4,10,-24,0,-18.7435493469238,-18.7435493469238,-19,0,-0.821254964314275,0,-0.781777968738038,0,-0.785398163397448,0,0.256450653076172,0.256450653076172
34.669,47.2323458,47.202,0,1,0,-18.7435493469238,47206,-18.7435493469238,4279,0,4,10,-17,0,-18.7435493469238,-18.7435493469238,-19,0,-0.821254964314275,0,-0.781777968738038,0,-0.785398163397448,0,0.256450653076172,0.256450653076172
34.708,47.2721464,47.241,0,1,0,-18.7708148956299,47246,-18.7658596038818,4279,0,4,10,-17,0,-18.755786895752,-18.7546157836914,-19,0,-0.821254964314275,6.77180239563313e-05,-0.781777968738038,0,-0.785398163397448,0,0.251501083374023,0.251968383789063
34.74,47.3028377,47.273,0,1,0,-18.7446479797363,47278,-18.7444496154785,4279,0,4,10,-19,0,-18.7440757751465,-18.7440299987793,-19,0,-0.821254964314275,3.04673460505001e-06,-0.781777968738038,0,-0.785398163397448,0,0.256252288818359,0.256282806396484
34.771,47.3343855,47.304,0,1,0,-18.743579864502,47309,-18.7416229248047,4279,0,4,10,-19,0,-18.7044277191162,-18.6880035400391,-19,0,-0.821254964314275,1.51499989442527e-07,-0.781785638641978,-0.000736500164521203,-0.785398163397448,0,0.281965255737305,0.281965255737305
34.802,47.3631265,47.335,0,1,0,-18.7285957336426,47339,-18.7286529541016,4279,0,4,10,-17,0,-18.7236328125,-18.7264213562012,-19,0,-0.821254964314275,6.81620804243721e-09,-0.781785638641978,-1.86423368404576e-05,-0.785398163397448,0,0.27386474609375,0.27386474609375
34.833,47.3935943,47.366,0,1,0,-18.728687286377,47370,-18.728687286377,4279,0,4,10,-15,0,-18.7286891937256,-18.7286891937256,-19,0,-0.821254964314275,3.38900463248137e-10,-0.781785638641978,-2.38742359215394e-12,-0.785398163397448,0,0.271310806274414,0.271310806274414
34.864,47.4256387,47.397,0,1,0,-18.7286891937256,47402,-18.7286891937256,4279,0,4,10,-19,0,-18.7286891937256,-18.7286891937256,-19,0,-0.821254964314275,1.38697942020372e-11,-0.781785638641978,0,-0.785398163397448,0,0.271310806274414,0.271310806274414
34.894999999999996,47.4578417,47.428,0,1,0,-18.7286891937256,47433,-18.7286891937256,4279,0,4,10,-12,0,-18.7286891937256,-18.7286891937256,-19,0,-0.821254964314275,4.54747350886464e-13,-0.781785638641978,0,-0.785398163397448,0,0.271310806274414,0.271310806274414
34.923,47.4835534,47.456,0,1,0,-18.7286891937256,47460,-18.7286891937256,4279,0,4,10,-14,0,-18.7286891937256,-18.7286891937256,-19,0,-0.821254964314275,0,-0.781785638641978,0,-0.785398163397448,0,0.271310806274414,0.271310806274414
34.948,47.509324,47.481,0,1,0,-18.5802192687988,47486,-18.6561737060547,4279,0,4,10,-22,0,-18.7119445800781,-18.7836761474609,-19,0,-0.821254964314275,0.000370945590816518,-0.781785638641978,0,-0.785398163397448,0,0.244012832641602,0.244012832641602
34.973,47.5371958,47.506,0,1,0,-18.7154731750488,47511,-18.7200355529785,4279,0,4,10,-12,0,-18.7665538787842,-18.7665538787842,-19,0,-0.821254964314275,0.00018915258533525,-0.781785638641978,0,-0.785398163397448,0,0.25738525390625,0.25738525390625
35.001,47.5632092,47.534,0,1,0,-18.733341217041,47539,-18.7328872680664,4279,0,4,10,-17,0,-112.039169311523,-112.571899414063,-113,0,-0.821254964314275,0.000690108607273032,-0.781831658065614,-0.0317240215658785,-1.30899693899575,0,0.193916320800781,0.193916320800781
35.027,47.5895871,47.56,0,1,0,-112.806869506836,47565,-112.806945800781,4279,0,4,10,-117,0,-112.807014465332,-112.806915283203,-113,0,-0.821830207109732,-0.0428292399915335,-0.787177581111396,-0.349617239932968,-1.30899693899575,0,0.194778442382813,0.194778442382813
35.054,47.615068,47.587,0,1,0,-112.798690795898,47591,-112.797927856445,4279,0,4,10,-115,0,-112.793350219727,-112.792327880859,-113,0,-0.828349625458246,-0.311342134792199,-0.799625835205088,-0.566449801315343,-1.30899693899575,0,0.213836669921875,0.214523315429688
35.079,47.6416984,47.612,0,1,0,-112.778686523438,47617,-112.777786254883,4279,0,4,10,-110,0,-112.770401000977,-112.769104003906,-113,0,-0.839279238571931,-0.492159903292077,-0.816438264640314,-0.694379047584221,-1.30899693899575,0,0.241134643554688,0.242752075195313
35.111,47.6721278,47.644,0,1,0,-112.728744506836,47648,-112.72380065918,4279,0,4,10,-112,0,-112.71028137207,-112.71028137207,-113,0,-0.864494047772802,-0.964265688928208,-0.839210209436477,-0.809811672772412,-1.30899693899575,0,0.312744140625,0.315719604492188
35.141,47.703134,47.674,0,1,0,-112.639923095703,47678,-112.636337280273,4279,0,4,10,-112,0,-112.61474609375,-112.61141204834,-113,0,-0.902268324674486,-1.34131428364753,-0.866300310150537,-0.942161419725039,-1.30899693899575,0,0.406982421875,0.409065246582031
35.172,47.7363153,47.705,0,1,0,-112.569374084473,47710,-112.567092895508,4279,0,4,10,-105,0,-112.559906005859,-112.558303833008,-113,0,-0.939083863583741,-1.22571002956931,-0.897823615341587,-1.0993459680393,-1.30899693899575,0,0.470054626464844,0.470054626464844
35.199999999999996,47.7618446,47.733,0,1,0,-112.487396240234,47738,-112.476753234863,4279,0,4,10,-110,0,-112.445327758789,-112.438659667969,-113,0,-0.972831440917225,-1.29638329021873,-0.929891483712336,-1.19911417870799,-1.30899693899575,0,0.618148803710938,0.62713623046875
35.226,47.7882344,47.759,0,1,0,-112.274612426758,47764,-112.253753662109,4279,0,4,10,-107,0,-112.204040527344,-112.193939208984,-113,0,-1.00629139685298,-1.31889271844307,-0.963454983351274,-1.28262837878253,-1.30899693899575,0,0.889358520507813,0.889358520507813
35.251999999999995,47.8137079,47.785,0,1,0,-111.997222900391,47790,-111.982955932617,4279,0,4,10,-121,0,-111.869003295898,-111.869003295898,-112,0,-1.03658751741372,-1.23886859080471,-0.996358871251421,-1.33425674035277,-1.30899693899575,0,0.364768981933594,0.400314331054688
35.277,47.8418495,47.81,0,1,0,-111.207611083984,47815,-111.08708190918,4279,0,4,10,-114,0,-110.473937988281,-110.361251831055,-111,0,-1.07052684234569,-1.33311765411418,-1.03259149746128,-1.34972218738721,-1.30899693899575,0,0.928512573242188,0.1416015625
35.305,47.8672491,47.838,0,1,0,-106.185035705566,47843,-105.286529541016,4279,0,4,10,-114,0,-101.69465637207,-101.69465637207,-102,0,-1.106575390861,-1.40136146825603,-1.0690312110775,-1.33742876724318,-1.30899693899575,0,0.521041870117188,0.521041870117188
35.330999999999996,47.8938546,47.864,0,1,0,-84.197998046875,47869,-81.4171142578125,4279,0,4,10,-85,0,-75.8409957885742,-74.9856414794922,-75,0,-1.14051471579297,-1.45432179248269,-1.10298587581735,-1.26096369424113,-1.30899693899575,0,0.843780517578125,0.723426818847656
35.358,47.9195675,47.891,0,1,0,-61.5749931335449,47896,-61.2581901550293,4279,0,4,10,-70,0,-59.6211814880371,-59.3116035461426,-59,0,-1.17656326430829,-1.43836050499749,-1.13274510310233,-1.12502306908209,-1.30899693899575,0,0.289257049560547,0.289257049560547
35.384,47.9451124,47.917,0,1,0,-52.616455078125,47922,-52.2792205810547,4279,0,4,10,-66,0,-50.7003440856934,-50.7003440856934,-51,0,-1.21146132723269,-1.31277777321202,-1.1613154952767,-0.999808604275358,-1.30899693899575,0,0.983898162841797,0.24969482421875
35.409,47.9711437,47.942,0,1,0,-46.1377258300781,47947,-45.5405921936035,4279,0,4,10,-40,0,-43.7000312805176,-43.3266487121582,-43,0,-1.2394564766116,-1.16124895906478,-1.18608928500106,-0.91191070936361,-1.30899693899575,0,0.783260345458984,0.999523162841797
35.435,47.9965876,47.968,0,1,0,-39.5909996032715,47973,-39.3911247253418,4279,0,4,10,-35,0,-38.9936714172363,-38.8991928100586,-39,0,-1.26275380982761,-0.885530400963489,-1.20751132670388,-0.817182768631255,-1.30899693899575,0,0.713699340820313,0.825023651123047
35.461,48.0227575,47.994,0,1,0,-36.916748046875,47999,-36.8085517883301,4279,0,4,10,-38,0,-35.9936866760254,-35.9936866760254,-36,0,-1.2790523556989,-0.636668416742395,-1.22749909637003,-0.722358697693608,-1.30899693899575,0,0.945804595947266,0.230354309082031
35.489,48.051016,48.022,0,1,0,-29.835765838623,48027,-29.0681343078613,4279,0,4,10,-31,0,-27.1978034973145,-27.1978034973145,-27,0,-1.29228293999441,-0.483234023502746,-1.24619065227042,-0.610694125268765,-1.30899693899575,0,0.684776306152344,0.022979736328125
35.516999999999996,48.0783796,48.05,0,1,0,-20.6215629577637,48055,-20.1966342926025,4279,0,4,10,-19,0,-19.3172492980957,-19.0373649597168,-19,0,-1.30359604830507,-0.43242207343701,-1.26074812994745,-0.441200877028223,-1.30899693899575,0,0.342323303222656,0.342323303222656
35.548,48.1100423,48.081,0,1,0,-15.6840324401855,48086,-15.6060552597046,4279,0,4,10,-10,0,-15.2957925796509,-15.2495632171631,-16,0,-1.31538852561194,-0.388762384554639,-1.27186182075568,-0.311930585688742,-1.30899693899575,0,0.882068634033203,0.851463317871094
35.579,48.1422425,48.112,0,1,0,-15.2809619903564,48117,-15.2579755783081,4279,0,4,10,-22,0,-15.3983097076416,-15.4538478851318,-16,0,-1.32603051732789,-0.356592359169326,-1.27991521989208,-0.220426142052474,-1.30899693899575,0,0.394191741943359,0.369380950927734
35.606,48.1675465,48.139,0,1,0,-16.491361618042,48144,-16.6927261352539,4279,0,4,10,-14,0,-17.0058898925781,-17.0058898925781,-18,0,-1.33417979026354,-0.302407520951874,-1.2853071623615,-0.172712829456486,-1.30899693899575,0,0.990642547607422,0.799484252929688
35.632,48.1923636,48.165,0,1,0,-19.973087310791,48169,-20.3809776306152,4279,0,4,10,-21,0,-21.10498046875,-21.1689453125,-22,0,-1.33916522782416,-0.187683867018677,-1.28954094933606,-0.173992528654026,-1.30899693899575,0,0.223169326782227,0.223169326782227
35.656,48.2178927,48.189,0,1,0,-22.2297096252441,48194,-22.2226600646973,4279,0,4,10,-17,0,-22.138500213623,-22.1137542724609,-23,0,-1.34156207280524,-0.0989352857716312,-1.29391279458154,-0.18462407299171,-1.30899693899575,0,0.749235153198242,0.892173767089844
35.682,48.2452379,48.215,0,1,0,-20.0380439758301,48221,-19.6358852386475,4279,0,4,10,-24,0,-18.9395790100098,-18.7906036376953,-19,0,-1.34309605359312,-0.0537163423045968,-1.29879852339095,-0.17612855828429,-1.30899693899575,0,0.414833068847656,0.591968536376953
35.719,48.2802112,48.252,0,1,0,-13.4049186706543,48257,-13.1553773880005,4279,0,4,10,-12,0,-11.9524383544922,-11.7206039428711,-12,0,-1.34597226757041,-0.109069065838639,-1.3041367765328,-0.116580105195226,-1.30899693899575,0,0.93578052520752,0.167842864990234
35.75,48.3125305,48.283,0,1,0,-8.15255451202393,48288,-8.24812602996826,4279,0,4,10,-14,0,-8.82650375366211,-8.93545246124268,-9,0,-1.35009484093785,-0.140377258556555,-1.30669085454463,-0.0495594803101085,-1.30899693899575,0,0.118988990783691,0.118988990783691
35.78,48.3441649,48.313,0,1,0,-12.1457633972168,48318,-12.1990489959717,4279,0,4,10,-7,0,-12.7496395111084,-12.8683347702026,-13,0,-1.35383391910832,-0.128233315448824,-1.30761124301736,-0.0251176137048787,-1.30899693899575,0,0.3623046875,0.230499267578125
35.808,48.3713296,48.341,0,1,0,-14.4263172149658,48346,-14.6404218673706,4279,0,4,10,-10,0,-15.0973920822144,-15.238730430603,-16,0,-1.35671013308561,-0.088615315582274,-1.30842425283494,-0.0351978926958054,-1.30899693899575,0,0.919853210449219,0.799671173095703
35.835,48.3968249,48.368,0,1,0,-16.8040180206299,48372,-16.9008827209473,4279,0,4,10,-8,0,-17.0377960205078,-17.0422554016113,-18,0,-1.35757299727879,-0.0292881316293006,-1.30989687439131,-0.0720373360932172,-1.30899693899575,0,0.200508117675781,0.256984710693359
35.861,48.4220134,48.394,0,1,0,-16.3980159759521,48399,-16.3684349060059,4279,0,4,10,-15,0,-16.2974262237549,-16.2821636199951,-17,0,-1.35747712347955,-0.00381513688921586,-1.3116456124895,-0.0634647191836848,-1.30899693899575,0,0.973583221435547,0.0608921051025391
35.888,48.449886,48.421,0,1,0,-15.3977069854736,48425,-15.2680721282959,4279,0,4,10,-19,0,-15.08469581604,-15.076696395874,-16,0,-1.35757299727879,0.00424830099132123,-1.31304920491041,-0.0449350908379529,-1.30899693899575,0,0.250060081481934,0.326203346252441
35.914,48.4755068,48.447,0,1,0,-13.9451656341553,48452,-13.937837600708,4279,0,4,10,-14,0,-13.9987869262695,-14.0211563110352,-15,0,-1.35757299727879,-0.00103492965354235,-1.3139619234792,-0.0216105810920908,-1.30899693899575,0,0.837238311767578,0.837238311767578
35.939,48.5004851,48.472,0,1,0,-13.1093454360962,48477,-12.862603187561,4279,0,4,10,-14,0,-12.1639080047607,-12.0236530303955,-13,0,-1.35833998767274,-0.0385963153257762,-1.31451415656284,-0.0185160880923831,-1.30899693899575,0,0.891342163085938,0.891342163085938
35.964,48.5267238,48.497,0,1,0,-10.0566806793213,48502,-9.93399047851563,4279,0,4,10,-12,0,-9.89534187316895,-9.81799221038818,-10,0,-1.35987396846062,-0.0586495164882308,-1.31493600127951,-0.0150533876033023,-1.30899693899575,0,0.981705665588379,0.962687492370605
35.99,48.5532596,48.523,0,1,0,-10.8299741744995,48528,-10.9764432907104,4279,0,4,10,-7,0,-11.3178997039795,-11.3931264877319,-12,0,-1.36102445405154,-0.046582480203142,-1.3153425061883,-0.0178141302205859,-1.30899693899575,0,0.266949653625488,0.214362144470215
36.016999999999996,48.5790545,48.55,0,1,0,-12.5054225921631,48555,-12.5426616668701,4279,0,4,10,-17,0,-12.8001203536987,-12.7658500671387,-13,0,-1.36179144444548,-0.0258829004033032,-1.31567998196164,-0.0122094243381525,-1.30899693899575,0,0.861885070800781,0.754375457763672
36.043,48.6043098,48.576,0,1,0,-13.6346855163574,48581,-13.6967668533325,4279,0,4,10,-7,0,-14.1541614532471,-14.1906023025513,-15,0,-1.36198319204396,-0.00629217639811941,-1.31594842859952,-0.00851349222421049,-1.30899693899575,0,0.439519882202148,0.435137748718262
36.068,48.6318766,48.601,0,1,0,-14.9393262863159,48606,-14.905158996582,4279,0,4,10,-19,0,-15.3191232681274,-15.3055906295776,-16,0,-1.36188731824472,0.00235756887536809,-1.31601745773497,-0.000378676045329485,-1.30899693899575,0,0.856781959533691,0.853550910949707
36.106,48.6671252,48.639,0,1,0,-15.0596075057983,48644,-15.0588121414185,4279,0,4,10,-14,0,-14.9985284805298,-14.9966402053833,-15,0,-1.36188731824472,6.43217274500785e-05,-1.31603279754285,-4.52793501608539e-05,-1.30899693899575,0,0.969496726989746,0.966877937316895
36.138,48.7013071,48.671,0,1,0,-15.0347108840942,48677,-15.0329446792603,4279,0,4,10,-19,0,-14.9784641265869,-14.9815330505371,-15,0,-1.36188731824472,1.93953860616602e-06,-1.31604046744679,-1.56657015395467e-05,-1.30899693899575,0,0.980688095092773,0.979646682739258
36.168,48.7299353,48.701,0,1,0,-15.0216970443726,48706,-15.0216865539551,4279,0,4,10,-17,0,-15.0216999053955,-15.0216999053955,-16,0,-1.36188731824472,1.0659164217941e-07,-1.31604046744679,-3.18323145620525e-12,-1.30899693899575,0,0.978274345397949,0.978270530700684
36.201,48.7631421,48.734,0,1,0,-15.021710395813,48738,-15.0217094421387,4279,0,4,10,-14,0,-14.969334602356,-14.9657468795776,-15,0,-1.36188731824472,3.92606125387829e-09,-1.31604813735073,-4.52738754574966e-05,-1.30899693899575,0,0.997833251953125,0.994814872741699
36.228,48.7896094,48.761,0,1,0,-15.009428024292,48766,-15.0094480514526,4279,0,4,10,-22,0,-15.009446144104,-15.009449005127,-16,0,-1.36188731824472,3.21733750752173e-10,-1.31604813735073,-4.61568561149761e-11,-1.30899693899575,0,0.990553855895996,0.990553855895996
36.254,48.8147744,48.787,0,1,0,-15.009446144104,48791,-15.009446144104,4279,0,4,10,-17,0,-15.009446144104,-15.009446144104,-16,0,-1.36188731824472,2.1600499167107e-11,-1.31604813735073,0,-1.30899693899575,0,0.990553855895996,0.990553855895996
36.278,48.8416709,48.811,0,1,0,-15.009446144104,48816,-15.009446144104,4279,0,4,10,-12,0,-14.9567775726318,-14.9567775726318,-15,0,-1.36188731824472,1.59161572810262e-12,-1.31605580725467,-9.21511832530086e-06,-1.30899693899575,0,0.00423049926757813,0.00423049926757813
36.307,48.8692694,48.84,0,1,0,-14.9972553253174,48845,-14.9972620010376,4279,0,4,10,-12,0,-14.9972591400146,-14.9972581863403,-15,0,-1.36188731824472,0,-1.31605580725467,-5.22959453519434e-12,-1.30899693899575,0,0.00274181365966797,0.00274181365966797
36.338,48.901825,48.871,0,1,0,-14.9972581863403,48876,-14.9972581863403,4279,0,4,10,-17,0,-14.9972581863403,-14.9972581863403,-15,0,-1.36188731824472,0,-1.31605580725467,0,-1.30899693899575,0,0.00274181365966797,0.00274181365966797
36.369,48.9303694,48.902,0,1,0,-14.9972581863403,48907,-14.9972581863403,4279,0,4,10,-15,0,-14.9972581863403,-14.9972581863403,-15,0,-1.36188731824472,0,-1.31606347715861,-0.000378131935804049,-1.30899693899575,0,0.0556268692016602,0.0528812408447266
36.400999999999996,48.9624049,48.934,0,1,0,-14.9848375320435,48939,-14.9848461151123,4279,0,4,10,-19,0,-14.9848756790161,-14.9848737716675,-15,0,-1.36188731824472,0,-1.31606347715861,-1.59161572810262e-11,-1.30899693899575,0,0.0151290893554688,0.0151290893554688
36.427,48.9873932,48.96,0,1,0,-14.9848709106445,48965,-14.9848709106445,4279,0,4,10,-19,0,-14.9848709106445,-14.9848709106445,-15,0,-1.36188731824472,0,-1.31606347715861,0,-1.30899693899575,0,0.0151290893554688,0.0151290893554688
36.451,49.012595,48.984,0,1,0,-14.9848709106445,48988,-14.9848709106445,4279,0,4,10,-14,0,-14.9848709106445,-14.9848709106445,-15,0,-1.36188731824472,0,-1.31606347715861,0,-1.30899693899575,0,0.0151290893554688,0.0151290893554688
36.477,49.0392719,49.01,0,1,0,-14.9288368225098,49015,-14.9277219772339,4279,0,4,10,-24,0,-14.9602088928223,-14.9652967453003,-15,0,-1.36188731824472,0,-1.31607114706255,-1.10332962321991e-06,-1.30899693899575,0,0.0275640487670898,0.0274925231933594
36.507999999999996,49.0691256,49.041,0,1,0,-14.9725828170776,49045,-14.9725828170776,4279,0,4,10,-17,0,-14.9725828170776,-14.9725828170776,-15,0,-1.36188731824472,0,-1.31607114706255,0,-1.30899693899575,0,0.0274171829223633,0.0274171829223633
36.539,49.1006875,49.072,0,1,0,-14.9725828170776,49077,-14.9725828170776,4279,0,4,10,-28,0,-14.9725828170776,-14.9725828170776,-15,0,-1.36188731824472,0,-1.31607114706255,0,-1.30899693899575,0,0.0274171829223633,0.0274171829223633
36.57,49.1341643,49.103,0,1,0,-14.9588375091553,49107,-14.9598159790039,4279,0,4,10,-15,0,-14.9602956771851,-14.9603185653687,-15,0,-1.36188731824472,0,-1.31607881696649,-1.11390363599639e-09,-1.30899693899575,0,0.0396966934204102,0.0396957397460938
36.601,49.1637571,49.134,0,1,0,-14.9603052139282,49139,-14.9603052139282,4279,0,4,10,-17,0,-14.9603052139282,-14.9603052139282,-15,0,-1.36188731824472,0,-1.31607881696649,0,-1.30899693899575,0,0.0396947860717773,0.0396947860717773
36.632,49.1942137,49.165,0,1,0,-14.9277868270874,49170,-14.9182653427124,4279,0,4,10,-17,0,-14.9441900253296,-14.9441900253296,-15,0,-1.36188731824472,0,-1.31608648687043,-3.30956027028151e-07,-1.30899693899575,0,0.0521154403686523,0.052088737487793
36.663,49.2235821,49.196,0,1,0,-14.9479217529297,49200,-14.9479217529297,4279,0,4,10,-19,0,-14.9479217529297,-14.9479217529297,-15,0,-1.36188731824472,0,-1.31608648687043,0,-1.30899693899575,0,0.0520782470703125,0.0520782470703125
36.696,49.2577246,49.229,0,1,0,-14.9479217529297,49233,-14.9479217529297,4279,0,4,10,-17,0,-14.9479217529297,-14.9479217529297,-15,0,-1.36188731824472,0,-1.31608648687043,0,-1.30899693899575,0,0.0520782470703125,0.0520782470703125
36.721,49.2820994,49.254,0,1,0,-14.8918075561523,49259,-14.89195728302,4279,0,4,10,-14,0,-14.9232225418091,-14.9232225418091,-15,0,-1.36188731824472,0,-1.31609415677436,-1.87566001841333e-06,-1.30899693899575,0,0.0646553039550781,0.0645170211791992
36.746,49.3068524,49.279,0,1,0,-14.9356250762939,49284,-14.9356260299683,4279,0,4,10,-14,0,-14.9356269836426,-14.9356241226196,-15,0,-1.36188731824472,0,-1.31609415677436,-3.18323145620525e-12,-1.30899693899575,0,0.0643758773803711,0.0643758773803711
36.769999999999996,49.3337612,49.303,0,1,0,-14.9356241226196,49308,-14.9356241226196,4279,0,4,10,-17,0,-14.9356241226196,-14.9356241226196,-15,0,-1.36188731824472,0,-1.31609415677436,0,-1.30899693899575,0,0.0643758773803711,0.0643758773803711
36.804,49.365283,49.337,0,1,0,-14.912166595459,49341,-14.916787147522,4279,0,4,10,-12,0,-14.9229259490967,-14.9231214523315,-15,0,-1.36188731824472,0,-1.3161018266783,-4.1300836528535e-08,-1.30899693899575,0,0.0766048431396484,0.0766057968139648
36.835,49.3971062,49.368,0,1,0,-14.9233846664429,49373,-14.9233846664429,4279,0,4,10,-8,0,-14.9233846664429,-14.9233846664429,-15,0,-1.36188731824472,0,-1.3161018266783,0,-1.30899693899575,0,0.0766153335571289,0.0766153335571289
36.866,49.4284449,49.399,0,1,0,-14.9233846664429,49404,-14.9233846664429,4279,0,4,10,-12,0,-14.9233846664429,-14.9233846664429,-15,0,-1.36188731824472,0,-1.3161018266783,0,-1.30899693899575,0,0.0766153335571289,0.0766153335571289
36.897999999999996,49.4607154,49.431,0,1,0,-14.9233846664429,49436,-14.9233846664429,4279,0,4,10,-26,0,-14.8850040435791,-14.8723878860474,-15,0,-1.36188731824472,0,-1.31610949658224,-0.000232666973715823,-1.30899693899575,0,0.103388786315918,0.103388786315918
36.927,49.4891738,49.46,0,1,0,-14.9109182357788,49465,-14.9109411239624,4279,0,4,10,-28,0,-14.9109411239624,-14.9109373092651,-15,0,-1.36188731824472,0,-1.31610949658224,-8.20818968350068e-11,-1.30899693899575,0,0.0890626907348633,0.0890626907348633
36.958,49.5190646,49.491,0,1,0,-14.9109373092651,49495,-14.9109373092651,4279,0,4,10,-7,0,-14.9109373092651,-14.9109373092651,-15,0,-1.36188731824472,0,-1.31610949658224,0,-1.30899693899575,0,0.0890626907348633,0.0890626907348633
36.99,49.5520249,49.523,0,1,0,-14.9109373092651,49528,-14.9109373092651,4279,0,4,10,-12,0,-14.9109373092651,-14.9109373092651,-15,0,-1.36188731824472,0,-1.31610949658224,0,-1.30899693899575,0,0.0890626907348633,0.0890626907348633
37.016,49.5772926,49.549,0,1,0,-14.9109373092651,49553,-14.9109373092651,4279,0,4,10,-19,0,-14.9109373092651,-14.9109373092651,-15,0,-1.36188731824472,0,-1.31610949658224,0,-1.30899693899575,0,0.0890626907348633,0.0906667709350586
37.041,49.6029366,49.574,0,1,0,-14.8784780502319,49579,-14.871919631958,4279,0,4,10,-22,0,-14.8949594497681,-14.8949594497681,-15,0,-1.36188731824472,0,-1.31611716648618,-3.30956027028151e-07,-1.30899693899575,0,0.101361274719238,0.10134220123291
37.067,49.6297527,49.6,0,1,0,-14.8987379074097,49604,-14.8987331390381,4279,0,4,10,-8,0,-14.8987379074097,-14.8987379074097,-15,0,-1.36188731824472,0,-1.31611716648618,-9.09494701772928e-13,-1.30899693899575,0,0.101262092590332,0.101262092590332
37.098,49.6615088,49.631,0,1,0,-14.8987379074097,49635,-14.8987379074097,4279,0,4,10,-10,0,-14.8987379074097,-14.8987379074097,-15,0,-1.36188731824472,0,-1.31611716648618,0,-1.30899693899575,0,0.101262092590332,0.101262092590332
37.129,49.692476,49.662,0,1,0,-14.8512382507324,49667,-14.9130125045776,4279,0,4,10,-3,0,-14.8738975524902,-14.8778429031372,-15,0,-1.36188731824472,0,-1.31612483639012,-6.37144535176049e-06,-1.30899693899575,0,0.114648818969727,0.114217758178711
37.16,49.7222678,49.693,0,1,0,-14.8863973617554,49698,-14.8864002227783,4279,0,4,10,-12,0,-14.8863973617554,-14.8863973617554,-15,0,-1.36188731824472,0,-1.31612483639012,-6.82121026329696e-13,-1.30899693899575,0,0.113602638244629,0.113602638244629
37.193,49.7542632,49.726,0,1,0,-14.8863973617554,49730,-14.8863973617554,4279,0,4,10,-8,0,-14.8353271484375,-14.8667964935303,-15,0,-1.36188731824472,0,-1.31613250629406,-0.000232666973488449,-1.30899693899575,0,0.140376091003418,0.148151397705078
37.217999999999996,49.7797714,49.751,0,1,0,-14.8738565444946,49756,-14.8739461898804,4279,0,4,10,-14,0,-14.8739805221558,-14.8739805221558,-15,0,-1.36188731824472,0,-1.31613250629406,-2.37150743487291e-10,-1.30899693899575,0,0.12602710723877,0.12602424621582
37.244,49.8052399,49.777,0,1,0,-14.8739719390869,49782,-14.8739719390869,4279,0,4,10,-10,0,-14.8739719390869,-14.8739719390869,-15,0,-1.36188731824472,0,-1.31613250629406,0,-1.30899693899575,0,0.126028060913086,0.126028060913086
37.269,49.8336507,49.802,0,1,0,-14.8739719390869,49806,-14.8739719390869,4279,0,4,10,-19,0,-14.8355522155762,-14.8212814331055,-15,0,-1.36188731824472,0,-1.316140176198,-7.69655885051179e-05,-1.30899693899575,0,0.14266300201416,0.140886306762695
37.297,49.8598931,49.83,0,1,0,-14.8616352081299,49835,-14.8616504669189,4279,0,4,10,-19,0,-14.8616590499878,-14.8616619110107,-15,0,-1.36188731824472,0,-1.316140176198,-2.70574673777446e-11,-1.30899693899575,0,0.138336181640625,0.138336181640625
37.323,49.8857354,49.856,0,1,0,-14.8616638183594,49861,-14.8616638183594,4279,0,4,10,-19,0,-14.8616638183594,-14.8616638183594,-15,0,-1.36188731824472,0,-1.316140176198,0,-1.30899693899575,0,0.138336181640625,0.138336181640625
37.35,49.9127231,49.883,0,1,0,-14.8070335388184,49887,-14.8074769973755,4279,0,4,10,-19,0,-14.8386878967285,-14.8430919647217,-15,0,-1.36188731824472,0,-1.31614784610194,-5.56545728613855e-07,-1.30899693899575,0,0.150729179382324,0.150693893432617
37.376,49.9408606,49.909,0,1,0,-14.8493595123291,49914,-14.8493585586548,4279,0,4,10,-19,0,-14.8493566513062,-14.8493566513062,-15,0,-1.36188731824472,0,-1.31614784610194,-2.27373675443232e-13,-1.30899693899575,0,0.150643348693848,0.150643348693848
37.409,49.9709485,49.942,0,1,0,-14.8477296829224,49946,-14.7965707778931,4279,0,4,10,-12,0,-14.7989482879639,-14.8008680343628,-15,0,-1.36188731824472,0,-1.31615551600588,-5.42065754416399e-06,-1.30899693899575,0,0.163630485534668,0.163630485534668
37.44,50.00249,49.973,0,1,0,-14.8369007110596,49978,-14.8369016647339,4279,0,4,10,-10,0,-14.8369016647339,-14.8369016647339,-15,0,-1.36188731824472,0,-1.31615551600588,-4.54747350886464e-13,-1.30899693899575,0,0.163098335266113,0.163098335266113
37.471,50.0365566,50.004,0,1,0,-14.809401512146,50009,-14.8154077529907,4279,0,4,10,-17,0,-14.8232679367065,-14.8238325119019,-15,0,-1.36188731824472,0,-1.31616318590982,-2.42948772211093e-08,-1.30899693899575,0,0.175370216369629,0.175372123718262
37.501,50.0645801,50.034,0,1,0,-14.8246097564697,50039,-14.8246097564697,4279,0,4,10,-14,0,-14.8050098419189,-14.8050098419189,-15,0,-1.36188731824472,0,-1.31617085581376,-0.000136862925501191,-1.30899693899575,0,0.20992374420166,0.200794219970703
37.528,50.0906336,50.061,0,1,0,-14.8122053146362,50066,-14.8122358322144,4279,0,4,10,-15,0,-14.8122396469116,-14.8122329711914,-15,0,-1.36188731824472,0,-1.31617085581376,-1.39607436722144e-10,-1.30899693899575,0,0.187759399414063,0.187759399414063
37.554,50.1182255,50.087,0,1,0,-14.8122406005859,50092,-14.8106212615967,4279,0,4,10,-14,0,-14.8153705596924,-14.8150062561035,-15,0,-1.36188731824472,0,-1.3161785257177,-0.00158927538450371,-1.30899693899575,0,0.241969108581543,0.241779327392578
37.582,50.1469895,50.115,0,1,0,-14.7995357513428,50122,-14.7997007369995,4279,0,4,10,-24,0,-14.7997779846191,-14.7997789382935,-15,0,-1.36188731824472,0,-1.3161785257177,-3.29691829392686e-10,-1.30899693899575,0,0.200224876403809,0.200224876403809
37.612,50.1740606,50.145,0,1,0,-14.7997770309448,50150,-14.7997770309448,4279,0,4,10,-28,0,-14.7997770309448,-14.7997770309448,-15,0,-1.36188731824472,0,-1.3161785257177,0,-1.30899693899575,0,0.200222969055176,0.200222969055176
37.643,50.2051672,50.176,0,1,0,-14.7997770309448,50181,-14.7997770309448,4279,0,4,10,-24,0,-14.7997770309448,-14.7997770309448,-15,0,-1.36188731824472,0,-1.3161785257177,0,-1.30899693899575,0,0.200222969055176,0.200222969055176
37.674,50.2391648,50.207,0,1,0,-14.7513971328735,50212,-14.7749919891357,4279,0,4,10,-12,0,-14.7865886688232,-14.7869644165039,-15,0,-1.36188731824472,0,-1.31618619562164,-1.58167949848576e-08,-1.30899693899575,0,0.212541580200195,0.212542533874512
37.702999999999996,50.2665696,50.236,0,1,0,-14.7874603271484,50242,-14.7874603271484,4279,0,4,10,-14,0,-14.7874603271484,-14.7874603271484,-15,0,-1.36188731824472,0,-1.31618619562164,0,-1.30899693899575,0,0.212539672851563,0.212539672851563
37.73,50.2923828,50.263,0,1,0,-14.7874603271484,50268,-14.7874603271484,4279,0,4,10,-15,0,-14.7874603271484,-14.7874603271484,-15,0,-1.36188731824472,0,-1.31618619562164,0,-1.30899693899575,0,0.212539672851563,0.212539672851563
37.756,50.3184684,50.289,0,1,0,-14.7299060821533,50294,-14.7328033447266,4279,0,4,10,-15,0,-14.763370513916,-14.7649240493774,-15,0,-1.36188731824472,0,-1.31619386552558,-1.80655906660832e-05,-1.30899693899575,0,0.227778434753418,0.226559638977051
37.782,50.3476225,50.315,0,1,0,-14.7751302719116,50322,-14.7751398086548,4279,0,4,10,-14,0,-14.7751512527466,-14.7751512527466,-15,0,-1.36188731824472,0,-1.31619386552558,-3.86535248253495e-12,-1.30899693899575,0,0.224843978881836,0.224843978881836
37.812,50.3739903,50.345,0,1,0,-14.7751560211182,50350,-14.7751560211182,4279,0,4,10,-14,0,-14.7751560211182,-14.7751560211182,-15,0,-1.36188731824472,0,-1.31619386552558,0,-1.30899693899575,0,0.224843978881836,0.224843978881836
37.836999999999996,50.3989461,50.37,0,1,0,-14.7751560211182,50375,-14.7751560211182,4279,0,4,10,-21,0,-14.7751560211182,-14.7751560211182,-15,0,-1.36188731824472,0,-1.31619386552558,0,-1.30899693899575,0,0.224843978881836,0.224843978881836
37.863,50.4255593,50.396,0,1,0,-14.7751560211182,50401,-14.7751560211182,4279,0,4,10,-17,0,-14.7751560211182,-14.7751560211182,-15,0,-1.36188731824472,0,-1.31619386552558,0,-1.30899693899575,0,0.224843978881836,0.224843978881836
37.89,50.4509408,50.423,0,1,0,-14.7751560211182,50427,-14.7751560211182,4279,0,4,10,-14,0,-14.7607440948486,-14.7607440948486,-15,0,-1.36188731824472,0,-1.31620153542952,-0.000551235240436654,-1.30899693899575,0,0.26671028137207,0.26671028137207
37.915,50.4765483,50.448,0,1,0,-14.7624092102051,50453,-14.7624673843384,4279,0,4,10,-14,0,-14.76256275177,-14.7625646591187,-15,0,-1.36188731824472,0,-1.31620153542952,-5.6206772569567e-10,-1.30899693899575,0,0.237443923950195,0.237442016601563
37.94,50.5021307,50.473,0,1,0,-14.7625589370728,50478,-14.7625589370728,4279,0,4,10,-10,0,-14.7625589370728,-14.7625589370728,-15,0,-1.36188731824472,0,-1.31620153542952,0,-1.30899693899575,0,0.237441062927246,0.237441062927246
37.964999999999996,50.5299797,50.498,0,1,0,-14.7625589370728,50503,-14.7625589370728,4279,0,4,10,-8,0,-14.7625589370728,-14.7625589370728,-15,0,-1.36188731824472,0,-1.31620153542952,0,-1.30899693899575,0,0.237441062927246,0.237441062927246
38.001,50.5646972,50.534,0,1,0,-14.7625589370728,50538,-14.7625589370728,4279,0,4,10,-14,0,-14.7625589370728,-14.7625589370728,-15,0,-1.36188731824472,0,-1.31620153542952,0,-1.30899693899575,0,0.237441062927246,0.237441062927246
38.032,50.5950176,50.565,0,1,0,-14.7625589370728,50569,-14.7625589370728,4279,0,4,10,-12,0,-14.7625589370728,-14.7625589370728,-15,0,-1.36188731824472,0,-1.31620153542952,0,-1.30899693899575,0,0.237441062927246,0.237441062927246
38.062999999999995,50.6251164,50.596,0,1,0,-14.7152729034424,50600,-14.7159805297852,4279,0,4,10,-17,0,-14.7478857040405,-14.748893737793,-15,0,-1.36188731824472,0,-1.31620920533346,-2.13501834878116e-07,-1.30899693899575,0,0.249726295471191,0.249726295471191
38.095,50.6567896,50.628,0,1,0,-14.7503137588501,50633,-14.7503137588501,4279,0,4,10,-12,0,-14.7503137588501,-14.7503137588501,-15,0,-1.36188731824472,0,-1.31620920533346,0,-1.30899693899575,0,0.249686241149902,0.249686241149902
38.12,50.6813695,50.653,0,1,0,-14.7503137588501,50657,-14.7503137588501,4279,0,4,10,-14,0,-14.7503137588501,-14.7503137588501,-15,0,-1.36188731824472,0,-1.31620920533346,0,-1.30899693899575,0,0.249686241149902,0.249686241149902
38.144999999999996,50.7064102,50.678,0,1,0,-14.7503137588501,50683,-14.7503137588501,4279,0,4,10,-14,0,-14.7503137588501,-14.7503137588501,-15,0,-1.36188731824472,0,-1.31620920533346,0,-1.30899693899575,0,0.249686241149902,0.249686241149902
38.169,50.7332199,50.702,0,1,0,-14.7503137588501,50708,-14.7503137588501,4279,0,4,10,-17,0,-14.7503137588501,-14.7503137588501,-15,0,-1.36188731824472,0,-1.31620920533346,0,-1.30899693899575,0,0.249686241149902,0.249686241149902
38.202999999999996,50.7648942,50.736,0,1,0,-14.7503137588501,50740,-14.7503137588501,4279,0,4,10,-7,0,-14.7503137588501,-14.7503137588501,-15,0,-1.36188731824472,0,-1.31620920533346,0,-1.30899693899575,0,0.249686241149902,0.249686241149902
38.234,50.7969145,50.767,0,1,0,-14.7503137588501,50772,-14.7503137588501,4279,0,4,10,-12,0,-14.7503137588501,-14.7503137588501,-15,0,-1.36188731824472,0,-1.31620920533346,0,-1.30899693899575,0,0.249686241149902,0.249686241149902
38.265,50.8300951,50.798,0,1,0,-14.7458038330078,50803,-14.7105360031128,4279,0,4,10,-17,0,-14.7143850326538,-14.7103204727173,-15,0,-1.36188731824472,0,-1.3162168752374,-2.43507065533777e-06,-1.30899693899575,0,0.262207984924316,0.262207984924316
38.297,50.8590418,50.83,0,1,0,-14.7379274368286,50835,-14.7379293441772,4279,0,4,10,-19,0,-14.73792552948,-14.73792552948,-15,0,-1.36188731824472,0,-1.3162168752374,-4.54747350886464e-13,-1.30899693899575,0,0.26207447052002,0.26207447052002
38.326,50.8885939,50.859,0,1,0,-14.73792552948,50864,-14.73792552948,4279,0,4,10,-12,0,-14.73792552948,-14.73792552948,-15,0,-1.36188731824472,0,-1.3162168752374,0,-1.30899693899575,0,0.26207447052002,0.26207447052002
38.358,50.9199051,50.891,0,1,0,-14.73792552948,50896,-14.73792552948,4279,0,4,10,-8,0,-14.73792552948,-14.73792552948,-15,0,-1.36188731824472,0,-1.3162168752374,0,-1.30899693899575,0,0.26207447052002,0.26207447052002
38.391999999999996,50.9532114,50.925,0,1,0,-14.73792552948,50929,-14.73792552948,4279,0,4,10,-8,0,-14.73792552948,-14.73792552948,-15,0,-1.36188731824472,0,-1.3162168752374,0,-1.30899693899575,0,0.26207447052002,0.26207447052002
38.417,50.9797056,50.95,0,1,0,-14.73792552948,50955,-14.73792552948,4279,0,4,10,-12,0,-14.73792552948,-14.73792552948,-15,0,-1.36188731824472,0,-1.3162168752374,0,-1.30899693899575,0,0.26207447052002,0.26207447052002
38.443,51.0055003,50.976,0,1,0,-14.73792552948,50981,-14.73792552948,4279,0,4,10,-12,0,-14.73792552948,-14.73792552948,-15,0,-1.36188731824472,0,-1.3162168752374,0,-1.30899693899575,0,0.26207447052002,0.26207447052002
38.469,51.0336746,51.002,0,1,0,-14.7294292449951,51006,-14.7373218536377,4279,0,4,10,-21,0,-14.7034349441528,-14.6964836120605,-15,0,-1.36188731824472,0,-1.31622454514134,-0.00123040536050212,-1.30899693899575,0,0.281927108764648,0.28011417388916
38.497,51.0598895,51.03,0,1,0,-14.7250776290894,51035,-14.7253103256226,4279,0,4,10,-12,0,-14.7254295349121,-14.7254295349121,-15,0,-1.36188731824472,0,-1.31622454514134,-7.37827576813288e-10,-1.30899693899575,0,0.274537086486816,0.274538993835449
38.522999999999996,51.0857492,51.056,0,1,0,-14.725456237793,51061,-14.725456237793,4279,0,4,10,-21,0,-14.725456237793,-14.725456237793,-15,0,-1.36188731824472,0,-1.31622454514134,0,-1.30899693899575,0,0.274543762207031,0.274543762207031
38.549,51.1122922,51.082,0,1,0,-14.725456237793,51087,-14.725456237793,4279,0,4,10,-21,0,-14.725456237793,-14.725456237793,-15,0,-1.36188731824472,0,-1.31622454514134,0,-1.30899693899575,0,0.274543762207031,0.274543762207031
38.576,51.1395283,51.109,0,1,0,-14.725456237793,51114,-14.725456237793,4279,0,4,10,-17,0,-14.725456237793,-14.725456237793,-15,0,-1.36188731824472,0,-1.31622454514134,0,-1.30899693899575,0,0.274543762207031,0.274543762207031
38.61,51.1721447,51.143,0,1,0,-14.725456237793,51148,-14.725456237793,4279,0,4,10,-7,0,-14.725456237793,-14.725456237793,-15,0,-1.36188731824472,0,-1.31622454514134,0,-1.30899693899575,0,0.274543762207031,0.274543762207031
38.641,51.2035909,51.174,0,1,0,-14.725456237793,51179,-14.725456237793,4279,0,4,10,-7,0,-14.725456237793,-14.725456237793,-15,0,-1.36188731824472,0,-1.31622454514134,0,-1.30899693899575,0,0.274543762207031,0.274543762207031
38.672,51.2365727,51.205,0,1,0,-14.725456237793,51210,-14.725456237793,4279,0,4,10,-8,0,-14.725456237793,-14.725456237793,-15,0,-1.36188731824472,0,-1.31622454514134,0,-1.30899693899575,0,0.274543762207031,0.274543762207031
38.699,51.2611761,51.232,0,1,0,-14.725456237793,51237,-14.725456237793,4279,0,4,10,-7,0,-14.725456237793,-14.725456237793,-15,0,-1.36188731824472,0,-1.31622454514134,0,-1.30899693899575,0,0.274543762207031,0.276163101196289
38.725,51.2878438,51.258,0,1,0,-14.7318334579468,51263,-14.7316188812256,4279,0,4,10,-14,0,-14.6720132827759,-14.6695909500122,-15,0,-1.36188731824472,0,-1.31622454514134,0.00181276663829522,-1.30899693899575,0,0.289553642272949,0.291408538818359
38.751,51.3123188,51.284,0,1,0,-14.7149333953857,51289,-14.7131671905518,4279,0,4,10,-14,0,-14.6981048583984,-14.6981048583984,-15,0,-1.36188731824472,0,-1.31623221504527,-1.31912474898854e-06,-1.30899693899575,0,0.250287055969238,0.250287055969238
38.775,51.3388134,51.308,0,1,0,-14.7079191207886,51313,-14.7112855911255,4279,0,4,10,-10,0,-14.7129850387573,-14.7130317687988,-15,0,-1.36188731824472,0,-1.31623221504527,-6.51402842777316e-09,-1.30899693899575,0,0.286922454833984,0.286923408508301
38.812,51.373197,51.345,0,1,0,-14.7130689620972,51350,-14.7130689620972,4279,0,4,10,-12,0,-14.7130689620972,-14.7130689620972,-15,0,-1.36188731824472,0,-1.31623221504527,0,-1.30899693899575,0,0.286931037902832,0.286931037902832
38.844,51.4068551,51.377,0,1,0,-14.7130689620972,51381,-14.7130689620972,4279,0,4,10,-15,0,-14.7130689620972,-14.7130689620972,-15,0,-1.36188731824472,0,-1.31623221504527,0,-1.30899693899575,0,0.286931037902832,0.286931037902832
38.875,51.4395513,51.408,0,1,0,-14.7130689620972,51412,-14.7130689620972,4279,0,4,10,-17,0,-14.7130689620972,-14.7130689620972,-15,0,-1.36188731824472,0,-1.31623221504527,0,-1.30899693899575,0,0.286931037902832,0.286931037902832
38.903,51.4665065,51.436,0,1,0,-14.7130689620972,51440,-14.7130689620972,4279,0,4,10,-19,0,-14.7130689620972,-14.7130689620972,-15,0,-1.36188731824472,0,-1.31623221504527,0,-1.30899693899575,0,0.286931037902832,0.286931037902832
38.93,51.4913137,51.463,0,1,0,-14.7130689620972,51467,-14.7130689620972,4279,0,4,10,-8,0,-14.7130689620972,-14.7130689620972,-15,0,-1.36188731824472,0,-1.31623221504527,0,-1.30899693899575,0,0.286931037902832,0.286931037902832
38.954,51.5165367,51.487,0,1,0,-14.7130689620972,51492,-14.7130689620972,4279,0,4,10,-15,0,-14.7130689620972,-14.7130689620972,-15,0,-1.36188731824472,0,-1.31623221504527,0,-1.30899693899575,0,0.286931037902832,0.286931037902832
38.98,51.5446752,51.513,0,1,0,-14.7130689620972,51519,-14.7130689620972,4279,0,4,10,-8,0,-14.7130689620972,-14.7130689620972,-15,0,-1.36188731824472,0,-1.31623221504527,0,-1.30899693899575,0,0.286931037902832,0.286931037902832
39.016,51.5781824,51.549,0,1,0,-14.6617078781128,51554,-14.6950263977051,4279,0,4,10,-28,0,-14.7178049087524,-14.7298822402954,-15,0,-1.36188731824472,0,-1.31623988494921,0.00130397853763498,-1.30899693899575,0,0.289135932922363,0.289135932922363
39.047,51.6093828,51.58,0,1,0,-14.7029294967651,51584,-14.680196762085,4279,0,4,10,-19,0,-14.6718120574951,-14.6699781417847,-15,0,-1.36188731824472,0,-1.31623988494921,-2.7124860935146e-06,-1.30899693899575,0,0.299700736999512,0.299522399902344
39.077,51.6425633,51.61,0,1,0,-14.7007551193237,51615,-14.7007579803467,4279,0,4,10,-14,0,-14.7007579803467,-14.7007579803467,-15,0,-1.36188731824472,0,-1.31623988494921,0,-1.30899693899575,0,0.29924201965332,0.29924201965332
39.106,51.6687121,51.639,0,1,0,-14.7007579803467,51644,-14.7007579803467,4279,0,4,10,-8,0,-14.7007579803467,-14.7007579803467,-15,0,-1.36188731824472,0,-1.31623988494921,0,-1.30899693899575,0,0.29924201965332,0.29924201965332
39.132,51.6943869,51.665,0,1,0,-14.7007579803467,51669,-14.7007579803467,4279,0,4,10,-12,0,-14.7007579803467,-14.7007579803467,-15,0,-1.36188731824472,0,-1.31623988494921,0,-1.30899693899575,0,0.29924201965332,0.29924201965332
39.157,51.7192997,51.69,0,1,0,-14.7007579803467,51695,-14.7007579803467,4279,0,4,10,-14,0,-14.7007579803467,-14.7007579803467,-15,0,-1.36188731824472,0,-1.31623988494921,0,-1.30899693899575,0,0.29924201965332,0.29924201965332
39.182,51.7465303,51.715,0,1,0,-14.7007579803467,51722,-14.7007579803467,4279,0,4,10,-8,0,-14.7007579803467,-14.7007579803467,-15,0,-1.36188731824472,0,-1.31623988494921,0,-1.30899693899575,0,0.29924201965332,0.29924201965332
39.208999999999996,51.7721746,51.742,0,1,0,-14.7007579803467,51747,-14.7007579803467,4279,0,4,10,-22,0,-14.7007579803467,-14.7007579803467,-15,0,-1.36188731824472,0,-1.31623988494921,0,-1.30899693899575,0,0.29924201965332,0.29924201965332
39.235,51.7980523,51.768,0,1,0,-14.7007579803467,51773,-14.7007579803467,4279,0,4,10,-17,0,-14.7007579803467,-14.7007579803467,-15,0,-1.36188731824472,0,-1.31623988494921,0,-1.30899693899575,0,0.29924201965332,0.29924201965332
39.260999999999996,51.8245722,51.794,0,1,0,-14.7007579803467,51799,-14.7007579803467,4279,0,4,10,-12,0,-14.7007579803467,-14.7007579803467,-15,0,-1.36188731824472,0,-1.31623988494921,0,-1.30899693899575,0,0.29924201965332,0.29924201965332
39.287,51.8500743,51.82,0,1,0,-14.7007579803467,51825,-14.7007579803467,4279,0,4,10,-12,0,-14.7007579803467,-14.7007579803467,-15,0,-1.36188731824472,0,-1.31623988494921,0,-1.30899693899575,0,0.29924201965332,0.29924201965332
39.312999999999995,51.8767847,51.846,0,1,0,-14.7007579803467,51851,-14.7007579803467,4279,0,4,10,-7,0,-14.7007579803467,-14.7007579803467,-15,0,-1.36188731824472,0,-1.31623988494921,0,-1.30899693899575,0,0.29924201965332,0.29924201965332
39.339999999999996,51.9030111,51.873,0,1,0,-14.7007579803467,51878,-14.7007579803467,4279,0,4,10,-22,0,-14.7007579803467,-14.7007579803467,-15,0,-1.36188731824472,0,-1.31623988494921,0,-1.30899693899575,0,0.29924201965332,0.29924201965332
39.366,51.9301479,51.899,0,1,0,-14.6636743545532,51904,-14.686315536499,4279,0,4,10,-12,0,-14.701060295105,-14.701060295105,-15,0,-1.36188731824472,0,-1.31623988494921,0.00015793342095094,-1.30899693899575,0,0.284151077270508,0.290385246276855
39.403999999999996,51.9670931,51.937,0,1,0,-14.6840648651123,51942,-14.7224407196045,4279,0,4,10,-19,0,-14.6804265975952,-14.6804265975952,-15,0,-1.36188731824472,0,-1.31624755485315,-1.04078756066883e-05,-1.30899693899575,0,0.31352710723877,0.312833786010742
39.434,51.9960175,51.967,0,1,0,-14.6881618499756,51972,-14.6881694793701,4279,0,4,10,-22,0,-14.6881685256958,-14.6881675720215,-15,0,-1.36188731824472,0,-1.31624755485315,-2.04636307898909e-12,-1.30899693899575,0,0.311832427978516,0.311832427978516
39.466,52.0284336,51.999,0,1,0,-14.6881675720215,52003,-14.6881675720215,4279,0,4,10,-5,0,-14.6881675720215,-14.6881675720215,-15,0,-1.36188731824472,0,-1.31624755485315,0,-1.30899693899575,0,0.311832427978516,0.311832427978516
39.498,52.0614002,52.031,0,1,0,-14.6881675720215,52035,-14.6881675720215,4279,0,4,10,-21,0,-14.6881675720215,-14.6881675720215,-15,0,-1.36188731824472,0,-1.31624755485315,0,-1.30899693899575,0,0.311832427978516,0.311832427978516
39.524,52.0893555,52.057,0,1,0,-14.6881675720215,52063,-14.6881675720215,4279,0,4,10,-21,0,-14.6881675720215,-14.6881675720215,-15,0,-1.36188731824472,0,-1.31624755485315,0,-1.30899693899575,0,0.311832427978516,0.311832427978516
39.552,52.1143348,52.085,0,1,0,-14.6881675720215,52090,-14.6881675720215,4279,0,4,10,-21,0,-14.6881675720215,-14.6881675720215,-15,0,-1.36188731824472,0,-1.31624755485315,0,-1.30899693899575,0,0.311832427978516,0.311832427978516
39.577,52.1425389,52.11,0,1,0,-14.6881675720215,52116,-14.6881675720215,4279,0,4,10,-17,0,-14.6881675720215,-14.6881675720215,-15,0,-1.36188731824472,0,-1.31624755485315,0,-1.30899693899575,0,0.311832427978516,0.311832427978516
39.62,52.184063,52.153,0,1,0,-14.6881675720215,52158,-14.6881675720215,4279,0,4,10,-19,0,-14.6881675720215,-14.6881675720215,-15,0,-1.36188731824472,0,-1.31624755485315,0,-1.30899693899575,0,0.311832427978516,0.311832427978516
39.650999999999996,52.2124245,52.184,0,1,0,-14.6881675720215,52188,-14.6881675720215,4279,0,4,10,-19,0,-14.6881675720215,-14.6881675720215,-15,0,-1.36188731824472,0,-1.31624755485315,0,-1.30899693899575,0,0.311832427978516,0.311832427978516
39.682,52.2472058,52.215,0,1,0,-14.6881675720215,52220,-14.6881675720215,4279,0,4,10,-14,0,-14.6881675720215,-14.6881675720215,-15,0,-1.36188731824472,0,-1.31624755485315,0.000420393740341751,-1.30899693899575,0,0.305881500244141,0.307097434997559
39.71,52.2738136,52.243,0,1,0,-14.6663389205933,52248,-14.6897621154785,4279,0,4,10,-1,0,-14.6354751586914,-14.6840944290161,-15,0,-1.36188731824472,0,-1.31624755485315,-0.00157302345451171,-1.30899693899575,0,0.344013214111328,0.351566314697266
39.737,52.3011386,52.27,0,1,0,-14.6719188690186,52275,-14.673641204834,4279,0,4,10,-22,0,-14.6747789382935,-14.6747789382935,-15,0,-1.36188731824472,0,-1.31625522475709,-9.34146555664483e-08,-1.30899693899575,0,0.324188232421875,0.324184417724609
39.765,52.3288129,52.298,0,1,0,-14.6758279800415,52302,-14.6758270263672,4279,0,4,10,-21,0,-14.6758270263672,-14.6758270263672,-15,0,-1.36188731824472,0,-1.31625522475709,0,-1.30899693899575,0,0.324172973632813,0.324172973632813
39.805,52.3682233,52.338,0,1,0,-14.6758270263672,52343,-14.6758270263672,4279,0,4,10,-21,0,-14.6758270263672,-14.6758270263672,-15,0,-1.36188731824472,0,-1.31625522475709,0,-1.30899693899575,0,0.324172973632813,0.324172973632813
39.836999999999996,52.3993406,52.37,0,1,0,-14.6758270263672,52374,-14.6758270263672,4279,0,4,10,-7,0,-14.6758270263672,-14.6758270263672,-15,0,-1.36188731824472,0,-1.31625522475709,0,-1.30899693899575,0,0.324172973632813,0.324172973632813
39.868,52.4314318,52.401,0,1,0,-14.6758270263672,52406,-14.6758270263672,4279,0,4,10,-24,0,-14.6758270263672,-14.6758270263672,-15,0,-1.36188731824472,0,-1.31625522475709,0,-1.30899693899575,0,0.324172973632813,0.324172973632813
39.900999999999996,52.4639197,52.434,0,1,0,-14.6758270263672,52438,-14.6758270263672,4279,0,4,10,-12,0,-14.6758270263672,-14.6758270263672,-15,0,-1.36188731824472,0,-1.31625522475709,0,-1.30899693899575,0,0.324172973632813,0.324172973632813
39.927,52.4888289,52.46,0,1,0,-14.6758270263672,52465,-14.6758270263672,4279,0,4,10,0,0,-14.6758270263672,-14.6758270263672,-15,0,-1.36188731824472,0,-1.31625522475709,0,-1.30899693899575,0,0.324172973632813,0.324172973632813
39.952,52.5164399,52.485,0,1,0,-14.6758270263672,52490,-14.6758270263672,4279,0,4,10,-19,0,-14.6758270263672,-14.6758270263672,-15,0,-1.36188731824472,0,-1.31625522475709,0,-1.30899693899575,0,0.324172973632813,0.324172973632813
39.979,52.5465686,52.512,0,1,0,-14.6758270263672,52520,-14.6758270263672,4279,0,4,10,-10,0,-14.6758270263672,-14.6758270263672,-15,0,-1.36188731824472,0,-1.31625522475709,0,-1.30899693899575,0,0.324172973632813,0.324172973632813
40.022999999999996,52.5871754,52.556,0,1,0,110.203468322754,52561,110.201797485352,4279,0,4,10,108,0,110.19393157959,110.192947387695,110,0,-1.36179144444548,0.0086746613555988,-1.31379318559254,0.154907701375123,0,0,0.186203002929688,0.18536376953125
40.053,52.6180666,52.586,0,1,0,110.175788879395,52591,110.174331665039,4279,0,4,10,115,0,110.170455932617,110.170455932617,110,0,-1.35977809466138,0.0973038188951705,-1.30768027215281,0.224376248007047,0,0,0.166374206542969,0.165969848632813
40.083999999999996,52.6515291,52.617,0,1,0,110.159240722656,52622,110.159698486328,4279,0,4,10,110,0,110.157577514648,110.157241821289,110,0,-1.35460090950226,0.222114208164157,-1.2992740574352,0.250661334789584,0,0,0.152999877929688,0.152999877929688
40.114,52.6778651,52.647,0,1,0,110.149703979492,52652,110.148803710938,4279,0,4,10,114,0,110.148284912109,110.148063659668,110,0,-1.34578051997192,0.336233595141721,-1.29211036715577,0.280815342700407,0,0,0.146453857421875,0.146347045898438
40.141,52.7040357,52.674,0,1,0,110.144943237305,52678,110.144676208496,4279,0,4,10,108,0,110.144500732422,110.144424438477,110,0,-1.33513852825596,0.421806333701625,-1.28437143408089,0.294859041189056,0,0,0.143692016601563,0.14337158203125
40.167,52.7332471,52.7,0,1,0,110.141983032227,52705,110.141799926758,4279,0,4,10,110,0,110.140365600586,110.140365600586,110,0,-1.32411304134304,0.423779653650854,-1.27594220965146,0.32653645424125,0,0,0.138107299804688,0.137893676757813
40.21,52.7748903,52.743,0,1,0,110.131225585938,52749,110.130981445313,4279,0,4,10,107,0,110.13005065918,110.129776000977,110,0,-1.30791036927099,0.377545705410284,-1.2603876444623,0.382543138993242,0,0,0.129043579101563,0.128952026367188
40.241,52.8056304,52.774,0,1,0,110.128433227539,52779,110.128326416016,4279,0,4,10,96,0,110.127662658691,110.127700805664,110,0,-1.2978436203505,0.353887255877225,-1.24879074970588,0.388303310375704,0,0,0.127792358398438,0.127792358398438
40.272999999999996,52.8392866,52.806,0,1,0,110.126007080078,52811,110.125701904297,4279,0,4,10,110,0,110.124900817871,110.124725341797,110,0,-1.28672225963832,0.378677729215042,-1.23533773819613,0.403592268396096,0,0,0.12298583984375,0.122848510742188
40.302,52.8670672,52.835,0,1,0,110.121620178223,52840,110.121566772461,4279,0,4,10,107,0,110.121520996094,110.121520996094,110,0,-1.27492978233145,0.423603594814494,-1.22445414450608,0.39940933697244,0,0,0.122268676757813,0.122413635253906
40.330999999999996,52.8958071,52.864,0,1,0,110.123077392578,52869,110.123199462891,4279,0,4,10,101,0,110.123191833496,110.123199462891,110,0,-1.26284968362685,0.446837040379933,-1.21256579339996,0.39618617424162,0,0,0.122970581054688,0.122917175292969
40.358,52.9226496,52.891,0,1,0,110.122062683105,52897,110.122024536133,4279,0,4,10,98,0,110.121086120605,110.120803833008,110,0,-1.25057783732377,0.4880220639659,-1.2016591899981,0.410522567352473,0,0,0.120079040527344,0.120079040527344
40.387,52.9518121,52.92,0,1,0,110.119766235352,52925,110.119934082031,4279,0,4,10,108,0,110.120269775391,110.120445251465,110,0,-1.23725137922901,0.476511458002278,-1.18967880004471,0.413821344897315,0,0,0.121322631835938,0.121292114257813
40.415,52.9787131,52.948,0,1,0,110.122146606445,52953,110.122146606445,4279,0,4,10,115,0,110.121780395508,110.121780395508,110,0,-1.22574652331987,0.447365307272548,-1.17842705096557,0.42482721106353,0,0,0.120590209960938,0.120590209960938
40.440999999999995,53.0061273,52.974,0,1,0,110.11833190918,52980,110.117965698242,4279,0,4,10,107,0,110.117218017578,110.117065429688,110,0,-1.2146251626077,0.429353385195327,-1.16663073870673,0.445106334428147,0,0,0.115707397460938,0.11572265625
40.469,53.0374198,53.002,0,1,0,110.115982055664,53007,110.116012573242,4279,0,4,10,110,0,110.116310119629,110.116409301758,110,0,-1.20177807350916,0.423150864655327,-1.15291695046303,0.443830135707231,0,0,0.116195678710938,0.116134643554688
40.509,53.0710641,53.042,0,1,0,110.114318847656,53046,110.114227294922,4279,0,4,10,112,0,110.113784790039,110.113700866699,110,0,-1.18691763462651,0.477268015913523,-1.13784558922205,0.44299657640704,0,0,0.113632202148438,0.113616943359375
40.54,53.1030447,53.073,0,1,0,110.116142272949,53078,110.116546630859,4279,0,4,10,101,0,110.117691040039,110.117828369141,110,0,-1.17196132194463,0.483920821558058,-1.12393238347593,0.424127533421597,0,0,0.11956787109375,0.119758605957031
40.571,53.1350329,53.104,0,1,0,110.119476318359,53109,110.11939239502,4279,0,4,10,117,0,110.118515014648,110.118354797363,110,0,-1.15805962105442,0.491996249644671,-1.10966636214859,0.443656885222254,0,0,0.116851806640625,0.116676330566406
40.598,53.1609723,53.131,0,1,0,110.11506652832,53136,110.11491394043,4279,0,4,10,108,0,110.115051269531,110.115051269531,110,0,-1.14540427955436,0.483690384985493,-1.09842995287733,0.452596915293952,0,0,0.114952087402344,0.115150451660156
40.623,53.1860153,53.156,0,1,0,110.115661621094,53161,110.115814208984,4279,0,4,10,110,0,110.115921020508,110.115776062012,110,0,-1.13380354984597,0.463136743108635,-1.08667966004213,0.452662915228302,0,0,0.11566162109375,0.115638732910156
40.649,53.211278,53.182,0,1,0,110.114227294922,53187,110.114028930664,4279,0,4,10,112,0,110.113311767578,110.11328125,110,0,-1.12277806293305,0.462974994382648,-1.07561198865753,0.464889564599616,0,0,0.113174438476563,0.113113403320313
40.674,53.2373068,53.207,0,1,0,110.113868713379,53211,110.114059448242,4279,0,4,10,103,0,110.114837646484,110.115325927734,110,0,-1.11146495462239,0.458003809928641,-1.06324810350717,0.450695332015357,0,0,0.1168212890625,0.117057800292969
40.711999999999996,53.2764193,53.245,0,1,0,110.118370056152,53250,110.118072509766,4279,0,4,10,121,0,110.117782592773,110.117721557617,110,0,-1.09430354455792,0.49032571873272,-1.0462899458971,0.451069480565138,0,0,0.116653442382813,0.116531372070313
40.743,53.3065273,53.276,0,1,0,110.115905761719,53281,110.115905761719,4279,0,4,10,101,0,110.115898132324,110.116012573242,110,0,-1.07953897947452,0.495095549027837,-1.03270654602037,0.452193955958819,0,0,0.117111206054688,0.117263793945313
40.775,53.3388503,53.308,0,1,0,110.116470336914,53312,110.116195678711,4279,0,4,10,112,0,110.115257263184,110.115257263184,110,0,-1.06554140478506,0.490386575046159,-1.01850188392455,0.467647664759511,0,0,0.113571166992188,0.113357543945313
40.801,53.36448,53.334,0,1,0,110.11254119873,53339,110.1123046875,4279,0,4,10,112,0,110.112396240234,110.112396240234,110,0,-1.05221494669031,0.5014305717566,-1.00533265886055,0.46907078080676,0,0,0.113265991210938,0.113426208496094
40.827,53.3892716,53.36,0,1,0,110.116012573242,53365,110.1162109375,4279,0,4,10,110,0,110.117362976074,110.117416381836,110,0,-1.04003897418646,0.489088419469454,-0.993843142759289,0.457646190567743,0,0,0.117706298828125,0.117828369140625
40.852,53.4141516,53.385,0,1,0,110.116691589355,53390,110.116508483887,4279,0,4,10,107,0,110.115295410156,110.115051269531,110,0,-1.02891761347429,0.487668623231912,-0.982200228579237,0.473841250245982,0,0,0.1136474609375,0.113449096679688
40.876999999999995,53.4416022,53.41,0,1,0,110.11262512207,53415,110.112640380859,4279,0,4,10,108,0,110.11287689209,110.11287689209,110,0,-1.01635814577348,0.485579811724847,-0.969391489000392,0.470774072049267,0,0,0.114143371582031,0.114143371582031
40.903999999999996,53.4681415,53.437,0,1,0,110.114273071289,53442,110.1142578125,4279,0,4,10,103,0,110.114082336426,110.113929748535,110,0,-1.00399042567115,0.487142111501498,-0.957088963081549,0.475510821384773,0,0,0.112655639648438,0.112541198730469
40.932,53.49486,53.465,0,1,0,110.110336303711,53470,110.11026763916,4279,0,4,10,114,0,110.109725952148,110.109672546387,110,0,-0.99114333657261,0.523864410712804,-0.944625369179978,0.47723169284825,0,0,0.109909057617188,0.109909057617188
40.958,53.519743,53.491,0,1,0,110.113418579102,53496,110.113868713379,4279,0,4,10,98,0,110.115295410156,110.115814208984,110,0,-0.978487995072553,0.501669940230386,-0.932422552012348,0.46631506319261,0,0,0.117027282714844,0.117027282714844
40.982,53.5460641,53.515,0,1,0,110.116897583008,53522,110.11669921875,4279,0,4,10,107,0,110.115753173828,110.115440368652,110,0,-0.966024401170983,0.503400199265343,-0.919774880416231,0.475448612562559,0,0,0.113571166992188,0.113265991210938
41.01,53.5724568,53.543,0,1,0,110.110992431641,53548,110.110908508301,4279,0,4,10,103,0,110.110740661621,110.110778808594,110,0,-0.953273185871683,0.513378319988192,-0.907249927283144,0.480257423454304,0,0,0.1121826171875,0.112442016601563
41.04,53.6021467,53.573,0,1,0,110.113586425781,53578,110.113342285156,4279,0,4,10,108,0,110.112442016602,110.112442016602,110,0,-0.938796242186012,0.51112975661681,-0.892853517588838,0.486397010462952,0,0,0.111045837402344,0.11083984375
41.071999999999996,53.6367294,53.605,0,1,0,110.10871887207,53609,110.10880279541,4279,0,4,10,108,0,110.109390258789,110.109504699707,110,0,-0.92259357011397,0.511242301204106,-0.876271185271794,0.481922005742717,0,0,0.112411499023438,0.112411499023438
41.099,53.6621201,53.632,0,1,0,110.11491394043,53637,110.11491394043,4279,0,4,10,107,0,110.114692687988,110.114799499512,110,0,-0.909938228613914,0.495002285120108,-0.864306135126286,0.479595005890019,0,0,0.113571166992188,0.11328125
41.125,53.687328,53.658,0,1,0,110.109573364258,53662,110.109268188477,4279,0,4,10,112,0,110.107757568359,110.107490539551,110,0,-0.897474634712343,0.526135811690665,-0.851551084875017,0.496930930913663,0,0,0.105941772460938,0.105873107910156
41.150999999999996,53.7136612,53.684,0,1,0,110.106544494629,53688,110.106925964355,4279,0,4,10,101,0,110.107269287109,110.107414245605,110,0,-0.884339924216072,0.520003006139746,-0.838742345296172,0.486841851105055,0,0,0.107528686523438,0.107574462890625
41.176,53.7403826,53.709,0,1,0,110.102127075195,53714,110.104873657227,4279,0,4,10,105,0,110.104705810547,110.104377746582,110,0,-0.871013466121316,0.519579480864763,-0.825672828983386,0.452199571386473,0,0,0.1019287109375,0.102371215820313
41.202999999999996,53.7646308,53.736,0,1,0,110.10196685791,53740,110.102157592773,4279,0,4,10,115,0,110.102828979492,110.103096008301,110,0,-0.858166377022773,0.536442907226728,-0.813186225369997,0.491355761450905,0,0,0.105087280273438,0.105087280273438
41.227,53.7897491,53.76,0,1,0,110.106582641602,53765,110.106742858887,4279,0,4,10,107,0,110.106521606445,110.106521606445,110,0,-0.845511035522717,0.533088543633994,-0.800906709162972,0.494828833386919,0,0,0.104339599609375,0.104339599609375
41.253,53.8163962,53.786,0,1,0,110.099945068359,53791,110.099411010742,4279,0,4,10,103,0,110.09789276123,110.097709655762,110,0,-0.831992829829475,0.544119801566467,-0.787745154002913,0.509296253158027,0,0,0.0964126586914063,0.096343994140625
41.278999999999996,53.8431935,53.812,0,1,0,110.097122192383,53816,110.096969604492,4279,0,4,10,114,0,110.097267150879,110.097267150879,110,0,-0.818187002738504,0.532551988796399,-0.773985346335579,0.509476678186502,0,0,0.0963821411132813,0.0963134765625
41.32,53.883912,53.853,0,1,0,110.089530944824,53858,110.089164733887,4279,0,4,10,114,0,110.088539123535,110.088623046875,110,0,-0.797382388302805,0.57237539133564,-0.752732042519424,0.514655375994266,0,0,0.0893402099609375,0.0893402099609375
41.35,53.9139551,53.883,0,1,0,110.092193603516,53888,110.09211730957,4279,0,4,10,107,0,110.092178344727,110.092178344727,110,0,-0.78108384243152,0.541504250678258,-0.737384564736628,0.517001709625561,0,0,0.090545654296875,0.0901641845703125
41.381,53.9466653,53.914,0,1,0,110.085037231445,53919,110.084182739258,4279,0,4,10,107,0,110.082473754883,110.082176208496,110,0,-0.765168791757206,0.568666699950199,-0.720058251737459,0.525571298277555,0,0,0.0825347900390625,0.0825347900390625
41.409,53.9727852,53.942,0,1,0,110.082778930664,53947,110.082443237305,4279,0,4,10,103,0,110.081390380859,110.081161499023,110,0,-0.750212479075321,0.562654949380885,-0.70637514310952,0.530971834556794,0,0,0.078826904296875,0.078826904296875
41.436,53.9996861,53.969,0,1,0,110.074890136719,53974,110.074478149414,4279,0,4,10,114,0,110.072555541992,110.072143554688,110,0,-0.735256166393436,0.579697200493115,-0.69188669456794,0.537042822975536,0,0,0.0716400146484375,0.0719070434570313
41.463,54.0270682,53.996,0,1,0,110.074844360352,54001,110.07511138916,4279,0,4,10,103,0,110.076278686523,110.076400756836,110,0,-0.72058747510928,0.564172149473734,-0.677605333432724,0.528978124797277,0,0,0.0754165649414063,0.0751190185546875
41.489,54.0524637,54.022,0,1,0,110.071556091309,54027,110.0703125,4279,0,4,10,98,0,110.067649841309,110.067047119141,110,0,-0.706685774219066,0.570703056220054,-0.664090962691452,0.545711618156588,0,0,0.0638580322265625,0.0633392333984375
41.515,54.0784688,54.048,0,1,0,110.060943603516,54053,110.060859680176,4279,0,4,10,105,0,110.060287475586,110.06037902832,110,0,-0.691825335336424,0.596793349339919,-0.64935707722381,0.547670687397385,0,0,0.0598220825195313,0.059600830078125
41.541,54.1048447,54.074,0,1,0,110.056930541992,54079,110.056289672852,4279,0,4,10,96,0,110.053443908691,110.052963256836,110,0,-0.677060770253025,0.573117529900514,-0.634929987913746,0.563075677098823,0,0,0.050018310546875,0.050018310546875
41.568,54.1328889,54.101,0,1,0,110.04776763916,54105,110.047958374023,4279,0,4,10,107,0,110.049896240234,110.049896240234,110,0,-0.662200331370383,0.600875702633175,-0.620502898603681,0.545610496574682,0,0,0.050323486328125,0.050323486328125
41.596,54.1602348,54.129,0,1,0,110.045303344727,54135,110.04460144043,4279,0,4,10,107,0,110.040229797363,110.040229797363,110,0,-0.645805911699855,0.59120468946935,-0.604311731387548,0.56873737135038,0,0,0.035430908203125,0.0349349975585938
41.622,54.1851558,54.155,0,1,0,110.030075073242,54160,110.029815673828,4279,0,4,10,107,0,110.029945373535,110.029838562012,110,0,-0.631041346616456,0.626984115463756,-0.590099399387788,0.564339153634251,0,0,0.0286941528320313,0.028564453125
41.647999999999996,54.2113426,54.181,0,1,0,110.025436401367,54185,110.024078369141,4279,0,4,10,114,0,110.020576477051,110.01985168457,110,0,-0.616660276730028,0.600297273818796,-0.575143086705903,0.583211812841569,0,0,0.0139617919921875,0.0134429931640625
41.674,54.2382841,54.207,0,1,0,110.007858276367,54212,110.007568359375,4279,0,4,10,101,0,110.007843017578,110.008262634277,110,0,-0.599786488063286,0.640177326395133,-0.559419783630075,0.575670668815974,0,0,0.0086822509765625,0.00860595703125
41.707,54.2695135,54.24,0,1,0,110.003639221191,54244,110.00276184082,4279,0,4,10,107,0,109.998657226563,109.997817993164,109,0,-0.581282844809415,0.617642808479104,-0.540743567537567,0.595234655586751,0,0,0.992416381835938,0.991546630859375
41.736,54.2988937,54.269,0,1,0,109.985534667969,54274,109.98518371582,4279,0,4,10,98,0,109.984230041504,109.983711242676,109,0,-0.563162696752516,0.639711550830157,-0.523417254538399,0.599237418969551,0,0,0.979324340820313,0.979324340820313
41.768,54.3299081,54.301,0,1,0,109.966094970703,54305,109.96452331543,4279,0,4,10,96,0,109.961242675781,109.960456848145,109,0,-0.543892063104703,0.661255890307871,-0.50448793161589,0.612983340583469,0,0,0.958648681640625,0.958648681640625
41.801,54.3638852,54.334,0,1,0,109.962677001953,54338,109.962310791016,4279,0,4,10,96,0,109.959892272949,109.959167480469,109,0,-0.523279196267489,0.644636287751268,-0.483878899730647,0.615191605051962,0,0,0.954345703125,0.953506469726563
41.826,54.3893063,54.359,0,1,0,109.94206237793,54364,109.940994262695,4279,0,4,10,115,0,109.937072753906,109.93635559082,109,0,-0.507076524195447,0.668550570626849,-0.467703072322393,0.620293346412609,0,0,0.933944702148438,0.933631896972656
41.852,54.4149451,54.385,0,1,0,109.929634094238,54390,109.928718566895,4279,0,4,10,107,0,109.924087524414,109.923164367676,109,0,-0.490106861729462,0.676201631046979,-0.45204112847808,0.633629653641151,0,0,0.916038513183594,0.916038513183594
41.878,54.4428445,54.411,0,1,0,109.905601501465,54415,109.905014038086,4279,0,4,10,107,0,109.902709960938,109.90315246582,109,0,-0.47256195646802,0.689280534800787,-0.434254621242546,0.629748913852211,0,0,0.90350341796875,0.90350341796875
41.905,54.4688568,54.438,0,1,0,109.897384643555,54443,109.895721435547,4279,0,4,10,108,0,109.885208129883,109.88232421875,109,0,-0.455304672604307,0.700867428819663,-0.418339570568233,0.647303060330046,0,0,0.86505126953125,0.86505126953125
41.932,54.4960289,54.465,0,1,0,109.84757232666,54470,109.846252441406,4279,0,4,10,114,0,109.843460083008,109.842468261719,109,0,-0.437280398346651,0.696005383943998,-0.400016170056939,0.655905509576598,0,0,0.837074279785156,0.837074279785156
41.958999999999996,54.5249254,54.492,0,1,0,109.820083618164,54497,109.816711425781,4279,0,4,10,110,0,109.804222106934,109.801086425781,109,0,-0.418297386096566,0.695315296785452,-0.381393643292007,0.668886234488127,0,0,0.784538269042969,0.784538269042969
41.987,54.5503959,54.52,0,1,0,109.778800964355,54524,109.778305053711,4279,0,4,10,112,0,109.77685546875,109.776275634766,109,0,-0.400464859437395,0.717917707957952,-0.364243738083446,0.653601809989311,0,0,0.767440795898438,0.765525817871094
42.013999999999996,54.5768927,54.547,0,1,0,109.737503051758,54552,109.733856201172,4279,0,4,10,107,0,109.719451904297,109.719451904297,109,0,-0.383207575573682,0.721680091178939,-0.346925094988217,0.67019555766035,0,0,0.703483581542969,0.703483581542969
42.045,54.6082152,54.578,0,1,0,109.66455078125,54583,109.653747558594,4279,0,4,10,112,0,109.621139526367,109.614860534668,109,0,-0.361060727948583,0.740331128627417,-0.325272956167211,0.689090987238615,0,0,0.565643310546875,0.559349060058594
42.077,54.6405798,54.61,0,1,0,109.48454284668,54615,109.481475830078,4279,0,4,10,112,0,109.471237182617,109.471237182617,109,0,-0.338722132724998,0.750609434021101,-0.303866254272267,0.688435953116027,0,0,0.442604064941406,0.437301635742188
42.103,54.6661054,54.636,0,1,0,109.368629455566,54641,109.361190795898,4279,0,4,10,114,0,109.314102172852,109.314102172852,109,0,-0.319739120474913,0.745174453194693,-0.284890911926121,0.710092163185266,0,0,0.266090393066406,0.266090393066406
42.129,54.6929627,54.662,0,1,0,109.210479736328,54666,109.204010009766,4279,0,4,10,105,0,109.167510986328,109.159469604492,109,0,-0.300084991630129,0.769835965838297,-0.266360424008463,0.720647558348503,0,0,0.0062103271484375,0.0062103271484375
42.155,54.7203434,54.688,0,1,0,108.975708007813,54693,108.965675354004,4279,0,4,10,112,0,108.934463500977,108.941253662109,108,0,-0.280430862785344,0.765763530322886,-0.245881780490189,0.719633548524598,0,0,0.908554077148438,0.919464111328125
42.185,54.7478459,54.718,0,1,0,109.086669921875,54723,109.135345458984,4279,0,4,10,108,0,109.3017578125,109.3017578125,109,0,-0.259338626951916,0.798302491717834,-0.225663913705857,0.73425983596411,0,0,0.593673706054688,0.632415771484375
42.219,54.7821515,54.752,0,1,0,110.344230651855,54757,110.362380981445,4279,0,4,10,98,0,110.45149230957,110.46411895752,110,0,-0.232302215565432,0.787468131749506,-0.200521968592411,0.751845942104495,0,0,0.493621826171875,0.48150634765625
42.25,54.8129622,54.783,0,1,0,108.313995361328,54788,107.692016601563,4279,0,4,10,103,0,105.834579467773,105.340789794922,104,0,-0.208429639553961,0.81805821281668,-0.177113421769276,0.751654967904358,0,0,0.063751220703125,0.063751220703125
42.281,54.846916,54.814,0,1,0,73.0888977050781,54819,70.2771453857422,4279,0,4,10,64,0,63.8367042541504,63.8367042541504,62,0,-0.18350245175082,0.805304703685465,-0.152838175800986,0.635612640968162,0,0,0.333316802978516,0.194049835205078
42.309,54.8723889,54.842,0,1,0,60.6574974060059,54848,60.7801246643066,4279,0,4,10,64,0,60.1966209411621,60.3029403686523,60,0,-0.163560701508306,0.759685044255633,-0.138840601111529,0.510300980340958,0,0,0.602153778076172,0.856086730957031
42.335,54.8978641,54.868,0,1,0,66.1644744873047,54872,67.052490234375,4279,0,4,10,56,0,73.5686950683594,74.7480392456055,74,0,-0.147262155637022,0.636815217026225,-0.126645453847839,0.441829696987512,0,0,0.39068603515625,0.39068603515625
42.36,54.9222978,54.893,0,1,0,88.7000427246094,54898,89.1291885375977,4279,0,4,10,96,0,90.5844039916992,90.4692840576172,90,0,-0.136524290121822,0.45036659132515,-0.11602263689173,0.464077980723118,0,0,0.66302490234375,0.452064514160156
42.385999999999996,54.9485393,54.919,0,1,0,86.3188323974609,54924,85.9074325561523,4279,0,4,10,84,0,84.6863403320313,84.373664855957,83,0,-0.128470890985422,0.304365751040393,-0.102623314709549,0.51361862033859,0,0,0.0693130493164063,0.63580322265625
42.421,54.9836994,54.954,0,1,0,59.8973007202148,54958,58.401309967041,4279,0,4,10,59,0,51.1095352172852,51.1095352172852,49,0,-0.119746375254323,0.288763010633971,-0.0865088465328107,0.399320303093404,0,0,0.394275665283203,0.360206604003906
42.452,55.0143927,54.985,0,1,0,14.9544677734375,54989,12.3044309616089,4279,0,4,10,19,0,7.36347150802612,7.36347150802612,6,0,-0.107666276549723,0.425471234812974,-0.0780642822955003,0.139427013319732,0,0,0.859485149383545,0.329432487487793
42.483,55.0477785,55.016,0,1,0,29.2068576812744,55020,33.5941429138184,4279,0,4,10,29,0,41.8392677307129,41.8392677307129,43,0,-0.0949150612504241,0.398296523851087,-0.0769828258400409,0.0115980071513491,0,0,0.674755096435547,0.952075958251953
42.51,55.0735034,55.043,0,1,0,80.1570739746094,55048,81.4273071289063,4279,0,4,10,85,0,86.205192565918,86.205192565918,86,0,-0.0882038953034244,0.23744646180505,-0.0753568062048821,0.134973403806029,0,0,0.776023864746094,0.64453125
42.536,55.0983132,55.069,0,1,0,93.8609619140625,55073,93.3450469970703,4279,0,4,10,89,0,94.120719909668,93.8951797485352,93,0,-0.0853276813261388,0.0919304053411167,-0.0698804947921304,0.286794333380286,0,0,0.569305419921875,0.756034851074219
42.561,55.1238286,55.094,0,1,0,89.1711730957031,55098,88.3189086914063,4279,0,4,10,89,0,83.7577896118164,82.6426544189453,81,0,-0.0855194289246245,-0.0123406610043162,-0.0614589402666382,0.363495809533546,0,0,0.412811279296875,0.17681884765625
42.588,55.1516859,55.121,0,1,0,55.0096244812012,55126,52.5586433410645,4279,0,4,10,50,0,45.7817497253418,45.0484962463379,43,0,-0.0855194289246245,0.0226174577701954,-0.0518792302462924,0.292231729248904,0,0,0.508502960205078,0.622745513916016
42.614,55.1766922,55.147,0,1,0,21.4692306518555,55151,19.7375907897949,4279,0,4,10,21,0,7.98572683334351,6.14373016357422,3,0,-0.0811092341594533,0.219979343282532,-0.0468554431659669,0.105981835050819,0,0,0.798009395599365,0.461128234863281
42.638999999999996,55.2027106,55.172,0,1,0,-12.126895904541,55177,-12.9071712493896,4279,0,4,10,-7,0,-17.137866973877,-17.137866973877,-18,0,-0.0735352040192679,0.337338018489987,-0.0467327247029361,-0.026369669322726,0,0,0.329448699951172,0.0965290069580078
42.665,55.2307641,55.198,0,1,0,-19.2219390869141,55203,-18.1187152862549,4279,0,4,10,-8,0,-15.4766035079956,-14.808385848999,-15,0,-0.0649065620874112,0.306231382753296,-0.0472542781708172,-0.0089174118487918,0,0,0.122000694274902,0.928606986999512
42.701,55.2643714,55.234,0,1,0,30.4524173736572,55239,33.4647064208984,4279,0,4,10,31,0,40.084789276123,41.1740646362305,41,0,-0.0590582603335972,0.125512861101789,-0.0470088412447555,0.02778670535141,0,0,0.983150482177734,0.911052703857422
42.732,55.2954003,55.265,0,1,0,66.9371948242188,55270,67.5608291625977,4279,0,4,10,59,0,72.1958541870117,73.3763580322266,74,0,-0.0589623865343543,-0.0253006947585561,-0.0449686467968676,0.110736332495314,0,0,0.161293029785156,0.445518493652344
42.763999999999996,55.3277518,55.297,0,1,0,69.1045532226563,55302,68.0783996582031,4279,0,4,10,64,0,61.1451148986816,60.0982475280762,59,0,-0.0615509791139114,-0.0914752994158761,-0.0393619470171456,0.218913291250111,0,0,0.244338989257813,0.405845642089844
42.797,55.3596036,55.33,0,1,0,42.9550514221191,55334,42.5790786743164,4279,0,4,10,36,0,40.686824798584,40.686824798584,40,0,-0.0629890861025541,-0.0117721321378355,-0.0334101015601493,0.121984488884451,0,0,0.639041900634766,0.59136962890625
42.821,55.3837086,55.354,0,1,0,23.0545310974121,55359,20.9894275665283,4279,0,4,10,19,0,14.6440620422363,14.6440620422363,14,0,-0.06049636732224,0.118132970664703,-0.0319144702919608,0.000425462911337604,0,0,0.802964687347412,0.632175922393799
42.846,55.4085135,55.379,0,1,0,-6.50044441223145,55384,-6.82689952850342,4279,0,4,10,-8,0,-8.82513332366943,-8.82513332366943,-9,0,-0.0562779201555545,0.172778088662895,-0.0320832081786282,-0.0028556671448996,0,0,0.630654335021973,0.936051845550537
42.87,55.435442,55.403,0,1,0,1.37892818450928,55408,4.41846799850464,4279,0,4,10,-1,0,8.96170711517334,10.9684028625488,12,0,-0.0530182109812975,0.101329717483814,-0.0320908780825676,0.00186691737240352,0,0,0.812583923339844,0.410213470458984
42.906,55.4693199,55.439,0,1,0,40.6291236877441,55444,41.6814765930176,4279,0,4,10,40,0,44.1000213623047,44.4640693664551,44,0,-0.0528264633828118,-0.0140974829396612,-0.0319144702919608,0.00766023493806145,0,0,0.979434967041016,0.0608291625976563
42.936,55.4989216,55.469,0,1,0,50.4154052734375,55474,50.742488861084,4279,0,4,10,40,0,51.4572410583496,51.7448768615723,51,0,-0.0543604441706974,-0.0628860202976469,-0.0316843731737779,0.00724664793866125,0,0,0.316837310791016,0.388118743896484
42.966,55.5287415,55.499,0,1,0,50.6084861755371,55504,50.4270133972168,4279,0,4,10,47,0,49.8319091796875,49.8789749145508,49,0,-0.0557985511593402,-0.0470056580803586,-0.0315079653831711,1.15651756864565e-05,0,0,0.370651245117188,0.194835662841797
42.998999999999995,55.5622663,55.532,0,1,0,43.9576873779297,55537,43.839771270752,4279,0,4,10,43,0,42.4624519348145,42.371280670166,41,0,-0.0557985511593402,0.00989704669613189,-0.0315079653831711,2.87769807982841e-13,0,0,0.499637603759766,0.499637603759766
43.025,55.5897,55.558,0,1,0,39.5919799804688,55564,39.516242980957,4279,0,4,10,35,0,39.4158668518066,39.6242828369141,39,0,-0.0552233083638831,0.0203562738713501,-0.0315079653831711,0,0,0,0.516624450683594,0.653316497802734
43.052,55.6153629,55.585,0,1,0,40.702953338623,55589,40.7509422302246,4279,0,4,10,31,0,41.4483299255371,41.6048545837402,41,0,-0.0550315607653974,0.00548679543788211,-0.0315079653831711,0,0,0,0.353191375732422,0.423606872558594
43.077999999999996,55.6422726,55.611,0,1,0,42.8153800964355,55615,42.8636512756348,4279,0,4,10,40,0,42.9615859985352,42.9728813171387,42,0,-0.0550315607653974,0.000368331405844913,-0.0315079653831711,0,0,0,0.0318145751953125,0.0318145751953125
43.107,55.6698129,55.64,0,1,0,43.0666084289551,55644,43.0678482055664,4279,0,4,10,43,0,43.0724754333496,43.0731620788574,43,0,-0.0550315607653974,2.23723355432526e-05,-0.0315079653831711,0,0,0,0.0764083862304688,0.0767135620117188
43.138,55.7004134,55.671,0,1,0,43.0789680480957,55675,43.0790901184082,4279,0,4,10,40,0,43.0792808532715,43.0792808532715,43,0,-0.0550315607653974,1.11247198475439e-06,-0.0315079653831711,0,0,0,0.0794830322265625,0.0794906616210938
43.169,55.7329415,55.702,0,1,0,43.0795974731445,55707,43.0795974731445,4279,0,4,10,42,0,43.0796089172363,43.0796127319336,43,0,-0.0550315607653974,4.5286839167602e-08,-0.0315079653831711,0,0,0,0.0796165466308594,0.0796165466308594
43.201,55.7635716,55.734,0,1,0,43.0796203613281,55738,43.0796165466309,4279,0,4,10,45,0,43.0796165466309,43.0796203613281,43,0,-0.0550315607653974,1.84355286592108e-09,-0.0315079653831711,0,0,0,0.0796165466308594,0.079620361328125
43.225,55.7876396,55.758,0,1,0,43.0796203613281,55763,43.0796165466309,4279,0,4,10,40,0,43.0796165466309,43.0796165466309,43,0,-0.0550315607653974,1.6707701888663e-10,-0.0315079653831711,0,0,0,0.0796165466308594,0.0796165466308594
43.25,55.8124551,55.783,0,1,0,43.0796165466309,55787,43.0796165466309,4279,0,4,10,40,0,43.0796165466309,43.0796165466309,43,0,-0.0550315607653974,1.36992639454547e-11,-0.0315079653831711,0,0,0,0.0796165466308594,0.0796165466308594
43.274,55.8395802,55.807,0,1,0,43.0796165466309,55812,43.0796165466309,4279,0,4,10,33,0,43.0796165466309,43.0796165466309,43,0,-0.0550315607653974,1.01607611213694e-12,-0.0315079653831711,0,0,0,0.0796165466308594,0.0796165466308594
43.309,55.8740595,55.842,0,1,0,43.0796165466309,55848,43.0796165466309,4279,0,4,10,45,0,43.0796165466309,43.0796165466309,43,0,-0.0550315607653974,2.8421709430404e-14,-0.0315079653831711,0,0,0,0.0796165466308594,0.0796165466308594
43.339999999999996,55.9019924,55.873,0,1,0,43.0796165466309,55877,43.0796165466309,4279,0,4,10,42,0,43.0796165466309,43.0796165466309,43,0,-0.0550315607653974,0,-0.0315079653831711,0,0,0,0.0796165466308594,0.0796165466308594
43.371,55.9358557,55.904,0,1,0,43.0796165466309,55909,43.0796165466309,4279,0,4,10,45,0,43.0796165466309,43.0796165466309,43,0,-0.0550315607653974,0,-0.0315079653831711,0,0,0,0.0796165466308594,0.0796165466308594
43.397999999999996,55.9626923,55.931,0,1,0,43.0796165466309,55936,43.0796165466309,4279,0,4,10,43,0,43.0796165466309,43.0796165466309,43,0,-0.0550315607653974,0,-0.0315079653831711,0,0,0,0.0796165466308594,0.0796165466308594
43.425,55.9892912,55.958,0,1,0,43.0796165466309,55963,43.0796165466309,4279,0,4,10,42,0,43.0796165466309,43.0796165466309,43,0,-0.0550315607653974,0,-0.0315079653831711,0,0,0,0.0796165466308594,0.0796165466308594
43.451,56.0166215,55.984,0,1,0,43.0796165466309,55989,43.0796165466309,4279,0,4,10,45,0,43.0796165466309,43.0796165466309,43,0,-0.0550315607653974,0,-0.0315079653831711,0,0,0,0.0796165466308594,0.0796165466308594
43.479,56.0449531,56.012,0,1,0,43.0796165466309,56017,43.0796165466309,4279,0,4,10,38,0,43.0796165466309,43.0796165466309,43,0,-0.0550315607653974,0,-0.0315079653831711,0,0,0,0.0796165466308594,0.0796165466308594
43.507,56.0725229,56.04,0,1,0,43.0796165466309,56045,43.0796165466309,4279,0,4,10,40,0,43.0796165466309,43.0796165466309,43,0,-0.0550315607653974,0,-0.0315079653831711,0,0,0,0.0796165466308594,0.0796165466308594
43.535,56.1001553,56.068,0,1,0,43.0796165466309,56073,43.0796165466309,4279,0,4,10,33,0,43.0796165466309,43.0796165466309,43,0,-0.0550315607653974,0,-0.0315079653831711,0,0,0,0.0796165466308594,0.0796165466308594
43.562,56.1292534,56.095,0,1,0,43.0796165466309,56100,43.0796165466309,4279,0,4,10,38,0,43.0796165466309,43.0796165466309,43,0,-0.0550315607653974,0,-0.0315079653831711,0,0,0,0.0796165466308594,0.0796165466308594
43.603,56.1666458,56.136,0,1,0,43.0796165466309,56141,43.0796165466309,4279,0,4,10,43,0,43.0796165466309,43.0796165466309,43,0,-0.0550315607653974,0,-0.0315079653831711,0,0,0,0.0796165466308594,0.0796165466308594
43.634,56.1961434,56.167,0,1,0,43.0796165466309,56171,43.0796165466309,4279,0,4,10,43,0,43.0796165466309,43.0796165466309,43,0,-0.0550315607653974,0,-0.0315079653831711,0,0,0,0.0796165466308594,0.0796165466308594
43.666,56.2285907,56.199,0,1,0,43.0796165466309,56203,43.0796165466309,4279,0,4,10,42,0,43.0796165466309,43.0796165466309,43,0,-0.0550315607653974,0,-0.0315079653831711,0,0,0,0.0796165466308594,0.0796165466308594
43.698,56.2598713,56.231,0,1,0,43.0796165466309,56235,43.0796165466309,4279,0,4,10,43,0,43.0796165466309,43.0796165466309,43,0,-0.0550315607653974,0,-0.0315079653831711,0,0,0,0.0796165466308594,0.0796165466308594
43.721,56.2840618,56.254,0,1,0,43.0796165466309,56259,43.0796165466309,4279,0,4,10,36,0,43.0796165466309,43.0796165466309,43,0,-0.0550315607653974,0,-0.0315079653831711,0,0,0,0.0796165466308594,0.0796165466308594
43.746,56.3102668,56.279,0,1,0,43.0796165466309,56284,43.0796165466309,4279,0,4,10,43,0,43.0796165466309,43.0796165466309,43,0,-0.0550315607653974,0,-0.0315079653831711,0,0,0,0.0796165466308594,0.0796165466308594
43.772,56.3381095,56.305,0,1,0,43.0796165466309,56311,43.0796165466309,4279,0,4,10,43,0,43.0796165466309,43.0796165466309,43,0,-0.0550315607653974,0,-0.0315079653831711,0,0,0,0.0796165466308594,0.0796165466308594
43.8,56.3626497,56.333,0,1,0,43.0796165466309,56337,43.0796165466309,4279,0,4,10,38,0,43.0796165466309,43.0796165466309,43,0,-0.0550315607653974,0,-0.0315079653831711,0,0,0,0.0796165466308594,0.0796165466308594
43.824,56.3881554,56.357,0,1,0,43.0796165466309,56362,43.0796165466309,4279,0,4,10,42,0,43.0796165466309,43.0796165466309,43,0,-0.0550315607653974,0,-0.0315079653831711,0,0,0,0.0796165466308594,0.0796165466308594
43.851,56.414616,56.384,0,1,0,43.0796165466309,56389,43.0796165466309,4279,0,4,10,43,0,43.0796165466309,43.0796165466309,43,0,-0.0550315607653974,0,-0.0315079653831711,0,0,0,0.0796165466308594,0.0796165466308594
43.876,56.4409459,56.409,0,1,0,43.0796165466309,56414,43.0796165466309,4279,0,4,10,35,0,43.0796165466309,43.0796165466309,43,0,-0.0550315607653974,0,-0.0315079653831711,0,0,0,0.0796165466308594,0.0796165466308594
43.915,56.4794896,56.448,0,1,0,42.9288597106934,56453,43.1416282653809,4279,0,4,10,40,0,43.0857353210449,43.0857353210449,43,0,-0.0550315607653974,0,-0.0315079653831711,-1.3129620839436e-06,0,0,0.0797157287597656,0.0797157287597656
43.946999999999996,56.5105055,56.48,0,1,0,43.0796165466309,56484,43.0796165466309,4279,0,4,10,40,0,43.0796165466309,43.0796165466309,43,0,-0.0550315607653974,0,-0.0315079653831711,-9.59232693276135e-14,0,0,0.0796165466308594,0.0796165466308594
43.977,56.5421655,56.51,0,1,0,43.0796165466309,56515,43.0796165466309,4279,0,4,10,47,0,43.0796165466309,43.0796165466309,43,0,-0.0550315607653974,0,-0.0315079653831711,0,0,0,0.0776824951171875,0.928859710693359
44.004,56.5678886,56.537,0,1,0,43.0817527770996,56542,43.0808753967285,4279,0,4,10,38,0,43.0796699523926,43.0796699523926,43,0,-0.0550315607653974,0,-0.0315079653831711,-1.10716378287634e-08,0,0,0.0796165466308594,0.0796165466308594
44.03,56.5947655,56.563,0,1,0,43.0796165466309,56567,43.0796165466309,4279,0,4,10,43,0,43.0796165466309,43.0796165466309,43,0,-0.0550315607653974,0,-0.0315079653831711,-1.06581410364015e-14,0,0,0.0796165466308594,0.0776824951171875
44.056,56.6200756,56.589,0,1,0,43.0857353210449,56594,43.0832405090332,4279,0,4,10,42,0,43.0797691345215,43.0797691345215,43,0,-0.0550315607653974,0,-0.0315079653831711,-3.19970325790564e-08,0,0,0.0796241760253906,0.0796241760253906
44.082,56.6465332,56.615,0,1,0,43.0796165466309,56621,43.0796165466309,4279,0,4,10,40,0,43.0796165466309,43.0796165466309,43,0,-0.0550315607653974,0,-0.0315079653831711,-1.4210854715202e-14,0,0,0.0796165466308594,0.0796165466308594
44.108,56.6723381,56.641,0,1,0,43.0796165466309,56647,43.0796165466309,4279,0,4,10,35,0,43.0796165466309,43.0796165466309,43,0,-0.0550315607653974,0,-0.0315079653831711,0,0,0,0.0796165466308594,0.0796165466308594
44.134,56.698398,56.667,0,1,0,43.0796165466309,56672,43.0796165466309,4279,0,4,10,35,0,43.0796165466309,43.0796165466309,43,0,-0.0550315607653974,0,-0.0315079653831711,0,0,0,0.0796165466308594,0.0796165466308594
44.16,56.7261457,56.693,0,1,0,43.0796165466309,56700,43.0796165466309,4279,0,4,10,38,0,43.0796165466309,43.0796165466309,43,0,-0.0550315607653974,0,-0.0315079653831711,0,0,0,0.0796165466308594,0.0796165466308594
44.195,56.7587706,56.728,0,1,0,43.0796165466309,56733,43.0796165466309,4279,0,4,10,42,0,43.0796165466309,43.0796165466309,43,0,-0.0550315607653974,0,-0.0315079653831711,0,0,0,0.0796165466308594,0.0796165466308594
44.227,56.791305,56.76,0,1,0,43.0796165466309,56765,43.0796165466309,4279,0,4,10,40,0,43.0796165466309,43.0796165466309,43,0,-0.0550315607653974,0,-0.0315079653831711,0,0,0,0.0796165466308594,0.0796165466308594
44.257,56.8191506,56.79,0,1,0,43.0796165466309,56795,43.0796165466309,4279,0,4,10,40,0,43.1110305786133,43.0911445617676,43,0,-0.0550315607653974,0,-0.0315079653831711,-0.0002833345389881,0,0,0.0868186950683594,0.0803909301757813
44.29,56.8534623,56.823,0,1,0,43.1416282653809,56828,43.0930595397949,4279,0,4,10,40,0,43.0832405090332,43.0832405090332,43,0,-0.0550315607653974,0,-0.0315079653831711,-7.72334779242101e-07,0,0,0.0796699523925781,0.0796699523925781
44.315,56.8788417,56.848,0,1,0,43.0796203613281,56853,43.0796165466309,4279,0,4,10,40,0,43.0796165466309,43.0796165466309,43,0,-0.0550315607653974,0,-0.0315079653831711,-7.88702436693711e-13,0,0,0.0796165466308594,0.0796165466308594
44.341,56.9050305,56.874,0,1,0,43.0796165466309,56879,43.0796165466309,4279,0,4,10,43,0,43.0796165466309,43.0796165466309,43,0,-0.0550315607653974,0,-0.0315079653831711,0,0,0,0.0796165466308594,0.0796165466308594
44.367,56.9328232,56.9,0,1,0,43.0993194580078,56904,43.0883407592773,4279,0,4,10,38,0,43.0820121765137,43.0810279846191,43,0,-0.0550315607653974,0,-0.0315079653831711,-5.08707096003036e-07,0,0,0.0796241760253906,0.0796241760253906
44.396,56.9593116,56.929,0,1,0,43.0796165466309,56934,43.0796203613281,4279,0,4,10,43,0,43.0776824951172,42.9288597106934,42,0,-0.0550315607653974,0,-0.0315079653831711,0.00300249435438715,0,0,0.142932891845703,0.117198944091797
44.421,56.9851337,56.954,0,1,0,43.0800971984863,56959,43.0797843933105,4279,0,4,10,36,0,43.0796241760254,43.0796241760254,43,0,-0.0550315607653974,0,-0.0315079653831711,-2.41226061348243e-09,0,0,0.0890922546386719,0.141628265380859
44.448,57.0109797,56.981,0,1,0,43.0800628662109,56986,43.0798835754395,4279,0,4,10,36,0,43.0796394348145,43.0796318054199,43,0,-0.0550315607653974,0,-0.0315079653831711,-0.00130043737092578,0,0,0.111038208007813,0.0930671691894531
44.472,57.0377454,57.005,0,1,0,43.1743278503418,57010,43.1230964660645,4279,0,4,10,40,0,43.090503692627,43.0829887390137,43,0,-0.0550315607653974,0,-0.0315079653831711,-2.65725918069393e-06,0,0,0.0797958374023438,0.0797271728515625
44.51,57.0736575,57.043,0,1,0,43.0796165466309,57048,43.0796165466309,4279,0,4,10,40,0,43.0796165466309,43.0796165466309,43,0,-0.0550315607653974,0,-0.0315079653831711,-1.4210854715202e-14,0,0,0.0796165466308594,0.0796165466308594
44.54,57.1038056,57.073,0,1,0,43.0832405090332,57078,43.0808753967285,4279,0,4,10,38,0,43.151611328125,43.1739616394043,43,0,-0.0550315607653974,0,-0.0315079653831711,-8.55864465059142e-05,0,0,0.932727813720703,0.938571929931641
44.571999999999996,57.1376854,57.105,0,1,0,43.0778388977051,57110,42.9352378845215,4279,0,4,10,38,0,42.9341735839844,43.089916229248,43,0,-0.0550315607653974,0,-0.0315079653831711,-0.000485213967237996,0,0,0.0964393615722656,0.142509460449219
44.599,57.1639152,57.132,0,1,0,43.1132583618164,57138,43.0886344909668,4279,0,4,10,47,0,43.0820350646973,43.0810470581055,43,0,-0.0550315607653974,0,-0.0315079653831711,-0.000450490036143947,0,0,0.0846748352050781,0.0791206359863281
44.626,57.1887105,57.159,0,1,0,43.0797157287598,57163,43.0796737670898,4279,0,4,10,42,0,43.0796241760254,43.0796241760254,43,0,-0.0550315607653974,0,-0.0315079653831711,-0.000764961686485321,0,0,0.0930595397949219,0.0930595397949219
44.65,57.2135128,57.183,0,1,0,43.0798835754395,57188,43.0797157287598,4279,0,4,10,36,0,43.0796318054199,43.0796279907227,43,0,-0.0550315607653974,0,-0.0315079653831711,-1.32561339682979e-09,0,0,0.0796165466308594,0.0796165466308594
44.675,57.2387658,57.208,0,1,0,43.0790939331055,57213,43.0809211730957,4279,0,4,10,40,0,42.927188873291,42.927188873291,42,0,-0.0550315607653974,0,-0.0315079653831711,-0.000420486211659465,0,0,0.0805778503417969,0.0872764587402344
44.701,57.265856,57.234,0,1,0,43.1427001953125,57238,43.102970123291,4279,0,4,10,38,0,42.936222076416,43.0933418273926,43,0,-0.0550315607653974,0,-0.0315079653831711,-1.89604974210056e-05,0,0,0.0809059143066406,0.0809059143066406
44.728,57.2926803,57.261,0,1,0,43.1411018371582,57266,43.1123809814453,4279,0,4,10,36,0,43.116024017334,43.0964622497559,43,0,-0.0550315607653974,0,-0.0315079653831711,-0.000825796118864019,0,0,0.945270538330078,0.945270538330078
44.754,57.3199962,57.287,0,1,0,42.9387245178223,57293,43.1732063293457,4279,0,4,10,35,0,43.0990982055664,42.9443244934082,43,0,-0.0550315607653974,0,-0.0315079653831711,-0.00010013576450163,0,0,0.0843849182128906,0.932868957519531
44.782,57.3502535,57.315,0,1,0,43.0803680419922,57322,42.9291152954102,4279,0,4,10,33,0,43.0791130065918,43.0809288024902,43,0,-0.0550315607653974,0,-0.0315079653831711,0.00289127001143896,0,0,0.151084899902344,0.175334930419922
44.821,57.3851011,57.354,0,1,0,43.0858879089355,57359,43.0870628356934,4279,0,4,10,38,0,43.19921875,43.19921875,43,0,-0.0550315607653974,0,-0.0315079653831711,-0.000115479920779649,0,0,0.0873146057128906,0.0841712951660156
44.851,57.4159966,57.384,0,1,0,42.926929473877,57389,42.9332618713379,4279,0,4,10,33,0,43.085880279541,43.085880279541,43,0,-0.0550315607653974,0,-0.0315079653831711,-1.24770869582846e-05,0,0,0.0804634094238281,0.0801200866699219
44.882,57.4478453,57.415,0,1,0,43.1110420227051,57420,43.0930557250977,4279,0,4,10,31,0,42.930606842041,42.9373207092285,43,0,-0.0550315607653974,0,-0.0315079653831711,-5.04910988503582e-05,0,0,0.0830192565917969,0.0816230773925781
44.909,57.4745091,57.442,0,1,0,43.0857582092285,57448,42.931022644043,4279,0,4,10,40,0,42.9344444274902,42.9344444274902,43,0,-0.0550315607653974,0,-0.0315079653831711,-0.00216346612710083,0,0,0.131484985351563,0.102371215820313
44.936,57.499541,57.469,0,1,0,43.0850791931152,57473,43.0793571472168,4279,0,4,10,40,0,43.1117973327637,43.1117973327637,43,0,-0.0550315607653974,0,-0.0315079653831711,0.00287470179398852,0,0,0.942668914794922,0.152206420898438
44.961,57.5267645,57.494,0,1,0,43.1751136779785,57499,43.12548828125,4279,0,4,10,38,0,42.9327583312988,42.9385833740234,43,0,-0.0550315607653974,0,-0.0315079653831711,-0.00014619026573115,0,0,0.0893058776855469,0.0893058776855469
44.989,57.5530774,57.522,0,1,0,43.0809440612793,57526,43.0838470458984,4279,0,4,10,47,0,42.9488487243652,42.9488487243652,43,0,-0.0550315607653974,0,-0.0315079653831711,-0.000109060167456931,0,0,0.0868949890136719,0.0839271545410156
