step,time(s),angle(deg),motor_angle(deg),target(deg),error(deg),action,reward
0,0.000000,0.000000,0.000000,0.000000,0.000000,4.032264,1.000000
1,0.001000,0.000000,0.000000,0.000000,0.000000,3.682087,1.000000
2,0.002000,0.000000,0.000000,0.000000,0.000000,3.160233,1.000000
3,0.003000,0.000000,0.000000,0.000000,0.000000,2.703189,1.000000
4,0.004000,0.000000,0.000000,0.000000,0.000000,2.336617,1.000000
5,0.005000,0.000000,0.000000,0.000000,0.000000,2.033828,1.000000
6,0.006000,0.000000,0.000000,0.000000,0.000000,1.758373,1.000000
7,0.007000,0.000000,0.000231,0.000000,0.000000,1.502302,1.000000
8,0.008000,0.000000,0.000733,0.000000,0.000000,1.266289,1.000000
9,0.009000,0.000000,0.001479,0.000000,0.000000,1.044401,1.000000
10,0.010000,0.000001,0.002429,0.000000,0.000001,0.832811,1.000000
11,0.011000,0.000003,0.003547,0.000000,0.000003,0.631939,1.000000
12,0.012000,0.000006,0.004806,0.000000,0.000006,0.444336,1.000000
13,0.013000,0.000011,0.006182,0.000000,0.000011,0.266538,1.000000
14,0.014000,0.000018,0.007653,0.000000,0.000018,0.104455,1.000000
15,0.015000,0.000028,0.009204,0.000000,0.000028,-0.045893,1.000000
16,0.016000,0.000041,0.010817,0.000000,0.000041,-0.184959,1.000000
17,0.017000,0.000058,0.012477,0.000000,0.000058,-0.313015,1.000000
18,0.018000,0.000080,0.014172,0.000000,0.000080,-0.430123,1.000000
19,0.019000,0.000106,0.015888,0.000000,0.000106,-0.536928,1.000000
20,0.020000,0.000139,0.017614,0.000000,0.000139,-0.633091,1.000000
21,0.021000,0.000178,0.019338,0.000000,0.000178,-0.720378,1.000000
22,0.022000,0.000223,0.021052,0.000000,0.000223,-0.798377,1.000000
23,0.023000,0.000277,0.022744,0.000000,0.000277,-0.867702,1.000000
24,0.024000,0.000338,0.024409,0.000000,0.000338,-0.928297,1.000000
25,0.025000,0.000408,0.026037,0.000000,0.000408,-0.981313,1.000000
26,0.026000,0.000488,0.027622,0.000000,0.000488,-1.027422,1.000000
27,0.027000,0.000577,0.029158,0.000000,0.000577,-1.067091,1.000000
28,0.028000,0.000677,0.030640,0.000000,0.000677,-1.100098,1.000000
29,0.029000,0.000788,0.032062,0.000000,0.000788,-1.127337,1.000000
30,0.030000,0.000910,0.033421,0.000000,0.000910,-1.149948,1.000000
31,0.031000,0.001044,0.034712,0.000000,0.001044,-1.167795,1.000000
32,0.032000,0.001190,0.035933,0.000000,0.001190,-1.181736,1.000000
33,0.033000,0.001348,0.037080,0.000000,0.001348,-1.192886,1.000000
34,0.034000,0.001520,0.038153,0.000000,0.001520,-1.201171,1.000000
35,0.035000,0.001705,0.039147,0.000000,0.001705,-1.206649,1.000000
36,0.036000,0.001903,0.040063,0.000000,0.001903,-1.209001,1.000000
37,0.037000,0.002115,0.040899,0.000000,0.002115,-1.207369,1.000000
38,0.038000,0.002342,0.041654,0.000000,0.002342,-1.202247,1.000000
39,0.039000,0.002582,0.042328,0.000000,0.002582,-1.194518,1.000000
40,0.040000,0.002837,0.042920,0.000000,0.002837,-1.183298,1.000000
41,0.041000,0.003106,0.043430,0.000000,0.003106,-1.170854,0.999999
42,0.042000,0.003390,0.043857,0.000000,0.003390,-1.154902,0.999999
43,0.043000,0.003689,0.044203,0.000000,0.003689,-1.135537,0.999999
44,0.044000,0.004002,0.044467,0.000000,0.004002,-1.112923,0.999999
45,0.045000,0.004330,0.044650,0.000000,0.004330,-1.088191,0.999999
46,0.046000,0.004672,0.044753,0.000000,0.004672,-1.060954,0.999999
47,0.047000,0.005029,0.044777,0.000000,0.005029,-1.030888,0.999999
48,0.048000,0.005400,0.044722,0.000000,0.005400,-0.998644,0.999999
49,0.049000,0.005786,0.044591,0.000000,0.005786,-0.964026,0.999998
50,0.050000,0.006185,0.044384,0.000000,0.006185,-0.926980,0.999998
51,0.051000,0.006598,0.044104,0.000000,0.006598,-0.888113,0.999998
52,0.052000,0.007025,0.043753,0.000000,0.007025,-0.847159,0.999998
53,0.053000,0.007464,0.043331,0.000000,0.007464,-0.804194,0.999998
54,0.054000,0.007917,0.042843,0.000000,0.007917,-0.759346,0.999997
55,0.055000,0.008382,0.042290,0.000000,0.008382,-0.712525,0.999997
56,0.056000,0.008859,0.041674,0.000000,0.008859,-0.664315,0.999997
57,0.057000,0.009348,0.040999,0.000000,0.009348,-0.614883,0.999997
58,0.058000,0.009848,0.040267,0.000000,0.009848,-0.564361,0.999996
59,0.059000,0.010359,0.039481,0.000000,0.010359,-0.512692,0.999996
60,0.060000,0.010880,0.038644,0.000000,0.010880,-0.460122,0.999996
61,0.061000,0.011411,0.037759,0.000000,0.011411,-0.406958,0.999995
62,0.062000,0.011951,0.036831,0.000000,0.011951,-0.353362,0.999995
63,0.063000,0.012500,0.035861,0.000000,0.012500,-0.299449,0.999995
64,0.064000,0.013057,0.034854,0.000000,0.013057,-0.245338,0.999994
65,0.065000,0.013622,0.033813,0.000000,0.013622,-0.191200,0.999994
66,0.066000,0.014194,0.032741,0.000000,0.014194,-0.137177,0.999993
67,0.067000,0.014772,0.031643,0.000000,0.014772,-0.083042,0.999993
68,0.068000,0.015356,0.030522,0.000000,0.015356,-0.029363,0.999992
69,0.069000,0.015945,0.029381,0.000000,0.015945,0.023802,0.999992
70,0.070000,0.016538,0.028225,0.000000,0.016538,0.076063,0.999991
71,0.071000,0.017135,0.027057,0.000000,0.017135,0.127614,0.999991
72,0.072000,0.017736,0.025880,0.000000,0.017736,0.178322,0.999990
73,0.073000,0.018339,0.024699,0.000000,0.018339,0.227518,0.999990
74,0.074000,0.018944,0.023518,0.000000,0.018944,0.275603,0.999989
75,0.075000,0.019549,0.022338,0.000000,0.019549,0.322437,0.999989
76,0.076000,0.020156,0.021166,0.000000,0.020156,0.368061,0.999988
77,0.077000,0.020762,0.020002,0.000000,0.020762,0.412345,0.999988
78,0.078000,0.021368,0.018853,0.000000,0.021368,0.455163,0.999987
79,0.079000,0.021972,0.017719,0.000000,0.021972,0.496394,0.999986
80,0.080000,0.022573,0.016606,0.000000,0.022573,0.535961,0.999986
81,0.081000,0.023173,0.015516,0.000000,0.023173,0.573799,0.999985
82,0.082000,0.023768,0.014451,0.000000,0.023768,0.609831,0.999985
83,0.083000,0.024360,0.013416,0.000000,0.024360,0.643986,0.999984
84,0.084000,0.024947,0.012413,0.000000,0.024947,0.676260,0.999983
85,0.085000,0.025529,0.011445,0.000000,0.025529,0.706568,0.999983
86,0.086000,0.026105,0.010514,0.000000,0.026105,0.734817,0.999982
87,0.087000,0.026675,0.009623,0.000000,0.026675,0.760982,0.999981
88,0.088000,0.027238,0.008775,0.000000,0.027238,0.785046,0.999981
89,0.089000,0.027793,0.007971,0.000000,0.027793,0.806982,0.999980
90,0.090000,0.028340,0.007215,0.000000,0.028340,0.826494,0.999980
91,0.091000,0.028880,0.006507,0.000000,0.028880,0.843580,0.999979
92,0.092000,0.029410,0.005850,0.000000,0.029410,0.858473,0.999978
93,0.093000,0.029931,0.005246,0.000000,0.029931,0.871166,0.999978
94,0.094000,0.030442,0.004695,0.000000,0.030442,0.881664,0.999977
95,0.095000,0.030943,0.004201,0.000000,0.030943,0.890276,0.999977
96,0.096000,0.031433,0.003763,0.000000,0.031433,0.896576,0.999976
97,0.097000,0.031912,0.003383,0.000000,0.031912,0.901037,0.999976
98,0.098000,0.032381,0.003063,0.000000,0.032381,0.904045,0.999975
99,0.099000,0.032838,0.002802,0.000000,0.032838,0.904815,0.999975
100,0.100000,0.033283,0.002602,0.000000,0.033283,0.903248,0.999974
101,0.101000,0.033716,0.002462,0.000000,0.033716,0.899049,0.999974
102,0.102000,0.034136,0.002384,0.000000,0.034136,0.892447,0.999973
103,0.103000,0.034545,0.002368,0.000000,0.034545,0.883740,0.999973
104,0.104000,0.034940,0.002414,0.000000,0.034940,0.872989,0.999972
105,0.105000,0.035323,0.002521,0.000000,0.035323,0.860265,0.999972
106,0.106000,0.035693,0.002690,0.000000,0.035693,0.845606,0.999971
107,0.107000,0.036051,0.002920,0.000000,0.036051,0.829079,0.999971
108,0.108000,0.036395,0.003211,0.000000,0.036395,0.810736,0.999970
109,0.109000,0.036726,0.003562,0.000000,0.036726,0.790667,0.999970
110,0.110000,0.037044,0.003973,0.000000,0.037044,0.768918,0.999970
111,0.111000,0.037349,0.004442,0.000000,0.037349,0.745584,0.999969
112,0.112000,0.037642,0.004969,0.000000,0.037642,0.720722,0.999969
113,0.113000,0.037921,0.005552,0.000000,0.037921,0.694424,0.999969
114,0.114000,0.038187,0.006190,0.000000,0.038187,0.666759,0.999968
115,0.115000,0.038441,0.006881,0.000000,0.038441,0.637817,0.999968
116,0.116000,0.038683,0.007625,0.000000,0.038683,0.607775,0.999968
117,0.117000,0.038912,0.008419,0.000000,0.038912,0.576740,0.999968
118,0.118000,0.039129,0.009262,0.000000,0.039129,0.544638,0.999967
119,0.119000,0.039334,0.010152,0.000000,0.039334,0.511575,0.999967
120,0.120000,0.039528,0.011087,0.000000,0.039528,0.477636,0.999967
121,0.121000,0.039710,0.012064,0.000000,0.039710,0.441946,0.999967
122,0.122000,0.039881,0.013083,0.000000,0.039881,0.405305,0.999967
123,0.123000,0.040042,0.014140,0.000000,0.040042,0.368268,0.999967
124,0.124000,0.040191,0.015234,0.000000,0.040191,0.330912,0.999966
125,0.125000,0.040331,0.016362,0.000000,0.040331,0.293288,0.999966
126,0.126000,0.040461,0.017521,0.000000,0.040461,0.255479,0.999966
127,0.127000,0.040582,0.018711,0.000000,0.040582,0.217288,0.999966
128,0.128000,0.040693,0.019927,0.000000,0.040693,0.178623,0.999966
129,0.129000,0.040796,0.021168,0.000000,0.040796,0.140114,0.999966
130,0.130000,0.040891,0.022430,0.000000,0.040891,0.101866,0.999966
131,0.131000,0.040978,0.023712,0.000000,0.040978,0.063936,0.999966
132,0.132000,0.041057,0.025010,0.000000,0.041057,0.026370,0.999966
133,0.133000,0.041130,0.026323,0.000000,0.041130,-0.011034,0.999966
134,0.134000,0.041196,0.027646,0.000000,0.041196,-0.048115,0.999966
135,0.135000,0.041257,0.028979,0.000000,0.041257,-0.084477,0.999965
136,0.136000,0.041311,0.030318,0.000000,0.041311,-0.119616,0.999965
137,0.137000,0.041361,0.031660,0.000000,0.041361,-0.153952,0.999965
138,0.138000,0.041406,0.033003,0.000000,0.041406,-0.187783,0.999965
139,0.139000,0.041447,0.034345,0.000000,0.041447,-0.220650,0.999965
140,0.140000,0.041484,0.035682,0.000000,0.041484,-0.252432,0.999965
141,0.141000,0.041518,0.037013,0.000000,0.041518,-0.283208,0.999965
142,0.142000,0.041549,0.038335,0.000000,0.041549,-0.312947,0.999965
143,0.143000,0.041578,0.039645,0.000000,0.041578,-0.341675,0.999965
144,0.144000,0.041606,0.040942,0.000000,0.041606,-0.369343,0.999965
145,0.145000,0.041631,0.042223,0.000000,0.041631,-0.395800,0.999965
146,0.146000,0.041657,0.043485,0.000000,0.041657,-0.420987,0.999965
147,0.147000,0.041681,0.044728,0.000000,0.041681,-0.444888,0.999965
148,0.148000,0.041706,0.045948,0.000000,0.041706,-0.467481,0.999965
149,0.149000,0.041731,0.047145,0.000000,0.041731,-0.488664,0.999965
150,0.150000,0.041757,0.048315,0.000000,0.041757,-0.508489,0.999965
151,0.151000,0.041784,0.049458,0.000000,0.041784,-0.526938,0.999965
152,0.152000,0.041813,0.050571,0.000000,0.041813,-0.544300,0.999965
153,0.153000,0.041844,0.051653,0.000000,0.041844,-0.560684,0.999964
154,0.154000,0.041878,0.052702,0.000000,0.041878,-0.575686,0.999964
155,0.155000,0.041914,0.053717,0.000000,0.041914,-0.589181,0.999964
156,0.156000,0.041954,0.054697,0.000000,0.041954,-0.601225,0.999964
157,0.157000,0.041997,0.055641,0.000000,0.041997,-0.611800,0.999964
158,0.158000,0.042044,0.056546,0.000000,0.042044,-0.620915,0.999964
159,0.159000,0.042095,0.057413,0.000000,0.042095,-0.628565,0.999964
160,0.160000,0.042150,0.058240,0.000000,0.042150,-0.634737,0.999964
161,0.161000,0.042211,0.059027,0.000000,0.042211,-0.639059,0.999963
162,0.162000,0.042276,0.059772,0.000000,0.042276,-0.641566,0.999963
163,0.163000,0.042347,0.060474,0.000000,0.042347,-0.642712,0.999963
164,0.164000,0.042423,0.061134,0.000000,0.042423,-0.642521,0.999963
165,0.165000,0.042505,0.061751,0.000000,0.042505,-0.640993,0.999963
166,0.166000,0.042592,0.062325,0.000000,0.042592,-0.638347,0.999962
167,0.167000,0.042686,0.062854,0.000000,0.042686,-0.635261,0.999962
168,0.168000,0.042786,0.063339,0.000000,0.042786,-0.630802,0.999962
169,0.169000,0.042892,0.063780,0.000000,0.042892,-0.624979,0.999962
170,0.170000,0.043005,0.064177,0.000000,0.043005,-0.618402,0.999961
171,0.171000,0.043124,0.064531,0.000000,0.043124,-0.610517,0.999961
172,0.172000,0.043250,0.064840,0.000000,0.043250,-0.601346,0.999961
173,0.173000,0.043383,0.065106,0.000000,0.043383,-0.590832,0.999960
174,0.174000,0.043523,0.065329,0.000000,0.043523,-0.579047,0.999960
175,0.175000,0.043669,0.065510,0.000000,0.043669,-0.566031,0.999960
176,0.176000,0.043822,0.065648,0.000000,0.043822,-0.551825,0.999959
177,0.177000,0.043982,0.065745,0.000000,0.043982,-0.536492,0.999959
178,0.178000,0.044149,0.065801,0.000000,0.044149,-0.520068,0.999959
179,0.179000,0.044322,0.065817,0.000000,0.044322,-0.502616,0.999958
180,0.180000,0.044502,0.065794,0.000000,0.044502,-0.484183,0.999958
181,0.181000,0.044689,0.065732,0.000000,0.044689,-0.464833,0.999957
182,0.182000,0.044882,0.065633,0.000000,0.044882,-0.444617,0.999957
183,0.183000,0.045081,0.065498,0.000000,0.045081,-0.423593,0.999956
184,0.184000,0.045287,0.065327,0.000000,0.045287,-0.401826,0.999956
185,0.185000,0.045499,0.065122,0.000000,0.045499,-0.379372,0.999956
186,0.186000,0.045717,0.064885,0.000000,0.045717,-0.356295,0.999955
187,0.187000,0.045940,0.064616,0.000000,0.045940,-0.332655,0.999955
188,0.188000,0.046169,0.064317,0.000000,0.046169,-0.308518,0.999954
189,0.189000,0.046404,0.063990,0.000000,0.046404,-0.283939,0.999954
190,0.190000,0.046643,0.063636,0.000000,0.046643,-0.258996,0.999953
191,0.191000,0.046888,0.063256,0.000000,0.046888,-0.233735,0.999953
192,0.192000,0.047138,0.062852,0.000000,0.047138,-0.208226,0.999952
193,0.193000,0.047391,0.062427,0.000000,0.047391,-0.182539,0.999951
194,0.194000,0.047650,0.061980,0.000000,0.047650,-0.156724,0.999951
195,0.195000,0.047912,0.061515,0.000000,0.047912,-0.130861,0.999950
196,0.196000,0.048177,0.061032,0.000000,0.048177,-0.104994,0.999950
197,0.197000,0.048447,0.060534,0.000000,0.048447,-0.079199,0.999949
198,0.198000,0.048719,0.060022,0.000000,0.048719,-0.053494,0.999949
199,0.199000,0.048994,0.059499,0.000000,0.048994,-0.028016,0.999948
200,0.200000,0.049272,0.058965,0.000000,0.049272,-0.002894,0.999947
201,0.201000,0.049552,0.058423,0.000000,0.049552,0.021935,0.999947
202,0.202000,0.049833,0.057874,0.000000,0.049833,0.046399,0.999946
203,0.203000,0.050117,0.057320,0.000000,0.050117,0.070451,0.999946
204,0.204000,0.050402,0.056763,0.000000,0.050402,0.094072,0.999945
205,0.205000,0.050687,0.056205,0.000000,0.050687,0.117213,0.999944
206,0.206000,0.050974,0.055647,0.000000,0.050974,0.139801,0.999944
207,0.207000,0.051261,0.055091,0.000000,0.051261,0.161803,0.999943
208,0.208000,0.051548,0.054539,0.000000,0.051548,0.183164,0.999943
209,0.209000,0.051834,0.053992,0.000000,0.051834,0.203823,0.999942
210,0.210000,0.052120,0.053452,0.000000,0.052120,0.223744,0.999942
211,0.211000,0.052405,0.052921,0.000000,0.052405,0.242900,0.999941
212,0.212000,0.052689,0.052399,0.000000,0.052689,0.261241,0.999940
213,0.213000,0.052972,0.051889,0.000000,0.052972,0.278744,0.999940
214,0.214000,0.053253,0.051393,0.000000,0.053253,0.295392,0.999939
215,0.215000,0.053531,0.050910,0.000000,0.053531,0.311148,0.999939
216,0.216000,0.053808,0.050443,0.000000,0.053808,0.325983,0.999938
217,0.217000,0.054081,0.049993,0.000000,0.054081,0.339890,0.999937
218,0.218000,0.054352,0.049562,0.000000,0.054352,0.352825,0.999937
219,0.219000,0.054620,0.049150,0.000000,0.054620,0.364759,0.999936
220,0.220000,0.054884,0.048758,0.000000,0.054884,0.375672,0.999936
221,0.221000,0.055144,0.048388,0.000000,0.055144,0.385563,0.999935
222,0.222000,0.055401,0.048040,0.000000,0.055401,0.394413,0.999935
223,0.223000,0.055654,0.047717,0.000000,0.055654,0.402213,0.999934
224,0.224000,0.055902,0.047417,0.000000,0.055902,0.408943,0.999934
225,0.225000,0.056145,0.047143,0.000000,0.056145,0.414954,0.999933
226,0.226000,0.056384,0.046894,0.000000,0.056384,0.420056,0.999933
227,0.227000,0.056618,0.046672,0.000000,0.056618,0.424042,0.999932
228,0.228000,0.056847,0.046478,0.000000,0.056847,0.426900,0.999932
229,0.229000,0.057071,0.046311,0.000000,0.057071,0.428675,0.999932
230,0.230000,0.057289,0.046171,0.000000,0.057289,0.429368,0.999931
231,0.231000,0.057502,0.046061,0.000000,0.057502,0.429005,0.999931
232,0.232000,0.057709,0.045979,0.000000,0.057709,0.427593,0.999930
233,0.233000,0.057910,0.045926,0.000000,0.057910,0.425144,0.999930
234,0.234000,0.058105,0.045903,0.000000,0.058105,0.421685,0.999930
235,0.235000,0.058295,0.045909,0.000000,0.058295,0.417242,0.999929
236,0.236000,0.058478,0.045944,0.000000,0.058478,0.411834,0.999929
237,0.237000,0.058655,0.046008,0.000000,0.058655,0.405491,0.999929
238,0.238000,0.058827,0.046102,0.000000,0.058827,0.398273,0.999928
239,0.239000,0.058992,0.046224,0.000000,0.058992,0.390257,0.999928
240,0.240000,0.059150,0.046376,0.000000,0.059150,0.381372,0.999928
241,0.241000,0.059303,0.046555,0.000000,0.059303,0.371632,0.999928
242,0.242000,0.059449,0.046763,0.000000,0.059449,0.361076,0.999927
243,0.243000,0.059590,0.046998,0.000000,0.059590,0.349755,0.999927
244,0.244000,0.059724,0.047261,0.000000,0.059724,0.337701,0.999927
245,0.245000,0.059852,0.047549,0.000000,0.059852,0.324944,0.999927
246,0.246000,0.059974,0.047864,0.000000,0.059974,0.311532,0.999926
247,0.247000,0.060090,0.048204,0.000000,0.060090,0.297515,0.999926
248,0.248000,0.060200,0.048568,0.000000,0.060200,0.282917,0.999926
249,0.249000,0.060305,0.048956,0.000000,0.060305,0.267796,0.999926
250,0.250000,0.060403,0.049367,0.000000,0.060403,0.252190,0.999926
251,0.251000,0.060496,0.049799,0.000000,0.060496,0.236140,0.999926
252,0.252000,0.060584,0.050253,0.000000,0.060584,0.219682,0.999925
253,0.253000,0.060666,0.050727,0.000000,0.060666,0.202875,0.999925
254,0.254000,0.060743,0.051219,0.000000,0.060743,0.185752,0.999925
255,0.255000,0.060815,0.051730,0.000000,0.060815,0.168375,0.999925
256,0.256000,0.060882,0.052257,0.000000,0.060882,0.150773,0.999925
257,0.257000,0.060945,0.052801,0.000000,0.060945,0.133124,0.999925
258,0.258000,0.061002,0.053359,0.000000,0.061002,0.115335,0.999925
259,0.259000,0.061056,0.053930,0.000000,0.061056,0.097455,0.999925
260,0.260000,0.061105,0.054514,0.000000,0.061105,0.079511,0.999925
261,0.261000,0.061150,0.055109,0.000000,0.061150,0.061563,0.999925
262,0.262000,0.061192,0.055713,0.000000,0.061192,0.043645,0.999925
263,0.263000,0.061230,0.056327,0.000000,0.061230,0.025802,0.999925
264,0.264000,0.061264,0.056948,0.000000,0.061264,0.008077,0.999925
265,0.265000,0.061296,0.057575,0.000000,0.061296,-0.009493,0.999924
266,0.266000,0.061324,0.058207,0.000000,0.061324,-0.026876,0.999924
267,0.267000,0.061350,0.058843,0.000000,0.061350,-0.044021,0.999924
268,0.268000,0.061373,0.059482,0.000000,0.061373,-0.060887,0.999924
269,0.269000,0.061394,0.060122,0.000000,0.061394,-0.077422,0.999924
270,0.270000,0.061412,0.060762,0.000000,0.061412,-0.093625,0.999924
271,0.271000,0.061429,0.061401,0.000000,0.061429,-0.109457,0.999924
272,0.272000,0.061445,0.062037,0.000000,0.061445,-0.124890,0.999924
273,0.273000,0.061459,0.062671,0.000000,0.061459,-0.139886,0.999924
274,0.274000,0.061471,0.063299,0.000000,0.061471,-0.154427,0.999924
275,0.275000,0.061483,0.063923,0.000000,0.061483,-0.168468,0.999924
276,0.276000,0.061494,0.064539,0.000000,0.061494,-0.181977,0.999924
277,0.277000,0.061505,0.065147,0.000000,0.061505,-0.194915,0.999924
278,0.278000,0.061515,0.065747,0.000000,0.061515,-0.207289,0.999924
279,0.279000,0.061525,0.066336,0.000000,0.061525,-0.219075,0.999924
280,0.280000,0.061536,0.066915,0.000000,0.061536,-0.230257,0.999924
281,0.281000,0.061547,0.067482,0.000000,0.061547,-0.240798,0.999924
282,0.282000,0.061558,0.068036,0.000000,0.061558,-0.250700,0.999924
283,0.283000,0.061570,0.068577,0.000000,0.061570,-0.259941,0.999924
284,0.284000,0.061583,0.069103,0.000000,0.061583,-0.268495,0.999924
285,0.285000,0.061597,0.069613,0.000000,0.061597,-0.276366,0.999924
286,0.286000,0.061612,0.070108,0.000000,0.061612,-0.283525,0.999924
287,0.287000,0.061629,0.070586,0.000000,0.061629,-0.289981,0.999924
288,0.288000,0.061648,0.071047,0.000000,0.061648,-0.295699,0.999924
289,0.289000,0.061668,0.071489,0.000000,0.061668,-0.300690,0.999923
290,0.290000,0.061690,0.071914,0.000000,0.061690,-0.304953,0.999923
291,0.291000,0.061715,0.072319,0.000000,0.061715,-0.308482,0.999923
292,0.292000,0.061741,0.072704,0.000000,0.061741,-0.311291,0.999923
293,0.293000,0.061770,0.073069,0.000000,0.061770,-0.313370,0.999923
294,0.294000,0.061802,0.073414,0.000000,0.061802,-0.314724,0.999923
295,0.295000,0.061836,0.073739,0.000000,0.061836,-0.315358,0.999923
296,0.296000,0.061873,0.074042,0.000000,0.061873,-0.315276,0.999923
297,0.297000,0.061912,0.074324,0.000000,0.061912,-0.314462,0.999922
298,0.298000,0.061955,0.074585,0.000000,0.061955,-0.312659,0.999922
299,0.299000,0.062001,0.074825,0.000000,0.062001,-0.310195,0.999922
300,0.300000,0.062049,0.075042,0.000000,0.062049,-0.307107,0.999922
301,0.301000,0.062101,0.075239,0.000000,0.062101,-0.303409,0.999922
302,0.302000,0.062156,0.075413,0.000000,0.062156,-0.299086,0.999922
303,0.303000,0.062214,0.075566,0.000000,0.062214,-0.294159,0.999921
304,0.304000,0.062275,0.075698,0.000000,0.062275,-0.288631,0.999921
305,0.305000,0.062339,0.075809,0.000000,0.062339,-0.282530,0.999921
306,0.306000,0.062407,0.075898,0.000000,0.062407,-0.275901,0.999921
307,0.307000,0.062478,0.075967,0.000000,0.062478,-0.268764,0.999920
308,0.308000,0.062552,0.076016,0.000000,0.062552,-0.261162,0.999920
309,0.309000,0.062630,0.076044,0.000000,0.062630,-0.253056,0.999920
310,0.310000,0.062711,0.076053,0.000000,0.062711,-0.244462,0.999920
311,0.311000,0.062795,0.076042,0.000000,0.062795,-0.235419,0.999919
312,0.312000,0.062882,0.076013,0.000000,0.062882,-0.225945,0.999919
313,0.313000,0.062972,0.075966,0.000000,0.062972,-0.216078,0.999919
314,0.314000,0.063066,0.075901,0.000000,0.063066,-0.205835,0.999919
315,0.315000,0.063162,0.075819,0.000000,0.063162,-0.195248,0.999918
316,0.316000,0.063261,0.075720,0.000000,0.063261,-0.184334,0.999918
317,0.317000,0.063364,0.075605,0.000000,0.063364,-0.173135,0.999918
318,0.318000,0.063469,0.075475,0.000000,0.063469,-0.161679,0.999917
319,0.319000,0.063576,0.075331,0.000000,0.063576,-0.149992,0.999917
320,0.320000,0.063687,0.075172,0.000000,0.063687,-0.138094,0.999917
321,0.321000,0.063800,0.075001,0.000000,0.063800,-0.126030,0.999916
322,0.322000,0.063915,0.074817,0.000000,0.063915,-0.113823,0.999916
323,0.323000,0.064033,0.074622,0.000000,0.064033,-0.101503,0.999916
324,0.324000,0.064152,0.074415,0.000000,0.064152,-0.089107,0.999915
325,0.325000,0.064274,0.074199,0.000000,0.064274,-0.076693,0.999915
326,0.326000,0.064398,0.073973,0.000000,0.064398,-0.064257,0.999915
327,0.327000,0.064523,0.073740,0.000000,0.064523,-0.051826,0.999914
328,0.328000,0.064651,0.073498,0.000000,0.064651,-0.039427,0.999914
329,0.329000,0.064779,0.073250,0.000000,0.064779,-0.027084,0.999914
330,0.330000,0.064909,0.072996,0.000000,0.064909,-0.014827,0.999913
331,0.331000,0.065041,0.072737,0.000000,0.065041,-0.002694,0.999913
332,0.332000,0.065173,0.072474,0.000000,0.065173,0.009299,0.999913
333,0.333000,0.065307,0.072208,0.000000,0.065307,0.021114,0.999912
334,0.334000,0.065441,0.071939,0.000000,0.065441,0.032747,0.999912
335,0.335000,0.065576,0.071669,0.000000,0.065576,0.044155,0.999911
336,0.336000,0.065711,0.071398,0.000000,0.065711,0.055347,0.999911
337,0.337000,0.065847,0.071127,0.000000,0.065847,0.066252,0.999911
338,0.338000,0.065983,0.070857,0.000000,0.065983,0.076884,0.999910
339,0.339000,0.066119,0.070588,0.000000,0.066119,0.087184,0.999910
340,0.340000,0.066255,0.070322,0.000000,0.066255,0.097164,0.999910
341,0.341000,0.066390,0.070060,0.000000,0.066390,0.106794,0.999909
342,0.342000,0.066525,0.069801,0.000000,0.066525,0.116052,0.999909
343,0.343000,0.066660,0.069547,0.000000,0.066660,0.124945,0.999909
344,0.344000,0.066794,0.069299,0.000000,0.066794,0.133436,0.999908
345,0.345000,0.066927,0.069056,0.000000,0.066927,0.141510,0.999908
346,0.346000,0.067059,0.068821,0.000000,0.067059,0.149145,0.999908
347,0.347000,0.067190,0.068593,0.000000,0.067190,0.156339,0.999907
348,0.348000,0.067320,0.068373,0.000000,0.067320,0.163057,0.999907
349,0.349000,0.067449,0.068162,0.000000,0.067449,0.169469,0.999907
350,0.350000,0.067575,0.067960,0.000000,0.067575,0.175489,0.999906
351,0.351000,0.067701,0.067768,0.000000,0.067701,0.180994,0.999906
352,0.352000,0.067824,0.067587,0.000000,0.067824,0.185985,0.999906
353,0.353000,0.067946,0.067416,0.000000,0.067946,0.190457,0.999906
354,0.354000,0.068066,0.067257,0.000000,0.068066,0.194408,0.999905
355,0.355000,0.068183,0.067109,0.000000,0.068183,0.197843,0.999905
356,0.356000,0.068299,0.066973,0.000000,0.068299,0.200762,0.999905
357,0.357000,0.068412,0.066850,0.000000,0.068412,0.203147,0.999904
358,0.358000,0.068523,0.066740,0.000000,0.068523,0.205020,0.999904
359,0.359000,0.068631,0.066643,0.000000,0.068631,0.206370,0.999904
360,0.360000,0.068737,0.066559,0.000000,0.068737,0.207197,0.999904
361,0.361000,0.068841,0.066488,0.000000,0.068841,0.207514,0.999903
362,0.362000,0.068941,0.066432,0.000000,0.068941,0.207324,0.999903
363,0.363000,0.069039,0.066389,0.000000,0.069039,0.206636,0.999903
364,0.364000,0.069134,0.066361,0.000000,0.069134,0.205452,0.999903
365,0.365000,0.069227,0.066346,0.000000,0.069227,0.203785,0.999903
366,0.366000,0.069316,0.066346,0.000000,0.069316,0.201654,0.999902
367,0.367000,0.069403,0.066360,0.000000,0.069403,0.199053,0.999902
368,0.368000,0.069487,0.066388,0.000000,0.069487,0.196002,0.999902
369,0.369000,0.069567,0.066430,0.000000,0.069567,0.192525,0.999902
370,0.370000,0.069645,0.066486,0.000000,0.069645,0.188611,0.999902
371,0.371000,0.069720,0.066556,0.000000,0.069720,0.184288,0.999902
372,0.372000,0.069792,0.066640,0.000000,0.069792,0.179578,0.999901
373,0.373000,0.069861,0.066737,0.000000,0.069861,0.174488,0.999901
374,0.374000,0.069927,0.066848,0.000000,0.069927,0.169030,0.999901
375,0.375000,0.069990,0.066972,0.000000,0.069990,0.163221,0.999901
376,0.376000,0.070050,0.067108,0.000000,0.070050,0.157100,0.999901
377,0.377000,0.070107,0.067257,0.000000,0.070107,0.150662,0.999901
378,0.378000,0.070161,0.067419,0.000000,0.070161,0.143927,0.999901
379,0.379000,0.070213,0.067592,0.000000,0.070213,0.136927,0.999901
380,0.380000,0.070261,0.067776,0.000000,0.070261,0.129681,0.999901
381,0.381000,0.070307,0.067971,0.000000,0.070307,0.122186,0.999900
382,0.382000,0.070350,0.068177,0.000000,0.070350,0.114488,0.999900
383,0.383000,0.070391,0.068394,0.000000,0.070391,0.106601,0.999900
384,0.384000,0.070429,0.068620,0.000000,0.070429,0.098539,0.999900
385,0.385000,0.070465,0.068855,0.000000,0.070465,0.090331,0.999900
386,0.386000,0.070498,0.069098,0.000000,0.070498,0.081986,0.999900
387,0.387000,0.070528,0.069350,0.000000,0.070528,0.073538,0.999900
388,0.388000,0.070557,0.069610,0.000000,0.070557,0.064995,0.999900
389,0.389000,0.070583,0.069877,0.000000,0.070583,0.056392,0.999900
390,0.390000,0.070607,0.070150,0.000000,0.070607,0.047758,0.999900
391,0.391000,0.070630,0.070429,0.000000,0.070630,0.039094,0.999900
392,0.392000,0.070650,0.070714,0.000000,0.070650,0.030422,0.999900
393,0.393000,0.070668,0.071004,0.000000,0.070668,0.021771,0.999900
394,0.394000,0.070685,0.071297,0.000000,0.070685,0.013137,0.999900
395,0.395000,0.070700,0.071595,0.000000,0.070700,0.004573,0.999900
396,0.396000,0.070714,0.071895,0.000000,0.070714,-0.003922,0.999900
397,0.397000,0.070726,0.072198,0.000000,0.070726,-0.012325,0.999900
398,0.398000,0.070737,0.072503,0.000000,0.070737,-0.020622,0.999900
399,0.399000,0.070746,0.072809,0.000000,0.070746,-0.028787,0.999900
400,0.400000,0.070755,0.073116,0.000000,0.070755,-0.036806,0.999900
401,0.401000,0.070763,0.073423,0.000000,0.070763,-0.044655,0.999900
402,0.402000,0.070769,0.073729,0.000000,0.070769,-0.052341,0.999900
403,0.403000,0.070775,0.074035,0.000000,0.070775,-0.059820,0.999900
404,0.404000,0.070780,0.074339,0.000000,0.070780,-0.067086,0.999900
405,0.405000,0.070785,0.074640,0.000000,0.070785,-0.074132,0.999900
406,0.406000,0.070789,0.074939,0.000000,0.070789,-0.080942,0.999900
407,0.407000,0.070793,0.075235,0.000000,0.070793,-0.087493,0.999900
408,0.408000,0.070797,0.075527,0.000000,0.070797,-0.093783,0.999900
409,0.409000,0.070800,0.075815,0.000000,0.070800,-0.099796,0.999900
410,0.410000,0.070804,0.076098,0.000000,0.070804,-0.105518,0.999900
411,0.411000,0.070808,0.076376,0.000000,0.070808,-0.110936,0.999900
412,0.412000,0.070811,0.076648,0.000000,0.070811,-0.116040,0.999900
413,0.413000,0.070815,0.076914,0.000000,0.070815,-0.120831,0.999900
414,0.414000,0.070820,0.077173,0.000000,0.070820,-0.125307,0.999900
415,0.415000,0.070825,0.077425,0.000000,0.070825,-0.129446,0.999900
416,0.416000,0.070830,0.077670,0.000000,0.070830,-0.133261,0.999900
417,0.417000,0.070836,0.077908,0.000000,0.070836,-0.136722,0.999899
418,0.418000,0.070843,0.078137,0.000000,0.070843,-0.139852,0.999899
419,0.419000,0.070850,0.078358,0.000000,0.070850,-0.142624,0.999899
420,0.420000,0.070859,0.078570,0.000000,0.070859,-0.145048,0.999899
421,0.421000,0.070868,0.078773,0.000000,0.070868,-0.147122,0.999899
422,0.422000,0.070879,0.078967,0.000000,0.070879,-0.148840,0.999899
423,0.423000,0.070890,0.079152,0.000000,0.070890,-0.150206,0.999899
424,0.424000,0.070903,0.079327,0.000000,0.070903,-0.151216,0.999899
425,0.425000,0.070917,0.079492,0.000000,0.070917,-0.151870,0.999899
426,0.426000,0.070932,0.079647,0.000000,0.070932,-0.152180,0.999899
427,0.427000,0.070948,0.079792,0.000000,0.070948,-0.152143,0.999899
428,0.428000,0.070966,0.079927,0.000000,0.070966,-0.151756,0.999899
429,0.429000,0.070985,0.080052,0.000000,0.070985,-0.151034,0.999899
430,0.430000,0.071006,0.080166,0.000000,0.071006,-0.149981,0.999899
431,0.431000,0.071028,0.080270,0.000000,0.071028,-0.148605,0.999899
432,0.432000,0.071052,0.080363,0.000000,0.071052,-0.146897,0.999898
433,0.433000,0.071077,0.080446,0.000000,0.071077,-0.144878,0.999898
434,0.434000,0.071103,0.080518,0.000000,0.071103,-0.142556,0.999898
435,0.435000,0.071132,0.080581,0.000000,0.071132,-0.139939,0.999898
436,0.436000,0.071162,0.080633,0.000000,0.071162,-0.137032,0.999898
437,0.437000,0.071193,0.080674,0.000000,0.071193,-0.133849,0.999898
438,0.438000,0.071226,0.080706,0.000000,0.071226,-0.130406,0.999898
439,0.439000,0.071261,0.080728,0.000000,0.071261,-0.126690,0.999898
440,0.440000,0.071297,0.080740,0.000000,0.071297,-0.122736,0.999897
441,0.441000,0.071335,0.080743,0.000000,0.071335,-0.118542,0.999897
442,0.442000,0.071374,0.080737,0.000000,0.071374,-0.114129,0.999897
443,0.443000,0.071415,0.080721,0.000000,0.071415,-0.109508,0.999897
444,0.444000,0.071457,0.080696,0.000000,0.071457,-0.104691,0.999897
445,0.445000,0.071501,0.080663,0.000000,0.071501,-0.099655,0.999897
446,0.446000,0.071546,0.080622,0.000000,0.071546,-0.094448,0.999897
447,0.447000,0.071593,0.080572,0.000000,0.071593,-0.089095,0.999896
448,0.448000,0.071641,0.080515,0.000000,0.071641,-0.083622,0.999896
449,0.449000,0.071691,0.080451,0.000000,0.071691,-0.078019,0.999896
450,0.450000,0.071742,0.080379,0.000000,0.071742,-0.072316,0.999896
451,0.451000,0.071794,0.080301,0.000000,0.071794,-0.066535,0.999896
452,0.452000,0.071847,0.080216,0.000000,0.071847,-0.060671,0.999896
453,0.453000,0.071901,0.080125,0.000000,0.071901,-0.054739,0.999895
454,0.454000,0.071957,0.080029,0.000000,0.071957,-0.048753,0.999895
455,0.455000,0.072014,0.079928,0.000000,0.072014,-0.042754,0.999895
456,0.456000,0.072071,0.079821,0.000000,0.072071,-0.036707,0.999895
457,0.457000,0.072130,0.079710,0.000000,0.072130,-0.030669,0.999895
458,0.458000,0.072189,0.079596,0.000000,0.072189,-0.024637,0.999894
459,0.459000,0.072249,0.079477,0.000000,0.072249,-0.018628,0.999894
460,0.460000,0.072310,0.079356,0.000000,0.072310,-0.012647,0.999894
461,0.461000,0.072372,0.079231,0.000000,0.072372,-0.006704,0.999894
462,0.462000,0.072434,0.079104,0.000000,0.072434,-0.000766,0.999894
463,0.463000,0.072497,0.078976,0.000000,0.072497,0.005086,0.999894
464,0.464000,0.072560,0.078845,0.000000,0.072560,0.010862,0.999893
465,0.465000,0.072624,0.078714,0.000000,0.072624,0.016540,0.999893
466,0.466000,0.072688,0.078581,0.000000,0.072688,0.022104,0.999893
467,0.467000,0.072752,0.078449,0.000000,0.072752,0.027545,0.999893
468,0.468000,0.072817,0.078316,0.000000,0.072817,0.032859,0.999893
469,0.469000,0.072881,0.078184,0.000000,0.072881,0.038034,0.999892
470,0.470000,0.072946,0.078053,0.000000,0.072946,0.043054,0.999892
471,0.471000,0.073010,0.077923,0.000000,0.073010,0.047906,0.999892
472,0.472000,0.073074,0.077795,0.000000,0.073074,0.052583,0.999892
473,0.473000,0.073138,0.077669,0.000000,0.073138,0.057084,0.999892
474,0.474000,0.073202,0.077545,0.000000,0.073202,0.061391,0.999892
475,0.475000,0.073266,0.077424,0.000000,0.073266,0.065503,0.999891
476,0.476000,0.073329,0.077305,0.000000,0.073329,0.069408,0.999891
477,0.477000,0.073392,0.077190,0.000000,0.073392,0.073097,0.999891
478,0.478000,0.073454,0.077079,0.000000,0.073454,0.076576,0.999891
479,0.479000,0.073515,0.076972,0.000000,0.073515,0.079831,0.999891
480,0.480000,0.073576,0.076869,0.000000,0.073576,0.082863,0.999891
481,0.481000,0.073636,0.076771,0.000000,0.073636,0.085659,0.999890
482,0.482000,0.073696,0.076678,0.000000,0.073696,0.088214,0.999890
483,0.483000,0.073754,0.076589,0.000000,0.073754,0.090538,0.999890
484,0.484000,0.073812,0.076506,0.000000,0.073812,0.092602,0.999890
485,0.485000,0.073868,0.076429,0.000000,0.073868,0.094430,0.999890
486,0.486000,0.073924,0.076357,0.000000,0.073924,0.096006,0.999890
487,0.487000,0.073979,0.076291,0.000000,0.073979,0.097337,0.999889
488,0.488000,0.074032,0.076231,0.000000,0.074032,0.098418,0.999889
489,0.489000,0.074085,0.076177,0.000000,0.074085,0.099255,0.999889
490,0.490000,0.074136,0.076130,0.000000,0.074136,0.099847,0.999889
491,0.491000,0.074186,0.076089,0.000000,0.074186,0.100183,0.999889
492,0.492000,0.074234,0.076055,0.000000,0.074234,0.100277,0.999889
493,0.493000,0.074282,0.076028,0.000000,0.074282,0.100133,0.999889
494,0.494000,0.074328,0.076007,0.000000,0.074328,0.099758,0.999889
495,0.495000,0.074373,0.075993,0.000000,0.074373,0.099143,0.999889
496,0.496000,0.074416,0.075986,0.000000,0.074416,0.098292,0.999888
497,0.497000,0.074459,0.075986,0.000000,0.074459,0.097215,0.999888
498,0.498000,0.074499,0.075992,0.000000,0.074499,0.095926,0.999888
499,0.499000,0.074539,0.076006,0.000000,0.074539,0.094422,0.000000
500,0.500000,0.074576,0.076026,0.000000,0.074576,110.707687,0.000000
501,0.501000,0.074613,0.076053,0.000000,0.074613,110.519722,0.000000
502,0.502000,0.074648,0.076087,0.000000,0.074648,110.445122,0.000000
503,0.503000,0.074682,0.076127,0.000000,0.074682,110.400253,0.000000
504,0.504000,0.074714,0.076174,0.000000,0.074714,110.370193,0.000000
505,0.505000,0.074745,0.076227,0.000000,0.074745,110.349777,0.000000
506,0.506000,0.074774,0.076287,90.000000,-89.925224,110.336426,0.000000
507,0.507000,0.074802,0.082690,90.000000,-89.925194,110.329216,0.000000
508,0.508000,0.074831,0.097067,90.000000,-89.925163,110.317924,0.000000
509,0.509000,0.074866,0.119637,90.000000,-89.925133,110.306030,0.000000
510,0.510000,0.074915,0.150258,90.000000,-89.925087,110.293854,0.000000
511,0.511000,0.074990,0.188731,90.000000,-89.925011,110.281540,0.000000
512,0.512000,0.075104,0.234891,90.000000,-89.924896,110.269089,0.000000
513,0.513000,0.075274,0.288609,90.000000,-89.924721,110.256622,0.000000
514,0.514000,0.075520,0.349794,90.000000,-89.924477,110.237381,0.000000
515,0.515000,0.075864,0.418375,90.000000,-89.924133,110.213852,0.000000
516,0.516000,0.076330,0.494304,90.000000,-89.923668,110.190903,0.000000
517,0.517000,0.076946,0.577540,90.000000,-89.923050,110.168007,0.000000
518,0.518000,0.077742,0.668052,90.000000,-89.922256,110.144577,0.000000
519,0.519000,0.078751,0.765816,90.000000,-89.921242,110.120605,0.000000
520,0.520000,0.080008,0.870810,90.000000,-89.919991,110.096024,0.000000
521,0.521000,0.081550,0.983013,90.000000,-89.918442,110.070755,0.000000
522,0.522000,0.083417,1.102408,90.000000,-89.916580,110.044258,0.000000
523,0.523000,0.085653,1.228977,90.000000,-89.914345,110.016815,0.000000
524,0.524000,0.088303,1.362704,90.000000,-89.911697,109.988281,0.000000
525,0.525000,0.091413,1.503572,90.000000,-89.908585,109.958595,0.000000
526,0.526000,0.095035,1.651568,90.000000,-89.904961,109.927780,0.000000
527,0.527000,0.099220,1.806675,90.000000,-89.900772,109.889252,0.000000
528,0.528000,0.104023,1.968878,90.000000,-89.895973,109.844711,0.000000
529,0.529000,0.109502,2.138163,90.000000,-89.890495,109.797966,0.000000
530,0.530000,0.115715,2.314516,90.000000,-89.884277,109.749947,0.000000
531,0.531000,0.122725,2.497921,90.000000,-89.877274,109.699844,0.000000
532,0.532000,0.130595,2.688364,90.000000,-89.869408,109.647537,0.000000
533,0.533000,0.139392,2.885831,90.000000,-89.860603,109.586403,0.000000
534,0.534000,0.149184,3.090308,90.000000,-89.850815,109.517067,0.000000
535,0.535000,0.160041,3.301778,90.000000,-89.839958,109.444839,0.000000
536,0.536000,0.172036,3.520228,90.000000,-89.827957,109.370445,0.000000
537,0.537000,0.185245,3.745643,90.000000,-89.814758,109.297256,0.000000
538,0.538000,0.199743,3.978006,90.000000,-89.800255,109.220871,0.000000
539,0.539000,0.215609,4.217304,90.000000,-89.784386,109.140427,0.000000
540,0.540000,0.232925,4.463522,90.000000,-89.767075,109.055580,0.000000
541,0.541000,0.251773,4.716643,90.000000,-89.748222,108.962311,0.000000
542,0.542000,0.272238,4.976652,90.000000,-89.727760,108.858734,0.000000
543,0.543000,0.294407,5.243533,90.000000,-89.705589,108.748230,0.000000
544,0.544000,0.318367,5.517271,90.000000,-89.681625,108.630722,0.000000
545,0.545000,0.344209,5.797850,90.000000,-89.655792,108.508492,0.000000
546,0.546000,0.372025,6.085255,90.000000,-89.627968,108.383621,0.000000
547,0.547000,0.401909,6.379471,90.000000,-89.598091,108.253036,0.000000
548,0.548000,0.433955,6.680480,90.000000,-89.566040,108.114868,0.000000
549,0.549000,0.468262,6.988268,90.000000,-89.531731,107.973480,0.000000
550,0.550000,0.504927,7.302817,90.000000,-89.495071,107.823685,0.000000
551,0.551000,0.544050,7.624110,90.000000,-89.455948,107.663528,0.000000
552,0.552000,0.585734,7.952131,90.000000,-89.414261,107.482529,0.000000
553,0.553000,0.630080,8.286861,90.000000,-89.369919,107.271271,0.000000
554,0.554000,0.677194,8.628284,90.000000,-89.322807,107.041443,0.000000
555,0.555000,0.727182,8.976383,90.000000,-89.272812,106.796936,0.000000
556,0.556000,0.780150,9.331141,90.000000,-89.219849,106.531235,0.000000
557,0.557000,0.836206,9.692537,90.000000,-89.163788,106.232582,0.000000
558,0.558000,0.895461,10.060555,90.000000,-89.104538,105.834152,0.000000
559,0.559000,0.958025,10.435177,90.000000,-89.041977,105.290726,0.000000
560,0.560000,1.024010,10.816381,90.000000,-88.975990,104.639420,0.000000
561,0.561000,1.093528,11.204142,90.000000,-88.906471,103.898605,0.000000
562,0.562000,1.166694,11.598440,90.000000,-88.833305,103.073006,0.000000
563,0.563000,1.243623,11.999250,90.000000,-88.756378,102.172935,0.000000
564,0.564000,1.324430,12.406545,90.000000,-88.675568,101.183350,0.000000
565,0.565000,1.409231,12.820293,90.000000,-88.590767,100.081314,0.000000
566,0.566000,1.498145,13.240454,90.000000,-88.501854,98.771141,0.000000
567,0.567000,1.591290,13.666976,90.000000,-88.408707,97.282944,0.000000
568,0.568000,1.688783,14.099806,90.000000,-88.311211,95.589241,0.000000
569,0.569000,1.790745,14.538878,90.000000,-88.209251,93.639420,0.000000
570,0.570000,1.897295,14.984130,90.000000,-88.102699,91.386536,0.000000
571,0.571000,2.008554,15.435488,90.000000,-87.991447,88.812820,0.000000
572,0.572000,2.124643,15.892871,90.000000,-87.875359,85.907196,0.000000
573,0.573000,2.245682,16.356190,90.000000,-87.754311,82.347382,0.000000
574,0.574000,2.371793,16.825340,90.000000,-87.628204,78.419891,0.000000
575,0.575000,2.503097,17.300201,90.000000,-87.496895,72.790283,0.000000
576,0.576000,2.639716,17.780643,90.000000,-87.360283,66.234428,0.000000
577,0.577000,2.781772,18.266506,90.000000,-87.218224,58.659027,0.000000
578,0.578000,2.929385,18.757614,90.000000,-87.070610,49.590618,0.000000
579,0.579000,3.082676,19.253769,90.000000,-86.917320,38.818802,0.000000
580,0.580000,3.241767,19.754730,90.000000,-86.758232,28.197289,0.000000
581,0.581000,3.406778,20.260225,90.000000,-86.593224,16.376976,0.000000
582,0.582000,3.577827,20.769886,90.000000,-86.422173,2.210020,0.000000
583,0.583000,3.755034,21.283260,90.000000,-86.244965,-12.370811,0.000000
584,0.584000,3.938516,21.799833,90.000000,-86.061485,-25.554283,0.000000
585,0.585000,4.128389,22.318987,90.000000,-85.871605,-36.914932,0.000000
586,0.586000,4.324769,22.839989,90.000000,-85.675232,-47.430893,0.000000
587,0.587000,4.527768,23.362093,90.000000,-85.472229,-57.124287,0.000000
588,0.588000,4.737497,23.884495,90.000000,-85.262505,-65.908386,0.000000
589,0.589000,4.954064,24.406250,90.000000,-85.045929,-73.483963,0.000000
590,0.590000,5.177574,24.926355,90.000000,-84.822418,-79.073776,0.000000
591,0.591000,5.408130,25.443890,90.000000,-84.591866,-81.028931,0.000000
592,0.592000,5.645830,25.958067,90.000000,-84.354172,-79.177048,0.000000
593,0.593000,5.890769,26.468191,90.000000,-84.109222,-76.182289,0.000000
594,0.594000,6.143035,26.973631,90.000000,-83.856956,-73.647156,0.000000
595,0.595000,6.402715,27.473833,90.000000,-83.597282,-72.827652,0.000000
596,0.596000,6.669890,27.968319,90.000000,-83.330109,-71.982117,0.000000
597,0.597000,6.944634,28.456743,90.000000,-83.055359,-71.270508,0.000000
598,0.598000,7.227020,28.939005,90.000000,-82.772972,-70.222321,0.000000
599,0.599000,7.517111,29.415260,90.000000,-82.482887,-68.484169,0.000000
600,0.600000,7.814970,29.885798,90.000000,-82.185028,-66.253578,0.000000
601,0.601000,8.120648,30.350897,90.000000,-81.879349,-62.706596,0.000000
602,0.602000,8.434199,30.810709,90.000000,-81.565804,-59.212978,0.000000
603,0.603000,8.755666,31.265350,90.000000,-81.244331,-56.574070,0.000000
604,0.604000,9.085090,31.714907,90.000000,-80.914909,-54.767704,0.000000
605,0.605000,9.422505,32.159481,90.000000,-80.577492,-53.748386,0.000000
606,0.606000,9.767941,32.599209,90.000000,-80.232056,-52.883251,0.000000
607,0.607000,10.121428,33.034279,90.000000,-79.878571,-52.238098,0.000000
608,0.608000,10.482980,33.464943,90.000000,-79.517014,-52.169491,0.000000
609,0.609000,10.852616,33.891479,90.000000,-79.147377,-52.201443,0.000000
610,0.610000,11.230348,34.314114,90.000000,-78.769653,-51.883499,0.000000
611,0.611000,11.616180,34.733009,90.000000,-78.383820,-51.367893,0.000000
612,0.612000,12.010117,35.148262,90.000000,-77.989883,-50.995514,0.000000
613,0.613000,12.412155,35.559948,90.000000,-77.587845,-50.831932,0.000000
614,0.614000,12.822288,35.968121,90.000000,-77.177711,-50.757820,0.000000
615,0.615000,13.240503,36.372803,90.000000,-76.759491,-50.684753,0.000000
616,0.616000,13.666788,36.774006,90.000000,-76.333206,-50.417953,0.000000
617,0.617000,14.101120,37.171761,90.000000,-75.898872,-50.071808,0.000000
618,0.618000,14.543477,37.566113,90.000000,-75.456528,-50.239944,0.000000
619,0.619000,14.993827,37.957108,90.000000,-75.006172,-50.424442,0.000000
620,0.620000,15.452139,38.344780,90.000000,-74.547859,-50.701031,0.000000
621,0.621000,15.918377,38.729156,90.000000,-74.081619,-51.261093,0.000000
622,0.622000,16.392498,39.110256,90.000000,-73.607498,-51.880386,0.000000
623,0.623000,16.874456,39.488117,90.000000,-73.125542,-52.439175,0.000000
624,0.624000,17.364201,39.862785,90.000000,-72.635796,-52.995293,0.000000
625,0.625000,17.861681,40.234272,90.000000,-72.138313,-53.633709,0.000000
626,0.626000,18.366835,40.602589,90.000000,-71.633163,-54.269459,0.000000
627,0.627000,18.879602,40.967735,90.000000,-71.120392,-54.714622,0.000000
628,0.628000,19.399918,41.329693,90.000000,-70.600082,-55.196175,0.000000
629,0.629000,19.927708,41.688435,90.000000,-70.072289,-55.802921,0.000000
630,0.630000,20.462898,42.043945,90.000000,-69.537102,-56.454163,0.000000
631,0.631000,21.005415,42.396198,90.000000,-68.994583,-57.055336,0.000000
632,0.632000,21.555170,42.745174,90.000000,-68.444832,-57.571075,0.000000
633,0.633000,22.112080,43.090851,90.000000,-67.887917,-57.995975,0.000000
634,0.634000,22.676054,43.433216,90.000000,-67.323944,-58.350037,0.000000
635,0.635000,23.246998,43.772251,90.000000,-66.752998,-58.706963,0.000000
636,0.636000,23.824816,44.107944,90.000000,-66.175186,-58.987228,0.000000
637,0.637000,24.409401,44.440269,90.000000,-65.590599,-59.211895,0.000000
638,0.638000,25.000650,44.769203,90.000000,-64.999352,-59.376228,0.000000
639,0.639000,25.598455,45.094734,90.000000,-64.401543,-59.470387,0.000000
640,0.640000,26.202702,45.416847,90.000000,-63.797295,-59.483440,0.000000
641,0.641000,26.813272,45.735546,90.000000,-63.186726,-59.434238,0.000000
642,0.642000,27.430046,46.050816,90.000000,-62.569954,-59.334404,0.000000
643,0.643000,28.052902,46.362671,90.000000,-61.947094,-59.196033,0.000000
644,0.644000,28.681711,46.671104,90.000000,-61.318287,-59.023823,0.000000
645,0.645000,29.316341,46.976128,90.000000,-60.683659,-58.812160,0.000000
646,0.646000,29.956657,47.277760,90.000000,-60.043343,-58.564228,0.000000
647,0.647000,30.602524,47.576019,90.000000,-59.397472,-58.283310,0.000000
648,0.648000,31.253799,47.870918,90.000000,-58.746193,-57.970707,0.000000
649,0.649000,31.910341,48.162491,90.000000,-58.089657,-57.632618,0.000000
650,0.650000,32.571999,48.450764,90.000000,-57.427994,-57.269802,0.000000
651,0.651000,33.238621,48.735767,90.000000,-56.761375,-56.886909,0.000000
652,0.652000,33.910061,49.017532,90.000000,-56.089939,-56.541599,0.000000
653,0.653000,34.586155,49.296097,90.000000,-55.413845,-56.201759,0.000000
654,0.654000,35.266747,49.571491,90.000000,-54.733250,-55.906757,0.000000
655,0.655000,35.951672,49.843758,90.000000,-54.048325,-55.589020,0.000000
656,0.656000,36.640774,50.112930,90.000000,-53.359226,-55.248116,0.000000
657,0.657000,37.333874,50.379051,90.000000,-52.666122,-54.888119,0.000000
658,0.658000,38.030811,50.642166,90.000000,-51.969185,-54.592979,0.000000
659,0.659000,38.731407,50.902306,90.000000,-51.268589,-54.356503,0.000000
660,0.660000,39.435493,51.159515,90.000000,-50.564503,-54.138260,0.000000
661,0.661000,40.142891,51.413818,90.000000,-49.857105,-53.907681,0.000000
662,0.662000,40.853420,51.665260,90.000000,-49.146580,-53.673428,0.000000
663,0.663000,41.566898,51.913868,90.000000,-48.433102,-53.428371,0.000000
664,0.664000,42.283142,52.159679,90.000000,-47.716858,-53.165119,0.000000
665,0.665000,43.001968,52.402729,90.000000,-46.998032,-52.881462,0.000000
666,0.666000,43.723190,52.643040,90.000000,-46.276806,-52.574554,0.000000
667,0.667000,44.446617,52.880642,90.000000,-45.553379,-52.240978,0.000000
668,0.668000,45.172062,53.115562,90.000000,-44.827934,-51.880722,0.000000
669,0.669000,45.899330,53.347813,90.000000,-44.100666,-51.451435,0.000000
670,0.670000,46.628231,53.577435,90.000000,-43.371769,-50.967182,0.000000
671,0.671000,47.358566,53.804447,90.000000,-42.641434,-50.495243,0.000000
672,0.672000,48.090145,54.028877,90.000000,-41.909855,-50.123192,0.000000
673,0.673000,48.822762,54.250755,90.000000,-41.177238,-49.782810,0.000000
674,0.674000,49.556225,54.470112,90.000000,-40.443775,-49.429073,0.000000
675,0.675000,50.290333,54.686977,90.000000,-39.709667,-49.047672,0.000000
676,0.676000,51.024879,54.901394,90.000000,-38.975117,-48.635929,0.000000
677,0.677000,51.759678,55.113388,90.000000,-38.240322,-48.190826,0.000000
678,0.678000,52.494511,55.323009,90.000000,-37.505489,-47.694271,0.000000
679,0.679000,53.229179,55.530289,90.000000,-36.770817,-47.161068,0.000000
680,0.680000,53.963486,55.735252,90.000000,-36.036514,-46.580845,0.000000
681,0.681000,54.697220,55.937931,90.000000,-35.302776,-45.943962,0.000000
682,0.682000,55.430183,56.138351,90.000000,-34.569817,-45.244358,0.000000
683,0.683000,56.162163,56.336544,90.000000,-33.837833,-44.475651,0.000000
684,0.684000,56.892960,56.532547,90.000000,-33.107037,-43.625103,0.000000
685,0.685000,57.622368,56.726391,90.000000,-32.377628,-42.644764,0.000000
686,0.686000,58.350182,56.918118,90.000000,-31.649818,-41.623455,0.000001
687,0.687000,59.076195,57.107769,90.000000,-30.923803,-40.712307,0.000001
688,0.688000,59.800201,57.295387,90.000000,-30.199797,-39.703102,0.000003
689,0.689000,60.522003,57.481026,90.000000,-29.477995,-38.684170,0.000006
690,0.690000,61.241390,57.664730,90.000000,-28.758606,-37.625248,0.000012
691,0.691000,61.958160,57.846561,90.000000,-28.041840,-36.522945,0.000023
692,0.692000,62.672104,58.026585,90.000000,-27.327892,-35.278160,0.000043
693,0.693000,63.383026,58.204876,90.000000,-26.616972,-33.991711,0.000078
694,0.694000,64.090721,58.381489,90.000000,-25.909277,-32.673946,0.000140
695,0.695000,64.794983,58.556499,90.000000,-25.205015,-31.329586,0.000245
696,0.696000,65.495621,58.729973,90.000000,-24.504375,-30.001007,0.000420
697,0.697000,66.192429,58.901970,90.000000,-23.807566,-28.787834,0.000703
698,0.698000,66.885208,59.072567,90.000000,-23.114786,-27.462761,0.001151
699,0.699000,67.573769,59.241840,90.000000,-22.426228,-26.025200,0.001846
700,0.700000,68.257904,59.409878,90.000000,-21.742096,-24.370388,0.002899
701,0.701000,68.937424,59.576767,90.000000,-21.062574,-22.482252,0.004459
702,0.702000,69.612137,59.742580,90.000000,-20.387861,-20.619946,0.006721
703,0.703000,70.281860,59.907421,90.000000,-19.718140,-19.138603,0.009930
704,0.704000,70.946381,60.071346,90.000000,-19.053617,-17.744431,0.014386
705,0.705000,71.605530,60.234459,90.000000,-18.394470,-15.897386,0.020445
706,0.706000,72.259117,60.396824,90.000000,-17.740883,-13.683408,0.028514
707,0.707000,72.906952,60.558559,90.000000,-17.093046,-11.114850,0.039041
708,0.708000,73.548859,60.719776,90.000000,-16.451138,-7.551722,0.052501
709,0.709000,74.184662,60.880592,90.000000,-15.815336,-3.364633,0.069375
710,0.710000,74.814171,61.041111,90.000000,-15.185825,2.419887,0.090115
711,0.711000,75.437225,61.201416,90.000000,-14.562776,8.719448,0.115123
712,0.712000,76.053642,61.361603,90.000000,-13.946358,15.233238,0.144709
713,0.713000,76.663246,61.521828,90.000000,-13.336750,23.600512,0.179062
714,0.714000,77.265892,61.682224,90.000000,-12.734108,32.346195,0.218218
715,0.715000,77.861389,61.843037,90.000000,-12.138605,41.776531,0.262041
716,0.716000,78.449593,62.004520,90.000000,-11.550403,54.943710,0.310209
717,0.717000,79.030342,62.167068,90.000000,-10.969652,68.312302,0.362209
718,0.718000,79.603477,62.331089,90.000000,-10.396517,78.379379,0.417351
719,0.719000,80.168846,62.497028,90.000000,-9.831148,85.486252,0.474787
720,0.720000,80.726318,62.665440,90.000000,-9.273682,89.579247,0.533544
721,0.721000,81.275719,62.836910,90.000000,-8.724282,91.743408,0.592565
722,0.722000,81.816925,63.012077,90.000000,-8.183071,93.664780,0.650751
723,0.723000,82.349800,63.191788,90.000000,-7.650194,94.852112,0.707010
724,0.724000,82.874222,63.376953,90.000000,-7.125779,95.415833,0.760305
725,0.725000,83.390045,63.568302,90.000000,-6.609950,95.535721,0.809687
726,0.726000,83.897179,63.766335,90.000000,-6.102821,95.356735,0.854340
727,0.727000,84.395470,63.971302,90.000000,-5.604525,94.827896,0.893596
728,0.728000,84.884850,64.183311,90.000000,-5.115149,93.913498,0.926959
729,0.729000,85.365189,64.402412,90.000000,-4.634809,92.676231,0.954108
730,0.730000,85.836403,64.628593,90.000000,-4.163594,91.399696,0.974896
731,0.731000,86.298401,64.861839,90.000000,-3.701600,90.093445,0.989340
732,0.732000,86.751099,65.102104,90.000000,-3.248902,88.393021,0.997604
733,0.733000,87.194412,65.349297,90.000000,-2.805589,86.436752,0.999982
734,0.734000,87.628265,65.603340,90.000000,-2.371728,84.166603,0.996871
735,0.735000,88.052612,65.864136,90.000000,-1.947382,81.642929,0.988747
736,0.736000,88.467377,66.131531,90.000000,-1.532619,78.944527,0.976144
737,0.737000,88.872513,66.405403,90.000000,-1.127487,75.899498,0.959628
738,0.738000,89.267967,66.685631,90.000000,-0.732032,72.533661,0.939779
739,0.739000,89.653694,66.972054,90.000000,-0.346304,68.990585,0.917169
740,0.740000,90.029663,67.264519,90.000000,0.029664,65.643089,0.892354
741,0.741000,90.395844,67.562813,90.000000,0.395844,62.874012,0.865857
742,0.742000,90.752205,67.866753,90.000000,0.752209,59.953953,0.838163
743,0.743000,91.098740,68.176102,90.000000,1.098738,57.581894,0.809712
744,0.744000,91.435425,68.490631,90.000000,1.435426,55.672714,0.780896
745,0.745000,91.762253,68.810089,90.000000,1.762257,54.007111,0.752056
746,0.746000,92.079224,69.134178,90.000000,2.079226,52.664700,0.723489
747,0.747000,92.386337,69.462662,90.000000,2.386338,51.611271,0.695441
748,0.748000,92.683609,69.795296,90.000000,2.683609,50.583736,0.668119
749,0.749000,92.971039,70.131859,90.000000,2.971043,49.491730,0.641686
750,0.750000,93.248657,70.472176,90.000000,3.248663,48.454716,0.616273
751,0.751000,93.516487,70.816071,90.000000,3.516489,47.406448,0.591977
752,0.752000,93.774544,71.163422,90.000000,3.774547,46.487644,0.568866
753,0.753000,94.022873,71.514122,90.000000,4.022872,45.652847,0.546988
754,0.754000,94.261505,71.868073,90.000000,4.261505,45.057236,0.526368
755,0.755000,94.490479,72.225197,90.000000,4.490480,44.602303,0.507015
756,0.756000,94.709854,72.585403,90.000000,4.709859,44.177395,0.488925
757,0.757000,94.919670,72.948586,90.000000,4.919676,43.680897,0.472083
758,0.758000,95.119995,73.314690,90.000000,5.119998,43.127674,0.456465
759,0.759000,95.310883,73.683594,90.000000,5.310882,42.502674,0.442044
760,0.760000,95.492393,74.055244,90.000000,5.492394,41.800407,0.428783
761,0.761000,95.664604,74.429565,90.000000,5.664603,41.073917,0.416647
762,0.762000,95.827583,74.806511,90.000000,5.827585,40.463436,0.405596
763,0.763000,95.981415,75.186028,90.000000,5.981415,39.949009,0.395593
764,0.764000,96.126175,75.568069,90.000000,6.126174,39.537136,0.386597
765,0.765000,96.261948,75.952583,90.000000,6.261951,39.288273,0.378570
766,0.766000,96.388840,76.339493,90.000000,6.388843,39.180367,0.371477
767,0.767000,96.506935,76.728737,90.000000,6.506937,39.127422,0.365281
768,0.768000,96.616325,77.120247,90.000000,6.616329,39.137432,0.359950
769,0.769000,96.717125,77.513962,90.000000,6.717129,39.185558,0.355453
770,0.770000,96.809433,77.909821,90.000000,6.809439,39.200977,0.351761
771,0.771000,96.893372,78.307770,90.000000,6.893375,39.138912,0.348849
772,0.772000,96.969048,78.707771,90.000000,6.969047,38.982468,0.346691
773,0.773000,97.036575,79.109810,90.000000,7.036577,38.720654,0.345267
774,0.774000,97.096077,79.513847,90.000000,7.096081,38.334316,0.344557
775,0.775000,97.147690,79.919884,90.000000,7.147690,37.789162,0.344544
776,0.776000,97.191521,80.327888,90.000000,7.191526,37.050240,0.345212
777,0.777000,97.227730,80.737862,90.000000,7.227733,36.041813,0.346548
778,0.778000,97.256432,81.149780,90.000000,7.256433,34.755554,0.348540
779,0.779000,97.277779,81.563606,90.000000,7.277778,33.103130,0.351177
780,0.780000,97.291901,81.979317,90.000000,7.291903,31.216164,0.354450
781,0.781000,97.298950,82.396858,90.000000,7.298952,29.219208,0.358351
782,0.782000,97.299088,82.816177,90.000000,7.299088,26.762264,0.362872
783,0.783000,97.292450,83.237206,90.000000,7.292449,24.017857,0.368007
784,0.784000,97.279190,83.659866,90.000000,7.279192,20.523674,0.373749
785,0.785000,97.259483,84.084045,90.000000,7.259487,16.920790,0.380092
786,0.786000,97.233475,84.509613,90.000000,7.233477,12.513732,0.387030
787,0.787000,97.201347,84.936424,90.000000,7.201348,7.697544,0.394556
788,0.788000,97.163246,85.364319,90.000000,7.163249,2.769452,0.402663
789,0.789000,97.119354,85.793129,90.000000,7.119359,-2.296933,0.411343
790,0.790000,97.069839,86.222633,90.000000,7.069839,-7.320245,0.420587
791,0.791000,97.014877,86.652580,90.000000,7.014877,-11.911486,0.430385
792,0.792000,96.954636,87.082726,90.000000,6.954642,-16.847395,0.440725
793,0.793000,96.889305,87.512749,90.000000,6.889311,-21.508329,0.451594
794,0.794000,96.819061,87.942299,90.000000,6.819062,-25.790581,0.462977
795,0.795000,96.744087,88.371025,90.000000,6.744087,-29.356298,0.474857
796,0.796000,96.664551,88.798576,90.000000,6.664557,-33.451309,0.487214
797,0.797000,96.580658,89.224579,90.000000,6.580661,-39.186913,0.500028
798,0.798000,96.492592,89.648727,90.000000,6.492593,-45.476963,0.513275
799,0.799000,96.400520,90.070671,90.000000,6.400522,-51.004856,0.526927
800,0.800000,96.304642,90.490082,90.000000,6.304647,-54.852631,0.540958
801,0.801000,96.205147,90.906677,90.000000,6.205152,-59.609837,0.555335
802,0.802000,96.102219,91.320206,90.000000,6.102221,-64.989006,0.570025
803,0.803000,95.996033,91.730408,90.000000,5.996038,-72.577332,0.584992
804,0.804000,95.886810,92.136902,90.000000,5.886810,-80.926147,0.600200
805,0.805000,95.774696,92.539291,90.000000,5.774699,-89.099304,0.615607
806,0.806000,95.659912,92.937164,90.000000,5.659911,-96.149887,0.631173
807,0.807000,95.542618,93.330238,90.000000,5.542623,-101.031647,0.646854
808,0.808000,95.423027,93.718231,90.000000,5.423027,-104.211082,0.662607
809,0.809000,95.301300,94.100784,90.000000,5.301299,-106.221466,0.678384
810,0.810000,95.177620,94.477402,90.000000,5.177625,-107.584671,0.694142
811,0.811000,95.052185,94.847549,90.000000,5.052188,-108.569290,0.709834
812,0.812000,94.925163,95.210640,90.000000,4.925167,-109.291733,0.725413
813,0.813000,94.796738,95.566185,90.000000,4.796739,-109.817917,0.740834
814,0.814000,94.667076,95.913841,90.000000,4.667082,-110.211639,0.756052
815,0.815000,94.536369,96.253387,90.000000,4.536372,-110.507263,0.771023
816,0.816000,94.404770,96.584732,90.000000,4.404775,-110.733994,0.785705
817,0.817000,94.272461,96.907806,90.000000,4.272460,-110.915817,0.800058
818,0.818000,94.139587,97.222595,90.000000,4.139593,-111.070007,0.814044
819,0.819000,94.006332,97.529076,90.000000,4.006336,-111.205368,0.827626
820,0.820000,93.872841,97.827278,90.000000,3.872847,-111.316460,0.840771
821,0.821000,93.739288,98.117180,90.000000,3.739289,-111.411034,0.853450
822,0.822000,93.605804,98.398804,90.000000,3.605807,-111.488327,0.865637
823,0.823000,93.472557,98.672157,90.000000,3.472557,-111.533669,0.877306
824,0.824000,93.339684,98.937248,90.000000,3.339689,-111.566010,0.888439
825,0.825000,93.207344,99.194099,90.000000,3.207347,-111.586853,0.899020
826,0.826000,93.075661,99.442711,90.000000,3.075661,-111.596176,0.909034
827,0.827000,92.944786,99.683105,90.000000,2.944788,-111.588303,0.918475
828,0.828000,92.814850,99.915283,90.000000,2.814851,-111.565224,0.927335
829,0.829000,92.685974,100.139275,90.000000,2.685979,-111.529617,0.935613
830,0.830000,92.558304,100.355080,90.000000,2.558309,-111.481339,0.943311
831,0.831000,92.431953,100.562729,90.000000,2.431957,-111.417900,0.950434
832,0.832000,92.307053,100.762222,90.000000,2.307053,-111.335144,0.956989
833,0.833000,92.183708,100.953590,90.000000,2.183714,-111.228592,0.962988
834,0.834000,92.062042,101.136856,90.000000,2.062048,-111.093933,0.968445
835,0.835000,91.942162,101.312027,90.000000,1.942164,-110.916206,0.973374
836,0.836000,91.824181,101.479126,90.000000,1.824180,-110.700356,0.977796
837,0.837000,91.708191,101.638191,90.000000,1.708196,-110.456879,0.981731
838,0.838000,91.594307,101.789223,90.000000,1.594309,-110.183540,0.985200
839,0.839000,91.482605,101.932259,90.000000,1.482609,-109.891785,0.988227
840,0.840000,91.373199,102.067329,90.000000,1.373203,-109.574562,0.990838
841,0.841000,91.266174,102.194458,90.000000,1.266174,-109.192688,0.993059
842,0.842000,91.161591,102.313683,90.000000,1.161597,-108.734558,0.994915
843,0.843000,91.059563,102.425018,90.000000,1.059567,-108.185211,0.996435
844,0.844000,90.960159,102.528534,90.000000,0.960161,-107.514191,0.997645
845,0.845000,90.863441,102.624237,90.000000,0.863445,-106.709915,0.998573
846,0.846000,90.769485,102.712181,90.000000,0.769489,-105.731163,0.999245
847,0.847000,90.678368,102.792412,90.000000,0.678367,-104.606415,0.999690
848,0.848000,90.590134,102.864967,90.000000,0.590135,-103.361588,0.999933
849,0.849000,90.504860,102.929901,90.000000,0.504860,-101.851944,0.999999
850,0.850000,90.422585,102.987274,90.000000,0.422584,-99.918480,0.999914
851,0.851000,90.343361,103.037155,90.000000,0.343360,-97.461716,0.999702
852,0.852000,90.267242,103.079613,90.000000,0.267245,-94.512421,0.999384
853,0.853000,90.194275,103.114723,90.000000,0.194278,-90.922058,0.998983
854,0.854000,90.124481,103.142616,90.000000,0.124487,-87.260818,0.998518
855,0.855000,90.057922,103.163361,90.000000,0.057927,-83.462509,0.998009
856,0.856000,89.994606,103.177109,90.000000,-0.005389,-80.056595,0.997474
857,0.857000,89.934578,103.183990,90.000000,-0.065420,-77.506279,0.996929
858,0.858000,89.877853,103.184204,90.000000,-0.122144,-75.911842,0.996388
859,0.859000,89.824448,103.177963,90.000000,-0.175550,-74.801102,0.995864
860,0.860000,89.774399,103.165543,90.000000,-0.225601,-73.993500,0.995371
861,0.861000,89.727692,103.147209,90.000000,-0.272306,-73.362083,0.994917
862,0.862000,89.684364,103.123253,90.000000,-0.315637,-72.826233,0.994513
863,0.863000,89.644394,103.093933,90.000000,-0.355600,-72.317558,0.994166
864,0.864000,89.607819,103.059456,90.000000,-0.392183,-71.761780,0.993881
865,0.865000,89.574615,103.019943,90.000000,-0.425384,-71.109024,0.993663
866,0.866000,89.544785,102.975487,90.000000,-0.455212,-70.303757,0.993517
867,0.867000,89.518333,102.926147,90.000000,-0.481665,-69.341217,0.993443
868,0.868000,89.495239,102.871971,90.000000,-0.504758,-68.173378,0.993442
869,0.869000,89.475494,102.813004,90.000000,-0.524504,-66.678375,0.993514
870,0.870000,89.459091,102.749268,90.000000,-0.540903,-64.760742,0.993656
871,0.871000,89.446007,102.680824,90.000000,-0.553990,-62.553276,0.993866
872,0.872000,89.436226,102.607712,90.000000,-0.563771,-60.310883,0.994139
873,0.873000,89.429718,102.530014,90.000000,-0.570280,-57.940701,0.994469
874,0.874000,89.426460,102.447792,90.000000,-0.573538,-56.020603,0.994851
875,0.875000,89.426422,102.361145,90.000000,-0.573572,-54.075764,0.995277
876,0.876000,89.429588,102.270180,90.000000,-0.570410,-52.180355,0.995737
877,0.877000,89.435898,102.175056,90.000000,-0.564098,-50.505630,0.996224
878,0.878000,89.445335,102.075928,90.000000,-0.554666,-49.098507,0.996727
879,0.879000,89.457848,101.972961,90.000000,-0.542153,-47.395832,0.997234
880,0.880000,89.473404,101.866356,90.000000,-0.526594,-45.378639,0.997736
881,0.881000,89.491951,101.756248,90.000000,-0.508050,-43.365768,0.998218
882,0.882000,89.513443,101.642792,90.000000,-0.486555,-41.029175,0.998670
883,0.883000,89.537834,101.526123,90.000000,-0.462165,-38.298016,0.999077
884,0.884000,89.565071,101.406364,90.000000,-0.434926,-34.945904,0.999427
885,0.885000,89.595100,101.283630,90.000000,-0.404894,-31.604492,0.999705
886,0.886000,89.627869,101.158043,90.000000,-0.372129,-28.853210,0.999899
887,0.887000,89.663322,101.029732,90.000000,-0.336674,-25.921690,0.999993
888,0.888000,89.701385,100.898865,90.000000,-0.298609,-23.208660,0.999974
889,0.889000,89.742020,100.765579,90.000000,-0.257976,-20.408176,0.999829
890,0.890000,89.785149,100.630081,90.000000,-0.214850,-17.699202,0.999543
891,0.891000,89.830696,100.492607,90.000000,-0.169300,-14.928685,0.999102
892,0.892000,89.878616,100.353401,90.000000,-0.121379,-12.473920,0.998495
893,0.893000,89.928833,100.212669,90.000000,-0.071164,-9.830883,0.997709
894,0.894000,89.981277,100.070610,90.000000,-0.018722,-6.972953,0.996731
895,0.895000,90.035873,99.927429,90.000000,0.035879,-4.389312,0.995549
896,0.896000,90.092560,99.783318,90.000000,0.092563,-2.248456,0.994154
897,0.897000,90.151253,99.638451,90.000000,0.151255,-0.445753,0.992535
898,0.898000,90.211884,99.493034,90.000000,0.211886,1.074594,0.990682
899,0.899000,90.274384,99.347244,90.000000,0.274382,2.424692,0.988589
900,0.900000,90.338661,99.201241,90.000000,0.338661,3.605302,0.986246
901,0.901000,90.404648,99.055222,90.000000,0.404648,4.705688,0.983649
902,0.902000,90.472275,98.909386,90.000000,0.472273,5.702286,0.980791
903,0.903000,90.541451,98.763863,90.000000,0.541450,6.632643,0.977669
904,0.904000,90.612099,98.618782,90.000000,0.612101,7.563401,0.974280
905,0.905000,90.684151,98.474251,90.000000,0.684153,8.503579,0.970621
906,0.906000,90.757523,98.330345,90.000000,0.757523,9.441846,0.966693
907,0.907000,90.832130,98.187157,90.000000,0.832136,10.395392,0.962495
908,0.908000,90.907906,98.044754,90.000000,0.907910,11.290356,0.958029
909,0.909000,90.984764,97.903175,90.000000,0.984770,12.177352,0.953299
910,0.910000,91.062622,97.762497,90.000000,1.062627,13.074391,0.948307
911,0.911000,91.141411,97.622780,90.000000,1.141413,13.970923,0.943060
912,0.912000,91.221039,97.484085,90.000000,1.221040,14.864364,0.937564
913,0.913000,91.301430,97.346466,90.000000,1.301431,15.779410,0.931826
914,0.914000,91.382500,97.209976,90.000000,1.382505,16.690086,0.925855
915,0.915000,91.464188,97.074699,90.000000,1.464188,17.634346,0.919660
916,0.916000,91.546394,96.940674,90.000000,1.546396,18.580948,0.913251
917,0.917000,91.629051,96.807961,90.000000,1.629055,19.519875,0.906640
918,0.918000,91.712090,96.676620,90.000000,1.712089,20.414043,0.899838
919,0.919000,91.795410,96.546722,90.000000,1.795411,21.316875,0.892859
920,0.920000,91.878944,96.418297,90.000000,1.878944,22.284391,0.885716
921,0.921000,91.962616,96.291435,90.000000,1.962621,23.172312,0.878423
922,0.922000,92.046349,96.166176,90.000000,2.046352,24.124928,0.870994
923,0.923000,92.130074,96.042587,90.000000,2.130076,25.127216,0.863444
924,0.924000,92.213699,95.920738,90.000000,2.213705,26.042555,0.855790
925,0.925000,92.297173,95.800674,90.000000,2.297177,26.983196,0.848045
926,0.926000,92.380402,95.682457,90.000000,2.380403,27.950876,0.840227
927,0.927000,92.463318,95.566147,90.000000,2.463321,28.992592,0.832350
928,0.928000,92.545845,95.451797,90.000000,2.545851,29.994768,0.824431
929,0.929000,92.627930,95.339478,90.000000,2.627929,30.795654,0.816486
930,0.930000,92.709480,95.229233,90.000000,2.709481,31.521969,0.808531
931,0.931000,92.790428,95.121140,90.000000,2.790433,32.156464,0.800581
932,0.932000,92.870720,95.015244,90.000000,2.870722,32.574142,0.792651
933,0.933000,92.950279,94.911606,90.000000,2.950279,32.999531,0.784757
934,0.934000,93.029037,94.810295,90.000000,3.029038,33.423958,0.776913
935,0.935000,93.106934,94.711372,90.000000,3.106937,33.813782,0.769135
936,0.936000,93.183899,94.614883,90.000000,3.183899,34.168839,0.761435
937,0.937000,93.259872,94.520882,90.000000,3.259878,34.488186,0.753828
938,0.938000,93.334793,94.429382,90.000000,3.334799,34.785961,0.746327
939,0.939000,93.408600,94.340431,90.000000,3.408606,35.124012,0.738944
940,0.940000,93.481239,94.254028,90.000000,3.481245,35.470119,0.731692
941,0.941000,93.552643,94.170204,90.000000,3.552648,35.830132,0.724581
942,0.942000,93.622765,94.088974,90.000000,3.622766,36.223133,0.717624
943,0.943000,93.691544,94.010345,90.000000,3.691546,36.653721,0.710830
944,0.944000,93.758926,93.934334,90.000000,3.758926,37.126942,0.704210
945,0.945000,93.824860,93.860962,90.000000,3.824865,37.636158,0.697773
946,0.946000,93.889297,93.790222,90.000000,3.889301,38.139248,0.691527
947,0.947000,93.952187,93.722145,90.000000,3.952186,38.606270,0.685481
948,0.948000,94.013481,93.656746,90.000000,4.013480,39.051620,0.679643
949,0.949000,94.073135,93.594032,90.000000,4.073135,39.495396,0.674019
950,0.950000,94.131111,93.534042,90.000000,4.131110,39.945103,0.668617
951,0.951000,94.187347,93.476776,90.000000,4.187350,40.334194,0.663442
952,0.952000,94.241821,93.422279,90.000000,4.241820,40.658039,0.658501
953,0.953000,94.294487,93.370567,90.000000,4.294488,40.969616,0.653797
954,0.954000,94.345299,93.321671,90.000000,4.345304,41.330738,0.649337
955,0.955000,94.394241,93.275604,90.000000,4.394243,41.701359,0.645124
956,0.956000,94.441261,93.232399,90.000000,4.441262,42.064392,0.641162
957,0.957000,94.486336,93.192062,90.000000,4.486334,42.370728,0.637455
958,0.958000,94.529419,93.154633,90.000000,4.529419,42.643635,0.634005
959,0.959000,94.570496,93.120094,90.000000,4.570496,42.900589,0.630815
960,0.960000,94.609535,93.088478,90.000000,4.609537,43.220882,0.627888
961,0.961000,94.646515,93.059799,90.000000,4.646516,43.653118,0.625225
962,0.962000,94.681412,93.034058,90.000000,4.681411,44.143063,0.622828
963,0.963000,94.714195,93.011276,90.000000,4.714196,44.531242,0.620699
964,0.964000,94.744850,92.991470,90.000000,4.744850,44.837799,0.618839
965,0.965000,94.773354,92.974640,90.000000,4.773353,45.033623,0.617248
966,0.966000,94.799698,92.960793,90.000000,4.799696,45.113022,0.615926
967,0.967000,94.823860,92.949959,90.000000,4.823862,45.074085,0.614875
968,0.968000,94.845840,92.942131,90.000000,4.845841,44.932575,0.614093
969,0.969000,94.865616,92.937332,90.000000,4.865615,44.693851,0.613582
970,0.970000,94.883171,92.935600,90.000000,4.883175,44.334721,0.613339
971,0.971000,94.898514,92.936928,90.000000,4.898516,43.846935,0.613365
972,0.972000,94.911644,92.941338,90.000000,4.911644,43.331165,0.613658
973,0.973000,94.922539,92.948807,90.000000,4.922537,42.755829,0.614218
974,0.974000,94.931206,92.959335,90.000000,4.931205,42.167835,0.615042
975,0.975000,94.937645,92.972893,90.000000,4.937646,41.553421,0.616129
976,0.976000,94.941864,92.989456,90.000000,4.941867,41.008724,0.617477
977,0.977000,94.943863,93.008980,90.000000,4.943868,40.550518,0.619084
978,0.978000,94.943657,93.031441,90.000000,4.943656,40.113182,0.620948
979,0.979000,94.941238,93.056770,90.000000,4.941238,39.809490,0.623065
980,0.980000,94.936623,93.084923,90.000000,4.936628,39.649441,0.625433
981,0.981000,94.929832,93.115845,90.000000,4.929832,39.526974,0.628050
982,0.982000,94.920868,93.149490,90.000000,4.920871,39.391468,0.630910
983,0.983000,94.909752,93.185806,90.000000,4.909751,39.281822,0.634011
984,0.984000,94.896500,93.224754,90.000000,4.896501,39.253117,0.637349
985,0.985000,94.881126,93.266296,90.000000,4.881126,39.282379,0.640920
986,0.986000,94.863655,93.310394,90.000000,4.863661,39.226051,0.644718
987,0.987000,94.844116,93.357025,90.000000,4.844120,39.072872,0.648738
988,0.988000,94.822525,93.406189,90.000000,4.822530,38.834339,0.652977
989,0.989000,94.798912,93.457863,90.000000,4.798911,38.532986,0.657427
990,0.990000,94.773293,93.512024,90.000000,4.773298,38.154514,0.662083
991,0.991000,94.745712,93.568672,90.000000,4.745718,37.676624,0.666939
992,0.992000,94.716194,93.627808,90.000000,4.716197,37.082050,0.671988
993,0.993000,94.684769,93.689400,90.000000,4.684772,36.380562,0.677224
994,0.994000,94.651482,93.753448,90.000000,4.651482,35.649197,0.682637
995,0.995000,94.616348,93.819923,90.000000,4.616347,34.834572,0.688222
996,0.996000,94.579414,93.888802,90.000000,4.579416,33.814354,0.693969
997,0.997000,94.540718,93.960037,90.000000,4.540723,32.671181,0.699870
998,0.998000,94.500305,94.033607,90.000000,4.500309,31.388638,0.705917
999,0.999000,94.458214,94.109444,90.000000,4.458214,30.051895,0.712100
1000,1.000000,94.414482,94.187508,90.000000,4.414488,28.775866,0.718410
1001,1.001000,94.369164,94.267715,90.000000,4.369163,27.450947,0.724836
1002,1.002000,94.322289,94.350029,90.000000,4.322294,25.899960,0.731369
1003,1.003000,94.273918,94.434364,90.000000,4.273922,24.147892,0.737999
1004,1.004000,94.224091,94.520630,90.000000,4.224096,22.128048,0.744714
1005,1.005000,94.172867,94.608727,90.000000,4.172870,20.217949,0.751504
1006,1.006000,94.120293,94.698563,90.000000,4.120298,18.311306,0.758358
1007,1.007000,94.066414,94.790047,90.000000,4.066414,16.380533,0.765264
1008,1.008000,94.011292,94.883080,90.000000,4.011295,14.470140,0.772211
1009,1.009000,93.954971,94.977547,90.000000,3.954973,12.446688,0.779188
1010,1.010000,93.897514,95.073318,90.000000,3.897517,10.300432,0.786183
1011,1.011000,93.838974,95.170265,90.000000,3.838976,8.149121,0.793184
1012,1.012000,93.779404,95.268242,90.000000,3.779403,5.894500,0.800179
1013,1.013000,93.718864,95.367111,90.000000,3.718867,3.651209,0.807159
1014,1.014000,93.657410,95.466743,90.000000,3.657416,1.383348,0.814110
1015,1.015000,93.595108,95.567001,90.000000,3.595111,-0.901523,0.821022
1016,1.016000,93.532013,95.667740,90.000000,3.532014,-3.164972,0.827883
1017,1.017000,93.468185,95.768822,90.000000,3.468185,-5.564677,0.834684
1018,1.018000,93.403671,95.870087,90.000000,3.403674,-7.949366,0.841413
1019,1.019000,93.338554,95.971390,90.000000,3.338555,-10.098945,0.848059
1020,1.020000,93.272873,96.072578,90.000000,3.272876,-12.030460,0.854614
1021,1.021000,93.206703,96.173500,90.000000,3.206705,-13.867495,0.861068
1022,1.022000,93.140099,96.273979,90.000000,3.140104,-15.614101,0.867412
1023,1.023000,93.073128,96.373878,90.000000,3.073127,-17.247694,0.873637
1024,1.024000,93.005844,96.473038,90.000000,3.005843,-18.747101,0.879735
1025,1.025000,92.938301,96.571289,90.000000,2.938306,-19.982553,0.885698
1026,1.026000,92.870575,96.668495,90.000000,2.870578,-21.039623,0.891521
1027,1.027000,92.802719,96.764511,90.000000,2.802720,-22.111702,0.897195
1028,1.028000,92.734787,96.859238,90.000000,2.734787,-23.074326,0.902716
1029,1.029000,92.666840,96.952538,90.000000,2.666840,-23.989193,0.908078
1030,1.030000,92.598938,97.044327,90.000000,2.598942,-24.873955,0.913277
1031,1.031000,92.531151,97.134491,90.000000,2.531152,-25.703144,0.918308
1032,1.032000,92.463516,97.222969,90.000000,2.463519,-26.539835,0.923169
1033,1.033000,92.396103,97.309685,90.000000,2.396105,-27.352856,0.927856
1034,1.034000,92.328964,97.394577,90.000000,2.328965,-28.141134,0.932368
1035,1.035000,92.262154,97.477585,90.000000,2.262159,-28.891869,0.936702
1036,1.036000,92.195724,97.558670,90.000000,2.195728,-29.620480,0.940859
1037,1.037000,92.129738,97.637756,90.000000,2.129742,-30.282005,0.944837
1038,1.038000,92.064240,97.714813,90.000000,2.064240,-30.877764,0.948637
1039,1.039000,91.999283,97.789787,90.000000,1.999285,-31.450218,0.952261
1040,1.040000,91.934921,97.862625,90.000000,1.934924,-32.016922,0.955708
1041,1.041000,91.871201,97.933281,90.000000,1.871205,-32.648617,0.958982
1042,1.042000,91.808174,98.001724,90.000000,1.808176,-33.445648,0.962084
1043,1.043000,91.745880,98.067894,90.000000,1.745885,-34.026096,0.965017
1044,1.044000,91.684380,98.131752,90.000000,1.684379,-34.435890,0.967786
1045,1.045000,91.623703,98.193283,90.000000,1.623707,-34.769489,0.970392
1046,1.046000,91.563911,98.252434,90.000000,1.563915,-35.003853,0.972841
1047,1.047000,91.505035,98.309189,90.000000,1.505039,-35.182415,0.975136
1048,1.048000,91.447113,98.363510,90.000000,1.447119,-35.297123,0.977283
1049,1.049000,91.390205,98.415352,90.000000,1.390210,-35.362267,0.979286
1050,1.050000,91.334335,98.464676,90.000000,1.334339,-35.382507,0.981150
1051,1.051000,91.279541,98.511467,90.000000,1.279547,-35.359203,0.982881
1052,1.052000,91.225868,98.555702,90.000000,1.225869,-35.340431,0.984484
1053,1.053000,91.173340,98.597374,90.000000,1.173344,-35.333187,0.985965
1054,1.054000,91.122009,98.636482,90.000000,1.122009,-35.304153,0.987330
1055,1.055000,91.071892,98.673042,90.000000,1.071896,-35.267979,0.988583
1056,1.056000,91.023026,98.707024,90.000000,1.023026,-35.244705,0.989732
1057,1.057000,90.975441,98.738472,90.000000,0.975447,-35.250244,0.990782
1058,1.058000,90.929169,98.767380,90.000000,0.929172,-35.262653,0.991738
1059,1.059000,90.884232,98.793747,90.000000,0.884236,-35.268219,0.992607
1060,1.060000,90.840660,98.817604,90.000000,0.840660,-35.245144,0.993393
1061,1.061000,90.798477,98.838951,90.000000,0.798476,-35.183884,0.994103
1062,1.062000,90.757698,98.857803,90.000000,0.757700,-35.103016,0.994742
1063,1.063000,90.718353,98.874161,90.000000,0.718358,-35.005878,0.995314
1064,1.064000,90.680466,98.888039,90.000000,0.680464,-34.885708,0.995826
1065,1.065000,90.644043,98.899437,90.000000,0.644046,-34.753448,0.996281
1066,1.066000,90.609116,98.908379,90.000000,0.609116,-34.597397,0.996685
1067,1.067000,90.575691,98.914856,90.000000,0.575696,-34.419361,0.997041
1068,1.068000,90.543785,98.918884,90.000000,0.543785,-34.236591,0.997355
1069,1.069000,90.513412,98.920486,90.000000,0.513418,-34.037884,0.997629
1070,1.070000,90.484589,98.919662,90.000000,0.484588,-33.799046,0.997868
1071,1.071000,90.457314,98.916443,90.000000,0.457315,-33.513741,0.998074
1072,1.072000,90.431595,98.910828,90.000000,0.431600,-33.205269,0.998251
1073,1.073000,90.407463,98.902840,90.000000,0.407462,-32.913883,0.998402
1074,1.074000,90.384895,98.892517,90.000000,0.384895,-32.586349,0.998529
1075,1.075000,90.363907,98.879860,90.000000,0.363912,-32.334545,0.998635
1076,1.076000,90.344513,98.864899,90.000000,0.344515,-32.097256,0.998720
1077,1.077000,90.326691,98.847656,90.000000,0.326695,-31.833973,0.998788
1078,1.078000,90.310463,98.828156,90.000000,0.310466,-31.553596,0.998839
1079,1.079000,90.295822,98.806419,90.000000,0.295822,-31.254654,0.998874
1080,1.080000,90.282761,98.782494,90.000000,0.282763,-30.925146,0.998895
1081,1.081000,90.271271,98.756393,90.000000,0.271275,-30.589523,0.998901
1082,1.082000,90.261360,98.728149,90.000000,0.261364,-30.252405,0.998893
1083,1.083000,90.253014,98.697792,90.000000,0.253018,-29.907585,0.998872
1084,1.084000,90.246223,98.665337,90.000000,0.246228,-29.529491,0.998835
1085,1.085000,90.240990,98.630798,90.000000,0.240990,-29.116125,0.998784
1086,1.086000,90.237282,98.594223,90.000000,0.237288,-28.684639,0.998718
1087,1.087000,90.235115,98.555641,90.000000,0.235116,-28.222040,0.998635
1088,1.088000,90.234451,98.515068,90.000000,0.234453,-27.728081,0.998535
1089,1.089000,90.235283,98.472542,90.000000,0.235286,-27.166304,0.998415
1090,1.090000,90.237602,98.428085,90.000000,0.237602,-26.577259,0.998276
1091,1.091000,90.241386,98.381744,90.000000,0.241386,-25.858356,0.998114
1092,1.092000,90.246613,98.333542,90.000000,0.246618,-25.041321,0.997929
1093,1.093000,90.253273,98.283516,90.000000,0.253277,-24.188242,0.997718
1094,1.094000,90.261337,98.231697,90.000000,0.261337,-23.317371,0.997479
1095,1.095000,90.270790,98.178146,90.000000,0.270790,-22.424755,0.997211
1096,1.096000,90.281601,98.122887,90.000000,0.281602,-21.470314,0.996911
1097,1.097000,90.293747,98.065979,90.000000,0.293753,-20.495598,0.996577
1098,1.098000,90.307220,98.007462,90.000000,0.307222,-19.444374,0.996207
1099,1.099000,90.321976,97.947411,90.000000,0.321975,-18.246254,0.995797
1100,1.100000,90.337982,97.885887,90.000000,0.337985,-16.980469,0.995348
1101,1.101000,90.355232,97.822952,90.000000,0.355231,-15.820250,0.994855
1102,1.102000,90.373680,97.758675,90.000000,0.373680,-14.666457,0.994316
1103,1.103000,90.393295,97.693123,90.000000,0.393296,-13.417749,0.993731
1104,1.104000,90.414055,97.626381,90.000000,0.414060,-11.898408,0.993095
1105,1.105000,90.435928,97.558510,90.000000,0.435930,-10.266383,0.992409
1106,1.106000,90.458870,97.489601,90.000000,0.458873,-8.710940,0.991668
1107,1.107000,90.482864,97.419739,90.000000,0.482867,-7.174394,0.990873
1108,1.108000,90.507866,97.349014,90.000000,0.507865,-5.651808,0.990021
1109,1.109000,90.533836,97.277519,90.000000,0.533841,-4.214879,0.989110
1110,1.110000,90.560753,97.205322,90.000000,0.560758,-2.858238,0.988139
1111,1.111000,90.588577,97.132530,90.000000,0.588578,-1.533917,0.987108
1112,1.112000,90.617264,97.059273,90.000000,0.617265,-0.261838,0.986015
1113,1.113000,90.646774,96.985649,90.000000,0.646778,0.927321,0.984859
1114,1.114000,90.677078,96.911766,90.000000,0.677083,2.012092,0.983639
1115,1.115000,90.708145,96.837738,90.000000,0.708147,2.967512,0.982355
1116,1.116000,90.739922,96.763657,90.000000,0.739921,3.787376,0.981008
1117,1.117000,90.772377,96.689621,90.000000,0.772378,4.533208,0.979596
1118,1.118000,90.805466,96.615715,90.000000,0.805471,5.229604,0.978120
1119,1.119000,90.839165,96.542038,90.000000,0.839164,5.871977,0.976581
1120,1.120000,90.873413,96.468658,90.000000,0.873417,6.491958,0.974978
1121,1.121000,90.908195,96.395653,90.000000,0.908197,7.083223,0.973314
1122,1.122000,90.943451,96.323082,90.000000,0.943454,7.685911,0.971588
1123,1.123000,90.979156,96.250999,90.000000,0.979155,8.325422,0.969802
1124,1.124000,91.015259,96.179459,90.000000,1.015260,8.935687,0.967959
1125,1.125000,91.051727,96.108505,90.000000,1.051733,9.551509,0.966058
1126,1.126000,91.088524,96.038177,90.000000,1.088527,10.189144,0.964103
1127,1.127000,91.125610,95.968513,90.000000,1.125615,10.819889,0.962095
1128,1.128000,91.162941,95.899536,90.000000,1.162942,11.441169,0.960037
1129,1.129000,91.200485,95.831306,90.000000,1.200488,12.043356,0.957931
1130,1.130000,91.238197,95.763855,90.000000,1.238197,12.638062,0.955779
1131,1.131000,91.276039,95.697220,90.000000,1.276043,13.236201,0.953585
1132,1.132000,91.313980,95.631439,90.000000,1.313985,13.810718,0.951352
1133,1.133000,91.351982,95.566566,90.000000,1.351981,14.370881,0.949083
1134,1.134000,91.389999,95.502625,90.000000,1.389998,14.842662,0.946780
1135,1.135000,91.427994,95.439667,90.000000,1.427994,15.272704,0.944448
1136,1.136000,91.465942,95.377724,90.000000,1.465943,15.676892,0.942090
1137,1.137000,91.503792,95.316841,90.000000,1.503796,16.057327,0.939709
1138,1.138000,91.541527,95.257050,90.000000,1.541526,16.414547,0.937310
1139,1.139000,91.579086,95.198387,90.000000,1.579092,16.775259,0.934896
1140,1.140000,91.616463,95.140892,90.000000,1.616467,17.131927,0.932471
1141,1.141000,91.653603,95.084595,90.000000,1.653602,17.467587,0.930039
1142,1.142000,91.690475,95.029518,90.000000,1.690479,17.780022,0.927603
1143,1.143000,91.727051,94.975677,90.000000,1.727054,18.077625,0.925169
1144,1.144000,91.763290,94.923119,90.000000,1.763295,18.368185,0.922740
1145,1.145000,91.799179,94.871834,90.000000,1.799181,18.633060,0.920319
1146,1.146000,91.834663,94.821861,90.000000,1.834664,18.871010,0.917912
1147,1.147000,91.869720,94.773224,90.000000,1.869723,19.096096,0.915522
1148,1.148000,91.904320,94.725922,90.000000,1.904325,19.326981,0.913153
1149,1.149000,91.938438,94.679985,90.000000,1.938442,19.553993,0.910809
1150,1.150000,91.972038,94.635429,90.000000,1.972039,19.788038,0.908495
1151,1.151000,92.005096,94.592270,90.000000,2.005098,20.019794,0.906213
1152,1.152000,92.037575,94.550514,90.000000,2.037575,20.237795,0.903969
1153,1.153000,92.069466,94.510185,90.000000,2.069465,20.452015,0.901765
1154,1.154000,92.100716,94.471283,90.000000,2.100720,20.653391,0.899605
1155,1.155000,92.131332,94.433830,90.000000,2.131333,20.839430,0.897493
1156,1.156000,92.161263,94.397827,90.000000,2.161263,21.008560,0.895432
1157,1.157000,92.190498,94.363289,90.000000,2.190503,21.162346,0.893427
1158,1.158000,92.219009,94.330231,90.000000,2.219012,21.302872,0.891479
1159,1.159000,92.246773,94.298653,90.000000,2.246777,21.417458,0.889592
1160,1.160000,92.273781,94.268578,90.000000,2.273783,21.502693,0.887770
1161,1.161000,92.299995,94.240005,90.000000,2.299998,21.575245,0.886015
1162,1.162000,92.325394,94.212944,90.000000,2.325399,21.629808,0.884330
1163,1.163000,92.349976,94.187416,90.000000,2.349981,21.666914,0.882717
1164,1.164000,92.373718,94.163399,90.000000,2.373723,21.685966,0.881180
1165,1.165000,92.396591,94.140923,90.000000,2.396597,21.697046,0.879719
1166,1.166000,92.418587,94.119980,90.000000,2.418590,21.698015,0.878339
1167,1.167000,92.439690,94.100578,90.000000,2.439696,21.687040,0.877040
1168,1.168000,92.459892,94.082703,90.000000,2.459893,21.659361,0.875825
1169,1.169000,92.479156,94.066360,90.000000,2.479161,21.623562,0.874695
1170,1.170000,92.497498,94.051559,90.000000,2.497499,21.580811,0.873652
1171,1.171000,92.514885,94.038277,90.000000,2.514889,21.528196,0.872697
1172,1.172000,92.531319,94.026520,90.000000,2.531323,21.462011,0.871831
1173,1.173000,92.546783,94.016281,90.000000,2.546786,21.383629,0.871057
1174,1.174000,92.561272,94.007553,90.000000,2.561273,21.303154,0.870374
1175,1.175000,92.574768,94.000320,90.000000,2.574769,21.207987,0.869783
1176,1.176000,92.587273,93.994598,90.000000,2.587276,21.092207,0.869285
1177,1.177000,92.598785,93.990364,90.000000,2.598784,20.957399,0.868881
1178,1.178000,92.609283,93.987602,90.000000,2.609282,20.805454,0.868570
1179,1.179000,92.618767,93.986320,90.000000,2.618769,20.651747,0.868353
1180,1.180000,92.627235,93.986496,90.000000,2.627239,20.508911,0.868230
1181,1.181000,92.634697,93.988121,90.000000,2.634697,20.396687,0.868200
1182,1.182000,92.641129,93.991188,90.000000,2.641132,20.335022,0.868264
1183,1.183000,92.646545,93.995682,90.000000,2.646548,20.272106,0.868420
1184,1.184000,92.650940,94.001587,90.000000,2.650940,20.221081,0.868669
1185,1.185000,92.654305,94.008888,90.000000,2.654307,20.162275,0.869009
1186,1.186000,92.656654,94.017578,90.000000,2.656657,20.103502,0.869439
1187,1.187000,92.657990,94.027634,90.000000,2.657995,20.017635,0.869958
1188,1.188000,92.658310,94.039040,90.000000,2.658309,19.920147,0.870566
1189,1.189000,92.657616,94.051788,90.000000,2.657620,19.801186,0.871260
1190,1.190000,92.655922,94.065872,90.000000,2.655926,19.663363,0.872038
1191,1.191000,92.653229,94.081291,90.000000,2.653235,19.519133,0.872901
1192,1.192000,92.649544,94.098030,90.000000,2.649546,19.362328,0.873845
1193,1.193000,92.644867,94.116081,90.000000,2.644868,19.211380,0.874868
1194,1.194000,92.639214,94.135437,90.000000,2.639219,19.038742,0.875969
1195,1.195000,92.632599,94.156082,90.000000,2.632601,18.851978,0.877146
1196,1.196000,92.625023,94.178017,90.000000,2.625026,18.633707,0.878395
1197,1.197000,92.616501,94.201202,90.000000,2.616502,18.397697,0.879716
1198,1.198000,92.607040,94.225655,90.000000,2.607042,18.162937,0.881104
1199,1.199000,92.596649,94.251343,90.000000,2.596653,17.895540,0.882558
1200,1.200000,92.585358,94.278244,90.000000,2.585363,17.594391,0.884075
1201,1.201000,92.573166,94.306358,90.000000,2.573171,17.268175,0.885652
1202,1.202000,92.560097,94.335655,90.000000,2.560098,16.914379,0.887286
1203,1.203000,92.546158,94.366135,90.000000,2.546158,16.522591,0.888975
1204,1.204000,92.531364,94.397758,90.000000,2.531363,16.097443,0.890715
1205,1.205000,92.515739,94.430511,90.000000,2.515743,15.646858,0.892502
1206,1.206000,92.499298,94.464371,90.000000,2.499303,15.164381,0.894335
1207,1.207000,92.482063,94.499313,90.000000,2.482063,14.672429,0.896209
1208,1.208000,92.464043,94.535324,90.000000,2.464045,14.173315,0.898122
1209,1.209000,92.445267,94.572357,90.000000,2.445269,13.670601,0.900070
1210,1.210000,92.425751,94.610390,90.000000,2.425755,13.159455,0.902050
1211,1.211000,92.405525,94.649399,90.000000,2.405524,12.631944,0.904058
1212,1.212000,92.384598,94.689323,90.000000,2.384597,12.072541,0.906092
1213,1.213000,92.362991,94.730164,90.000000,2.362993,11.486794,0.908147
1214,1.214000,92.340736,94.771851,90.000000,2.340740,10.866749,0.910221
1215,1.215000,92.317848,94.814369,90.000000,2.317852,10.210625,0.912310
1216,1.216000,92.294365,94.857658,90.000000,2.294370,9.519196,0.914411
1217,1.217000,92.270294,94.901711,90.000000,2.270300,8.787374,0.916521
1218,1.218000,92.245674,94.946465,90.000000,2.245677,8.028604,0.918636
1219,1.219000,92.220520,94.991890,90.000000,2.220522,7.255082,0.920753
1220,1.220000,92.194855,95.037941,90.000000,2.194861,6.465565,0.922869
1221,1.221000,92.168716,95.084564,90.000000,2.168721,5.670362,0.924981
1222,1.222000,92.142128,95.131737,90.000000,2.142132,4.883415,0.927085
1223,1.223000,92.115112,95.179398,90.000000,2.115118,4.068706,0.929180
1224,1.224000,92.087700,95.227486,90.000000,2.087702,3.237563,0.931262
1225,1.225000,92.059914,95.275955,90.000000,2.059917,2.391862,0.933328
1226,1.226000,92.031784,95.324760,90.000000,2.031790,1.515518,0.935376
1227,1.227000,92.003349,95.373833,90.000000,2.003349,0.549121,0.937402
1228,1.228000,91.974617,95.423119,90.000000,1.974621,-0.464206,0.939406
1229,1.229000,91.945625,95.472572,90.000000,1.945627,-1.477842,0.941384
1230,1.230000,91.916412,95.522133,90.000000,1.916414,-2.537256,0.943334
1231,1.231000,91.886986,95.571739,90.000000,1.886990,-3.624387,0.945254
1232,1.232000,91.857399,95.621330,90.000000,1.857401,-4.763120,0.947142
1233,1.233000,91.827660,95.670868,90.000000,1.827663,-5.872139,0.948996
1234,1.234000,91.797806,95.720261,90.000000,1.797808,-6.947918,0.950814
1235,1.235000,91.767868,95.769455,90.000000,1.767871,-7.976102,0.952595
1236,1.236000,91.737869,95.818382,90.000000,1.737873,-8.930331,0.954338
1237,1.237000,91.707848,95.866959,90.000000,1.707848,-9.862761,0.956041
1238,1.238000,91.677818,95.915123,90.000000,1.677822,-10.677361,0.957703
1239,1.239000,91.647820,95.962799,90.000000,1.647824,-11.418799,0.959323
1240,1.240000,91.617882,96.009911,90.000000,1.617887,-12.117330,0.960899
1241,1.241000,91.588020,96.056381,90.000000,1.588026,-12.783383,0.962432
1242,1.242000,91.558281,96.102135,90.000000,1.558280,-13.412934,0.963921
1243,1.243000,91.528679,96.147125,90.000000,1.528678,-14.020606,0.965365
1244,1.244000,91.499237,96.191277,90.000000,1.499240,-14.625432,0.966763
1245,1.245000,91.469994,96.234550,90.000000,1.469993,-15.200723,0.968116
1246,1.246000,91.440964,96.276886,90.000000,1.440965,-15.752880,0.969424
1247,1.247000,91.412186,96.318253,90.000000,1.412189,-16.291697,0.970686
1248,1.248000,91.383675,96.358597,90.000000,1.383680,-16.800608,0.971902
1249,1.249000,91.355461,96.397888,90.000000,1.355465,-17.270052,0.973072
1250,1.250000,91.327568,96.436081,90.000000,1.327570,-17.700191,0.974198
1251,1.251000,91.300018,96.473160,90.000000,1.300024,-18.099178,0.975279
1252,1.252000,91.272842,96.509064,90.000000,1.272847,-18.457287,0.976315
1253,1.253000,91.246056,96.543770,90.000000,1.246059,-18.760784,0.977308
1254,1.254000,91.219681,96.577248,90.000000,1.219680,-19.011499,0.978257
1255,1.255000,91.193741,96.609467,90.000000,1.193746,-19.217562,0.979164
1256,1.256000,91.168259,96.640404,90.000000,1.168263,-19.374290,0.980030
1257,1.257000,91.143257,96.670021,90.000000,1.143257,-19.510044,0.980854
1258,1.258000,91.118744,96.698303,90.000000,1.118744,-19.626793,0.981638
1259,1.259000,91.094757,96.725227,90.000000,1.094756,-19.725456,0.982383
1260,1.260000,91.071289,96.750778,90.000000,1.071295,-19.807457,0.983089
1261,1.261000,91.048386,96.774940,90.000000,1.048386,-19.874161,0.983758
1262,1.262000,91.026047,96.797722,90.000000,1.026051,-19.926373,0.984390
1263,1.263000,91.004303,96.819092,90.000000,1.004304,-19.963829,0.984987
1264,1.264000,90.983147,96.839066,90.000000,0.983151,-19.986439,0.985549
1265,1.265000,90.962616,96.857620,90.000000,0.962619,-19.995407,0.986078
1266,1.266000,90.942711,96.874779,90.000000,0.942716,-19.994537,0.986574
1267,1.267000,90.923462,96.890526,90.000000,0.923462,-19.982023,0.987038
1268,1.268000,90.904854,96.904861,90.000000,0.904857,-19.961773,0.987472
1269,1.269000,90.886925,96.917786,90.000000,0.886927,-19.927486,0.987876
1270,1.270000,90.869675,96.929306,90.000000,0.869674,-19.883759,0.988250
1271,1.271000,90.853111,96.939423,90.000000,0.853111,-19.829498,0.988597
1272,1.272000,90.837250,96.948143,90.000000,0.837251,-19.766628,0.988917
1273,1.273000,90.822090,96.955467,90.000000,0.822095,-19.692013,0.989210
1274,1.274000,90.807663,96.961395,90.000000,0.807663,-19.609058,0.989478
1275,1.275000,90.793953,96.965942,90.000000,0.793955,-19.511692,0.989721
1276,1.276000,90.780975,96.969116,90.000000,0.780977,-19.393341,0.989940
1277,1.277000,90.768730,96.970917,90.000000,0.768731,-19.257374,0.990136
1278,1.278000,90.757233,96.971359,90.000000,0.757236,-19.110855,0.990309
1279,1.279000,90.746483,96.970444,90.000000,0.746485,-18.946550,0.990459
1280,1.280000,90.736473,96.968185,90.000000,0.736479,-18.774239,0.990588
1281,1.281000,90.727226,96.964592,90.000000,0.727231,-18.603645,0.990696
1282,1.282000,90.718735,96.959671,90.000000,0.718741,-18.422157,0.990783
1283,1.283000,90.710999,96.953445,90.000000,0.711002,-18.229551,0.990849
1284,1.284000,90.704018,96.945915,90.000000,0.704022,-18.020483,0.990895
1285,1.285000,90.697800,96.937103,90.000000,0.697799,-17.802271,0.990922
1286,1.286000,90.692329,96.927025,90.000000,0.692335,-17.577518,0.990929
1287,1.287000,90.687622,96.915688,90.000000,0.687622,-17.345863,0.990917
1288,1.288000,90.683655,96.903122,90.000000,0.683661,-17.097025,0.990885
1289,1.289000,90.680443,96.889328,90.000000,0.680444,-16.823015,0.990835
1290,1.290000,90.677979,96.874329,90.000000,0.677978,-16.533579,0.990765
1291,1.291000,90.676247,96.858147,90.000000,0.676250,-16.215006,0.990677
1292,1.292000,90.675255,96.840797,90.000000,0.675260,-15.849236,0.990569
1293,1.293000,90.674988,96.822304,90.000000,0.674993,-15.448737,0.990443
1294,1.294000,90.675453,96.802681,90.000000,0.675458,-15.014611,0.990298
1295,1.295000,90.676628,96.781944,90.000000,0.676633,-14.567948,0.990133
1296,1.296000,90.678505,96.760124,90.000000,0.678511,-14.113031,0.989949
1297,1.297000,90.681091,96.737244,90.000000,0.681093,-13.658727,0.989746
1298,1.298000,90.684357,96.713326,90.000000,0.684358,-13.210953,0.989524
1299,1.299000,90.688309,96.688385,90.000000,0.688312,-12.765006,0.989282
1300,1.300000,90.692924,96.662476,90.000000,0.692930,-12.308932,0.989020
1301,1.301000,90.698196,96.635620,90.000000,0.698202,-11.800058,0.988739
1302,1.302000,90.704124,96.607849,90.000000,0.704124,-11.276254,0.988437
1303,1.303000,90.710678,96.579201,90.000000,0.710681,-10.726055,0.988115
1304,1.304000,90.717857,96.549713,90.000000,0.717860,-10.096813,0.987773
1305,1.305000,90.725647,96.519409,90.000000,0.725646,-9.435229,0.987410
1306,1.306000,90.734016,96.488327,90.000000,0.734020,-8.745017,0.987026
1307,1.307000,90.742981,96.456512,90.000000,0.742981,-8.033152,0.986622
1308,1.308000,90.752502,96.423981,90.000000,0.752502,-7.306947,0.986197
1309,1.309000,90.762573,96.390785,90.000000,0.762577,-6.563014,0.985751
1310,1.310000,90.773178,96.356956,90.000000,0.773177,-5.807217,0.985284
1311,1.311000,90.784302,96.322548,90.000000,0.784304,-5.040192,0.984796
1312,1.312000,90.795929,96.287598,90.000000,0.795929,-4.274156,0.984288
1313,1.313000,90.808037,96.252159,90.000000,0.808039,-3.483607,0.983758
1314,1.314000,90.820610,96.216286,90.000000,0.820613,-2.712905,0.983207
1315,1.315000,90.833633,96.180031,90.000000,0.833638,-1.972252,0.982636
1316,1.316000,90.847092,96.143433,90.000000,0.847094,-1.244940,0.982045
1317,1.317000,90.860954,96.106552,90.000000,0.860959,-0.537342,0.981433
1318,1.318000,90.875221,96.069450,90.000000,0.875227,0.151937,0.980801
1319,1.319000,90.889862,96.032181,90.000000,0.889864,0.810021,0.980149
1320,1.320000,90.904861,95.994789,90.000000,0.904863,1.439884,0.979478
1321,1.321000,90.920197,95.957321,90.000000,0.920197,2.050842,0.978788
1322,1.322000,90.935844,95.919846,90.000000,0.935845,2.622848,0.978080
1323,1.323000,90.951797,95.882408,90.000000,0.951800,3.155431,0.977353
1324,1.324000,90.968033,95.845055,90.000000,0.968036,3.651305,0.976609
1325,1.325000,90.984520,95.807823,90.000000,0.984524,4.121434,0.975848
1326,1.326000,91.001259,95.770767,90.000000,1.001258,4.569169,0.975071
1327,1.327000,91.018211,95.733932,90.000000,1.018217,4.997350,0.974278
1328,1.328000,91.035370,95.697357,90.000000,1.035375,5.402793,0.973470
1329,1.329000,91.052704,95.661079,90.000000,1.052710,5.779741,0.972647
1330,1.330000,91.070213,95.625122,90.000000,1.070215,6.140059,0.971812
1331,1.331000,91.087852,95.589531,90.000000,1.087858,6.455345,0.970964
1332,1.332000,91.105629,95.554337,90.000000,1.105630,6.752220,0.970105
1333,1.333000,91.123505,95.519562,90.000000,1.123505,7.036549,0.969234
1334,1.334000,91.141464,95.485237,90.000000,1.141468,7.309087,0.968354
1335,1.335000,91.159492,95.451393,90.000000,1.159493,7.568386,0.967465
1336,1.336000,91.177567,95.418037,90.000000,1.177572,7.821117,0.966569
1337,1.337000,91.195671,95.385216,90.000000,1.195672,8.064701,0.965666
1338,1.338000,91.213783,95.352928,90.000000,1.213786,8.301023,0.964757
1339,1.339000,91.231888,95.321205,90.000000,1.231893,8.529843,0.963844
1340,1.340000,91.249977,95.290062,90.000000,1.249979,8.747872,0.962928
1341,1.341000,91.268013,95.259506,90.000000,1.268018,8.957191,0.962009
1342,1.342000,91.285988,95.229568,90.000000,1.285988,9.157765,0.961090
1343,1.343000,91.303886,95.200249,90.000000,1.303890,9.349618,0.960171
1344,1.344000,91.321686,95.171577,90.000000,1.321689,9.532711,0.959253
1345,1.345000,91.339378,95.143562,90.000000,1.339380,9.707068,0.958338
1346,1.346000,91.356941,95.116203,90.000000,1.356940,9.872638,0.957427
1347,1.347000,91.374344,95.089531,90.000000,1.374350,10.028763,0.956521
1348,1.348000,91.391602,95.063560,90.000000,1.391603,10.176060,0.955621
1349,1.349000,91.408669,95.038277,90.000000,1.408672,10.315194,0.954729
1350,1.350000,91.425552,95.013725,90.000000,1.425556,10.445906,0.953846
1351,1.351000,91.442223,94.989891,90.000000,1.442229,10.570085,0.952972
1352,1.352000,91.458672,94.966797,90.000000,1.458676,10.686800,0.952111
1353,1.353000,91.474892,94.944443,90.000000,1.474890,10.795624,0.951261
1354,1.354000,91.490852,94.922852,90.000000,1.490853,10.898946,0.950425
1355,1.355000,91.506546,94.902016,90.000000,1.506548,10.993738,0.949604
1356,1.356000,91.521965,94.881950,90.000000,1.521971,11.078802,0.948799
1357,1.357000,91.537094,94.862663,90.000000,1.537093,11.155545,0.948011
1358,1.358000,91.551918,94.844154,90.000000,1.551921,11.225955,0.947241
1359,1.359000,91.566429,94.826431,90.000000,1.566429,11.289396,0.946491
1360,1.360000,91.580605,94.809494,90.000000,1.580608,11.344571,0.945760
1361,1.361000,91.594452,94.793365,90.000000,1.594453,11.393476,0.945051
1362,1.362000,91.607948,94.778030,90.000000,1.607949,11.437253,0.944365
1363,1.363000,91.621071,94.763504,90.000000,1.621077,11.485541,0.943701
1364,1.364000,91.633842,94.749779,90.000000,1.633843,11.524075,0.943062
1365,1.365000,91.646225,94.736862,90.000000,1.646226,11.554759,0.942447
1366,1.366000,91.658218,94.724762,90.000000,1.658220,11.583756,0.941858
1367,1.367000,91.669815,94.713470,90.000000,1.669817,11.617055,0.941296
1368,1.368000,91.681000,94.702995,90.000000,1.681005,11.640811,0.940761
1369,1.369000,91.691780,94.693336,90.000000,1.691783,11.657525,0.940254
1370,1.370000,91.702133,94.684479,90.000000,1.702138,11.675542,0.939775
1371,1.371000,91.712067,94.676453,90.000000,1.712069,11.686698,0.939326
1372,1.372000,91.721558,94.669228,90.000000,1.721563,11.696225,0.938906
1373,1.373000,91.730614,94.662827,90.000000,1.730613,11.698617,0.938516
1374,1.374000,91.739220,94.657227,90.000000,1.739219,11.692348,0.938157
1375,1.375000,91.747368,94.652451,90.000000,1.747374,11.682922,0.937829
1376,1.376000,91.755066,94.648476,90.000000,1.755072,11.667493,0.937533
1377,1.377000,91.762299,94.645309,90.000000,1.762305,11.647516,0.937268
1378,1.378000,91.769081,94.642960,90.000000,1.769080,11.621771,0.937034
1379,1.379000,91.775383,94.641411,90.000000,1.775385,11.584490,0.936833
1380,1.380000,91.781212,94.640663,90.000000,1.781218,11.537617,0.936664
1381,1.381000,91.786575,94.640724,90.000000,1.786579,11.483497,0.936526
1382,1.382000,91.791458,94.641579,90.000000,1.791463,11.423801,0.936421
1383,1.383000,91.795876,94.643219,90.000000,1.795875,11.360232,0.936349
1384,1.384000,91.799805,94.645660,90.000000,1.799809,11.285998,0.936308
1385,1.385000,91.803261,94.648880,90.000000,1.803265,11.202625,0.936299
1386,1.386000,91.806244,94.652885,90.000000,1.806243,11.110173,0.936321
1387,1.387000,91.808739,94.657669,90.000000,1.808743,11.010805,0.936375
1388,1.388000,91.810760,94.663216,90.000000,1.810765,10.901458,0.936460
1389,1.389000,91.812309,94.669525,90.000000,1.812309,10.786116,0.936576
1390,1.390000,91.813385,94.676590,90.000000,1.813388,10.665241,0.936722
1391,1.391000,91.813988,94.684402,90.000000,1.813989,10.533123,0.936898
1392,1.392000,91.814117,94.692955,90.000000,1.814119,10.391313,0.937104
1393,1.393000,91.813789,94.702232,90.000000,1.813791,10.237987,0.937338
1394,1.394000,91.812988,94.712234,90.000000,1.812992,10.065673,0.937601
1395,1.395000,91.811737,94.722954,90.000000,1.811742,9.879491,0.937891
1396,1.396000,91.810028,94.734367,90.000000,1.810034,9.676018,0.938208
1397,1.397000,91.807877,94.746483,90.000000,1.807876,9.455878,0.938552
1398,1.398000,91.805267,94.759270,90.000000,1.805274,9.220476,0.938921
1399,1.399000,91.802231,94.772720,90.000000,1.802234,8.973186,0.939315
1400,1.400000,91.798759,94.786835,90.000000,1.798764,8.721579,0.939733
1401,1.401000,91.794861,94.801582,90.000000,1.794864,8.469361,0.940175
1402,1.402000,91.790543,94.816971,90.000000,1.790548,8.205517,0.940638
1403,1.403000,91.785820,94.832954,90.000000,1.785821,7.923010,0.941123
1404,1.404000,91.780685,94.849541,90.000000,1.780685,7.628129,0.941629
1405,1.405000,91.775146,94.866707,90.000000,1.775152,7.321254,0.942154
1406,1.406000,91.769234,94.884422,90.000000,1.769238,6.994187,0.942698
1407,1.407000,91.762932,94.902672,90.000000,1.762933,6.658585,0.943260
1408,1.408000,91.756264,94.921448,90.000000,1.756267,6.317883,0.943839
1409,1.409000,91.749229,94.940720,90.000000,1.749232,5.970721,0.944433
1410,1.410000,91.741844,94.960472,90.000000,1.741848,5.617076,0.945042
1411,1.411000,91.734123,94.980675,90.000000,1.734123,5.255751,0.945664
1412,1.412000,91.726059,95.001312,90.000000,1.726064,4.889988,0.946300
1413,1.413000,91.717682,95.022362,90.000000,1.717683,4.521984,0.946947
1414,1.414000,91.708984,95.043800,90.000000,1.708988,4.145257,0.947605
1415,1.415000,91.699997,95.065590,90.000000,1.700000,3.741478,0.948272
1416,1.416000,91.690712,95.087730,90.000000,1.690718,3.338002,0.948949
1417,1.417000,91.681160,95.110176,90.000000,1.681162,2.937304,0.949632
1418,1.418000,91.671333,95.132896,90.000000,1.671334,2.537746,0.950323
1419,1.419000,91.661255,95.155891,90.000000,1.661259,2.137267,0.951019
1420,1.420000,91.650940,95.179108,90.000000,1.650939,1.739061,0.951720
1421,1.421000,91.640381,95.202538,90.000000,1.640386,1.341944,0.952424
1422,1.422000,91.629616,95.226143,90.000000,1.629622,0.943492,0.953132
1423,1.423000,91.618652,95.249901,90.000000,1.618652,0.545191,0.953841
1424,1.424000,91.607483,95.273781,90.000000,1.607485,0.147134,0.954551
1425,1.425000,91.596138,95.297760,90.000000,1.596140,-0.241643,0.955261
1426,1.426000,91.584625,95.321800,90.000000,1.584631,-0.621496,0.955970
1427,1.427000,91.572960,95.345886,90.000000,1.572965,-0.997661,0.956677
1428,1.428000,91.561157,95.369972,90.000000,1.561163,-1.372675,0.957382
1429,1.429000,91.549217,95.394058,90.000000,1.549223,-1.740892,0.958084
1430,1.430000,91.537178,95.418098,90.000000,1.537182,-2.104722,0.958781
1431,1.431000,91.525032,95.442070,90.000000,1.525031,-2.469590,0.959473
1432,1.432000,91.512787,95.465942,90.000000,1.512791,-2.828285,0.960160
1433,1.433000,91.500473,95.489700,90.000000,1.500476,-3.179290,0.960840
1434,1.434000,91.488098,95.513313,90.000000,1.488100,-3.525332,0.961514
1435,1.435000,91.475670,95.536751,90.000000,1.475676,-3.868865,0.962180
1436,1.436000,91.463219,95.559998,90.000000,1.463218,-4.203821,0.962837
1437,1.437000,91.450729,95.583023,90.000000,1.450732,-4.530104,0.963486
1438,1.438000,91.438240,95.605804,90.000000,1.438240,-4.854264,0.964125
1439,1.439000,91.425743,95.628326,90.000000,1.425747,-5.168746,0.964754
1440,1.440000,91.413277,95.650551,90.000000,1.413275,-5.473997,0.965373
1441,1.441000,91.400818,95.672462,90.000000,1.400824,-5.772369,0.965981
1442,1.442000,91.388412,95.694046,90.000000,1.388413,-6.063696,0.966578
1443,1.443000,91.376060,95.715271,90.000000,1.376064,-6.345450,0.967163
1444,1.444000,91.363770,95.736115,90.000000,1.363770,-6.613367,0.967735
1445,1.445000,91.351555,95.756561,90.000000,1.351558,-6.868983,0.968296
1446,1.446000,91.339432,95.776596,90.000000,1.339434,-7.115034,0.968843
1447,1.447000,91.327408,95.796188,90.000000,1.327413,-7.346705,0.969378
1448,1.448000,91.315498,95.815315,90.000000,1.315501,-7.565079,0.969899
1449,1.449000,91.303711,95.833977,90.000000,1.303712,-7.770712,0.970407
1450,1.450000,91.292061,95.852142,90.000000,1.292060,-7.963175,0.970901
1451,1.451000,91.280548,95.869797,90.000000,1.280551,-8.139255,0.971380
1452,1.452000,91.269196,95.886932,90.000000,1.269199,-8.298324,0.971846
1453,1.453000,91.258018,95.903519,90.000000,1.258018,-8.449340,0.972297
1454,1.454000,91.247009,95.919556,90.000000,1.247008,-8.592235,0.972734
1455,1.455000,91.236183,95.935028,90.000000,1.236182,-8.722768,0.973157
1456,1.456000,91.225555,95.949921,90.000000,1.225561,-8.841685,0.973564
1457,1.457000,91.215134,95.964211,90.000000,1.215138,-8.950894,0.973957
1458,1.458000,91.204926,95.977913,90.000000,1.204927,-9.049418,0.974336
1459,1.459000,91.194939,95.991005,90.000000,1.194942,-9.137691,0.974699
1460,1.460000,91.185188,96.003471,90.000000,1.185188,-9.216323,0.975048
1461,1.461000,91.175674,96.015320,90.000000,1.175674,-9.285001,0.975382
1462,1.462000,91.166405,96.026527,90.000000,1.166405,-9.344016,0.975701
1463,1.463000,91.157394,96.037102,90.000000,1.157396,-9.392235,0.976005
1464,1.464000,91.148636,96.047028,90.000000,1.148640,-9.429845,0.976295
1465,1.465000,91.140152,96.056313,90.000000,1.140157,-9.456826,0.976570
1466,1.466000,91.131943,96.064941,90.000000,1.131947,-9.474090,0.976830
1467,1.467000,91.124023,96.072906,90.000000,1.124024,-9.481061,0.977075
1468,1.468000,91.116379,96.080223,90.000000,1.116381,-9.477557,0.977306
1469,1.469000,91.109032,96.086876,90.000000,1.109031,-9.463586,0.977523
1470,1.470000,91.101974,96.092873,90.000000,1.101976,-9.446076,0.977725
1471,1.471000,91.095222,96.098206,90.000000,1.095228,-9.418548,0.977913
1472,1.472000,91.088783,96.102875,90.000000,1.088787,-9.382113,0.978086
1473,1.473000,91.082649,96.106873,90.000000,1.082653,-9.336890,0.978246
1474,1.474000,91.076828,96.110229,90.000000,1.076834,-9.281693,0.978391
1475,1.475000,91.071327,96.112923,90.000000,1.071329,-9.216943,0.978522
1476,1.476000,91.066147,96.114960,90.000000,1.066151,-9.145616,0.978640
1477,1.477000,91.061295,96.116341,90.000000,1.061295,-9.067453,0.978743
1478,1.478000,91.056755,96.117088,90.000000,1.056760,-8.985207,0.978833
1479,1.479000,91.052551,96.117188,90.000000,1.052553,-8.897965,0.978910
1480,1.480000,91.048676,96.116653,90.000000,1.048680,-8.805577,0.978973
1481,1.481000,91.045128,96.115479,90.000000,1.045128,-8.705505,0.979023
1482,1.482000,91.041908,96.113686,90.000000,1.041911,-8.597421,0.979059
1483,1.483000,91.039024,96.111275,90.000000,1.039029,-8.478920,0.979083
1484,1.484000,91.036469,96.108253,90.000000,1.036474,-8.357399,0.979093
1485,1.485000,91.034248,96.104630,90.000000,1.034255,-8.230563,0.979090
1486,1.486000,91.032364,96.100418,90.000000,1.032363,-8.094787,0.979075
1487,1.487000,91.030800,96.095604,90.000000,1.030805,-7.930902,0.979047
1488,1.488000,91.029564,96.090225,90.000000,1.029569,-7.755878,0.979006
1489,1.489000,91.028664,96.084267,90.000000,1.028667,-7.572002,0.978953
1490,1.490000,91.028084,96.077751,90.000000,1.028087,-7.364046,0.978887
1491,1.491000,91.027824,96.070686,90.000000,1.027827,-7.146436,0.978810
1492,1.492000,91.027893,96.063087,90.000000,1.027896,-6.927674,0.978720
1493,1.493000,91.028275,96.054962,90.000000,1.028278,-6.707270,0.978618
1494,1.494000,91.028969,96.046310,90.000000,1.028975,-6.485668,0.978504
1495,1.495000,91.029984,96.037170,90.000000,1.029986,-6.264163,0.978379
1496,1.496000,91.031303,96.027534,90.000000,1.031304,-6.039475,0.978242
1497,1.497000,91.032921,96.017426,90.000000,1.032923,-5.810363,0.978093
1498,1.498000,91.034836,96.006866,90.000000,1.034842,-5.573608,0.977933
1499,1.499000,91.037056,95.995865,90.000000,1.037062,-5.332716,0.977762
1500,1.500000,91.039566,95.984444,90.000000,1.039568,-5.089632,0.977580
1501,1.501000,91.042351,95.972618,90.000000,1.042355,-4.843059,0.977387
1502,1.502000,91.045425,95.960396,90.000000,1.045429,-4.595852,0.977183
1503,1.503000,91.048775,95.947807,90.000000,1.048775,-4.344097,0.976969
1504,1.504000,91.052383,95.934868,90.000000,1.052389,-4.092936,0.976744
1505,1.505000,91.056267,95.921577,90.000000,1.056268,-3.827791,0.976509
1506,1.506000,91.060394,95.907974,90.000000,1.060400,-3.559802,0.976264
1507,1.507000,91.064781,95.894058,90.000000,1.064785,-3.291097,0.976010
1508,1.508000,91.069405,95.879868,90.000000,1.069409,-3.013085,0.975745
1509,1.509000,91.074272,95.865410,90.000000,1.074273,-2.736624,0.975472
1510,1.510000,91.079361,95.850693,90.000000,1.079361,-2.464042,0.975189
1511,1.511000,91.084671,95.835747,90.000000,1.084675,-2.194610,0.974897
1512,1.512000,91.090202,95.820587,90.000000,1.090207,-1.927874,0.974597
1513,1.513000,91.095940,95.805237,90.000000,1.095945,-1.660442,0.974288
1514,1.514000,91.101875,95.789703,90.000000,1.101880,-1.389355,0.973971
1515,1.515000,91.108002,95.774017,90.000000,1.108007,-1.126763,0.973646
1516,1.516000,91.114319,95.758194,90.000000,1.114318,-0.869350,0.973313
1517,1.517000,91.120804,95.742264,90.000000,1.120807,-0.615101,0.972973
1518,1.518000,91.127457,95.726219,90.000000,1.127459,-0.364263,0.972626
1519,1.519000,91.134270,95.710098,90.000000,1.134276,-0.115454,0.972273
1520,1.520000,91.141235,95.693924,90.000000,1.141236,0.129672,0.971913
1521,1.521000,91.148346,95.677696,90.000000,1.148346,0.370926,0.971547
1522,1.522000,91.155586,95.661446,90.000000,1.155586,0.607975,0.971175
1523,1.523000,91.162956,95.645187,90.000000,1.162956,0.840127,0.970797
1524,1.524000,91.170441,95.628944,90.000000,1.170442,1.067677,0.970415
1525,1.525000,91.178024,95.612724,90.000000,1.178030,1.291061,0.970028
1526,1.526000,91.185722,95.596550,90.000000,1.185728,1.510962,0.969637
1527,1.527000,91.193504,95.580437,90.000000,1.193507,1.726183,0.969242
1528,1.528000,91.201370,95.564392,90.000000,1.201376,1.936944,0.968844
1529,1.529000,91.209312,95.548454,90.000000,1.209312,2.142499,0.968442
1530,1.530000,91.217316,95.532616,90.000000,1.217317,2.343284,0.968037
1531,1.531000,91.225372,95.516899,90.000000,1.225377,2.538947,0.967631
1532,1.532000,91.233490,95.501328,90.000000,1.233491,2.729661,0.967222
1533,1.533000,91.241638,95.485893,90.000000,1.241639,2.915793,0.966812
1534,1.534000,91.249809,95.470642,90.000000,1.249815,3.097290,0.966401
1535,1.535000,91.258011,95.455566,90.000000,1.258011,3.273743,0.965990
1536,1.536000,91.266228,95.440681,90.000000,1.266228,3.444312,0.965578
1537,1.537000,91.274445,95.426003,90.000000,1.274445,3.608753,0.965167
1538,1.538000,91.282661,95.411552,90.000000,1.282662,3.766859,0.964756
1539,1.539000,91.290863,95.397324,90.000000,1.290865,3.918876,0.964346
1540,1.540000,91.299049,95.383339,90.000000,1.299054,4.064737,0.963939
1541,1.541000,91.307205,95.369621,90.000000,1.307209,4.204549,0.963533
1542,1.542000,91.315331,95.356163,90.000000,1.315330,4.338175,0.963129
1543,1.543000,91.323410,95.342979,90.000000,1.323411,4.465907,0.962729
1544,1.544000,91.331436,95.330086,90.000000,1.331436,4.587854,0.962332
1545,1.545000,91.339401,95.317490,90.000000,1.339400,4.703753,0.961939
1546,1.546000,91.347298,95.305206,90.000000,1.347303,4.813690,0.961550
1547,1.547000,91.355125,95.293236,90.000000,1.355130,4.917580,0.961165
1548,1.548000,91.362877,95.281593,90.000000,1.362882,5.010640,0.960786
1549,1.549000,91.370537,95.270271,90.000000,1.370539,5.093558,0.960412
1550,1.550000,91.378098,95.259308,90.000000,1.378100,5.172223,0.960045
1551,1.551000,91.385559,95.248680,90.000000,1.385565,5.247523,0.959683
1552,1.552000,91.392921,95.238411,90.000000,1.392921,5.317530,0.959328
1553,1.553000,91.400162,95.228500,90.000000,1.400161,5.381683,0.958981
1554,1.554000,91.407272,95.218956,90.000000,1.407278,5.440573,0.958641
1555,1.555000,91.414268,95.209785,90.000000,1.414273,5.494402,0.958308
1556,1.556000,91.421135,95.200996,90.000000,1.421137,5.543278,0.957984
1557,1.557000,91.427856,95.192581,90.000000,1.427858,5.587091,0.957669
1558,1.558000,91.434433,95.184555,90.000000,1.434435,5.627283,0.957362
1559,1.559000,91.440857,95.176918,90.000000,1.440863,5.662793,0.957065
1560,1.560000,91.447136,95.169662,90.000000,1.447139,5.693246,0.956777
1561,1.561000,91.453247,95.162811,90.000000,1.453252,5.719440,0.956499
1562,1.562000,91.459206,95.156357,90.000000,1.459208,5.741186,0.956231
1563,1.563000,91.464981,95.150299,90.000000,1.464987,5.757918,0.955973
1564,1.564000,91.470596,95.144638,90.000000,1.470601,5.769684,0.955726
1565,1.565000,91.476028,95.139389,90.000000,1.476031,5.775623,0.955490
1566,1.566000,91.481277,95.134529,90.000000,1.481284,5.776320,0.955265
1567,1.567000,91.486351,95.130081,90.000000,1.486351,5.771786,0.955051
1568,1.568000,91.491234,95.126038,90.000000,1.491235,5.761907,0.954849
1569,1.569000,91.495926,95.122398,90.000000,1.495927,5.748468,0.954659
1570,1.570000,91.500420,95.119164,90.000000,1.500422,5.729867,0.954480
1571,1.571000,91.504715,95.116333,90.000000,1.504718,5.704885,0.954313
1572,1.572000,91.508812,95.113907,90.000000,1.508816,5.676764,0.954158
1573,1.573000,91.512711,95.111885,90.000000,1.512716,5.642839,0.954016
1574,1.574000,91.516411,95.110252,90.000000,1.516411,5.603801,0.953885
1575,1.575000,91.519890,95.109024,90.000000,1.519895,5.559527,0.953768
1576,1.576000,91.523178,95.108192,90.000000,1.523180,5.510052,0.953662
1577,1.577000,91.526245,95.107765,90.000000,1.526247,5.461544,0.953569
1578,1.578000,91.529106,95.107712,90.000000,1.529109,5.410747,0.953488
1579,1.579000,91.531754,95.108055,90.000000,1.531759,5.354792,0.953420
1580,1.580000,91.534187,95.108780,90.000000,1.534190,5.295250,0.953365
1581,1.581000,91.536415,95.109886,90.000000,1.536417,5.229540,0.953321
1582,1.582000,91.538422,95.111366,90.000000,1.538425,5.165037,0.953291
1583,1.583000,91.540222,95.113228,90.000000,1.540221,5.094470,0.953272
1584,1.584000,91.541801,95.115448,90.000000,1.541806,5.017845,0.953266
1585,1.585000,91.543175,95.118027,90.000000,1.543179,4.938699,0.953272
1586,1.586000,91.544327,95.120972,90.000000,1.544333,4.852514,0.953290
1587,1.587000,91.545273,95.124268,90.000000,1.545276,4.760895,0.953319
1588,1.588000,91.546013,95.127907,90.000000,1.546013,4.665124,0.953361
1589,1.589000,91.546532,95.131889,90.000000,1.546532,4.567746,0.953414
1590,1.590000,91.546844,95.136200,90.000000,1.546847,4.466569,0.953479
1591,1.591000,91.546951,95.140846,90.000000,1.546956,4.353002,0.953555
1592,1.592000,91.546852,95.145813,90.000000,1.546853,4.234118,0.953642
1593,1.593000,91.546547,95.151093,90.000000,1.546553,4.111317,0.953739
1594,1.594000,91.546043,95.156685,90.000000,1.546047,3.983501,0.953848
1595,1.595000,91.545334,95.162582,90.000000,1.545337,3.851220,0.953967
1596,1.596000,91.544434,95.168762,90.000000,1.544436,3.712793,0.954096
1597,1.597000,91.543335,95.175240,90.000000,1.543336,3.572048,0.954235
1598,1.598000,91.542046,95.181976,90.000000,1.542052,3.428960,0.954383
1599,1.599000,91.540565,95.189003,90.000000,1.540570,3.283477,0.954541
1600,1.600000,91.538902,95.196266,90.000000,1.538903,3.136417,0.954708
1601,1.601000,91.537056,95.203796,90.000000,1.537059,2.994334,0.954884
1602,1.602000,91.535027,95.211555,90.000000,1.535030,2.852591,0.955068
1603,1.603000,91.532822,95.219543,90.000000,1.532824,2.709304,0.955260
1604,1.604000,91.530441,95.227753,90.000000,1.530447,2.565382,0.955460
1605,1.605000,91.527901,95.236168,90.000000,1.527906,2.427145,0.955668
1606,1.606000,91.525192,95.244781,90.000000,1.525195,2.287370,0.955883
1607,1.607000,91.522324,95.253586,90.000000,1.522326,2.146289,0.956104
1608,1.608000,91.519302,95.262566,90.000000,1.519307,2.003675,0.956333
1609,1.609000,91.516129,95.271698,90.000000,1.516131,1.859914,0.956567
1610,1.610000,91.512802,95.281006,90.000000,1.512805,1.715758,0.956807
1611,1.611000,91.509338,95.290443,90.000000,1.509342,1.570308,0.957053
1612,1.612000,91.505730,95.300026,90.000000,1.505736,1.423669,0.957304
1613,1.613000,91.501999,95.309723,90.000000,1.501999,1.275947,0.957560
1614,1.614000,91.498131,95.319550,90.000000,1.498134,1.127355,0.957820
1615,1.615000,91.494141,95.329468,90.000000,1.494145,0.978025,0.958084
1616,1.616000,91.490036,95.339493,90.000000,1.490040,0.828128,0.958352
1617,1.617000,91.485817,95.349602,90.000000,1.485819,0.677807,0.958623
1618,1.618000,91.481491,95.359779,90.000000,1.481495,0.525132,0.958898
1619,1.619000,91.477058,95.370018,90.000000,1.477062,0.370397,0.959175
1620,1.620000,91.472534,95.380325,90.000000,1.472534,0.214994,0.959454
1621,1.621000,91.467911,95.390671,90.000000,1.467917,0.058679,0.959736
1622,1.622000,91.463211,95.401054,90.000000,1.463211,-0.096858,0.960019
1623,1.623000,91.458420,95.411446,90.000000,1.458423,-0.250524,0.960303
1624,1.624000,91.453568,95.421860,90.000000,1.453567,-0.401861,0.960589
1625,1.625000,91.448631,95.432289,90.000000,1.448635,-0.550791,0.960875
1626,1.626000,91.443634,95.442696,90.000000,1.443636,-0.698008,0.961162
1627,1.627000,91.438576,95.453087,90.000000,1.438581,-0.843468,0.961449
1628,1.628000,91.433479,95.463448,90.000000,1.433479,-0.987580,0.961735
1629,1.629000,91.428322,95.473770,90.000000,1.428322,-1.129995,0.962021
1630,1.630000,91.423119,95.484047,90.000000,1.423124,-1.269974,0.962306
1631,1.631000,91.417892,95.494255,90.000000,1.417893,-1.408501,0.962590
1632,1.632000,91.412628,95.504402,90.000000,1.412633,-1.543266,0.962872
1633,1.633000,91.407341,95.514465,90.000000,1.407340,-1.674205,0.963153
1634,1.634000,91.402031,95.524437,90.000000,1.402033,-1.802383,0.963431
1635,1.635000,91.396713,95.534309,90.000000,1.396712,-1.929001,0.963708
1636,1.636000,91.391380,95.544075,90.000000,1.391385,-2.052188,0.963982
1637,1.637000,91.386047,95.553719,90.000000,1.386050,-2.168255,0.964253
1638,1.638000,91.380722,95.563240,90.000000,1.380723,-2.281907,0.964521
1639,1.639000,91.375397,95.572624,90.000000,1.375402,-2.393815,0.964786
1640,1.640000,91.370094,95.581863,90.000000,1.370095,-2.502572,0.965047
1641,1.641000,91.364807,95.590958,90.000000,1.364808,-2.607920,0.965305
1642,1.642000,91.359543,95.599884,90.000000,1.359542,-2.709822,0.965559
1643,1.643000,91.354301,95.608643,90.000000,1.354303,-2.808172,0.965809
1644,1.644000,91.349098,95.617226,90.000000,1.349099,-2.902940,0.966055
1645,1.645000,91.343941,95.625626,90.000000,1.343942,-2.994065,0.966296
1646,1.646000,91.338814,95.633835,90.000000,1.338820,-3.081488,0.966532
1647,1.647000,91.333748,95.641853,90.000000,1.333751,-3.165132,0.966764
1648,1.648000,91.328735,95.649666,90.000000,1.328738,-3.244945,0.966990
1649,1.649000,91.323776,95.657257,90.000000,1.323779,-3.320769,0.967212
1650,1.650000,91.318878,95.664650,90.000000,1.318882,-3.392683,0.967428
1651,1.651000,91.314049,95.671806,90.000000,1.314053,-3.460617,0.967639
1652,1.652000,91.309296,95.678749,90.000000,1.309299,-3.524447,0.967844
1653,1.653000,91.304619,95.685448,90.000000,1.304621,-3.584261,0.968044
1654,1.654000,91.300018,95.691917,90.000000,1.300017,-3.639980,0.968237
1655,1.655000,91.295502,95.698135,90.000000,1.295502,-3.691693,0.968425
1656,1.656000,91.291077,95.704117,90.000000,1.291076,-3.739304,0.968607
1657,1.657000,91.286743,95.709846,90.000000,1.286746,-3.784418,0.968783
1658,1.658000,91.282501,95.715324,90.000000,1.282505,-3.825428,0.968952
1659,1.659000,91.278366,95.720535,90.000000,1.278365,-3.862309,0.969116
1660,1.660000,91.274323,95.725494,90.000000,1.274322,-3.895013,0.969273
1661,1.661000,91.270393,95.730179,90.000000,1.270395,-3.923620,0.969423
1662,1.662000,91.266571,95.734604,90.000000,1.266570,-3.948184,0.969567
1663,1.663000,91.262848,95.738754,90.000000,1.262854,-3.968538,0.969705
1664,1.664000,91.259262,95.742645,90.000000,1.259261,-3.984627,0.969836
1665,1.665000,91.255775,95.746254,90.000000,1.255778,-3.996764,0.969960
1666,1.666000,91.252419,95.749588,90.000000,1.252418,-4.004653,0.970078
1667,1.667000,91.249176,95.752647,90.000000,1.249180,-4.008481,0.970189
1668,1.668000,91.246071,95.755432,90.000000,1.246072,-4.008845,0.970293
1669,1.669000,91.243088,95.757935,90.000000,1.243088,-4.005977,0.970391
1670,1.670000,91.240227,95.760155,90.000000,1.240226,-3.998871,0.970482
1671,1.671000,91.237495,95.762100,90.000000,1.237500,-3.987579,0.970566
1672,1.672000,91.234909,95.763771,90.000000,1.234912,-3.972117,0.970643
1673,1.673000,91.232452,95.765160,90.000000,1.232453,-3.952476,0.970714
1674,1.674000,91.230118,95.766266,90.000000,1.230124,-3.928770,0.970778
1675,1.675000,91.227936,95.767105,90.000000,1.227938,-3.900956,0.970835
1676,1.676000,91.225883,95.767662,90.000000,1.225889,-3.869096,0.970885
1677,1.677000,91.223976,95.767952,90.000000,1.223977,-3.828025,0.970929
1678,1.678000,91.222206,95.767952,90.000000,1.222208,-3.778762,0.970966
1679,1.679000,91.220573,95.767693,90.000000,1.220575,-3.727561,0.970997
1680,1.680000,91.219086,95.767166,90.000000,1.219086,-3.673285,0.971020
1681,1.681000,91.217728,95.766373,90.000000,1.217734,-3.615594,0.971038
1682,1.682000,91.216522,95.765312,90.000000,1.216525,-3.554663,0.971048
1683,1.683000,91.215454,95.763992,90.000000,1.215459,-3.488535,0.971052
1684,1.684000,91.214531,95.762421,90.000000,1.214530,-3.416762,0.971050
1685,1.685000,91.213745,95.760590,90.000000,1.213745,-3.342150,0.971042
1686,1.686000,91.213104,95.758514,90.000000,1.213103,-3.264040,0.971027
1687,1.687000,91.212593,95.756195,90.000000,1.212598,-3.184618,0.971006
1688,1.688000,91.212227,95.753632,90.000000,1.212229,-3.102556,0.970978
1689,1.689000,91.211998,95.750839,90.000000,1.212003,-3.017606,0.970945
1690,1.690000,91.211914,95.747810,90.000000,1.211915,-2.930266,0.970905
1691,1.691000,91.211960,95.744568,90.000000,1.211962,-2.841795,0.970860
1692,1.692000,91.212135,95.741096,90.000000,1.212140,-2.748648,0.970809
1693,1.693000,91.212456,95.737427,90.000000,1.212461,-2.654235,0.970752
1694,1.694000,91.212906,95.733543,90.000000,1.212905,-2.558791,0.970689
1695,1.695000,91.213486,95.729469,90.000000,1.213485,-2.462517,0.970621
1696,1.696000,91.214195,95.725189,90.000000,1.214196,-2.365760,0.970547
1697,1.697000,91.215027,95.720734,90.000000,1.215029,-2.268999,0.970467
1698,1.698000,91.215988,95.716095,90.000000,1.215992,-2.171861,0.970383
1699,1.699000,91.217079,95.711288,90.000000,1.217078,-2.076263,0.970293
1700,1.700000,91.218285,95.706306,90.000000,1.218287,-1.979930,0.970198
1701,1.701000,91.219612,95.701172,90.000000,1.219612,-1.881883,0.970098
1702,1.702000,91.221054,95.695885,90.000000,1.221053,-1.782800,0.969994
1703,1.703000,91.222610,95.690453,90.000000,1.222611,-1.682794,0.969884
1704,1.704000,91.224281,95.684883,90.000000,1.224284,-1.581879,0.969770
1705,1.705000,91.226059,95.679192,90.000000,1.226060,-1.480088,0.969652
1706,1.706000,91.227943,95.673363,90.000000,1.227945,-1.377965,0.969529
1707,1.707000,91.229927,95.667427,90.000000,1.229933,-1.275173,0.969402
1708,1.708000,91.232018,95.661377,90.000000,1.232023,-1.172151,0.969271
1709,1.709000,91.234207,95.655228,90.000000,1.234208,-1.068913,0.969136
1710,1.710000,91.236488,95.648987,90.000000,1.236490,-0.965363,0.968998
1711,1.711000,91.238861,95.642647,90.000000,1.238866,-0.862277,0.968855
1712,1.712000,91.241325,95.636238,90.000000,1.241325,-0.759870,0.968710
1713,1.713000,91.243874,95.629745,90.000000,1.243873,-0.657471,0.968561
1714,1.714000,91.246498,95.623199,90.000000,1.246503,-0.555544,0.968408
1715,1.715000,91.249207,95.616585,90.000000,1.249207,-0.455014,0.968253
1716,1.716000,91.251991,95.609917,90.000000,1.251994,-0.356624,0.968095
1717,1.717000,91.254845,95.603210,90.000000,1.254849,-0.258256,0.967934
1718,1.718000,91.257767,95.596466,90.000000,1.257772,-0.160119,0.967771
1719,1.719000,91.260757,95.589691,90.000000,1.260757,-0.062494,0.967605
1720,1.720000,91.263809,95.582886,90.000000,1.263810,0.034580,0.967437
1721,1.721000,91.266907,95.576065,90.000000,1.266911,0.130967,0.967267
1722,1.722000,91.270073,95.569244,90.000000,1.270074,0.228681,0.967095
1723,1.723000,91.273285,95.562416,90.000000,1.273284,0.325147,0.966922
1724,1.724000,91.276543,95.555588,90.000000,1.276542,0.420375,0.966747
1725,1.725000,91.279846,95.548775,90.000000,1.279848,0.514386,0.966571
1726,1.726000,91.283188,95.541977,90.000000,1.283188,0.607010,0.966393
1727,1.727000,91.286560,95.535210,90.000000,1.286562,0.698164,0.966215
1728,1.728000,91.289970,95.528465,90.000000,1.289970,0.787799,0.966036
1729,1.729000,91.293411,95.521759,90.000000,1.293412,0.875806,0.965856
1730,1.730000,91.296867,95.515099,90.000000,1.296868,0.962130,0.965676
1731,1.731000,91.300346,95.508492,90.000000,1.300352,1.046693,0.965496
1732,1.732000,91.303856,95.501930,90.000000,1.303856,1.129399,0.965315
1733,1.733000,91.307365,95.495445,90.000000,1.307366,1.210217,0.965135
1734,1.734000,91.310890,95.489014,90.000000,1.310891,1.289081,0.964955
1735,1.735000,91.314423,95.482674,90.000000,1.314422,1.365935,0.964776
1736,1.736000,91.317955,95.476402,90.000000,1.317960,1.440690,0.964597
1737,1.737000,91.321487,95.470215,90.000000,1.321491,1.513361,0.964419
1738,1.738000,91.325012,95.464119,90.000000,1.325016,1.583831,0.964242
1739,1.739000,91.328537,95.458122,90.000000,1.328540,1.652065,0.964066
1740,1.740000,91.332047,95.452232,90.000000,1.332051,1.718058,0.963892
1741,1.741000,91.335541,95.446442,90.000000,1.335541,1.781753,0.963719
1742,1.742000,91.339012,95.440765,90.000000,1.339018,1.843089,0.963548
1743,1.743000,91.342468,95.435211,90.000000,1.342474,1.902028,0.963379
1744,1.744000,91.345909,95.429771,90.000000,1.345909,1.958555,0.963212
1745,1.745000,91.349312,95.424461,90.000000,1.349311,2.012643,0.963047
1746,1.746000,91.352684,95.419273,90.000000,1.352685,2.064239,0.962884
1747,1.747000,91.356018,95.414223,90.000000,1.356018,2.113354,0.962725
1748,1.748000,91.359322,95.409309,90.000000,1.359324,2.160663,0.962567
1749,1.749000,91.362579,95.404541,90.000000,1.362582,2.205438,0.962413
1750,1.750000,91.365799,95.399918,90.000000,1.365799,2.247610,0.962261
1751,1.751000,91.368973,95.395439,90.000000,1.368975,2.287041,0.962113
1752,1.752000,91.372093,95.391113,90.000000,1.372096,2.323848,0.961968
1753,1.753000,91.375168,95.386940,90.000000,1.375170,2.358040,0.961826
1754,1.754000,91.378181,95.382935,90.000000,1.378182,2.389601,0.961688
1755,1.755000,91.381142,95.379082,90.000000,1.381146,2.418528,0.961553
1756,1.756000,91.384048,95.375381,90.000000,1.384049,2.444779,0.961423
1757,1.757000,91.386887,95.371857,90.000000,1.386890,2.466844,0.961296
1758,1.758000,91.389664,95.368507,90.000000,1.389663,2.485774,0.961173
1759,1.759000,91.392372,95.365318,90.000000,1.392375,2.502655,0.961054
1760,1.760000,91.395020,95.362297,90.000000,1.395018,2.517880,0.960939
1761,1.761000,91.397591,95.359459,90.000000,1.397593,2.530482,0.960829
1762,1.762000,91.400093,95.356789,90.000000,1.400093,2.540548,0.960723
1763,1.763000,91.402512,95.354294,90.000000,1.402518,2.548021,0.960622
1764,1.764000,91.404861,95.351967,90.000000,1.404867,2.552045,0.960525
1765,1.765000,91.407143,95.349831,90.000000,1.407142,2.553445,0.960433
1766,1.766000,91.409332,95.347862,90.000000,1.409334,2.552111,0.960345
1767,1.767000,91.411446,95.346085,90.000000,1.411452,2.548192,0.960262
1768,1.768000,91.413475,95.344467,90.000000,1.413480,2.541568,0.960184
1769,1.769000,91.415428,95.343040,90.000000,1.415427,2.532524,0.960111
1770,1.770000,91.417290,95.341789,90.000000,1.417292,2.521086,0.960043
1771,1.771000,91.419067,95.340721,90.000000,1.419067,2.506879,0.959980
1772,1.772000,91.420761,95.339836,90.000000,1.420761,2.490383,0.959921
1773,1.773000,91.422363,95.339119,90.000000,1.422366,2.471094,0.959868
1774,1.774000,91.423874,95.338570,90.000000,1.423876,2.449598,0.959820
1775,1.775000,91.425301,95.338203,90.000000,1.425303,2.425909,0.959777
1776,1.776000,91.426636,95.338013,90.000000,1.426635,2.400273,0.959738
1777,1.777000,91.427879,95.337997,90.000000,1.427885,2.373211,0.959705
1778,1.778000,91.429039,95.338142,90.000000,1.429039,2.344136,0.959677
1779,1.779000,91.430092,95.338470,90.000000,1.430098,2.313057,0.959654
1780,1.780000,91.431068,95.338959,90.000000,1.431068,2.279583,0.959636
1781,1.781000,91.431946,95.339615,90.000000,1.431949,2.243371,0.959622
1782,1.782000,91.432732,95.340431,90.000000,1.432735,2.205019,0.959614
1783,1.783000,91.433426,95.341415,90.000000,1.433431,2.165633,0.959611
1784,1.784000,91.434029,95.342552,90.000000,1.434032,2.124910,0.959612
1785,1.785000,91.434540,95.343849,90.000000,1.434545,2.082319,0.959619
1786,1.786000,91.434967,95.345299,90.000000,1.434968,2.038092,0.959630
1787,1.787000,91.435295,95.346893,90.000000,1.435296,1.991600,0.959646
1788,1.788000,91.435532,95.348640,90.000000,1.435535,1.942922,0.959667
1789,1.789000,91.435684,95.350533,90.000000,1.435685,1.892274,0.959692
1790,1.790000,91.435745,95.352570,90.000000,1.435747,1.840150,0.959721
1791,1.791000,91.435715,95.354752,90.000000,1.435719,1.786090,0.959756
1792,1.792000,91.435600,95.357056,90.000000,1.435603,1.730899,0.959794
1793,1.793000,91.435394,95.359497,90.000000,1.435398,1.674635,0.959837
1794,1.794000,91.435112,95.362068,90.000000,1.435111,1.618543,0.959884
1795,1.795000,91.434731,95.364754,90.000000,1.434736,1.561568,0.959935
1796,1.796000,91.434273,95.367569,90.000000,1.434278,1.503232,0.959991
1797,1.797000,91.433739,95.370499,90.000000,1.433739,1.443963,0.960050
1798,1.798000,91.433113,95.373543,90.000000,1.433117,1.383907,0.960113
1799,1.799000,91.432411,95.376694,90.000000,1.432414,1.323091,0.960180
1800,1.800000,91.431633,95.379951,90.000000,1.431635,1.261577,0.960250
1801,1.801000,91.430779,95.383308,90.000000,1.430781,1.199384,0.960324
1802,1.802000,91.429840,95.386765,90.000000,1.429845,1.136606,0.960401
1803,1.803000,91.428841,95.390305,90.000000,1.428841,1.073278,0.960481
1804,1.804000,91.427757,95.393936,90.000000,1.427762,1.009483,0.960565
1805,1.805000,91.426605,95.397652,90.000000,1.426608,0.945283,0.960652
1806,1.806000,91.425392,95.401443,90.000000,1.425392,0.880738,0.960741
1807,1.807000,91.424103,95.405304,90.000000,1.424108,0.815896,0.960834
1808,1.808000,91.422752,95.409241,90.000000,1.422756,0.750814,0.960929
1809,1.809000,91.421341,95.413246,90.000000,1.421342,0.685575,0.961026
1810,1.810000,91.419861,95.417305,90.000000,1.419866,0.620233,0.961126
1811,1.811000,91.418335,95.421425,90.000000,1.418337,0.556983,0.961228
1812,1.812000,91.416740,95.425591,90.000000,1.416745,0.494022,0.961332
1813,1.813000,91.415100,95.429810,90.000000,1.415099,0.431010,0.961439
1814,1.814000,91.413399,95.434067,90.000000,1.413398,0.367687,0.961547
1815,1.815000,91.411644,95.438362,90.000000,1.411650,0.303731,0.961657
1816,1.816000,91.409851,95.442688,90.000000,1.409853,0.239896,0.961768
1817,1.817000,91.407997,95.447044,90.000000,1.408002,0.175682,0.961881
1818,1.818000,91.406113,95.451431,90.000000,1.406117,0.111261,0.961996
1819,1.819000,91.404182,95.455826,90.000000,1.404184,0.047089,0.962111
1820,1.820000,91.402214,95.460251,90.000000,1.402217,-0.016847,0.962228
1821,1.821000,91.400208,95.464676,90.000000,1.400209,-0.080643,0.962345
1822,1.822000,91.398163,95.469109,90.000000,1.398167,-0.144436,0.962464
1823,1.823000,91.396088,95.473549,90.000000,1.396091,-0.207541,0.962583
1824,1.824000,91.393982,95.477982,90.000000,1.393987,-0.269925,0.962702
1825,1.825000,91.391853,95.482414,90.000000,1.391856,-0.331482,0.962822
1826,1.826000,91.389694,95.486832,90.000000,1.389698,-0.392149,0.962942
1827,1.827000,91.387512,95.491234,90.000000,1.387512,-0.451878,0.963062
1828,1.828000,91.385307,95.495613,90.000000,1.385313,-0.510516,0.963183
1829,1.829000,91.383087,95.499969,90.000000,1.383093,-0.567141,0.963303
1830,1.830000,91.380859,95.504303,90.000000,1.380859,-0.622799,0.963423
1831,1.831000,91.378601,95.508598,90.000000,1.378605,-0.677417,0.963543
1832,1.832000,91.376343,95.512871,90.000000,1.376345,-0.730985,0.963662
1833,1.833000,91.374077,95.517090,90.000000,1.374077,-0.783270,0.963781
1834,1.834000,91.371803,95.521263,90.000000,1.371802,-0.834301,0.963899
1835,1.835000,91.369522,95.525398,90.000000,1.369528,-0.884119,0.964016
1836,1.836000,91.367241,95.529472,90.000000,1.367247,-0.932716,0.964132
1837,1.837000,91.364960,95.533493,90.000000,1.364965,-0.979874,0.964247
1838,1.838000,91.362679,95.537460,90.000000,1.362684,-1.025818,0.964361
1839,1.839000,91.360413,95.541359,90.000000,1.360417,-1.070660,0.964474
1840,1.840000,91.358147,95.545197,90.000000,1.358149,-1.114089,0.964586
1841,1.841000,91.355896,95.548958,90.000000,1.355895,-1.156049,0.964696
1842,1.842000,91.353653,95.552650,90.000000,1.353655,-1.196630,0.964804
1843,1.843000,91.351425,95.556274,90.000000,1.351428,-1.235908,0.964911
1844,1.844000,91.349213,95.559814,90.000000,1.349215,-1.273742,0.965017
1845,1.845000,91.347015,95.563271,90.000000,1.347016,-1.310109,0.965120
1846,1.846000,91.344841,95.566643,90.000000,1.344844,-1.344936,0.965222
1847,1.847000,91.342690,95.569931,90.000000,1.342692,-1.377727,0.965322
1848,1.848000,91.340569,95.573128,90.000000,1.340568,-1.408672,0.965419
1849,1.849000,91.338463,95.576241,90.000000,1.338464,-1.437888,0.965515
1850,1.850000,91.336395,95.579254,90.000000,1.336395,-1.465397,0.965608
1851,1.851000,91.334343,95.582169,90.000000,1.334346,-1.491160,0.965699
1852,1.852000,91.332336,95.584984,90.000000,1.332338,-1.515156,0.965788
1853,1.853000,91.330353,95.587700,90.000000,1.330357,-1.537413,0.965875
1854,1.854000,91.328415,95.590317,90.000000,1.328417,-1.557937,0.965959
1855,1.855000,91.326508,95.592819,90.000000,1.326512,-1.576767,0.966040
1856,1.856000,91.324646,95.595230,90.000000,1.324647,-1.593887,0.966119
1857,1.857000,91.322815,95.597519,90.000000,1.322816,-1.609246,0.966196
1858,1.858000,91.321030,95.599709,90.000000,1.321034,-1.622854,0.966269
1859,1.859000,91.319290,95.601784,90.000000,1.319292,-1.634833,0.966341
1860,1.860000,91.317589,95.603745,90.000000,1.317591,-1.645039,0.966409
1861,1.861000,91.315941,95.605598,90.000000,1.315945,-1.653492,0.966475
1862,1.862000,91.314339,95.607338,90.000000,1.314340,-1.660315,0.966537
1863,1.863000,91.312782,95.608963,90.000000,1.312783,-1.665376,0.966597
1864,1.864000,91.311272,95.610474,90.000000,1.311273,-1.668678,0.966655
1865,1.865000,91.309814,95.611862,90.000000,1.309819,-1.670245,0.966709
1866,1.866000,91.308411,95.613144,90.000000,1.308411,-1.670090,0.966760
1867,1.867000,91.307060,95.614304,90.000000,1.307059,-1.668228,0.966809
1868,1.868000,91.305756,95.615349,90.000000,1.305761,-1.663920,0.966854
1869,1.869000,91.304512,95.616272,90.000000,1.304511,-1.655287,0.966897
1870,1.870000,91.303322,95.617081,90.000000,1.303323,-1.644879,0.966936
1871,1.871000,91.302185,95.617783,90.000000,1.302189,-1.632929,0.966973
1872,1.872000,91.301109,95.618362,90.000000,1.301110,-1.619426,0.967006
1873,1.873000,91.300087,95.618828,90.000000,1.300092,-1.604647,0.967037
1874,1.874000,91.299126,95.619164,90.000000,1.299129,-1.589196,0.967064
1875,1.875000,91.298218,95.619400,90.000000,1.298221,-1.572388,0.967089
1876,1.876000,91.297371,95.619522,90.000000,1.297374,-1.554564,0.967111
1877,1.877000,91.296585,95.619530,90.000000,1.296588,-1.535708,0.967129
1878,1.878000,91.295853,95.619423,90.000000,1.295858,-1.515430,0.967145
1879,1.879000,91.295189,95.619209,90.000000,1.295188,-1.493866,0.967157
1880,1.880000,91.294579,95.618889,90.000000,1.294580,-1.471588,0.967167
1881,1.881000,91.294022,95.618446,90.000000,1.294027,-1.448114,0.967174
1882,1.882000,91.293533,95.617920,90.000000,1.293535,-1.423161,0.967178
1883,1.883000,91.293106,95.617271,90.000000,1.293105,-1.396992,0.967179
1884,1.884000,91.292732,95.616531,90.000000,1.292736,-1.369623,0.967177
1885,1.885000,91.292419,95.615685,90.000000,1.292422,-1.341034,0.967172
1886,1.886000,91.292168,95.614738,90.000000,1.292169,-1.310798,0.967164
1887,1.887000,91.291969,95.613693,90.000000,1.291971,-1.278767,0.967154
1888,1.888000,91.291840,95.612564,90.000000,1.291841,-1.245714,0.967141
1889,1.889000,91.291756,95.611336,90.000000,1.291759,-1.211726,0.967125
1890,1.890000,91.291733,95.610008,90.000000,1.291739,-1.176838,0.967107
1891,1.891000,91.291779,95.608597,90.000000,1.291780,-1.141115,0.967085
1892,1.892000,91.291870,95.607094,90.000000,1.291876,-1.104629,0.967062
1893,1.893000,91.292023,95.605515,90.000000,1.292026,-1.067422,0.967035
1894,1.894000,91.292229,95.603844,90.000000,1.292231,-1.029704,0.967007
1895,1.895000,91.292496,95.602104,90.000000,1.292497,-0.991427,0.966975
1896,1.896000,91.292809,95.600281,90.000000,1.292811,-0.952574,0.966942
1897,1.897000,91.293175,95.598381,90.000000,1.293180,-0.913186,0.966906
1898,1.898000,91.293602,95.596413,90.000000,1.293604,-0.873280,0.966867
1899,1.899000,91.294083,95.594383,90.000000,1.294082,-0.832859,0.966827
1900,1.900000,91.294601,95.592278,90.000000,1.294601,-0.792280,0.966784
1901,1.901000,91.295181,95.590103,90.000000,1.295181,-0.750958,0.966739
1902,1.902000,91.295799,95.587875,90.000000,1.295803,-0.709242,0.966692
1903,1.903000,91.296471,95.585594,90.000000,1.296472,-0.667425,0.966643
1904,1.904000,91.297195,95.583252,90.000000,1.297196,-0.625489,0.966592
1905,1.905000,91.297951,95.580856,90.000000,1.297954,-0.583354,0.966539
1906,1.906000,91.298767,95.578415,90.000000,1.298767,-0.541297,0.966484
1907,1.907000,91.299622,95.575928,90.000000,1.299621,-0.499529,0.966427
1908,1.908000,91.300514,95.573395,90.000000,1.300516,-0.457893,0.966369
1909,1.909000,91.301453,95.570824,90.000000,1.301451,-0.416202,0.966309
1910,1.910000,91.302422,95.568214,90.000000,1.302421,-0.374442,0.966248
1911,1.911000,91.303436,95.565567,90.000000,1.303439,-0.332656,0.966185
1912,1.912000,91.304482,95.562889,90.000000,1.304484,-0.290896,0.966120
1913,1.913000,91.305565,95.560188,90.000000,1.305570,-0.249180,0.966055
1914,1.914000,91.306686,95.557465,90.000000,1.306690,-0.207842,0.965988
1915,1.915000,91.307838,95.554710,90.000000,1.307845,-0.166961,0.965919
1916,1.916000,91.309029,95.551933,90.000000,1.309033,-0.126221,0.965850
1917,1.917000,91.310242,95.549149,90.000000,1.310242,-0.086066,0.965779
1918,1.918000,91.311485,95.546349,90.000000,1.311485,-0.046466,0.965708
1919,1.919000,91.312752,95.543533,90.000000,1.312755,-0.007085,0.965636
1920,1.920000,91.314049,95.540718,90.000000,1.314053,0.032034,0.965562
1921,1.921000,91.315369,95.537888,90.000000,1.315371,0.070858,0.965488
1922,1.922000,91.316711,95.535057,90.000000,1.316717,0.109357,0.965414
1923,1.923000,91.318077,95.532234,90.000000,1.318083,0.147514,0.965339
1924,1.924000,91.319458,95.529411,90.000000,1.319463,0.185274,0.965263
1925,1.925000,91.320862,95.526588,90.000000,1.320863,0.222601,0.965187
1926,1.926000,91.322281,95.523781,90.000000,1.322284,0.259485,0.965110
1927,1.927000,91.323715,95.520981,90.000000,1.323718,0.295861,0.965033
1928,1.928000,91.325157,95.518196,90.000000,1.325159,0.331697,0.964956
1929,1.929000,91.326622,95.515427,90.000000,1.326621,0.366983,0.964879
1930,1.930000,91.328087,95.512680,90.000000,1.328089,0.401658,0.964801
1931,1.931000,91.329559,95.509949,90.000000,1.329565,0.435647,0.964724
1932,1.932000,91.331047,95.507248,90.000000,1.331047,0.468979,0.964647
1933,1.933000,91.332535,95.504570,90.000000,1.332536,0.501601,0.964570
1934,1.934000,91.334030,95.501923,90.000000,1.334031,0.533487,0.964493
1935,1.935000,91.335526,95.499298,90.000000,1.335527,0.564646,0.964416
1936,1.936000,91.337029,95.496712,90.000000,1.337030,0.595035,0.964340
1937,1.937000,91.338524,95.494164,90.000000,1.338526,0.624545,0.964264
1938,1.938000,91.340019,95.491653,90.000000,1.340022,0.653243,0.964189
1939,1.939000,91.341515,95.489182,90.000000,1.341517,0.681026,0.964114
1940,1.940000,91.343002,95.486755,90.000000,1.343006,0.707756,0.964041
1941,1.941000,91.344482,95.484367,90.000000,1.344489,0.733565,0.963967
1942,1.942000,91.345963,95.482033,90.000000,1.345964,0.758465,0.963895
1943,1.943000,91.347420,95.479744,90.000000,1.347425,0.782394,0.963823
1944,1.944000,91.348877,95.477501,90.000000,1.348880,0.805384,0.963753
1945,1.945000,91.350327,95.475311,90.000000,1.350328,0.827412,0.963683
1946,1.946000,91.351761,95.473175,90.000000,1.351763,0.848437,0.963615
1947,1.947000,91.353172,95.471092,90.000000,1.353176,0.868470,0.963547
1948,1.948000,91.354576,95.469070,90.000000,1.354577,0.887489,0.963481
1949,1.949000,91.355957,95.467110,90.000000,1.355963,0.905483,0.963416
1950,1.950000,91.357330,95.465202,90.000000,1.357329,0.922429,0.963352
1951,1.951000,91.358681,95.463356,90.000000,1.358682,0.938296,0.963290
1952,1.952000,91.360001,95.461578,90.000000,1.360007,0.953109,0.963229
1953,1.953000,91.361313,95.459862,90.000000,1.361318,0.966868,0.963170
1954,1.954000,91.362602,95.458206,90.000000,1.362602,0.979471,0.963112
1955,1.955000,91.363853,95.456619,90.000000,1.363859,0.990985,0.963055
1956,1.956000,91.365089,95.455101,90.000000,1.365095,1.001420,0.963000
1957,1.957000,91.366302,95.453644,90.000000,1.366304,1.010795,0.962947
1958,1.958000,91.367493,95.452263,90.000000,1.367493,1.019095,0.962895
1959,1.959000,91.368645,95.450943,90.000000,1.368647,1.026312,0.962846
1960,1.960000,91.369774,95.449699,90.000000,1.369774,1.032488,0.962797
1961,1.961000,91.370872,95.448532,90.000000,1.370874,1.037553,0.962751
1962,1.962000,91.371941,95.447426,90.000000,1.371946,1.041580,0.962707
1963,1.963000,91.372978,95.446404,90.000000,1.372984,1.044557,0.962664
1964,1.964000,91.373985,95.445450,90.000000,1.373988,1.046842,0.962623
1965,1.965000,91.374962,95.444557,90.000000,1.374965,1.048301,0.962584
1966,1.966000,91.375900,95.443748,90.000000,1.375901,1.048718,0.962547
1967,1.967000,91.376808,95.443008,90.000000,1.376809,1.048076,0.962512
1968,1.968000,91.377678,95.442345,90.000000,1.377683,1.046414,0.962479
1969,1.969000,91.378517,95.441750,90.000000,1.378523,1.043723,0.962448
1970,1.970000,91.379318,95.441231,90.000000,1.379323,1.040008,0.962419
1971,1.971000,91.380089,95.440788,90.000000,1.380094,1.035290,0.962392
1972,1.972000,91.380821,95.440422,90.000000,1.380825,1.029465,0.962367
1973,1.973000,91.381516,95.440117,90.000000,1.381515,1.022578,0.962344
1974,1.974000,91.382172,95.439896,90.000000,1.382177,1.014720,0.962324
1975,1.975000,91.382790,95.439735,90.000000,1.382792,1.005935,0.962305
1976,1.976000,91.383377,95.439659,90.000000,1.383380,0.996200,0.962288
1977,1.977000,91.383926,95.439644,90.000000,1.383926,0.985543,0.962273
1978,1.978000,91.384430,95.439705,90.000000,1.384431,0.973979,0.962260
1979,1.979000,91.384895,95.439835,90.000000,1.384896,0.961555,0.962250
1980,1.980000,91.385323,95.440033,90.000000,1.385326,0.948264,0.962241
1981,1.981000,91.385719,95.440300,90.000000,1.385722,0.934376,0.962235
1982,1.982000,91.386070,95.440636,90.000000,1.386071,0.919932,0.962230
1983,1.983000,91.386383,95.441032,90.000000,1.386385,0.904022,0.962227
1984,1.984000,91.386665,95.441505,90.000000,1.386665,0.887224,0.962227
1985,1.985000,91.386902,95.442039,90.000000,1.386904,0.869624,0.962228
1986,1.986000,91.387100,95.442642,90.000000,1.387102,0.851302,0.962231
1987,1.987000,91.387260,95.443298,90.000000,1.387266,0.832283,0.962237
1988,1.988000,91.387390,95.444023,90.000000,1.387389,0.812622,0.962244
1989,1.989000,91.387466,95.444809,90.000000,1.387471,0.792335,0.962253
1990,1.990000,91.387520,95.445648,90.000000,1.387519,0.771466,0.962264
1991,1.991000,91.387527,95.446548,90.000000,1.387532,0.749791,0.962276
1992,1.992000,91.387505,95.447502,90.000000,1.387505,0.727481,0.962291
1993,1.993000,91.387444,95.448517,90.000000,1.387444,0.704658,0.962307
1994,1.994000,91.387344,95.449577,90.000000,1.387348,0.681358,0.962325
1995,1.995000,91.387207,95.450699,90.000000,1.387211,0.657549,0.962345
1996,1.996000,91.387047,95.451866,90.000000,1.387047,0.633213,0.962366
1997,1.997000,91.386841,95.453087,90.000000,1.386842,0.608396,0.962389
1998,1.998000,91.386604,95.454346,90.000000,1.386603,0.583025,0.962414
1999,1.999000,91.386330,95.455658,90.000000,1.386330,0.557335,0.962440
2000,2.000000,91.386024,95.457008,90.000000,1.386030,0.531360,0.962467
2001,2.001000,91.385689,95.458412,90.000000,1.385688,0.505147,0.962496
2002,2.002000,91.385315,95.459846,90.000000,1.385319,0.478700,0.962527
2003,2.003000,91.384918,95.461319,90.000000,1.384923,0.452054,0.962559
2004,2.004000,91.384491,95.462837,90.000000,1.384493,0.425239,0.962592
2005,2.005000,91.384026,95.464378,90.000000,1.384028,0.398263,0.962626
2006,2.006000,91.383537,95.465965,90.000000,1.383543,0.371165,0.962662
2007,2.007000,91.383018,95.467575,90.000000,1.383024,0.343986,0.962699
2008,2.008000,91.382477,95.469215,90.000000,1.382478,0.316751,0.962737
2009,2.009000,91.381905,95.470886,90.000000,1.381904,0.289445,0.962776
2010,2.010000,91.381310,95.472580,90.000000,1.381310,0.262104,0.962816
2011,2.011000,91.380676,95.474297,90.000000,1.380682,0.234783,0.962857
2012,2.012000,91.380028,95.476044,90.000000,1.380033,0.207289,0.962899
2013,2.013000,91.379364,95.477798,90.000000,1.379363,0.179617,0.962942
2014,2.014000,91.378670,95.479568,90.000000,1.378674,0.152056,0.962985
2015,2.015000,91.377953,95.481369,90.000000,1.377956,0.124627,0.963030
2016,2.016000,91.377220,95.483177,90.000000,1.377219,0.097540,0.963075
2017,2.017000,91.376465,95.484993,90.000000,1.376467,0.070316,0.963121
2018,2.018000,91.375687,95.486824,90.000000,1.375689,0.043192,0.963167
2019,2.019000,91.374893,95.488663,90.000000,1.374897,0.016266,0.963214
2020,2.020000,91.374084,95.490509,90.000000,1.374091,-0.010403,0.963261
2021,2.021000,91.373260,95.492355,90.000000,1.373264,-0.036800,0.963309
2022,2.022000,91.372421,95.494209,90.000000,1.372424,-0.062927,0.963358
2023,2.023000,91.371567,95.496063,90.000000,1.371570,-0.088778,0.963406
2024,2.024000,91.370697,95.497917,90.000000,1.370703,-0.114235,0.963455
2025,2.025000,91.369820,95.499763,90.000000,1.369822,-0.139348,0.963505
2026,2.026000,91.368935,95.501602,90.000000,1.368934,-0.164073,0.963554
2027,2.027000,91.368027,95.503441,90.000000,1.368032,-0.188407,0.963603
2028,2.028000,91.367119,95.505272,90.000000,1.367124,-0.212334,0.963653
2029,2.029000,91.366196,95.507095,90.000000,1.366202,-0.235869,0.963703
2030,2.030000,91.365280,95.508904,90.000000,1.365280,-0.259223,0.963752
2031,2.031000,91.364349,95.510696,90.000000,1.364351,-0.282070,0.963802
2032,2.032000,91.363411,95.512474,90.000000,1.363415,-0.304454,0.963851
2033,2.033000,91.362473,95.514236,90.000000,1.362472,-0.326274,0.963900
2034,2.034000,91.361526,95.515976,90.000000,1.361530,-0.347571,0.963949
2035,2.035000,91.360588,95.517708,90.000000,1.360587,-0.368310,0.963998
2036,2.036000,91.359634,95.519402,90.000000,1.359638,-0.388441,0.964047
2037,2.037000,91.358696,95.521088,90.000000,1.358695,-0.408003,0.964095
2038,2.038000,91.357742,95.522736,90.000000,1.357746,-0.426944,0.964142
2039,2.039000,91.356804,95.524361,90.000000,1.356803,-0.445231,0.964190
2040,2.040000,91.355858,95.525970,90.000000,1.355861,-0.462924,0.964236
2041,2.041000,91.354919,95.527542,90.000000,1.354925,-0.479972,0.964283
2042,2.042000,91.353989,95.529076,90.000000,1.353989,-0.496353,0.964328
2043,2.043000,91.353058,95.530594,90.000000,1.353060,-0.512061,0.964373
2044,2.044000,91.352135,95.532066,90.000000,1.352138,-0.526881,0.964418
2045,2.045000,91.351219,95.533508,90.000000,1.351223,-0.540981,0.964461
2046,2.046000,91.350311,95.534920,90.000000,1.350315,-0.554402,0.964504
2047,2.047000,91.349419,95.536293,90.000000,1.349420,-0.567122,0.964547
2048,2.048000,91.348526,95.537628,90.000000,1.348532,-0.579123,0.964588
2049,2.049000,91.347649,95.538925,90.000000,1.347651,-0.590428,0.964629
2050,2.050000,91.346779,95.540184,90.000000,1.346783,-0.601055,0.964668
2051,2.051000,91.345924,95.541405,90.000000,1.345930,-0.611008,0.964707
2052,2.052000,91.345085,95.542580,90.000000,1.345090,-0.620262,0.964745
2053,2.053000,91.344261,95.543716,90.000000,1.344263,-0.628801,0.964782
2054,2.054000,91.343445,95.544815,90.000000,1.343444,-0.636639,0.964818
2055,2.055000,91.342644,95.545860,90.000000,1.342644,-0.643766,0.964853
2056,2.056000,91.341866,95.546867,90.000000,1.341866,-0.650177,0.964887
2057,2.057000,91.341095,95.547829,90.000000,1.341094,-0.655879,0.964920
2058,2.058000,91.340340,95.548744,90.000000,1.340343,-0.660892,0.964952
2059,2.059000,91.339607,95.549622,90.000000,1.339612,-0.665179,0.964982
2060,2.060000,91.338890,95.550446,90.000000,1.338895,-0.668770,0.965012
2061,2.061000,91.338196,95.551231,90.000000,1.338198,-0.671686,0.965040
2062,2.062000,91.337517,95.551964,90.000000,1.337522,-0.674102,0.965068
2063,2.063000,91.336861,95.552650,90.000000,1.336866,-0.675823,0.965094
2064,2.064000,91.336227,95.553299,90.000000,1.336231,-0.676859,0.965119
2065,2.065000,91.335609,95.553894,90.000000,1.335609,-0.677225,0.965143
2066,2.066000,91.335014,95.554436,90.000000,1.335015,-0.676885,0.965165
2067,2.067000,91.334442,95.554939,90.000000,1.334441,-0.675880,0.965186
2068,2.068000,91.333885,95.555389,90.000000,1.333888,-0.674224,0.965206
2069,2.069000,91.333351,95.555786,90.000000,1.333355,-0.671883,0.965225
2070,2.070000,91.332848,95.556152,90.000000,1.332850,-0.668894,0.965243
2071,2.071000,91.332359,95.556458,90.000000,1.332365,-0.665242,0.965259
2072,2.072000,91.331902,95.556717,90.000000,1.331900,-0.660968,0.965274
2073,2.073000,91.331459,95.556938,90.000000,1.331463,-0.656106,0.965288
2074,2.074000,91.331055,95.557106,90.000000,1.331053,-0.650866,0.965301
2075,2.075000,91.330658,95.557220,90.000000,1.330657,-0.645245,0.965312
2076,2.076000,91.330292,95.557304,90.000000,1.330295,-0.639022,0.965322
2077,2.077000,91.329948,95.557335,90.000000,1.329954,-0.632214,0.965331
2078,2.078000,91.329628,95.557320,90.000000,1.329633,-0.624800,0.965338
2079,2.079000,91.329338,95.557259,90.000000,1.329339,-0.616822,0.965344
2080,2.080000,91.329071,95.557152,90.000000,1.329073,-0.608267,0.965349
2081,2.081000,91.328827,95.557007,90.000000,1.328827,-0.599174,0.965353
2082,2.082000,91.328606,95.556808,90.000000,1.328608,-0.589537,0.965355
2083,2.083000,91.328407,95.556572,90.000000,1.328410,-0.579348,0.965357
2084,2.084000,91.328239,95.556297,90.000000,1.328239,-0.568661,0.965357
2085,2.085000,91.328094,95.555977,90.000000,1.328096,-0.557453,0.965356
2086,2.086000,91.327972,95.555611,90.000000,1.327973,-0.545783,0.965353
2087,2.087000,91.327873,95.555214,90.000000,1.327878,-0.533617,0.965350
2088,2.088000,91.327797,95.554771,90.000000,1.327802,-0.520991,0.965345
2089,2.089000,91.327751,95.554291,90.000000,1.327754,-0.507932,0.965339
2090,2.090000,91.327728,95.553772,90.000000,1.327734,-0.494387,0.965332
2091,2.091000,91.327728,95.553223,90.000000,1.327734,-0.480156,0.965324
2092,2.092000,91.327751,95.552628,90.000000,1.327754,-0.465582,0.965314
2093,2.093000,91.327797,95.552002,90.000000,1.327802,-0.450663,0.965304
2094,2.094000,91.327866,95.551338,90.000000,1.327871,-0.435426,0.965292
2095,2.095000,91.327965,95.550644,90.000000,1.327966,-0.419954,0.965280
2096,2.096000,91.328079,95.549911,90.000000,1.328082,-0.404522,0.965266
2097,2.097000,91.328217,95.549156,90.000000,1.328219,-0.388836,0.965252
2098,2.098000,91.328377,95.548370,90.000000,1.328376,-0.372913,0.965236
2099,2.099000,91.328560,95.547554,90.000000,1.328560,-0.356787,0.965219
2100,2.100000,91.328766,95.546707,90.000000,1.328765,-0.340445,0.965202
2101,2.101000,91.328987,95.545830,90.000000,1.328991,-0.323932,0.965183
2102,2.102000,91.329224,95.544930,90.000000,1.329230,-0.307253,0.965164
2103,2.103000,91.329491,95.544006,90.000000,1.329496,-0.290436,0.965144
2104,2.104000,91.329781,95.543060,90.000000,1.329783,-0.273444,0.965123
2105,2.105000,91.330078,95.542091,90.000000,1.330084,-0.256349,0.965101
2106,2.106000,91.330399,95.541100,90.000000,1.330405,-0.239154,0.965079
2107,2.107000,91.330742,95.540085,90.000000,1.330746,-0.221842,0.965055
2108,2.108000,91.331108,95.539062,90.000000,1.331108,-0.204464,0.965031
2109,2.109000,91.331482,95.538010,90.000000,1.331484,-0.187048,0.965006
2110,2.110000,91.331871,95.536942,90.000000,1.331873,-0.169589,0.964981
2111,2.111000,91.332283,95.535866,90.000000,1.332283,-0.152116,0.964955
2112,2.112000,91.332703,95.534775,90.000000,1.332706,-0.134654,0.964928
2113,2.113000,91.333145,95.533669,90.000000,1.333150,-0.117209,0.964901
2114,2.114000,91.333595,95.532547,90.000000,1.333601,-0.099844,0.964873
2115,2.115000,91.334068,95.531418,90.000000,1.334072,-0.082764,0.964844
2116,2.116000,91.334549,95.530289,90.000000,1.334551,-0.065806,0.964815
2117,2.117000,91.335045,95.529137,90.000000,1.335049,-0.048922,0.964786
2118,2.118000,91.335548,95.527985,90.000000,1.335555,-0.032116,0.964756
2119,2.119000,91.336075,95.526833,90.000000,1.336074,-0.015483,0.964726
2120,2.120000,91.336594,95.525665,90.000000,1.336600,0.001016,0.964696
2121,2.121000,91.337135,95.524498,90.000000,1.337139,0.017283,0.964665
2122,2.122000,91.337692,95.523331,90.000000,1.337692,0.033245,0.964634
2123,2.123000,91.338249,95.522163,90.000000,1.338253,0.049046,0.964603
2124,2.124000,91.338814,95.520996,90.000000,1.338820,0.064712,0.964571
2125,2.125000,91.339394,95.519836,90.000000,1.339393,0.080180,0.964539
2126,2.126000,91.339973,95.518669,90.000000,1.339974,0.095485,0.964507
2127,2.127000,91.340569,95.517509,90.000000,1.340568,0.110612,0.964475
2128,2.128000,91.341156,95.516357,90.000000,1.341162,0.125524,0.964443
2129,2.129000,91.341759,95.515213,90.000000,1.341763,0.140209,0.964411
2130,2.130000,91.342361,95.514061,90.000000,1.342364,0.154670,0.964378
2131,2.131000,91.342979,95.512939,90.000000,1.342979,0.168894,0.964346
2132,2.132000,91.343590,95.511810,90.000000,1.343594,0.182819,0.964314
2133,2.133000,91.344208,95.510696,90.000000,1.344208,0.196529,0.964282
2134,2.134000,91.344818,95.509590,90.000000,1.344823,0.209895,0.964250
2135,2.135000,91.345444,95.508507,90.000000,1.345445,0.222996,0.964218
2136,2.136000,91.346062,95.507423,90.000000,1.346066,0.235767,0.964186
2137,2.137000,91.346687,95.506363,90.000000,1.346688,0.248218,0.964154
2138,2.138000,91.347305,95.505318,90.000000,1.347309,0.260352,0.964123
2139,2.139000,91.347931,95.504272,90.000000,1.347931,0.272099,0.964092
2140,2.140000,91.348541,95.503265,90.000000,1.348546,0.283534,0.964061
2141,2.141000,91.349167,95.502258,90.000000,1.349167,0.294559,0.964030
2142,2.142000,91.349770,95.501282,90.000000,1.349775,0.305251,0.964000
2143,2.143000,91.350388,95.500320,90.000000,1.350390,0.315542,0.963970
2144,2.144000,91.350998,95.499382,90.000000,1.350998,0.325452,0.963941
2145,2.145000,91.351593,95.498466,90.000000,1.351599,0.334960,0.963911
2146,2.146000,91.352196,95.497559,90.000000,1.352200,0.344033,0.963883
2147,2.147000,91.352783,95.496689,90.000000,1.352787,0.352725,0.963854
2148,2.148000,91.353371,95.495834,90.000000,1.353375,0.360994,0.963827
2149,2.149000,91.353951,95.495003,90.000000,1.353955,0.368858,0.963799
2150,2.150000,91.354523,95.494194,90.000000,1.354529,0.376275,0.963773
2151,2.151000,91.355095,95.493416,90.000000,1.355096,0.383261,0.963747
2152,2.152000,91.355644,95.492668,90.000000,1.355649,0.389825,0.963721
2153,2.153000,91.356201,95.491936,90.000000,1.356202,0.395936,0.963696
2154,2.154000,91.356743,95.491234,90.000000,1.356742,0.401644,0.963672
2155,2.155000,91.357262,95.490555,90.000000,1.357268,0.406888,0.963648
2156,2.156000,91.357788,95.489906,90.000000,1.357787,0.411698,0.963625
2157,2.157000,91.358299,95.489281,90.000000,1.358299,0.416050,0.963602
2158,2.158000,91.358795,95.488693,90.000000,1.358798,0.419956,0.963581
2159,2.159000,91.359283,95.488129,90.000000,1.359290,0.423395,0.963559
2160,2.160000,91.359764,95.487587,90.000000,1.359768,0.426401,0.963539
2161,2.161000,91.360229,95.487083,90.000000,1.360232,0.428947,0.963520
2162,2.162000,91.360680,95.486603,90.000000,1.360683,0.431035,0.963501
2163,2.163000,91.361122,95.486160,90.000000,1.361127,0.432692,0.963482
2164,2.164000,91.361549,95.485748,90.000000,1.361550,0.433806,0.963465
2165,2.165000,91.361961,95.485359,90.000000,1.361967,0.434466,0.963449
2166,2.166000,91.362366,95.485001,90.000000,1.362370,0.434627,0.963433
2167,2.167000,91.362747,95.484673,90.000000,1.362752,0.434390,0.963418
2168,2.168000,91.363129,95.484383,90.000000,1.363128,0.433698,0.963404
2169,2.169000,91.363487,95.484116,90.000000,1.363490,0.432606,0.963390
2170,2.170000,91.363831,95.483871,90.000000,1.363832,0.431107,0.963378
2171,2.171000,91.364166,95.483665,90.000000,1.364166,0.429164,0.963366
2172,2.172000,91.364479,95.483498,90.000000,1.364480,0.426843,0.963355
2173,2.173000,91.364777,95.483345,90.000000,1.364781,0.424114,0.963345
2174,2.174000,91.365059,95.483238,90.000000,1.365061,0.420999,0.963336
2175,2.175000,91.365334,95.483147,90.000000,1.365334,0.417463,0.963327
2176,2.176000,91.365585,95.483093,90.000000,1.365587,0.413587,0.963320
2177,2.177000,91.365822,95.483078,90.000000,1.365826,0.409391,0.963313
2178,2.178000,91.366051,95.483078,90.000000,1.366051,0.405010,0.963307
2179,2.179000,91.366257,95.483109,90.000000,1.366256,0.400281,0.963302
2180,2.180000,91.366447,95.483170,90.000000,1.366448,0.395181,0.963298
2181,2.181000,91.366623,95.483269,90.000000,1.366625,0.389697,0.963294
2182,2.182000,91.366783,95.483383,90.000000,1.366782,0.383885,0.963292
2183,2.183000,91.366920,95.483536,90.000000,1.366926,0.377725,0.963290
2184,2.184000,91.367050,95.483704,90.000000,1.367055,0.371252,0.963289
2185,2.185000,91.367165,95.483910,90.000000,1.367165,0.364439,0.963289
2186,2.186000,91.367256,95.484131,90.000000,1.367260,0.357336,0.963290
2187,2.187000,91.367340,95.484390,90.000000,1.367342,0.349928,0.963291
2188,2.188000,91.367409,95.484673,90.000000,1.367411,0.342199,0.963293
2189,2.189000,91.367455,95.484978,90.000000,1.367458,0.334199,0.963296
2190,2.190000,91.367493,95.485306,90.000000,1.367493,0.325780,0.963300
2191,2.191000,91.367500,95.485664,90.000000,1.367506,0.317131,0.963305
2192,2.192000,91.367508,95.486038,90.000000,1.367513,0.308217,0.963310
2193,2.193000,91.367500,95.486443,90.000000,1.367499,0.299057,0.963316
2194,2.194000,91.367470,95.486870,90.000000,1.367472,0.289697,0.963323
2195,2.195000,91.367432,95.487320,90.000000,1.367431,0.280097,0.963330
2196,2.196000,91.367371,95.487785,90.000000,1.367370,0.270288,0.963338
2197,2.197000,91.367302,95.488274,90.000000,1.367301,0.260248,0.963347
2198,2.198000,91.367210,95.488785,90.000000,1.367213,0.250045,0.963356
2199,2.199000,91.367111,95.489311,90.000000,1.367110,0.239719,0.963367
2200,2.200000,91.366997,95.489861,90.000000,1.367001,0.229225,0.963377
2201,2.201000,91.366867,95.490425,90.000000,1.366871,0.218590,0.963389
2202,2.202000,91.366722,95.491005,90.000000,1.366728,0.207803,0.963401
2203,2.203000,91.366577,95.491608,90.000000,1.366577,0.196853,0.963413
2204,2.204000,91.366402,95.492218,90.000000,1.366407,0.185786,0.963426
2205,2.205000,91.366226,95.492851,90.000000,1.366229,0.174649,0.963440
2206,2.206000,91.366035,95.493500,90.000000,1.366038,0.163450,0.963454
2207,2.207000,91.365829,95.494156,90.000000,1.365833,0.152153,0.963469
2208,2.208000,91.365608,95.494827,90.000000,1.365614,0.140810,0.963484
2209,2.209000,91.365387,95.495514,90.000000,1.365389,0.129287,0.963499
2210,2.210000,91.365150,95.496201,90.000000,1.365150,0.117752,0.963515
2211,2.211000,91.364899,95.496902,90.000000,1.364904,0.106205,0.963532
2212,2.212000,91.364639,95.497620,90.000000,1.364644,0.094671,0.963549
2213,2.213000,91.364372,95.498344,90.000000,1.364378,0.083137,0.963566
2214,2.214000,91.364098,95.499077,90.000000,1.364098,0.071645,0.963583
2215,2.215000,91.363808,95.499817,90.000000,1.363811,0.060195,0.963601
2216,2.216000,91.363510,95.500565,90.000000,1.363511,0.048793,0.963620
2217,2.217000,91.363205,95.501320,90.000000,1.363210,0.037448,0.963638
2218,2.218000,91.362892,95.502068,90.000000,1.362896,0.026102,0.963657
2219,2.219000,91.362572,95.502838,90.000000,1.362575,0.014780,0.963676
2220,2.220000,91.362244,95.503593,90.000000,1.362247,0.003559,0.963695
2221,2.221000,91.361908,95.504364,90.000000,1.361912,-0.007552,0.963715
2222,2.222000,91.361565,95.505127,90.000000,1.361571,-0.018548,0.963734
2223,2.223000,91.361221,95.505898,90.000000,1.361223,-0.029393,0.963754
2224,2.224000,91.360863,95.506668,90.000000,1.360867,-0.040101,0.963774
2225,2.225000,91.360512,95.507431,90.000000,1.360512,-0.050667,0.963794
2226,2.226000,91.360146,95.508202,90.000000,1.360150,-0.061093,0.963815
2227,2.227000,91.359779,95.508965,90.000000,1.359781,-0.071312,0.963835
2228,2.228000,91.359406,95.509727,90.000000,1.359406,-0.081370,0.963855
2229,2.229000,91.359024,95.510483,90.000000,1.359030,-0.091250,0.963876
2230,2.230000,91.358650,95.511238,90.000000,1.358654,-0.100921,0.963896
2231,2.231000,91.358269,95.511986,90.000000,1.358272,-0.110412,0.963916
2232,2.232000,91.357887,95.512733,90.000000,1.357889,-0.119677,0.963937
2233,2.233000,91.357498,95.513466,90.000000,1.357500,-0.128737,0.963957
2234,2.234000,91.357109,95.514191,90.000000,1.357111,-0.137575,0.963977
2235,2.235000,91.356728,95.514915,90.000000,1.356728,-0.146216,0.963997
2236,2.236000,91.356339,95.515625,90.000000,1.356339,-0.154601,0.964018
2237,2.237000,91.355942,95.516335,90.000000,1.355943,-0.162759,0.964037
2238,2.238000,91.355553,95.517021,90.000000,1.355553,-0.170673,0.964057
2239,2.239000,91.355164,95.517708,90.000000,1.355164,-0.178336,0.964077
2240,2.240000,91.354774,95.518379,90.000000,1.354775,-0.185751,0.964096
2241,2.241000,91.354393,95.519043,90.000000,1.354392,-0.192922,0.964116
2242,2.242000,91.354004,95.519684,90.000000,1.354003,-0.199827,0.964135
2243,2.243000,91.353615,95.520325,90.000000,1.353621,-0.206440,0.964153
2244,2.244000,91.353233,95.520950,90.000000,1.353238,-0.212830,0.964172
2245,2.245000,91.352852,95.521553,90.000000,1.352855,-0.218928,0.964190
2246,2.246000,91.352478,95.522148,90.000000,1.352480,-0.224768,0.964208
2247,2.247000,91.352112,95.522728,90.000000,1.352111,-0.230311,0.964226
2248,2.248000,91.351738,95.523300,90.000000,1.351742,-0.235575,0.964243
2249,2.249000,91.351372,95.523842,90.000000,1.351373,-0.240550,0.964260
2250,2.250000,91.351013,95.524384,90.000000,1.351018,-0.245224,0.964277
2251,2.251000,91.350655,95.524902,90.000000,1.350656,-0.249640,0.964293
2252,2.252000,91.350304,95.525398,90.000000,1.350308,-0.253762,0.964309
2253,2.253000,91.349960,95.525887,90.000000,1.349959,-0.257577,0.964325
2254,2.254000,91.349625,95.526352,90.000000,1.349625,-0.261116,0.964340
2255,2.255000,91.349289,95.526802,90.000000,1.349290,-0.264332,0.964355
2256,2.256000,91.348961,95.527229,90.000000,1.348962,-0.267297,0.964369
2257,2.257000,91.348640,95.527649,90.000000,1.348641,-0.269950,0.964383
2258,2.258000,91.348328,95.528046,90.000000,1.348327,-0.272323,0.964397
2259,2.259000,91.348015,95.528419,90.000000,1.348020,-0.274391,0.964410
2260,2.260000,91.347717,95.528786,90.000000,1.347719,-0.276150,0.964422
2261,2.261000,91.347420,95.529114,90.000000,1.347425,-0.277721,0.964434
2262,2.262000,91.347145,95.529442,90.000000,1.347145,-0.279004,0.964446
2263,2.263000,91.346863,95.529739,90.000000,1.346865,-0.280003,0.964457
2264,2.264000,91.346596,95.530022,90.000000,1.346599,-0.280709,0.964468
2265,2.265000,91.346336,95.530289,90.000000,1.346339,-0.281127,0.964478
2266,2.266000,91.346085,95.530525,90.000000,1.346087,-0.281355,0.964488
2267,2.267000,91.345840,95.530746,90.000000,1.345841,-0.281329,0.964497
2268,2.268000,91.345604,95.530945,90.000000,1.345609,-0.281030,0.964506
2269,2.269000,91.345383,95.531136,90.000000,1.345383,-0.280415,0.964514
2270,2.270000,91.345169,95.531296,90.000000,1.345172,-0.279546,0.964522
2271,2.271000,91.344955,95.531441,90.000000,1.344960,-0.278417,0.964529
2272,2.272000,91.344765,95.531570,90.000000,1.344769,-0.276987,0.964535
2273,2.273000,91.344574,95.531670,90.000000,1.344577,-0.275319,0.964541
2274,2.274000,91.344398,95.531754,90.000000,1.344400,-0.273341,0.964547
2275,2.275000,91.344231,95.531822,90.000000,1.344236,-0.271098,0.964552
2276,2.276000,91.344078,95.531868,90.000000,1.344079,-0.268590,0.964557
2277,2.277000,91.343925,95.531898,90.000000,1.343928,-0.265869,0.964561
2278,2.278000,91.343788,95.531906,90.000000,1.343792,-0.262888,0.964564
2279,2.279000,91.343658,95.531898,90.000000,1.343662,-0.259669,0.964567
2280,2.280000,91.343544,95.531860,90.000000,1.343546,-0.256180,0.964569
2281,2.281000,91.343437,95.531815,90.000000,1.343437,-0.252494,0.964571
2282,2.282000,91.343338,95.531746,90.000000,1.343341,-0.248578,0.964572
2283,2.283000,91.343246,95.531662,90.000000,1.343252,-0.244442,0.964573
2284,2.284000,91.343178,95.531563,90.000000,1.343177,-0.240079,0.964574
2285,2.285000,91.343109,95.531448,90.000000,1.343109,-0.235517,0.964573
2286,2.286000,91.343048,95.531303,90.000000,1.343054,-0.230751,0.964573
2287,2.287000,91.343002,95.531151,90.000000,1.343006,-0.225786,0.964572
2288,2.288000,91.342972,95.530983,90.000000,1.342972,-0.220658,0.964570
2289,2.289000,91.342941,95.530792,90.000000,1.342945,-0.215333,0.964568
2290,2.290000,91.342926,95.530586,90.000000,1.342931,-0.209837,0.964565
2291,2.291000,91.342918,95.530365,90.000000,1.342924,-0.204192,0.964562
2292,2.292000,91.342926,95.530136,90.000000,1.342931,-0.198406,0.964558
2293,2.293000,91.342941,95.529884,90.000000,1.342945,-0.192444,0.964554
2294,2.294000,91.342964,95.529625,90.000000,1.342965,-0.186368,0.964550
2295,2.295000,91.342995,95.529343,90.000000,1.343000,-0.180163,0.964545
2296,2.296000,91.343040,95.529053,90.000000,1.343040,-0.173824,0.964539
2297,2.297000,91.343094,95.528740,90.000000,1.343095,-0.167388,0.964533
2298,2.298000,91.343155,95.528427,90.000000,1.343157,-0.160862,0.964527
2299,2.299000,91.343224,95.528091,90.000000,1.343225,-0.154231,0.964520
2300,2.300000,91.343300,95.527748,90.000000,1.343300,-0.147403,0.964513
2301,2.301000,91.343384,95.527397,90.000000,1.343389,-0.140437,0.964506
2302,2.302000,91.343483,95.527031,90.000000,1.343485,-0.133385,0.964498
2303,2.303000,91.343582,95.526649,90.000000,1.343587,-0.126268,0.964490
2304,2.304000,91.343704,95.526268,90.000000,1.343703,-0.119122,0.964481
2305,2.305000,91.343826,95.525871,90.000000,1.343826,-0.111918,0.964472
2306,2.306000,91.343956,95.525467,90.000000,1.343956,-0.104668,0.964463
2307,2.307000,91.344086,95.525047,90.000000,1.344086,-0.097380,0.964454
2308,2.308000,91.344231,95.524620,90.000000,1.344236,-0.090086,0.964444
2309,2.309000,91.344383,95.524193,90.000000,1.344386,-0.082770,0.964433
2310,2.310000,91.344543,95.523758,90.000000,1.344543,-0.075418,0.964423
2311,2.311000,91.344704,95.523315,90.000000,1.344707,-0.068084,0.964412
2312,2.312000,91.344879,95.522858,90.000000,1.344878,-0.060751,0.964401
2313,2.313000,91.345055,95.522400,90.000000,1.345055,-0.053427,0.964390
2314,2.314000,91.345238,95.521942,90.000000,1.345240,-0.046193,0.964379
2315,2.315000,91.345428,95.521477,90.000000,1.345431,-0.039002,0.964367
2316,2.316000,91.345627,95.521004,90.000000,1.345629,-0.031833,0.964355
2317,2.317000,91.345825,95.520531,90.000000,1.345827,-0.024708,0.964343
2318,2.318000,91.346039,95.520050,90.000000,1.346039,-0.017660,0.964331
2319,2.319000,91.346245,95.519577,90.000000,1.346251,-0.010616,0.964318
2320,2.320000,91.346458,95.519089,90.000000,1.346462,-0.003631,0.964306
2321,2.321000,91.346687,95.518608,90.000000,1.346688,0.003303,0.964293
2322,2.322000,91.346901,95.518120,90.000000,1.346906,0.010158,0.964280
2323,2.323000,91.347137,95.517639,90.000000,1.347139,0.016936,0.964267
2324,2.324000,91.347366,95.517151,90.000000,1.347371,0.023638,0.964254
2325,2.325000,91.347610,95.516663,90.000000,1.347610,0.030271,0.964241
2326,2.326000,91.347847,95.516182,90.000000,1.347849,0.036824,0.964228
2327,2.327000,91.348083,95.515701,90.000000,1.348088,0.043286,0.964214
2328,2.328000,91.348335,95.515221,90.000000,1.348334,0.049641,0.964201
2329,2.329000,91.348579,95.514740,90.000000,1.348580,0.055912,0.964188
2330,2.330000,91.348831,95.514259,90.000000,1.348832,0.062067,0.964174
2331,2.331000,91.349075,95.513794,90.000000,1.349078,0.068028,0.964161
2332,2.332000,91.349327,95.513321,90.000000,1.349331,0.073884,0.964148
2333,2.333000,91.349586,95.512856,90.000000,1.349591,0.079604,0.964134
2334,2.334000,91.349838,95.512390,90.000000,1.349843,0.085205,0.964121
2335,2.335000,91.350090,95.511940,90.000000,1.350096,0.090676,0.964108
2336,2.336000,91.350349,95.511490,90.000000,1.350356,0.095999,0.964095
2337,2.337000,91.350609,95.511040,90.000000,1.350608,0.101189,0.964081
2338,2.338000,91.350868,95.510597,90.000000,1.350868,0.106245,0.964068
2339,2.339000,91.351128,95.510170,90.000000,1.351128,0.111162,0.964055
2340,2.340000,91.351379,95.509743,90.000000,1.351380,0.115898,0.964043
2341,2.341000,91.351631,95.509323,90.000000,1.351633,0.120509,0.964030
2342,2.342000,91.351891,95.508911,90.000000,1.351892,0.124967,0.964017
2343,2.343000,91.352142,95.508514,90.000000,1.352145,0.129271,0.964005
2344,2.344000,91.352394,95.508118,90.000000,1.352398,0.133417,0.963993
2345,2.345000,91.352638,95.507729,90.000000,1.352644,0.137396,0.963980
2346,2.346000,91.352890,95.507347,90.000000,1.352890,0.141219,0.963969
2347,2.347000,91.353134,95.506981,90.000000,1.353136,0.144862,0.963957
2348,2.348000,91.353378,95.506622,90.000000,1.353381,0.148345,0.963945
2349,2.349000,91.353615,95.506271,90.000000,1.353621,0.151640,0.963934
2350,2.350000,91.353859,95.505928,90.000000,1.353860,0.154767,0.963923
2351,2.351000,91.354095,95.505600,90.000000,1.354099,0.157688,0.963912
2352,2.352000,91.354332,95.505280,90.000000,1.354331,0.160449,0.963901
2353,2.353000,91.354553,95.504974,90.000000,1.354556,0.163045,0.963891
2354,2.354000,91.354782,95.504677,90.000000,1.354782,0.165419,0.963881
2355,2.355000,91.354996,95.504395,90.000000,1.355000,0.167638,0.963871
2356,2.356000,91.355217,95.504112,90.000000,1.355219,0.169651,0.963861
2357,2.357000,91.355431,95.503853,90.000000,1.355430,0.171515,0.963852
2358,2.358000,91.355637,95.503601,90.000000,1.355642,0.173192,0.963843
2359,2.359000,91.355843,95.503357,90.000000,1.355847,0.174665,0.963834
2360,2.360000,91.356041,95.503128,90.000000,1.356045,0.175950,0.963825
2361,2.361000,91.356232,95.502907,90.000000,1.356236,0.177063,0.963817
2362,2.362000,91.356422,95.502708,90.000000,1.356428,0.177987,0.963809
2363,2.363000,91.356613,95.502510,90.000000,1.356612,0.178731,0.963802
2364,2.364000,91.356789,95.502335,90.000000,1.356790,0.179281,0.963794
2365,2.365000,91.356964,95.502174,90.000000,1.356967,0.179647,0.963787
2366,2.366000,91.357132,95.502014,90.000000,1.357131,0.179904,0.963781
2367,2.367000,91.357292,95.501869,90.000000,1.357295,0.180015,0.963774
2368,2.368000,91.357452,95.501740,90.000000,1.357452,0.179957,0.963768
2369,2.369000,91.357597,95.501625,90.000000,1.357602,0.179714,0.963763
2370,2.370000,91.357750,95.501526,90.000000,1.357753,0.179305,0.963757
2371,2.371000,91.357887,95.501427,90.000000,1.357889,0.178703,0.963752
2372,2.372000,91.358017,95.501350,90.000000,1.358019,0.177943,0.963748
2373,2.373000,91.358147,95.501282,90.000000,1.358149,0.177011,0.963744
2374,2.374000,91.358269,95.501228,90.000000,1.358272,0.175898,0.963740
2375,2.375000,91.358376,95.501190,90.000000,1.358381,0.174612,0.963736
2376,2.376000,91.358490,95.501152,90.000000,1.358490,0.173150,0.963733
2377,2.377000,91.358589,95.501144,90.000000,1.358593,0.171537,0.963730
2378,2.378000,91.358688,95.501137,90.000000,1.358688,0.169733,0.963727
2379,2.379000,91.358772,95.501144,90.000000,1.358777,0.167794,0.963725
2380,2.380000,91.358856,95.501160,90.000000,1.358859,0.165695,0.963723
2381,2.381000,91.358932,95.501198,90.000000,1.358934,0.163446,0.963722
2382,2.382000,91.359001,95.501236,90.000000,1.359003,0.161069,0.963720
2383,2.383000,91.359062,95.501289,90.000000,1.359064,0.158540,0.963720
2384,2.384000,91.359116,95.501358,90.000000,1.359119,0.155879,0.963719
2385,2.385000,91.359161,95.501434,90.000000,1.359167,0.153081,0.963719
2386,2.386000,91.359215,95.501526,90.000000,1.359214,0.150159,0.963719
2387,2.387000,91.359245,95.501625,90.000000,1.359249,0.147106,0.963719
2388,2.388000,91.359276,95.501732,90.000000,1.359276,0.143924,0.963720
2389,2.389000,91.359291,95.501862,90.000000,1.359296,0.140620,0.963721
2390,2.390000,91.359314,95.501991,90.000000,1.359317,0.137198,0.963723
2391,2.391000,91.359322,95.502129,90.000000,1.359324,0.133666,0.963725
2392,2.392000,91.359329,95.502281,90.000000,1.359331,0.130043,0.963727
2393,2.393000,91.359322,95.502449,90.000000,1.359324,0.126321,0.963729
2394,2.394000,91.359314,95.502617,90.000000,1.359317,0.122480,0.963732
2395,2.395000,91.359299,95.502800,90.000000,1.359303,0.118563,0.963735
2396,2.396000,91.359283,95.502983,90.000000,1.359283,0.114528,0.963738
2397,2.397000,91.359253,95.503189,90.000000,1.359255,0.110400,0.963741
2398,2.398000,91.359222,95.503395,90.000000,1.359221,0.106136,0.963745
2399,2.399000,91.359177,95.503609,90.000000,1.359180,0.101802,0.963749
2400,2.400000,91.359131,95.503830,90.000000,1.359132,0.097417,0.963754
2401,2.401000,91.359085,95.504066,90.000000,1.359085,0.092946,0.963758
2402,2.402000,91.359024,95.504303,90.000000,1.359030,0.088444,0.963763
2403,2.403000,91.358963,95.504547,90.000000,1.358968,0.083878,0.963768
2404,2.404000,91.358894,95.504799,90.000000,1.358900,0.079289,0.963773
2405,2.405000,91.358826,95.505058,90.000000,1.358825,0.074652,0.963779
2406,2.406000,91.358749,95.505318,90.000000,1.358750,0.069996,0.963785
2407,2.407000,91.358665,95.505592,90.000000,1.358668,0.065284,0.963791
2408,2.408000,91.358574,95.505867,90.000000,1.358579,0.060557,0.963797
2409,2.409000,91.358482,95.506149,90.000000,1.358484,0.055803,0.963803
2410,2.410000,91.358383,95.506432,90.000000,1.358388,0.051019,0.963810
2411,2.411000,91.358284,95.506729,90.000000,1.358286,0.046242,0.963816
2412,2.412000,91.358177,95.507019,90.000000,1.358183,0.041460,0.963823
2413,2.413000,91.358070,95.507324,90.000000,1.358074,0.036698,0.963830
2414,2.414000,91.357956,95.507622,90.000000,1.357958,0.031939,0.963838
2415,2.415000,91.357841,95.507927,90.000000,1.357841,0.027202,0.963845
2416,2.416000,91.357719,95.508240,90.000000,1.357719,0.022447,0.963852
2417,2.417000,91.357590,95.508545,90.000000,1.357596,0.017750,0.963860
2418,2.418000,91.357460,95.508858,90.000000,1.357466,0.013072,0.963868
2419,2.419000,91.357330,95.509171,90.000000,1.357336,0.008399,0.963876
2420,2.420000,91.357201,95.509491,90.000000,1.357200,0.003784,0.963884
2421,2.421000,91.357063,95.509811,90.000000,1.357063,-0.000884,0.963892
2422,2.422000,91.356918,95.510132,90.000000,1.356919,-0.005474,0.963900
2423,2.423000,91.356773,95.510445,90.000000,1.356776,-0.010004,0.963908
2424,2.424000,91.356628,95.510765,90.000000,1.356633,-0.014479,0.963916
2425,2.425000,91.356483,95.511086,90.000000,1.356482,-0.018909,0.963925
2426,2.426000,91.356331,95.511398,90.000000,1.356332,-0.023265,0.963933
2427,2.427000,91.356178,95.511719,90.000000,1.356182,-0.027577,0.963941
2428,2.428000,91.356026,95.512032,90.000000,1.356032,-0.031803,0.963950
2429,2.429000,91.355873,95.512352,90.000000,1.355874,-0.035951,0.963958
2430,2.430000,91.355713,95.512665,90.000000,1.355717,-0.040042,0.963967
2431,2.431000,91.355560,95.512978,90.000000,1.355560,-0.044041,0.963975
2432,2.432000,91.355392,95.513283,90.000000,1.355396,-0.047960,0.963983
2433,2.433000,91.355240,95.513596,90.000000,1.355239,-0.051788,0.963992
2434,2.434000,91.355080,95.513893,90.000000,1.355082,-0.055519,0.964000
2435,2.435000,91.354919,95.514191,90.000000,1.354918,-0.059153,0.964009
2436,2.436000,91.354752,95.514496,90.000000,1.354754,-0.062712,0.964017
2437,2.437000,91.354591,95.514786,90.000000,1.354597,-0.066161,0.964025
2438,2.438000,91.354431,95.515076,90.000000,1.354433,-0.069517,0.964034
2439,2.439000,91.354263,95.515358,90.000000,1.354269,-0.072785,0.964042
2440,2.440000,91.354111,95.515640,90.000000,1.354112,-0.075943,0.964050
2441,2.441000,91.353943,95.515923,90.000000,1.353948,-0.078976,0.964058
2442,2.442000,91.353790,95.516190,90.000000,1.353791,-0.081928,0.964066
2443,2.443000,91.353622,95.516457,90.000000,1.353627,-0.084754,0.964074
2444,2.444000,91.353470,95.516724,90.000000,1.353470,-0.087524,0.964081
2445,2.445000,91.353310,95.516975,90.000000,1.353313,-0.090175,0.964089
2446,2.446000,91.353157,95.517227,90.000000,1.353156,-0.092693,0.964096
2447,2.447000,91.352997,95.517464,90.000000,1.352999,-0.095080,0.964104
2448,2.448000,91.352844,95.517708,90.000000,1.352849,-0.097358,0.964111
2449,2.449000,91.352692,95.517937,90.000000,1.352692,-0.099519,0.964118
2450,2.450000,91.352539,95.518158,90.000000,1.352541,-0.101560,0.964125
2451,2.451000,91.352394,95.518379,90.000000,1.352398,-0.103473,0.964132
2452,2.452000,91.352242,95.518593,90.000000,1.352248,-0.105255,0.964139
2453,2.453000,91.352104,95.518791,90.000000,1.352104,-0.106922,0.964145
2454,2.454000,91.351959,95.518990,90.000000,1.351961,-0.108464,0.964152
2455,2.455000,91.351822,95.519180,90.000000,1.351824,-0.109886,0.964158
2456,2.456000,91.351685,95.519363,90.000000,1.351688,-0.111181,0.964164
2457,2.457000,91.351547,95.519531,90.000000,1.351551,-0.112370,0.964170
2458,2.458000,91.351418,95.519707,90.000000,1.351421,-0.113435,0.964176
2459,2.459000,91.351288,95.519859,90.000000,1.351291,-0.114372,0.964181
2460,2.460000,91.351166,95.520012,90.000000,1.351168,-0.115181,0.964186
2461,2.461000,91.351044,95.520157,90.000000,1.351045,-0.115870,0.964191
2462,2.462000,91.350922,95.520294,90.000000,1.350923,-0.116454,0.964196
2463,2.463000,91.350807,95.520424,90.000000,1.350806,-0.116904,0.964201
2464,2.464000,91.350693,95.520546,90.000000,1.350697,-0.117256,0.964206
2465,2.465000,91.350586,95.520653,90.000000,1.350588,-0.117470,0.964210
2466,2.466000,91.350487,95.520760,90.000000,1.350485,-0.117558,0.964214
2467,2.467000,91.350380,95.520851,90.000000,1.350383,-0.117507,0.964218
2468,2.468000,91.350281,95.520943,90.000000,1.350281,-0.117372,0.964222
2469,2.469000,91.350182,95.521019,90.000000,1.350185,-0.117096,0.964225
2470,2.470000,91.350090,95.521095,90.000000,1.350096,-0.116700,0.964229
2471,2.471000,91.350006,95.521156,90.000000,1.350007,-0.116191,0.964232
2472,2.472000,91.349922,95.521210,90.000000,1.349925,-0.115566,0.964234
2473,2.473000,91.349846,95.521248,90.000000,1.349850,-0.114854,0.964237
2474,2.474000,91.349770,95.521294,90.000000,1.349775,-0.114012,0.964239
2475,2.475000,91.349701,95.521317,90.000000,1.349700,-0.113081,0.964242
2476,2.476000,91.349632,95.521339,90.000000,1.349632,-0.112048,0.964244
2477,2.477000,91.349571,95.521355,90.000000,1.349570,-0.110921,0.964245
2478,2.478000,91.349510,95.521355,90.000000,1.349516,-0.109695,0.964247
2479,2.479000,91.349457,95.521355,90.000000,1.349461,-0.108359,0.964248
2480,2.480000,91.349403,95.521347,90.000000,1.349406,-0.106922,0.964249
2481,2.481000,91.349365,95.521332,90.000000,1.349365,-0.105404,0.964250
2482,2.482000,91.349312,95.521301,90.000000,1.349317,-0.103768,0.964251
2483,2.483000,91.349281,95.521271,90.000000,1.349283,-0.102068,0.964251
2484,2.484000,91.349243,95.521225,90.000000,1.349249,-0.100271,0.964251
2485,2.485000,91.349220,95.521179,90.000000,1.349222,-0.098396,0.964251
2486,2.486000,91.349190,95.521126,90.000000,1.349195,-0.096422,0.964251
2487,2.487000,91.349174,95.521065,90.000000,1.349174,-0.094373,0.964251
2488,2.488000,91.349159,95.520996,90.000000,1.349160,-0.092258,0.964250
2489,2.489000,91.349144,95.520920,90.000000,1.349147,-0.090046,0.964249
2490,2.490000,91.349136,95.520836,90.000000,1.349140,-0.087764,0.964248
2491,2.491000,91.349129,95.520752,90.000000,1.349133,-0.085424,0.964247
2492,2.492000,91.349129,95.520653,90.000000,1.349133,-0.083025,0.964245
2493,2.493000,91.349136,95.520554,90.000000,1.349140,-0.080563,0.964244
2494,2.494000,91.349144,95.520447,90.000000,1.349147,-0.078017,0.964242
2495,2.495000,91.349159,95.520325,90.000000,1.349160,-0.075470,0.964240
2496,2.496000,91.349174,95.520203,90.000000,1.349174,-0.072840,0.964238
2497,2.497000,91.349190,95.520081,90.000000,1.349195,-0.070163,0.964235
2498,2.498000,91.349213,95.519951,90.000000,1.349215,-0.067472,0.964233
2499,2.499000,91.349243,95.519814,90.000000,1.349242,-0.064725,0.964230
2500,2.500000,91.349274,95.519669,90.000000,1.349276,-0.061928,0.964227
2501,2.501000,91.349312,95.519531,90.000000,1.349311,-0.059097,0.964224
2502,2.502000,91.349350,95.519379,90.000000,1.349352,-0.056242,0.964221
2503,2.503000,91.349388,95.519218,90.000000,1.349393,-0.053327,0.964218
2504,2.504000,91.349434,95.519066,90.000000,1.349434,-0.050396,0.964214
2505,2.505000,91.349487,95.518898,90.000000,1.349488,-0.047468,0.964211
2506,2.506000,91.349533,95.518730,90.000000,1.349536,-0.044492,0.964207
2507,2.507000,91.349586,95.518555,90.000000,1.349591,-0.041503,0.964203
2508,2.508000,91.349648,95.518379,90.000000,1.349652,-0.038496,0.964199
2509,2.509000,91.349709,95.518204,90.000000,1.349714,-0.035467,0.964195
2510,2.510000,91.349770,95.518028,90.000000,1.349775,-0.032469,0.964190
2511,2.511000,91.349838,95.517838,90.000000,1.349843,-0.029481,0.964186
2512,2.512000,91.349907,95.517647,90.000000,1.349912,-0.026490,0.964181
2513,2.513000,91.349983,95.517464,90.000000,1.349987,-0.023495,0.964177
2514,2.514000,91.350060,95.517273,90.000000,1.350062,-0.020525,0.964172
2515,2.515000,91.350136,95.517075,90.000000,1.350137,-0.017538,0.964167
2516,2.516000,91.350220,95.516884,90.000000,1.350219,-0.014568,0.964162
2517,2.517000,91.350296,95.516685,90.000000,1.350301,-0.011624,0.964157
2518,2.518000,91.350388,95.516487,90.000000,1.350390,-0.008637,0.964152
2519,2.519000,91.350471,95.516289,90.000000,1.350472,-0.005706,0.964147
2520,2.520000,91.350555,95.516090,90.000000,1.350561,-0.002753,0.964142
2521,2.521000,91.350655,95.515884,90.000000,1.350656,0.000133,0.964137
2522,2.522000,91.350746,95.515686,90.000000,1.350745,0.003026,0.964132
2523,2.523000,91.350838,95.515488,90.000000,1.350841,0.005885,0.964126
2524,2.524000,91.350937,95.515282,90.000000,1.350936,0.008716,0.964121
2525,2.525000,91.351028,95.515083,90.000000,1.351032,0.011510,0.964115
2526,2.526000,91.351135,95.514877,90.000000,1.351134,0.014265,0.964110
2527,2.527000,91.351227,95.514679,90.000000,1.351230,0.017005,0.964104
2528,2.528000,91.351334,95.514473,90.000000,1.351332,0.019662,0.964099
2529,2.529000,91.351433,95.514275,90.000000,1.351435,0.022299,0.964093
2530,2.530000,91.351532,95.514076,90.000000,1.351537,0.024893,0.964088
2531,2.531000,91.351639,95.513878,90.000000,1.351640,0.027441,0.964082
2532,2.532000,91.351738,95.513680,90.000000,1.351742,0.029930,0.964077
2533,2.533000,91.351852,95.513489,90.000000,1.351851,0.032388,0.964071
2534,2.534000,91.351952,95.513298,90.000000,1.351954,0.034790,0.964066
2535,2.535000,91.352051,95.513107,90.000000,1.352056,0.037126,0.964060
2536,2.536000,91.352165,95.512917,90.000000,1.352166,0.039445,0.964055
2537,2.537000,91.352264,95.512733,90.000000,1.352268,0.041685,0.964049
2538,2.538000,91.352371,95.512550,90.000000,1.352377,0.043846,0.964044
2539,2.539000,91.352478,95.512360,90.000000,1.352480,0.045956,0.964039
2540,2.540000,91.352585,95.512184,90.000000,1.352589,0.047999,0.964033
2541,2.541000,91.352692,95.512009,90.000000,1.352692,0.049966,0.964028
2542,2.542000,91.352798,95.511833,90.000000,1.352801,0.051883,0.964023
2543,2.543000,91.352898,95.511665,90.000000,1.352903,0.053722,0.964018
2544,2.544000,91.353004,95.511505,90.000000,1.353006,0.055464,0.964013
2545,2.545000,91.353104,95.511337,90.000000,1.353108,0.057155,0.964008
2546,2.546000,91.353210,95.511185,90.000000,1.353211,0.058775,0.964003
2547,2.547000,91.353310,95.511024,90.000000,1.353313,0.060330,0.963998
2548,2.548000,91.353416,95.510872,90.000000,1.353416,0.061804,0.963993
2549,2.549000,91.353516,95.510727,90.000000,1.353518,0.063212,0.963988
2550,2.550000,91.353615,95.510590,90.000000,1.353614,0.064540,0.963984
2551,2.551000,91.353706,95.510452,90.000000,1.353709,0.065792,0.963979
2552,2.552000,91.353806,95.510315,90.000000,1.353805,0.066984,0.963975
2553,2.553000,91.353897,95.510185,90.000000,1.353901,0.068094,0.963970
2554,2.554000,91.353996,95.510063,90.000000,1.353996,0.069129,0.963966
2555,2.555000,91.354080,95.509941,90.000000,1.354085,0.070071,0.963962
2556,2.556000,91.354179,95.509819,90.000000,1.354181,0.070971,0.963958
2557,2.557000,91.354263,95.509712,90.000000,1.354262,0.071762,0.963954
2558,2.558000,91.354347,95.509605,90.000000,1.354351,0.072486,0.963951
2559,2.559000,91.354431,95.509499,90.000000,1.354433,0.073131,0.963947
2560,2.560000,91.354523,95.509407,90.000000,1.354522,0.073673,0.963943
2561,2.561000,91.354591,95.509315,90.000000,1.354597,0.074155,0.963940
2562,2.562000,91.354675,95.509232,90.000000,1.354679,0.074554,0.963937
2563,2.563000,91.354752,95.509148,90.000000,1.354754,0.074856,0.963934
2564,2.564000,91.354828,95.509071,90.000000,1.354829,0.075074,0.963930
2565,2.565000,91.354904,95.509003,90.000000,1.354905,0.075231,0.963928
2566,2.566000,91.354973,95.508934,90.000000,1.354973,0.075293,0.963925
2567,2.567000,91.355042,95.508873,90.000000,1.355041,0.075294,0.963922
2568,2.568000,91.355103,95.508820,90.000000,1.355103,0.075233,0.963920
2569,2.569000,91.355164,95.508774,90.000000,1.355164,0.075067,0.963917
2570,2.570000,91.355225,95.508728,90.000000,1.355226,0.074832,0.963915
2571,2.571000,91.355286,95.508690,90.000000,1.355287,0.074576,0.963913
2572,2.572000,91.355339,95.508652,90.000000,1.355342,0.074233,0.963911
2573,2.573000,91.355385,95.508629,90.000000,1.355389,0.073827,0.963909
2574,2.574000,91.355438,95.508598,90.000000,1.355444,0.073344,0.963908
2575,2.575000,91.355492,95.508583,90.000000,1.355492,0.072785,0.963906
2576,2.576000,91.355530,95.508575,90.000000,1.355533,0.072149,0.963905
2577,2.577000,91.355576,95.508560,90.000000,1.355581,0.071464,0.963904
2578,2.578000,91.355614,95.508560,90.000000,1.355615,0.070716,0.963903
2579,2.579000,91.355652,95.508560,90.000000,1.355656,0.069859,0.963902
2580,2.580000,91.355690,95.508568,90.000000,1.355690,0.068966,0.963901
2581,2.581000,91.355713,95.508575,90.000000,1.355717,0.067979,0.963900
2582,2.582000,91.355743,95.508598,90.000000,1.355745,0.066949,0.963900
2583,2.583000,91.355766,95.508621,90.000000,1.355772,0.065865,0.963899
2584,2.584000,91.355797,95.508644,90.000000,1.355799,0.064748,0.963899
2585,2.585000,91.355820,95.508682,90.000000,1.355820,0.063567,0.963899
2586,2.586000,91.355827,95.508713,90.000000,1.355833,0.062335,0.963899
2587,2.587000,91.355843,95.508759,90.000000,1.355847,0.061058,0.963899
2588,2.588000,91.355858,95.508797,90.000000,1.355861,0.059709,0.963900
2589,2.589000,91.355873,95.508850,90.000000,1.355874,0.058343,0.963900
2590,2.590000,91.355881,95.508904,90.000000,1.355881,0.056894,0.963901
2591,2.591000,91.355881,95.508965,90.000000,1.355881,0.055411,0.963901
2592,2.592000,91.355888,95.509026,90.000000,1.355888,0.053896,0.963902
2593,2.593000,91.355881,95.509094,90.000000,1.355881,0.052326,0.963903
2594,2.594000,91.355881,95.509163,90.000000,1.355881,0.050718,0.963904
2595,2.595000,91.355873,95.509232,90.000000,1.355874,0.049071,0.963906
2596,2.596000,91.355865,95.509315,90.000000,1.355868,0.047410,0.963907
2597,2.597000,91.355850,95.509399,90.000000,1.355854,0.045675,0.963908
2598,2.598000,91.355835,95.509483,90.000000,1.355840,0.043940,0.963910
2599,2.599000,91.355827,95.509567,90.000000,1.355827,0.042163,0.963912
2600,2.600000,91.355804,95.509666,90.000000,1.355806,0.040348,0.963913
2601,2.601000,91.355782,95.509758,90.000000,1.355786,0.038519,0.963915
2602,2.602000,91.355766,95.509857,90.000000,1.355765,0.036673,0.963917
2603,2.603000,91.355736,95.509956,90.000000,1.355738,0.034817,0.963919
2604,2.604000,91.355705,95.510063,90.000000,1.355711,0.032906,0.963922
2605,2.605000,91.355675,95.510170,90.000000,1.355676,0.030998,0.963924
2606,2.606000,91.355644,95.510277,90.000000,1.355649,0.029084,0.963926
2607,2.607000,91.355614,95.510391,90.000000,1.355615,0.027168,0.963929
2608,2.608000,91.355568,95.510506,90.000000,1.355574,0.025204,0.963931
2609,2.609000,91.355537,95.510620,90.000000,1.355540,0.023267,0.963934
2610,2.610000,91.355499,95.510735,90.000000,1.355499,0.021302,0.963937
2611,2.611000,91.355453,95.510857,90.000000,1.355458,0.019338,0.963939
2612,2.612000,91.355408,95.510979,90.000000,1.355410,0.017375,0.963942
2613,2.613000,91.355370,95.511108,90.000000,1.355369,0.015405,0.963945
2614,2.614000,91.355316,95.511230,90.000000,1.355321,0.013455,0.963948
2615,2.615000,91.355270,95.511353,90.000000,1.355273,0.011491,0.963951
2616,2.616000,91.355217,95.511482,90.000000,1.355219,0.009561,0.963954
2617,2.617000,91.355171,95.511612,90.000000,1.355171,0.007626,0.963957
2618,2.618000,91.355110,95.511742,90.000000,1.355116,0.005702,0.963961
2619,2.619000,91.355057,95.511871,90.000000,1.355062,0.003796,0.963964
2620,2.620000,91.355003,95.512001,90.000000,1.355007,0.001893,0.963967
2621,2.621000,91.354942,95.512131,90.000000,1.354946,0.000019,0.963970
2622,2.622000,91.354889,95.512260,90.000000,1.354891,-0.001877,0.963974
2623,2.623000,91.354828,95.512390,90.000000,1.354829,-0.003738,0.963977
2624,2.624000,91.354767,95.512527,90.000000,1.354768,-0.005585,0.963981
2625,2.625000,91.354706,95.512657,90.000000,1.354707,-0.007426,0.963984
2626,2.626000,91.354645,95.512787,90.000000,1.354645,-0.009225,0.963987
2627,2.627000,91.354584,95.512924,90.000000,1.354584,-0.011029,0.963991
2628,2.628000,91.354523,95.513054,90.000000,1.354522,-0.012795,0.963994
2629,2.629000,91.354454,95.513184,90.000000,1.354454,-0.014547,0.963998
2630,2.630000,91.354393,95.513313,90.000000,1.354392,-0.016248,0.964001
2631,2.631000,91.354324,95.513443,90.000000,1.354324,-0.017914,0.964005
2632,2.632000,91.354263,95.513565,90.000000,1.354262,-0.019543,0.964008
2633,2.633000,91.354195,95.513695,90.000000,1.354194,-0.021145,0.964012
2634,2.634000,91.354126,95.513824,90.000000,1.354126,-0.022729,0.964015
2635,2.635000,91.354057,95.513947,90.000000,1.354058,-0.024256,0.964019
2636,2.636000,91.353996,95.514069,90.000000,1.353996,-0.025731,0.964022
2637,2.637000,91.353928,95.514191,90.000000,1.353928,-0.027175,0.964026
2638,2.638000,91.353859,95.514313,90.000000,1.353860,-0.028590,0.964029
2639,2.639000,91.353790,95.514435,90.000000,1.353791,-0.029947,0.964033
2640,2.640000,91.353722,95.514549,90.000000,1.353723,-0.031285,0.964036
2641,2.641000,91.353653,95.514656,90.000000,1.353655,-0.032541,0.964039
2642,2.642000,91.353592,95.514771,90.000000,1.353593,-0.033756,0.964043
2643,2.643000,91.353523,95.514885,90.000000,1.353525,-0.034958,0.964046
2644,2.644000,91.353455,95.514992,90.000000,1.353456,-0.036122,0.964049
2645,2.645000,91.353394,95.515099,90.000000,1.353395,-0.037228,0.964052
2646,2.646000,91.353325,95.515205,90.000000,1.353327,-0.038276,0.964055
2647,2.647000,91.353264,95.515297,90.000000,1.353265,-0.039278,0.964059
2648,2.648000,91.353195,95.515404,90.000000,1.353197,-0.040210,0.964062
2649,2.649000,91.353134,95.515495,90.000000,1.353136,-0.041131,0.964065
2650,2.650000,91.353073,95.515594,90.000000,1.353074,-0.041973,0.964067
2651,2.651000,91.353012,95.515686,90.000000,1.353013,-0.042766,0.964070
2652,2.652000,91.352951,95.515770,90.000000,1.352951,-0.043498,0.964073
2653,2.653000,91.352890,95.515854,90.000000,1.352890,-0.044181,0.964076
2654,2.654000,91.352829,95.515938,90.000000,1.352835,-0.044809,0.964078
2655,2.655000,91.352768,95.516014,90.000000,1.352774,-0.045402,0.964081
2656,2.656000,91.352715,95.516090,90.000000,1.352719,-0.045963,0.964084
2657,2.657000,91.352661,95.516159,90.000000,1.352664,-0.046451,0.964086
2658,2.658000,91.352608,95.516235,90.000000,1.352610,-0.046905,0.964088
2659,2.659000,91.352554,95.516296,90.000000,1.352555,-0.047298,0.964091
2660,2.660000,91.352501,95.516357,90.000000,1.352500,-0.047642,0.964093
2661,2.661000,91.352448,95.516418,90.000000,1.352453,-0.047955,0.964095
2662,2.662000,91.352394,95.516479,90.000000,1.352398,-0.048200,0.964097
2663,2.663000,91.352348,95.516533,90.000000,1.352350,-0.048427,0.964099
2664,2.664000,91.352303,95.516586,90.000000,1.352302,-0.048537,0.964101
2665,2.665000,91.352257,95.516624,90.000000,1.352261,-0.048648,0.964103
2666,2.666000,91.352211,95.516670,90.000000,1.352214,-0.048679,0.964105
2667,2.667000,91.352173,95.516716,90.000000,1.352172,-0.048684,0.964106
2668,2.668000,91.352127,95.516747,90.000000,1.352131,-0.048600,0.964108
2669,2.669000,91.352089,95.516785,90.000000,1.352090,-0.048482,0.964109
2670,2.670000,91.352051,95.516808,90.000000,1.352056,-0.048330,0.964111
2671,2.671000,91.352013,95.516838,90.000000,1.352015,-0.048144,0.964112
2672,2.672000,91.351982,95.516861,90.000000,1.351981,-0.047898,0.964113
2673,2.673000,91.351944,95.516876,90.000000,1.351947,-0.047610,0.964114
2674,2.674000,91.351921,95.516891,90.000000,1.351920,-0.047283,0.964115
2675,2.675000,91.351891,95.516907,90.000000,1.351892,-0.046899,0.964116
2676,2.676000,91.351852,95.516922,90.000000,1.351858,-0.046498,0.964117
2677,2.677000,91.351837,95.516922,90.000000,1.351838,-0.046040,0.964118
2678,2.678000,91.351807,95.516922,90.000000,1.351810,-0.045506,0.964118
2679,2.679000,91.351784,95.516922,90.000000,1.351790,-0.044958,0.964119
2680,2.680000,91.351761,95.516922,90.000000,1.351763,-0.044365,0.964119
2681,2.681000,91.351746,95.516914,90.000000,1.351749,-0.043707,0.964120
2682,2.682000,91.351723,95.516907,90.000000,1.351729,-0.043040,0.964120
2683,2.683000,91.351715,95.516891,90.000000,1.351715,-0.042349,0.964120
2684,2.684000,91.351700,95.516869,90.000000,1.351701,-0.041607,0.964120
2685,2.685000,91.351685,95.516861,90.000000,1.351688,-0.040817,0.964120
2686,2.686000,91.351669,95.516830,90.000000,1.351674,-0.040022,0.964120
2687,2.687000,91.351662,95.516800,90.000000,1.351667,-0.039174,0.964120
2688,2.688000,91.351654,95.516777,90.000000,1.351660,-0.038292,0.964120
2689,2.689000,91.351654,95.516747,90.000000,1.351653,-0.037401,0.964119
2690,2.690000,91.351654,95.516716,90.000000,1.351653,-0.036467,0.964119
2691,2.691000,91.351646,95.516670,90.000000,1.351647,-0.035508,0.964119
2692,2.692000,91.351646,95.516640,90.000000,1.351647,-0.034514,0.964118
2693,2.693000,91.351646,95.516594,90.000000,1.351647,-0.033491,0.964117
2694,2.694000,91.351654,95.516548,90.000000,1.351653,-0.032452,0.964117
2695,2.695000,91.351654,95.516502,90.000000,1.351660,-0.031384,0.964116
2696,2.696000,91.351654,95.516457,90.000000,1.351660,-0.030315,0.964115
2697,2.697000,91.351669,95.516403,90.000000,1.351674,-0.029214,0.964114
2698,2.698000,91.351677,95.516342,90.000000,1.351681,-0.028077,0.964113
2699,2.699000,91.351692,95.516289,90.000000,1.351694,-0.026957,0.964112
2700,2.700000,91.351700,95.516235,90.000000,1.351701,-0.025801,0.964111
2701,2.701000,91.351723,95.516174,90.000000,1.351722,-0.024649,0.964109
2702,2.702000,91.351730,95.516113,90.000000,1.351735,-0.023446,0.964108
2703,2.703000,91.351746,95.516045,90.000000,1.351749,-0.022262,0.964107
2704,2.704000,91.351768,95.515976,90.000000,1.351769,-0.021070,0.964105
2705,2.705000,91.351784,95.515915,90.000000,1.351790,-0.019860,0.964104
2706,2.706000,91.351807,95.515839,90.000000,1.351810,-0.018671,0.964102
2707,2.707000,91.351830,95.515770,90.000000,1.351831,-0.017458,0.964101
2708,2.708000,91.351852,95.515694,90.000000,1.351858,-0.016230,0.964099
2709,2.709000,91.351883,95.515625,90.000000,1.351886,-0.014987,0.964097
2710,2.710000,91.351906,95.515556,90.000000,1.351906,-0.013776,0.964095
2711,2.711000,91.351929,95.515480,90.000000,1.351933,-0.012536,0.964094
2712,2.712000,91.351967,95.515396,90.000000,1.351968,-0.011284,0.964092
2713,2.713000,91.351990,95.515320,90.000000,1.351995,-0.010039,0.964090
2714,2.714000,91.352028,95.515236,90.000000,1.352029,-0.008781,0.964088
2715,2.715000,91.352051,95.515160,90.000000,1.352056,-0.007517,0.964086
2716,2.716000,91.352089,95.515083,90.000000,1.352090,-0.006276,0.964084
2717,2.717000,91.352119,95.514999,90.000000,1.352125,-0.005046,0.964082
2718,2.718000,91.352158,95.514915,90.000000,1.352159,-0.003795,0.964080
2719,2.719000,91.352188,95.514839,90.000000,1.352193,-0.002563,0.964078
2720,2.720000,91.352234,95.514748,90.000000,1.352234,-0.001351,0.964075
2721,2.721000,91.352264,95.514664,90.000000,1.352268,-0.000139,0.964073
2722,2.722000,91.352310,95.514580,90.000000,1.352309,0.001070,0.964071
2723,2.723000,91.352348,95.514503,90.000000,1.352350,0.002234,0.964069
2724,2.724000,91.352379,95.514412,90.000000,1.352384,0.003409,0.964067
2725,2.725000,91.352425,95.514328,90.000000,1.352425,0.004580,0.964064
2726,2.726000,91.352463,95.514252,90.000000,1.352466,0.005729,0.964062
2727,2.727000,91.352501,95.514168,90.000000,1.352507,0.006860,0.964060
2728,2.728000,91.352547,95.514076,90.000000,1.352548,0.007970,0.964058
2729,2.729000,91.352585,95.513992,90.000000,1.352589,0.009073,0.964055
2730,2.730000,91.352638,95.513916,90.000000,1.352637,0.010162,0.964053
2731,2.731000,91.352676,95.513832,90.000000,1.352678,0.011228,0.964051
2732,2.732000,91.352715,95.513748,90.000000,1.352719,0.012274,0.964048
2733,2.733000,91.352760,95.513664,90.000000,1.352760,0.013284,0.964046
2734,2.734000,91.352806,95.513596,90.000000,1.352808,0.014282,0.964044
2735,2.735000,91.352844,95.513512,90.000000,1.352849,0.015261,0.964042
2736,2.736000,91.352898,95.513428,90.000000,1.352896,0.016231,0.964039
2737,2.737000,91.352936,95.513351,90.000000,1.352937,0.017178,0.964037
2738,2.738000,91.352974,95.513275,90.000000,1.352978,0.018079,0.964035
2739,2.739000,91.353027,95.513206,90.000000,1.353026,0.018956,0.964033
2740,2.740000,91.353065,95.513130,90.000000,1.353067,0.019811,0.964031
2741,2.741000,91.353111,95.513054,90.000000,1.353115,0.020637,0.964028
2742,2.742000,91.353157,95.512985,90.000000,1.353156,0.021442,0.964026
2743,2.743000,91.353195,95.512909,90.000000,1.353197,0.022206,0.964024
2744,2.744000,91.353241,95.512840,90.000000,1.353245,0.022939,0.964022
2745,2.745000,91.353287,95.512772,90.000000,1.353286,0.023633,0.964020
2746,2.746000,91.353325,95.512711,90.000000,1.353327,0.024320,0.964018
2747,2.747000,91.353363,95.512642,90.000000,1.353368,0.024950,0.964016
2748,2.748000,91.353409,95.512581,90.000000,1.353409,0.025559,0.964014
2749,2.749000,91.353455,95.512520,90.000000,1.353456,0.026151,0.964012
2750,2.750000,91.353485,95.512459,90.000000,1.353491,0.026691,0.964010
2751,2.751000,91.353531,95.512405,90.000000,1.353532,0.027225,0.964008
2752,2.752000,91.353569,95.512352,90.000000,1.353573,0.027727,0.964006
2753,2.753000,91.353615,95.512291,90.000000,1.353614,0.028190,0.964004
2754,2.754000,91.353653,95.512238,90.000000,1.353655,0.028609,0.964003
2755,2.755000,91.353683,95.512192,90.000000,1.353689,0.029012,0.964001
2756,2.756000,91.353729,95.512146,90.000000,1.353730,0.029392,0.963999
2757,2.757000,91.353760,95.512100,90.000000,1.353764,0.029722,0.963998
2758,2.758000,91.353798,95.512047,90.000000,1.353798,0.030021,0.963996
2759,2.759000,91.353828,95.512009,90.000000,1.353832,0.030298,0.963995
2760,2.760000,91.353867,95.511971,90.000000,1.353866,0.030531,0.963993
2761,2.761000,91.353897,95.511932,90.000000,1.353901,0.030715,0.963992
2762,2.762000,91.353935,95.511894,90.000000,1.353935,0.030902,0.963990
2763,2.763000,91.353966,95.511856,90.000000,1.353969,0.031034,0.963989
2764,2.764000,91.353996,95.511833,90.000000,1.353996,0.031131,0.963988
2765,2.765000,91.354027,95.511795,90.000000,1.354030,0.031198,0.963987
2766,2.766000,91.354057,95.511772,90.000000,1.354058,0.031229,0.963986
2767,2.767000,91.354080,95.511749,90.000000,1.354085,0.031242,0.963984
2768,2.768000,91.354111,95.511719,90.000000,1.354112,0.031224,0.963983
2769,2.769000,91.354134,95.511703,90.000000,1.354140,0.031176,0.963982
2770,2.770000,91.354156,95.511681,90.000000,1.354160,0.031073,0.963982
2771,2.771000,91.354187,95.511665,90.000000,1.354187,0.030957,0.963981
2772,2.772000,91.354202,95.511650,90.000000,1.354208,0.030815,0.963980
2773,2.773000,91.354225,95.511642,90.000000,1.354228,0.030625,0.963979
2774,2.774000,91.354248,95.511635,90.000000,1.354249,0.030432,0.963978
2775,2.775000,91.354263,95.511620,90.000000,1.354269,0.030199,0.963978
2776,2.776000,91.354286,95.511620,90.000000,1.354290,0.029951,0.963977
2777,2.777000,91.354309,95.511612,90.000000,1.354310,0.029668,0.963977
2778,2.778000,91.354324,95.511612,90.000000,1.354324,0.029351,0.963976
2779,2.779000,91.354332,95.511612,90.000000,1.354338,0.028998,0.963976
2780,2.780000,91.354347,95.511612,90.000000,1.354351,0.028633,0.963976
2781,2.781000,91.354362,95.511620,90.000000,1.354365,0.028264,0.963975
2782,2.782000,91.354378,95.511627,90.000000,1.354379,0.027838,0.963975
2783,2.783000,91.354393,95.511635,90.000000,1.354392,0.027400,0.963975
2784,2.784000,91.354393,95.511642,90.000000,1.354399,0.026928,0.963975
2785,2.785000,91.354401,95.511658,90.000000,1.354406,0.026424,0.963975
2786,2.786000,91.354408,95.511673,90.000000,1.354413,0.025937,0.963975
2787,2.787000,91.354416,95.511688,90.000000,1.354420,0.025420,0.963975
2788,2.788000,91.354424,95.511703,90.000000,1.354426,0.024847,0.963975
2789,2.789000,91.354431,95.511726,90.000000,1.354433,0.024292,0.963975
2790,2.790000,91.354431,95.511749,90.000000,1.354433,0.023679,0.963975
2791,2.791000,91.354431,95.511772,90.000000,1.354433,0.023067,0.963976
2792,2.792000,91.354431,95.511795,90.000000,1.354433,0.022438,0.963976
2793,2.793000,91.354431,95.511826,90.000000,1.354433,0.021801,0.963977
2794,2.794000,91.354431,95.511856,90.000000,1.354433,0.021121,0.963977
2795,2.795000,91.354431,95.511887,90.000000,1.354433,0.020426,0.963977
2796,2.796000,91.354424,95.511917,90.000000,1.354426,0.019727,0.963978
2797,2.797000,91.354424,95.511955,90.000000,1.354426,0.019001,0.963979
2798,2.798000,91.354416,95.511986,90.000000,1.354420,0.018293,0.963979
2799,2.799000,91.354408,95.512024,90.000000,1.354413,0.017573,0.963980
2800,2.800000,91.354401,95.512062,90.000000,1.354406,0.016815,0.963981
2801,2.801000,91.354393,95.512100,90.000000,1.354392,0.016046,0.963981
2802,2.802000,91.354385,95.512146,90.000000,1.354385,0.015281,0.963982
2803,2.803000,91.354378,95.512184,90.000000,1.354379,0.014515,0.963983
2804,2.804000,91.354362,95.512230,90.000000,1.354365,0.013738,0.963984
2805,2.805000,91.354347,95.512268,90.000000,1.354351,0.012940,0.963985
2806,2.806000,91.354332,95.512314,90.000000,1.354338,0.012160,0.963986
2807,2.807000,91.354324,95.512360,90.000000,1.354324,0.011349,0.963987
2808,2.808000,91.354309,95.512413,90.000000,1.354310,0.010550,0.963988
2809,2.809000,91.354294,95.512459,90.000000,1.354297,0.009765,0.963989
2810,2.810000,91.354271,95.512505,90.000000,1.354276,0.008955,0.963990
2811,2.811000,91.354263,95.512550,90.000000,1.354262,0.008152,0.963991
2812,2.812000,91.354240,95.512604,90.000000,1.354242,0.007354,0.963993
2813,2.813000,91.354218,95.512657,90.000000,1.354222,0.006553,0.963994
2814,2.814000,91.354202,95.512703,90.000000,1.354201,0.005720,0.963995
2815,2.815000,91.354179,95.512756,90.000000,1.354181,0.004919,0.963996
2816,2.816000,91.354156,95.512817,90.000000,1.354160,0.004101,0.963998
2817,2.817000,91.354134,95.512863,90.000000,1.354140,0.003298,0.963999
2818,2.818000,91.354118,95.512917,90.000000,1.354119,0.002494,0.964000
2819,2.819000,91.354095,95.512970,90.000000,1.354099,0.001680,0.964002
2820,2.820000,91.354073,95.513023,90.000000,1.354071,0.000866,0.964003
2821,2.821000,91.354050,95.513077,90.000000,1.354051,0.000074,0.964004
2822,2.822000,91.354019,95.513138,90.000000,1.354023,-0.000702,0.964006
2823,2.823000,91.354004,95.513191,90.000000,1.354003,-0.001486,0.964007
2824,2.824000,91.353973,95.513245,90.000000,1.353976,-0.002265,0.964009
2825,2.825000,91.353943,95.513298,90.000000,1.353948,-0.003006,0.964010
2826,2.826000,91.353920,95.513351,90.000000,1.353921,-0.003739,0.964011
2827,2.827000,91.353897,95.513405,90.000000,1.353901,-0.004468,0.964013
2828,2.828000,91.353874,95.513466,90.000000,1.353873,-0.005181,0.964014
2829,2.829000,91.353844,95.513519,90.000000,1.353846,-0.005902,0.964016
2830,2.830000,91.353813,95.513573,90.000000,1.353819,-0.006604,0.964017
2831,2.831000,91.353790,95.513618,90.000000,1.353791,-0.007287,0.964019
2832,2.832000,91.353760,95.513672,90.000000,1.353764,-0.007938,0.964020
2833,2.833000,91.353737,95.513725,90.000000,1.353737,-0.008622,0.964022
2834,2.834000,91.353706,95.513786,90.000000,1.353709,-0.009279,0.964023
2835,2.835000,91.353676,95.513832,90.000000,1.353682,-0.009912,0.964024
2836,2.836000,91.353653,95.513885,90.000000,1.353655,-0.010525,0.964026
2837,2.837000,91.353622,95.513931,90.000000,1.353627,-0.011110,0.964027
2838,2.838000,91.353592,95.513985,90.000000,1.353593,-0.011688,0.964029
2839,2.839000,91.353561,95.514038,90.000000,1.353566,-0.012247,0.964030
2840,2.840000,91.353539,95.514084,90.000000,1.353539,-0.012805,0.964032
2841,2.841000,91.353508,95.514130,90.000000,1.353511,-0.013331,0.964033
2842,2.842000,91.353485,95.514175,90.000000,1.353484,-0.013853,0.964034
2843,2.843000,91.353455,95.514221,90.000000,1.353456,-0.014343,0.964036
2844,2.844000,91.353424,95.514267,90.000000,1.353429,-0.014823,0.964037
2845,2.845000,91.353401,95.514313,90.000000,1.353402,-0.015303,0.964038
2846,2.846000,91.353371,95.514351,90.000000,1.353375,-0.015739,0.964040
2847,2.847000,91.353348,95.514397,90.000000,1.353347,-0.016159,0.964041
2848,2.848000,91.353317,95.514442,90.000000,1.353320,-0.016562,0.964042
2849,2.849000,91.353287,95.514473,90.000000,1.353293,-0.016943,0.964043
2850,2.850000,91.353271,95.514511,90.000000,1.353272,-0.017299,0.964045
2851,2.851000,91.353241,95.514557,90.000000,1.353245,-0.017619,0.964046
2852,2.852000,91.353218,95.514587,90.000000,1.353217,-0.017951,0.964047
2853,2.853000,91.353195,95.514626,90.000000,1.353197,-0.018226,0.964048
2854,2.854000,91.353165,95.514656,90.000000,1.353170,-0.018494,0.964049
2855,2.855000,91.353142,95.514694,90.000000,1.353142,-0.018760,0.964050
2856,2.856000,91.353119,95.514725,90.000000,1.353122,-0.018991,0.964051
2857,2.857000,91.353096,95.514755,90.000000,1.353101,-0.019186,0.964052
2858,2.858000,91.353073,95.514778,90.000000,1.353074,-0.019394,0.964053
2859,2.859000,91.353050,95.514809,90.000000,1.353054,-0.019590,0.964054
2860,2.860000,91.353027,95.514839,90.000000,1.353033,-0.019720,0.964055
2861,2.861000,91.353012,95.514862,90.000000,1.353013,-0.019862,0.964056
2862,2.862000,91.352989,95.514885,90.000000,1.352992,-0.019989,0.964057
2863,2.863000,91.352966,95.514908,90.000000,1.352972,-0.020070,0.964058
2864,2.864000,91.352951,95.514931,90.000000,1.352951,-0.020147,0.964059
2865,2.865000,91.352928,95.514954,90.000000,1.352931,-0.020188,0.964059
2866,2.866000,91.352905,95.514969,90.000000,1.352910,-0.020210,0.964060
2867,2.867000,91.352898,95.514984,90.000000,1.352896,-0.020191,0.964061
2868,2.868000,91.352875,95.514999,90.000000,1.352876,-0.020188,0.964061
2869,2.869000,91.352859,95.515015,90.000000,1.352862,-0.020160,0.964062
2870,2.870000,91.352837,95.515030,90.000000,1.352842,-0.020093,0.964063
2871,2.871000,91.352829,95.515030,90.000000,1.352828,-0.020000,0.964063
2872,2.872000,91.352814,95.515045,90.000000,1.352815,-0.019904,0.964064
2873,2.873000,91.352798,95.515053,90.000000,1.352801,-0.019787,0.964064
2874,2.874000,91.352783,95.515060,90.000000,1.352787,-0.019657,0.964065
2875,2.875000,91.352768,95.515068,90.000000,1.352774,-0.019499,0.964065
2876,2.876000,91.352768,95.515068,90.000000,1.352767,-0.019328,0.964065
2877,2.877000,91.352753,95.515076,90.000000,1.352753,-0.019125,0.964066
2878,2.878000,91.352737,95.515076,90.000000,1.352739,-0.018917,0.964066
2879,2.879000,91.352730,95.515076,90.000000,1.352733,-0.018697,0.964066
2880,2.880000,91.352722,95.515076,90.000000,1.352726,-0.018465,0.964066
2881,2.881000,91.352715,95.515068,90.000000,1.352719,-0.018195,0.964067
2882,2.882000,91.352699,95.515068,90.000000,1.352705,-0.017925,0.964067
2883,2.883000,91.352699,95.515060,90.000000,1.352698,-0.017657,0.964067
2884,2.884000,91.352699,95.515053,90.000000,1.352698,-0.017342,0.964067
2885,2.885000,91.352692,95.515045,90.000000,1.352692,-0.017030,0.964067
2886,2.886000,91.352684,95.515038,90.000000,1.352685,-0.016704,0.964067
2887,2.887000,91.352684,95.515030,90.000000,1.352685,-0.016371,0.964067
2888,2.888000,91.352676,95.515015,90.000000,1.352678,-0.016018,0.964067
2889,2.889000,91.352676,95.515007,90.000000,1.352678,-0.015633,0.964067
2890,2.890000,91.352676,95.514984,90.000000,1.352678,-0.015280,0.964066
2891,2.891000,91.352669,95.514969,90.000000,1.352671,-0.014862,0.964066
2892,2.892000,91.352669,95.514961,90.000000,1.352671,-0.014485,0.964066
2893,2.893000,91.352669,95.514938,90.000000,1.352671,-0.014072,0.964066
2894,2.894000,91.352676,95.514923,90.000000,1.352678,-0.013621,0.964065
2895,2.895000,91.352676,95.514900,90.000000,1.352678,-0.013184,0.964065
2896,2.896000,91.352676,95.514885,90.000000,1.352678,-0.012729,0.964065
2897,2.897000,91.352684,95.514862,90.000000,1.352685,-0.012269,0.964064
2898,2.898000,91.352684,95.514839,90.000000,1.352685,-0.011800,0.964064
2899,2.899000,91.352692,95.514816,90.000000,1.352692,-0.011319,0.964063
2900,2.900000,91.352699,95.514786,90.000000,1.352698,-0.010861,0.964063
2901,2.901000,91.352699,95.514771,90.000000,1.352705,-0.010399,0.964062
2902,2.902000,91.352699,95.514740,90.000000,1.352705,-0.009920,0.964062
2903,2.903000,91.352707,95.514709,90.000000,1.352712,-0.009432,0.964061
2904,2.904000,91.352722,95.514687,90.000000,1.352726,-0.008929,0.964061
2905,2.905000,91.352730,95.514656,90.000000,1.352733,-0.008398,0.964060
2906,2.906000,91.352737,95.514633,90.000000,1.352739,-0.007906,0.964059
2907,2.907000,91.352745,95.514603,90.000000,1.352746,-0.007391,0.964059
2908,2.908000,91.352760,95.514572,90.000000,1.352760,-0.006875,0.964058
2909,2.909000,91.352768,95.514542,90.000000,1.352767,-0.006333,0.964057
2910,2.910000,91.352776,95.514511,90.000000,1.352780,-0.005806,0.964057
2911,2.911000,91.352791,95.514473,90.000000,1.352794,-0.005277,0.964056
2912,2.912000,91.352798,95.514442,90.000000,1.352801,-0.004750,0.964055
2913,2.913000,91.352814,95.514412,90.000000,1.352815,-0.004246,0.964054
2914,2.914000,91.352829,95.514381,90.000000,1.352828,-0.003709,0.964053
2915,2.915000,91.352837,95.514343,90.000000,1.352842,-0.003190,0.964053
2916,2.916000,91.352852,95.514313,90.000000,1.352855,-0.002654,0.964052
2917,2.917000,91.352867,95.514275,90.000000,1.352869,-0.002140,0.964051
2918,2.918000,91.352882,95.514244,90.000000,1.352883,-0.001632,0.964050
2919,2.919000,91.352898,95.514206,90.000000,1.352896,-0.001115,0.964049
2920,2.920000,91.352913,95.514175,90.000000,1.352917,-0.000636,0.964048
2921,2.921000,91.352928,95.514137,90.000000,1.352931,-0.000140,0.964047
2922,2.922000,91.352943,95.514107,90.000000,1.352944,0.000366,0.964046
2923,2.923000,91.352959,95.514069,90.000000,1.352965,0.000858,0.964046
2924,2.924000,91.352974,95.514038,90.000000,1.352978,0.001356,0.964045
2925,2.925000,91.352989,95.514000,90.000000,1.352992,0.001847,0.964044
2926,2.926000,91.353012,95.513969,90.000000,1.353013,0.002315,0.964043
2927,2.927000,91.353027,95.513931,90.000000,1.353026,0.002805,0.964042
2928,2.928000,91.353043,95.513893,90.000000,1.353047,0.003249,0.964041
2929,2.929000,91.353058,95.513855,90.000000,1.353060,0.003724,0.964040
2930,2.930000,91.353081,95.513824,90.000000,1.353081,0.004154,0.964039
2931,2.931000,91.353096,95.513794,90.000000,1.353101,0.004603,0.964038
2932,2.932000,91.353111,95.513756,90.000000,1.353115,0.005010,0.964037
2933,2.933000,91.353134,95.513725,90.000000,1.353136,0.005431,0.964036
2934,2.934000,91.353149,95.513695,90.000000,1.353149,0.005858,0.964035
2935,2.935000,91.353165,95.513664,90.000000,1.353170,0.006267,0.964034
2936,2.936000,91.353188,95.513626,90.000000,1.353190,0.006709,0.964033
2937,2.937000,91.353203,95.513596,90.000000,1.353204,0.007106,0.964032
2938,2.938000,91.353218,95.513565,90.000000,1.353224,0.007497,0.964031
2939,2.939000,91.353241,95.513535,90.000000,1.353245,0.007847,0.964031
2940,2.940000,91.353256,95.513496,90.000000,1.353258,0.008216,0.964030
2941,2.941000,91.353279,95.513466,90.000000,1.353279,0.008565,0.964029
2942,2.942000,91.353294,95.513435,90.000000,1.353299,0.008904,0.964028
2943,2.943000,91.353310,95.513405,90.000000,1.353313,0.009211,0.964027
2944,2.944000,91.353333,95.513382,90.000000,1.353334,0.009494,0.964026
2945,2.945000,91.353355,95.513351,90.000000,1.353354,0.009799,0.964025
2946,2.946000,91.353363,95.513329,90.000000,1.353368,0.010066,0.964024
2947,2.947000,91.353386,95.513298,90.000000,1.353388,0.010353,0.964024
2948,2.948000,91.353401,95.513268,90.000000,1.353402,0.010628,0.964023
2949,2.949000,91.353416,95.513245,90.000000,1.353422,0.010876,0.964022
2950,2.950000,91.353432,95.513222,90.000000,1.353436,0.011094,0.964021
2951,2.951000,91.353455,95.513199,90.000000,1.353456,0.011326,0.964020
2952,2.952000,91.353470,95.513176,90.000000,1.353470,0.011550,0.964020
2953,2.953000,91.353485,95.513145,90.000000,1.353491,0.011751,0.964019
2954,2.954000,91.353500,95.513130,90.000000,1.353504,0.011934,0.964018
2955,2.955000,91.353516,95.513107,90.000000,1.353518,0.012093,0.964017
2956,2.956000,91.353531,95.513084,90.000000,1.353532,0.012256,0.964017
2957,2.957000,91.353546,95.513069,90.000000,1.353552,0.012367,0.964016
2958,2.958000,91.353561,95.513046,90.000000,1.353566,0.012486,0.964015
2959,2.959000,91.353577,95.513031,90.000000,1.353580,0.012580,0.964015
2960,2.960000,91.353592,95.513008,90.000000,1.353593,0.012678,0.964014
2961,2.961000,91.353607,95.513000,90.000000,1.353607,0.012740,0.964014
2962,2.962000,91.353615,95.512985,90.000000,1.353621,0.012814,0.964013
2963,2.963000,91.353630,95.512970,90.000000,1.353634,0.012886,0.964012
2964,2.964000,91.353645,95.512955,90.000000,1.353648,0.012924,0.964012
2965,2.965000,91.353661,95.512947,90.000000,1.353661,0.012972,0.964011
2966,2.966000,91.353676,95.512932,90.000000,1.353675,0.012988,0.964011
2967,2.967000,91.353676,95.512924,90.000000,1.353682,0.013003,0.964010
2968,2.968000,91.353691,95.512909,90.000000,1.353696,0.012994,0.964010
2969,2.969000,91.353706,95.512901,90.000000,1.353709,0.012991,0.964010
2970,2.970000,91.353714,95.512894,90.000000,1.353716,0.012943,0.964009
2971,2.971000,91.353722,95.512886,90.000000,1.353723,0.012887,0.964009
2972,2.972000,91.353737,95.512878,90.000000,1.353737,0.012844,0.964009
2973,2.973000,91.353745,95.512878,90.000000,1.353743,0.012791,0.964008
2974,2.974000,91.353745,95.512871,90.000000,1.353750,0.012712,0.964008
2975,2.975000,91.353760,95.512871,90.000000,1.353764,0.012623,0.964008
2976,2.976000,91.353767,95.512871,90.000000,1.353771,0.012495,0.964007
2977,2.977000,91.353775,95.512863,90.000000,1.353778,0.012396,0.964007
2978,2.978000,91.353783,95.512863,90.000000,1.353784,0.012253,0.964007
2979,2.979000,91.353790,95.512863,90.000000,1.353791,0.012114,0.964007
2980,2.980000,91.353798,95.512863,90.000000,1.353798,0.011959,0.964007
2981,2.981000,91.353806,95.512871,90.000000,1.353805,0.011773,0.964007
2982,2.982000,91.353806,95.512871,90.000000,1.353805,0.011579,0.964007
2983,2.983000,91.353806,95.512871,90.000000,1.353812,0.011402,0.964007
2984,2.984000,91.353806,95.512878,90.000000,1.353812,0.011230,0.964006
2985,2.985000,91.353813,95.512878,90.000000,1.353819,0.011015,0.964006
2986,2.986000,91.353813,95.512886,90.000000,1.353819,0.010807,0.964006
2987,2.987000,91.353821,95.512894,90.000000,1.353825,0.010609,0.964006
2988,2.988000,91.353821,95.512901,90.000000,1.353825,0.010395,0.964007
2989,2.989000,91.353821,95.512909,90.000000,1.353825,0.010156,0.964007
2990,2.990000,91.353828,95.512917,90.000000,1.353832,0.009905,0.964007
2991,2.991000,91.353828,95.512932,90.000000,1.353832,0.009654,0.964007
2992,2.992000,91.353828,95.512939,90.000000,1.353832,0.009378,0.964007
2993,2.993000,91.353828,95.512947,90.000000,1.353832,0.009113,0.964007
2994,2.994000,91.353828,95.512962,90.000000,1.353832,0.008834,0.964007
2995,2.995000,91.353821,95.512978,90.000000,1.353825,0.008540,0.964008
2996,2.996000,91.353821,95.512993,90.000000,1.353825,0.008250,0.964008
2997,2.997000,91.353821,95.513008,90.000000,1.353825,0.007954,0.964008
2998,2.998000,91.353821,95.513016,90.000000,1.353825,0.007678,0.964008
2999,2.999000,91.353813,95.513031,90.000000,1.353819,0.007363,0.964009
3000,3.000000,91.353813,95.513046,90.000000,1.353819,0.007057,0.964009
3001,3.001000,91.353806,95.513069,90.000000,1.353812,0.006740,0.964009
3002,3.002000,91.353806,95.513077,90.000000,1.353812,0.006418,0.964010
3003,3.003000,91.353806,95.513100,90.000000,1.353805,0.006093,0.964010
3004,3.004000,91.353798,95.513115,90.000000,1.353798,0.005777,0.964010
3005,3.005000,91.353798,95.513138,90.000000,1.353798,0.005451,0.964011
3006,3.006000,91.353790,95.513153,90.000000,1.353791,0.005124,0.964011
3007,3.007000,91.353783,95.513168,90.000000,1.353784,0.004798,0.964012
3008,3.008000,91.353775,95.513191,90.000000,1.353778,0.004456,0.964012
3009,3.009000,91.353767,95.513206,90.000000,1.353771,0.004093,0.964012
3010,3.010000,91.353760,95.513229,90.000000,1.353764,0.003750,0.964013
3011,3.011000,91.353752,95.513252,90.000000,1.353757,0.003418,0.964013
3012,3.012000,91.353745,95.513268,90.000000,1.353750,0.003087,0.964014
3013,3.013000,91.353745,95.513290,90.000000,1.353743,0.002740,0.964014
3014,3.014000,91.353729,95.513321,90.000000,1.353730,0.002387,0.964015
3015,3.015000,91.353722,95.513336,90.000000,1.353723,0.002050,0.964015
3016,3.016000,91.353714,95.513359,90.000000,1.353716,0.001722,0.964016
3017,3.017000,91.353706,95.513382,90.000000,1.353709,0.001389,0.964016
3018,3.018000,91.353691,95.513405,90.000000,1.353696,0.001049,0.964017
3019,3.019000,91.353683,95.513428,90.000000,1.353689,0.000698,0.964018
3020,3.020000,91.353676,95.513451,90.000000,1.353682,0.000355,0.964018
3021,3.021000,91.353668,95.513466,90.000000,1.353668,0.000044,0.964019
3022,3.022000,91.353661,95.513496,90.000000,1.353661,-0.000248,0.964019
3023,3.023000,91.353645,95.513519,90.000000,1.353648,-0.000586,0.964020
3024,3.024000,91.353638,95.513535,90.000000,1.353641,-0.000894,0.964021
3025,3.025000,91.353622,95.513565,90.000000,1.353627,-0.001205,0.964021
3026,3.026000,91.353615,95.513588,90.000000,1.353614,-0.001530,0.964022
3027,3.027000,91.353607,95.513603,90.000000,1.353607,-0.001831,0.964022
3028,3.028000,91.353592,95.513626,90.000000,1.353593,-0.002119,0.964023
3029,3.029000,91.353584,95.513657,90.000000,1.353586,-0.002417,0.964024
3030,3.030000,91.353569,95.513672,90.000000,1.353573,-0.002721,0.964024
3031,3.031000,91.353554,95.513695,90.000000,1.353559,-0.003005,0.964025
3032,3.032000,91.353546,95.513725,90.000000,1.353552,-0.003277,0.964025
3033,3.033000,91.353539,95.513741,90.000000,1.353539,-0.003543,0.964026
3034,3.034000,91.353523,95.513763,90.000000,1.353525,-0.003805,0.964027
3035,3.035000,91.353516,95.513786,90.000000,1.353518,-0.004067,0.964027
3036,3.036000,91.353500,95.513802,90.000000,1.353504,-0.004322,0.964028
3037,3.037000,91.353485,95.513824,90.000000,1.353491,-0.004579,0.964028
3038,3.038000,91.353477,95.513847,90.000000,1.353477,-0.004845,0.964029
3039,3.039000,91.353470,95.513863,90.000000,1.353470,-0.005064,0.964030
3040,3.040000,91.353455,95.513885,90.000000,1.353456,-0.005306,0.964030
3041,3.041000,91.353439,95.513908,90.000000,1.353443,-0.005517,0.964031
3042,3.042000,91.353432,95.513924,90.000000,1.353436,-0.005727,0.964031
3043,3.043000,91.353416,95.513947,90.000000,1.353422,-0.005923,0.964032
3044,3.044000,91.353409,95.513969,90.000000,1.353409,-0.006139,0.964032
3045,3.045000,91.353401,95.513985,90.000000,1.353402,-0.006328,0.964033
3046,3.046000,91.353386,95.514000,90.000000,1.353388,-0.006512,0.964034
3047,3.047000,91.353371,95.514015,90.000000,1.353375,-0.006671,0.964034
3048,3.048000,91.353363,95.514038,90.000000,1.353368,-0.006856,0.964035
3049,3.049000,91.353355,95.514053,90.000000,1.353354,-0.007038,0.964035
3050,3.050000,91.353340,95.514069,90.000000,1.353340,-0.007182,0.964036
3051,3.051000,91.353333,95.514084,90.000000,1.353334,-0.007317,0.964036
3052,3.052000,91.353317,95.514099,90.000000,1.353320,-0.007441,0.964037
3053,3.053000,91.353310,95.514114,90.000000,1.353313,-0.007578,0.964037
3054,3.054000,91.353294,95.514130,90.000000,1.353299,-0.007674,0.964038
3055,3.055000,91.353287,95.514145,90.000000,1.353293,-0.007811,0.964038
3056,3.056000,91.353279,95.514153,90.000000,1.353279,-0.007896,0.964038
3057,3.057000,91.353271,95.514168,90.000000,1.353272,-0.007977,0.964039
3058,3.058000,91.353264,95.514183,90.000000,1.353265,-0.008059,0.964039
3059,3.059000,91.353249,95.514191,90.000000,1.353252,-0.008132,0.964040
3060,3.060000,91.353241,95.514198,90.000000,1.353245,-0.008196,0.964040
3061,3.061000,91.353233,95.514214,90.000000,1.353238,-0.008228,0.964040
3062,3.062000,91.353218,95.514221,90.000000,1.353224,-0.008290,0.964041
3063,3.063000,91.353218,95.514236,90.000000,1.353217,-0.008318,0.964041
3064,3.064000,91.353210,95.514244,90.000000,1.353211,-0.008367,0.964042
3065,3.065000,91.353203,95.514252,90.000000,1.353204,-0.008399,0.964042
3066,3.066000,91.353195,95.514252,90.000000,1.353197,-0.008402,0.964042
3067,3.067000,91.353180,95.514259,90.000000,1.353183,-0.008418,0.964042
3068,3.068000,91.353172,95.514267,90.000000,1.353176,-0.008411,0.964043
3069,3.069000,91.353165,95.514275,90.000000,1.353170,-0.008425,0.964043
3070,3.070000,91.353157,95.514282,90.000000,1.353163,-0.008409,0.964043
3071,3.071000,91.353157,95.514290,90.000000,1.353156,-0.008377,0.964043
3072,3.072000,91.353157,95.514290,90.000000,1.353156,-0.008326,0.964044
3073,3.073000,91.353149,95.514297,90.000000,1.353149,-0.008282,0.964044
3074,3.074000,91.353142,95.514297,90.000000,1.353142,-0.008241,0.964044
3075,3.075000,91.353134,95.514305,90.000000,1.353136,-0.008187,0.964044
3076,3.076000,91.353127,95.514305,90.000000,1.353129,-0.008127,0.964044
3077,3.077000,91.353127,95.514305,90.000000,1.353129,-0.008037,0.964044
3078,3.078000,91.353119,95.514305,90.000000,1.353122,-0.007942,0.964045
3079,3.079000,91.353111,95.514305,90.000000,1.353115,-0.007846,0.964045
3080,3.080000,91.353111,95.514305,90.000000,1.353115,-0.007744,0.964045
3081,3.081000,91.353104,95.514305,90.000000,1.353108,-0.007622,0.964045
3082,3.082000,91.353104,95.514305,90.000000,1.353108,-0.007497,0.964045
3083,3.083000,91.353104,95.514297,90.000000,1.353108,-0.007384,0.964045
3084,3.084000,91.353096,95.514297,90.000000,1.353101,-0.007254,0.964045
3085,3.085000,91.353096,95.514290,90.000000,1.353101,-0.007109,0.964045
3086,3.086000,91.353096,95.514290,90.000000,1.353101,-0.006964,0.964045
3087,3.087000,91.353088,95.514282,90.000000,1.353095,-0.006840,0.964045
3088,3.088000,91.353088,95.514275,90.000000,1.353095,-0.006686,0.964045
3089,3.089000,91.353088,95.514275,90.000000,1.353095,-0.006540,0.964045
3090,3.090000,91.353088,95.514267,90.000000,1.353095,-0.006376,0.964045
3091,3.091000,91.353088,95.514259,90.000000,1.353095,-0.006203,0.964045
3092,3.092000,91.353088,95.514252,90.000000,1.353095,-0.006025,0.964045
3093,3.093000,91.353088,95.514252,90.000000,1.353095,-0.005848,0.964044
3094,3.094000,91.353088,95.514244,90.000000,1.353095,-0.005681,0.964044
3095,3.095000,91.353088,95.514236,90.000000,1.353095,-0.005496,0.964044
3096,3.096000,91.353088,95.514221,90.000000,1.353095,-0.005313,0.964044
3097,3.097000,91.353088,95.514214,90.000000,1.353095,-0.005126,0.964044
3098,3.098000,91.353096,95.514206,90.000000,1.353101,-0.004939,0.964044
3099,3.099000,91.353096,95.514191,90.000000,1.353101,-0.004748,0.964044
3100,3.100000,91.353096,95.514183,90.000000,1.353101,-0.004567,0.964043
3101,3.101000,91.353096,95.514175,90.000000,1.353101,-0.004380,0.964043
3102,3.102000,91.353104,95.514168,90.000000,1.353108,-0.004160,0.964043
3103,3.103000,91.353104,95.514153,90.000000,1.353108,-0.003935,0.964043
3104,3.104000,91.353111,95.514137,90.000000,1.353115,-0.003742,0.964042
3105,3.105000,91.353111,95.514130,90.000000,1.353115,-0.003539,0.964042
3106,3.106000,91.353119,95.514122,90.000000,1.353122,-0.003327,0.964042
3107,3.107000,91.353119,95.514107,90.000000,1.353122,-0.003116,0.964042
3108,3.108000,91.353127,95.514091,90.000000,1.353129,-0.002906,0.964041
3109,3.109000,91.353134,95.514076,90.000000,1.353136,-0.002679,0.964041
3110,3.110000,91.353134,95.514069,90.000000,1.353136,-0.002477,0.964041
3111,3.111000,91.353142,95.514053,90.000000,1.353142,-0.002266,0.964040
3112,3.112000,91.353149,95.514046,90.000000,1.353149,-0.002031,0.964040
3113,3.113000,91.353149,95.514030,90.000000,1.353149,-0.001810,0.964040
3114,3.114000,91.353157,95.514015,90.000000,1.353156,-0.001573,0.964039
3115,3.115000,91.353157,95.514000,90.000000,1.353163,-0.001338,0.964039
3116,3.116000,91.353165,95.513985,90.000000,1.353170,-0.001118,0.964039
3117,3.117000,91.353172,95.513969,90.000000,1.353176,-0.000920,0.964038
3118,3.118000,91.353180,95.513954,90.000000,1.353183,-0.000710,0.964038
3119,3.119000,91.353180,95.513939,90.000000,1.353183,-0.000504,0.964038
3120,3.120000,91.353188,95.513924,90.000000,1.353190,-0.000276,0.964037
3121,3.121000,91.353195,95.513916,90.000000,1.353197,-0.000065,0.964037
3122,3.122000,91.353203,95.513901,90.000000,1.353204,0.000122,0.964037
3123,3.123000,91.353210,95.513885,90.000000,1.353211,0.000332,0.964036
3124,3.124000,91.353218,95.513870,90.000000,1.353217,0.000539,0.964036
3125,3.125000,91.353218,95.513855,90.000000,1.353224,0.000739,0.964035
3126,3.126000,91.353226,95.513840,90.000000,1.353231,0.000948,0.964035
3127,3.127000,91.353233,95.513824,90.000000,1.353238,0.001155,0.964035
3128,3.128000,91.353241,95.513809,90.000000,1.353245,0.001320,0.964034
3129,3.129000,91.353249,95.513794,90.000000,1.353252,0.001511,0.964034
3130,3.130000,91.353256,95.513786,90.000000,1.353258,0.001702,0.964033
3131,3.131000,91.353271,95.513771,90.000000,1.353272,0.001877,0.964033
3132,3.132000,91.353279,95.513756,90.000000,1.353279,0.002058,0.964033
3133,3.133000,91.353287,95.513741,90.000000,1.353286,0.002235,0.964032
3134,3.134000,91.353287,95.513725,90.000000,1.353293,0.002409,0.964032
3135,3.135000,91.353294,95.513718,90.000000,1.353299,0.002595,0.964031
3136,3.136000,91.353302,95.513702,90.000000,1.353306,0.002762,0.964031
3137,3.137000,91.353310,95.513687,90.000000,1.353313,0.002954,0.964031
3138,3.138000,91.353317,95.513672,90.000000,1.353320,0.003114,0.964030
3139,3.139000,91.353325,95.513664,90.000000,1.353327,0.003278,0.964030
3140,3.140000,91.353333,95.513649,90.000000,1.353334,0.003431,0.964029
3141,3.141000,91.353348,95.513634,90.000000,1.353347,0.003606,0.964029
3142,3.142000,91.353355,95.513618,90.000000,1.353354,0.003737,0.964029
3143,3.143000,91.353355,95.513603,90.000000,1.353361,0.003876,0.964028
3144,3.144000,91.353363,95.513596,90.000000,1.353368,0.003978,0.964028
3145,3.145000,91.353371,95.513588,90.000000,1.353375,0.004085,0.964028
3146,3.146000,91.353378,95.513573,90.000000,1.353381,0.004222,0.964027
3147,3.147000,91.353386,95.513557,90.000000,1.353388,0.004328,0.964027
3148,3.148000,91.353394,95.513550,90.000000,1.353395,0.004435,0.964027
3149,3.149000,91.353401,95.513535,90.000000,1.353402,0.004532,0.964026
3150,3.150000,91.353409,95.513535,90.000000,1.353409,0.004652,0.964026
3151,3.151000,91.353416,95.513519,90.000000,1.353416,0.004740,0.964026
3152,3.152000,91.353416,95.513512,90.000000,1.353422,0.004829,0.964025
3153,3.153000,91.353424,95.513496,90.000000,1.353429,0.004899,0.964025
3154,3.154000,91.353432,95.513489,90.000000,1.353436,0.004973,0.964025
3155,3.155000,91.353439,95.513481,90.000000,1.353443,0.005064,0.964024
3156,3.156000,91.353447,95.513466,90.000000,1.353450,0.005121,0.964024
3157,3.157000,91.353455,95.513466,90.000000,1.353456,0.005183,0.964024
3158,3.158000,91.353462,95.513458,90.000000,1.353463,0.005248,0.964024
3159,3.159000,91.353470,95.513451,90.000000,1.353470,0.005299,0.964023
3160,3.160000,91.353477,95.513443,90.000000,1.353477,0.005343,0.964023
3161,3.161000,91.353485,95.513435,90.000000,1.353484,0.005386,0.964023
3162,3.162000,91.353485,95.513428,90.000000,1.353484,0.005409,0.964023
3163,3.163000,91.353485,95.513420,90.000000,1.353491,0.005439,0.964022
3164,3.164000,91.353493,95.513412,90.000000,1.353498,0.005441,0.964022
3165,3.165000,91.353500,95.513412,90.000000,1.353504,0.005455,0.964022
3166,3.166000,91.353508,95.513405,90.000000,1.353511,0.005443,0.964022
3167,3.167000,91.353508,95.513405,90.000000,1.353511,0.005451,0.964022
3168,3.168000,91.353516,95.513405,90.000000,1.353518,0.005451,0.964021
3169,3.169000,91.353523,95.513397,90.000000,1.353525,0.005447,0.964021
3170,3.170000,91.353523,95.513397,90.000000,1.353525,0.005435,0.964021
3171,3.171000,91.353531,95.513390,90.000000,1.353532,0.005405,0.964021
3172,3.172000,91.353531,95.513390,90.000000,1.353532,0.005372,0.964021
3173,3.173000,91.353539,95.513382,90.000000,1.353539,0.005338,0.964021
3174,3.174000,91.353546,95.513382,90.000000,1.353545,0.005311,0.964020
3175,3.175000,91.353546,95.513382,90.000000,1.353545,0.005254,0.964020
3176,3.176000,91.353546,95.513382,90.000000,1.353545,0.005203,0.964020
3177,3.177000,91.353546,95.513382,90.000000,1.353552,0.005163,0.964020
3178,3.178000,91.353546,95.513382,90.000000,1.353552,0.005096,0.964020
3179,3.179000,91.353554,95.513382,90.000000,1.353559,0.005051,0.964020
3180,3.180000,91.353554,95.513382,90.000000,1.353559,0.004988,0.964020
3181,3.181000,91.353554,95.513382,90.000000,1.353559,0.004906,0.964020
3182,3.182000,91.353561,95.513382,90.000000,1.353566,0.004845,0.964020
3183,3.183000,91.353561,95.513382,90.000000,1.353566,0.004766,0.964020
3184,3.184000,91.353561,95.513390,90.000000,1.353566,0.004676,0.964020
3185,3.185000,91.353561,95.513390,90.000000,1.353566,0.004573,0.964020
3186,3.186000,91.353569,95.513390,90.000000,1.353573,0.004498,0.964020
3187,3.187000,91.353569,95.513397,90.000000,1.353573,0.004405,0.964020
3188,3.188000,91.353569,95.513397,90.000000,1.353573,0.004299,0.964020
3189,3.189000,91.353569,95.513405,90.000000,1.353573,0.004201,0.964020
3190,3.190000,91.353569,95.513405,90.000000,1.353573,0.004106,0.964020
3191,3.191000,91.353569,95.513405,90.000000,1.353573,0.004018,0.964020
3192,3.192000,91.353569,95.513405,90.000000,1.353573,0.003917,0.964020
3193,3.193000,91.353569,95.513412,90.000000,1.353573,0.003803,0.964020
3194,3.194000,91.353569,95.513420,90.000000,1.353573,0.003696,0.964020
3195,3.195000,91.353569,95.513428,90.000000,1.353573,0.003576,0.964020
3196,3.196000,91.353569,95.513428,90.000000,1.353573,0.003461,0.964020
3197,3.197000,91.353569,95.513435,90.000000,1.353573,0.003353,0.964020
3198,3.198000,91.353569,95.513443,90.000000,1.353573,0.003218,0.964021
3199,3.199000,91.353569,95.513451,90.000000,1.353573,0.003084,0.964021
3200,3.200000,91.353561,95.513458,90.000000,1.353566,0.002947,0.964021
3201,3.201000,91.353561,95.513466,90.000000,1.353566,0.002807,0.964021
3202,3.202000,91.353561,95.513466,90.000000,1.353566,0.002674,0.964021
3203,3.203000,91.353561,95.513474,90.000000,1.353566,0.002540,0.964021
3204,3.204000,91.353554,95.513481,90.000000,1.353559,0.002397,0.964021
3205,3.205000,91.353554,95.513489,90.000000,1.353559,0.002264,0.964022
3206,3.206000,91.353554,95.513496,90.000000,1.353559,0.002120,0.964022
3207,3.207000,91.353546,95.513512,90.000000,1.353552,0.001979,0.964022
3208,3.208000,91.353546,95.513519,90.000000,1.353552,0.001853,0.964022
3209,3.209000,91.353546,95.513527,90.000000,1.353552,0.001703,0.964022
3210,3.210000,91.353546,95.513535,90.000000,1.353545,0.001564,0.964023
3211,3.211000,91.353546,95.513535,90.000000,1.353545,0.001431,0.964023
3212,3.212000,91.353539,95.513550,90.000000,1.353539,0.001292,0.964023
3213,3.213000,91.353539,95.513557,90.000000,1.353539,0.001152,0.964023
3214,3.214000,91.353531,95.513565,90.000000,1.353532,0.001029,0.964023
3215,3.215000,91.353531,95.513580,90.000000,1.353532,0.000877,0.964024
3216,3.216000,91.353523,95.513588,90.000000,1.353525,0.000738,0.964024
3217,3.217000,91.353523,95.513596,90.000000,1.353525,0.000590,0.964024
3218,3.218000,91.353516,95.513603,90.000000,1.353518,0.000433,0.964024
3219,3.219000,91.353516,95.513611,90.000000,1.353518,0.000288,0.964024
3220,3.220000,91.353508,95.513618,90.000000,1.353511,0.000138,0.964025
3221,3.221000,91.353500,95.513634,90.000000,1.353504,0.000007,0.964025
3222,3.222000,91.353500,95.513641,90.000000,1.353504,-0.000128,0.964025
3223,3.223000,91.353493,95.513657,90.000000,1.353498,-0.000260,0.964025
3224,3.224000,91.353485,95.513664,90.000000,1.353491,-0.000402,0.964026
3225,3.225000,91.353485,95.513664,90.000000,1.353491,-0.000527,0.964026
3226,3.226000,91.353485,95.513680,90.000000,1.353484,-0.000649,0.964026
3227,3.227000,91.353477,95.513687,90.000000,1.353477,-0.000755,0.964026
3228,3.228000,91.353477,95.513695,90.000000,1.353477,-0.000898,0.964027
3229,3.229000,91.353470,95.513710,90.000000,1.353470,-0.001007,0.964027
3230,3.230000,91.353462,95.513718,90.000000,1.353463,-0.001135,0.964027
3231,3.231000,91.353462,95.513725,90.000000,1.353463,-0.001237,0.964027
3232,3.232000,91.353455,95.513733,90.000000,1.353456,-0.001364,0.964028
3233,3.233000,91.353447,95.513741,90.000000,1.353450,-0.001465,0.964028
3234,3.234000,91.353447,95.513756,90.000000,1.353450,-0.001580,0.964028
3235,3.235000,91.353439,95.513763,90.000000,1.353443,-0.001688,0.964028
3236,3.236000,91.353432,95.513771,90.000000,1.353436,-0.001792,0.964029
3237,3.237000,91.353424,95.513779,90.000000,1.353429,-0.001915,0.964029
3238,3.238000,91.353424,95.513794,90.000000,1.353429,-0.002022,0.964029
3239,3.239000,91.353416,95.513794,90.000000,1.353422,-0.002128,0.964029
3240,3.240000,91.353416,95.513802,90.000000,1.353416,-0.002209,0.964030
3241,3.241000,91.353416,95.513809,90.000000,1.353416,-0.002298,0.964030
3242,3.242000,91.353409,95.513824,90.000000,1.353409,-0.002381,0.964030
3243,3.243000,91.353401,95.513832,90.000000,1.353402,-0.002479,0.964030
3244,3.244000,91.353401,95.513840,90.000000,1.353402,-0.002547,0.964031
3245,3.245000,91.353394,95.513847,90.000000,1.353395,-0.002612,0.964031
3246,3.246000,91.353386,95.513855,90.000000,1.353388,-0.002684,0.964031
3247,3.247000,91.353378,95.513855,90.000000,1.353381,-0.002768,0.964031
3248,3.248000,91.353378,95.513863,90.000000,1.353381,-0.002841,0.964032
3249,3.249000,91.353371,95.513870,90.000000,1.353375,-0.002934,0.964032
3250,3.250000,91.353363,95.513878,90.000000,1.353368,-0.003006,0.964032
3251,3.251000,91.353363,95.513885,90.000000,1.353368,-0.003062,0.964032
3252,3.252000,91.353355,95.513893,90.000000,1.353361,-0.003116,0.964032
3253,3.253000,91.353355,95.513901,90.000000,1.353361,-0.003184,0.964033
3254,3.254000,91.353355,95.513908,90.000000,1.353354,-0.003223,0.964033
3255,3.255000,91.353348,95.513916,90.000000,1.353347,-0.003269,0.964033
3256,3.256000,91.353348,95.513924,90.000000,1.353347,-0.003313,0.964033
3257,3.257000,91.353340,95.513924,90.000000,1.353340,-0.003321,0.964033
3258,3.258000,91.353333,95.513924,90.000000,1.353334,-0.003344,0.964034
3259,3.259000,91.353333,95.513931,90.000000,1.353334,-0.003362,0.964034
3260,3.260000,91.353325,95.513931,90.000000,1.353327,-0.003407,0.964034
3261,3.261000,91.353325,95.513939,90.000000,1.353327,-0.003416,0.964034
3262,3.262000,91.353317,95.513947,90.000000,1.353320,-0.003464,0.964034
3263,3.263000,91.353317,95.513947,90.000000,1.353320,-0.003492,0.964034
3264,3.264000,91.353310,95.513954,90.000000,1.353313,-0.003493,0.964034
3265,3.265000,91.353310,95.513954,90.000000,1.353313,-0.003519,0.964035
3266,3.266000,91.353302,95.513962,90.000000,1.353306,-0.003531,0.964035
3267,3.267000,91.353302,95.513962,90.000000,1.353306,-0.003536,0.964035
3268,3.268000,91.353294,95.513969,90.000000,1.353299,-0.003529,0.964035
3269,3.269000,91.353294,95.513969,90.000000,1.353299,-0.003523,0.964035
3270,3.270000,91.353294,95.513969,90.000000,1.353299,-0.003488,0.964035
3271,3.271000,91.353287,95.513977,90.000000,1.353293,-0.003480,0.964035
3272,3.272000,91.353287,95.513977,90.000000,1.353293,-0.003475,0.964035
3273,3.273000,91.353287,95.513977,90.000000,1.353286,-0.003443,0.964035
3274,3.274000,91.353287,95.513977,90.000000,1.353286,-0.003434,0.964036
3275,3.275000,91.353287,95.513977,90.000000,1.353286,-0.003397,0.964036
3276,3.276000,91.353279,95.513977,90.000000,1.353279,-0.003364,0.964036
3277,3.277000,91.353279,95.513985,90.000000,1.353279,-0.003341,0.964036
3278,3.278000,91.353279,95.513985,90.000000,1.353279,-0.003300,0.964036
3279,3.279000,91.353279,95.513985,90.000000,1.353279,-0.003272,0.964036
3280,3.280000,91.353271,95.513985,90.000000,1.353272,-0.003232,0.964036
3281,3.281000,91.353271,95.513977,90.000000,1.353272,-0.003174,0.964036
3282,3.282000,91.353271,95.513977,90.000000,1.353272,-0.003117,0.964036
3283,3.283000,91.353271,95.513977,90.000000,1.353272,-0.003088,0.964036
3284,3.284000,91.353271,95.513977,90.000000,1.353272,-0.003031,0.964036
3285,3.285000,91.353271,95.513977,90.000000,1.353272,-0.002962,0.964036
3286,3.286000,91.353264,95.513977,90.000000,1.353265,-0.002920,0.964036
3287,3.287000,91.353264,95.513969,90.000000,1.353265,-0.002859,0.964036
3288,3.288000,91.353264,95.513969,90.000000,1.353265,-0.002782,0.964036
3289,3.289000,91.353264,95.513969,90.000000,1.353265,-0.002722,0.964036
3290,3.290000,91.353264,95.513962,90.000000,1.353265,-0.002648,0.964036
3291,3.291000,91.353264,95.513962,90.000000,1.353265,-0.002582,0.964036
3292,3.292000,91.353264,95.513962,90.000000,1.353265,-0.002531,0.964036
3293,3.293000,91.353264,95.513954,90.000000,1.353265,-0.002465,0.964036
3294,3.294000,91.353264,95.513954,90.000000,1.353265,-0.002379,0.964036
3295,3.295000,91.353264,95.513947,90.000000,1.353265,-0.002313,0.964036
3296,3.296000,91.353264,95.513947,90.000000,1.353265,-0.002227,0.964036
3297,3.297000,91.353264,95.513939,90.000000,1.353265,-0.002141,0.964036
3298,3.298000,91.353264,95.513939,90.000000,1.353265,-0.002070,0.964035
3299,3.299000,91.353271,95.513931,90.000000,1.353272,-0.001983,0.964035
3300,3.300000,91.353271,95.513924,90.000000,1.353272,-0.001872,0.964035
3301,3.301000,91.353271,95.513924,90.000000,1.353272,-0.001774,0.964035
3302,3.302000,91.353271,95.513924,90.000000,1.353272,-0.001698,0.964035
3303,3.303000,91.353271,95.513916,90.000000,1.353272,-0.001618,0.964035
3304,3.304000,91.353271,95.513916,90.000000,1.353272,-0.001526,0.964035
3305,3.305000,91.353279,95.513908,90.000000,1.353279,-0.001437,0.964035
3306,3.306000,91.353279,95.513901,90.000000,1.353279,-0.001339,0.964035
3307,3.307000,91.353279,95.513893,90.000000,1.353279,-0.001272,0.964035
3308,3.308000,91.353279,95.513893,90.000000,1.353279,-0.001197,0.964034
3309,3.309000,91.353287,95.513885,90.000000,1.353286,-0.001118,0.964034
3310,3.310000,91.353287,95.513878,90.000000,1.353286,-0.001042,0.964034
3311,3.311000,91.353287,95.513870,90.000000,1.353286,-0.000935,0.964034
3312,3.312000,91.353287,95.513870,90.000000,1.353286,-0.000837,0.964034
3313,3.313000,91.353287,95.513863,90.000000,1.353293,-0.000773,0.964034
3314,3.314000,91.353287,95.513855,90.000000,1.353293,-0.000684,0.964034
3315,3.315000,91.353287,95.513855,90.000000,1.353293,-0.000585,0.964033
3316,3.316000,91.353294,95.513847,90.000000,1.353299,-0.000488,0.964033
3317,3.317000,91.353294,95.513840,90.000000,1.353299,-0.000396,0.964033
3318,3.318000,91.353294,95.513832,90.000000,1.353299,-0.000296,0.964033
3319,3.319000,91.353302,95.513832,90.000000,1.353306,-0.000207,0.964033
3320,3.320000,91.353302,95.513824,90.000000,1.353306,-0.000102,0.964033
3321,3.321000,91.353310,95.513817,90.000000,1.353313,0.000001,0.964033
3322,3.322000,91.353310,95.513809,90.000000,1.353313,0.000087,0.964032
3323,3.323000,91.353310,95.513802,90.000000,1.353313,0.000164,0.964032
3324,3.324000,91.353317,95.513794,90.000000,1.353320,0.000251,0.964032
3325,3.325000,91.353317,95.513794,90.000000,1.353320,0.000345,0.964032
3326,3.326000,91.353325,95.513786,90.000000,1.353327,0.000408,0.964032
3327,3.327000,91.353325,95.513779,90.000000,1.353327,0.000488,0.964032
3328,3.328000,91.353325,95.513779,90.000000,1.353327,0.000550,0.964031
3329,3.329000,91.353333,95.513771,90.000000,1.353334,0.000639,0.964031
3330,3.330000,91.353333,95.513763,90.000000,1.353334,0.000724,0.964031
3331,3.331000,91.353340,95.513756,90.000000,1.353340,0.000793,0.964031
3332,3.332000,91.353340,95.513748,90.000000,1.353340,0.000871,0.964031
3333,3.333000,91.353348,95.513741,90.000000,1.353347,0.000962,0.964031
3334,3.334000,91.353348,95.513733,90.000000,1.353347,0.001049,0.964030
3335,3.335000,91.353355,95.513725,90.000000,1.353354,0.001102,0.964030
3336,3.336000,91.353355,95.513725,90.000000,1.353354,0.001169,0.964030
3337,3.337000,91.353355,95.513725,90.000000,1.353361,0.001230,0.964030
3338,3.338000,91.353355,95.513718,90.000000,1.353361,0.001304,0.964030
3339,3.339000,91.353363,95.513710,90.000000,1.353368,0.001365,0.964030
3340,3.340000,91.353363,95.513702,90.000000,1.353368,0.001436,0.964029
3341,3.341000,91.353363,95.513702,90.000000,1.353368,0.001490,0.964029
3342,3.342000,91.353371,95.513695,90.000000,1.353375,0.001531,0.964029
3343,3.343000,91.353371,95.513687,90.000000,1.353375,0.001586,0.964029
3344,3.344000,91.353378,95.513680,90.000000,1.353381,0.001634,0.964029
3345,3.345000,91.353378,95.513680,90.000000,1.353381,0.001681,0.964029
3346,3.346000,91.353386,95.513672,90.000000,1.353388,0.001715,0.964029
3347,3.347000,91.353386,95.513664,90.000000,1.353388,0.001774,0.964028
3348,3.348000,91.353394,95.513664,90.000000,1.353395,0.001812,0.964028
3349,3.349000,91.353394,95.513664,90.000000,1.353395,0.001867,0.964028
3350,3.350000,91.353394,95.513657,90.000000,1.353395,0.001920,0.964028
3351,3.351000,91.353401,95.513657,90.000000,1.353402,0.001966,0.964028
3352,3.352000,91.353401,95.513649,90.000000,1.353402,0.002008,0.964028
3353,3.353000,91.353409,95.513649,90.000000,1.353409,0.002058,0.964028
3354,3.354000,91.353409,95.513641,90.000000,1.353409,0.002099,0.964028
3355,3.355000,91.353416,95.513634,90.000000,1.353416,0.002124,0.964027
3356,3.356000,91.353416,95.513634,90.000000,1.353416,0.002154,0.964027
3357,3.357000,91.353416,95.513626,90.000000,1.353416,0.002150,0.964027
3358,3.358000,91.353416,95.513626,90.000000,1.353422,0.002170,0.964027
3359,3.359000,91.353416,95.513618,90.000000,1.353422,0.002172,0.964027
3360,3.360000,91.353416,95.513618,90.000000,1.353422,0.002195,0.964027
3361,3.361000,91.353424,95.513618,90.000000,1.353429,0.002195,0.964027
3362,3.362000,91.353424,95.513611,90.000000,1.353429,0.002196,0.964027
3363,3.363000,91.353424,95.513611,90.000000,1.353429,0.002237,0.964027
3364,3.364000,91.353432,95.513611,90.000000,1.353436,0.002248,0.964026
3365,3.365000,91.353432,95.513603,90.000000,1.353436,0.002264,0.964026
3366,3.366000,91.353432,95.513603,90.000000,1.353436,0.002271,0.964026
3367,3.367000,91.353439,95.513603,90.000000,1.353443,0.002264,0.964026
3368,3.368000,91.353439,95.513596,90.000000,1.353443,0.002281,0.964026
3369,3.369000,91.353439,95.513596,90.000000,1.353443,0.002280,0.964026
3370,3.370000,91.353447,95.513596,90.000000,1.353450,0.002269,0.964026
3371,3.371000,91.353447,95.513596,90.000000,1.353450,0.002250,0.964026
3372,3.372000,91.353447,95.513596,90.000000,1.353450,0.002230,0.964026
3373,3.373000,91.353447,95.513596,90.000000,1.353450,0.002202,0.964026
3374,3.374000,91.353447,95.513596,90.000000,1.353450,0.002219,0.964026
3375,3.375000,91.353455,95.513596,90.000000,1.353456,0.002188,0.964026
3376,3.376000,91.353455,95.513596,90.000000,1.353456,0.002168,0.964026
3377,3.377000,91.353455,95.513596,90.000000,1.353456,0.002145,0.964026
3378,3.378000,91.353455,95.513596,90.000000,1.353456,0.002132,0.964026
3379,3.379000,91.353455,95.513596,90.000000,1.353456,0.002117,0.964026
3380,3.380000,91.353462,95.513596,90.000000,1.353463,0.002084,0.964026
3381,3.381000,91.353462,95.513596,90.000000,1.353463,0.002062,0.964025
3382,3.382000,91.353462,95.513596,90.000000,1.353463,0.002021,0.964025
3383,3.383000,91.353462,95.513596,90.000000,1.353463,0.001993,0.964025
3384,3.384000,91.353462,95.513596,90.000000,1.353463,0.001951,0.964025
3385,3.385000,91.353462,95.513596,90.000000,1.353463,0.001895,0.964025
3386,3.386000,91.353462,95.513596,90.000000,1.353463,0.001859,0.964025
3387,3.387000,91.353462,95.513596,90.000000,1.353463,0.001831,0.964025
3388,3.388000,91.353462,95.513596,90.000000,1.353463,0.001780,0.964025
3389,3.389000,91.353462,95.513596,90.000000,1.353463,0.001729,0.964025
3390,3.390000,91.353462,95.513603,90.000000,1.353463,0.001687,0.964025
3391,3.391000,91.353462,95.513603,90.000000,1.353463,0.001632,0.964026
3392,3.392000,91.353462,95.513603,90.000000,1.353463,0.001600,0.964026
3393,3.393000,91.353462,95.513603,90.000000,1.353463,0.001580,0.964026
3394,3.394000,91.353462,95.513611,90.000000,1.353463,0.001519,0.964026
3395,3.395000,91.353462,95.513611,90.000000,1.353463,0.001465,0.964026
3396,3.396000,91.353462,95.513611,90.000000,1.353463,0.001430,0.964026
3397,3.397000,91.353462,95.513618,90.000000,1.353463,0.001387,0.964026
3398,3.398000,91.353462,95.513618,90.000000,1.353463,0.001317,0.964026
3399,3.399000,91.353462,95.513618,90.000000,1.353463,0.001274,0.964026
3400,3.400000,91.353462,95.513626,90.000000,1.353463,0.001222,0.964026
3401,3.401000,91.353462,95.513626,90.000000,1.353463,0.001142,0.964026
3402,3.402000,91.353462,95.513634,90.000000,1.353463,0.001096,0.964026
3403,3.403000,91.353462,95.513634,90.000000,1.353463,0.001044,0.964026
3404,3.404000,91.353462,95.513641,90.000000,1.353463,0.000999,0.964026
3405,3.405000,91.353462,95.513641,90.000000,1.353463,0.000939,0.964026
3406,3.406000,91.353455,95.513641,90.000000,1.353456,0.000866,0.964026
3407,3.407000,91.353455,95.513649,90.000000,1.353456,0.000811,0.964026
3408,3.408000,91.353455,95.513649,90.000000,1.353456,0.000747,0.964026
3409,3.409000,91.353455,95.513657,90.000000,1.353456,0.000710,0.964027
3410,3.410000,91.353455,95.513657,90.000000,1.353456,0.000658,0.964027
3411,3.411000,91.353455,95.513664,90.000000,1.353456,0.000611,0.964027
3412,3.412000,91.353447,95.513664,90.000000,1.353450,0.000549,0.964027
3413,3.413000,91.353447,95.513664,90.000000,1.353450,0.000505,0.964027
3414,3.414000,91.353447,95.513672,90.000000,1.353450,0.000468,0.964027
3415,3.415000,91.353447,95.513672,90.000000,1.353450,0.000403,0.964027
3416,3.416000,91.353447,95.513680,90.000000,1.353450,0.000331,0.964027
3417,3.417000,91.353439,95.513680,90.000000,1.353443,0.000262,0.964027
3418,3.418000,91.353439,95.513687,90.000000,1.353443,0.000212,0.964027
3419,3.419000,91.353439,95.513687,90.000000,1.353443,0.000139,0.964027
3420,3.420000,91.353439,95.513695,90.000000,1.353443,0.000077,0.964028
3421,3.421000,91.353432,95.513702,90.000000,1.353436,-0.000008,0.964028
3422,3.422000,91.353432,95.513702,90.000000,1.353436,-0.000089,0.964028
3423,3.423000,91.353432,95.513710,90.000000,1.353436,-0.000118,0.964028
3424,3.424000,91.353432,95.513710,90.000000,1.353436,-0.000176,0.964028
3425,3.425000,91.353424,95.513718,90.000000,1.353429,-0.000202,0.964028
3426,3.426000,91.353424,95.513718,90.000000,1.353429,-0.000274,0.964028
3427,3.427000,91.353424,95.513725,90.000000,1.353429,-0.000309,0.964028
3428,3.428000,91.353416,95.513725,90.000000,1.353422,-0.000362,0.964028
3429,3.429000,91.353416,95.513725,90.000000,1.353422,-0.000401,0.964028
3430,3.430000,91.353416,95.513733,90.000000,1.353422,-0.000451,0.964029
3431,3.431000,91.353416,95.513733,90.000000,1.353422,-0.000486,0.964029
3432,3.432000,91.353416,95.513741,90.000000,1.353416,-0.000504,0.964029
3433,3.433000,91.353416,95.513741,90.000000,1.353416,-0.000593,0.964029
3434,3.434000,91.353416,95.513748,90.000000,1.353416,-0.000638,0.964029
3435,3.435000,91.353409,95.513748,90.000000,1.353409,-0.000712,0.964029
3436,3.436000,91.353409,95.513756,90.000000,1.353409,-0.000764,0.964029
3437,3.437000,91.353409,95.513756,90.000000,1.353409,-0.000821,0.964029
3438,3.438000,91.353409,95.513763,90.000000,1.353409,-0.000857,0.964029
3439,3.439000,91.353401,95.513771,90.000000,1.353402,-0.000899,0.964029
3440,3.440000,91.353401,95.513771,90.000000,1.353402,-0.000957,0.964030
3441,3.441000,91.353401,95.513779,90.000000,1.353402,-0.000967,0.964030
3442,3.442000,91.353394,95.513779,90.000000,1.353395,-0.000994,0.964030
3443,3.443000,91.353394,95.513786,90.000000,1.353395,-0.001007,0.964030
3444,3.444000,91.353394,95.513786,90.000000,1.353395,-0.001055,0.964030
3445,3.445000,91.353386,95.513786,90.000000,1.353388,-0.001072,0.964030
3446,3.446000,91.353386,95.513794,90.000000,1.353388,-0.001112,0.964030
3447,3.447000,91.353386,95.513794,90.000000,1.353388,-0.001149,0.964030
3448,3.448000,91.353386,95.513794,90.000000,1.353388,-0.001172,0.964030
3449,3.449000,91.353378,95.513794,90.000000,1.353381,-0.001218,0.964030
3450,3.450000,91.353378,95.513802,90.000000,1.353381,-0.001250,0.964031
3451,3.451000,91.353378,95.513802,90.000000,1.353381,-0.001270,0.964031
3452,3.452000,91.353371,95.513802,90.000000,1.353375,-0.001284,0.964031
3453,3.453000,91.353371,95.513809,90.000000,1.353375,-0.001302,0.964031
3454,3.454000,91.353371,95.513809,90.000000,1.353375,-0.001322,0.964031
3455,3.455000,91.353371,95.513817,90.000000,1.353375,-0.001331,0.964031
3456,3.456000,91.353363,95.513817,90.000000,1.353368,-0.001365,0.964031
3457,3.457000,91.353363,95.513817,90.000000,1.353368,-0.001378,0.964031
3458,3.458000,91.353363,95.513817,90.000000,1.353368,-0.001380,0.964031
3459,3.459000,91.353363,95.513824,90.000000,1.353368,-0.001410,0.964031
3460,3.460000,91.353355,95.513824,90.000000,1.353361,-0.001425,0.964031
3461,3.461000,91.353355,95.513824,90.000000,1.353361,-0.001430,0.964031
3462,3.462000,91.353355,95.513832,90.000000,1.353361,-0.001435,0.964031
3463,3.463000,91.353355,95.513832,90.000000,1.353361,-0.001435,0.964032
3464,3.464000,91.353355,95.513832,90.000000,1.353361,-0.001427,0.964032
3465,3.465000,91.353355,95.513832,90.000000,1.353354,-0.001432,0.964032
3466,3.466000,91.353355,95.513832,90.000000,1.353354,-0.001418,0.964032
3467,3.467000,91.353355,95.513840,90.000000,1.353354,-0.001411,0.964032
3468,3.468000,91.353355,95.513840,90.000000,1.353354,-0.001398,0.964032
3469,3.469000,91.353355,95.513840,90.000000,1.353354,-0.001402,0.964032
3470,3.470000,91.353348,95.513840,90.000000,1.353347,-0.001422,0.964032
3471,3.471000,91.353348,95.513840,90.000000,1.353347,-0.001444,0.964032
3472,3.472000,91.353348,95.513840,90.000000,1.353347,-0.001444,0.964032
3473,3.473000,91.353348,95.513840,90.000000,1.353347,-0.001456,0.964032
3474,3.474000,91.353348,95.513840,90.000000,1.353347,-0.001461,0.964032
3475,3.475000,91.353348,95.513847,90.000000,1.353347,-0.001488,0.964032
3476,3.476000,91.353348,95.513847,90.000000,1.353347,-0.001494,0.964032
3477,3.477000,91.353340,95.513847,90.000000,1.353340,-0.001445,0.964032
3478,3.478000,91.353340,95.513847,90.000000,1.353340,-0.001414,0.964032
3479,3.479000,91.353340,95.513847,90.000000,1.353340,-0.001377,0.964032
3480,3.480000,91.353340,95.513847,90.000000,1.353340,-0.001330,0.964032
3481,3.481000,91.353340,95.513847,90.000000,1.353340,-0.001293,0.964032
3482,3.482000,91.353340,95.513847,90.000000,1.353340,-0.001264,0.964032
3483,3.483000,91.353340,95.513840,90.000000,1.353340,-0.001211,0.964032
3484,3.484000,91.353340,95.513840,90.000000,1.353340,-0.001198,0.964032
3485,3.485000,91.353340,95.513840,90.000000,1.353340,-0.001190,0.964032
3486,3.486000,91.353340,95.513840,90.000000,1.353340,-0.001161,0.964032
3487,3.487000,91.353340,95.513840,90.000000,1.353340,-0.001146,0.964032
3488,3.488000,91.353340,95.513840,90.000000,1.353340,-0.001138,0.964032
3489,3.489000,91.353340,95.513840,90.000000,1.353340,-0.001131,0.964032
3490,3.490000,91.353340,95.513840,90.000000,1.353340,-0.001119,0.964032
3491,3.491000,91.353340,95.513840,90.000000,1.353340,-0.001088,0.964032
3492,3.492000,91.353340,95.513832,90.000000,1.353340,-0.001048,0.964032
3493,3.493000,91.353340,95.513832,90.000000,1.353340,-0.001013,0.964032
3494,3.494000,91.353340,95.513832,90.000000,1.353340,-0.001012,0.964032
3495,3.495000,91.353340,95.513832,90.000000,1.353340,-0.000977,0.964032
3496,3.496000,91.353340,95.513832,90.000000,1.353340,-0.000928,0.964032
3497,3.497000,91.353340,95.513824,90.000000,1.353340,-0.000889,0.964032
3498,3.498000,91.353340,95.513824,90.000000,1.353340,-0.000852,0.964032
3499,3.499000,91.353340,95.513824,90.000000,1.353340,-0.000832,0.964032
3500,3.500000,91.353340,95.513824,90.000000,1.353340,-0.000806,0.964032
3501,3.501000,91.353340,95.513817,90.000000,1.353340,-0.000773,0.964032
3502,3.502000,91.353340,95.513817,90.000000,1.353340,-0.000728,0.964032
3503,3.503000,91.353340,95.513817,90.000000,1.353340,-0.000704,0.964032
3504,3.504000,91.353340,95.513817,90.000000,1.353340,-0.000665,0.964032
3505,3.505000,91.353340,95.513809,90.000000,1.353340,-0.000635,0.964032
3506,3.506000,91.353340,95.513809,90.000000,1.353340,-0.000588,0.964032
3507,3.507000,91.353340,95.513809,90.000000,1.353340,-0.000564,0.964032
3508,3.508000,91.353340,95.513802,90.000000,1.353340,-0.000500,0.964032
3509,3.509000,91.353348,95.513802,90.000000,1.353347,-0.000460,0.964032
3510,3.510000,91.353348,95.513802,90.000000,1.353347,-0.000431,0.964031
3511,3.511000,91.353348,95.513794,90.000000,1.353347,-0.000393,0.964031
3512,3.512000,91.353348,95.513794,90.000000,1.353347,-0.000338,0.964031
3513,3.513000,91.353348,95.513794,90.000000,1.353347,-0.000317,0.964031
3514,3.514000,91.353348,95.513794,90.000000,1.353347,-0.000274,0.964031
3515,3.515000,91.353348,95.513794,90.000000,1.353347,-0.000244,0.964031
3516,3.516000,91.353348,95.513794,90.000000,1.353347,-0.000205,0.964031
3517,3.517000,91.353355,95.513786,90.000000,1.353354,-0.000164,0.964031
3518,3.518000,91.353355,95.513786,90.000000,1.353354,-0.000123,0.964031
3519,3.519000,91.353355,95.513786,90.000000,1.353354,-0.000093,0.964031
3520,3.520000,91.353355,95.513779,90.000000,1.353354,-0.000054,0.964031
3521,3.521000,91.353355,95.513779,90.000000,1.353354,-0.000023,0.964031
3522,3.522000,91.353355,95.513771,90.000000,1.353354,0.000000,0.964031
3523,3.523000,91.353355,95.513771,90.000000,1.353361,0.000045,0.964031
3524,3.524000,91.353355,95.513771,90.000000,1.353361,0.000082,0.964031
3525,3.525000,91.353355,95.513763,90.000000,1.353361,0.000124,0.964031
3526,3.526000,91.353355,95.513763,90.000000,1.353361,0.000160,0.964031
3527,3.527000,91.353355,95.513763,90.000000,1.353361,0.000210,0.964030
3528,3.528000,91.353355,95.513756,90.000000,1.353361,0.000248,0.964030
3529,3.529000,91.353363,95.513756,90.000000,1.353368,0.000293,0.964030
3530,3.530000,91.353363,95.513748,90.000000,1.353368,0.000334,0.964030
3531,3.531000,91.353363,95.513748,90.000000,1.353368,0.000360,0.964030
3532,3.532000,91.353363,95.513748,90.000000,1.353368,0.000370,0.964030
3533,3.533000,91.353363,95.513741,90.000000,1.353368,0.000404,0.964030
3534,3.534000,91.353371,95.513741,90.000000,1.353375,0.000432,0.964030
3535,3.535000,91.353371,95.513741,90.000000,1.353375,0.000445,0.964030
3536,3.536000,91.353371,95.513733,90.000000,1.353375,0.000470,0.964030
3537,3.537000,91.353371,95.513733,90.000000,1.353375,0.000488,0.964030
3538,3.538000,91.353371,95.513733,90.000000,1.353375,0.000488,0.964030
3539,3.539000,91.353378,95.513725,90.000000,1.353381,0.000526,0.964030
3540,3.540000,91.353378,95.513725,90.000000,1.353381,0.000570,0.964030
3541,3.541000,91.353378,95.513725,90.000000,1.353381,0.000573,0.964029
3542,3.542000,91.353378,95.513725,90.000000,1.353381,0.000588,0.964029
3543,3.543000,91.353378,95.513725,90.000000,1.353381,0.000635,0.964029
3544,3.544000,91.353378,95.513725,90.000000,1.353381,0.000665,0.964029
3545,3.545000,91.353386,95.513718,90.000000,1.353388,0.000694,0.964029
3546,3.546000,91.353386,95.513718,90.000000,1.353388,0.000719,0.964029
3547,3.547000,91.353386,95.513718,90.000000,1.353388,0.000736,0.964029
3548,3.548000,91.353386,95.513718,90.000000,1.353388,0.000740,0.964029
3549,3.549000,91.353386,95.513710,90.000000,1.353388,0.000764,0.964029
3550,3.550000,91.353394,95.513710,90.000000,1.353395,0.000779,0.964029
3551,3.551000,91.353394,95.513710,90.000000,1.353395,0.000793,0.964029
3552,3.552000,91.353394,95.513710,90.000000,1.353395,0.000808,0.964029
3553,3.553000,91.353394,95.513702,90.000000,1.353395,0.000822,0.964029
3554,3.554000,91.353394,95.513702,90.000000,1.353395,0.000845,0.964029
3555,3.555000,91.353394,95.513702,90.000000,1.353395,0.000842,0.964029
3556,3.556000,91.353401,95.513702,90.000000,1.353402,0.000889,0.964029
3557,3.557000,91.353401,95.513695,90.000000,1.353402,0.000922,0.964029
3558,3.558000,91.353401,95.513695,90.000000,1.353402,0.000944,0.964028
3559,3.559000,91.353401,95.513695,90.000000,1.353402,0.000969,0.964028
3560,3.560000,91.353401,95.513695,90.000000,1.353402,0.000982,0.964028
3561,3.561000,91.353401,95.513695,90.000000,1.353402,0.000979,0.964028
3562,3.562000,91.353409,95.513687,90.000000,1.353409,0.000996,0.964028
3563,3.563000,91.353409,95.513687,90.000000,1.353409,0.000986,0.964028
3564,3.564000,91.353409,95.513687,90.000000,1.353409,0.000969,0.964028
3565,3.565000,91.353409,95.513687,90.000000,1.353409,0.000967,0.964028
3566,3.566000,91.353409,95.513687,90.000000,1.353409,0.000961,0.964028
3567,3.567000,91.353409,95.513687,90.000000,1.353409,0.000962,0.964028
3568,3.568000,91.353409,95.513687,90.000000,1.353409,0.000947,0.964028
3569,3.569000,91.353409,95.513687,90.000000,1.353409,0.000941,0.964028
3570,3.570000,91.353416,95.513687,90.000000,1.353416,0.000964,0.964028
3571,3.571000,91.353416,95.513680,90.000000,1.353416,0.000970,0.964028
3572,3.572000,91.353416,95.513680,90.000000,1.353416,0.000958,0.964028
3573,3.573000,91.353416,95.513680,90.000000,1.353416,0.000950,0.964028
3574,3.574000,91.353416,95.513680,90.000000,1.353416,0.000928,0.964028
3575,3.575000,91.353416,95.513680,90.000000,1.353416,0.000908,0.964028
3576,3.576000,91.353416,95.513680,90.000000,1.353416,0.000903,0.964028
3577,3.577000,91.353416,95.513680,90.000000,1.353416,0.000896,0.964028
3578,3.578000,91.353416,95.513680,90.000000,1.353416,0.000875,0.964028
3579,3.579000,91.353416,95.513680,90.000000,1.353416,0.000864,0.964028
3580,3.580000,91.353416,95.513680,90.000000,1.353416,0.000866,0.964028
3581,3.581000,91.353416,95.513680,90.000000,1.353416,0.000846,0.964028
3582,3.582000,91.353416,95.513680,90.000000,1.353416,0.000823,0.964028
3583,3.583000,91.353416,95.513680,90.000000,1.353422,0.000831,0.964028
3584,3.584000,91.353416,95.513680,90.000000,1.353422,0.000812,0.964028
3585,3.585000,91.353416,95.513680,90.000000,1.353422,0.000798,0.964028
3586,3.586000,91.353416,95.513680,90.000000,1.353422,0.000779,0.964028
3587,3.587000,91.353416,95.513687,90.000000,1.353422,0.000753,0.964028
3588,3.588000,91.353416,95.513687,90.000000,1.353422,0.000751,0.964028
3589,3.589000,91.353416,95.513687,90.000000,1.353422,0.000749,0.964028
3590,3.590000,91.353416,95.513687,90.000000,1.353422,0.000732,0.964028
3591,3.591000,91.353416,95.513687,90.000000,1.353422,0.000708,0.964028
3592,3.592000,91.353416,95.513687,90.000000,1.353422,0.000688,0.964028
3593,3.593000,91.353416,95.513687,90.000000,1.353422,0.000671,0.964028
3594,3.594000,91.353416,95.513687,90.000000,1.353422,0.000644,0.964028
3595,3.595000,91.353416,95.513687,90.000000,1.353422,0.000636,0.964028
3596,3.596000,91.353416,95.513695,90.000000,1.353422,0.000593,0.964028
3597,3.597000,91.353416,95.513695,90.000000,1.353422,0.000548,0.964028
3598,3.598000,91.353416,95.513695,90.000000,1.353422,0.000528,0.964028
3599,3.599000,91.353416,95.513695,90.000000,1.353422,0.000493,0.964028
3600,3.600000,91.353416,95.513695,90.000000,1.353422,0.000473,0.964028
3601,3.601000,91.353416,95.513695,90.000000,1.353422,0.000450,0.964028
3602,3.602000,91.353416,95.513702,90.000000,1.353422,0.000408,0.964028
3603,3.603000,91.353416,95.513702,90.000000,1.353422,0.000370,0.964028
3604,3.604000,91.353416,95.513702,90.000000,1.353416,0.000360,0.964028
3605,3.605000,91.353416,95.513702,90.000000,1.353416,0.000349,0.964028
3606,3.606000,91.353416,95.513702,90.000000,1.353416,0.000336,0.964028
3607,3.607000,91.353416,95.513702,90.000000,1.353416,0.000316,0.964028
3608,3.608000,91.353416,95.513710,90.000000,1.353416,0.000283,0.964028
3609,3.609000,91.353416,95.513710,90.000000,1.353416,0.000258,0.964028
3610,3.610000,91.353416,95.513710,90.000000,1.353416,0.000261,0.964028
3611,3.611000,91.353416,95.513710,90.000000,1.353416,0.000229,0.964028
3612,3.612000,91.353416,95.513718,90.000000,1.353416,0.000202,0.964028
3613,3.613000,91.353416,95.513718,90.000000,1.353416,0.000174,0.964028
3614,3.614000,91.353416,95.513718,90.000000,1.353416,0.000149,0.964028
3615,3.615000,91.353416,95.513718,90.000000,1.353416,0.000140,0.964028
3616,3.616000,91.353416,95.513718,90.000000,1.353416,0.000114,0.964029
3617,3.617000,91.353409,95.513725,90.000000,1.353409,0.000097,0.964029
3618,3.618000,91.353409,95.513725,90.000000,1.353409,0.000090,0.964029
3619,3.619000,91.353409,95.513725,90.000000,1.353409,0.000074,0.964029
3620,3.620000,91.353409,95.513725,90.000000,1.353409,0.000060,0.964029
3621,3.621000,91.353409,95.513725,90.000000,1.353409,0.000023,0.964029
3622,3.622000,91.353409,95.513725,90.000000,1.353409,0.000010,0.964029
3623,3.623000,91.353409,95.513725,90.000000,1.353409,-0.000010,0.964029
3624,3.624000,91.353409,95.513725,90.000000,1.353409,-0.000041,0.964029
3625,3.625000,91.353409,95.513733,90.000000,1.353409,-0.000063,0.964029
3626,3.626000,91.353409,95.513733,90.000000,1.353409,-0.000088,0.964029
3627,3.627000,91.353401,95.513733,90.000000,1.353402,-0.000096,0.964029
3628,3.628000,91.353401,95.513733,90.000000,1.353402,-0.000115,0.964029
3629,3.629000,91.353401,95.513733,90.000000,1.353402,-0.000144,0.964029
3630,3.630000,91.353401,95.513741,90.000000,1.353402,-0.000174,0.964029
3631,3.631000,91.353401,95.513741,90.000000,1.353402,-0.000198,0.964029
3632,3.632000,91.353401,95.513741,90.000000,1.353402,-0.000254,0.964029
3633,3.633000,91.353401,95.513741,90.000000,1.353402,-0.000288,0.964029
3634,3.634000,91.353401,95.513748,90.000000,1.353402,-0.000326,0.964029
3635,3.635000,91.353401,95.513748,90.000000,1.353402,-0.000356,0.964029
3636,3.636000,91.353394,95.513748,90.000000,1.353395,-0.000356,0.964029
3637,3.637000,91.353394,95.513748,90.000000,1.353395,-0.000374,0.964029
3638,3.638000,91.353394,95.513756,90.000000,1.353395,-0.000398,0.964029
3639,3.639000,91.353394,95.513756,90.000000,1.353395,-0.000399,0.964029
3640,3.640000,91.353394,95.513756,90.000000,1.353395,-0.000387,0.964030
3641,3.641000,91.353394,95.513756,90.000000,1.353395,-0.000377,0.964030
3642,3.642000,91.353394,95.513756,90.000000,1.353395,-0.000365,0.964030
3643,3.643000,91.353394,95.513763,90.000000,1.353395,-0.000384,0.964030
3644,3.644000,91.353386,95.513763,90.000000,1.353388,-0.000410,0.964030
3645,3.645000,91.353386,95.513763,90.000000,1.353388,-0.000412,0.964030
3646,3.646000,91.353386,95.513763,90.000000,1.353388,-0.000429,0.964030
3647,3.647000,91.353386,95.513763,90.000000,1.353388,-0.000433,0.964030
3648,3.648000,91.353386,95.513763,90.000000,1.353388,-0.000452,0.964030
3649,3.649000,91.353386,95.513771,90.000000,1.353388,-0.000495,0.964030
3650,3.650000,91.353386,95.513771,90.000000,1.353388,-0.000531,0.964030
3651,3.651000,91.353386,95.513771,90.000000,1.353388,-0.000546,0.964030
3652,3.652000,91.353378,95.513771,90.000000,1.353381,-0.000551,0.964030
3653,3.653000,91.353378,95.513771,90.000000,1.353381,-0.000562,0.964030
3654,3.654000,91.353378,95.513771,90.000000,1.353381,-0.000565,0.964030
3655,3.655000,91.353378,95.513779,90.000000,1.353381,-0.000574,0.964030
3656,3.656000,91.353378,95.513779,90.000000,1.353381,-0.000574,0.964030
3657,3.657000,91.353378,95.513779,90.000000,1.353381,-0.000577,0.964030
3658,3.658000,91.353378,95.513779,90.000000,1.353381,-0.000587,0.964030
3659,3.659000,91.353378,95.513779,90.000000,1.353381,-0.000596,0.964030
3660,3.660000,91.353378,95.513779,90.000000,1.353381,-0.000593,0.964030
3661,3.661000,91.353378,95.513779,90.000000,1.353381,-0.000603,0.964030
3662,3.662000,91.353371,95.513779,90.000000,1.353375,-0.000613,0.964030
3663,3.663000,91.353371,95.513786,90.000000,1.353375,-0.000607,0.964030
3664,3.664000,91.353371,95.513786,90.000000,1.353375,-0.000615,0.964030
3665,3.665000,91.353371,95.513786,90.000000,1.353375,-0.000604,0.964030
3666,3.666000,91.353371,95.513786,90.000000,1.353375,-0.000592,0.964030
3667,3.667000,91.353371,95.513786,90.000000,1.353375,-0.000566,0.964030
3668,3.668000,91.353371,95.513786,90.000000,1.353375,-0.000565,0.964030
3669,3.669000,91.353371,95.513786,90.000000,1.353375,-0.000548,0.964030
3670,3.670000,91.353371,95.513786,90.000000,1.353375,-0.000545,0.964030
3671,3.671000,91.353371,95.513786,90.000000,1.353375,-0.000543,0.964031
3672,3.672000,91.353371,95.513786,90.000000,1.353375,-0.000541,0.964031
3673,3.673000,91.353371,95.513786,90.000000,1.353375,-0.000554,0.964031
3674,3.674000,91.353371,95.513786,90.000000,1.353375,-0.000535,0.964031
3675,3.675000,91.353371,95.513786,90.000000,1.353375,-0.000548,0.964031
3676,3.676000,91.353363,95.513786,90.000000,1.353368,-0.000539,0.964031
3677,3.677000,91.353363,95.513786,90.000000,1.353368,-0.000527,0.964031
3678,3.678000,91.353363,95.513786,90.000000,1.353368,-0.000527,0.964031
3679,3.679000,91.353363,95.513786,90.000000,1.353368,-0.000514,0.964031
3680,3.680000,91.353363,95.513786,90.000000,1.353368,-0.000523,0.964031
3681,3.681000,91.353363,95.513786,90.000000,1.353368,-0.000518,0.964031
3682,3.682000,91.353363,95.513786,90.000000,1.353368,-0.000517,0.964031
3683,3.683000,91.353363,95.513786,90.000000,1.353368,-0.000519,0.964031
3684,3.684000,91.353363,95.513786,90.000000,1.353368,-0.000524,0.964031
3685,3.685000,91.353363,95.513786,90.000000,1.353368,-0.000514,0.964031
3686,3.686000,91.353363,95.513786,90.000000,1.353368,-0.000512,0.964031
3687,3.687000,91.353363,95.513786,90.000000,1.353368,-0.000512,0.964031
3688,3.688000,91.353363,95.513786,90.000000,1.353368,-0.000512,0.964031
3689,3.689000,91.353363,95.513786,90.000000,1.353368,-0.000515,0.964031
3690,3.690000,91.353363,95.513786,90.000000,1.353368,-0.000502,0.964031
3691,3.691000,91.353363,95.513786,90.000000,1.353368,-0.000489,0.964031
3692,3.692000,91.353363,95.513786,90.000000,1.353368,-0.000469,0.964031
3693,3.693000,91.353363,95.513786,90.000000,1.353368,-0.000445,0.964031
3694,3.694000,91.353363,95.513786,90.000000,1.353368,-0.000438,0.964031
3695,3.695000,91.353363,95.513786,90.000000,1.353368,-0.000432,0.964031
3696,3.696000,91.353363,95.513786,90.000000,1.353368,-0.000413,0.964031
3697,3.697000,91.353363,95.513779,90.000000,1.353368,-0.000385,0.964031
3698,3.698000,91.353363,95.513779,90.000000,1.353368,-0.000391,0.964031
3699,3.699000,91.353363,95.513779,90.000000,1.353368,-0.000383,0.964031
3700,3.700000,91.353363,95.513779,90.000000,1.353368,-0.000364,0.964031
3701,3.701000,91.353363,95.513779,90.000000,1.353368,-0.000350,0.964030
3702,3.702000,91.353363,95.513779,90.000000,1.353368,-0.000335,0.964030
3703,3.703000,91.353363,95.513779,90.000000,1.353368,-0.000319,0.964030
3704,3.704000,91.353363,95.513779,90.000000,1.353368,-0.000291,0.964030
3705,3.705000,91.353363,95.513779,90.000000,1.353368,-0.000257,0.964030
3706,3.706000,91.353363,95.513771,90.000000,1.353368,-0.000242,0.964030
3707,3.707000,91.353363,95.513771,90.000000,1.353368,-0.000198,0.964030
3708,3.708000,91.353363,95.513771,90.000000,1.353368,-0.000186,0.964030
3709,3.709000,91.353363,95.513771,90.000000,1.353368,-0.000168,0.964030
3710,3.710000,91.353363,95.513771,90.000000,1.353368,-0.000140,0.964030
3711,3.711000,91.353371,95.513771,90.000000,1.353375,-0.000132,0.964030
3712,3.712000,91.353371,95.513771,90.000000,1.353375,-0.000124,0.964030
3713,3.713000,91.353371,95.513763,90.000000,1.353375,-0.000112,0.964030
3714,3.714000,91.353371,95.513763,90.000000,1.353375,-0.000081,0.964030
3715,3.715000,91.353371,95.513763,90.000000,1.353375,-0.000072,0.964030
3716,3.716000,91.353371,95.513763,90.000000,1.353375,-0.000062,0.964030
3717,3.717000,91.353371,95.513763,90.000000,1.353375,-0.000063,0.964030
3718,3.718000,91.353371,95.513763,90.000000,1.353375,-0.000057,0.964030
3719,3.719000,91.353371,95.513763,90.000000,1.353375,-0.000050,0.964030
3720,3.720000,91.353371,95.513756,90.000000,1.353375,-0.000056,0.964030
3721,3.721000,91.353371,95.513756,90.000000,1.353375,-0.000016,0.964030
3722,3.722000,91.353371,95.513756,90.000000,1.353375,-0.000008,0.964030
3723,3.723000,91.353371,95.513756,90.000000,1.353375,-0.000001,0.964030
3724,3.724000,91.353371,95.513756,90.000000,1.353375,0.000014,0.964030
3725,3.725000,91.353371,95.513756,90.000000,1.353375,0.000035,0.964030
3726,3.726000,91.353371,95.513756,90.000000,1.353375,0.000049,0.964030
3727,3.727000,91.353378,95.513748,90.000000,1.353381,0.000095,0.964030
3728,3.728000,91.353378,95.513748,90.000000,1.353381,0.000123,0.964030
3729,3.729000,91.353378,95.513748,90.000000,1.353381,0.000129,0.964030
3730,3.730000,91.353378,95.513748,90.000000,1.353381,0.000143,0.964030
3731,3.731000,91.353378,95.513748,90.000000,1.353381,0.000160,0.964030
3732,3.732000,91.353378,95.513748,90.000000,1.353381,0.000158,0.964030
3733,3.733000,91.353378,95.513741,90.000000,1.353381,0.000170,0.964030
3734,3.734000,91.353378,95.513741,90.000000,1.353381,0.000198,0.964030
3735,3.735000,91.353378,95.513741,90.000000,1.353381,0.000204,0.964030
3736,3.736000,91.353378,95.513741,90.000000,1.353381,0.000219,0.964030
3737,3.737000,91.353378,95.513741,90.000000,1.353381,0.000231,0.964030
3738,3.738000,91.353378,95.513741,90.000000,1.353381,0.000226,0.964030
3739,3.739000,91.353378,95.513741,90.000000,1.353381,0.000234,0.964030
3740,3.740000,91.353386,95.513733,90.000000,1.353388,0.000246,0.964029
3741,3.741000,91.353386,95.513733,90.000000,1.353388,0.000260,0.964029
3742,3.742000,91.353386,95.513733,90.000000,1.353388,0.000266,0.964029
3743,3.743000,91.353386,95.513733,90.000000,1.353388,0.000275,0.964029
3744,3.744000,91.353386,95.513733,90.000000,1.353388,0.000285,0.964029
3745,3.745000,91.353386,95.513733,90.000000,1.353388,0.000297,0.964029
3746,3.746000,91.353386,95.513733,90.000000,1.353388,0.000305,0.964029
3747,3.747000,91.353386,95.513733,90.000000,1.353388,0.000320,0.964029
3748,3.748000,91.353386,95.513725,90.000000,1.353388,0.000324,0.964029
3749,3.749000,91.353386,95.513725,90.000000,1.353388,0.000335,0.964029
3750,3.750000,91.353386,95.513725,90.000000,1.353388,0.000321,0.964029
3751,3.751000,91.353386,95.513725,90.000000,1.353388,0.000316,0.964029
3752,3.752000,91.353386,95.513725,90.000000,1.353388,0.000311,0.964029
3753,3.753000,91.353394,95.513725,90.000000,1.353395,0.000313,0.964029
3754,3.754000,91.353394,95.513725,90.000000,1.353395,0.000314,0.964029
3755,3.755000,91.353394,95.513725,90.000000,1.353395,0.000321,0.964029
3756,3.756000,91.353394,95.513725,90.000000,1.353395,0.000327,0.964029
3757,3.757000,91.353394,95.513725,90.000000,1.353395,0.000326,0.964029
3758,3.758000,91.353394,95.513725,90.000000,1.353395,0.000326,0.964029
3759,3.759000,91.353394,95.513725,90.000000,1.353395,0.000331,0.964029
3760,3.760000,91.353394,95.513725,90.000000,1.353395,0.000327,0.964029
3761,3.761000,91.353394,95.513725,90.000000,1.353395,0.000333,0.964029
3762,3.762000,91.353394,95.513725,90.000000,1.353395,0.000326,0.964029
3763,3.763000,91.353394,95.513725,90.000000,1.353395,0.000321,0.964029
3764,3.764000,91.353394,95.513725,90.000000,1.353395,0.000329,0.964029
3765,3.765000,91.353394,95.513725,90.000000,1.353395,0.000322,0.964029
3766,3.766000,91.353394,95.513725,90.000000,1.353395,0.000321,0.964029
3767,3.767000,91.353394,95.513725,90.000000,1.353395,0.000326,0.964029
3768,3.768000,91.353394,95.513725,90.000000,1.353395,0.000335,0.964029
3769,3.769000,91.353394,95.513725,90.000000,1.353395,0.000342,0.964029
3770,3.770000,91.353401,95.513725,90.000000,1.353402,0.000331,0.964029
3771,3.771000,91.353401,95.513725,90.000000,1.353402,0.000345,0.964029
3772,3.772000,91.353401,95.513725,90.000000,1.353402,0.000354,0.964029
3773,3.773000,91.353401,95.513725,90.000000,1.353402,0.000353,0.964029
3774,3.774000,91.353401,95.513725,90.000000,1.353402,0.000341,0.964029
3775,3.775000,91.353401,95.513725,90.000000,1.353402,0.000329,0.964029
3776,3.776000,91.353401,95.513725,90.000000,1.353402,0.000325,0.964029
3777,3.777000,91.353401,95.513725,90.000000,1.353402,0.000332,0.964029
3778,3.778000,91.353401,95.513725,90.000000,1.353402,0.000328,0.964029
3779,3.779000,91.353401,95.513725,90.000000,1.353402,0.000332,0.964029
3780,3.780000,91.353401,95.513725,90.000000,1.353402,0.000319,0.964029
3781,3.781000,91.353401,95.513725,90.000000,1.353402,0.000320,0.964029
3782,3.782000,91.353401,95.513725,90.000000,1.353402,0.000321,0.964029
3783,3.783000,91.353401,95.513725,90.000000,1.353402,0.000329,0.964029
3784,3.784000,91.353401,95.513725,90.000000,1.353402,0.000328,0.964029
3785,3.785000,91.353401,95.513725,90.000000,1.353402,0.000317,0.964029
3786,3.786000,91.353401,95.513725,90.000000,1.353402,0.000328,0.964029
3787,3.787000,91.353401,95.513725,90.000000,1.353402,0.000329,0.964029
3788,3.788000,91.353401,95.513725,90.000000,1.353402,0.000329,0.964029
3789,3.789000,91.353401,95.513725,90.000000,1.353402,0.000328,0.964029
3790,3.790000,91.353401,95.513725,90.000000,1.353402,0.000320,0.964029
3791,3.791000,91.353401,95.513725,90.000000,1.353402,0.000315,0.964029
3792,3.792000,91.353401,95.513725,90.000000,1.353402,0.000318,0.964029
3793,3.793000,91.353401,95.513725,90.000000,1.353402,0.000329,0.964029
3794,3.794000,91.353401,95.513725,90.000000,1.353402,0.000313,0.964029
3795,3.795000,91.353401,95.513725,90.000000,1.353402,0.000317,0.964029
3796,3.796000,91.353401,95.513725,90.000000,1.353402,0.000312,0.964029
3797,3.797000,91.353401,95.513725,90.000000,1.353402,0.000301,0.964029
3798,3.798000,91.353401,95.513725,90.000000,1.353402,0.000305,0.964029
3799,3.799000,91.353401,95.513725,90.000000,1.353402,0.000301,0.964029
3800,3.800000,91.353401,95.513725,90.000000,1.353402,0.000300,0.964029
3801,3.801000,91.353401,95.513725,90.000000,1.353402,0.000280,0.964029
3802,3.802000,91.353401,95.513725,90.000000,1.353402,0.000263,0.964029
3803,3.803000,91.353401,95.513725,90.000000,1.353402,0.000250,0.964029
3804,3.804000,91.353401,95.513725,90.000000,1.353402,0.000256,0.964029
3805,3.805000,91.353401,95.513725,90.000000,1.353402,0.000242,0.964029
3806,3.806000,91.353401,95.513725,90.000000,1.353402,0.000221,0.964029
3807,3.807000,91.353401,95.513725,90.000000,1.353402,0.000212,0.964029
3808,3.808000,91.353401,95.513725,90.000000,1.353402,0.000218,0.964029
3809,3.809000,91.353401,95.513725,90.000000,1.353402,0.000225,0.964029
3810,3.810000,91.353401,95.513725,90.000000,1.353402,0.000212,0.964029
3811,3.811000,91.353401,95.513725,90.000000,1.353402,0.000170,0.964029
3812,3.812000,91.353401,95.513725,90.000000,1.353402,0.000142,0.964029
3813,3.813000,91.353401,95.513725,90.000000,1.353402,0.000116,0.964029
3814,3.814000,91.353401,95.513725,90.000000,1.353402,0.000091,0.964029
3815,3.815000,91.353401,95.513725,90.000000,1.353402,0.000067,0.964029
3816,3.816000,91.353394,95.513725,90.000000,1.353395,0.000032,0.964029
3817,3.817000,91.353394,95.513733,90.000000,1.353395,0.000001,0.964029
3818,3.818000,91.353394,95.513733,90.000000,1.353395,-0.000012,0.964029
3819,3.819000,91.353394,95.513733,90.000000,1.353395,-0.000005,0.964029
3820,3.820000,91.353394,95.513733,90.000000,1.353395,0.000006,0.964029
3821,3.821000,91.353394,95.513733,90.000000,1.353395,0.000008,0.964029
3822,3.822000,91.353394,95.513733,90.000000,1.353395,0.000002,0.964029
3823,3.823000,91.353394,95.513733,90.000000,1.353395,0.000003,0.964029
3824,3.824000,91.353394,95.513733,90.000000,1.353395,0.000003,0.964029
3825,3.825000,91.353394,95.513733,90.000000,1.353395,-0.000004,0.964029
3826,3.826000,91.353394,95.513733,90.000000,1.353395,-0.000013,0.964029
3827,3.827000,91.353394,95.513741,90.000000,1.353395,-0.000013,0.964029
3828,3.828000,91.353394,95.513741,90.000000,1.353395,-0.000027,0.964029
3829,3.829000,91.353394,95.513741,90.000000,1.353395,-0.000023,0.964029
3830,3.830000,91.353394,95.513741,90.000000,1.353395,-0.000018,0.964029
3831,3.831000,91.353394,95.513741,90.000000,1.353395,-0.000042,0.964029
3832,3.832000,91.353394,95.513741,90.000000,1.353395,-0.000067,0.964029
3833,3.833000,91.353394,95.513741,90.000000,1.353395,-0.000077,0.964029
3834,3.834000,91.353394,95.513741,90.000000,1.353395,-0.000101,0.964029
3835,3.835000,91.353394,95.513741,90.000000,1.353395,-0.000113,0.964029
3836,3.836000,91.353386,95.513741,90.000000,1.353388,-0.000132,0.964029
3837,3.837000,91.353386,95.513748,90.000000,1.353388,-0.000145,0.964030
3838,3.838000,91.353386,95.513748,90.000000,1.353388,-0.000151,0.964030
3839,3.839000,91.353386,95.513748,90.000000,1.353388,-0.000138,0.964030
3840,3.840000,91.353386,95.513748,90.000000,1.353388,-0.000133,0.964030
3841,3.841000,91.353386,95.513748,90.000000,1.353388,-0.000132,0.964030
3842,3.842000,91.353386,95.513748,90.000000,1.353388,-0.000152,0.964030
3843,3.843000,91.353386,95.513748,90.000000,1.353388,-0.000165,0.964030
3844,3.844000,91.353386,95.513748,90.000000,1.353388,-0.000178,0.964030
3845,3.845000,91.353386,95.513748,90.000000,1.353388,-0.000176,0.964030
3846,3.846000,91.353386,95.513748,90.000000,1.353388,-0.000186,0.964030
3847,3.847000,91.353386,95.513748,90.000000,1.353388,-0.000196,0.964030
3848,3.848000,91.353386,95.513756,90.000000,1.353388,-0.000197,0.964030
3849,3.849000,91.353386,95.513756,90.000000,1.353388,-0.000215,0.964030
3850,3.850000,91.353386,95.513756,90.000000,1.353388,-0.000206,0.964030
3851,3.851000,91.353386,95.513756,90.000000,1.353388,-0.000208,0.964030
3852,3.852000,91.353386,95.513756,90.000000,1.353388,-0.000205,0.964030
3853,3.853000,91.353386,95.513756,90.000000,1.353388,-0.000210,0.964030
3854,3.854000,91.353386,95.513756,90.000000,1.353388,-0.000216,0.964030
3855,3.855000,91.353378,95.513756,90.000000,1.353381,-0.000218,0.964030
3856,3.856000,91.353378,95.513756,90.000000,1.353381,-0.000231,0.964030
3857,3.857000,91.353378,95.513756,90.000000,1.353381,-0.000251,0.964030
3858,3.858000,91.353378,95.513756,90.000000,1.353381,-0.000272,0.964030
3859,3.859000,91.353378,95.513756,90.000000,1.353381,-0.000284,0.964030
3860,3.860000,91.353378,95.513756,90.000000,1.353381,-0.000306,0.964030
3861,3.861000,91.353378,95.513756,90.000000,1.353381,-0.000315,0.964030
3862,3.862000,91.353378,95.513763,90.000000,1.353381,-0.000316,0.964030
3863,3.863000,91.353378,95.513763,90.000000,1.353381,-0.000321,0.964030
3864,3.864000,91.353378,95.513763,90.000000,1.353381,-0.000312,0.964030
3865,3.865000,91.353378,95.513763,90.000000,1.353381,-0.000296,0.964030
3866,3.866000,91.353378,95.513763,90.000000,1.353381,-0.000281,0.964030
3867,3.867000,91.353378,95.513763,90.000000,1.353381,-0.000269,0.964030
3868,3.868000,91.353378,95.513763,90.000000,1.353381,-0.000257,0.964030
3869,3.869000,91.353378,95.513763,90.000000,1.353381,-0.000252,0.964030
3870,3.870000,91.353378,95.513763,90.000000,1.353381,-0.000245,0.964030
3871,3.871000,91.353378,95.513763,90.000000,1.353381,-0.000237,0.964030
3872,3.872000,91.353378,95.513763,90.000000,1.353381,-0.000230,0.964030
3873,3.873000,91.353378,95.513763,90.000000,1.353381,-0.000237,0.964030
3874,3.874000,91.353378,95.513763,90.000000,1.353381,-0.000229,0.964030
3875,3.875000,91.353378,95.513763,90.000000,1.353381,-0.000241,0.964030
3876,3.876000,91.353378,95.513763,90.000000,1.353381,-0.000245,0.964030
3877,3.877000,91.353378,95.513763,90.000000,1.353381,-0.000241,0.964030
3878,3.878000,91.353378,95.513763,90.000000,1.353381,-0.000233,0.964030
3879,3.879000,91.353378,95.513763,90.000000,1.353381,-0.000234,0.964030
3880,3.880000,91.353378,95.513763,90.000000,1.353381,-0.000235,0.964030
3881,3.881000,91.353378,95.513763,90.000000,1.353381,-0.000248,0.964030
3882,3.882000,91.353378,95.513763,90.000000,1.353381,-0.000237,0.964030
3883,3.883000,91.353378,95.513763,90.000000,1.353381,-0.000234,0.964030
3884,3.884000,91.353378,95.513763,90.000000,1.353381,-0.000236,0.964030
3885,3.885000,91.353378,95.513763,90.000000,1.353381,-0.000246,0.964030
3886,3.886000,91.353378,95.513763,90.000000,1.353381,-0.000237,0.964030
3887,3.887000,91.353378,95.513763,90.000000,1.353381,-0.000246,0.964030
3888,3.888000,91.353378,95.513763,90.000000,1.353381,-0.000232,0.964030
3889,3.889000,91.353378,95.513763,90.000000,1.353381,-0.000229,0.964030
3890,3.890000,91.353378,95.513763,90.000000,1.353381,-0.000226,0.964030
3891,3.891000,91.353378,95.513763,90.000000,1.353381,-0.000233,0.964030
3892,3.892000,91.353378,95.513763,90.000000,1.353381,-0.000226,0.964030
3893,3.893000,91.353378,95.513763,90.000000,1.353381,-0.000230,0.964030
3894,3.894000,91.353378,95.513763,90.000000,1.353381,-0.000207,0.964030
3895,3.895000,91.353378,95.513763,90.000000,1.353381,-0.000193,0.964030
3896,3.896000,91.353378,95.513763,90.000000,1.353381,-0.000182,0.964030
3897,3.897000,91.353378,95.513763,90.000000,1.353381,-0.000169,0.964030
3898,3.898000,91.353378,95.513763,90.000000,1.353381,-0.000159,0.964030
3899,3.899000,91.353378,95.513763,90.000000,1.353381,-0.000142,0.964030
3900,3.900000,91.353378,95.513756,90.000000,1.353381,-0.000130,0.964030
3901,3.901000,91.353378,95.513756,90.000000,1.353381,-0.000119,0.964030
3902,3.902000,91.353378,95.513756,90.000000,1.353381,-0.000117,0.964030
3903,3.903000,91.353378,95.513756,90.000000,1.353381,-0.000120,0.964030
3904,3.904000,91.353378,95.513756,90.000000,1.353381,-0.000130,0.964030
3905,3.905000,91.353378,95.513756,90.000000,1.353381,-0.000129,0.964030
3906,3.906000,91.353378,95.513756,90.000000,1.353381,-0.000145,0.964030
3907,3.907000,91.353378,95.513756,90.000000,1.353381,-0.000151,0.964030
3908,3.908000,91.353378,95.513756,90.000000,1.353381,-0.000145,0.964030
3909,3.909000,91.353378,95.513756,90.000000,1.353381,-0.000140,0.964030
3910,3.910000,91.353378,95.513756,90.000000,1.353381,-0.000145,0.964030
3911,3.911000,91.353378,95.513756,90.000000,1.353381,-0.000127,0.964030
3912,3.912000,91.353378,95.513756,90.000000,1.353381,-0.000108,0.964030
3913,3.913000,91.353378,95.513756,90.000000,1.353381,-0.000085,0.964030
3914,3.914000,91.353378,95.513756,90.000000,1.353381,-0.000063,0.964030
3915,3.915000,91.353378,95.513756,90.000000,1.353381,-0.000050,0.964030
3916,3.916000,91.353378,95.513756,90.000000,1.353381,-0.000047,0.964030
3917,3.917000,91.353378,95.513748,90.000000,1.353381,-0.000035,0.964030
3918,3.918000,91.353378,95.513748,90.000000,1.353381,-0.000024,0.964030
3919,3.919000,91.353378,95.513748,90.000000,1.353381,-0.000035,0.964030
3920,3.920000,91.353378,95.513748,90.000000,1.353381,-0.000035,0.964030
3921,3.921000,91.353378,95.513748,90.000000,1.353381,-0.000039,0.964030
3922,3.922000,91.353378,95.513748,90.000000,1.353381,-0.000046,0.964030
3923,3.923000,91.353378,95.513748,90.000000,1.353381,-0.000034,0.964030
3924,3.924000,91.353378,95.513748,90.000000,1.353381,-0.000033,0.964030
3925,3.925000,91.353378,95.513748,90.000000,1.353381,-0.000032,0.964030
3926,3.926000,91.353378,95.513748,90.000000,1.353381,-0.000006,0.964030
3927,3.927000,91.353378,95.513748,90.000000,1.353381,0.000016,0.964030
3928,3.928000,91.353378,95.513748,90.000000,1.353381,0.000041,0.964030
3929,3.929000,91.353378,95.513748,90.000000,1.353381,0.000068,0.964030
3930,3.930000,91.353378,95.513748,90.000000,1.353381,0.000099,0.964030
3931,3.931000,91.353378,95.513748,90.000000,1.353381,0.000132,0.964030
3932,3.932000,91.353378,95.513741,90.000000,1.353381,0.000152,0.964030
3933,3.933000,91.353378,95.513741,90.000000,1.353381,0.000181,0.964030
3934,3.934000,91.353378,95.513741,90.000000,1.353381,0.000176,0.964030
3935,3.935000,91.353386,95.513741,90.000000,1.353388,0.000167,0.964030
3936,3.936000,91.353386,95.513741,90.000000,1.353388,0.000173,0.964030
3937,3.937000,91.353386,95.513741,90.000000,1.353388,0.000164,0.964030
3938,3.938000,91.353386,95.513741,90.000000,1.353388,0.000154,0.964030
3939,3.939000,91.353386,95.513741,90.000000,1.353388,0.000149,0.964030
3940,3.940000,91.353386,95.513741,90.000000,1.353388,0.000135,0.964030
3941,3.941000,91.353386,95.513741,90.000000,1.353388,0.000125,0.964030
3942,3.942000,91.353386,95.513741,90.000000,1.353388,0.000123,0.964030
3943,3.943000,91.353386,95.513741,90.000000,1.353388,0.000137,0.964030
3944,3.944000,91.353386,95.513741,90.000000,1.353388,0.000146,0.964029
3945,3.945000,91.353386,95.513741,90.000000,1.353388,0.000163,0.964029
3946,3.946000,91.353386,95.513741,90.000000,1.353388,0.000157,0.964029
3947,3.947000,91.353386,95.513741,90.000000,1.353388,0.000165,0.964029
3948,3.948000,91.353386,95.513733,90.000000,1.353388,0.000176,0.964029
3949,3.949000,91.353386,95.513733,90.000000,1.353388,0.000171,0.964029
3950,3.950000,91.353386,95.513733,90.000000,1.353388,0.000166,0.964029
3951,3.951000,91.353386,95.513733,90.000000,1.353388,0.000160,0.964029
3952,3.952000,91.353386,95.513733,90.000000,1.353388,0.000143,0.964029
3953,3.953000,91.353386,95.513733,90.000000,1.353388,0.000123,0.964029
3954,3.954000,91.353386,95.513733,90.000000,1.353388,0.000126,0.964029
3955,3.955000,91.353386,95.513733,90.000000,1.353388,0.000123,0.964029
3956,3.956000,91.353386,95.513733,90.000000,1.353388,0.000123,0.964029
3957,3.957000,91.353386,95.513733,90.000000,1.353388,0.000116,0.964029
3958,3.958000,91.353386,95.513733,90.000000,1.353388,0.000101,0.964029
3959,3.959000,91.353386,95.513733,90.000000,1.353388,0.000099,0.964029
3960,3.960000,91.353386,95.513733,90.000000,1.353388,0.000095,0.964029
3961,3.961000,91.353386,95.513733,90.000000,1.353388,0.000088,0.964029
3962,3.962000,91.353386,95.513733,90.000000,1.353388,0.000078,0.964029
3963,3.963000,91.353386,95.513733,90.000000,1.353388,0.000076,0.964029
3964,3.964000,91.353386,95.513733,90.000000,1.353388,0.000084,0.964029
3965,3.965000,91.353394,95.513733,90.000000,1.353395,0.000092,0.964029
3966,3.966000,91.353394,95.513733,90.000000,1.353395,0.000104,0.964029
3967,3.967000,91.353394,95.513733,90.000000,1.353395,0.000113,0.964029
3968,3.968000,91.353394,95.513733,90.000000,1.353395,0.000116,0.964029
3969,3.969000,91.353394,95.513733,90.000000,1.353395,0.000125,0.964029
3970,3.970000,91.353394,95.513733,90.000000,1.353395,0.000132,0.964029
3971,3.971000,91.353394,95.513733,90.000000,1.353395,0.000146,0.964029
3972,3.972000,91.353394,95.513733,90.000000,1.353395,0.000140,0.964029
3973,3.973000,91.353394,95.513733,90.000000,1.353395,0.000132,0.964029
3974,3.974000,91.353394,95.513733,90.000000,1.353395,0.000133,0.964029
3975,3.975000,91.353394,95.513733,90.000000,1.353395,0.000120,0.964029
3976,3.976000,91.353394,95.513733,90.000000,1.353395,0.000121,0.964029
3977,3.977000,91.353394,95.513733,90.000000,1.353395,0.000114,0.964029
3978,3.978000,91.353394,95.513733,90.000000,1.353395,0.000111,0.964029
3979,3.979000,91.353394,95.513733,90.000000,1.353395,0.000109,0.964029
3980,3.980000,91.353394,95.513733,90.000000,1.353395,0.000098,0.964029
3981,3.981000,91.353394,95.513733,90.000000,1.353395,0.000105,0.964029
3982,3.982000,91.353394,95.513733,90.000000,1.353395,0.000116,0.964029
3983,3.983000,91.353394,95.513733,90.000000,1.353395,0.000122,0.964029
3984,3.984000,91.353394,95.513733,90.000000,1.353395,0.000131,0.964029
3985,3.985000,91.353394,95.513733,90.000000,1.353395,0.000144,0.964029
3986,3.986000,91.353394,95.513733,90.000000,1.353395,0.000152,0.964029
3987,3.987000,91.353394,95.513733,90.000000,1.353395,0.000150,0.964029
3988,3.988000,91.353394,95.513733,90.000000,1.353395,0.000164,0.964029
3989,3.989000,91.353394,95.513733,90.000000,1.353395,0.000146,0.964029
3990,3.990000,91.353394,95.513733,90.000000,1.353395,0.000148,0.964029
3991,3.991000,91.353394,95.513733,90.000000,1.353395,0.000149,0.964029
3992,3.992000,91.353394,95.513733,90.000000,1.353395,0.000155,0.964029
3993,3.993000,91.353394,95.513733,90.000000,1.353395,0.000145,0.964029
3994,3.994000,91.353394,95.513733,90.000000,1.353395,0.000146,0.964029
3995,3.995000,91.353394,95.513733,90.000000,1.353395,0.000142,0.964029
3996,3.996000,91.353394,95.513733,90.000000,1.353395,0.000155,0.964029
3997,3.997000,91.353394,95.513733,90.000000,1.353395,0.000155,0.964029
3998,3.998000,91.353394,95.513733,90.000000,1.353395,0.000155,0.964029
3999,3.999000,91.353394,95.513733,90.000000,1.353395,0.000156,0.964029
4000,4.000000,91.353394,95.513733,90.000000,1.353395,0.000150,0.964029
4001,4.001000,91.353394,95.513733,90.000000,1.353395,0.000150,0.964029
4002,4.002000,91.353394,95.513733,90.000000,1.353395,0.000140,0.964029
4003,4.003000,91.353394,95.513733,90.000000,1.353395,0.000140,0.964029
4004,4.004000,91.353394,95.513733,90.000000,1.353395,0.000149,0.964029
4005,4.005000,91.353394,95.513733,90.000000,1.353395,0.000125,0.964029
4006,4.006000,91.353394,95.513733,90.000000,1.353395,0.000128,0.964029
4007,4.007000,91.353394,95.513733,90.000000,1.353395,0.000126,0.964029
4008,4.008000,91.353394,95.513733,90.000000,1.353395,0.000128,0.964029
4009,4.009000,91.353394,95.513733,90.000000,1.353395,0.000116,0.964029
4010,4.010000,91.353394,95.513733,90.000000,1.353395,0.000114,0.964029
4011,4.011000,91.353394,95.513733,90.000000,1.353395,0.000114,0.964029
4012,4.012000,91.353394,95.513733,90.000000,1.353395,0.000110,0.964029
4013,4.013000,91.353394,95.513733,90.000000,1.353395,0.000099,0.964029
4014,4.014000,91.353394,95.513733,90.000000,1.353395,0.000102,0.964029
4015,4.015000,91.353394,95.513733,90.000000,1.353395,0.000077,0.964029
4016,4.016000,91.353394,95.513733,90.000000,1.353395,0.000064,0.964029
4017,4.017000,91.353394,95.513733,90.000000,1.353395,0.000046,0.964029
4018,4.018000,91.353394,95.513733,90.000000,1.353395,0.000047,0.964029
4019,4.019000,91.353394,95.513733,90.000000,1.353395,0.000041,0.964029
4020,4.020000,91.353394,95.513733,90.000000,1.353395,0.000040,0.964029
4021,4.021000,91.353394,95.513741,90.000000,1.353395,0.000021,0.964029
4022,4.022000,91.353394,95.513741,90.000000,1.353395,0.000025,0.964029
4023,4.023000,91.353394,95.513741,90.000000,1.353395,0.000025,0.964029
4024,4.024000,91.353394,95.513741,90.000000,1.353395,0.000032,0.964029
4025,4.025000,91.353394,95.513741,90.000000,1.353395,0.000033,0.964029
4026,4.026000,91.353394,95.513741,90.000000,1.353395,0.000036,0.964029
4027,4.027000,91.353394,95.513741,90.000000,1.353395,0.000030,0.964029
4028,4.028000,91.353386,95.513741,90.000000,1.353388,0.000036,0.964029
4029,4.029000,91.353386,95.513741,90.000000,1.353388,0.000034,0.964029
4030,4.030000,91.353386,95.513741,90.000000,1.353388,0.000038,0.964029
4031,4.031000,91.353386,95.513741,90.000000,1.353388,0.000035,0.964029
4032,4.032000,91.353386,95.513741,90.000000,1.353388,0.000034,0.964029
4033,4.033000,91.353386,95.513741,90.000000,1.353388,0.000030,0.964029
4034,4.034000,91.353386,95.513741,90.000000,1.353388,0.000031,0.964029
4035,4.035000,91.353386,95.513741,90.000000,1.353388,0.000002,0.964029
4036,4.036000,91.353386,95.513741,90.000000,1.353388,-0.000022,0.964029
4037,4.037000,91.353386,95.513741,90.000000,1.353388,-0.000054,0.964029
4038,4.038000,91.353386,95.513741,90.000000,1.353388,-0.000067,0.964030
4039,4.039000,91.353386,95.513741,90.000000,1.353388,-0.000091,0.964030
4040,4.040000,91.353386,95.513741,90.000000,1.353388,-0.000106,0.964030
4041,4.041000,91.353386,95.513748,90.000000,1.353388,-0.000126,0.964030
4042,4.042000,91.353386,95.513748,90.000000,1.353388,-0.000143,0.964030
4043,4.043000,91.353386,95.513748,90.000000,1.353388,-0.000127,0.964030
4044,4.044000,91.353386,95.513748,90.000000,1.353388,-0.000116,0.964030
4045,4.045000,91.353386,95.513748,90.000000,1.353388,-0.000111,0.964030
4046,4.046000,91.353386,95.513748,90.000000,1.353388,-0.000088,0.964030
4047,4.047000,91.353386,95.513748,90.000000,1.353388,-0.000092,0.964030
4048,4.048000,91.353386,95.513748,90.000000,1.353388,-0.000079,0.964030
4049,4.049000,91.353386,95.513748,90.000000,1.353388,-0.000070,0.964030
4050,4.050000,91.353386,95.513748,90.000000,1.353388,-0.000062,0.964030
4051,4.051000,91.353386,95.513748,90.000000,1.353388,-0.000071,0.964030
4052,4.052000,91.353386,95.513748,90.000000,1.353388,-0.000079,0.964030
4053,4.053000,91.353386,95.513748,90.000000,1.353388,-0.000076,0.964030
4054,4.054000,91.353386,95.513748,90.000000,1.353388,-0.000073,0.964030
4055,4.055000,91.353386,95.513748,90.000000,1.353388,-0.000075,0.964030
4056,4.056000,91.353386,95.513748,90.000000,1.353388,-0.000088,0.964030
4057,4.057000,91.353386,95.513748,90.000000,1.353388,-0.000092,0.964030
4058,4.058000,91.353386,95.513748,90.000000,1.353388,-0.000084,0.964030
4059,4.059000,91.353386,95.513748,90.000000,1.353388,-0.000090,0.964030
4060,4.060000,91.353386,95.513748,90.000000,1.353388,-0.000092,0.964030
4061,4.061000,91.353386,95.513748,90.000000,1.353388,-0.000084,0.964030
4062,4.062000,91.353386,95.513748,90.000000,1.353388,-0.000107,0.964030
4063,4.063000,91.353386,95.513748,90.000000,1.353388,-0.000115,0.964030
4064,4.064000,91.353386,95.513748,90.000000,1.353388,-0.000123,0.964030
4065,4.065000,91.353386,95.513748,90.000000,1.353388,-0.000153,0.964030
4066,4.066000,91.353386,95.513748,90.000000,1.353388,-0.000173,0.964030
4067,4.067000,91.353386,95.513748,90.000000,1.353388,-0.000186,0.964030
4068,4.068000,91.353386,95.513756,90.000000,1.353388,-0.000209,0.964030
4069,4.069000,91.353386,95.513756,90.000000,1.353388,-0.000244,0.964030
4070,4.070000,91.353386,95.513756,90.000000,1.353388,-0.000251,0.964030
4071,4.071000,91.353378,95.513756,90.000000,1.353381,-0.000250,0.964030
4072,4.072000,91.353378,95.513756,90.000000,1.353381,-0.000254,0.964030
4073,4.073000,91.353378,95.513756,90.000000,1.353381,-0.000251,0.964030
4074,4.074000,91.353378,95.513756,90.000000,1.353381,-0.000239,0.964030
4075,4.075000,91.353378,95.513756,90.000000,1.353381,-0.000237,0.964030
4076,4.076000,91.353378,95.513756,90.000000,1.353381,-0.000227,0.964030
4077,4.077000,91.353378,95.513756,90.000000,1.353381,-0.000222,0.964030
4078,4.078000,91.353378,95.513756,90.000000,1.353381,-0.000214,0.964030
4079,4.079000,91.353378,95.513756,90.000000,1.353381,-0.000203,0.964030
4080,4.080000,91.353378,95.513756,90.000000,1.353381,-0.000198,0.964030
4081,4.081000,91.353378,95.513756,90.000000,1.353381,-0.000185,0.964030
4082,4.082000,91.353378,95.513756,90.000000,1.353381,-0.000175,0.964030
4083,4.083000,91.353378,95.513756,90.000000,1.353381,-0.000170,0.964030
4084,4.084000,91.353378,95.513756,90.000000,1.353381,-0.000165,0.964030
4085,4.085000,91.353378,95.513756,90.000000,1.353381,-0.000159,0.964030
4086,4.086000,91.353378,95.513756,90.000000,1.353381,-0.000159,0.964030
4087,4.087000,91.353378,95.513756,90.000000,1.353381,-0.000135,0.964030
4088,4.088000,91.353378,95.513756,90.000000,1.353381,-0.000124,0.964030
4089,4.089000,91.353378,95.513756,90.000000,1.353381,-0.000106,0.964030
4090,4.090000,91.353378,95.513756,90.000000,1.353381,-0.000083,0.964030
4091,4.091000,91.353378,95.513756,90.000000,1.353381,-0.000060,0.964030
4092,4.092000,91.353378,95.513756,90.000000,1.353381,-0.000022,0.964030
4093,4.093000,91.353378,95.513748,90.000000,1.353381,0.000006,0.964030
4094,4.094000,91.353378,95.513748,90.000000,1.353381,0.000031,0.964030
4095,4.095000,91.353378,95.513748,90.000000,1.353381,0.000028,0.964030
4096,4.096000,91.353378,95.513748,90.000000,1.353381,0.000023,0.964030
4097,4.097000,91.353378,95.513748,90.000000,1.353381,0.000011,0.964030
4098,4.098000,91.353378,95.513748,90.000000,1.353381,0.000001,0.964030
4099,4.099000,91.353378,95.513748,90.000000,1.353381,-0.000004,0.964030
4100,4.100000,91.353378,95.513748,90.000000,1.353381,-0.000017,0.964030
4101,4.101000,91.353378,95.513748,90.000000,1.353381,-0.000027,0.964030
4102,4.102000,91.353378,95.513748,90.000000,1.353381,-0.000036,0.964030
4103,4.103000,91.353378,95.513748,90.000000,1.353381,-0.000028,0.964030
4104,4.104000,91.353378,95.513748,90.000000,1.353381,-0.000036,0.964030
4105,4.105000,91.353378,95.513748,90.000000,1.353381,-0.000034,0.964030
4106,4.106000,91.353378,95.513748,90.000000,1.353381,-0.000032,0.964030
4107,4.107000,91.353378,95.513748,90.000000,1.353381,-0.000031,0.964030
4108,4.108000,91.353378,95.513748,90.000000,1.353381,-0.000034,0.964030
4109,4.109000,91.353378,95.513748,90.000000,1.353381,-0.000033,0.964030
4110,4.110000,91.353378,95.513748,90.000000,1.353381,-0.000033,0.964030
4111,4.111000,91.353378,95.513748,90.000000,1.353381,-0.000023,0.964030
4112,4.112000,91.353378,95.513748,90.000000,1.353381,-0.000020,0.964030
4113,4.113000,91.353378,95.513748,90.000000,1.353381,-0.000027,0.964030
4114,4.114000,91.353378,95.513748,90.000000,1.353381,-0.000031,0.964030
4115,4.115000,91.353378,95.513748,90.000000,1.353381,-0.000027,0.964030
4116,4.116000,91.353378,95.513748,90.000000,1.353381,-0.000034,0.964030
4117,4.117000,91.353378,95.513748,90.000000,1.353381,-0.000037,0.964030
4118,4.118000,91.353378,95.513748,90.000000,1.353381,-0.000026,0.964030
4119,4.119000,91.353378,95.513748,90.000000,1.353381,-0.000028,0.964030
4120,4.120000,91.353386,95.513748,90.000000,1.353388,-0.000021,0.964030
4121,4.121000,91.353386,95.513748,90.000000,1.353388,-0.000020,0.964030
4122,4.122000,91.353386,95.513748,90.000000,1.353388,0.000001,0.964030
4123,4.123000,91.353386,95.513748,90.000000,1.353388,0.000032,0.964030
4124,4.124000,91.353386,95.513748,90.000000,1.353388,0.000061,0.964030
4125,4.125000,91.353386,95.513748,90.000000,1.353388,0.000081,0.964030
4126,4.126000,91.353386,95.513748,90.000000,1.353388,0.000116,0.964030
4127,4.127000,91.353386,95.513748,90.000000,1.353388,0.000131,0.964030
4128,4.128000,91.353386,95.513741,90.000000,1.353388,0.000143,0.964030
4129,4.129000,91.353386,95.513741,90.000000,1.353388,0.000148,0.964030
4130,4.130000,91.353386,95.513741,90.000000,1.353388,0.000141,0.964030
4131,4.131000,91.353386,95.513741,90.000000,1.353388,0.000130,0.964030
4132,4.132000,91.353386,95.513741,90.000000,1.353388,0.000120,0.964030
4133,4.133000,91.353386,95.513741,90.000000,1.353388,0.000110,0.964030
4134,4.134000,91.353386,95.513741,90.000000,1.353388,0.000110,0.964030
4135,4.135000,91.353386,95.513741,90.000000,1.353388,0.000088,0.964030
4136,4.136000,91.353386,95.513741,90.000000,1.353388,0.000076,0.964030
4137,4.137000,91.353386,95.513741,90.000000,1.353388,0.000081,0.964030
4138,4.138000,91.353386,95.513741,90.000000,1.353388,0.000072,0.964030
4139,4.139000,91.353386,95.513741,90.000000,1.353388,0.000059,0.964030
4140,4.140000,91.353386,95.513741,90.000000,1.353388,0.000064,0.964030
4141,4.141000,91.353386,95.513741,90.000000,1.353388,0.000064,0.964030
4142,4.142000,91.353386,95.513741,90.000000,1.353388,0.000068,0.964030
4143,4.143000,91.353386,95.513741,90.000000,1.353388,0.000070,0.964030
4144,4.144000,91.353386,95.513741,90.000000,1.353388,0.000056,0.964030
4145,4.145000,91.353386,95.513741,90.000000,1.353388,0.000056,0.964030
4146,4.146000,91.353386,95.513741,90.000000,1.353388,0.000057,0.964030
4147,4.147000,91.353386,95.513741,90.000000,1.353388,0.000056,0.964030
4148,4.148000,91.353386,95.513741,90.000000,1.353388,0.000043,0.964030
4149,4.149000,91.353386,95.513741,90.000000,1.353388,0.000043,0.964030
4150,4.150000,91.353386,95.513741,90.000000,1.353388,0.000034,0.964030
4151,4.151000,91.353386,95.513741,90.000000,1.353388,0.000028,0.964029
4152,4.152000,91.353386,95.513741,90.000000,1.353388,0.000015,0.964029
4153,4.153000,91.353386,95.513741,90.000000,1.353388,0.000010,0.964029
4154,4.154000,91.353386,95.513741,90.000000,1.353388,-0.000004,0.964029
4155,4.155000,91.353386,95.513741,90.000000,1.353388,-0.000012,0.964029
4156,4.156000,91.353386,95.513741,90.000000,1.353388,-0.000006,0.964029
4157,4.157000,91.353386,95.513741,90.000000,1.353388,-0.000016,0.964029
4158,4.158000,91.353386,95.513741,90.000000,1.353388,-0.000024,0.964029
4159,4.159000,91.353386,95.513741,90.000000,1.353388,-0.000033,0.964029
4160,4.160000,91.353386,95.513741,90.000000,1.353388,-0.000027,0.964029
4161,4.161000,91.353386,95.513741,90.000000,1.353388,-0.000023,0.964029
4162,4.162000,91.353386,95.513741,90.000000,1.353388,-0.000029,0.964029
4163,4.163000,91.353386,95.513741,90.000000,1.353388,-0.000020,0.964029
4164,4.164000,91.353386,95.513741,90.000000,1.353388,-0.000019,0.964029
4165,4.165000,91.353386,95.513741,90.000000,1.353388,-0.000001,0.964029
4166,4.166000,91.353386,95.513741,90.000000,1.353388,0.000007,0.964029
4167,4.167000,91.353386,95.513741,90.000000,1.353388,0.000007,0.964029
4168,4.168000,91.353386,95.513741,90.000000,1.353388,0.000023,0.964029
4169,4.169000,91.353386,95.513741,90.000000,1.353388,0.000030,0.964029
4170,4.170000,91.353386,95.513741,90.000000,1.353388,0.000041,0.964029
4171,4.171000,91.353386,95.513741,90.000000,1.353388,0.000035,0.964029
4172,4.172000,91.353386,95.513741,90.000000,1.353388,0.000029,0.964029
4173,4.173000,91.353386,95.513741,90.000000,1.353388,0.000024,0.964029
4174,4.174000,91.353386,95.513741,90.000000,1.353388,0.000030,0.964029
4175,4.175000,91.353386,95.513741,90.000000,1.353388,0.000024,0.964029
4176,4.176000,91.353386,95.513741,90.000000,1.353388,0.000027,0.964029
4177,4.177000,91.353386,95.513741,90.000000,1.353388,0.000028,0.964029
4178,4.178000,91.353386,95.513741,90.000000,1.353388,0.000036,0.964029
4179,4.179000,91.353386,95.513741,90.000000,1.353388,0.000043,0.964029
4180,4.180000,91.353386,95.513741,90.000000,1.353388,0.000049,0.964029
4181,4.181000,91.353386,95.513741,90.000000,1.353388,0.000053,0.964029
4182,4.182000,91.353386,95.513741,90.000000,1.353388,0.000055,0.964029
4183,4.183000,91.353386,95.513741,90.000000,1.353388,0.000069,0.964029
4184,4.184000,91.353386,95.513741,90.000000,1.353388,0.000069,0.964029
4185,4.185000,91.353386,95.513741,90.000000,1.353388,0.000071,0.964029
4186,4.186000,91.353386,95.513741,90.000000,1.353388,0.000076,0.964029
4187,4.187000,91.353386,95.513741,90.000000,1.353388,0.000071,0.964029
4188,4.188000,91.353386,95.513741,90.000000,1.353388,0.000064,0.964029
4189,4.189000,91.353386,95.513741,90.000000,1.353388,0.000057,0.964029
4190,4.190000,91.353386,95.513741,90.000000,1.353388,0.000059,0.964029
4191,4.191000,91.353386,95.513741,90.000000,1.353388,0.000066,0.964029
4192,4.192000,91.353386,95.513741,90.000000,1.353388,0.000066,0.964029
4193,4.193000,91.353386,95.513741,90.000000,1.353388,0.000072,0.964029
4194,4.194000,91.353386,95.513741,90.000000,1.353388,0.000081,0.964029
4195,4.195000,91.353386,95.513741,90.000000,1.353388,0.000077,0.964029
4196,4.196000,91.353386,95.513741,90.000000,1.353388,0.000087,0.964029
4197,4.197000,91.353386,95.513741,90.000000,1.353388,0.000084,0.964029
4198,4.198000,91.353386,95.513741,90.000000,1.353388,0.000090,0.964029
4199,4.199000,91.353386,95.513741,90.000000,1.353388,0.000088,0.964029
4200,4.200000,91.353386,95.513741,90.000000,1.353388,0.000081,0.964029
4201,4.201000,91.353386,95.513741,90.000000,1.353388,0.000068,0.964029
4202,4.202000,91.353386,95.513741,90.000000,1.353388,0.000053,0.964029
4203,4.203000,91.353386,95.513741,90.000000,1.353388,0.000041,0.964029
4204,4.204000,91.353386,95.513741,90.000000,1.353388,0.000030,0.964029
4205,4.205000,91.353386,95.513741,90.000000,1.353388,0.000030,0.964029
4206,4.206000,91.353386,95.513741,90.000000,1.353388,0.000029,0.964029
4207,4.207000,91.353386,95.513741,90.000000,1.353388,0.000028,0.964029
4208,4.208000,91.353386,95.513741,90.000000,1.353388,0.000030,0.964029
4209,4.209000,91.353386,95.513741,90.000000,1.353388,0.000028,0.964029
4210,4.210000,91.353386,95.513741,90.000000,1.353388,0.000022,0.964029
4211,4.211000,91.353386,95.513741,90.000000,1.353388,0.000030,0.964029
4212,4.212000,91.353386,95.513741,90.000000,1.353388,0.000033,0.964029
4213,4.213000,91.353386,95.513741,90.000000,1.353388,0.000043,0.964029
4214,4.214000,91.353386,95.513741,90.000000,1.353388,0.000047,0.964029
4215,4.215000,91.353386,95.513741,90.000000,1.353388,0.000060,0.964029
4216,4.216000,91.353386,95.513741,90.000000,1.353388,0.000061,0.964029
4217,4.217000,91.353386,95.513741,90.000000,1.353388,0.000068,0.964029
4218,4.218000,91.353386,95.513741,90.000000,1.353388,0.000080,0.964029
4219,4.219000,91.353386,95.513741,90.000000,1.353388,0.000085,0.964029
4220,4.220000,91.353386,95.513741,90.000000,1.353388,0.000082,0.964029
4221,4.221000,91.353386,95.513741,90.000000,1.353388,0.000086,0.964029
4222,4.222000,91.353386,95.513741,90.000000,1.353388,0.000082,0.964029
4223,4.223000,91.353386,95.513741,90.000000,1.353388,0.000079,0.964029
4224,4.224000,91.353386,95.513741,90.000000,1.353388,0.000077,0.964029
4225,4.225000,91.353386,95.513741,90.000000,1.353388,0.000069,0.964029
4226,4.226000,91.353386,95.513741,90.000000,1.353388,0.000067,0.964029
4227,4.227000,91.353386,95.513741,90.000000,1.353388,0.000067,0.964029
4228,4.228000,91.353386,95.513741,90.000000,1.353388,0.000080,0.964029
4229,4.229000,91.353386,95.513741,90.000000,1.353388,0.000071,0.964029
4230,4.230000,91.353386,95.513741,90.000000,1.353388,0.000070,0.964029
4231,4.231000,91.353386,95.513741,90.000000,1.353388,0.000063,0.964029
4232,4.232000,91.353386,95.513741,90.000000,1.353388,0.000053,0.964029
4233,4.233000,91.353386,95.513741,90.000000,1.353388,0.000047,0.964029
4234,4.234000,91.353386,95.513741,90.000000,1.353388,0.000033,0.964029
4235,4.235000,91.353386,95.513741,90.000000,1.353388,0.000030,0.964029
4236,4.236000,91.353386,95.513741,90.000000,1.353388,0.000005,0.964029
4237,4.237000,91.353386,95.513741,90.000000,1.353388,-0.000028,0.964029
4238,4.238000,91.353386,95.513741,90.000000,1.353388,-0.000054,0.964029
4239,4.239000,91.353386,95.513741,90.000000,1.353388,-0.000079,0.964029
4240,4.240000,91.353386,95.513741,90.000000,1.353388,-0.000101,0.964029
4241,4.241000,91.353386,95.513741,90.000000,1.353388,-0.000119,0.964029
4242,4.242000,91.353386,95.513748,90.000000,1.353388,-0.000132,0.964029
4243,4.243000,91.353386,95.513748,90.000000,1.353388,-0.000143,0.964029
4244,4.244000,91.353386,95.513748,90.000000,1.353388,-0.000127,0.964029
4245,4.245000,91.353386,95.513748,90.000000,1.353388,-0.000120,0.964029
4246,4.246000,91.353386,95.513748,90.000000,1.353388,-0.000117,0.964029
4247,4.247000,91.353386,95.513748,90.000000,1.353388,-0.000100,0.964029
4248,4.248000,91.353386,95.513748,90.000000,1.353388,-0.000096,0.964029
4249,4.249000,91.353386,95.513748,90.000000,1.353388,-0.000083,0.964029
4250,4.250000,91.353386,95.513748,90.000000,1.353388,-0.000090,0.964029
4251,4.251000,91.353386,95.513748,90.000000,1.353388,-0.000094,0.964029
4252,4.252000,91.353386,95.513748,90.000000,1.353388,-0.000089,0.964029
4253,4.253000,91.353386,95.513748,90.000000,1.353388,-0.000076,0.964029
4254,4.254000,91.353386,95.513748,90.000000,1.353388,-0.000078,0.964029
4255,4.255000,91.353386,95.513748,90.000000,1.353388,-0.000080,0.964030
4256,4.256000,91.353386,95.513748,90.000000,1.353388,-0.000083,0.964030
4257,4.257000,91.353386,95.513748,90.000000,1.353388,-0.000077,0.964030
4258,4.258000,91.353386,95.513748,90.000000,1.353388,-0.000072,0.964030
4259,4.259000,91.353386,95.513748,90.000000,1.353388,-0.000049,0.964030
4260,4.260000,91.353386,95.513748,90.000000,1.353388,-0.000055,0.964030
4261,4.261000,91.353386,95.513748,90.000000,1.353388,-0.000040,0.964030
4262,4.262000,91.353386,95.513748,90.000000,1.353388,-0.000024,0.964030
4263,4.263000,91.353386,95.513748,90.000000,1.353388,-0.000017,0.964030
4264,4.264000,91.353386,95.513748,90.000000,1.353388,-0.000001,0.964030
4265,4.265000,91.353386,95.513748,90.000000,1.353388,-0.000002,0.964030
4266,4.266000,91.353386,95.513748,90.000000,1.353388,0.000008,0.964030
4267,4.267000,91.353386,95.513748,90.000000,1.353388,0.000020,0.964030
4268,4.268000,91.353386,95.513748,90.000000,1.353388,0.000008,0.964030
4269,4.269000,91.353386,95.513748,90.000000,1.353388,0.000008,0.964030
4270,4.270000,91.353386,95.513748,90.000000,1.353388,0.000009,0.964030
4271,4.271000,91.353386,95.513748,90.000000,1.353388,0.000006,0.964030
4272,4.272000,91.353386,95.513748,90.000000,1.353388,-0.000001,0.964030
4273,4.273000,91.353386,95.513748,90.000000,1.353388,-0.000017,0.964030
4274,4.274000,91.353386,95.513748,90.000000,1.353388,-0.000018,0.964030
4275,4.275000,91.353386,95.513748,90.000000,1.353388,-0.000016,0.964030
4276,4.276000,91.353386,95.513748,90.000000,1.353388,-0.000025,0.964030
4277,4.277000,91.353386,95.513748,90.000000,1.353388,-0.000025,0.964030
4278,4.278000,91.353386,95.513748,90.000000,1.353388,-0.000044,0.964030
4279,4.279000,91.353386,95.513748,90.000000,1.353388,-0.000054,0.964030
4280,4.280000,91.353386,95.513748,90.000000,1.353388,-0.000049,0.964030
4281,4.281000,91.353386,95.513748,90.000000,1.353388,-0.000054,0.964030
4282,4.282000,91.353386,95.513748,90.000000,1.353388,-0.000060,0.964030
4283,4.283000,91.353386,95.513748,90.000000,1.353388,-0.000065,0.964030
4284,4.284000,91.353386,95.513748,90.000000,1.353388,-0.000073,0.964030
4285,4.285000,91.353386,95.513748,90.000000,1.353388,-0.000070,0.964030
4286,4.286000,91.353386,95.513748,90.000000,1.353388,-0.000069,0.964030
4287,4.287000,91.353386,95.513748,90.000000,1.353388,-0.000071,0.964030
4288,4.288000,91.353386,95.513748,90.000000,1.353388,-0.000075,0.964030
4289,4.289000,91.353386,95.513748,90.000000,1.353388,-0.000075,0.964030
4290,4.290000,91.353386,95.513748,90.000000,1.353388,-0.000073,0.964030
4291,4.291000,91.353386,95.513748,90.000000,1.353388,-0.000080,0.964030
4292,4.292000,91.353386,95.513748,90.000000,1.353388,-0.000073,0.964030
4293,4.293000,91.353386,95.513748,90.000000,1.353388,-0.000075,0.964030
4294,4.294000,91.353386,95.513748,90.000000,1.353388,-0.000075,0.964030
4295,4.295000,91.353386,95.513748,90.000000,1.353388,-0.000083,0.964030
4296,4.296000,91.353386,95.513748,90.000000,1.353388,-0.000079,0.964030
4297,4.297000,91.353386,95.513748,90.000000,1.353388,-0.000071,0.964030
4298,4.298000,91.353386,95.513748,90.000000,1.353388,-0.000062,0.964030
4299,4.299000,91.353386,95.513748,90.000000,1.353388,-0.000054,0.964030
4300,4.300000,91.353386,95.513748,90.000000,1.353388,-0.000053,0.964030
4301,4.301000,91.353386,95.513748,90.000000,1.353388,-0.000040,0.964030
4302,4.302000,91.353386,95.513748,90.000000,1.353388,-0.000031,0.964030
4303,4.303000,91.353386,95.513748,90.000000,1.353388,-0.000019,0.964030
4304,4.304000,91.353386,95.513748,90.000000,1.353388,-0.000016,0.964030
4305,4.305000,91.353386,95.513748,90.000000,1.353388,-0.000002,0.964030
4306,4.306000,91.353386,95.513748,90.000000,1.353388,0.000000,0.964030
4307,4.307000,91.353386,95.513748,90.000000,1.353388,-0.000004,0.964030
4308,4.308000,91.353386,95.513748,90.000000,1.353388,-0.000002,0.964030
4309,4.309000,91.353386,95.513748,90.000000,1.353388,-0.000010,0.964030
4310,4.310000,91.353386,95.513748,90.000000,1.353388,-0.000020,0.964030
4311,4.311000,91.353386,95.513748,90.000000,1.353388,-0.000024,0.964030
4312,4.312000,91.353386,95.513748,90.000000,1.353388,-0.000031,0.964030
4313,4.313000,91.353386,95.513748,90.000000,1.353388,-0.000032,0.964030
4314,4.314000,91.353386,95.513748,90.000000,1.353388,-0.000046,0.964030
4315,4.315000,91.353386,95.513748,90.000000,1.353388,-0.000051,0.964030
4316,4.316000,91.353386,95.513748,90.000000,1.353388,-0.000044,0.964030
4317,4.317000,91.353386,95.513748,90.000000,1.353388,-0.000043,0.964030
4318,4.318000,91.353386,95.513748,90.000000,1.353388,-0.000048,0.964030
4319,4.319000,91.353386,95.513748,90.000000,1.353388,-0.000044,0.964030
4320,4.320000,91.353386,95.513748,90.000000,1.353388,-0.000051,0.964030
4321,4.321000,91.353386,95.513748,90.000000,1.353388,-0.000060,0.964030
4322,4.322000,91.353386,95.513748,90.000000,1.353388,-0.000067,0.964030
4323,4.323000,91.353386,95.513748,90.000000,1.353388,-0.000067,0.964029
4324,4.324000,91.353386,95.513748,90.000000,1.353388,-0.000062,0.964029
4325,4.325000,91.353386,95.513748,90.000000,1.353388,-0.000052,0.964029
4326,4.326000,91.353386,95.513748,90.000000,1.353388,-0.000062,0.964029
4327,4.327000,91.353386,95.513748,90.000000,1.353388,-0.000051,0.964029
4328,4.328000,91.353386,95.513748,90.000000,1.353388,-0.000040,0.964029
4329,4.329000,91.353386,95.513748,90.000000,1.353388,-0.000036,0.964029
4330,4.330000,91.353386,95.513748,90.000000,1.353388,0.000003,0.964029
4331,4.331000,91.353386,95.513748,90.000000,1.353388,0.000034,0.964029
4332,4.332000,91.353386,95.513748,90.000000,1.353388,0.000066,0.964029
4333,4.333000,91.353386,95.513748,90.000000,1.353388,0.000091,0.964029
4334,4.334000,91.353386,95.513748,90.000000,1.353388,0.000114,0.964029
4335,4.335000,91.353386,95.513748,90.000000,1.353388,0.000135,0.964029
4336,4.336000,91.353386,95.513741,90.000000,1.353388,0.000164,0.964029
4337,4.337000,91.353386,95.513741,90.000000,1.353388,0.000181,0.964029
4338,4.338000,91.353386,95.513741,90.000000,1.353388,0.000173,0.964029
4339,4.339000,91.353386,95.513741,90.000000,1.353388,0.000163,0.964029
4340,4.340000,91.353386,95.513741,90.000000,1.353388,0.000145,0.964029
4341,4.341000,91.353386,95.513741,90.000000,1.353388,0.000138,0.964029
4342,4.342000,91.353386,95.513741,90.000000,1.353388,0.000122,0.964029
4343,4.343000,91.353386,95.513741,90.000000,1.353388,0.000109,0.964029
4344,4.344000,91.353386,95.513741,90.000000,1.353388,0.000090,0.964029
4345,4.345000,91.353386,95.513741,90.000000,1.353388,0.000084,0.964029
4346,4.346000,91.353386,95.513741,90.000000,1.353388,0.000075,0.964029
4347,4.347000,91.353386,95.513741,90.000000,1.353388,0.000064,0.964029
4348,4.348000,91.353386,95.513741,90.000000,1.353388,0.000057,0.964029
4349,4.349000,91.353386,95.513741,90.000000,1.353388,0.000064,0.964029
4350,4.350000,91.353386,95.513741,90.000000,1.353388,0.000061,0.964029
4351,4.351000,91.353386,95.513741,90.000000,1.353388,0.000056,0.964029
4352,4.352000,91.353386,95.513741,90.000000,1.353388,0.000056,0.964029
4353,4.353000,91.353386,95.513741,90.000000,1.353388,0.000060,0.964029
4354,4.354000,91.353386,95.513741,90.000000,1.353388,0.000057,0.964029
4355,4.355000,91.353386,95.513741,90.000000,1.353388,0.000051,0.964029
4356,4.356000,91.353386,95.513741,90.000000,1.353388,0.000057,0.964029
4357,4.357000,91.353386,95.513741,90.000000,1.353388,0.000049,0.964029
4358,4.358000,91.353386,95.513741,90.000000,1.353388,0.000040,0.964029
4359,4.359000,91.353386,95.513741,90.000000,1.353388,0.000037,0.964029
4360,4.360000,91.353386,95.513741,90.000000,1.353388,0.000037,0.964029
4361,4.361000,91.353386,95.513741,90.000000,1.353388,0.000037,0.964029
4362,4.362000,91.353386,95.513741,90.000000,1.353388,0.000029,0.964029
4363,4.363000,91.353386,95.513741,90.000000,1.353388,0.000031,0.964029
4364,4.364000,91.353386,95.513741,90.000000,1.353388,0.000041,0.964029
4365,4.365000,91.353386,95.513741,90.000000,1.353388,0.000040,0.964029
4366,4.366000,91.353386,95.513741,90.000000,1.353388,0.000049,0.964029
4367,4.367000,91.353386,95.513741,90.000000,1.353388,0.000053,0.964029
4368,4.368000,91.353386,95.513741,90.000000,1.353388,0.000048,0.964029
4369,4.369000,91.353386,95.513741,90.000000,1.353388,0.000043,0.964029
4370,4.370000,91.353386,95.513741,90.000000,1.353388,0.000036,0.964029
4371,4.371000,91.353386,95.513741,90.000000,1.353388,0.000032,0.964029
4372,4.372000,91.353386,95.513741,90.000000,1.353388,0.000019,0.964029
4373,4.373000,91.353386,95.513741,90.000000,1.353388,0.000006,0.964029
4374,4.374000,91.353386,95.513741,90.000000,1.353388,0.000002,0.964029
4375,4.375000,91.353386,95.513741,90.000000,1.353388,-0.000026,0.964029
4376,4.376000,91.353386,95.513741,90.000000,1.353388,-0.000045,0.964029
4377,4.377000,91.353386,95.513741,90.000000,1.353388,-0.000064,0.964029
4378,4.378000,91.353386,95.513741,90.000000,1.353388,-0.000083,0.964029
4379,4.379000,91.353386,95.513741,90.000000,1.353388,-0.000095,0.964029
4380,4.380000,91.353386,95.513741,90.000000,1.353388,-0.000111,0.964029
4381,4.381000,91.353386,95.513748,90.000000,1.353388,-0.000130,0.964029
4382,4.382000,91.353386,95.513748,90.000000,1.353388,-0.000152,0.964029
4383,4.383000,91.353386,95.513748,90.000000,1.353388,-0.000142,0.964029
4384,4.384000,91.353386,95.513748,90.000000,1.353388,-0.000127,0.964029
4385,4.385000,91.353386,95.513748,90.000000,1.353388,-0.000123,0.964029
4386,4.386000,91.353386,95.513748,90.000000,1.353388,-0.000119,0.964029
4387,4.387000,91.353386,95.513748,90.000000,1.353388,-0.000120,0.964029
4388,4.388000,91.353386,95.513748,90.000000,1.353388,-0.000113,0.964029
4389,4.389000,91.353386,95.513748,90.000000,1.353388,-0.000107,0.964029
4390,4.390000,91.353386,95.513748,90.000000,1.353388,-0.000104,0.964029
4391,4.391000,91.353386,95.513748,90.000000,1.353388,-0.000109,0.964029
4392,4.392000,91.353386,95.513748,90.000000,1.353388,-0.000094,0.964029
4393,4.393000,91.353386,95.513748,90.000000,1.353388,-0.000090,0.964029
4394,4.394000,91.353386,95.513748,90.000000,1.353388,-0.000088,0.964029
4395,4.395000,91.353386,95.513748,90.000000,1.353388,-0.000075,0.964029
4396,4.396000,91.353386,95.513748,90.000000,1.353388,-0.000066,0.964029
4397,4.397000,91.353386,95.513748,90.000000,1.353388,-0.000021,0.964029
4398,4.398000,91.353386,95.513748,90.000000,1.353388,0.000014,0.964029
4399,4.399000,91.353386,95.513748,90.000000,1.353388,0.000051,0.964029
4400,4.400000,91.353386,95.513748,90.000000,1.353388,0.000085,0.964029
4401,4.401000,91.353386,95.513748,90.000000,1.353388,0.000114,0.964029
4402,4.402000,91.353386,95.513748,90.000000,1.353388,0.000138,0.964029
4403,4.403000,91.353386,95.513741,90.000000,1.353388,0.000156,0.964029
4404,4.404000,91.353386,95.513741,90.000000,1.353388,0.000167,0.964029
4405,4.405000,91.353386,95.513741,90.000000,1.353388,0.000161,0.964029
4406,4.406000,91.353386,95.513741,90.000000,1.353388,0.000152,0.964029
4407,4.407000,91.353386,95.513741,90.000000,1.353388,0.000137,0.964029
4408,4.408000,91.353386,95.513741,90.000000,1.353388,0.000133,0.964029
4409,4.409000,91.353386,95.513741,90.000000,1.353388,0.000117,0.964029
4410,4.410000,91.353386,95.513741,90.000000,1.353388,0.000102,0.964029
4411,4.411000,91.353386,95.513741,90.000000,1.353388,0.000108,0.964029
4412,4.412000,91.353386,95.513741,90.000000,1.353388,0.000107,0.964029
4413,4.413000,91.353386,95.513741,90.000000,1.353388,0.000100,0.964029
4414,4.414000,91.353386,95.513741,90.000000,1.353388,0.000102,0.964029
4415,4.415000,91.353386,95.513741,90.000000,1.353388,0.000099,0.964029
4416,4.416000,91.353386,95.513741,90.000000,1.353388,0.000087,0.964029
4417,4.417000,91.353386,95.513741,90.000000,1.353388,0.000090,0.964029
4418,4.418000,91.353386,95.513741,90.000000,1.353388,0.000047,0.964029
4419,4.419000,91.353386,95.513741,90.000000,1.353388,0.000011,0.964029
4420,4.420000,91.353386,95.513741,90.000000,1.353388,-0.000019,0.964029
4421,4.421000,91.353386,95.513741,90.000000,1.353388,-0.000061,0.964029
4422,4.422000,91.353386,95.513741,90.000000,1.353388,-0.000085,0.964029
4423,4.423000,91.353386,95.513741,90.000000,1.353388,-0.000114,0.964029
4424,4.424000,91.353386,95.513748,90.000000,1.353388,-0.000141,0.964029
4425,4.425000,91.353386,95.513748,90.000000,1.353388,-0.000152,0.964029
4426,4.426000,91.353386,95.513748,90.000000,1.353388,-0.000140,0.964029
4427,4.427000,91.353386,95.513748,90.000000,1.353388,-0.000124,0.964029
4428,4.428000,91.353386,95.513748,90.000000,1.353388,-0.000116,0.964029
4429,4.429000,91.353386,95.513748,90.000000,1.353388,-0.000097,0.964029
4430,4.430000,91.353386,95.513748,90.000000,1.353388,-0.000086,0.964029
4431,4.431000,91.353386,95.513748,90.000000,1.353388,-0.000083,0.964029
4432,4.432000,91.353386,95.513748,90.000000,1.353388,-0.000067,0.964029
4433,4.433000,91.353386,95.513748,90.000000,1.353388,-0.000069,0.964029
4434,4.434000,91.353386,95.513748,90.000000,1.353388,-0.000064,0.964029
4435,4.435000,91.353386,95.513748,90.000000,1.353388,-0.000058,0.964029
4436,4.436000,91.353386,95.513748,90.000000,1.353388,-0.000049,0.964029
4437,4.437000,91.353386,95.513748,90.000000,1.353388,-0.000044,0.964029
4438,4.438000,91.353386,95.513748,90.000000,1.353388,-0.000040,0.964029
4439,4.439000,91.353386,95.513748,90.000000,1.353388,-0.000036,0.964029
4440,4.440000,91.353386,95.513748,90.000000,1.353388,-0.000035,0.964029
4441,4.441000,91.353386,95.513748,90.000000,1.353388,-0.000027,0.964029
4442,4.442000,91.353386,95.513748,90.000000,1.353388,-0.000030,0.964029
4443,4.443000,91.353386,95.513748,90.000000,1.353388,-0.000035,0.964029
4444,4.444000,91.353386,95.513748,90.000000,1.353388,-0.000029,0.964029
4445,4.445000,91.353386,95.513748,90.000000,1.353388,-0.000035,0.964029
4446,4.446000,91.353386,95.513748,90.000000,1.353388,-0.000029,0.964029
4447,4.447000,91.353386,95.513748,90.000000,1.353388,-0.000039,0.964029
4448,4.448000,91.353386,95.513748,90.000000,1.353388,-0.000036,0.964029
4449,4.449000,91.353386,95.513748,90.000000,1.353388,-0.000036,0.964029
4450,4.450000,91.353386,95.513748,90.000000,1.353388,-0.000025,0.964029
4451,4.451000,91.353386,95.513748,90.000000,1.353388,-0.000007,0.964029
4452,4.452000,91.353386,95.513748,90.000000,1.353388,0.000017,0.964029
4453,4.453000,91.353386,95.513748,90.000000,1.353388,0.000043,0.964029
4454,4.454000,91.353386,95.513748,90.000000,1.353388,0.000065,0.964029
4455,4.455000,91.353386,95.513748,90.000000,1.353388,0.000088,0.964029
4456,4.456000,91.353386,95.513748,90.000000,1.353388,0.000108,0.964029
4457,4.457000,91.353386,95.513741,90.000000,1.353388,0.000133,0.964029
4458,4.458000,91.353386,95.513741,90.000000,1.353388,0.000151,0.964029
4459,4.459000,91.353386,95.513741,90.000000,1.353388,0.000148,0.964029
4460,4.460000,91.353386,95.513741,90.000000,1.353388,0.000158,0.964029
4461,4.461000,91.353386,95.513741,90.000000,1.353388,0.000143,0.964029
4462,4.462000,91.353386,95.513741,90.000000,1.353388,0.000139,0.964029
4463,4.463000,91.353386,95.513741,90.000000,1.353388,0.000132,0.964029
4464,4.464000,91.353386,95.513741,90.000000,1.353388,0.000123,0.964029
4465,4.465000,91.353386,95.513741,90.000000,1.353388,0.000122,0.964029
4466,4.466000,91.353386,95.513741,90.000000,1.353388,0.000121,0.964029
4467,4.467000,91.353386,95.513741,90.000000,1.353388,0.000093,0.964029
4468,4.468000,91.353386,95.513741,90.000000,1.353388,0.000082,0.964029
4469,4.469000,91.353386,95.513741,90.000000,1.353388,0.000051,0.964029
4470,4.470000,91.353386,95.513741,90.000000,1.353388,0.000032,0.964029
4471,4.471000,91.353386,95.513741,90.000000,1.353388,0.000003,0.964029
4472,4.472000,91.353386,95.513741,90.000000,1.353388,-0.000007,0.964029
4473,4.473000,91.353386,95.513741,90.000000,1.353388,-0.000033,0.964029
4474,4.474000,91.353386,95.513741,90.000000,1.353388,-0.000054,0.964029
4475,4.475000,91.353386,95.513748,90.000000,1.353388,-0.000070,0.964029
4476,4.476000,91.353386,95.513748,90.000000,1.353388,-0.000079,0.964029
4477,4.477000,91.353386,95.513748,90.000000,1.353388,-0.000067,0.964029
4478,4.478000,91.353386,95.513748,90.000000,1.353388,-0.000056,0.964029
4479,4.479000,91.353386,95.513748,90.000000,1.353388,-0.000036,0.964029
4480,4.480000,91.353386,95.513748,90.000000,1.353388,-0.000022,0.964029
4481,4.481000,91.353386,95.513748,90.000000,1.353388,-0.000012,0.964029
4482,4.482000,91.353386,95.513748,90.000000,1.353388,-0.000011,0.964029
4483,4.483000,91.353386,95.513748,90.000000,1.353388,-0.000002,0.964029
4484,4.484000,91.353386,95.513748,90.000000,1.353388,0.000003,0.964029
4485,4.485000,91.353386,95.513748,90.000000,1.353388,0.000010,0.964029
4486,4.486000,91.353386,95.513748,90.000000,1.353388,0.000000,0.964029
4487,4.487000,91.353386,95.513748,90.000000,1.353388,-0.000007,0.964029
4488,4.488000,91.353386,95.513748,90.000000,1.353388,-0.000012,0.964029
4489,4.489000,91.353386,95.513748,90.000000,1.353388,-0.000014,0.964029
4490,4.490000,91.353386,95.513748,90.000000,1.353388,-0.000021,0.964029
4491,4.491000,91.353386,95.513748,90.000000,1.353388,-0.000024,0.964029
4492,4.492000,91.353386,95.513748,90.000000,1.353388,-0.000030,0.964029
4493,4.493000,91.353386,95.513748,90.000000,1.353388,-0.000031,0.964029
4494,4.494000,91.353386,95.513748,90.000000,1.353388,-0.000031,0.964029
4495,4.495000,91.353386,95.513748,90.000000,1.353388,-0.000033,0.964029
4496,4.496000,91.353386,95.513748,90.000000,1.353388,-0.000047,0.964029
4497,4.497000,91.353386,95.513748,90.000000,1.353388,-0.000048,0.964029
4498,4.498000,91.353386,95.513748,90.000000,1.353388,-0.000056,0.964029
4499,4.499000,91.353386,95.513748,90.000000,1.353388,-0.000054,0.964029
4500,4.500000,91.353386,95.513748,90.000000,1.353388,-0.000058,0.964029
4501,4.501000,91.353386,95.513748,90.000000,1.353388,-0.000047,0.964029
4502,4.502000,91.353386,95.513748,90.000000,1.353388,-0.000051,0.964029
4503,4.503000,91.353386,95.513748,90.000000,1.353388,-0.000053,0.964029
4504,4.504000,91.353386,95.513748,90.000000,1.353388,-0.000041,0.964029
4505,4.505000,91.353386,95.513748,90.000000,1.353388,-0.000041,0.964029
4506,4.506000,91.353386,95.513748,90.000000,1.353388,-0.000040,0.964029
4507,4.507000,91.353386,95.513748,90.000000,1.353388,-0.000041,0.964029
4508,4.508000,91.353386,95.513748,90.000000,1.353388,-0.000041,0.964029
4509,4.509000,91.353386,95.513748,90.000000,1.353388,-0.000041,0.964029
4510,4.510000,91.353386,95.513748,90.000000,1.353388,-0.000039,0.964029
4511,4.511000,91.353386,95.513748,90.000000,1.353388,-0.000029,0.964029
4512,4.512000,91.353386,95.513748,90.000000,1.353388,-0.000042,0.964029
4513,4.513000,91.353386,95.513748,90.000000,1.353388,-0.000036,0.964029
4514,4.514000,91.353386,95.513748,90.000000,1.353388,-0.000041,0.964029
4515,4.515000,91.353386,95.513748,90.000000,1.353388,-0.000033,0.964029
4516,4.516000,91.353386,95.513748,90.000000,1.353388,-0.000033,0.964029
4517,4.517000,91.353386,95.513748,90.000000,1.353388,-0.000028,0.964029
4518,4.518000,91.353386,95.513748,90.000000,1.353388,-0.000032,0.964029
4519,4.519000,91.353386,95.513748,90.000000,1.353388,-0.000032,0.964029
4520,4.520000,91.353386,95.513748,90.000000,1.353388,-0.000030,0.964029
4521,4.521000,91.353386,95.513748,90.000000,1.353388,-0.000033,0.964029
4522,4.522000,91.353386,95.513748,90.000000,1.353388,-0.000041,0.964030
4523,4.523000,91.353386,95.513748,90.000000,1.353388,-0.000044,0.964030
4524,4.524000,91.353386,95.513748,90.000000,1.353388,-0.000054,0.964030
4525,4.525000,91.353386,95.513748,90.000000,1.353388,-0.000050,0.964030
4526,4.526000,91.353386,95.513748,90.000000,1.353388,-0.000041,0.964030
4527,4.527000,91.353386,95.513748,90.000000,1.353388,-0.000041,0.964030
4528,4.528000,91.353386,95.513748,90.000000,1.353388,-0.000028,0.964030
4529,4.529000,91.353386,95.513748,90.000000,1.353388,-0.000022,0.964030
4530,4.530000,91.353386,95.513748,90.000000,1.353388,-0.000013,0.964030
4531,4.531000,91.353386,95.513748,90.000000,1.353388,-0.000014,0.964030
4532,4.532000,91.353386,95.513748,90.000000,1.353388,-0.000002,0.964030
4533,4.533000,91.353386,95.513748,90.000000,1.353388,-0.000008,0.964030
4534,4.534000,91.353386,95.513748,90.000000,1.353388,-0.000006,0.964030
4535,4.535000,91.353386,95.513748,90.000000,1.353388,0.000003,0.964030
4536,4.536000,91.353386,95.513748,90.000000,1.353388,-0.000004,0.964030
4537,4.537000,91.353386,95.513748,90.000000,1.353388,-0.000003,0.964030
4538,4.538000,91.353386,95.513748,90.000000,1.353388,0.000024,0.964030
4539,4.539000,91.353386,95.513748,90.000000,1.353388,0.000055,0.964030
4540,4.540000,91.353386,95.513748,90.000000,1.353388,0.000082,0.964030
4541,4.541000,91.353386,95.513748,90.000000,1.353388,0.000098,0.964030
4542,4.542000,91.353386,95.513748,90.000000,1.353388,0.000113,0.964030
4543,4.543000,91.353386,95.513748,90.000000,1.353388,0.000135,0.964030
4544,4.544000,91.353386,95.513741,90.000000,1.353388,0.000161,0.964030
4545,4.545000,91.353386,95.513741,90.000000,1.353388,0.000170,0.964030
4546,4.546000,91.353386,95.513741,90.000000,1.353388,0.000149,0.964030
4547,4.547000,91.353386,95.513741,90.000000,1.353388,0.000149,0.964030
4548,4.548000,91.353386,95.513741,90.000000,1.353388,0.000130,0.964030
4549,4.549000,91.353386,95.513741,90.000000,1.353388,0.000134,0.964030
4550,4.550000,91.353386,95.513741,90.000000,1.353388,0.000126,0.964030
4551,4.551000,91.353386,95.513741,90.000000,1.353388,0.000128,0.964030
4552,4.552000,91.353386,95.513741,90.000000,1.353388,0.000124,0.964030
4553,4.553000,91.353386,95.513741,90.000000,1.353388,0.000112,0.964030
4554,4.554000,91.353386,95.513741,90.000000,1.353388,0.000115,0.964030
4555,4.555000,91.353386,95.513741,90.000000,1.353388,0.000099,0.964030
4556,4.556000,91.353386,95.513741,90.000000,1.353388,0.000058,0.964030
4557,4.557000,91.353386,95.513741,90.000000,1.353388,0.000022,0.964030
4558,4.558000,91.353386,95.513741,90.000000,1.353388,-0.000008,0.964030
4559,4.559000,91.353386,95.513741,90.000000,1.353388,-0.000044,0.964030
4560,4.560000,91.353386,95.513741,90.000000,1.353388,-0.000081,0.964030
4561,4.561000,91.353386,95.513741,90.000000,1.353388,-0.000106,0.964030
4562,4.562000,91.353386,95.513748,90.000000,1.353388,-0.000138,0.964030
4563,4.563000,91.353386,95.513748,90.000000,1.353388,-0.000151,0.964030
4564,4.564000,91.353386,95.513748,90.000000,1.353388,-0.000133,0.964030
4565,4.565000,91.353386,95.513748,90.000000,1.353388,-0.000124,0.964030
4566,4.566000,91.353386,95.513748,90.000000,1.353388,-0.000112,0.964030
4567,4.567000,91.353386,95.513748,90.000000,1.353388,-0.000118,0.964030
4568,4.568000,91.353386,95.513748,90.000000,1.353388,-0.000110,0.964030
4569,4.569000,91.353386,95.513748,90.000000,1.353388,-0.000108,0.964030
4570,4.570000,91.353386,95.513748,90.000000,1.353388,-0.000096,0.964030
4571,4.571000,91.353386,95.513748,90.000000,1.353388,-0.000091,0.964030
4572,4.572000,91.353386,95.513748,90.000000,1.353388,-0.000088,0.964030
4573,4.573000,91.353386,95.513748,90.000000,1.353388,-0.000094,0.964030
4574,4.574000,91.353386,95.513748,90.000000,1.353388,-0.000094,0.964030
4575,4.575000,91.353386,95.513748,90.000000,1.353388,-0.000088,0.964030
4576,4.576000,91.353386,95.513748,90.000000,1.353388,-0.000080,0.964030
4577,4.577000,91.353386,95.513748,90.000000,1.353388,-0.000087,0.964030
4578,4.578000,91.353386,95.513748,90.000000,1.353388,-0.000080,0.964030
4579,4.579000,91.353386,95.513748,90.000000,1.353388,-0.000071,0.964030
4580,4.580000,91.353386,95.513748,90.000000,1.353388,-0.000054,0.964030
4581,4.581000,91.353386,95.513748,90.000000,1.353388,-0.000049,0.964030
4582,4.582000,91.353386,95.513748,90.000000,1.353388,-0.000041,0.964030
4583,4.583000,91.353386,95.513748,90.000000,1.353388,-0.000033,0.964030
4584,4.584000,91.353386,95.513748,90.000000,1.353388,0.000001,0.964030
4585,4.585000,91.353386,95.513748,90.000000,1.353388,0.000044,0.964030
4586,4.586000,91.353386,95.513748,90.000000,1.353388,0.000069,0.964030
4587,4.587000,91.353386,95.513748,90.000000,1.353388,0.000101,0.964030
4588,4.588000,91.353386,95.513748,90.000000,1.353388,0.000111,0.964030
4589,4.589000,91.353386,95.513748,90.000000,1.353388,0.000129,0.964030
4590,4.590000,91.353386,95.513741,90.000000,1.353388,0.000144,0.964030
4591,4.591000,91.353386,95.513741,90.000000,1.353388,0.000165,0.964030
4592,4.592000,91.353386,95.513741,90.000000,1.353388,0.000155,0.964030
4593,4.593000,91.353386,95.513741,90.000000,1.353388,0.000144,0.964030
4594,4.594000,91.353386,95.513741,90.000000,1.353388,0.000134,0.964030
4595,4.595000,91.353386,95.513741,90.000000,1.353388,0.000128,0.964030
4596,4.596000,91.353386,95.513741,90.000000,1.353388,0.000117,0.964030
4597,4.597000,91.353386,95.513741,90.000000,1.353388,0.000108,0.964030
4598,4.598000,91.353386,95.513741,90.000000,1.353388,0.000107,0.964030
4599,4.599000,91.353386,95.513741,90.000000,1.353388,0.000116,0.964030
4600,4.600000,91.353386,95.513741,90.000000,1.353388,0.000110,0.964030
4601,4.601000,91.353386,95.513741,90.000000,1.353388,0.000102,0.964030
4602,4.602000,91.353386,95.513741,90.000000,1.353388,0.000087,0.964030
4603,4.603000,91.353386,95.513741,90.000000,1.353388,0.000072,0.964030
4604,4.604000,91.353386,95.513741,90.000000,1.353388,0.000068,0.964030
4605,4.605000,91.353386,95.513741,90.000000,1.353388,0.000038,0.964029
4606,4.606000,91.353386,95.513741,90.000000,1.353388,-0.000007,0.964029
4607,4.607000,91.353386,95.513741,90.000000,1.353388,-0.000046,0.964029
4608,4.608000,91.353386,95.513741,90.000000,1.353388,-0.000084,0.964029
4609,4.609000,91.353386,95.513741,90.000000,1.353388,-0.000116,0.964029
4610,4.610000,91.353386,95.513741,90.000000,1.353388,-0.000134,0.964029
4611,4.611000,91.353386,95.513748,90.000000,1.353388,-0.000155,0.964029
4612,4.612000,91.353386,95.513748,90.000000,1.353388,-0.000156,0.964029
4613,4.613000,91.353386,95.513748,90.000000,1.353388,-0.000149,0.964029
4614,4.614000,91.353386,95.513748,90.000000,1.353388,-0.000132,0.964029
4615,4.615000,91.353386,95.513748,90.000000,1.353388,-0.000124,0.964029
4616,4.616000,91.353386,95.513748,90.000000,1.353388,-0.000108,0.964029
4617,4.617000,91.353386,95.513748,90.000000,1.353388,-0.000109,0.964029
4618,4.618000,91.353386,95.513748,90.000000,1.353388,-0.000098,0.964029
4619,4.619000,91.353386,95.513748,90.000000,1.353388,-0.000092,0.964029
4620,4.620000,91.353386,95.513748,90.000000,1.353388,-0.000090,0.964029
4621,4.621000,91.353386,95.513748,90.000000,1.353388,-0.000093,0.964029
4622,4.622000,91.353386,95.513748,90.000000,1.353388,-0.000089,0.964029
4623,4.623000,91.353386,95.513748,90.000000,1.353388,-0.000094,0.964029
4624,4.624000,91.353386,95.513748,90.000000,1.353388,-0.000094,0.964029
4625,4.625000,91.353386,95.513748,90.000000,1.353388,-0.000093,0.964029
4626,4.626000,91.353386,95.513748,90.000000,1.353388,-0.000083,0.964029
4627,4.627000,91.353386,95.513748,90.000000,1.353388,-0.000068,0.964029
4628,4.628000,91.353386,95.513748,90.000000,1.353388,-0.000062,0.964029
4629,4.629000,91.353386,95.513748,90.000000,1.353388,-0.000016,0.964029
4630,4.630000,91.353386,95.513748,90.000000,1.353388,0.000019,0.964029
4631,4.631000,91.353386,95.513748,90.000000,1.353388,0.000060,0.964029
4632,4.632000,91.353386,95.513748,90.000000,1.353388,0.000089,0.964029
4633,4.633000,91.353386,95.513748,90.000000,1.353388,0.000122,0.964029
4634,4.634000,91.353386,95.513748,90.000000,1.353388,0.000135,0.964029
4635,4.635000,91.353386,95.513741,90.000000,1.353388,0.000148,0.964029
4636,4.636000,91.353386,95.513741,90.000000,1.353388,0.000164,0.964029
4637,4.637000,91.353386,95.513741,90.000000,1.353388,0.000145,0.964029
4638,4.638000,91.353386,95.513741,90.000000,1.353388,0.000135,0.964029
4639,4.639000,91.353386,95.513741,90.000000,1.353388,0.000123,0.964029
4640,4.640000,91.353386,95.513741,90.000000,1.353388,0.000108,0.964029
4641,4.641000,91.353386,95.513741,90.000000,1.353388,0.000098,0.964029
4642,4.642000,91.353386,95.513741,90.000000,1.353388,0.000091,0.964029
4643,4.643000,91.353386,95.513741,90.000000,1.353388,0.000091,0.964029
4644,4.644000,91.353386,95.513741,90.000000,1.353388,0.000093,0.964029
4645,4.645000,91.353386,95.513741,90.000000,1.353388,0.000090,0.964029
4646,4.646000,91.353386,95.513741,90.000000,1.353388,0.000082,0.964029
4647,4.647000,91.353386,95.513741,90.000000,1.353388,0.000086,0.964029
4648,4.648000,91.353386,95.513741,90.000000,1.353388,0.000075,0.964029
4649,4.649000,91.353386,95.513741,90.000000,1.353388,0.000077,0.964029
4650,4.650000,91.353386,95.513741,90.000000,1.353388,0.000064,0.964029
4651,4.651000,91.353386,95.513741,90.000000,1.353388,0.000061,0.964029
4652,4.652000,91.353386,95.513741,90.000000,1.353388,0.000030,0.964029
4653,4.653000,91.353386,95.513741,90.000000,1.353388,0.000005,0.964029
4654,4.654000,91.353386,95.513741,90.000000,1.353388,-0.000031,0.964029
4655,4.655000,91.353386,95.513741,90.000000,1.353388,-0.000069,0.964029
4656,4.656000,91.353386,95.513741,90.000000,1.353388,-0.000093,0.964029
4657,4.657000,91.353386,95.513741,90.000000,1.353388,-0.000114,0.964029
4658,4.658000,91.353386,95.513748,90.000000,1.353388,-0.000121,0.964029
4659,4.659000,91.353386,95.513748,90.000000,1.353388,-0.000133,0.964029
4660,4.660000,91.353386,95.513748,90.000000,1.353388,-0.000124,0.964029
4661,4.661000,91.353386,95.513748,90.000000,1.353388,-0.000121,0.964029
4662,4.662000,91.353386,95.513748,90.000000,1.353388,-0.000112,0.964029
4663,4.663000,91.353386,95.513748,90.000000,1.353388,-0.000107,0.964029
4664,4.664000,91.353386,95.513748,90.000000,1.353388,-0.000093,0.964029
4665,4.665000,91.353386,95.513748,90.000000,1.353388,-0.000104,0.964029
4666,4.666000,91.353386,95.513748,90.000000,1.353388,-0.000103,0.964029
4667,4.667000,91.353386,95.513748,90.000000,1.353388,-0.000097,0.964029
4668,4.668000,91.353386,95.513748,90.000000,1.353388,-0.000102,0.964029
4669,4.669000,91.353386,95.513748,90.000000,1.353388,-0.000098,0.964029
4670,4.670000,91.353386,95.513748,90.000000,1.353388,-0.000098,0.964029
4671,4.671000,91.353386,95.513748,90.000000,1.353388,-0.000095,0.964029
4672,4.672000,91.353386,95.513748,90.000000,1.353388,-0.000094,0.964029
4673,4.673000,91.353386,95.513748,90.000000,1.353388,-0.000094,0.964029
4674,4.674000,91.353386,95.513748,90.000000,1.353388,-0.000078,0.964029
4675,4.675000,91.353386,95.513748,90.000000,1.353388,-0.000068,0.964029
4676,4.676000,91.353386,95.513748,90.000000,1.353388,-0.000060,0.964029
4677,4.677000,91.353386,95.513748,90.000000,1.353388,-0.000012,0.964029
4678,4.678000,91.353386,95.513748,90.000000,1.353388,0.000019,0.964029
4679,4.679000,91.353386,95.513748,90.000000,1.353388,0.000056,0.964029
4680,4.680000,91.353386,95.513748,90.000000,1.353388,0.000090,0.964029
4681,4.681000,91.353386,95.513748,90.000000,1.353388,0.000122,0.964029
4682,4.682000,91.353386,95.513748,90.000000,1.353388,0.000143,0.964029
4683,4.683000,91.353386,95.513741,90.000000,1.353388,0.000157,0.964029
4684,4.684000,91.353386,95.513741,90.000000,1.353388,0.000173,0.964029
4685,4.685000,91.353386,95.513741,90.000000,1.353388,0.000158,0.964029
4686,4.686000,91.353386,95.513741,90.000000,1.353388,0.000146,0.964029
4687,4.687000,91.353386,95.513741,90.000000,1.353388,0.000135,0.964029
4688,4.688000,91.353386,95.513741,90.000000,1.353388,0.000125,0.964029
4689,4.689000,91.353386,95.513741,90.000000,1.353388,0.000117,0.964029
4690,4.690000,91.353386,95.513741,90.000000,1.353388,0.000103,0.964029
4691,4.691000,91.353386,95.513741,90.000000,1.353388,0.000105,0.964029
4692,4.692000,91.353386,95.513741,90.000000,1.353388,0.000118,0.964029
4693,4.693000,91.353386,95.513741,90.000000,1.353388,0.000102,0.964029
4694,4.694000,91.353386,95.513741,90.000000,1.353388,0.000099,0.964029
4695,4.695000,91.353386,95.513741,90.000000,1.353388,0.000091,0.964029
4696,4.696000,91.353386,95.513741,90.000000,1.353388,0.000082,0.964029
4697,4.697000,91.353386,95.513741,90.000000,1.353388,0.000075,0.964029
4698,4.698000,91.353386,95.513741,90.000000,1.353388,0.000040,0.964029
4699,4.699000,91.353386,95.513741,90.000000,1.353388,0.000003,0.964029
4700,4.700000,91.353386,95.513741,90.000000,1.353388,-0.000037,0.964029
4701,4.701000,91.353386,95.513741,90.000000,1.353388,-0.000079,0.964029
4702,4.702000,91.353386,95.513741,90.000000,1.353388,-0.000108,0.964029
4703,4.703000,91.353386,95.513741,90.000000,1.353388,-0.000129,0.964029
4704,4.704000,91.353386,95.513748,90.000000,1.353388,-0.000152,0.964029
4705,4.705000,91.353386,95.513748,90.000000,1.353388,-0.000153,0.964029
4706,4.706000,91.353386,95.513748,90.000000,1.353388,-0.000151,0.964029
4707,4.707000,91.353386,95.513748,90.000000,1.353388,-0.000141,0.964029
4708,4.708000,91.353386,95.513748,90.000000,1.353388,-0.000127,0.964029
4709,4.709000,91.353386,95.513748,90.000000,1.353388,-0.000125,0.964029
4710,4.710000,91.353386,95.513748,90.000000,1.353388,-0.000111,0.964029
4711,4.711000,91.353386,95.513748,90.000000,1.353388,-0.000095,0.964029
4712,4.712000,91.353386,95.513748,90.000000,1.353388,-0.000088,0.964029
4713,4.713000,91.353386,95.513748,90.000000,1.353388,-0.000083,0.964029
4714,4.714000,91.353386,95.513748,90.000000,1.353388,-0.000085,0.964029
4715,4.715000,91.353386,95.513748,90.000000,1.353388,-0.000080,0.964029
4716,4.716000,91.353386,95.513748,90.000000,1.353388,-0.000079,0.964029
4717,4.717000,91.353386,95.513748,90.000000,1.353388,-0.000075,0.964029
4718,4.718000,91.353386,95.513748,90.000000,1.353388,-0.000082,0.964029
4719,4.719000,91.353386,95.513748,90.000000,1.353388,-0.000083,0.964029
4720,4.720000,91.353386,95.513748,90.000000,1.353388,-0.000064,0.964029
4721,4.721000,91.353386,95.513748,90.000000,1.353388,-0.000058,0.964029
4722,4.722000,91.353386,95.513748,90.000000,1.353388,-0.000021,0.964029
4723,4.723000,91.353386,95.513748,90.000000,1.353388,0.000021,0.964029
4724,4.724000,91.353386,95.513748,90.000000,1.353388,0.000056,0.964029
4725,4.725000,91.353386,95.513748,90.000000,1.353388,0.000087,0.964029
4726,4.726000,91.353386,95.513748,90.000000,1.353388,0.000131,0.964029
4727,4.727000,91.353386,95.513748,90.000000,1.353388,0.000152,0.964029
4728,4.728000,91.353386,95.513741,90.000000,1.353388,0.000164,0.964029
4729,4.729000,91.353386,95.513741,90.000000,1.353388,0.000183,0.964029
4730,4.730000,91.353386,95.513741,90.000000,1.353388,0.000171,0.964029
4731,4.731000,91.353386,95.513741,90.000000,1.353388,0.000152,0.964029
4732,4.732000,91.353386,95.513741,90.000000,1.353388,0.000146,0.964029
4733,4.733000,91.353386,95.513741,90.000000,1.353388,0.000139,0.964029
4734,4.734000,91.353386,95.513741,90.000000,1.353388,0.000117,0.964029
4735,4.735000,91.353386,95.513741,90.000000,1.353388,0.000123,0.964029
4736,4.736000,91.353386,95.513741,90.000000,1.353388,0.000128,0.964029
4737,4.737000,91.353386,95.513741,90.000000,1.353388,0.000115,0.964029
4738,4.738000,91.353386,95.513741,90.000000,1.353388,0.000117,0.964029
4739,4.739000,91.353386,95.513741,90.000000,1.353388,0.000107,0.964029
4740,4.740000,91.353386,95.513741,90.000000,1.353388,0.000100,0.964029
4741,4.741000,91.353386,95.513741,90.000000,1.353388,0.000091,0.964029
4742,4.742000,91.353386,95.513741,90.000000,1.353388,0.000050,0.964029
4743,4.743000,91.353386,95.513741,90.000000,1.353388,0.000015,0.964029
4744,4.744000,91.353386,95.513741,90.000000,1.353388,-0.000020,0.964029
4745,4.745000,91.353386,95.513741,90.000000,1.353388,-0.000050,0.964029
4746,4.746000,91.353386,95.513741,90.000000,1.353388,-0.000083,0.964029
4747,4.747000,91.353386,95.513741,90.000000,1.353388,-0.000121,0.964029
4748,4.748000,91.353386,95.513748,90.000000,1.353388,-0.000134,0.964029
4749,4.749000,91.353386,95.513748,90.000000,1.353388,-0.000158,0.964029
4750,4.750000,91.353386,95.513748,90.000000,1.353388,-0.000149,0.964029
4751,4.751000,91.353386,95.513748,90.000000,1.353388,-0.000134,0.964029
4752,4.752000,91.353386,95.513748,90.000000,1.353388,-0.000126,0.964029
4753,4.753000,91.353386,95.513748,90.000000,1.353388,-0.000122,0.964029
4754,4.754000,91.353386,95.513748,90.000000,1.353388,-0.000109,0.964029
4755,4.755000,91.353386,95.513748,90.000000,1.353388,-0.000097,0.964029
4756,4.756000,91.353386,95.513748,90.000000,1.353388,-0.000090,0.964029
4757,4.757000,91.353386,95.513748,90.000000,1.353388,-0.000094,0.964029
4758,4.758000,91.353386,95.513748,90.000000,1.353388,-0.000084,0.964029
4759,4.759000,91.353386,95.513748,90.000000,1.353388,-0.000084,0.964029
4760,4.760000,91.353386,95.513748,90.000000,1.353388,-0.000079,0.964029
4761,4.761000,91.353386,95.513748,90.000000,1.353388,-0.000068,0.964029
4762,4.762000,91.353386,95.513748,90.000000,1.353388,-0.000072,0.964029
4763,4.763000,91.353386,95.513748,90.000000,1.353388,-0.000065,0.964029
4764,4.764000,91.353386,95.513748,90.000000,1.353388,-0.000073,0.964029
4765,4.765000,91.353386,95.513748,90.000000,1.353388,-0.000064,0.964029
4766,4.766000,91.353386,95.513748,90.000000,1.353388,-0.000064,0.964029
4767,4.767000,91.353386,95.513748,90.000000,1.353388,-0.000054,0.964029
4768,4.768000,91.353386,95.513748,90.000000,1.353388,-0.000048,0.964029
4769,4.769000,91.353386,95.513748,90.000000,1.353388,-0.000036,0.964029
4770,4.770000,91.353386,95.513748,90.000000,1.353388,-0.000019,0.964029
4771,4.771000,91.353386,95.513748,90.000000,1.353388,-0.000013,0.964029
4772,4.772000,91.353386,95.513748,90.000000,1.353388,0.000013,0.964029
4773,4.773000,91.353386,95.513748,90.000000,1.353388,0.000041,0.964029
4774,4.774000,91.353386,95.513748,90.000000,1.353388,0.000068,0.964029
4775,4.775000,91.353386,95.513748,90.000000,1.353388,0.000087,0.964029
4776,4.776000,91.353386,95.513748,90.000000,1.353388,0.000098,0.964029
4777,4.777000,91.353386,95.513748,90.000000,1.353388,0.000103,0.964029
4778,4.778000,91.353386,95.513741,90.000000,1.353388,0.000124,0.964029
4779,4.779000,91.353386,95.513741,90.000000,1.353388,0.000139,0.964029
4780,4.780000,91.353386,95.513741,90.000000,1.353388,0.000118,0.964029
4781,4.781000,91.353386,95.513741,90.000000,1.353388,0.000112,0.964029
4782,4.782000,91.353386,95.513741,90.000000,1.353388,0.000093,0.964029
4783,4.783000,91.353386,95.513741,90.000000,1.353388,0.000089,0.964029
4784,4.784000,91.353386,95.513741,90.000000,1.353388,0.000087,0.964029
4785,4.785000,91.353386,95.513741,90.000000,1.353388,0.000088,0.964029
4786,4.786000,91.353386,95.513741,90.000000,1.353388,0.000093,0.964029
4787,4.787000,91.353386,95.513741,90.000000,1.353388,0.000093,0.964029
4788,4.788000,91.353386,95.513741,90.000000,1.353388,0.000092,0.964029
4789,4.789000,91.353386,95.513741,90.000000,1.353388,0.000091,0.964029
4790,4.790000,91.353386,95.513741,90.000000,1.353388,0.000085,0.964029
4791,4.791000,91.353386,95.513741,90.000000,1.353388,0.000080,0.964029
4792,4.792000,91.353386,95.513741,90.000000,1.353388,0.000081,0.964029
4793,4.793000,91.353386,95.513741,90.000000,1.353388,0.000085,0.964029
4794,4.794000,91.353386,95.513741,90.000000,1.353388,0.000067,0.964029
4795,4.795000,91.353386,95.513741,90.000000,1.353388,0.000037,0.964029
4796,4.796000,91.353386,95.513741,90.000000,1.353388,0.000017,0.964029
4797,4.797000,91.353386,95.513741,90.000000,1.353388,-0.000010,0.964029
4798,4.798000,91.353386,95.513741,90.000000,1.353388,-0.000042,0.964029
4799,4.799000,91.353386,95.513741,90.000000,1.353388,-0.000072,0.964029
4800,4.800000,91.353386,95.513741,90.000000,1.353388,-0.000097,0.964029
4801,4.801000,91.353386,95.513748,90.000000,1.353388,-0.000119,0.964029
4802,4.802000,91.353386,95.513748,90.000000,1.353388,-0.000121,0.964029
4803,4.803000,91.353386,95.513748,90.000000,1.353388,-0.000115,0.964029
4804,4.804000,91.353386,95.513748,90.000000,1.353388,-0.000105,0.964029
4805,4.805000,91.353386,95.513748,90.000000,1.353388,-0.000092,0.964029
4806,4.806000,91.353386,95.513748,90.000000,1.353388,-0.000084,0.964029
4807,4.807000,91.353386,95.513748,90.000000,1.353388,-0.000073,0.964029
4808,4.808000,91.353386,95.513748,90.000000,1.353388,-0.000066,0.964029
4809,4.809000,91.353386,95.513748,90.000000,1.353388,-0.000071,0.964029
4810,4.810000,91.353386,95.513748,90.000000,1.353388,-0.000069,0.964029
4811,4.811000,91.353386,95.513748,90.000000,1.353388,-0.000074,0.964029
4812,4.812000,91.353386,95.513748,90.000000,1.353388,-0.000062,0.964029
4813,4.813000,91.353386,95.513748,90.000000,1.353388,-0.000068,0.964029
4814,4.814000,91.353386,95.513748,90.000000,1.353388,-0.000054,0.964029
4815,4.815000,91.353386,95.513748,90.000000,1.353388,-0.000055,0.964029
4816,4.816000,91.353386,95.513748,90.000000,1.353388,-0.000052,0.964029
4817,4.817000,91.353386,95.513748,90.000000,1.353388,-0.000047,0.964029
4818,4.818000,91.353386,95.513748,90.000000,1.353388,-0.000051,0.964029
4819,4.819000,91.353386,95.513748,90.000000,1.353388,-0.000052,0.964029
4820,4.820000,91.353386,95.513748,90.000000,1.353388,-0.000057,0.964029
4821,4.821000,91.353386,95.513748,90.000000,1.353388,-0.000056,0.964029
4822,4.822000,91.353386,95.513748,90.000000,1.353388,-0.000058,0.964029
4823,4.823000,91.353386,95.513748,90.000000,1.353388,-0.000055,0.964029
4824,4.824000,91.353386,95.513748,90.000000,1.353388,-0.000051,0.964029
4825,4.825000,91.353386,95.513748,90.000000,1.353388,-0.000041,0.964029
4826,4.826000,91.353386,95.513748,90.000000,1.353388,-0.000010,0.964029
4827,4.827000,91.353386,95.513748,90.000000,1.353388,0.000018,0.964029
4828,4.828000,91.353386,95.513748,90.000000,1.353388,0.000045,0.964029
4829,4.829000,91.353386,95.513748,90.000000,1.353388,0.000064,0.964029
4830,4.830000,91.353386,95.513748,90.000000,1.353388,0.000080,0.964029
4831,4.831000,91.353386,95.513748,90.000000,1.353388,0.000101,0.964029
4832,4.832000,91.353386,95.513741,90.000000,1.353388,0.000121,0.964029
4833,4.833000,91.353386,95.513741,90.000000,1.353388,0.000123,0.964029
4834,4.834000,91.353386,95.513741,90.000000,1.353388,0.000117,0.964029
4835,4.835000,91.353386,95.513741,90.000000,1.353388,0.000107,0.964029
4836,4.836000,91.353386,95.513741,90.000000,1.353388,0.000092,0.964029
4837,4.837000,91.353386,95.513741,90.000000,1.353388,0.000091,0.964029
4838,4.838000,91.353386,95.513741,90.000000,1.353388,0.000091,0.964029
4839,4.839000,91.353386,95.513741,90.000000,1.353388,0.000092,0.964029
4840,4.840000,91.353386,95.513741,90.000000,1.353388,0.000093,0.964029
4841,4.841000,91.353386,95.513741,90.000000,1.353388,0.000090,0.964029
4842,4.842000,91.353386,95.513741,90.000000,1.353388,0.000087,0.964029
4843,4.843000,91.353386,95.513741,90.000000,1.353388,0.000091,0.964029
4844,4.844000,91.353386,95.513741,90.000000,1.353388,0.000094,0.964029
4845,4.845000,91.353386,95.513741,90.000000,1.353388,0.000087,0.964029
4846,4.846000,91.353386,95.513741,90.000000,1.353388,0.000086,0.964029
4847,4.847000,91.353386,95.513741,90.000000,1.353388,0.000086,0.964029
4848,4.848000,91.353386,95.513741,90.000000,1.353388,0.000077,0.964029
4849,4.849000,91.353386,95.513741,90.000000,1.353388,0.000044,0.964029
4850,4.850000,91.353386,95.513741,90.000000,1.353388,0.000019,0.964029
4851,4.851000,91.353386,95.513741,90.000000,1.353388,-0.000013,0.964029
4852,4.852000,91.353386,95.513741,90.000000,1.353388,-0.000048,0.964029
4853,4.853000,91.353386,95.513741,90.000000,1.353388,-0.000080,0.964029
4854,4.854000,91.353386,95.513741,90.000000,1.353388,-0.000110,0.964029
4855,4.855000,91.353386,95.513748,90.000000,1.353388,-0.000132,0.964029
4856,4.856000,91.353386,95.513748,90.000000,1.353388,-0.000141,0.964029
4857,4.857000,91.353386,95.513748,90.000000,1.353388,-0.000128,0.964029
4858,4.858000,91.353386,95.513748,90.000000,1.353388,-0.000119,0.964029
4859,4.859000,91.353386,95.513748,90.000000,1.353388,-0.000111,0.964029
4860,4.860000,91.353386,95.513748,90.000000,1.353388,-0.000102,0.964029
4861,4.861000,91.353386,95.513748,90.000000,1.353388,-0.000093,0.964030
4862,4.862000,91.353386,95.513748,90.000000,1.353388,-0.000086,0.964030
4863,4.863000,91.353386,95.513748,90.000000,1.353388,-0.000078,0.964030
4864,4.864000,91.353386,95.513748,90.000000,1.353388,-0.000078,0.964030
4865,4.865000,91.353386,95.513748,90.000000,1.353388,-0.000080,0.964030
4866,4.866000,91.353386,95.513748,90.000000,1.353388,-0.000072,0.964030
4867,4.867000,91.353386,95.513748,90.000000,1.353388,-0.000067,0.964030
4868,4.868000,91.353386,95.513748,90.000000,1.353388,-0.000071,0.964030
4869,4.869000,91.353386,95.513748,90.000000,1.353388,-0.000069,0.964030
4870,4.870000,91.353386,95.513748,90.000000,1.353388,-0.000065,0.964030
4871,4.871000,91.353386,95.513748,90.000000,1.353388,-0.000062,0.964030
4872,4.872000,91.353386,95.513748,90.000000,1.353388,-0.000065,0.964030
4873,4.873000,91.353386,95.513748,90.000000,1.353388,-0.000059,0.964030
4874,4.874000,91.353386,95.513748,90.000000,1.353388,-0.000051,0.964030
4875,4.875000,91.353386,95.513748,90.000000,1.353388,-0.000040,0.964030
4876,4.876000,91.353386,95.513748,90.000000,1.353388,-0.000004,0.964030
4877,4.877000,91.353386,95.513748,90.000000,1.353388,0.000034,0.964030
4878,4.878000,91.353386,95.513748,90.000000,1.353388,0.000064,0.964030
4879,4.879000,91.353386,95.513748,90.000000,1.353388,0.000088,0.964030
4880,4.880000,91.353386,95.513748,90.000000,1.353388,0.000122,0.964030
4881,4.881000,91.353386,95.513748,90.000000,1.353388,0.000139,0.964030
4882,4.882000,91.353386,95.513741,90.000000,1.353388,0.000154,0.964030
4883,4.883000,91.353386,95.513741,90.000000,1.353388,0.000164,0.964030
4884,4.884000,91.353386,95.513741,90.000000,1.353388,0.000155,0.964030
4885,4.885000,91.353386,95.513741,90.000000,1.353388,0.000142,0.964030
4886,4.886000,91.353386,95.513741,90.000000,1.353388,0.000144,0.964030
4887,4.887000,91.353386,95.513741,90.000000,1.353388,0.000122,0.964030
4888,4.888000,91.353386,95.513741,90.000000,1.353388,0.000117,0.964030
4889,4.889000,91.353386,95.513741,90.000000,1.353388,0.000123,0.964030
4890,4.890000,91.353386,95.513741,90.000000,1.353388,0.000120,0.964030
4891,4.891000,91.353386,95.513741,90.000000,1.353388,0.000107,0.964030
4892,4.892000,91.353386,95.513741,90.000000,1.353388,0.000107,0.964030
4893,4.893000,91.353386,95.513741,90.000000,1.353388,0.000102,0.964030
4894,4.894000,91.353386,95.513741,90.000000,1.353388,0.000082,0.964030
4895,4.895000,91.353386,95.513741,90.000000,1.353388,0.000047,0.964030
4896,4.896000,91.353386,95.513741,90.000000,1.353388,0.000020,0.964030
4897,4.897000,91.353386,95.513741,90.000000,1.353388,-0.000013,0.964030
4898,4.898000,91.353386,95.513741,90.000000,1.353388,-0.000054,0.964030
4899,4.899000,91.353386,95.513741,90.000000,1.353388,-0.000086,0.964030
4900,4.900000,91.353386,95.513741,90.000000,1.353388,-0.000115,0.964030
4901,4.901000,91.353386,95.513748,90.000000,1.353388,-0.000137,0.964030
4902,4.902000,91.353386,95.513748,90.000000,1.353388,-0.000153,0.964030
4903,4.903000,91.353386,95.513748,90.000000,1.353388,-0.000138,0.964030
4904,4.904000,91.353386,95.513748,90.000000,1.353388,-0.000131,0.964030
4905,4.905000,91.353386,95.513748,90.000000,1.353388,-0.000130,0.964030
4906,4.906000,91.353386,95.513748,90.000000,1.353388,-0.000122,0.964030
4907,4.907000,91.353386,95.513748,90.000000,1.353388,-0.000116,0.964030
4908,4.908000,91.353386,95.513748,90.000000,1.353388,-0.000104,0.964030
4909,4.909000,91.353386,95.513748,90.000000,1.353388,-0.000099,0.964030
4910,4.910000,91.353386,95.513748,90.000000,1.353388,-0.000091,0.964030
4911,4.911000,91.353386,95.513748,90.000000,1.353388,-0.000089,0.964030
4912,4.912000,91.353386,95.513748,90.000000,1.353388,-0.000095,0.964030
4913,4.913000,91.353386,95.513748,90.000000,1.353388,-0.000080,0.964030
4914,4.914000,91.353386,95.513748,90.000000,1.353388,-0.000080,0.964030
4915,4.915000,91.353386,95.513748,90.000000,1.353388,-0.000085,0.964030
4916,4.916000,91.353386,95.513748,90.000000,1.353388,-0.000079,0.964030
4917,4.917000,91.353386,95.513748,90.000000,1.353388,-0.000069,0.964030
4918,4.918000,91.353386,95.513748,90.000000,1.353388,-0.000058,0.964030
4919,4.919000,91.353386,95.513748,90.000000,1.353388,-0.000048,0.964030
4920,4.920000,91.353386,95.513748,90.000000,1.353388,-0.000042,0.964030
4921,4.921000,91.353386,95.513748,90.000000,1.353388,-0.000040,0.964030
4922,4.922000,91.353386,95.513748,90.000000,1.353388,-0.000003,0.964030
4923,4.923000,91.353386,95.513748,90.000000,1.353388,0.000041,0.964030
4924,4.924000,91.353386,95.513748,90.000000,1.353388,0.000066,0.964030
4925,4.925000,91.353386,95.513748,90.000000,1.353388,0.000097,0.964029
4926,4.926000,91.353386,95.513748,90.000000,1.353388,0.000109,0.964029
4927,4.927000,91.353386,95.513748,90.000000,1.353388,0.000133,0.964029
4928,4.928000,91.353386,95.513741,90.000000,1.353388,0.000147,0.964029
4929,4.929000,91.353386,95.513741,90.000000,1.353388,0.000163,0.964029
4930,4.930000,91.353386,95.513741,90.000000,1.353388,0.000159,0.964029
4931,4.931000,91.353386,95.513741,90.000000,1.353388,0.000147,0.964029
4932,4.932000,91.353386,95.513741,90.000000,1.353388,0.000135,0.964029
4933,4.933000,91.353386,95.513741,90.000000,1.353388,0.000131,0.964029
4934,4.934000,91.353386,95.513741,90.000000,1.353388,0.000122,0.964029
4935,4.935000,91.353386,95.513741,90.000000,1.353388,0.000113,0.964029
4936,4.936000,91.353386,95.513741,90.000000,1.353388,0.000111,0.964029
4937,4.937000,91.353386,95.513741,90.000000,1.353388,0.000116,0.964029
4938,4.938000,91.353386,95.513741,90.000000,1.353388,0.000111,0.964029
4939,4.939000,91.353386,95.513741,90.000000,1.353388,0.000099,0.964029
4940,4.940000,91.353386,95.513741,90.000000,1.353388,0.000085,0.964029
4941,4.941000,91.353386,95.513741,90.000000,1.353388,0.000080,0.964029
4942,4.942000,91.353386,95.513741,90.000000,1.353388,0.000067,0.964029
4943,4.943000,91.353386,95.513741,90.000000,1.353388,0.000034,0.964029
4944,4.944000,91.353386,95.513741,90.000000,1.353388,-0.000011,0.964029
4945,4.945000,91.353386,95.513741,90.000000,1.353388,-0.000042,0.964029
4946,4.946000,91.353386,95.513741,90.000000,1.353388,-0.000091,0.964029
4947,4.947000,91.353386,95.513741,90.000000,1.353388,-0.000117,0.964029
4948,4.948000,91.353386,95.513741,90.000000,1.353388,-0.000145,0.964029
4949,4.949000,91.353386,95.513748,90.000000,1.353388,-0.000161,0.964029
4950,4.950000,91.353386,95.513748,90.000000,1.353388,-0.000169,0.964029
4951,4.951000,91.353386,95.513748,90.000000,1.353388,-0.000153,0.964029
4952,4.952000,91.353386,95.513748,90.000000,1.353388,-0.000146,0.964029
4953,4.953000,91.353386,95.513748,90.000000,1.353388,-0.000133,0.964029
4954,4.954000,91.353386,95.513748,90.000000,1.353388,-0.000121,0.964029
4955,4.955000,91.353386,95.513748,90.000000,1.353388,-0.000119,0.964029
4956,4.956000,91.353386,95.513748,90.000000,1.353388,-0.000099,0.964029
4957,4.957000,91.353386,95.513748,90.000000,1.353388,-0.000097,0.964029
4958,4.958000,91.353386,95.513748,90.000000,1.353388,-0.000091,0.964029
4959,4.959000,91.353386,95.513748,90.000000,1.353388,-0.000090,0.964029
4960,4.960000,91.353386,95.513748,90.000000,1.353388,-0.000079,0.964029
4961,4.961000,91.353386,95.513748,90.000000,1.353388,-0.000083,0.964029
4962,4.962000,91.353386,95.513748,90.000000,1.353388,-0.000071,0.964029
4963,4.963000,91.353386,95.513748,90.000000,1.353388,-0.000071,0.964029
4964,4.964000,91.353386,95.513748,90.000000,1.353388,-0.000064,0.964029
4965,4.965000,91.353386,95.513748,90.000000,1.353388,-0.000058,0.964029
4966,4.966000,91.353386,95.513748,90.000000,1.353388,-0.000052,0.964029
4967,4.967000,91.353386,95.513748,90.000000,1.353388,-0.000009,0.964029
4968,4.968000,91.353386,95.513748,90.000000,1.353388,0.000022,0.964029
4969,4.969000,91.353386,95.513748,90.000000,1.353388,0.000055,0.964029
4970,4.970000,91.353386,95.513748,90.000000,1.353388,0.000079,0.964029
4971,4.971000,91.353386,95.513748,90.000000,1.353388,0.000110,0.964029
4972,4.972000,91.353386,95.513748,90.000000,1.353388,0.000130,0.964029
4973,4.973000,91.353386,95.513741,90.000000,1.353388,0.000143,0.964029
4974,4.974000,91.353386,95.513741,90.000000,1.353388,0.000159,0.964029
4975,4.975000,91.353386,95.513741,90.000000,1.353388,0.000150,0.964029
4976,4.976000,91.353386,95.513741,90.000000,1.353388,0.000144,0.964029
4977,4.977000,91.353386,95.513741,90.000000,1.353388,0.000138,0.964029
4978,4.978000,91.353386,95.513741,90.000000,1.353388,0.000126,0.964029
4979,4.979000,91.353386,95.513741,90.000000,1.353388,0.000109,0.964029
4980,4.980000,91.353386,95.513741,90.000000,1.353388,0.000100,0.964029
4981,4.981000,91.353386,95.513741,90.000000,1.353388,0.000104,0.964029
4982,4.982000,91.353386,95.513741,90.000000,1.353388,0.000107,0.964029
4983,4.983000,91.353386,95.513741,90.000000,1.353388,0.000101,0.964029
4984,4.984000,91.353386,95.513741,90.000000,1.353388,0.000100,0.964029
4985,4.985000,91.353386,95.513741,90.000000,1.353388,0.000086,0.964029
4986,4.986000,91.353386,95.513741,90.000000,1.353388,0.000072,0.964029
4987,4.987000,91.353386,95.513741,90.000000,1.353388,0.000068,0.964029
4988,4.988000,91.353386,95.513741,90.000000,1.353388,0.000061,0.964029
4989,4.989000,91.353386,95.513741,90.000000,1.353388,0.000029,0.964029
4990,4.990000,91.353386,95.513741,90.000000,1.353388,-0.000009,0.964029
4991,4.991000,91.353386,95.513741,90.000000,1.353388,-0.000041,0.964029
4992,4.992000,91.353386,95.513741,90.000000,1.353388,-0.000082,0.964029
4993,4.993000,91.353386,95.513741,90.000000,1.353388,-0.000114,0.964029
4994,4.994000,91.353386,95.513741,90.000000,1.353388,-0.000119,0.964029
4995,4.995000,91.353386,95.513748,90.000000,1.353388,-0.000144,0.964029
4996,4.996000,91.353386,95.513748,90.000000,1.353388,-0.000150,0.964029
4997,4.997000,91.353386,95.513748,90.000000,1.353388,-0.000140,0.964029
4998,4.998000,91.353386,95.513748,90.000000,1.353388,-0.000126,0.964029
4999,4.999000,91.353386,95.513748,90.000000,1.353388,-0.000123,0.964029
5000,5.000000,91.353386,95.513748,90.000000,1.353388,-0.000105,0.964029
5001,5.001000,91.353386,95.513748,90.000000,1.353388,-0.000108,0.964029
5002,5.002000,91.353386,95.513748,90.000000,1.353388,-0.000105,0.964029
5003,5.003000,91.353386,95.513748,90.000000,1.353388,-0.000091,0.964029
5004,5.004000,91.353386,95.513748,90.000000,1.353388,-0.000092,0.964029
5005,5.005000,91.353386,95.513748,90.000000,1.353388,-0.000097,0.964029
5006,5.006000,91.353386,95.513748,90.000000,1.353388,-0.000086,0.964029
5007,5.007000,91.353386,95.513748,90.000000,1.353388,-0.000081,0.964029
5008,5.008000,91.353386,95.513748,90.000000,1.353388,-0.000084,0.964029
5009,5.009000,91.353386,95.513748,90.000000,1.353388,-0.000077,0.964029
5010,5.010000,91.353386,95.513748,90.000000,1.353388,-0.000077,0.964029
5011,5.011000,91.353386,95.513748,90.000000,1.353388,-0.000071,0.964029
5012,5.012000,91.353386,95.513748,90.000000,1.353388,-0.000061,0.964029
5013,5.013000,91.353386,95.513748,90.000000,1.353388,-0.000051,0.964029
5014,5.014000,91.353386,95.513748,90.000000,1.353388,-0.000009,0.964029
5015,5.015000,91.353386,95.513748,90.000000,1.353388,0.000018,0.964029
5016,5.016000,91.353386,95.513748,90.000000,1.353388,0.000054,0.964029
5017,5.017000,91.353386,95.513748,90.000000,1.353388,0.000080,0.964029
5018,5.018000,91.353386,95.513748,90.000000,1.353388,0.000123,0.964029
5019,5.019000,91.353386,95.513748,90.000000,1.353388,0.000132,0.964029
5020,5.020000,91.353386,95.513741,90.000000,1.353388,0.000150,0.964029
5021,5.021000,91.353386,95.513741,90.000000,1.353388,0.000173,0.964029
5022,5.022000,91.353386,95.513741,90.000000,1.353388,0.000160,0.964029
5023,5.023000,91.353386,95.513741,90.000000,1.353388,0.000150,0.964029
5024,5.024000,91.353386,95.513741,90.000000,1.353388,0.000139,0.964029
5025,5.025000,91.353386,95.513741,90.000000,1.353388,0.000132,0.964029
5026,5.026000,91.353386,95.513741,90.000000,1.353388,0.000123,0.964029
5027,5.027000,91.353386,95.513741,90.000000,1.353388,0.000106,0.964029
5028,5.028000,91.353386,95.513741,90.000000,1.353388,0.000109,0.964029
5029,5.029000,91.353386,95.513741,90.000000,1.353388,0.000116,0.964029
5030,5.030000,91.353386,95.513741,90.000000,1.353388,0.000106,0.964029
5031,5.031000,91.353386,95.513741,90.000000,1.353388,0.000101,0.964029
5032,5.032000,91.353386,95.513741,90.000000,1.353388,0.000097,0.964029
5033,5.033000,91.353386,95.513741,90.000000,1.353388,0.000079,0.964029
5034,5.034000,91.353386,95.513741,90.000000,1.353388,0.000071,0.964029
5035,5.035000,91.353386,95.513741,90.000000,1.353388,0.000064,0.964029
5036,5.036000,91.353386,95.513741,90.000000,1.353388,0.000031,0.964029
5037,5.037000,91.353386,95.513741,90.000000,1.353388,-0.000010,0.964029
5038,5.038000,91.353386,95.513741,90.000000,1.353388,-0.000044,0.964029
5039,5.039000,91.353386,95.513741,90.000000,1.353388,-0.000076,0.964029
5040,5.040000,91.353386,95.513741,90.000000,1.353388,-0.000102,0.964029
5041,5.041000,91.353386,95.513741,90.000000,1.353388,-0.000137,0.964029
5042,5.042000,91.353386,95.513748,90.000000,1.353388,-0.000144,0.964029
5043,5.043000,91.353386,95.513748,90.000000,1.353388,-0.000150,0.964029
5044,5.044000,91.353386,95.513748,90.000000,1.353388,-0.000139,0.964029
5045,5.045000,91.353386,95.513748,90.000000,1.353388,-0.000136,0.964029
5046,5.046000,91.353386,95.513748,90.000000,1.353388,-0.000133,0.964029
5047,5.047000,91.353386,95.513748,90.000000,1.353388,-0.000124,0.964029
5048,5.048000,91.353386,95.513748,90.000000,1.353388,-0.000106,0.964029
5049,5.049000,91.353386,95.513748,90.000000,1.353388,-0.000098,0.964029
5050,5.050000,91.353386,95.513748,90.000000,1.353388,-0.000097,0.964029
5051,5.051000,91.353386,95.513748,90.000000,1.353388,-0.000088,0.964029
5052,5.052000,91.353386,95.513748,90.000000,1.353388,-0.000093,0.964029
5053,5.053000,91.353386,95.513748,90.000000,1.353388,-0.000091,0.964029
5054,5.054000,91.353386,95.513748,90.000000,1.353388,-0.000094,0.964029
5055,5.055000,91.353386,95.513748,90.000000,1.353388,-0.000088,0.964029
5056,5.056000,91.353386,95.513748,90.000000,1.353388,-0.000082,0.964029
5057,5.057000,91.353386,95.513748,90.000000,1.353388,-0.000083,0.964029
5058,5.058000,91.353386,95.513748,90.000000,1.353388,-0.000063,0.964029
5059,5.059000,91.353386,95.513748,90.000000,1.353388,-0.000053,0.964029
5060,5.060000,91.353386,95.513748,90.000000,1.353388,-0.000050,0.964029
5061,5.061000,91.353386,95.513748,90.000000,1.353388,-0.000039,0.964029
5062,5.062000,91.353386,95.513748,90.000000,1.353388,0.000001,0.964029
5063,5.063000,91.353386,95.513748,90.000000,1.353388,0.000034,0.964029
5064,5.064000,91.353386,95.513748,90.000000,1.353388,0.000068,0.964029
5065,5.065000,91.353386,95.513748,90.000000,1.353388,0.000111,0.964029
5066,5.066000,91.353386,95.513748,90.000000,1.353388,0.000129,0.964029
5067,5.067000,91.353386,95.513748,90.000000,1.353388,0.000143,0.964029
5068,5.068000,91.353386,95.513741,90.000000,1.353388,0.000160,0.964029
5069,5.069000,91.353386,95.513741,90.000000,1.353388,0.000176,0.964029
5070,5.070000,91.353386,95.513741,90.000000,1.353388,0.000167,0.964029
5071,5.071000,91.353386,95.513741,90.000000,1.353388,0.000146,0.964029
5072,5.072000,91.353386,95.513741,90.000000,1.353388,0.000146,0.964029
5073,5.073000,91.353386,95.513741,90.000000,1.353388,0.000130,0.964029
5074,5.074000,91.353386,95.513741,90.000000,1.353388,0.000123,0.964029
5075,5.075000,91.353386,95.513741,90.000000,1.353388,0.000119,0.964029
5076,5.076000,91.353386,95.513741,90.000000,1.353388,0.000132,0.964029
5077,5.077000,91.353386,95.513741,90.000000,1.353388,0.000123,0.964029
5078,5.078000,91.353386,95.513741,90.000000,1.353388,0.000118,0.964029
5079,5.079000,91.353386,95.513741,90.000000,1.353388,0.000107,0.964029
5080,5.080000,91.353386,95.513741,90.000000,1.353388,0.000097,0.964029
5081,5.081000,91.353386,95.513741,90.000000,1.353388,0.000083,0.964029
5082,5.082000,91.353386,95.513741,90.000000,1.353388,0.000042,0.964029
5083,5.083000,91.353386,95.513741,90.000000,1.353388,0.000007,0.964029
5084,5.084000,91.353386,95.513741,90.000000,1.353388,-0.000027,0.964029
5085,5.085000,91.353386,95.513741,90.000000,1.353388,-0.000066,0.964029
5086,5.086000,91.353386,95.513741,90.000000,1.353388,-0.000098,0.964029
5087,5.087000,91.353386,95.513741,90.000000,1.353388,-0.000120,0.964029
5088,5.088000,91.353386,95.513748,90.000000,1.353388,-0.000141,0.964029
5089,5.089000,91.353386,95.513748,90.000000,1.353388,-0.000157,0.964029
5090,5.090000,91.353386,95.513748,90.000000,1.353388,-0.000146,0.964029
5091,5.091000,91.353386,95.513748,90.000000,1.353388,-0.000142,0.964029
5092,5.092000,91.353386,95.513748,90.000000,1.353388,-0.000125,0.964029
5093,5.093000,91.353386,95.513748,90.000000,1.353388,-0.000109,0.964029
5094,5.094000,91.353386,95.513748,90.000000,1.353388,-0.000095,0.964029
5095,5.095000,91.353386,95.513748,90.000000,1.353388,-0.000101,0.964029
5096,5.096000,91.353386,95.513748,90.000000,1.353388,-0.000093,0.964029
5097,5.097000,91.353386,95.513748,90.000000,1.353388,-0.000079,0.964029
5098,5.098000,91.353386,95.513748,90.000000,1.353388,-0.000075,0.964029
5099,5.099000,91.353386,95.513748,90.000000,1.353388,-0.000070,0.964029
5100,5.100000,91.353386,95.513748,90.000000,1.353388,-0.000067,0.964029
5101,5.101000,91.353386,95.513748,90.000000,1.353388,-0.000063,0.964029
5102,5.102000,91.353386,95.513748,90.000000,1.353388,-0.000065,0.964029
5103,5.103000,91.353386,95.513748,90.000000,1.353388,-0.000068,0.964029
5104,5.104000,91.353386,95.513748,90.000000,1.353388,-0.000071,0.964029
5105,5.105000,91.353386,95.513748,90.000000,1.353388,-0.000065,0.964029
5106,5.106000,91.353386,95.513748,90.000000,1.353388,-0.000061,0.964029
5107,5.107000,91.353386,95.513748,90.000000,1.353388,-0.000054,0.964029
5108,5.108000,91.353386,95.513748,90.000000,1.353388,-0.000050,0.964029
5109,5.109000,91.353386,95.513748,90.000000,1.353388,-0.000032,0.964029
5110,5.110000,91.353386,95.513748,90.000000,1.353388,-0.000020,0.964029
5111,5.111000,91.353386,95.513748,90.000000,1.353388,0.000012,0.964029
5112,5.112000,91.353386,95.513748,90.000000,1.353388,0.000041,0.964029
5113,5.113000,91.353386,95.513748,90.000000,1.353388,0.000063,0.964029
5114,5.114000,91.353386,95.513748,90.000000,1.353388,0.000089,0.964029
5115,5.115000,91.353386,95.513748,90.000000,1.353388,0.000097,0.964029
5116,5.116000,91.353386,95.513748,90.000000,1.353388,0.000106,0.964029
5117,5.117000,91.353386,95.513741,90.000000,1.353388,0.000130,0.964029
5118,5.118000,91.353386,95.513741,90.000000,1.353388,0.000135,0.964029
5119,5.119000,91.353386,95.513741,90.000000,1.353388,0.000121,0.964029
5120,5.120000,91.353386,95.513741,90.000000,1.353388,0.000106,0.964029
5121,5.121000,91.353386,95.513741,90.000000,1.353388,0.000095,0.964029
5122,5.122000,91.353386,95.513741,90.000000,1.353388,0.000088,0.964029
5123,5.123000,91.353386,95.513741,90.000000,1.353388,0.000086,0.964029
5124,5.124000,91.353386,95.513741,90.000000,1.353388,0.000086,0.964029
5125,5.125000,91.353386,95.513741,90.000000,1.353388,0.000081,0.964029
5126,5.126000,91.353386,95.513741,90.000000,1.353388,0.000092,0.964029
5127,5.127000,91.353386,95.513741,90.000000,1.353388,0.000087,0.964029
5128,5.128000,91.353386,95.513741,90.000000,1.353388,0.000089,0.964029
5129,5.129000,91.353386,95.513741,90.000000,1.353388,0.000086,0.964029
5130,5.130000,91.353386,95.513741,90.000000,1.353388,0.000081,0.964029
5131,5.131000,91.353386,95.513741,90.000000,1.353388,0.000082,0.964029
5132,5.132000,91.353386,95.513741,90.000000,1.353388,0.000081,0.964029
5133,5.133000,91.353386,95.513741,90.000000,1.353388,0.000073,0.964029
5134,5.134000,91.353386,95.513741,90.000000,1.353388,0.000058,0.964029
5135,5.135000,91.353386,95.513741,90.000000,1.353388,0.000034,0.964029
5136,5.136000,91.353386,95.513741,90.000000,1.353388,0.000003,0.964029
5137,5.137000,91.353386,95.513741,90.000000,1.353388,-0.000031,0.964029
5138,5.138000,91.353386,95.513741,90.000000,1.353388,-0.000057,0.964029
5139,5.139000,91.353386,95.513741,90.000000,1.353388,-0.000088,0.964029
5140,5.140000,91.353386,95.513741,90.000000,1.353388,-0.000111,0.964029
5141,5.141000,91.353386,95.513748,90.000000,1.353388,-0.000122,0.964029
5142,5.142000,91.353386,95.513748,90.000000,1.353388,-0.000128,0.964029
5143,5.143000,91.353386,95.513748,90.000000,1.353388,-0.000124,0.964029
5144,5.144000,91.353386,95.513748,90.000000,1.353388,-0.000108,0.964029
5145,5.145000,91.353386,95.513748,90.000000,1.353388,-0.000097,0.964029
5146,5.146000,91.353386,95.513748,90.000000,1.353388,-0.000080,0.964029
5147,5.147000,91.353386,95.513748,90.000000,1.353388,-0.000083,0.964029
5148,5.148000,91.353386,95.513748,90.000000,1.353388,-0.000072,0.964029
5149,5.149000,91.353386,95.513748,90.000000,1.353388,-0.000064,0.964029
5150,5.150000,91.353386,95.513748,90.000000,1.353388,-0.000069,0.964029
5151,5.151000,91.353386,95.513748,90.000000,1.353388,-0.000067,0.964029
5152,5.152000,91.353386,95.513748,90.000000,1.353388,-0.000067,0.964029
5153,5.153000,91.353386,95.513748,90.000000,1.353388,-0.000055,0.964029
5154,5.154000,91.353386,95.513748,90.000000,1.353388,-0.000061,0.964029
5155,5.155000,91.353386,95.513748,90.000000,1.353388,-0.000061,0.964029
5156,5.156000,91.353386,95.513748,90.000000,1.353388,-0.000055,0.964029
5157,5.157000,91.353386,95.513748,90.000000,1.353388,-0.000062,0.964029
5158,5.158000,91.353386,95.513748,90.000000,1.353388,-0.000060,0.964029
5159,5.159000,91.353386,95.513748,90.000000,1.353388,-0.000071,0.964029
5160,5.160000,91.353386,95.513748,90.000000,1.353388,-0.000064,0.964029
5161,5.161000,91.353386,95.513748,90.000000,1.353388,-0.000064,0.964029
5162,5.162000,91.353386,95.513748,90.000000,1.353388,-0.000058,0.964029
5163,5.163000,91.353386,95.513748,90.000000,1.353388,-0.000049,0.964029
5164,5.164000,91.353386,95.513748,90.000000,1.353388,-0.000033,0.964029
5165,5.165000,91.353386,95.513748,90.000000,1.353388,-0.000001,0.964029
5166,5.166000,91.353386,95.513748,90.000000,1.353388,0.000031,0.964029
5167,5.167000,91.353386,95.513748,90.000000,1.353388,0.000054,0.964029
5168,5.168000,91.353386,95.513748,90.000000,1.353388,0.000082,0.964029
5169,5.169000,91.353386,95.513748,90.000000,1.353388,0.000096,0.964029
5170,5.170000,91.353386,95.513748,90.000000,1.353388,0.000110,0.964029
5171,5.171000,91.353386,95.513741,90.000000,1.353388,0.000132,0.964029
5172,5.172000,91.353386,95.513741,90.000000,1.353388,0.000147,0.964029
5173,5.173000,91.353386,95.513741,90.000000,1.353388,0.000126,0.964029
5174,5.174000,91.353386,95.513741,90.000000,1.353388,0.000117,0.964029
5175,5.175000,91.353386,95.513741,90.000000,1.353388,0.000105,0.964029
5176,5.176000,91.353386,95.513741,90.000000,1.353388,0.000089,0.964029
5177,5.177000,91.353386,95.513741,90.000000,1.353388,0.000091,0.964029
5178,5.178000,91.353386,95.513741,90.000000,1.353388,0.000091,0.964029
5179,5.179000,91.353386,95.513741,90.000000,1.353388,0.000085,0.964029
5180,5.180000,91.353386,95.513741,90.000000,1.353388,0.000077,0.964029
5181,5.181000,91.353386,95.513741,90.000000,1.353388,0.000077,0.964029
5182,5.182000,91.353386,95.513741,90.000000,1.353388,0.000071,0.964029
5183,5.183000,91.353386,95.513741,90.000000,1.353388,0.000079,0.964029
5184,5.184000,91.353386,95.513741,90.000000,1.353388,0.000074,0.964029
5185,5.185000,91.353386,95.513741,90.000000,1.353388,0.000070,0.964029
5186,5.186000,91.353386,95.513741,90.000000,1.353388,0.000076,0.964029
5187,5.187000,91.353386,95.513741,90.000000,1.353388,0.000060,0.964029
5188,5.188000,91.353386,95.513741,90.000000,1.353388,0.000029,0.964029
5189,5.189000,91.353386,95.513741,90.000000,1.353388,0.000007,0.964029
5190,5.190000,91.353386,95.513741,90.000000,1.353388,-0.000017,0.964029
5191,5.191000,91.353386,95.513741,90.000000,1.353388,-0.000046,0.964029
5192,5.192000,91.353386,95.513741,90.000000,1.353388,-0.000078,0.964029
5193,5.193000,91.353386,95.513741,90.000000,1.353388,-0.000097,0.964029
5194,5.194000,91.353386,95.513748,90.000000,1.353388,-0.000119,0.964029
5195,5.195000,91.353386,95.513748,90.000000,1.353388,-0.000124,0.964029
5196,5.196000,91.353386,95.513748,90.000000,1.353388,-0.000115,0.964029
5197,5.197000,91.353386,95.513748,90.000000,1.353388,-0.000112,0.964029
5198,5.198000,91.353386,95.513748,90.000000,1.353388,-0.000107,0.964029
5199,5.199000,91.353386,95.513748,90.000000,1.353388,-0.000094,0.964029
5200,5.200000,91.353386,95.513748,90.000000,1.353388,-0.000089,0.964029
5201,5.201000,91.353386,95.513748,90.000000,1.353388,-0.000087,0.964030
5202,5.202000,91.353386,95.513748,90.000000,1.353388,-0.000083,0.964030
5203,5.203000,91.353386,95.513748,90.000000,1.353388,-0.000078,0.964030
5204,5.204000,91.353386,95.513748,90.000000,1.353388,-0.000066,0.964030
5205,5.205000,91.353386,95.513748,90.000000,1.353388,-0.000069,0.964030
5206,5.206000,91.353386,95.513748,90.000000,1.353388,-0.000057,0.964030
5207,5.207000,91.353386,95.513748,90.000000,1.353388,-0.000062,0.964030
5208,5.208000,91.353386,95.513748,90.000000,1.353388,-0.000062,0.964030
5209,5.209000,91.353386,95.513748,90.000000,1.353388,-0.000062,0.964030
5210,5.210000,91.353386,95.513748,90.000000,1.353388,-0.000064,0.964030
5211,5.211000,91.353386,95.513748,90.000000,1.353388,-0.000055,0.964030
5212,5.212000,91.353386,95.513748,90.000000,1.353388,-0.000058,0.964030
5213,5.213000,91.353386,95.513748,90.000000,1.353388,-0.000061,0.964030
5214,5.214000,91.353386,95.513748,90.000000,1.353388,-0.000048,0.964030
5215,5.215000,91.353386,95.513748,90.000000,1.353388,-0.000015,0.964030
5216,5.216000,91.353386,95.513748,90.000000,1.353388,0.000026,0.964030
5217,5.217000,91.353386,95.513748,90.000000,1.353388,0.000049,0.964030
5218,5.218000,91.353386,95.513748,90.000000,1.353388,0.000081,0.964030
5219,5.219000,91.353386,95.513748,90.000000,1.353388,0.000109,0.964030
5220,5.220000,91.353386,95.513748,90.000000,1.353388,0.000124,0.964030
5221,5.221000,91.353386,95.513741,90.000000,1.353388,0.000143,0.964030
5222,5.222000,91.353386,95.513741,90.000000,1.353388,0.000167,0.964030
5223,5.223000,91.353386,95.513741,90.000000,1.353388,0.000151,0.964030
5224,5.224000,91.353386,95.513741,90.000000,1.353388,0.000144,0.964030
5225,5.225000,91.353386,95.513741,90.000000,1.353388,0.000139,0.964030
5226,5.226000,91.353386,95.513741,90.000000,1.353388,0.000123,0.964030
5227,5.227000,91.353386,95.513741,90.000000,1.353388,0.000117,0.964030
5228,5.228000,91.353386,95.513741,90.000000,1.353388,0.000119,0.964030
5229,5.229000,91.353386,95.513741,90.000000,1.353388,0.000121,0.964030
5230,5.230000,91.353386,95.513741,90.000000,1.353388,0.000113,0.964030
5231,5.231000,91.353386,95.513741,90.000000,1.353388,0.000103,0.964030
5232,5.232000,91.353386,95.513741,90.000000,1.353388,0.000099,0.964030
5233,5.233000,91.353386,95.513741,90.000000,1.353388,0.000081,0.964030
5234,5.234000,91.353386,95.513741,90.000000,1.353388,0.000073,0.964030
5235,5.235000,91.353386,95.513741,90.000000,1.353388,0.000042,0.964030
5236,5.236000,91.353386,95.513741,90.000000,1.353388,0.000002,0.964030
5237,5.237000,91.353386,95.513741,90.000000,1.353388,-0.000036,0.964030
5238,5.238000,91.353386,95.513741,90.000000,1.353388,-0.000077,0.964030
5239,5.239000,91.353386,95.513741,90.000000,1.353388,-0.000100,0.964030
5240,5.240000,91.353386,95.513741,90.000000,1.353388,-0.000126,0.964030
5241,5.241000,91.353386,95.513748,90.000000,1.353388,-0.000144,0.964030
5242,5.242000,91.353386,95.513748,90.000000,1.353388,-0.000145,0.964030
5243,5.243000,91.353386,95.513748,90.000000,1.353388,-0.000142,0.964030
5244,5.244000,91.353386,95.513748,90.000000,1.353388,-0.000133,0.964030
5245,5.245000,91.353386,95.513748,90.000000,1.353388,-0.000126,0.964030
5246,5.246000,91.353386,95.513748,90.000000,1.353388,-0.000117,0.964030
5247,5.247000,91.353386,95.513748,90.000000,1.353388,-0.000109,0.964030
5248,5.248000,91.353386,95.513748,90.000000,1.353388,-0.000104,0.964029
5249,5.249000,91.353386,95.513748,90.000000,1.353388,-0.000092,0.964029
5250,5.250000,91.353386,95.513748,90.000000,1.353388,-0.000084,0.964029
5251,5.251000,91.353386,95.513748,90.000000,1.353388,-0.000090,0.964029
5252,5.252000,91.353386,95.513748,90.000000,1.353388,-0.000090,0.964029
5253,5.253000,91.353386,95.513748,90.000000,1.353388,-0.000078,0.964029
5254,5.254000,91.353386,95.513748,90.000000,1.353388,-0.000081,0.964029
5255,5.255000,91.353386,95.513748,90.000000,1.353388,-0.000083,0.964029
5256,5.256000,91.353386,95.513748,90.000000,1.353388,-0.000075,0.964029
5257,5.257000,91.353386,95.513748,90.000000,1.353388,-0.000062,0.964029
5258,5.258000,91.353386,95.513748,90.000000,1.353388,-0.000054,0.964029
5259,5.259000,91.353386,95.513748,90.000000,1.353388,-0.000054,0.964029
5260,5.260000,91.353386,95.513748,90.000000,1.353388,-0.000050,0.964029
5261,5.261000,91.353386,95.513748,90.000000,1.353388,-0.000013,0.964029
5262,5.262000,91.353386,95.513748,90.000000,1.353388,0.000028,0.964029
5263,5.263000,91.353386,95.513748,90.000000,1.353388,0.000067,0.964029
5264,5.264000,91.353386,95.513748,90.000000,1.353388,0.000091,0.964029
5265,5.265000,91.353386,95.513748,90.000000,1.353388,0.000122,0.964029
5266,5.266000,91.353386,95.513748,90.000000,1.353388,0.000137,0.964029
5267,5.267000,91.353386,95.513741,90.000000,1.353388,0.000154,0.964029
5268,5.268000,91.353386,95.513741,90.000000,1.353388,0.000172,0.964029
5269,5.269000,91.353386,95.513741,90.000000,1.353388,0.000171,0.964029
5270,5.270000,91.353386,95.513741,90.000000,1.353388,0.000159,0.964029
5271,5.271000,91.353386,95.513741,90.000000,1.353388,0.000143,0.964029
5272,5.272000,91.353386,95.513741,90.000000,1.353388,0.000128,0.964029
5273,5.273000,91.353386,95.513741,90.000000,1.353388,0.000120,0.964029
5274,5.274000,91.353386,95.513741,90.000000,1.353388,0.000119,0.964029
5275,5.275000,91.353386,95.513741,90.000000,1.353388,0.000115,0.964029
5276,5.276000,91.353386,95.513741,90.000000,1.353388,0.000120,0.964029
5277,5.277000,91.353386,95.513741,90.000000,1.353388,0.000108,0.964029
5278,5.278000,91.353386,95.513741,90.000000,1.353388,0.000097,0.964029
5279,5.279000,91.353386,95.513741,90.000000,1.353388,0.000082,0.964029
5280,5.280000,91.353386,95.513741,90.000000,1.353388,0.000068,0.964029
5281,5.281000,91.353386,95.513741,90.000000,1.353388,0.000038,0.964029
5282,5.282000,91.353386,95.513741,90.000000,1.353388,0.000001,0.964029
5283,5.283000,91.353386,95.513741,90.000000,1.353388,-0.000049,0.964029
5284,5.284000,91.353386,95.513741,90.000000,1.353388,-0.000093,0.964029
5285,5.285000,91.353386,95.513741,90.000000,1.353388,-0.000121,0.964029
5286,5.286000,91.353386,95.513741,90.000000,1.353388,-0.000142,0.964029
5287,5.287000,91.353386,95.513748,90.000000,1.353388,-0.000153,0.964029
5288,5.288000,91.353386,95.513748,90.000000,1.353388,-0.000161,0.964029
5289,5.289000,91.353386,95.513748,90.000000,1.353388,-0.000149,0.964029
5290,5.290000,91.353386,95.513748,90.000000,1.353388,-0.000140,0.964029
5291,5.291000,91.353386,95.513748,90.000000,1.353388,-0.000129,0.964029
5292,5.292000,91.353386,95.513748,90.000000,1.353388,-0.000114,0.964029
5293,5.293000,91.353386,95.513748,90.000000,1.353388,-0.000112,0.964029
5294,5.294000,91.353386,95.513748,90.000000,1.353388,-0.000104,0.964029
5295,5.295000,91.353386,95.513748,90.000000,1.353388,-0.000095,0.964029
5296,5.296000,91.353386,95.513748,90.000000,1.353388,-0.000092,0.964029
5297,5.297000,91.353386,95.513748,90.000000,1.353388,-0.000099,0.964029
5298,5.298000,91.353386,95.513748,90.000000,1.353388,-0.000082,0.964029
5299,5.299000,91.353386,95.513748,90.000000,1.353388,-0.000085,0.964029
5300,5.300000,91.353386,95.513748,90.000000,1.353388,-0.000078,0.964029
5301,5.301000,91.353386,95.513748,90.000000,1.353388,-0.000067,0.964029
5302,5.302000,91.353386,95.513748,90.000000,1.353388,-0.000062,0.964029
5303,5.303000,91.353386,95.513748,90.000000,1.353388,-0.000052,0.964029
5304,5.304000,91.353386,95.513748,90.000000,1.353388,-0.000042,0.964029
5305,5.305000,91.353386,95.513748,90.000000,1.353388,-0.000001,0.964029
5306,5.306000,91.353386,95.513748,90.000000,1.353388,0.000029,0.964029
5307,5.307000,91.353386,95.513748,90.000000,1.353388,0.000066,0.964029
5308,5.308000,91.353386,95.513748,90.000000,1.353388,0.000094,0.964029
5309,5.309000,91.353386,95.513748,90.000000,1.353388,0.000116,0.964029
5310,5.310000,91.353386,95.513748,90.000000,1.353388,0.000123,0.964029
5311,5.311000,91.353386,95.513741,90.000000,1.353388,0.000145,0.964029
5312,5.312000,91.353386,95.513741,90.000000,1.353388,0.000158,0.964029
5313,5.313000,91.353386,95.513741,90.000000,1.353388,0.000158,0.964029
5314,5.314000,91.353386,95.513741,90.000000,1.353388,0.000144,0.964029
5315,5.315000,91.353386,95.513741,90.000000,1.353388,0.000130,0.964029
5316,5.316000,91.353386,95.513741,90.000000,1.353388,0.000121,0.964029
5317,5.317000,91.353386,95.513741,90.000000,1.353388,0.000110,0.964029
5318,5.318000,91.353386,95.513741,90.000000,1.353388,0.000102,0.964029
5319,5.319000,91.353386,95.513741,90.000000,1.353388,0.000110,0.964029
5320,5.320000,91.353386,95.513741,90.000000,1.353388,0.000110,0.964029
5321,5.321000,91.353386,95.513741,90.000000,1.353388,0.000101,0.964029
5322,5.322000,91.353386,95.513741,90.000000,1.353388,0.000102,0.964029
5323,5.323000,91.353386,95.513741,90.000000,1.353388,0.000094,0.964029
5324,5.324000,91.353386,95.513741,90.000000,1.353388,0.000079,0.964029
5325,5.325000,91.353386,95.513741,90.000000,1.353388,0.000073,0.964029
5326,5.326000,91.353386,95.513741,90.000000,1.353388,0.000037,0.964029
5327,5.327000,91.353386,95.513741,90.000000,1.353388,0.000003,0.964029
5328,5.328000,91.353386,95.513741,90.000000,1.353388,-0.000041,0.964029
5329,5.329000,91.353386,95.513741,90.000000,1.353388,-0.000083,0.964029
5330,5.330000,91.353386,95.513741,90.000000,1.353388,-0.000116,0.964029
5331,5.331000,91.353386,95.513741,90.000000,1.353388,-0.000142,0.964029
5332,5.332000,91.353386,95.513748,90.000000,1.353388,-0.000161,0.964029
5333,5.333000,91.353386,95.513748,90.000000,1.353388,-0.000168,0.964029
5334,5.334000,91.353386,95.513748,90.000000,1.353388,-0.000157,0.964029
5335,5.335000,91.353386,95.513748,90.000000,1.353388,-0.000149,0.964029
5336,5.336000,91.353386,95.513748,90.000000,1.353388,-0.000138,0.964029
5337,5.337000,91.353386,95.513748,90.000000,1.353388,-0.000127,0.964029
5338,5.338000,91.353386,95.513748,90.000000,1.353388,-0.000123,0.964029
5339,5.339000,91.353386,95.513748,90.000000,1.353388,-0.000112,0.964029
5340,5.340000,91.353386,95.513748,90.000000,1.353388,-0.000104,0.964029
5341,5.341000,91.353386,95.513748,90.000000,1.353388,-0.000112,0.964029
5342,5.342000,91.353386,95.513748,90.000000,1.353388,-0.000094,0.964029
5343,5.343000,91.353386,95.513748,90.000000,1.353388,-0.000093,0.964029
5344,5.344000,91.353386,95.513748,90.000000,1.353388,-0.000094,0.964029
5345,5.345000,91.353386,95.513748,90.000000,1.353388,-0.000088,0.964029
5346,5.346000,91.353386,95.513748,90.000000,1.353388,-0.000079,0.964029
5347,5.347000,91.353386,95.513748,90.000000,1.353388,-0.000069,0.964029
5348,5.348000,91.353386,95.513748,90.000000,1.353388,-0.000060,0.964029
5349,5.349000,91.353386,95.513748,90.000000,1.353388,-0.000014,0.964029
5350,5.350000,91.353386,95.513748,90.000000,1.353388,0.000019,0.964029
5351,5.351000,91.353386,95.513748,90.000000,1.353388,0.000058,0.964029
5352,5.352000,91.353386,95.513748,90.000000,1.353388,0.000091,0.964029
5353,5.353000,91.353386,95.513748,90.000000,1.353388,0.000130,0.964029
5354,5.354000,91.353386,95.513748,90.000000,1.353388,0.000145,0.964029
5355,5.355000,91.353386,95.513741,90.000000,1.353388,0.000156,0.964029
5356,5.356000,91.353386,95.513741,90.000000,1.353388,0.000181,0.964029
5357,5.357000,91.353386,95.513741,90.000000,1.353388,0.000173,0.964029
5358,5.358000,91.353386,95.513741,90.000000,1.353388,0.000162,0.964029
5359,5.359000,91.353386,95.513741,90.000000,1.353388,0.000139,0.964029
5360,5.360000,91.353386,95.513741,90.000000,1.353388,0.000131,0.964029
5361,5.361000,91.353386,95.513741,90.000000,1.353388,0.000121,0.964029
5362,5.362000,91.353386,95.513741,90.000000,1.353388,0.000108,0.964029
5363,5.363000,91.353386,95.513741,90.000000,1.353388,0.000107,0.964029
5364,5.364000,91.353386,95.513741,90.000000,1.353388,0.000117,0.964029
5365,5.365000,91.353386,95.513741,90.000000,1.353388,0.000100,0.964029
5366,5.366000,91.353386,95.513741,90.000000,1.353388,0.000099,0.964029
5367,5.367000,91.353386,95.513741,90.000000,1.353388,0.000082,0.964029
5368,5.368000,91.353386,95.513741,90.000000,1.353388,0.000072,0.964029
5369,5.369000,91.353386,95.513741,90.000000,1.353388,0.000079,0.964029
5370,5.370000,91.353386,95.513741,90.000000,1.353388,0.000061,0.964029
5371,5.371000,91.353386,95.513741,90.000000,1.353388,0.000028,0.964029
5372,5.372000,91.353386,95.513741,90.000000,1.353388,-0.000011,0.964029
5373,5.373000,91.353386,95.513741,90.000000,1.353388,-0.000043,0.964029
5374,5.374000,91.353386,95.513741,90.000000,1.353388,-0.000081,0.964029
5375,5.375000,91.353386,95.513741,90.000000,1.353388,-0.000097,0.964029
5376,5.376000,91.353386,95.513741,90.000000,1.353388,-0.000131,0.964029
5377,5.377000,91.353386,95.513748,90.000000,1.353388,-0.000140,0.964029
5378,5.378000,91.353386,95.513748,90.000000,1.353388,-0.000149,0.964029
5379,5.379000,91.353386,95.513748,90.000000,1.353388,-0.000138,0.964029
5380,5.380000,91.353386,95.513748,90.000000,1.353388,-0.000126,0.964029
5381,5.381000,91.353386,95.513748,90.000000,1.353388,-0.000122,0.964029
5382,5.382000,91.353386,95.513748,90.000000,1.353388,-0.000111,0.964029
5383,5.383000,91.353386,95.513748,90.000000,1.353388,-0.000104,0.964029
5384,5.384000,91.353386,95.513748,90.000000,1.353388,-0.000090,0.964029
5385,5.385000,91.353386,95.513748,90.000000,1.353388,-0.000089,0.964029
5386,5.386000,91.353386,95.513748,90.000000,1.353388,-0.000082,0.964029
5387,5.387000,91.353386,95.513748,90.000000,1.353388,-0.000088,0.964029
5388,5.388000,91.353386,95.513748,90.000000,1.353388,-0.000092,0.964029
5389,5.389000,91.353386,95.513748,90.000000,1.353388,-0.000090,0.964029
5390,5.390000,91.353386,95.513748,90.000000,1.353388,-0.000074,0.964029
5391,5.391000,91.353386,95.513748,90.000000,1.353388,-0.000074,0.964029
5392,5.392000,91.353386,95.513748,90.000000,1.353388,-0.000075,0.964029
5393,5.393000,91.353386,95.513748,90.000000,1.353388,-0.000074,0.964029
5394,5.394000,91.353386,95.513748,90.000000,1.353388,-0.000057,0.964029
5395,5.395000,91.353386,95.513748,90.000000,1.353388,-0.000046,0.964029
5396,5.396000,91.353386,95.513748,90.000000,1.353388,-0.000036,0.964029
5397,5.397000,91.353386,95.513748,90.000000,1.353388,-0.000029,0.964029
5398,5.398000,91.353386,95.513748,90.000000,1.353388,0.000003,0.964029
5399,5.399000,91.353386,95.513748,90.000000,1.353388,0.000042,0.964029
5400,5.400000,91.353386,95.513748,90.000000,1.353388,0.000080,0.964029
5401,5.401000,91.353386,95.513748,90.000000,1.353388,0.000108,0.964029
5402,5.402000,91.353386,95.513748,90.000000,1.353388,0.000128,0.964029
5403,5.403000,91.353386,95.513748,90.000000,1.353388,0.000143,0.964029
5404,5.404000,91.353386,95.513741,90.000000,1.353388,0.000160,0.964029
5405,5.405000,91.353386,95.513741,90.000000,1.353388,0.000175,0.964029
5406,5.406000,91.353386,95.513741,90.000000,1.353388,0.000162,0.964029
5407,5.407000,91.353386,95.513741,90.000000,1.353388,0.000146,0.964029
5408,5.408000,91.353386,95.513741,90.000000,1.353388,0.000144,0.964029
5409,5.409000,91.353386,95.513741,90.000000,1.353388,0.000139,0.964029
5410,5.410000,91.353386,95.513741,90.000000,1.353388,0.000123,0.964029
5411,5.411000,91.353386,95.513741,90.000000,1.353388,0.000129,0.964029
5412,5.412000,91.353386,95.513741,90.000000,1.353388,0.000127,0.964029
5413,5.413000,91.353386,95.513741,90.000000,1.353388,0.000116,0.964029
5414,5.414000,91.353386,95.513741,90.000000,1.353388,0.000115,0.964029
5415,5.415000,91.353386,95.513741,90.000000,1.353388,0.000087,0.964029
5416,5.416000,91.353386,95.513741,90.000000,1.353388,0.000077,0.964029
5417,5.417000,91.353386,95.513741,90.000000,1.353388,0.000027,0.964029
5418,5.418000,91.353386,95.513741,90.000000,1.353388,-0.000002,0.964029
5419,5.419000,91.353386,95.513741,90.000000,1.353388,-0.000036,0.964029
5420,5.420000,91.353386,95.513741,90.000000,1.353388,-0.000074,0.964029
5421,5.421000,91.353386,95.513741,90.000000,1.353388,-0.000096,0.964029
5422,5.422000,91.353386,95.513741,90.000000,1.353388,-0.000118,0.964029
5423,5.423000,91.353386,95.513748,90.000000,1.353388,-0.000130,0.964029
5424,5.424000,91.353386,95.513748,90.000000,1.353388,-0.000144,0.964029
5425,5.425000,91.353386,95.513748,90.000000,1.353388,-0.000132,0.964029
5426,5.426000,91.353386,95.513748,90.000000,1.353388,-0.000121,0.964029
5427,5.427000,91.353386,95.513748,90.000000,1.353388,-0.000112,0.964029
5428,5.428000,91.353386,95.513748,90.000000,1.353388,-0.000099,0.964029
5429,5.429000,91.353386,95.513748,90.000000,1.353388,-0.000085,0.964029
5430,5.430000,91.353386,95.513748,90.000000,1.353388,-0.000086,0.964029
5431,5.431000,91.353386,95.513748,90.000000,1.353388,-0.000091,0.964029
5432,5.432000,91.353386,95.513748,90.000000,1.353388,-0.000081,0.964029
5433,5.433000,91.353386,95.513748,90.000000,1.353388,-0.000084,0.964029
5434,5.434000,91.353386,95.513748,90.000000,1.353388,-0.000073,0.964029
5435,5.435000,91.353386,95.513748,90.000000,1.353388,-0.000072,0.964029
5436,5.436000,91.353386,95.513748,90.000000,1.353388,-0.000067,0.964029
5437,5.437000,91.353386,95.513748,90.000000,1.353388,-0.000066,0.964029
5438,5.438000,91.353386,95.513748,90.000000,1.353388,-0.000067,0.964029
5439,5.439000,91.353386,95.513748,90.000000,1.353388,-0.000070,0.964029
5440,5.440000,91.353386,95.513748,90.000000,1.353388,-0.000062,0.964029
5441,5.441000,91.353386,95.513748,90.000000,1.353388,-0.000062,0.964029
5442,5.442000,91.353386,95.513748,90.000000,1.353388,-0.000050,0.964029
5443,5.443000,91.353386,95.513748,90.000000,1.353388,-0.000044,0.964029
5444,5.444000,91.353386,95.513748,90.000000,1.353388,-0.000032,0.964029
5445,5.445000,91.353386,95.513748,90.000000,1.353388,0.000005,0.964029
5446,5.446000,91.353386,95.513748,90.000000,1.353388,0.000034,0.964029
5447,5.447000,91.353386,95.513748,90.000000,1.353388,0.000060,0.964029
5448,5.448000,91.353386,95.513748,90.000000,1.353388,0.000080,0.964029
5449,5.449000,91.353386,95.513748,90.000000,1.353388,0.000100,0.964029
5450,5.450000,91.353386,95.513748,90.000000,1.353388,0.000109,0.964029
5451,5.451000,91.353386,95.513741,90.000000,1.353388,0.000126,0.964029
5452,5.452000,91.353386,95.513741,90.000000,1.353388,0.000132,0.964029
5453,5.453000,91.353386,95.513741,90.000000,1.353388,0.000122,0.964029
5454,5.454000,91.353386,95.513741,90.000000,1.353388,0.000105,0.964029
5455,5.455000,91.353386,95.513741,90.000000,1.353388,0.000096,0.964029
5456,5.456000,91.353386,95.513741,90.000000,1.353388,0.000093,0.964029
5457,5.457000,91.353386,95.513741,90.000000,1.353388,0.000087,0.964029
5458,5.458000,91.353386,95.513741,90.000000,1.353388,0.000088,0.964029
5459,5.459000,91.353386,95.513741,90.000000,1.353388,0.000082,0.964029
5460,5.460000,91.353386,95.513741,90.000000,1.353388,0.000080,0.964029
5461,5.461000,91.353386,95.513741,90.000000,1.353388,0.000068,0.964029
5462,5.462000,91.353386,95.513741,90.000000,1.353388,0.000069,0.964029
5463,5.463000,91.353386,95.513741,90.000000,1.353388,0.000064,0.964029
5464,5.464000,91.353386,95.513741,90.000000,1.353388,0.000063,0.964029
5465,5.465000,91.353386,95.513741,90.000000,1.353388,0.000055,0.964029
5466,5.466000,91.353386,95.513741,90.000000,1.353388,0.000072,0.964029
5467,5.467000,91.353386,95.513741,90.000000,1.353388,0.000067,0.964029
5468,5.468000,91.353386,95.513741,90.000000,1.353388,0.000066,0.964029
5469,5.469000,91.353386,95.513741,90.000000,1.353388,0.000041,0.964029
5470,5.470000,91.353386,95.513741,90.000000,1.353388,0.000024,0.964029
5471,5.471000,91.353386,95.513741,90.000000,1.353388,-0.000005,0.964029
5472,5.472000,91.353386,95.513741,90.000000,1.353388,-0.000040,0.964029
5473,5.473000,91.353386,95.513741,90.000000,1.353388,-0.000069,0.964029
5474,5.474000,91.353386,95.513741,90.000000,1.353388,-0.000084,0.964029
5475,5.475000,91.353386,95.513748,90.000000,1.353388,-0.000103,0.964029
5476,5.476000,91.353386,95.513748,90.000000,1.353388,-0.000124,0.964029
5477,5.477000,91.353386,95.513748,90.000000,1.353388,-0.000111,0.964029
5478,5.478000,91.353386,95.513748,90.000000,1.353388,-0.000106,0.964029
5479,5.479000,91.353386,95.513748,90.000000,1.353388,-0.000098,0.964029
5480,5.480000,91.353386,95.513748,90.000000,1.353388,-0.000095,0.964029
5481,5.481000,91.353386,95.513748,90.000000,1.353388,-0.000079,0.964029
5482,5.482000,91.353386,95.513748,90.000000,1.353388,-0.000076,0.964029
5483,5.483000,91.353386,95.513748,90.000000,1.353388,-0.000081,0.964029
5484,5.484000,91.353386,95.513748,90.000000,1.353388,-0.000083,0.964029
5485,5.485000,91.353386,95.513748,90.000000,1.353388,-0.000077,0.964029
5486,5.486000,91.353386,95.513748,90.000000,1.353388,-0.000076,0.964029
5487,5.487000,91.353386,95.513748,90.000000,1.353388,-0.000068,0.964029
5488,5.488000,91.353386,95.513748,90.000000,1.353388,-0.000065,0.964029
5489,5.489000,91.353386,95.513748,90.000000,1.353388,-0.000067,0.964029
5490,5.490000,91.353386,95.513748,90.000000,1.353388,-0.000062,0.964029
5491,5.491000,91.353386,95.513748,90.000000,1.353388,-0.000061,0.964029
5492,5.492000,91.353386,95.513748,90.000000,1.353388,-0.000063,0.964029
5493,5.493000,91.353386,95.513748,90.000000,1.353388,-0.000066,0.964029
5494,5.494000,91.353386,95.513748,90.000000,1.353388,-0.000069,0.964029
5495,5.495000,91.353386,95.513748,90.000000,1.353388,-0.000062,0.964029
5496,5.496000,91.353386,95.513748,90.000000,1.353388,-0.000051,0.964029
5497,5.497000,91.353386,95.513748,90.000000,1.353388,-0.000041,0.964029
5498,5.498000,91.353386,95.513748,90.000000,1.353388,0.000002,0.964029
5499,5.499000,91.353386,95.513748,90.000000,1.353388,0.000033,0.964029
5500,5.500000,91.353386,95.513748,90.000000,1.353388,0.000072,0.964029
5501,5.501000,91.353386,95.513748,90.000000,1.353388,0.000098,0.964029
5502,5.502000,91.353386,95.513748,90.000000,1.353388,0.000122,0.964029
5503,5.503000,91.353386,95.513748,90.000000,1.353388,0.000145,0.964029
5504,5.504000,91.353386,95.513741,90.000000,1.353388,0.000161,0.964029
5505,5.505000,91.353386,95.513741,90.000000,1.353388,0.000180,0.964029
5506,5.506000,91.353386,95.513741,90.000000,1.353388,0.000163,0.964029
5507,5.507000,91.353386,95.513741,90.000000,1.353388,0.000148,0.964029
5508,5.508000,91.353386,95.513741,90.000000,1.353388,0.000146,0.964029
5509,5.509000,91.353386,95.513741,90.000000,1.353388,0.000137,0.964029
5510,5.510000,91.353386,95.513741,90.000000,1.353388,0.000122,0.964029
5511,5.511000,91.353386,95.513741,90.000000,1.353388,0.000121,0.964029
5512,5.512000,91.353386,95.513741,90.000000,1.353388,0.000116,0.964029
5513,5.513000,91.353386,95.513741,90.000000,1.353388,0.000104,0.964029
5514,5.514000,91.353386,95.513741,90.000000,1.353388,0.000087,0.964029
5515,5.515000,91.353386,95.513741,90.000000,1.353388,0.000071,0.964029
5516,5.516000,91.353386,95.513741,90.000000,1.353388,0.000032,0.964029
5517,5.517000,91.353386,95.513741,90.000000,1.353388,-0.000002,0.964029
5518,5.518000,91.353386,95.513741,90.000000,1.353388,-0.000031,0.964029
5519,5.519000,91.353386,95.513741,90.000000,1.353388,-0.000067,0.964029
5520,5.520000,91.353386,95.513741,90.000000,1.353388,-0.000099,0.964029
5521,5.521000,91.353386,95.513741,90.000000,1.353388,-0.000117,0.964029
5522,5.522000,91.353386,95.513748,90.000000,1.353388,-0.000119,0.964029
5523,5.523000,91.353386,95.513748,90.000000,1.353388,-0.000144,0.964029
5524,5.524000,91.353386,95.513748,90.000000,1.353388,-0.000127,0.964029
5525,5.525000,91.353386,95.513748,90.000000,1.353388,-0.000117,0.964029
5526,5.526000,91.353386,95.513748,90.000000,1.353388,-0.000105,0.964029
5527,5.527000,91.353386,95.513748,90.000000,1.353388,-0.000097,0.964029
5528,5.528000,91.353386,95.513748,90.000000,1.353388,-0.000088,0.964029
5529,5.529000,91.353386,95.513748,90.000000,1.353388,-0.000090,0.964029
5530,5.530000,91.353386,95.513748,90.000000,1.353388,-0.000079,0.964029
5531,5.531000,91.353386,95.513748,90.000000,1.353388,-0.000071,0.964029
5532,5.532000,91.353386,95.513748,90.000000,1.353388,-0.000067,0.964029
5533,5.533000,91.353386,95.513748,90.000000,1.353388,-0.000081,0.964029
5534,5.534000,91.353386,95.513748,90.000000,1.353388,-0.000062,0.964029
5535,5.535000,91.353386,95.513748,90.000000,1.353388,-0.000062,0.964029
5536,5.536000,91.353386,95.513748,90.000000,1.353388,-0.000058,0.964029
5537,5.537000,91.353386,95.513748,90.000000,1.353388,-0.000065,0.964029
5538,5.538000,91.353386,95.513748,90.000000,1.353388,-0.000064,0.964029
5539,5.539000,91.353386,95.513748,90.000000,1.353388,-0.000066,0.964029
5540,5.540000,91.353386,95.513748,90.000000,1.353388,-0.000066,0.964029
5541,5.541000,91.353386,95.513748,90.000000,1.353388,-0.000056,0.964029
5542,5.542000,91.353386,95.513748,90.000000,1.353388,-0.000051,0.964029
5543,5.543000,91.353386,95.513748,90.000000,1.353388,-0.000009,0.964029
5544,5.544000,91.353386,95.513748,90.000000,1.353388,0.000023,0.964029
5545,5.545000,91.353386,95.513748,90.000000,1.353388,0.000049,0.964029
5546,5.546000,91.353386,95.513748,90.000000,1.353388,0.000091,0.964029
5547,5.547000,91.353386,95.513748,90.000000,1.353388,0.000117,0.964029
5548,5.548000,91.353386,95.513748,90.000000,1.353388,0.000136,0.964029
5549,5.549000,91.353386,95.513741,90.000000,1.353388,0.000145,0.964029
5550,5.550000,91.353386,95.513741,90.000000,1.353388,0.000165,0.964029
5551,5.551000,91.353386,95.513741,90.000000,1.353388,0.000157,0.964029
5552,5.552000,91.353386,95.513741,90.000000,1.353388,0.000143,0.964029
5553,5.553000,91.353386,95.513741,90.000000,1.353388,0.000141,0.964029
5554,5.554000,91.353386,95.513741,90.000000,1.353388,0.000125,0.964029
5555,5.555000,91.353386,95.513741,90.000000,1.353388,0.000116,0.964029
5556,5.556000,91.353386,95.513741,90.000000,1.353388,0.000119,0.964029
5557,5.557000,91.353386,95.513741,90.000000,1.353388,0.000123,0.964029
5558,5.558000,91.353386,95.513741,90.000000,1.353388,0.000110,0.964029
5559,5.559000,91.353386,95.513741,90.000000,1.353388,0.000104,0.964029
5560,5.560000,91.353386,95.513741,90.000000,1.353388,0.000099,0.964029
5561,5.561000,91.353386,95.513741,90.000000,1.353388,0.000089,0.964029
5562,5.562000,91.353386,95.513741,90.000000,1.353388,0.000075,0.964029
5563,5.563000,91.353386,95.513741,90.000000,1.353388,0.000039,0.964029
5564,5.564000,91.353386,95.513741,90.000000,1.353388,-0.000001,0.964029
5565,5.565000,91.353386,95.513741,90.000000,1.353388,-0.000040,0.964029
5566,5.566000,91.353386,95.513741,90.000000,1.353388,-0.000077,0.964029
5567,5.567000,91.353386,95.513741,90.000000,1.353388,-0.000102,0.964029
5568,5.568000,91.353386,95.513741,90.000000,1.353388,-0.000135,0.964029
5569,5.569000,91.353386,95.513748,90.000000,1.353388,-0.000150,0.964029
5570,5.570000,91.353386,95.513748,90.000000,1.353388,-0.000151,0.964029
5571,5.571000,91.353386,95.513748,90.000000,1.353388,-0.000144,0.964029
5572,5.572000,91.353386,95.513748,90.000000,1.353388,-0.000143,0.964029
5573,5.573000,91.353386,95.513748,90.000000,1.353388,-0.000126,0.964029
5574,5.574000,91.353386,95.513748,90.000000,1.353388,-0.000117,0.964029
5575,5.575000,91.353386,95.513748,90.000000,1.353388,-0.000109,0.964029
5576,5.576000,91.353386,95.513748,90.000000,1.353388,-0.000099,0.964029
5577,5.577000,91.353386,95.513748,90.000000,1.353388,-0.000091,0.964029
5578,5.578000,91.353386,95.513748,90.000000,1.353388,-0.000083,0.964029
5579,5.579000,91.353386,95.513748,90.000000,1.353388,-0.000088,0.964029
5580,5.580000,91.353386,95.513748,90.000000,1.353388,-0.000079,0.964029
5581,5.581000,91.353386,95.513748,90.000000,1.353388,-0.000081,0.964029
5582,5.582000,91.353386,95.513748,90.000000,1.353388,-0.000087,0.964029
5583,5.583000,91.353386,95.513748,90.000000,1.353388,-0.000080,0.964029
5584,5.584000,91.353386,95.513748,90.000000,1.353388,-0.000073,0.964029
5585,5.585000,91.353386,95.513748,90.000000,1.353388,-0.000054,0.964029
5586,5.586000,91.353386,95.513748,90.000000,1.353388,-0.000052,0.964029
5587,5.587000,91.353386,95.513748,90.000000,1.353388,-0.000048,0.964029
5588,5.588000,91.353386,95.513748,90.000000,1.353388,-0.000010,0.964029
5589,5.589000,91.353386,95.513748,90.000000,1.353388,0.000027,0.964029
5590,5.590000,91.353386,95.513748,90.000000,1.353388,0.000062,0.964029
5591,5.591000,91.353386,95.513748,90.000000,1.353388,0.000087,0.964029
5592,5.592000,91.353386,95.513748,90.000000,1.353388,0.000111,0.964029
5593,5.593000,91.353386,95.513748,90.000000,1.353388,0.000129,0.964029
5594,5.594000,91.353386,95.513741,90.000000,1.353388,0.000143,0.964029
5595,5.595000,91.353386,95.513741,90.000000,1.353388,0.000153,0.964029
5596,5.596000,91.353386,95.513741,90.000000,1.353388,0.000155,0.964029
5597,5.597000,91.353386,95.513741,90.000000,1.353388,0.000143,0.964029
5598,5.598000,91.353386,95.513741,90.000000,1.353388,0.000129,0.964029
5599,5.599000,91.353386,95.513741,90.000000,1.353388,0.000125,0.964029
5600,5.600000,91.353386,95.513741,90.000000,1.353388,0.000114,0.964029
5601,5.601000,91.353386,95.513741,90.000000,1.353388,0.000108,0.964029
5602,5.602000,91.353386,95.513741,90.000000,1.353388,0.000105,0.964029
5603,5.603000,91.353386,95.513741,90.000000,1.353388,0.000112,0.964029
5604,5.604000,91.353386,95.513741,90.000000,1.353388,0.000108,0.964029
5605,5.605000,91.353386,95.513741,90.000000,1.353388,0.000102,0.964029
5606,5.606000,91.353386,95.513741,90.000000,1.353388,0.000099,0.964029
5607,5.607000,91.353386,95.513741,90.000000,1.353388,0.000078,0.964029
5608,5.608000,91.353386,95.513741,90.000000,1.353388,0.000079,0.964029
5609,5.609000,91.353386,95.513741,90.000000,1.353388,0.000038,0.964029
5610,5.610000,91.353386,95.513741,90.000000,1.353388,-0.000001,0.964029
5611,5.611000,91.353386,95.513741,90.000000,1.353388,-0.000037,0.964029
5612,5.612000,91.353386,95.513741,90.000000,1.353388,-0.000084,0.964029
5613,5.613000,91.353386,95.513741,90.000000,1.353388,-0.000104,0.964029
5614,5.614000,91.353386,95.513741,90.000000,1.353388,-0.000126,0.964029
5615,5.615000,91.353386,95.513748,90.000000,1.353388,-0.000150,0.964029
5616,5.616000,91.353386,95.513748,90.000000,1.353388,-0.000161,0.964029
5617,5.617000,91.353386,95.513748,90.000000,1.353388,-0.000150,0.964029
5618,5.618000,91.353386,95.513748,90.000000,1.353388,-0.000137,0.964029
5619,5.619000,91.353386,95.513748,90.000000,1.353388,-0.000138,0.964029
5620,5.620000,91.353386,95.513748,90.000000,1.353388,-0.000120,0.964029
5621,5.621000,91.353386,95.513748,90.000000,1.353388,-0.000117,0.964029
5622,5.622000,91.353386,95.513748,90.000000,1.353388,-0.000110,0.964029
5623,5.623000,91.353386,95.513748,90.000000,1.353388,-0.000103,0.964029
5624,5.624000,91.353386,95.513748,90.000000,1.353388,-0.000094,0.964029
5625,5.625000,91.353386,95.513748,90.000000,1.353388,-0.000107,0.964029
5626,5.626000,91.353386,95.513748,90.000000,1.353388,-0.000100,0.964029
5627,5.627000,91.353386,95.513748,90.000000,1.353388,-0.000089,0.964029
5628,5.628000,91.353386,95.513748,90.000000,1.353388,-0.000088,0.964029
5629,5.629000,91.353386,95.513748,90.000000,1.353388,-0.000078,0.964029
5630,5.630000,91.353386,95.513748,90.000000,1.353388,-0.000069,0.964029
5631,5.631000,91.353386,95.513748,90.000000,1.353388,-0.000057,0.964029
5632,5.632000,91.353386,95.513748,90.000000,1.353388,-0.000048,0.964029
5633,5.633000,91.353386,95.513748,90.000000,1.353388,-0.000008,0.964029
5634,5.634000,91.353386,95.513748,90.000000,1.353388,0.000022,0.964029
5635,5.635000,91.353386,95.513748,90.000000,1.353388,0.000059,0.964029
5636,5.636000,91.353386,95.513748,90.000000,1.353388,0.000085,0.964029
5637,5.637000,91.353386,95.513748,90.000000,1.353388,0.000124,0.964029
5638,5.638000,91.353386,95.513748,90.000000,1.353388,0.000136,0.964029
5639,5.639000,91.353386,95.513741,90.000000,1.353388,0.000150,0.964029
5640,5.640000,91.353386,95.513741,90.000000,1.353388,0.000162,0.964029
5641,5.641000,91.353386,95.513741,90.000000,1.353388,0.000159,0.964029
5642,5.642000,91.353386,95.513741,90.000000,1.353388,0.000150,0.964029
5643,5.643000,91.353386,95.513741,90.000000,1.353388,0.000136,0.964029
5644,5.644000,91.353386,95.513741,90.000000,1.353388,0.000131,0.964029
5645,5.645000,91.353386,95.513741,90.000000,1.353388,0.000115,0.964029
5646,5.646000,91.353386,95.513741,90.000000,1.353388,0.000105,0.964029
5647,5.647000,91.353386,95.513741,90.000000,1.353388,0.000105,0.964029
5648,5.648000,91.353386,95.513741,90.000000,1.353388,0.000122,0.964029
5649,5.649000,91.353386,95.513741,90.000000,1.353388,0.000107,0.964029
5650,5.650000,91.353386,95.513741,90.000000,1.353388,0.000108,0.964029
5651,5.651000,91.353386,95.513741,90.000000,1.353388,0.000093,0.964029
5652,5.652000,91.353386,95.513741,90.000000,1.353388,0.000082,0.964029
5653,5.653000,91.353386,95.513741,90.000000,1.353388,0.000071,0.964029
5654,5.654000,91.353386,95.513741,90.000000,1.353388,0.000036,0.964029
5655,5.655000,91.353386,95.513741,90.000000,1.353388,0.000001,0.964029
5656,5.656000,91.353386,95.513741,90.000000,1.353388,-0.000042,0.964029
5657,5.657000,91.353386,95.513741,90.000000,1.353388,-0.000083,0.964029
5658,5.658000,91.353386,95.513741,90.000000,1.353388,-0.000109,0.964029
5659,5.659000,91.353386,95.513741,90.000000,1.353388,-0.000133,0.964029
5660,5.660000,91.353386,95.513748,90.000000,1.353388,-0.000147,0.964029
5661,5.661000,91.353386,95.513748,90.000000,1.353388,-0.000154,0.964029
5662,5.662000,91.353386,95.513748,90.000000,1.353388,-0.000144,0.964029
5663,5.663000,91.353386,95.513748,90.000000,1.353388,-0.000136,0.964029
5664,5.664000,91.353386,95.513748,90.000000,1.353388,-0.000131,0.964029
5665,5.665000,91.353386,95.513748,90.000000,1.353388,-0.000118,0.964029
5666,5.666000,91.353386,95.513748,90.000000,1.353388,-0.000117,0.964029
5667,5.667000,91.353386,95.513748,90.000000,1.353388,-0.000104,0.964029
5668,5.668000,91.353386,95.513748,90.000000,1.353388,-0.000093,0.964029
5669,5.669000,91.353386,95.513748,90.000000,1.353388,-0.000084,0.964029
5670,5.670000,91.353386,95.513748,90.000000,1.353388,-0.000090,0.964029
5671,5.671000,91.353386,95.513748,90.000000,1.353388,-0.000080,0.964029
5672,5.672000,91.353386,95.513748,90.000000,1.353388,-0.000086,0.964029
5673,5.673000,91.353386,95.513748,90.000000,1.353388,-0.000085,0.964029
5674,5.674000,91.353386,95.513748,90.000000,1.353388,-0.000083,0.964029
5675,5.675000,91.353386,95.513748,90.000000,1.353388,-0.000068,0.964029
5676,5.676000,91.353386,95.513748,90.000000,1.353388,-0.000054,0.964029
5677,5.677000,91.353386,95.513748,90.000000,1.353388,-0.000054,0.964029
5678,5.678000,91.353386,95.513748,90.000000,1.353388,-0.000047,0.964029
5679,5.679000,91.353386,95.513748,90.000000,1.353388,-0.000012,0.964029
5680,5.680000,91.353386,95.513748,90.000000,1.353388,0.000025,0.964029
5681,5.681000,91.353386,95.513748,90.000000,1.353388,0.000068,0.964029
5682,5.682000,91.353386,95.513748,90.000000,1.353388,0.000092,0.964029
5683,5.683000,91.353386,95.513748,90.000000,1.353388,0.000121,0.964029
5684,5.684000,91.353386,95.513748,90.000000,1.353388,0.000137,0.964029
5685,5.685000,91.353386,95.513741,90.000000,1.353388,0.000151,0.964029
5686,5.686000,91.353386,95.513741,90.000000,1.353388,0.000173,0.964029
5687,5.687000,91.353386,95.513741,90.000000,1.353388,0.000169,0.964029
5688,5.688000,91.353386,95.513741,90.000000,1.353388,0.000152,0.964029
5689,5.689000,91.353386,95.513741,90.000000,1.353388,0.000135,0.964029
5690,5.690000,91.353386,95.513741,90.000000,1.353388,0.000134,0.964029
5691,5.691000,91.353386,95.513741,90.000000,1.353388,0.000110,0.964029
5692,5.692000,91.353386,95.513741,90.000000,1.353388,0.000118,0.964029
5693,5.693000,91.353386,95.513741,90.000000,1.353388,0.000110,0.964029
5694,5.694000,91.353386,95.513741,90.000000,1.353388,0.000112,0.964029
5695,5.695000,91.353386,95.513741,90.000000,1.353388,0.000100,0.964029
5696,5.696000,91.353386,95.513741,90.000000,1.353388,0.000098,0.964029
5697,5.697000,91.353386,95.513741,90.000000,1.353388,0.000079,0.964029
5698,5.698000,91.353386,95.513741,90.000000,1.353388,0.000076,0.964029
5699,5.699000,91.353386,95.513741,90.000000,1.353388,0.000064,0.964029
5700,5.700000,91.353386,95.513741,90.000000,1.353388,0.000036,0.964029
5701,5.701000,91.353386,95.513741,90.000000,1.353388,-0.000007,0.964029
5702,5.702000,91.353386,95.513741,90.000000,1.353388,-0.000037,0.964029
5703,5.703000,91.353386,95.513741,90.000000,1.353388,-0.000075,0.964029
5704,5.704000,91.353386,95.513741,90.000000,1.353388,-0.000098,0.964029
5705,5.705000,91.353386,95.513741,90.000000,1.353388,-0.000128,0.964029
5706,5.706000,91.353386,95.513748,90.000000,1.353388,-0.000142,0.964029
5707,5.707000,91.353386,95.513748,90.000000,1.353388,-0.000147,0.964029
5708,5.708000,91.353386,95.513748,90.000000,1.353388,-0.000139,0.964029
5709,5.709000,91.353386,95.513748,90.000000,1.353388,-0.000128,0.964029
5710,5.710000,91.353386,95.513748,90.000000,1.353388,-0.000124,0.964029
5711,5.711000,91.353386,95.513748,90.000000,1.353388,-0.000113,0.964029
5712,5.712000,91.353386,95.513748,90.000000,1.353388,-0.000101,0.964029
5713,5.713000,91.353386,95.513748,90.000000,1.353388,-0.000090,0.964029
5714,5.714000,91.353386,95.513748,90.000000,1.353388,-0.000090,0.964029
5715,5.715000,91.353386,95.513748,90.000000,1.353388,-0.000083,0.964029
5716,5.716000,91.353386,95.513748,90.000000,1.353388,-0.000084,0.964029
5717,5.717000,91.353386,95.513748,90.000000,1.353388,-0.000081,0.964029
5718,5.718000,91.353386,95.513748,90.000000,1.353388,-0.000085,0.964029
5719,5.719000,91.353386,95.513748,90.000000,1.353388,-0.000072,0.964029
5720,5.720000,91.353386,95.513748,90.000000,1.353388,-0.000073,0.964029
5721,5.721000,91.353386,95.513748,90.000000,1.353388,-0.000074,0.964029
5722,5.722000,91.353386,95.513748,90.000000,1.353388,-0.000068,0.964029
5723,5.723000,91.353386,95.513748,90.000000,1.353388,-0.000065,0.964029
5724,5.724000,91.353386,95.513748,90.000000,1.353388,-0.000055,0.964029
5725,5.725000,91.353386,95.513748,90.000000,1.353388,-0.000043,0.964029
5726,5.726000,91.353386,95.513748,90.000000,1.353388,-0.000006,0.964029
5727,5.727000,91.353386,95.513748,90.000000,1.353388,0.000023,0.964029
5728,5.728000,91.353386,95.513748,90.000000,1.353388,0.000065,0.964029
5729,5.729000,91.353386,95.513748,90.000000,1.353388,0.000097,0.964029
5730,5.730000,91.353386,95.513748,90.000000,1.353388,0.000122,0.964029
5731,5.731000,91.353386,95.513748,90.000000,1.353388,0.000136,0.964029
5732,5.732000,91.353386,95.513741,90.000000,1.353388,0.000158,0.964029
5733,5.733000,91.353386,95.513741,90.000000,1.353388,0.000171,0.964029
5734,5.734000,91.353386,95.513741,90.000000,1.353388,0.000161,0.964029
5735,5.735000,91.353386,95.513741,90.000000,1.353388,0.000141,0.964029
5736,5.736000,91.353386,95.513741,90.000000,1.353388,0.000143,0.964029
5737,5.737000,91.353386,95.513741,90.000000,1.353388,0.000128,0.964029
5738,5.738000,91.353386,95.513741,90.000000,1.353388,0.000122,0.964029
5739,5.739000,91.353386,95.513741,90.000000,1.353388,0.000123,0.964029
5740,5.740000,91.353386,95.513741,90.000000,1.353388,0.000131,0.964029
5741,5.741000,91.353386,95.513741,90.000000,1.353388,0.000124,0.964029
5742,5.742000,91.353386,95.513741,90.000000,1.353388,0.000119,0.964029
5743,5.743000,91.353386,95.513741,90.000000,1.353388,0.000105,0.964029
5744,5.744000,91.353386,95.513741,90.000000,1.353388,0.000099,0.964029
5745,5.745000,91.353386,95.513741,90.000000,1.353388,0.000057,0.964029
5746,5.746000,91.353386,95.513741,90.000000,1.353388,0.000023,0.964029
5747,5.747000,91.353386,95.513741,90.000000,1.353388,-0.000011,0.964029
5748,5.748000,91.353386,95.513741,90.000000,1.353388,-0.000054,0.964029
5749,5.749000,91.353386,95.513741,90.000000,1.353388,-0.000084,0.964029
5750,5.750000,91.353386,95.513741,90.000000,1.353388,-0.000118,0.964029
5751,5.751000,91.353386,95.513748,90.000000,1.353388,-0.000138,0.964029
5752,5.752000,91.353386,95.513748,90.000000,1.353388,-0.000157,0.964029
5753,5.753000,91.353386,95.513748,90.000000,1.353388,-0.000145,0.964029
5754,5.754000,91.353386,95.513748,90.000000,1.353388,-0.000141,0.964029
5755,5.755000,91.353386,95.513748,90.000000,1.353388,-0.000122,0.964029
5756,5.756000,91.353386,95.513748,90.000000,1.353388,-0.000117,0.964029
5757,5.757000,91.353386,95.513748,90.000000,1.353388,-0.000105,0.964029
5758,5.758000,91.353386,95.513748,90.000000,1.353388,-0.000100,0.964029
5759,5.759000,91.353386,95.513748,90.000000,1.353388,-0.000094,0.964029
5760,5.760000,91.353386,95.513748,90.000000,1.353388,-0.000080,0.964029
5761,5.761000,91.353386,95.513748,90.000000,1.353388,-0.000075,0.964029
5762,5.762000,91.353386,95.513748,90.000000,1.353388,-0.000068,0.964029
5763,5.763000,91.353386,95.513748,90.000000,1.353388,-0.000068,0.964029
5764,5.764000,91.353386,95.513748,90.000000,1.353388,-0.000061,0.964029
5765,5.765000,91.353386,95.513748,90.000000,1.353388,-0.000067,0.964029
5766,5.766000,91.353386,95.513748,90.000000,1.353388,-0.000063,0.964029
5767,5.767000,91.353386,95.513748,90.000000,1.353388,-0.000062,0.964029
5768,5.768000,91.353386,95.513748,90.000000,1.353388,-0.000056,0.964029
5769,5.769000,91.353386,95.513748,90.000000,1.353388,-0.000056,0.964029
5770,5.770000,91.353386,95.513748,90.000000,1.353388,-0.000049,0.964029
5771,5.771000,91.353386,95.513748,90.000000,1.353388,-0.000045,0.964029
5772,5.772000,91.353386,95.513748,90.000000,1.353388,-0.000036,0.964029
5773,5.773000,91.353386,95.513748,90.000000,1.353388,0.000001,0.964029
5774,5.774000,91.353386,95.513748,90.000000,1.353388,0.000039,0.964029
5775,5.775000,91.353386,95.513748,90.000000,1.353388,0.000071,0.964029
5776,5.776000,91.353386,95.513748,90.000000,1.353388,0.000093,0.964029
5777,5.777000,91.353386,95.513748,90.000000,1.353388,0.000119,0.964029
5778,5.778000,91.353386,95.513748,90.000000,1.353388,0.000143,0.964029
5779,5.779000,91.353386,95.513741,90.000000,1.353388,0.000158,0.964029
5780,5.780000,91.353386,95.513741,90.000000,1.353388,0.000170,0.964029
5781,5.781000,91.353386,95.513741,90.000000,1.353388,0.000152,0.964029
5782,5.782000,91.353386,95.513741,90.000000,1.353388,0.000145,0.964029
5783,5.783000,91.353386,95.513741,90.000000,1.353388,0.000132,0.964029
5784,5.784000,91.353386,95.513741,90.000000,1.353388,0.000111,0.964029
5785,5.785000,91.353386,95.513741,90.000000,1.353388,0.000092,0.964029
5786,5.786000,91.353386,95.513741,90.000000,1.353388,0.000091,0.964029
5787,5.787000,91.353386,95.513741,90.000000,1.353388,0.000087,0.964029
5788,5.788000,91.353386,95.513741,90.000000,1.353388,0.000081,0.964029
5789,5.789000,91.353386,95.513741,90.000000,1.353388,0.000074,0.964029
5790,5.790000,91.353386,95.513741,90.000000,1.353388,0.000076,0.964029
5791,5.791000,91.353386,95.513741,90.000000,1.353388,0.000064,0.964029
5792,5.792000,91.353386,95.513741,90.000000,1.353388,0.000028,0.964029
5793,5.793000,91.353386,95.513741,90.000000,1.353388,0.000009,0.964029
5794,5.794000,91.353386,95.513741,90.000000,1.353388,-0.000012,0.964029
5795,5.795000,91.353386,95.513741,90.000000,1.353388,-0.000046,0.964029
5796,5.796000,91.353386,95.513741,90.000000,1.353388,-0.000072,0.964029
5797,5.797000,91.353386,95.513741,90.000000,1.353388,-0.000101,0.964029
5798,5.798000,91.353386,95.513748,90.000000,1.353388,-0.000119,0.964029
5799,5.799000,91.353386,95.513748,90.000000,1.353388,-0.000123,0.964029
5800,5.800000,91.353386,95.513748,90.000000,1.353388,-0.000111,0.964029
5801,5.801000,91.353386,95.513748,90.000000,1.353388,-0.000104,0.964029
5802,5.802000,91.353386,95.513748,90.000000,1.353388,-0.000095,0.964029
5803,5.803000,91.353386,95.513748,90.000000,1.353388,-0.000088,0.964029
5804,5.804000,91.353386,95.513748,90.000000,1.353388,-0.000081,0.964029
5805,5.805000,91.353386,95.513748,90.000000,1.353388,-0.000083,0.964029
5806,5.806000,91.353386,95.513748,90.000000,1.353388,-0.000079,0.964029
5807,5.807000,91.353386,95.513748,90.000000,1.353388,-0.000086,0.964029
5808,5.808000,91.353386,95.513748,90.000000,1.353388,-0.000084,0.964029
5809,5.809000,91.353386,95.513748,90.000000,1.353388,-0.000080,0.964029
5810,5.810000,91.353386,95.513748,90.000000,1.353388,-0.000069,0.964029
5811,5.811000,91.353386,95.513748,90.000000,1.353388,-0.000062,0.964029
5812,5.812000,91.353386,95.513748,90.000000,1.353388,-0.000067,0.964029
5813,5.813000,91.353386,95.513748,90.000000,1.353388,-0.000063,0.964029
5814,5.814000,91.353386,95.513748,90.000000,1.353388,-0.000066,0.964029
5815,5.815000,91.353386,95.513748,90.000000,1.353388,-0.000055,0.964029
5816,5.816000,91.353386,95.513748,90.000000,1.353388,-0.000065,0.964029
5817,5.817000,91.353386,95.513748,90.000000,1.353388,-0.000060,0.964029
5818,5.818000,91.353386,95.513748,90.000000,1.353388,-0.000054,0.964029
5819,5.819000,91.353386,95.513748,90.000000,1.353388,-0.000012,0.964029
5820,5.820000,91.353386,95.513748,90.000000,1.353388,0.000032,0.964029
5821,5.821000,91.353386,95.513748,90.000000,1.353388,0.000064,0.964029
5822,5.822000,91.353386,95.513748,90.000000,1.353388,0.000097,0.964029
5823,5.823000,91.353386,95.513748,90.000000,1.353388,0.000117,0.964029
5824,5.824000,91.353386,95.513748,90.000000,1.353388,0.000146,0.964029
5825,5.825000,91.353386,95.513741,90.000000,1.353388,0.000162,0.964029
5826,5.826000,91.353386,95.513741,90.000000,1.353388,0.000177,0.964029
5827,5.827000,91.353386,95.513741,90.000000,1.353388,0.000159,0.964029
5828,5.828000,91.353386,95.513741,90.000000,1.353388,0.000148,0.964029
5829,5.829000,91.353386,95.513741,90.000000,1.353388,0.000144,0.964029
5830,5.830000,91.353386,95.513741,90.000000,1.353388,0.000133,0.964029
5831,5.831000,91.353386,95.513741,90.000000,1.353388,0.000121,0.964029
5832,5.832000,91.353386,95.513741,90.000000,1.353388,0.000123,0.964029
5833,5.833000,91.353386,95.513741,90.000000,1.353388,0.000128,0.964029
5834,5.834000,91.353386,95.513741,90.000000,1.353388,0.000117,0.964029
5835,5.835000,91.353386,95.513741,90.000000,1.353388,0.000114,0.964029
5836,5.836000,91.353386,95.513741,90.000000,1.353388,0.000098,0.964029
5837,5.837000,91.353386,95.513741,90.000000,1.353388,0.000055,0.964029
5838,5.838000,91.353386,95.513741,90.000000,1.353388,0.000015,0.964029
5839,5.839000,91.353386,95.513741,90.000000,1.353388,-0.000010,0.964029
5840,5.840000,91.353386,95.513741,90.000000,1.353388,-0.000048,0.964029
5841,5.841000,91.353386,95.513741,90.000000,1.353388,-0.000090,0.964029
5842,5.842000,91.353386,95.513741,90.000000,1.353388,-0.000113,0.964029
5843,5.843000,91.353386,95.513748,90.000000,1.353388,-0.000138,0.964029
5844,5.844000,91.353386,95.513748,90.000000,1.353388,-0.000149,0.964029
5845,5.845000,91.353386,95.513748,90.000000,1.353388,-0.000142,0.964029
5846,5.846000,91.353386,95.513748,90.000000,1.353388,-0.000125,0.964029
5847,5.847000,91.353386,95.513748,90.000000,1.353388,-0.000117,0.964029
5848,5.848000,91.353386,95.513748,90.000000,1.353388,-0.000104,0.964029
5849,5.849000,91.353386,95.513748,90.000000,1.353388,-0.000100,0.964029
5850,5.850000,91.353386,95.513748,90.000000,1.353388,-0.000086,0.964029
5851,5.851000,91.353386,95.513748,90.000000,1.353388,-0.000085,0.964029
5852,5.852000,91.353386,95.513748,90.000000,1.353388,-0.000070,0.964029
5853,5.853000,91.353386,95.513748,90.000000,1.353388,-0.000066,0.964029
5854,5.854000,91.353386,95.513748,90.000000,1.353388,-0.000069,0.964029
5855,5.855000,91.353386,95.513748,90.000000,1.353388,-0.000075,0.964029
5856,5.856000,91.353386,95.513748,90.000000,1.353388,-0.000066,0.964029
5857,5.857000,91.353386,95.513748,90.000000,1.353388,-0.000063,0.964029
5858,5.858000,91.353386,95.513748,90.000000,1.353388,-0.000062,0.964029
5859,5.859000,91.353386,95.513748,90.000000,1.353388,-0.000065,0.964029
5860,5.860000,91.353386,95.513748,90.000000,1.353388,-0.000069,0.964029
5861,5.861000,91.353386,95.513748,90.000000,1.353388,-0.000069,0.964029
5862,5.862000,91.353386,95.513748,90.000000,1.353388,-0.000064,0.964029
5863,5.863000,91.353386,95.513748,90.000000,1.353388,-0.000053,0.964029
5864,5.864000,91.353386,95.513748,90.000000,1.353388,-0.000049,0.964029
5865,5.865000,91.353386,95.513748,90.000000,1.353388,-0.000040,0.964029
5866,5.866000,91.353386,95.513748,90.000000,1.353388,-0.000001,0.964029
5867,5.867000,91.353386,95.513748,90.000000,1.353388,0.000028,0.964029
5868,5.868000,91.353386,95.513748,90.000000,1.353388,0.000062,0.964029
5869,5.869000,91.353386,95.513748,90.000000,1.353388,0.000097,0.964029
5870,5.870000,91.353386,95.513748,90.000000,1.353388,0.000126,0.964029
5871,5.871000,91.353386,95.513748,90.000000,1.353388,0.000136,0.964029
5872,5.872000,91.353386,95.513741,90.000000,1.353388,0.000154,0.964029
5873,5.873000,91.353386,95.513741,90.000000,1.353388,0.000165,0.964029
5874,5.874000,91.353386,95.513741,90.000000,1.353388,0.000161,0.964029
5875,5.875000,91.353386,95.513741,90.000000,1.353388,0.000144,0.964029
5876,5.876000,91.353386,95.513741,90.000000,1.353388,0.000143,0.964029
5877,5.877000,91.353386,95.513741,90.000000,1.353388,0.000128,0.964029
5878,5.878000,91.353386,95.513741,90.000000,1.353388,0.000117,0.964029
5879,5.879000,91.353386,95.513741,90.000000,1.353388,0.000121,0.964029
5880,5.880000,91.353386,95.513741,90.000000,1.353388,0.000120,0.964029
5881,5.881000,91.353386,95.513741,90.000000,1.353388,0.000104,0.964029
5882,5.882000,91.353386,95.513741,90.000000,1.353388,0.000101,0.964029
5883,5.883000,91.353386,95.513741,90.000000,1.353388,0.000090,0.964029
5884,5.884000,91.353386,95.513741,90.000000,1.353388,0.000077,0.964029
5885,5.885000,91.353386,95.513741,90.000000,1.353388,0.000071,0.964029
5886,5.886000,91.353386,95.513741,90.000000,1.353388,0.000039,0.964029
5887,5.887000,91.353386,95.513741,90.000000,1.353388,0.000005,0.964029
5888,5.888000,91.353386,95.513741,90.000000,1.353388,-0.000028,0.964029
5889,5.889000,91.353386,95.513741,90.000000,1.353388,-0.000069,0.964029
5890,5.890000,91.353386,95.513741,90.000000,1.353388,-0.000094,0.964029
5891,5.891000,91.353386,95.513741,90.000000,1.353388,-0.000121,0.964029
5892,5.892000,91.353386,95.513748,90.000000,1.353388,-0.000142,0.964029
5893,5.893000,91.353386,95.513748,90.000000,1.353388,-0.000148,0.964029
5894,5.894000,91.353386,95.513748,90.000000,1.353388,-0.000139,0.964029
5895,5.895000,91.353386,95.513748,90.000000,1.353388,-0.000138,0.964029
5896,5.896000,91.353386,95.513748,90.000000,1.353388,-0.000133,0.964029
5897,5.897000,91.353386,95.513748,90.000000,1.353388,-0.000120,0.964029
5898,5.898000,91.353386,95.513748,90.000000,1.353388,-0.000110,0.964029
5899,5.899000,91.353386,95.513748,90.000000,1.353388,-0.000102,0.964029
5900,5.900000,91.353386,95.513748,90.000000,1.353388,-0.000094,0.964029
5901,5.901000,91.353386,95.513748,90.000000,1.353388,-0.000089,0.964029
5902,5.902000,91.353386,95.513748,90.000000,1.353388,-0.000095,0.964029
5903,5.903000,91.353386,95.513748,90.000000,1.353388,-0.000089,0.964029
5904,5.904000,91.353386,95.513748,90.000000,1.353388,-0.000079,0.964029
5905,5.905000,91.353386,95.513748,90.000000,1.353388,-0.000072,0.964029
5906,5.906000,91.353386,95.513748,90.000000,1.353388,-0.000080,0.964029
5907,5.907000,91.353386,95.513748,90.000000,1.353388,-0.000082,0.964029
5908,5.908000,91.353386,95.513748,90.000000,1.353388,-0.000074,0.964029
5909,5.909000,91.353386,95.513748,90.000000,1.353388,-0.000062,0.964029
5910,5.910000,91.353386,95.513748,90.000000,1.353388,-0.000057,0.964029
5911,5.911000,91.353386,95.513748,90.000000,1.353388,-0.000046,0.964029
5912,5.912000,91.353386,95.513748,90.000000,1.353388,-0.000009,0.964029
5913,5.913000,91.353386,95.513748,90.000000,1.353388,0.000029,0.964029
5914,5.914000,91.353386,95.513748,90.000000,1.353388,0.000064,0.964029
5915,5.915000,91.353386,95.513748,90.000000,1.353388,0.000093,0.964029
5916,5.916000,91.353386,95.513748,90.000000,1.353388,0.000126,0.964029
5917,5.917000,91.353386,95.513748,90.000000,1.353388,0.000143,0.964029
5918,5.918000,91.353386,95.513741,90.000000,1.353388,0.000160,0.964029
5919,5.919000,91.353386,95.513741,90.000000,1.353388,0.000183,0.964029
5920,5.920000,91.353386,95.513741,90.000000,1.353388,0.000167,0.964029
5921,5.921000,91.353386,95.513741,90.000000,1.353388,0.000154,0.964029
5922,5.922000,91.353386,95.513741,90.000000,1.353388,0.000137,0.964029
5923,5.923000,91.353386,95.513741,90.000000,1.353388,0.000128,0.964029
5924,5.924000,91.353386,95.513741,90.000000,1.353388,0.000120,0.964029
5925,5.925000,91.353386,95.513741,90.000000,1.353388,0.000111,0.964029
5926,5.926000,91.353386,95.513741,90.000000,1.353388,0.000106,0.964029
5927,5.927000,91.353386,95.513741,90.000000,1.353388,0.000105,0.964029
5928,5.928000,91.353386,95.513741,90.000000,1.353388,0.000098,0.964029
5929,5.929000,91.353386,95.513741,90.000000,1.353388,0.000093,0.964029
5930,5.930000,91.353386,95.513741,90.000000,1.353388,0.000091,0.964029
5931,5.931000,91.353386,95.513741,90.000000,1.353388,0.000080,0.964029
5932,5.932000,91.353386,95.513741,90.000000,1.353388,0.000049,0.964029
5933,5.933000,91.353386,95.513741,90.000000,1.353388,0.000004,0.964029
5934,5.934000,91.353386,95.513741,90.000000,1.353388,-0.000035,0.964029
5935,5.935000,91.353386,95.513741,90.000000,1.353388,-0.000062,0.964029
5936,5.936000,91.353386,95.513741,90.000000,1.353388,-0.000095,0.964029
5937,5.937000,91.353386,95.513741,90.000000,1.353388,-0.000124,0.964029
5938,5.938000,91.353386,95.513748,90.000000,1.353388,-0.000147,0.964029
5939,5.939000,91.353386,95.513748,90.000000,1.353388,-0.000152,0.964029
5940,5.940000,91.353386,95.513748,90.000000,1.353388,-0.000145,0.964029
5941,5.941000,91.353386,95.513748,90.000000,1.353388,-0.000128,0.964029
5942,5.942000,91.353386,95.513748,90.000000,1.353388,-0.000124,0.964029
5943,5.943000,91.353386,95.513748,90.000000,1.353388,-0.000120,0.964029
5944,5.944000,91.353386,95.513748,90.000000,1.353388,-0.000109,0.964029
5945,5.945000,91.353386,95.513748,90.000000,1.353388,-0.000104,0.964029
5946,5.946000,91.353386,95.513748,90.000000,1.353388,-0.000093,0.964029
5947,5.947000,91.353386,95.513748,90.000000,1.353388,-0.000085,0.964029
5948,5.948000,91.353386,95.513748,90.000000,1.353388,-0.000084,0.964029
5949,5.949000,91.353386,95.513748,90.000000,1.353388,-0.000084,0.964029
5950,5.950000,91.353386,95.513748,90.000000,1.353388,-0.000075,0.964029
5951,5.951000,91.353386,95.513748,90.000000,1.353388,-0.000084,0.964029
5952,5.952000,91.353386,95.513748,90.000000,1.353388,-0.000080,0.964029
5953,5.953000,91.353386,95.513748,90.000000,1.353388,-0.000077,0.964029
5954,5.954000,91.353386,95.513748,90.000000,1.353388,-0.000059,0.964029
5955,5.955000,91.353386,95.513748,90.000000,1.353388,-0.000053,0.964029
5956,5.956000,91.353386,95.513748,90.000000,1.353388,-0.000049,0.964029
5957,5.957000,91.353386,95.513748,90.000000,1.353388,-0.000013,0.964029
5958,5.958000,91.353386,95.513748,90.000000,1.353388,0.000022,0.964029
5959,5.959000,91.353386,95.513748,90.000000,1.353388,0.000055,0.964029
5960,5.960000,91.353386,95.513748,90.000000,1.353388,0.000093,0.964029
5961,5.961000,91.353386,95.513748,90.000000,1.353388,0.000109,0.964029
5962,5.962000,91.353386,95.513748,90.000000,1.353388,0.000135,0.964029
5963,5.963000,91.353386,95.513741,90.000000,1.353388,0.000147,0.964029
5964,5.964000,91.353386,95.513741,90.000000,1.353388,0.000163,0.964029
5965,5.965000,91.353386,95.513741,90.000000,1.353388,0.000162,0.964029
5966,5.966000,91.353386,95.513741,90.000000,1.353388,0.000144,0.964029
5967,5.967000,91.353386,95.513741,90.000000,1.353388,0.000128,0.964029
5968,5.968000,91.353386,95.513741,90.000000,1.353388,0.000125,0.964029
5969,5.969000,91.353386,95.513741,90.000000,1.353388,0.000120,0.964029
5970,5.970000,91.353386,95.513741,90.000000,1.353388,0.000112,0.964029
5971,5.971000,91.353386,95.513741,90.000000,1.353388,0.000104,0.964029
5972,5.972000,91.353386,95.513741,90.000000,1.353388,0.000108,0.964029
5973,5.973000,91.353386,95.513741,90.000000,1.353388,0.000099,0.964029
5974,5.974000,91.353386,95.513741,90.000000,1.353388,0.000093,0.964029
5975,5.975000,91.353386,95.513741,90.000000,1.353388,0.000085,0.964029
5976,5.976000,91.353386,95.513741,90.000000,1.353388,0.000066,0.964029
5977,5.977000,91.353386,95.513741,90.000000,1.353388,0.000072,0.964029
5978,5.978000,91.353386,95.513741,90.000000,1.353388,0.000035,0.964029
5979,5.979000,91.353386,95.513741,90.000000,1.353388,0.000003,0.964029
5980,5.980000,91.353386,95.513741,90.000000,1.353388,-0.000029,0.964029
5981,5.981000,91.353386,95.513741,90.000000,1.353388,-0.000068,0.964029
5982,5.982000,91.353386,95.513741,90.000000,1.353388,-0.000105,0.964029
5983,5.983000,91.353386,95.513741,90.000000,1.353388,-0.000123,0.964029
5984,5.984000,91.353386,95.513748,90.000000,1.353388,-0.000148,0.964029
5985,5.985000,91.353386,95.513748,90.000000,1.353388,-0.000152,0.964029
5986,5.986000,91.353386,95.513748,90.000000,1.353388,-0.000144,0.964029
5987,5.987000,91.353386,95.513748,90.000000,1.353388,-0.000136,0.964029
5988,5.988000,91.353386,95.513748,90.000000,1.353388,-0.000122,0.964029
5989,5.989000,91.353386,95.513748,90.000000,1.353388,-0.000115,0.964029
5990,5.990000,91.353386,95.513748,90.000000,1.353388,-0.000108,0.964029
5991,5.991000,91.353386,95.513748,90.000000,1.353388,-0.000100,0.964029
5992,5.992000,91.353386,95.513748,90.000000,1.353388,-0.000094,0.964029
5993,5.993000,91.353386,95.513748,90.000000,1.353388,-0.000082,0.964029
5994,5.994000,91.353386,95.513748,90.000000,1.353388,-0.000083,0.964029
5995,5.995000,91.353386,95.513748,90.000000,1.353388,-0.000083,0.964029
5996,5.996000,91.353386,95.513748,90.000000,1.353388,-0.000085,0.964029
5997,5.997000,91.353386,95.513748,90.000000,1.353388,-0.000088,0.964029
5998,5.998000,91.353386,95.513748,90.000000,1.353388,-0.000085,0.964029
5999,5.999000,91.353386,95.513748,90.000000,1.353388,-0.000077,0.964029
6000,6.000000,91.353386,95.513748,90.000000,1.353388,-0.000071,0.964029
6001,6.001000,91.353386,95.513748,90.000000,1.353388,-0.000055,0.964029
6002,6.002000,91.353386,95.513748,90.000000,1.353388,-0.000054,0.964029
6003,6.003000,91.353386,95.513748,90.000000,1.353388,-0.000048,0.964029
6004,6.004000,91.353386,95.513748,90.000000,1.353388,-0.000015,0.964029
6005,6.005000,91.353386,95.513748,90.000000,1.353388,0.000026,0.964029
6006,6.006000,91.353386,95.513748,90.000000,1.353388,0.000061,0.964029
6007,6.007000,91.353386,95.513748,90.000000,1.353388,0.000094,0.964029
6008,6.008000,91.353386,95.513748,90.000000,1.353388,0.000123,0.964029
6009,6.009000,91.353386,95.513748,90.000000,1.353388,0.000141,0.964029
6010,6.010000,91.353386,95.513741,90.000000,1.353388,0.000147,0.964029
6011,6.011000,91.353386,95.513741,90.000000,1.353388,0.000167,0.964029
6012,6.012000,91.353386,95.513741,90.000000,1.353388,0.000159,0.964029
6013,6.013000,91.353386,95.513741,90.000000,1.353388,0.000144,0.964029
6014,6.014000,91.353386,95.513741,90.000000,1.353388,0.000134,0.964029
6015,6.015000,91.353386,95.513741,90.000000,1.353388,0.000136,0.964029
6016,6.016000,91.353386,95.513741,90.000000,1.353388,0.000115,0.964029
6017,6.017000,91.353386,95.513741,90.000000,1.353388,0.000111,0.964029
6018,6.018000,91.353386,95.513741,90.000000,1.353388,0.000105,0.964029
6019,6.019000,91.353386,95.513741,90.000000,1.353388,0.000108,0.964029
6020,6.020000,91.353386,95.513741,90.000000,1.353388,0.000101,0.964029
6021,6.021000,91.353386,95.513741,90.000000,1.353388,0.000104,0.964029
6022,6.022000,91.353386,95.513741,90.000000,1.353388,0.000098,0.964029
6023,6.023000,91.353386,95.513741,90.000000,1.353388,0.000085,0.964029
6024,6.024000,91.353386,95.513741,90.000000,1.353388,0.000076,0.964029
6025,6.025000,91.353386,95.513741,90.000000,1.353388,0.000067,0.964029
6026,6.026000,91.353386,95.513741,90.000000,1.353388,0.000034,0.964029
6027,6.027000,91.353386,95.513741,90.000000,1.353388,-0.000010,0.964029
6028,6.028000,91.353386,95.513741,90.000000,1.353388,-0.000041,0.964029
6029,6.029000,91.353386,95.513741,90.000000,1.353388,-0.000076,0.964029
6030,6.030000,91.353386,95.513741,90.000000,1.353388,-0.000091,0.964029
6031,6.031000,91.353386,95.513741,90.000000,1.353388,-0.000124,0.964029
6032,6.032000,91.353386,95.513748,90.000000,1.353388,-0.000131,0.964029
6033,6.033000,91.353386,95.513748,90.000000,1.353388,-0.000140,0.964029
6034,6.034000,91.353386,95.513748,90.000000,1.353388,-0.000126,0.964029
6035,6.035000,91.353386,95.513748,90.000000,1.353388,-0.000122,0.964029
6036,6.036000,91.353386,95.513748,90.000000,1.353388,-0.000111,0.964029
6037,6.037000,91.353386,95.513748,90.000000,1.353388,-0.000109,0.964029
6038,6.038000,91.353386,95.513748,90.000000,1.353388,-0.000103,0.964029
6039,6.039000,91.353386,95.513748,90.000000,1.353388,-0.000087,0.964029
6040,6.040000,91.353386,95.513748,90.000000,1.353388,-0.000086,0.964029
6041,6.041000,91.353386,95.513748,90.000000,1.353388,-0.000084,0.964029
6042,6.042000,91.353386,95.513748,90.000000,1.353388,-0.000081,0.964029
6043,6.043000,91.353386,95.513748,90.000000,1.353388,-0.000083,0.964029
6044,6.044000,91.353386,95.513748,90.000000,1.353388,-0.000086,0.964029
6045,6.045000,91.353386,95.513748,90.000000,1.353388,-0.000074,0.964029
6046,6.046000,91.353386,95.513748,90.000000,1.353388,-0.000079,0.964029
6047,6.047000,91.353386,95.513748,90.000000,1.353388,-0.000075,0.964029
6048,6.048000,91.353386,95.513748,90.000000,1.353388,-0.000083,0.964029
6049,6.049000,91.353386,95.513748,90.000000,1.353388,-0.000081,0.964029
6050,6.050000,91.353386,95.513748,90.000000,1.353388,-0.000074,0.964029
6051,6.051000,91.353386,95.513748,90.000000,1.353388,-0.000059,0.964029
6052,6.052000,91.353386,95.513748,90.000000,1.353388,-0.000058,0.964029
6053,6.053000,91.353386,95.513748,90.000000,1.353388,-0.000042,0.964029
6054,6.054000,91.353386,95.513748,90.000000,1.353388,-0.000006,0.964029
6055,6.055000,91.353386,95.513748,90.000000,1.353388,0.000035,0.964029
6056,6.056000,91.353386,95.513748,90.000000,1.353388,0.000066,0.964029
6057,6.057000,91.353386,95.513748,90.000000,1.353388,0.000107,0.964029
6058,6.058000,91.353386,95.513748,90.000000,1.353388,0.000137,0.964029
6059,6.059000,91.353386,95.513748,90.000000,1.353388,0.000150,0.964029
6060,6.060000,91.353386,95.513741,90.000000,1.353388,0.000159,0.964029
6061,6.061000,91.353386,95.513741,90.000000,1.353388,0.000176,0.964029
6062,6.062000,91.353386,95.513741,90.000000,1.353388,0.000164,0.964029
6063,6.063000,91.353386,95.513741,90.000000,1.353388,0.000145,0.964029
6064,6.064000,91.353386,95.513741,90.000000,1.353388,0.000140,0.964029
6065,6.065000,91.353386,95.513741,90.000000,1.353388,0.000127,0.964029
6066,6.066000,91.353386,95.513741,90.000000,1.353388,0.000119,0.964029
6067,6.067000,91.353386,95.513741,90.000000,1.353388,0.000121,0.964029
6068,6.068000,91.353386,95.513741,90.000000,1.353388,0.000125,0.964029
6069,6.069000,91.353386,95.513741,90.000000,1.353388,0.000120,0.964029
6070,6.070000,91.353386,95.513741,90.000000,1.353388,0.000116,0.964029
6071,6.071000,91.353386,95.513741,90.000000,1.353388,0.000105,0.964029
6072,6.072000,91.353386,95.513741,90.000000,1.353388,0.000094,0.964029
6073,6.073000,91.353386,95.513741,90.000000,1.353388,0.000086,0.964029
6074,6.074000,91.353386,95.513741,90.000000,1.353388,0.000051,0.964029
6075,6.075000,91.353386,95.513741,90.000000,1.353388,0.000010,0.964029
6076,6.076000,91.353386,95.513741,90.000000,1.353388,-0.000033,0.964029
6077,6.077000,91.353386,95.513741,90.000000,1.353388,-0.000064,0.964029
6078,6.078000,91.353386,95.513741,90.000000,1.353388,-0.000086,0.964029
6079,6.079000,91.353386,95.513741,90.000000,1.353388,-0.000115,0.964029
6080,6.080000,91.353386,95.513748,90.000000,1.353388,-0.000141,0.964029
6081,6.081000,91.353386,95.513748,90.000000,1.353388,-0.000153,0.964029
6082,6.082000,91.353386,95.513748,90.000000,1.353388,-0.000140,0.964029
6083,6.083000,91.353386,95.513748,90.000000,1.353388,-0.000131,0.964029
6084,6.084000,91.353386,95.513748,90.000000,1.353388,-0.000118,0.964029
6085,6.085000,91.353386,95.513748,90.000000,1.353388,-0.000109,0.964029
6086,6.086000,91.353386,95.513748,90.000000,1.353388,-0.000097,0.964029
6087,6.087000,91.353386,95.513748,90.000000,1.353388,-0.000097,0.964029
6088,6.088000,91.353386,95.513748,90.000000,1.353388,-0.000084,0.964029
6089,6.089000,91.353386,95.513748,90.000000,1.353388,-0.000078,0.964029
6090,6.090000,91.353386,95.513748,90.000000,1.353388,-0.000072,0.964029
6091,6.091000,91.353386,95.513748,90.000000,1.353388,-0.000064,0.964029
6092,6.092000,91.353386,95.513748,90.000000,1.353388,-0.000072,0.964029
6093,6.093000,91.353386,95.513748,90.000000,1.353388,-0.000062,0.964029
6094,6.094000,91.353386,95.513748,90.000000,1.353388,-0.000061,0.964029
6095,6.095000,91.353386,95.513748,90.000000,1.353388,-0.000061,0.964029
6096,6.096000,91.353386,95.513748,90.000000,1.353388,-0.000066,0.964029
6097,6.097000,91.353386,95.513748,90.000000,1.353388,-0.000065,0.964029
6098,6.098000,91.353386,95.513748,90.000000,1.353388,-0.000059,0.964029
6099,6.099000,91.353386,95.513748,90.000000,1.353388,-0.000066,0.964029
6100,6.100000,91.353386,95.513748,90.000000,1.353388,-0.000063,0.964029
6101,6.101000,91.353386,95.513748,90.000000,1.353388,-0.000048,0.964029
6102,6.102000,91.353386,95.513748,90.000000,1.353388,-0.000047,0.964029
6103,6.103000,91.353386,95.513748,90.000000,1.353388,-0.000031,0.964029
6104,6.104000,91.353386,95.513748,90.000000,1.353388,0.000001,0.964029
6105,6.105000,91.353386,95.513748,90.000000,1.353388,0.000039,0.964029
6106,6.106000,91.353386,95.513748,90.000000,1.353388,0.000073,0.964029
6107,6.107000,91.353386,95.513748,90.000000,1.353388,0.000110,0.964029
6108,6.108000,91.353386,95.513748,90.000000,1.353388,0.000133,0.964029
6109,6.109000,91.353386,95.513748,90.000000,1.353388,0.000149,0.964029
6110,6.110000,91.353386,95.513741,90.000000,1.353388,0.000161,0.964029
6111,6.111000,91.353386,95.513741,90.000000,1.353388,0.000173,0.964029
6112,6.112000,91.353386,95.513741,90.000000,1.353388,0.000162,0.964029
6113,6.113000,91.353386,95.513741,90.000000,1.353388,0.000149,0.964029
6114,6.114000,91.353386,95.513741,90.000000,1.353388,0.000151,0.964029
6115,6.115000,91.353386,95.513741,90.000000,1.353388,0.000133,0.964029
6116,6.116000,91.353386,95.513741,90.000000,1.353388,0.000121,0.964029
6117,6.117000,91.353386,95.513741,90.000000,1.353388,0.000125,0.964029
6118,6.118000,91.353386,95.513741,90.000000,1.353388,0.000128,0.964029
6119,6.119000,91.353386,95.513741,90.000000,1.353388,0.000118,0.964029
6120,6.120000,91.353386,95.513741,90.000000,1.353388,0.000116,0.964029
6121,6.121000,91.353386,95.513741,90.000000,1.353388,0.000099,0.964029
6122,6.122000,91.353386,95.513741,90.000000,1.353388,0.000055,0.964029
6123,6.123000,91.353386,95.513741,90.000000,1.353388,0.000020,0.964029
6124,6.124000,91.353386,95.513741,90.000000,1.353388,-0.000009,0.964029
6125,6.125000,91.353386,95.513741,90.000000,1.353388,-0.000050,0.964029
6126,6.126000,91.353386,95.513741,90.000000,1.353388,-0.000087,0.964029
6127,6.127000,91.353386,95.513741,90.000000,1.353388,-0.000114,0.964029
6128,6.128000,91.353386,95.513748,90.000000,1.353388,-0.000136,0.964029
6129,6.129000,91.353386,95.513748,90.000000,1.353388,-0.000151,0.964029
6130,6.130000,91.353386,95.513748,90.000000,1.353388,-0.000131,0.964029
6131,6.131000,91.353386,95.513748,90.000000,1.353388,-0.000120,0.964029
6132,6.132000,91.353386,95.513748,90.000000,1.353388,-0.000113,0.964029
6133,6.133000,91.353386,95.513748,90.000000,1.353388,-0.000100,0.964029
6134,6.134000,91.353386,95.513748,90.000000,1.353388,-0.000092,0.964029
6135,6.135000,91.353386,95.513748,90.000000,1.353388,-0.000087,0.964029
6136,6.136000,91.353386,95.513748,90.000000,1.353388,-0.000080,0.964029
6137,6.137000,91.353386,95.513748,90.000000,1.353388,-0.000079,0.964029
6138,6.138000,91.353386,95.513748,90.000000,1.353388,-0.000069,0.964029
6139,6.139000,91.353386,95.513748,90.000000,1.353388,-0.000060,0.964029
6140,6.140000,91.353386,95.513748,90.000000,1.353388,-0.000071,0.964029
6141,6.141000,91.353386,95.513748,90.000000,1.353388,-0.000057,0.964029
6142,6.142000,91.353386,95.513748,90.000000,1.353388,-0.000060,0.964029
6143,6.143000,91.353386,95.513748,90.000000,1.353388,-0.000060,0.964029
6144,6.144000,91.353386,95.513748,90.000000,1.353388,-0.000061,0.964029
6145,6.145000,91.353386,95.513748,90.000000,1.353388,-0.000062,0.964029
6146,6.146000,91.353386,95.513748,90.000000,1.353388,-0.000064,0.964029
6147,6.147000,91.353386,95.513748,90.000000,1.353388,-0.000059,0.964029
6148,6.148000,91.353386,95.513748,90.000000,1.353388,-0.000063,0.964029
6149,6.149000,91.353386,95.513748,90.000000,1.353388,-0.000053,0.964029
6150,6.150000,91.353386,95.513748,90.000000,1.353388,-0.000048,0.964029
6151,6.151000,91.353386,95.513748,90.000000,1.353388,-0.000033,0.964029
6152,6.152000,91.353386,95.513748,90.000000,1.353388,0.000012,0.964029
6153,6.153000,91.353386,95.513748,90.000000,1.353388,0.000040,0.964029
6154,6.154000,91.353386,95.513748,90.000000,1.353388,0.000066,0.964029
6155,6.155000,91.353386,95.513748,90.000000,1.353388,0.000093,0.964029
6156,6.156000,91.353386,95.513748,90.000000,1.353388,0.000123,0.964029
6157,6.157000,91.353386,95.513748,90.000000,1.353388,0.000133,0.964029
6158,6.158000,91.353386,95.513741,90.000000,1.353388,0.000145,0.964029
6159,6.159000,91.353386,95.513741,90.000000,1.353388,0.000164,0.964029
6160,6.160000,91.353386,95.513741,90.000000,1.353388,0.000151,0.964029
6161,6.161000,91.353386,95.513741,90.000000,1.353388,0.000138,0.964029
6162,6.162000,91.353386,95.513741,90.000000,1.353388,0.000139,0.964029
6163,6.163000,91.353386,95.513741,90.000000,1.353388,0.000128,0.964029
6164,6.164000,91.353386,95.513741,90.000000,1.353388,0.000119,0.964029
6165,6.165000,91.353386,95.513741,90.000000,1.353388,0.000125,0.964029
6166,6.166000,91.353386,95.513741,90.000000,1.353388,0.000129,0.964029
6167,6.167000,91.353386,95.513741,90.000000,1.353388,0.000121,0.964029
6168,6.168000,91.353386,95.513741,90.000000,1.353388,0.000121,0.964029
6169,6.169000,91.353386,95.513741,90.000000,1.353388,0.000105,0.964029
6170,6.170000,91.353386,95.513741,90.000000,1.353388,0.000094,0.964029
6171,6.171000,91.353386,95.513741,90.000000,1.353388,0.000058,0.964029
6172,6.172000,91.353386,95.513741,90.000000,1.353388,0.000023,0.964029
6173,6.173000,91.353386,95.513741,90.000000,1.353388,-0.000019,0.964029
6174,6.174000,91.353386,95.513741,90.000000,1.353388,-0.000053,0.964029
6175,6.175000,91.353386,95.513741,90.000000,1.353388,-0.000082,0.964029
6176,6.176000,91.353386,95.513741,90.000000,1.353388,-0.000113,0.964029
6177,6.177000,91.353386,95.513748,90.000000,1.353388,-0.000142,0.964029
6178,6.178000,91.353386,95.513748,90.000000,1.353388,-0.000159,0.964029
6179,6.179000,91.353386,95.513748,90.000000,1.353388,-0.000142,0.964029
6180,6.180000,91.353386,95.513748,90.000000,1.353388,-0.000126,0.964029
6181,6.181000,91.353386,95.513748,90.000000,1.353388,-0.000119,0.964029
6182,6.182000,91.353386,95.513748,90.000000,1.353388,-0.000110,0.964029
6183,6.183000,91.353386,95.513748,90.000000,1.353388,-0.000101,0.964029
6184,6.184000,91.353386,95.513748,90.000000,1.353388,-0.000104,0.964029
6185,6.185000,91.353386,95.513748,90.000000,1.353388,-0.000089,0.964029
6186,6.186000,91.353386,95.513748,90.000000,1.353388,-0.000080,0.964029
6187,6.187000,91.353386,95.513748,90.000000,1.353388,-0.000079,0.964029
6188,6.188000,91.353386,95.513748,90.000000,1.353388,-0.000078,0.964029
6189,6.189000,91.353386,95.513748,90.000000,1.353388,-0.000087,0.964029
6190,6.190000,91.353386,95.513748,90.000000,1.353388,-0.000072,0.964029
6191,6.191000,91.353386,95.513748,90.000000,1.353388,-0.000071,0.964029
6192,6.192000,91.353386,95.513748,90.000000,1.353388,-0.000071,0.964029
6193,6.193000,91.353386,95.513748,90.000000,1.353388,-0.000076,0.964029
6194,6.194000,91.353386,95.513748,90.000000,1.353388,-0.000075,0.964029
6195,6.195000,91.353386,95.513748,90.000000,1.353388,-0.000076,0.964029
6196,6.196000,91.353386,95.513748,90.000000,1.353388,-0.000062,0.964029
6197,6.197000,91.353386,95.513748,90.000000,1.353388,-0.000054,0.964029
6198,6.198000,91.353386,95.513748,90.000000,1.353388,-0.000048,0.964029
6199,6.199000,91.353386,95.513748,90.000000,1.353388,-0.000040,0.964029
6200,6.200000,91.353386,95.513748,90.000000,1.353388,-0.000004,0.964029
6201,6.201000,91.353386,95.513748,90.000000,1.353388,0.000040,0.964029
6202,6.202000,91.353386,95.513748,90.000000,1.353388,0.000066,0.964029
6203,6.203000,91.353386,95.513748,90.000000,1.353388,0.000112,0.964029
6204,6.204000,91.353386,95.513748,90.000000,1.353388,0.000134,0.964029
6205,6.205000,91.353386,95.513748,90.000000,1.353388,0.000149,0.964029
6206,6.206000,91.353386,95.513741,90.000000,1.353388,0.000158,0.964029
6207,6.207000,91.353386,95.513741,90.000000,1.353388,0.000177,0.964029
6208,6.208000,91.353386,95.513741,90.000000,1.353388,0.000165,0.964029
6209,6.209000,91.353386,95.513741,90.000000,1.353388,0.000144,0.964029
6210,6.210000,91.353386,95.513741,90.000000,1.353388,0.000141,0.964029
6211,6.211000,91.353386,95.513741,90.000000,1.353388,0.000129,0.964029
6212,6.212000,91.353386,95.513741,90.000000,1.353388,0.000114,0.964029
6213,6.213000,91.353386,95.513741,90.000000,1.353388,0.000117,0.964029
6214,6.214000,91.353386,95.513741,90.000000,1.353388,0.000121,0.964029
6215,6.215000,91.353386,95.513741,90.000000,1.353388,0.000104,0.964029
6216,6.216000,91.353386,95.513741,90.000000,1.353388,0.000104,0.964029
6217,6.217000,91.353386,95.513741,90.000000,1.353388,0.000095,0.964029
6218,6.218000,91.353386,95.513741,90.000000,1.353388,0.000081,0.964029
6219,6.219000,91.353386,95.513741,90.000000,1.353388,0.000069,0.964029
6220,6.220000,91.353386,95.513741,90.000000,1.353388,0.000042,0.964029
6221,6.221000,91.353386,95.513741,90.000000,1.353388,0.000008,0.964029
6222,6.222000,91.353386,95.513741,90.000000,1.353388,-0.000028,0.964029
6223,6.223000,91.353386,95.513741,90.000000,1.353388,-0.000066,0.964029
6224,6.224000,91.353386,95.513741,90.000000,1.353388,-0.000093,0.964029
6225,6.225000,91.353386,95.513741,90.000000,1.353388,-0.000120,0.964029
6226,6.226000,91.353386,95.513748,90.000000,1.353388,-0.000142,0.964029
6227,6.227000,91.353386,95.513748,90.000000,1.353388,-0.000147,0.964029
6228,6.228000,91.353386,95.513748,90.000000,1.353388,-0.000138,0.964029
6229,6.229000,91.353386,95.513748,90.000000,1.353388,-0.000128,0.964029
6230,6.230000,91.353386,95.513748,90.000000,1.353388,-0.000135,0.964029
6231,6.231000,91.353386,95.513748,90.000000,1.353388,-0.000121,0.964029
6232,6.232000,91.353386,95.513748,90.000000,1.353388,-0.000117,0.964029
6233,6.233000,91.353386,95.513748,90.000000,1.353388,-0.000101,0.964029
6234,6.234000,91.353386,95.513748,90.000000,1.353388,-0.000099,0.964029
6235,6.235000,91.353386,95.513748,90.000000,1.353388,-0.000093,0.964029
6236,6.236000,91.353386,95.513748,90.000000,1.353388,-0.000095,0.964029
6237,6.237000,91.353386,95.513748,90.000000,1.353388,-0.000092,0.964029
6238,6.238000,91.353386,95.513748,90.000000,1.353388,-0.000086,0.964029
6239,6.239000,91.353386,95.513748,90.000000,1.353388,-0.000083,0.964029
6240,6.240000,91.353386,95.513748,90.000000,1.353388,-0.000079,0.964029
6241,6.241000,91.353386,95.513748,90.000000,1.353388,-0.000083,0.964029
6242,6.242000,91.353386,95.513748,90.000000,1.353388,-0.000066,0.964029
6243,6.243000,91.353386,95.513748,90.000000,1.353388,-0.000058,0.964029
6244,6.244000,91.353386,95.513748,90.000000,1.353388,-0.000054,0.964029
6245,6.245000,91.353386,95.513748,90.000000,1.353388,-0.000044,0.964029
6246,6.246000,91.353386,95.513748,90.000000,1.353388,-0.000008,0.964029
6247,6.247000,91.353386,95.513748,90.000000,1.353388,0.000035,0.964029
6248,6.248000,91.353386,95.513748,90.000000,1.353388,0.000070,0.964029
6249,6.249000,91.353386,95.513748,90.000000,1.353388,0.000107,0.964029
6250,6.250000,91.353386,95.513748,90.000000,1.353388,0.000129,0.964029
6251,6.251000,91.353386,95.513748,90.000000,1.353388,0.000151,0.964029
6252,6.252000,91.353386,95.513741,90.000000,1.353388,0.000156,0.964029
6253,6.253000,91.353386,95.513741,90.000000,1.353388,0.000175,0.964029
6254,6.254000,91.353386,95.513741,90.000000,1.353388,0.000171,0.964029
6255,6.255000,91.353386,95.513741,90.000000,1.353388,0.000144,0.964029
6256,6.256000,91.353386,95.513741,90.000000,1.353388,0.000137,0.964029
6257,6.257000,91.353386,95.513741,90.000000,1.353388,0.000126,0.964029
6258,6.258000,91.353386,95.513741,90.000000,1.353388,0.000116,0.964029
6259,6.259000,91.353386,95.513741,90.000000,1.353388,0.000115,0.964029
6260,6.260000,91.353386,95.513741,90.000000,1.353388,0.000115,0.964029
6261,6.261000,91.353386,95.513741,90.000000,1.353388,0.000112,0.964029
6262,6.262000,91.353386,95.513741,90.000000,1.353388,0.000097,0.964029
6263,6.263000,91.353386,95.513741,90.000000,1.353388,0.000096,0.964029
6264,6.264000,91.353386,95.513741,90.000000,1.353388,0.000088,0.964029
6265,6.265000,91.353386,95.513741,90.000000,1.353388,0.000081,0.964029
6266,6.266000,91.353386,95.513741,90.000000,1.353388,0.000042,0.964029
6267,6.267000,91.353386,95.513741,90.000000,1.353388,0.000008,0.964029
6268,6.268000,91.353386,95.513741,90.000000,1.353388,-0.000036,0.964029
6269,6.269000,91.353386,95.513741,90.000000,1.353388,-0.000075,0.964029
6270,6.270000,91.353386,95.513741,90.000000,1.353388,-0.000099,0.964029
6271,6.271000,91.353386,95.513741,90.000000,1.353388,-0.000124,0.964029
6272,6.272000,91.353386,95.513748,90.000000,1.353388,-0.000150,0.964029
6273,6.273000,91.353386,95.513748,90.000000,1.353388,-0.000151,0.964029
6274,6.274000,91.353386,95.513748,90.000000,1.353388,-0.000143,0.964029
6275,6.275000,91.353386,95.513748,90.000000,1.353388,-0.000142,0.964029
6276,6.276000,91.353386,95.513748,90.000000,1.353388,-0.000133,0.964029
6277,6.277000,91.353386,95.513748,90.000000,1.353388,-0.000118,0.964029
6278,6.278000,91.353386,95.513748,90.000000,1.353388,-0.000105,0.964029
6279,6.279000,91.353386,95.513748,90.000000,1.353388,-0.000097,0.964029
6280,6.280000,91.353386,95.513748,90.000000,1.353388,-0.000092,0.964029
6281,6.281000,91.353386,95.513748,90.000000,1.353388,-0.000090,0.964029
6282,6.282000,91.353386,95.513748,90.000000,1.353388,-0.000088,0.964029
6283,6.283000,91.353386,95.513748,90.000000,1.353388,-0.000089,0.964029
6284,6.284000,91.353386,95.513748,90.000000,1.353388,-0.000088,0.964029
6285,6.285000,91.353386,95.513748,90.000000,1.353388,-0.000084,0.964029
6286,6.286000,91.353386,95.513748,90.000000,1.353388,-0.000081,0.964029
6287,6.287000,91.353386,95.513748,90.000000,1.353388,-0.000079,0.964029
6288,6.288000,91.353386,95.513748,90.000000,1.353388,-0.000062,0.964029
6289,6.289000,91.353386,95.513748,90.000000,1.353388,-0.000056,0.964029
6290,6.290000,91.353386,95.513748,90.000000,1.353388,-0.000052,0.964029
6291,6.291000,91.353386,95.513748,90.000000,1.353388,-0.000007,0.964029
6292,6.292000,91.353386,95.513748,90.000000,1.353388,0.000030,0.964029
6293,6.293000,91.353386,95.513748,90.000000,1.353388,0.000064,0.964029
6294,6.294000,91.353386,95.513748,90.000000,1.353388,0.000099,0.964029
6295,6.295000,91.353386,95.513748,90.000000,1.353388,0.000131,0.964029
6296,6.296000,91.353386,95.513748,90.000000,1.353388,0.000143,0.964029
6297,6.297000,91.353386,95.513741,90.000000,1.353388,0.000155,0.964029
6298,6.298000,91.353386,95.513741,90.000000,1.353388,0.000170,0.964029
6299,6.299000,91.353386,95.513741,90.000000,1.353388,0.000163,0.964029
6300,6.300000,91.353386,95.513741,90.000000,1.353388,0.000137,0.964029
6301,6.301000,91.353386,95.513741,90.000000,1.353388,0.000138,0.964029
6302,6.302000,91.353386,95.513741,90.000000,1.353388,0.000122,0.964029
6303,6.303000,91.353386,95.513741,90.000000,1.353388,0.000110,0.964029
6304,6.304000,91.353386,95.513741,90.000000,1.353388,0.000106,0.964029
6305,6.305000,91.353386,95.513741,90.000000,1.353388,0.000112,0.964029
6306,6.306000,91.353386,95.513741,90.000000,1.353388,0.000108,0.964029
6307,6.307000,91.353386,95.513741,90.000000,1.353388,0.000098,0.964029
6308,6.308000,91.353386,95.513741,90.000000,1.353388,0.000093,0.964029
6309,6.309000,91.353386,95.513741,90.000000,1.353388,0.000087,0.964029
6310,6.310000,91.353386,95.513741,90.000000,1.353388,0.000075,0.964029
6311,6.311000,91.353386,95.513741,90.000000,1.353388,0.000038,0.964029
6312,6.312000,91.353386,95.513741,90.000000,1.353388,0.000003,0.964029
6313,6.313000,91.353386,95.513741,90.000000,1.353388,-0.000034,0.964029
6314,6.314000,91.353386,95.513741,90.000000,1.353388,-0.000063,0.964029
6315,6.315000,91.353386,95.513741,90.000000,1.353388,-0.000106,0.964029
6316,6.316000,91.353386,95.513741,90.000000,1.353388,-0.000124,0.964029
6317,6.317000,91.353386,95.513748,90.000000,1.353388,-0.000142,0.964029
6318,6.318000,91.353386,95.513748,90.000000,1.353388,-0.000147,0.964029
6319,6.319000,91.353386,95.513748,90.000000,1.353388,-0.000142,0.964029
6320,6.320000,91.353386,95.513748,90.000000,1.353388,-0.000132,0.964029
6321,6.321000,91.353386,95.513748,90.000000,1.353388,-0.000129,0.964029
6322,6.322000,91.353386,95.513748,90.000000,1.353388,-0.000121,0.964029
6323,6.323000,91.353386,95.513748,90.000000,1.353388,-0.000106,0.964029
6324,6.324000,91.353386,95.513748,90.000000,1.353388,-0.000094,0.964029
6325,6.325000,91.353386,95.513748,90.000000,1.353388,-0.000098,0.964029
6326,6.326000,91.353386,95.513748,90.000000,1.353388,-0.000093,0.964029
6327,6.327000,91.353386,95.513748,90.000000,1.353388,-0.000092,0.964029
6328,6.328000,91.353386,95.513748,90.000000,1.353388,-0.000092,0.964029
6329,6.329000,91.353386,95.513748,90.000000,1.353388,-0.000089,0.964029
6330,6.330000,91.353386,95.513748,90.000000,1.353388,-0.000091,0.964029
6331,6.331000,91.353386,95.513748,90.000000,1.353388,-0.000090,0.964029
6332,6.332000,91.353386,95.513748,90.000000,1.353388,-0.000078,0.964029
6333,6.333000,91.353386,95.513748,90.000000,1.353388,-0.000064,0.964029
6334,6.334000,91.353386,95.513748,90.000000,1.353388,-0.000059,0.964029
6335,6.335000,91.353386,95.513748,90.000000,1.353388,-0.000014,0.964029
6336,6.336000,91.353386,95.513748,90.000000,1.353388,0.000022,0.964029
6337,6.337000,91.353386,95.513748,90.000000,1.353388,0.000063,0.964029
6338,6.338000,91.353386,95.513748,90.000000,1.353388,0.000101,0.964029
6339,6.339000,91.353386,95.513748,90.000000,1.353388,0.000135,0.964029
6340,6.340000,91.353386,95.513748,90.000000,1.353388,0.000152,0.964029
6341,6.341000,91.353386,95.513741,90.000000,1.353388,0.000157,0.964029
6342,6.342000,91.353386,95.513741,90.000000,1.353388,0.000179,0.964029
6343,6.343000,91.353386,95.513741,90.000000,1.353388,0.000172,0.964029
6344,6.344000,91.353386,95.513741,90.000000,1.353388,0.000152,0.964029
6345,6.345000,91.353386,95.513741,90.000000,1.353388,0.000141,0.964029
6346,6.346000,91.353386,95.513741,90.000000,1.353388,0.000136,0.964029
6347,6.347000,91.353386,95.513741,90.000000,1.353388,0.000113,0.964029
6348,6.348000,91.353386,95.513741,90.000000,1.353388,0.000117,0.964029
6349,6.349000,91.353386,95.513741,90.000000,1.353388,0.000117,0.964029
6350,6.350000,91.353386,95.513741,90.000000,1.353388,0.000106,0.964029
6351,6.351000,91.353386,95.513741,90.000000,1.353388,0.000104,0.964029
6352,6.352000,91.353386,95.513741,90.000000,1.353388,0.000096,0.964029
6353,6.353000,91.353386,95.513741,90.000000,1.353388,0.000079,0.964029
6354,6.354000,91.353386,95.513741,90.000000,1.353388,0.000072,0.964029
6355,6.355000,91.353386,95.513741,90.000000,1.353388,0.000040,0.964029
6356,6.356000,91.353386,95.513741,90.000000,1.353388,0.000009,0.964029
6357,6.357000,91.353386,95.513741,90.000000,1.353388,-0.000027,0.964029
6358,6.358000,91.353386,95.513741,90.000000,1.353388,-0.000069,0.964029
6359,6.359000,91.353386,95.513741,90.000000,1.353388,-0.000090,0.964029
6360,6.360000,91.353386,95.513741,90.000000,1.353388,-0.000114,0.964029
6361,6.361000,91.353386,95.513748,90.000000,1.353388,-0.000127,0.964029
6362,6.362000,91.353386,95.513748,90.000000,1.353388,-0.000141,0.964029
6363,6.363000,91.353386,95.513748,90.000000,1.353388,-0.000126,0.964029
6364,6.364000,91.353386,95.513748,90.000000,1.353388,-0.000123,0.964029
6365,6.365000,91.353386,95.513748,90.000000,1.353388,-0.000112,0.964029
6366,6.366000,91.353386,95.513748,90.000000,1.353388,-0.000107,0.964029
6367,6.367000,91.353386,95.513748,90.000000,1.353388,-0.000099,0.964029
6368,6.368000,91.353386,95.513748,90.000000,1.353388,-0.000085,0.964029
6369,6.369000,91.353386,95.513748,90.000000,1.353388,-0.000080,0.964029
6370,6.370000,91.353386,95.513748,90.000000,1.353388,-0.000083,0.964029
6371,6.371000,91.353386,95.513748,90.000000,1.353388,-0.000084,0.964029
6372,6.372000,91.353386,95.513748,90.000000,1.353388,-0.000082,0.964029
6373,6.373000,91.353386,95.513748,90.000000,1.353388,-0.000091,0.964029
6374,6.374000,91.353386,95.513748,90.000000,1.353388,-0.000086,0.964029
6375,6.375000,91.353386,95.513748,90.000000,1.353388,-0.000080,0.964029
6376,6.376000,91.353386,95.513748,90.000000,1.353388,-0.000085,0.964029
6377,6.377000,91.353386,95.513748,90.000000,1.353388,-0.000084,0.964029
6378,6.378000,91.353386,95.513748,90.000000,1.353388,-0.000082,0.964029
6379,6.379000,91.353386,95.513748,90.000000,1.353388,-0.000071,0.964029
6380,6.380000,91.353386,95.513748,90.000000,1.353388,-0.000058,0.964029
6381,6.381000,91.353386,95.513748,90.000000,1.353388,-0.000055,0.964029
6382,6.382000,91.353386,95.513748,90.000000,1.353388,-0.000043,0.964029
6383,6.383000,91.353386,95.513748,90.000000,1.353388,-0.000006,0.964029
6384,6.384000,91.353386,95.513748,90.000000,1.353388,0.000032,0.964029
6385,6.385000,91.353386,95.513748,90.000000,1.353388,0.000065,0.964029
6386,6.386000,91.353386,95.513748,90.000000,1.353388,0.000111,0.964029
6387,6.387000,91.353386,95.513748,90.000000,1.353388,0.000131,0.964029
6388,6.388000,91.353386,95.513748,90.000000,1.353388,0.000150,0.964029
6389,6.389000,91.353386,95.513741,90.000000,1.353388,0.000161,0.964029
6390,6.390000,91.353386,95.513741,90.000000,1.353388,0.000181,0.964029
6391,6.391000,91.353386,95.513741,90.000000,1.353388,0.000169,0.964029
6392,6.392000,91.353386,95.513741,90.000000,1.353388,0.000152,0.964029
6393,6.393000,91.353386,95.513741,90.000000,1.353388,0.000140,0.964029
6394,6.394000,91.353386,95.513741,90.000000,1.353388,0.000135,0.964029
6395,6.395000,91.353386,95.513741,90.000000,1.353388,0.000110,0.964029
6396,6.396000,91.353386,95.513741,90.000000,1.353388,0.000118,0.964029
6397,6.397000,91.353386,95.513741,90.000000,1.353388,0.000119,0.964029
6398,6.398000,91.353386,95.513741,90.000000,1.353388,0.000107,0.964029
6399,6.399000,91.353386,95.513741,90.000000,1.353388,0.000106,0.964029
6400,6.400000,91.353386,95.513741,90.000000,1.353388,0.000101,0.964029
6401,6.401000,91.353386,95.513741,90.000000,1.353388,0.000092,0.964029
6402,6.402000,91.353386,95.513741,90.000000,1.353388,0.000082,0.964029
6403,6.403000,91.353386,95.513741,90.000000,1.353388,0.000049,0.964029
6404,6.404000,91.353386,95.513741,90.000000,1.353388,0.000012,0.964029
6405,6.405000,91.353386,95.513741,90.000000,1.353388,-0.000022,0.964029
6406,6.406000,91.353386,95.513741,90.000000,1.353388,-0.000060,0.964029
6407,6.407000,91.353386,95.513741,90.000000,1.353388,-0.000085,0.964029
6408,6.408000,91.353386,95.513741,90.000000,1.353388,-0.000115,0.964029
6409,6.409000,91.353386,95.513748,90.000000,1.353388,-0.000136,0.964029
6410,6.410000,91.353386,95.513748,90.000000,1.353388,-0.000145,0.964029
6411,6.411000,91.353386,95.513748,90.000000,1.353388,-0.000124,0.964029
6412,6.412000,91.353386,95.513748,90.000000,1.353388,-0.000125,0.964029
6413,6.413000,91.353386,95.513748,90.000000,1.353388,-0.000116,0.964029
6414,6.414000,91.353386,95.513748,90.000000,1.353388,-0.000110,0.964029
6415,6.415000,91.353386,95.513748,90.000000,1.353388,-0.000101,0.964029
6416,6.416000,91.353386,95.513748,90.000000,1.353388,-0.000094,0.964029
6417,6.417000,91.353386,95.513748,90.000000,1.353388,-0.000086,0.964029
6418,6.418000,91.353386,95.513748,90.000000,1.353388,-0.000084,0.964029
6419,6.419000,91.353386,95.513748,90.000000,1.353388,-0.000081,0.964029
6420,6.420000,91.353386,95.513748,90.000000,1.353388,-0.000071,0.964029
6421,6.421000,91.353386,95.513748,90.000000,1.353388,-0.000086,0.964029
6422,6.422000,91.353386,95.513748,90.000000,1.353388,-0.000071,0.964029
6423,6.423000,91.353386,95.513748,90.000000,1.353388,-0.000073,0.964029
6424,6.424000,91.353386,95.513748,90.000000,1.353388,-0.000068,0.964029
6425,6.425000,91.353386,95.513748,90.000000,1.353388,-0.000076,0.964029
6426,6.426000,91.353386,95.513748,90.000000,1.353388,-0.000076,0.964029
6427,6.427000,91.353386,95.513748,90.000000,1.353388,-0.000071,0.964029
6428,6.428000,91.353386,95.513748,90.000000,1.353388,-0.000063,0.964029
6429,6.429000,91.353386,95.513748,90.000000,1.353388,-0.000053,0.964029
6430,6.430000,91.353386,95.513748,90.000000,1.353388,-0.000040,0.964029
6431,6.431000,91.353386,95.513748,90.000000,1.353388,-0.000035,0.964029
6432,6.432000,91.353386,95.513748,90.000000,1.353388,0.000002,0.964029
6433,6.433000,91.353386,95.513748,90.000000,1.353388,0.000041,0.964029
6434,6.434000,91.353386,95.513748,90.000000,1.353388,0.000072,0.964029
6435,6.435000,91.353386,95.513748,90.000000,1.353388,0.000106,0.964029
6436,6.436000,91.353386,95.513748,90.000000,1.353388,0.000124,0.964029
6437,6.437000,91.353386,95.513748,90.000000,1.353388,0.000138,0.964029
6438,6.438000,91.353386,95.513741,90.000000,1.353388,0.000148,0.964029
6439,6.439000,91.353386,95.513741,90.000000,1.353388,0.000165,0.964029
6440,6.440000,91.353386,95.513741,90.000000,1.353388,0.000160,0.964029
6441,6.441000,91.353386,95.513741,90.000000,1.353388,0.000143,0.964029
6442,6.442000,91.353386,95.513741,90.000000,1.353388,0.000139,0.964029
6443,6.443000,91.353386,95.513741,90.000000,1.353388,0.000128,0.964029
6444,6.444000,91.353386,95.513741,90.000000,1.353388,0.000119,0.964029
6445,6.445000,91.353386,95.513741,90.000000,1.353388,0.000119,0.964029
6446,6.446000,91.353386,95.513741,90.000000,1.353388,0.000124,0.964029
6447,6.447000,91.353386,95.513741,90.000000,1.353388,0.000116,0.964029
6448,6.448000,91.353386,95.513741,90.000000,1.353388,0.000107,0.964029
6449,6.449000,91.353386,95.513741,90.000000,1.353388,0.000100,0.964029
6450,6.450000,91.353386,95.513741,90.000000,1.353388,0.000086,0.964029
6451,6.451000,91.353386,95.513741,90.000000,1.353388,0.000080,0.964029
6452,6.452000,91.353386,95.513741,90.000000,1.353388,0.000053,0.964029
6453,6.453000,91.353386,95.513741,90.000000,1.353388,0.000016,0.964029
6454,6.454000,91.353386,95.513741,90.000000,1.353388,-0.000031,0.964029
6455,6.455000,91.353386,95.513741,90.000000,1.353388,-0.000063,0.964029
6456,6.456000,91.353386,95.513741,90.000000,1.353388,-0.000089,0.964029
6457,6.457000,91.353386,95.513741,90.000000,1.353388,-0.000115,0.964029
6458,6.458000,91.353386,95.513748,90.000000,1.353388,-0.000132,0.964029
6459,6.459000,91.353386,95.513748,90.000000,1.353388,-0.000144,0.964029
6460,6.460000,91.353386,95.513748,90.000000,1.353388,-0.000129,0.964029
6461,6.461000,91.353386,95.513748,90.000000,1.353388,-0.000125,0.964029
6462,6.462000,91.353386,95.513748,90.000000,1.353388,-0.000111,0.964029
6463,6.463000,91.353386,95.513748,90.000000,1.353388,-0.000108,0.964029
6464,6.464000,91.353386,95.513748,90.000000,1.353388,-0.000100,0.964029
6465,6.465000,91.353386,95.513748,90.000000,1.353388,-0.000085,0.964029
6466,6.466000,91.353386,95.513748,90.000000,1.353388,-0.000084,0.964029
6467,6.467000,91.353386,95.513748,90.000000,1.353388,-0.000079,0.964029
6468,6.468000,91.353386,95.513748,90.000000,1.353388,-0.000072,0.964029
6469,6.469000,91.353386,95.513748,90.000000,1.353388,-0.000068,0.964029
6470,6.470000,91.353386,95.513748,90.000000,1.353388,-0.000082,0.964029
6471,6.471000,91.353386,95.513748,90.000000,1.353388,-0.000070,0.964029
6472,6.472000,91.353386,95.513748,90.000000,1.353388,-0.000069,0.964029
6473,6.473000,91.353386,95.513748,90.000000,1.353388,-0.000066,0.964029
6474,6.474000,91.353386,95.513748,90.000000,1.353388,-0.000075,0.964029
6475,6.475000,91.353386,95.513748,90.000000,1.353388,-0.000071,0.964029
6476,6.476000,91.353386,95.513748,90.000000,1.353388,-0.000082,0.964029
6477,6.477000,91.353386,95.513748,90.000000,1.353388,-0.000078,0.964029
6478,6.478000,91.353386,95.513748,90.000000,1.353388,-0.000058,0.964029
6479,6.479000,91.353386,95.513748,90.000000,1.353388,-0.000056,0.964029
6480,6.480000,91.353386,95.513748,90.000000,1.353388,-0.000048,0.964029
6481,6.481000,91.353386,95.513748,90.000000,1.353388,-0.000008,0.964029
6482,6.482000,91.353386,95.513748,90.000000,1.353388,0.000030,0.964029
6483,6.483000,91.353386,95.513748,90.000000,1.353388,0.000064,0.964029
6484,6.484000,91.353386,95.513748,90.000000,1.353388,0.000105,0.964029
6485,6.485000,91.353386,95.513748,90.000000,1.353388,0.000137,0.964029
6486,6.486000,91.353386,95.513748,90.000000,1.353388,0.000149,0.964029
6487,6.487000,91.353386,95.513741,90.000000,1.353388,0.000156,0.964029
6488,6.488000,91.353386,95.513741,90.000000,1.353388,0.000175,0.964029
6489,6.489000,91.353386,95.513741,90.000000,1.353388,0.000164,0.964029
6490,6.490000,91.353386,95.513741,90.000000,1.353388,0.000146,0.964029
6491,6.491000,91.353386,95.513741,90.000000,1.353388,0.000140,0.964029
6492,6.492000,91.353386,95.513741,90.000000,1.353388,0.000125,0.964029
6493,6.493000,91.353386,95.513741,90.000000,1.353388,0.000117,0.964029
6494,6.494000,91.353386,95.513741,90.000000,1.353388,0.000117,0.964029
6495,6.495000,91.353386,95.513741,90.000000,1.353388,0.000117,0.964029
6496,6.496000,91.353386,95.513741,90.000000,1.353388,0.000108,0.964029
6497,6.497000,91.353386,95.513741,90.000000,1.353388,0.000104,0.964029
6498,6.498000,91.353386,95.513741,90.000000,1.353388,0.000094,0.964029
6499,6.499000,91.353386,95.513741,90.000000,1.353388,0.000089,0.964029
6500,6.500000,91.353386,95.513741,90.000000,1.353388,0.000072,0.964029
6501,6.501000,91.353386,95.513741,90.000000,1.353388,0.000046,0.964029
6502,6.502000,91.353386,95.513741,90.000000,1.353388,0.000012,0.964029
6503,6.503000,91.353386,95.513741,90.000000,1.353388,-0.000030,0.964029
6504,6.504000,91.353386,95.513741,90.000000,1.353388,-0.000062,0.964029
6505,6.505000,91.353386,95.513741,90.000000,1.353388,-0.000089,0.964029
6506,6.506000,91.353386,95.513741,90.000000,1.353388,-0.000117,0.964029
6507,6.507000,91.353386,95.513748,90.000000,1.353388,-0.000128,0.964029
6508,6.508000,91.353386,95.513748,90.000000,1.353388,-0.000144,0.964029
6509,6.509000,91.353386,95.513748,90.000000,1.353388,-0.000125,0.964029
6510,6.510000,91.353386,95.513748,90.000000,1.353388,-0.000119,0.964029
6511,6.511000,91.353386,95.513748,90.000000,1.353388,-0.000110,0.964029
6512,6.512000,91.353386,95.513748,90.000000,1.353388,-0.000110,0.964029
6513,6.513000,91.353386,95.513748,90.000000,1.353388,-0.000102,0.964029
6514,6.514000,91.353386,95.513748,90.000000,1.353388,-0.000094,0.964029
6515,6.515000,91.353386,95.513748,90.000000,1.353388,-0.000089,0.964029
6516,6.516000,91.353386,95.513748,90.000000,1.353388,-0.000090,0.964029
6517,6.517000,91.353386,95.513748,90.000000,1.353388,-0.000083,0.964029
6518,6.518000,91.353386,95.513748,90.000000,1.353388,-0.000086,0.964029
6519,6.519000,91.353386,95.513748,90.000000,1.353388,-0.000097,0.964029
6520,6.520000,91.353386,95.513748,90.000000,1.353388,-0.000094,0.964029
6521,6.521000,91.353386,95.513748,90.000000,1.353388,-0.000081,0.964029
6522,6.522000,91.353386,95.513748,90.000000,1.353388,-0.000080,0.964029
6523,6.523000,91.353386,95.513748,90.000000,1.353388,-0.000079,0.964029
6524,6.524000,91.353386,95.513748,90.000000,1.353388,-0.000083,0.964029
6525,6.525000,91.353386,95.513748,90.000000,1.353388,-0.000062,0.964029
6526,6.526000,91.353386,95.513748,90.000000,1.353388,-0.000050,0.964029
6527,6.527000,91.353386,95.513748,90.000000,1.353388,-0.000048,0.964029
6528,6.528000,91.353386,95.513748,90.000000,1.353388,-0.000036,0.964029
6529,6.529000,91.353386,95.513748,90.000000,1.353388,-0.000001,0.964029
6530,6.530000,91.353386,95.513748,90.000000,1.353388,0.000037,0.964029
6531,6.531000,91.353386,95.513748,90.000000,1.353388,0.000070,0.964029
6532,6.532000,91.353386,95.513748,90.000000,1.353388,0.000109,0.964029
6533,6.533000,91.353386,95.513748,90.000000,1.353388,0.000131,0.964029
6534,6.534000,91.353386,95.513748,90.000000,1.353388,0.000137,0.964029
6535,6.535000,91.353386,95.513741,90.000000,1.353388,0.000157,0.964029
6536,6.536000,91.353386,95.513741,90.000000,1.353388,0.000173,0.964029
6537,6.537000,91.353386,95.513741,90.000000,1.353388,0.000166,0.964029
6538,6.538000,91.353386,95.513741,90.000000,1.353388,0.000143,0.964029
6539,6.539000,91.353386,95.513741,90.000000,1.353388,0.000141,0.964029
6540,6.540000,91.353386,95.513741,90.000000,1.353388,0.000126,0.964029
6541,6.541000,91.353386,95.513741,90.000000,1.353388,0.000112,0.964029
6542,6.542000,91.353386,95.513741,90.000000,1.353388,0.000120,0.964029
6543,6.543000,91.353386,95.513741,90.000000,1.353388,0.000122,0.964029
6544,6.544000,91.353386,95.513741,90.000000,1.353388,0.000108,0.964029
6545,6.545000,91.353386,95.513741,90.000000,1.353388,0.000105,0.964029
6546,6.546000,91.353386,95.513741,90.000000,1.353388,0.000093,0.964029
6547,6.547000,91.353386,95.513741,90.000000,1.353388,0.000085,0.964029
6548,6.548000,91.353386,95.513741,90.000000,1.353388,0.000072,0.964029
6549,6.549000,91.353386,95.513741,90.000000,1.353388,0.000040,0.964029
6550,6.550000,91.353386,95.513741,90.000000,1.353388,0.000011,0.964029
6551,6.551000,91.353386,95.513741,90.000000,1.353388,-0.000024,0.964029
6552,6.552000,91.353386,95.513741,90.000000,1.353388,-0.000060,0.964029
6553,6.553000,91.353386,95.513741,90.000000,1.353388,-0.000083,0.964029
6554,6.554000,91.353386,95.513741,90.000000,1.353388,-0.000109,0.964029
6555,6.555000,91.353386,95.513748,90.000000,1.353388,-0.000139,0.964029
6556,6.556000,91.353386,95.513748,90.000000,1.353388,-0.000142,0.964029
6557,6.557000,91.353386,95.513748,90.000000,1.353388,-0.000128,0.964029
6558,6.558000,91.353386,95.513748,90.000000,1.353388,-0.000125,0.964029
6559,6.559000,91.353386,95.513748,90.000000,1.353388,-0.000125,0.964029
6560,6.560000,91.353386,95.513748,90.000000,1.353388,-0.000119,0.964029
6561,6.561000,91.353386,95.513748,90.000000,1.353388,-0.000115,0.964029
6562,6.562000,91.353386,95.513748,90.000000,1.353388,-0.000101,0.964029
6563,6.563000,91.353386,95.513748,90.000000,1.353388,-0.000095,0.964029
6564,6.564000,91.353386,95.513748,90.000000,1.353388,-0.000096,0.964029
6565,6.565000,91.353386,95.513748,90.000000,1.353388,-0.000094,0.964029
6566,6.566000,91.353386,95.513748,90.000000,1.353388,-0.000096,0.964029
6567,6.567000,91.353386,95.513748,90.000000,1.353388,-0.000094,0.964029
6568,6.568000,91.353386,95.513748,90.000000,1.353388,-0.000087,0.964029
6569,6.569000,91.353386,95.513748,90.000000,1.353388,-0.000092,0.964029
6570,6.570000,91.353386,95.513748,90.000000,1.353388,-0.000085,0.964029
6571,6.571000,91.353386,95.513748,90.000000,1.353388,-0.000076,0.964029
6572,6.572000,91.353386,95.513748,90.000000,1.353388,-0.000062,0.964029
6573,6.573000,91.353386,95.513748,90.000000,1.353388,-0.000049,0.964029
6574,6.574000,91.353386,95.513748,90.000000,1.353388,-0.000042,0.964029
6575,6.575000,91.353386,95.513748,90.000000,1.353388,-0.000008,0.964029
6576,6.576000,91.353386,95.513748,90.000000,1.353388,0.000036,0.964029
6577,6.577000,91.353386,95.513748,90.000000,1.353388,0.000068,0.964029
6578,6.578000,91.353386,95.513748,90.000000,1.353388,0.000107,0.964029
6579,6.579000,91.353386,95.513748,90.000000,1.353388,0.000135,0.964029
6580,6.580000,91.353386,95.513748,90.000000,1.353388,0.000139,0.964029
6581,6.581000,91.353386,95.513741,90.000000,1.353388,0.000154,0.964029
6582,6.582000,91.353386,95.513741,90.000000,1.353388,0.000177,0.964029
6583,6.583000,91.353386,95.513741,90.000000,1.353388,0.000162,0.964029
6584,6.584000,91.353386,95.513741,90.000000,1.353388,0.000145,0.964029
6585,6.585000,91.353386,95.513741,90.000000,1.353388,0.000136,0.964029
6586,6.586000,91.353386,95.513741,90.000000,1.353388,0.000123,0.964029
6587,6.587000,91.353386,95.513741,90.000000,1.353388,0.000115,0.964029
6588,6.588000,91.353386,95.513741,90.000000,1.353388,0.000110,0.964029
6589,6.589000,91.353386,95.513741,90.000000,1.353388,0.000122,0.964029
6590,6.590000,91.353386,95.513741,90.000000,1.353388,0.000115,0.964029
6591,6.591000,91.353386,95.513741,90.000000,1.353388,0.000107,0.964029
6592,6.592000,91.353386,95.513741,90.000000,1.353388,0.000098,0.964029
6593,6.593000,91.353386,95.513741,90.000000,1.353388,0.000093,0.964029
6594,6.594000,91.353386,95.513741,90.000000,1.353388,0.000080,0.964029
6595,6.595000,91.353386,95.513741,90.000000,1.353388,0.000050,0.964029
6596,6.596000,91.353386,95.513741,90.000000,1.353388,0.000014,0.964029
6597,6.597000,91.353386,95.513741,90.000000,1.353388,-0.000028,0.964029
6598,6.598000,91.353386,95.513741,90.000000,1.353388,-0.000065,0.964029
6599,6.599000,91.353386,95.513741,90.000000,1.353388,-0.000084,0.964029
6600,6.600000,91.353386,95.513741,90.000000,1.353388,-0.000117,0.964029
6601,6.601000,91.353386,95.513748,90.000000,1.353388,-0.000134,0.964029
6602,6.602000,91.353386,95.513748,90.000000,1.353388,-0.000148,0.964029
6603,6.603000,91.353386,95.513748,90.000000,1.353388,-0.000133,0.964029
6604,6.604000,91.353386,95.513748,90.000000,1.353388,-0.000124,0.964029
6605,6.605000,91.353386,95.513748,90.000000,1.353388,-0.000119,0.964029
6606,6.606000,91.353386,95.513748,90.000000,1.353388,-0.000117,0.964029
6607,6.607000,91.353386,95.513748,90.000000,1.353388,-0.000107,0.964029
6608,6.608000,91.353386,95.513748,90.000000,1.353388,-0.000095,0.964029
6609,6.609000,91.353386,95.513748,90.000000,1.353388,-0.000091,0.964029
6610,6.610000,91.353386,95.513748,90.000000,1.353388,-0.000094,0.964029
6611,6.611000,91.353386,95.513748,90.000000,1.353388,-0.000086,0.964029
6612,6.612000,91.353386,95.513748,90.000000,1.353388,-0.000095,0.964029
6613,6.613000,91.353386,95.513748,90.000000,1.353388,-0.000090,0.964029
6614,6.614000,91.353386,95.513748,90.000000,1.353388,-0.000086,0.964029
6615,6.615000,91.353386,95.513748,90.000000,1.353388,-0.000085,0.964029
6616,6.616000,91.353386,95.513748,90.000000,1.353388,-0.000088,0.964029
6617,6.617000,91.353386,95.513748,90.000000,1.353388,-0.000094,0.964029
6618,6.618000,91.353386,95.513748,90.000000,1.353388,-0.000073,0.964029
6619,6.619000,91.353386,95.513748,90.000000,1.353388,-0.000058,0.964029
6620,6.620000,91.353386,95.513748,90.000000,1.353388,-0.000056,0.964029
6621,6.621000,91.353386,95.513748,90.000000,1.353388,-0.000044,0.964029
6622,6.622000,91.353386,95.513748,90.000000,1.353388,-0.000003,0.964029
6623,6.623000,91.353386,95.513748,90.000000,1.353388,0.000034,0.964029
6624,6.624000,91.353386,95.513748,90.000000,1.353388,0.000070,0.964029
6625,6.625000,91.353386,95.513748,90.000000,1.353388,0.000106,0.964029
6626,6.626000,91.353386,95.513748,90.000000,1.353388,0.000129,0.964029
6627,6.627000,91.353386,95.513748,90.000000,1.353388,0.000145,0.964029
6628,6.628000,91.353386,95.513741,90.000000,1.353388,0.000154,0.964029
6629,6.629000,91.353386,95.513741,90.000000,1.353388,0.000175,0.964029
6630,6.630000,91.353386,95.513741,90.000000,1.353388,0.000173,0.964029
6631,6.631000,91.353386,95.513741,90.000000,1.353388,0.000155,0.964029
6632,6.632000,91.353386,95.513741,90.000000,1.353388,0.000138,0.964029
6633,6.633000,91.353386,95.513741,90.000000,1.353388,0.000130,0.964029
6634,6.634000,91.353386,95.513741,90.000000,1.353388,0.000117,0.964029
6635,6.635000,91.353386,95.513741,90.000000,1.353388,0.000119,0.964029
6636,6.636000,91.353386,95.513741,90.000000,1.353388,0.000122,0.964029
6637,6.637000,91.353386,95.513741,90.000000,1.353388,0.000117,0.964029
6638,6.638000,91.353386,95.513741,90.000000,1.353388,0.000102,0.964029
6639,6.639000,91.353386,95.513741,90.000000,1.353388,0.000100,0.964029
6640,6.640000,91.353386,95.513741,90.000000,1.353388,0.000093,0.964029
6641,6.641000,91.353386,95.513741,90.000000,1.353388,0.000076,0.964029
6642,6.642000,91.353386,95.513741,90.000000,1.353388,0.000048,0.964029
6643,6.643000,91.353386,95.513741,90.000000,1.353388,0.000011,0.964029
6644,6.644000,91.353386,95.513741,90.000000,1.353388,-0.000027,0.964029
6645,6.645000,91.353386,95.513741,90.000000,1.353388,-0.000065,0.964029
6646,6.646000,91.353386,95.513741,90.000000,1.353388,-0.000086,0.964029
6647,6.647000,91.353386,95.513741,90.000000,1.353388,-0.000119,0.964029
6648,6.648000,91.353386,95.513748,90.000000,1.353388,-0.000134,0.964029
6649,6.649000,91.353386,95.513748,90.000000,1.353388,-0.000142,0.964029
6650,6.650000,91.353386,95.513748,90.000000,1.353388,-0.000124,0.964029
6651,6.651000,91.353386,95.513748,90.000000,1.353388,-0.000118,0.964029
6652,6.652000,91.353386,95.513748,90.000000,1.353388,-0.000114,0.964029
6653,6.653000,91.353386,95.513748,90.000000,1.353388,-0.000112,0.964029
6654,6.654000,91.353386,95.513748,90.000000,1.353388,-0.000107,0.964029
6655,6.655000,91.353386,95.513748,90.000000,1.353388,-0.000095,0.964029
6656,6.656000,91.353386,95.513748,90.000000,1.353388,-0.000092,0.964029
6657,6.657000,91.353386,95.513748,90.000000,1.353388,-0.000089,0.964029
6658,6.658000,91.353386,95.513748,90.000000,1.353388,-0.000088,0.964029
6659,6.659000,91.353386,95.513748,90.000000,1.353388,-0.000088,0.964029
6660,6.660000,91.353386,95.513748,90.000000,1.353388,-0.000094,0.964029
6661,6.661000,91.353386,95.513748,90.000000,1.353388,-0.000093,0.964029
6662,6.662000,91.353386,95.513748,90.000000,1.353388,-0.000088,0.964029
6663,6.663000,91.353386,95.513748,90.000000,1.353388,-0.000084,0.964029
6664,6.664000,91.353386,95.513748,90.000000,1.353388,-0.000086,0.964029
6665,6.665000,91.353386,95.513748,90.000000,1.353388,-0.000083,0.964029
6666,6.666000,91.353386,95.513748,90.000000,1.353388,-0.000063,0.964029
6667,6.667000,91.353386,95.513748,90.000000,1.353388,-0.000054,0.964029
6668,6.668000,91.353386,95.513748,90.000000,1.353388,-0.000044,0.964029
6669,6.669000,91.353386,95.513748,90.000000,1.353388,-0.000010,0.964029
6670,6.670000,91.353386,95.513748,90.000000,1.353388,0.000031,0.964029
6671,6.671000,91.353386,95.513748,90.000000,1.353388,0.000062,0.964029
6672,6.672000,91.353386,95.513748,90.000000,1.353388,0.000098,0.964029
6673,6.673000,91.353386,95.513748,90.000000,1.353388,0.000131,0.964029
6674,6.674000,91.353386,95.513748,90.000000,1.353388,0.000149,0.964029
6675,6.675000,91.353386,95.513741,90.000000,1.353388,0.000164,0.964029
6676,6.676000,91.353386,95.513741,90.000000,1.353388,0.000182,0.964029
6677,6.677000,91.353386,95.513741,90.000000,1.353388,0.000171,0.964029
6678,6.678000,91.353386,95.513741,90.000000,1.353388,0.000154,0.964029
6679,6.679000,91.353386,95.513741,90.000000,1.353388,0.000142,0.964029
6680,6.680000,91.353386,95.513741,90.000000,1.353388,0.000135,0.964029
6681,6.681000,91.353386,95.513741,90.000000,1.353388,0.000117,0.964029
6682,6.682000,91.353386,95.513741,90.000000,1.353388,0.000119,0.964029
6683,6.683000,91.353386,95.513741,90.000000,1.353388,0.000114,0.964029
6684,6.684000,91.353386,95.513741,90.000000,1.353388,0.000108,0.964029
6685,6.685000,91.353386,95.513741,90.000000,1.353388,0.000105,0.964029
6686,6.686000,91.353386,95.513741,90.000000,1.353388,0.000097,0.964029
6687,6.687000,91.353386,95.513741,90.000000,1.353388,0.000085,0.964029
6688,6.688000,91.353386,95.513741,90.000000,1.353388,0.000068,0.964029
6689,6.689000,91.353386,95.513741,90.000000,1.353388,0.000042,0.964029
6690,6.690000,91.353386,95.513741,90.000000,1.353388,0.000011,0.964029
6691,6.691000,91.353386,95.513741,90.000000,1.353388,-0.000025,0.964029
6692,6.692000,91.353386,95.513741,90.000000,1.353388,-0.000066,0.964029
6693,6.693000,91.353386,95.513741,90.000000,1.353388,-0.000090,0.964029
6694,6.694000,91.353386,95.513741,90.000000,1.353388,-0.000119,0.964029
6695,6.695000,91.353386,95.513748,90.000000,1.353388,-0.000126,0.964029
6696,6.696000,91.353386,95.513748,90.000000,1.353388,-0.000140,0.964029
6697,6.697000,91.353386,95.513748,90.000000,1.353388,-0.000127,0.964029
6698,6.698000,91.353386,95.513748,90.000000,1.353388,-0.000120,0.964029
6699,6.699000,91.353386,95.513748,90.000000,1.353388,-0.000109,0.964029
6700,6.700000,91.353386,95.513748,90.000000,1.353388,-0.000107,0.964029
6701,6.701000,91.353386,95.513748,90.000000,1.353388,-0.000101,0.964029
6702,6.702000,91.353386,95.513748,90.000000,1.353388,-0.000088,0.964029
6703,6.703000,91.353386,95.513748,90.000000,1.353388,-0.000085,0.964029
6704,6.704000,91.353386,95.513748,90.000000,1.353388,-0.000088,0.964029
6705,6.705000,91.353386,95.513748,90.000000,1.353388,-0.000081,0.964029
6706,6.706000,91.353386,95.513748,90.000000,1.353388,-0.000083,0.964029
6707,6.707000,91.353386,95.513748,90.000000,1.353388,-0.000094,0.964029
6708,6.708000,91.353386,95.513748,90.000000,1.353388,-0.000088,0.964029
6709,6.709000,91.353386,95.513748,90.000000,1.353388,-0.000084,0.964029
6710,6.710000,91.353386,95.513748,90.000000,1.353388,-0.000084,0.964029
6711,6.711000,91.353386,95.513748,90.000000,1.353388,-0.000083,0.964029
6712,6.712000,91.353386,95.513748,90.000000,1.353388,-0.000083,0.964029
6713,6.713000,91.353386,95.513748,90.000000,1.353388,-0.000069,0.964029
6714,6.714000,91.353386,95.513748,90.000000,1.353388,-0.000057,0.964029
6715,6.715000,91.353386,95.513748,90.000000,1.353388,-0.000052,0.964029
6716,6.716000,91.353386,95.513748,90.000000,1.353388,-0.000039,0.964029
6717,6.717000,91.353386,95.513748,90.000000,1.353388,-0.000002,0.964029
6718,6.718000,91.353386,95.513748,90.000000,1.353388,0.000034,0.964029
6719,6.719000,91.353386,95.513748,90.000000,1.353388,0.000072,0.964029
6720,6.720000,91.353386,95.513748,90.000000,1.353388,0.000111,0.964029
6721,6.721000,91.353386,95.513748,90.000000,1.353388,0.000137,0.964029
6722,6.722000,91.353386,95.513748,90.000000,1.353388,0.000145,0.964029
6723,6.723000,91.353386,95.513741,90.000000,1.353388,0.000162,0.964029
6724,6.724000,91.353386,95.513741,90.000000,1.353388,0.000178,0.964029
6725,6.725000,91.353386,95.513741,90.000000,1.353388,0.000168,0.964029
6726,6.726000,91.353386,95.513741,90.000000,1.353388,0.000154,0.964029
6727,6.727000,91.353386,95.513741,90.000000,1.353388,0.000140,0.964029
6728,6.728000,91.353386,95.513741,90.000000,1.353388,0.000133,0.964029
6729,6.729000,91.353386,95.513741,90.000000,1.353388,0.000117,0.964029
6730,6.730000,91.353386,95.513741,90.000000,1.353388,0.000120,0.964029
6731,6.731000,91.353386,95.513741,90.000000,1.353388,0.000119,0.964029
6732,6.732000,91.353386,95.513741,90.000000,1.353388,0.000105,0.964029
6733,6.733000,91.353386,95.513741,90.000000,1.353388,0.000102,0.964029
6734,6.734000,91.353386,95.513741,90.000000,1.353388,0.000091,0.964029
6735,6.735000,91.353386,95.513741,90.000000,1.353388,0.000082,0.964029
6736,6.736000,91.353386,95.513741,90.000000,1.353388,0.000074,0.964029
6737,6.737000,91.353386,95.513741,90.000000,1.353388,0.000041,0.964029
6738,6.738000,91.353386,95.513741,90.000000,1.353388,0.000008,0.964029
6739,6.739000,91.353386,95.513741,90.000000,1.353388,-0.000029,0.964029
6740,6.740000,91.353386,95.513741,90.000000,1.353388,-0.000064,0.964029
6741,6.741000,91.353386,95.513741,90.000000,1.353388,-0.000090,0.964029
6742,6.742000,91.353386,95.513741,90.000000,1.353388,-0.000121,0.964029
6743,6.743000,91.353386,95.513748,90.000000,1.353388,-0.000141,0.964029
6744,6.744000,91.353386,95.513748,90.000000,1.353388,-0.000151,0.964029
6745,6.745000,91.353386,95.513748,90.000000,1.353388,-0.000132,0.964029
6746,6.746000,91.353386,95.513748,90.000000,1.353388,-0.000124,0.964029
6747,6.747000,91.353386,95.513748,90.000000,1.353388,-0.000121,0.964029
6748,6.748000,91.353386,95.513748,90.000000,1.353388,-0.000113,0.964029
6749,6.749000,91.353386,95.513748,90.000000,1.353388,-0.000100,0.964029
6750,6.750000,91.353386,95.513748,90.000000,1.353388,-0.000086,0.964029
6751,6.751000,91.353386,95.513748,90.000000,1.353388,-0.000077,0.964029
6752,6.752000,91.353386,95.513748,90.000000,1.353388,-0.000080,0.964029
6753,6.753000,91.353386,95.513748,90.000000,1.353388,-0.000071,0.964029
6754,6.754000,91.353386,95.513748,90.000000,1.353388,-0.000078,0.964029
6755,6.755000,91.353386,95.513748,90.000000,1.353388,-0.000076,0.964029
6756,6.756000,91.353386,95.513748,90.000000,1.353388,-0.000073,0.964029
6757,6.757000,91.353386,95.513748,90.000000,1.353388,-0.000071,0.964029
6758,6.758000,91.353386,95.513748,90.000000,1.353388,-0.000078,0.964029
6759,6.759000,91.353386,95.513748,90.000000,1.353388,-0.000074,0.964029
6760,6.760000,91.353386,95.513748,90.000000,1.353388,-0.000084,0.964029
6761,6.761000,91.353386,95.513748,90.000000,1.353388,-0.000073,0.964029
6762,6.762000,91.353386,95.513748,90.000000,1.353388,-0.000061,0.964029
6763,6.763000,91.353386,95.513748,90.000000,1.353388,-0.000055,0.964029
6764,6.764000,91.353386,95.513748,90.000000,1.353388,-0.000042,0.964029
6765,6.765000,91.353386,95.513748,90.000000,1.353388,-0.000008,0.964029
6766,6.766000,91.353386,95.513748,90.000000,1.353388,0.000036,0.964029
6767,6.767000,91.353386,95.513748,90.000000,1.353388,0.000068,0.964029
6768,6.768000,91.353386,95.513748,90.000000,1.353388,0.000110,0.964029
6769,6.769000,91.353386,95.513748,90.000000,1.353388,0.000130,0.964029
6770,6.770000,91.353386,95.513748,90.000000,1.353388,0.000148,0.964029
6771,6.771000,91.353386,95.513741,90.000000,1.353388,0.000158,0.964029
6772,6.772000,91.353386,95.513741,90.000000,1.353388,0.000174,0.964029
6773,6.773000,91.353386,95.513741,90.000000,1.353388,0.000160,0.964029
6774,6.774000,91.353386,95.513741,90.000000,1.353388,0.000146,0.964029
6775,6.775000,91.353386,95.513741,90.000000,1.353388,0.000138,0.964029
6776,6.776000,91.353386,95.513741,90.000000,1.353388,0.000125,0.964029
6777,6.777000,91.353386,95.513741,90.000000,1.353388,0.000112,0.964029
6778,6.778000,91.353386,95.513741,90.000000,1.353388,0.000119,0.964029
6779,6.779000,91.353386,95.513741,90.000000,1.353388,0.000126,0.964029
6780,6.780000,91.353386,95.513741,90.000000,1.353388,0.000123,0.964029
6781,6.781000,91.353386,95.513741,90.000000,1.353388,0.000108,0.964029
6782,6.782000,91.353386,95.513741,90.000000,1.353388,0.000102,0.964029
6783,6.783000,91.353386,95.513741,90.000000,1.353388,0.000095,0.964029
6784,6.784000,91.353386,95.513741,90.000000,1.353388,0.000083,0.964029
6785,6.785000,91.353386,95.513741,90.000000,1.353388,0.000051,0.964029
6786,6.786000,91.353386,95.513741,90.000000,1.353388,0.000004,0.964029
6787,6.787000,91.353386,95.513741,90.000000,1.353388,-0.000033,0.964029
6788,6.788000,91.353386,95.513741,90.000000,1.353388,-0.000064,0.964029
6789,6.789000,91.353386,95.513741,90.000000,1.353388,-0.000095,0.964029
6790,6.790000,91.353386,95.513741,90.000000,1.353388,-0.000124,0.964029
6791,6.791000,91.353386,95.513748,90.000000,1.353388,-0.000142,0.964029
6792,6.792000,91.353386,95.513748,90.000000,1.353388,-0.000152,0.964029
6793,6.793000,91.353386,95.513748,90.000000,1.353388,-0.000136,0.964029
6794,6.794000,91.353386,95.513748,90.000000,1.353388,-0.000132,0.964029
6795,6.795000,91.353386,95.513748,90.000000,1.353388,-0.000115,0.964029
6796,6.796000,91.353386,95.513748,90.000000,1.353388,-0.000111,0.964029
6797,6.797000,91.353386,95.513748,90.000000,1.353388,-0.000108,0.964029
6798,6.798000,91.353386,95.513748,90.000000,1.353388,-0.000087,0.964029
6799,6.799000,91.353386,95.513748,90.000000,1.353388,-0.000090,0.964029
6800,6.800000,91.353386,95.513748,90.000000,1.353388,-0.000078,0.964029
6801,6.801000,91.353386,95.513748,90.000000,1.353388,-0.000071,0.964029
6802,6.802000,91.353386,95.513748,90.000000,1.353388,-0.000080,0.964029
6803,6.803000,91.353386,95.513748,90.000000,1.353388,-0.000075,0.964029
6804,6.804000,91.353386,95.513748,90.000000,1.353388,-0.000068,0.964029
6805,6.805000,91.353386,95.513748,90.000000,1.353388,-0.000067,0.964029
6806,6.806000,91.353386,95.513748,90.000000,1.353388,-0.000074,0.964029
6807,6.807000,91.353386,95.513748,90.000000,1.353388,-0.000071,0.964029
6808,6.808000,91.353386,95.513748,90.000000,1.353388,-0.000077,0.964029
6809,6.809000,91.353386,95.513748,90.000000,1.353388,-0.000077,0.964029
6810,6.810000,91.353386,95.513748,90.000000,1.353388,-0.000057,0.964029
6811,6.811000,91.353386,95.513748,90.000000,1.353388,-0.000051,0.964029
6812,6.812000,91.353386,95.513748,90.000000,1.353388,-0.000041,0.964029
6813,6.813000,91.353386,95.513748,90.000000,1.353388,-0.000001,0.964029
6814,6.814000,91.353386,95.513748,90.000000,1.353388,0.000034,0.964029
6815,6.815000,91.353386,95.513748,90.000000,1.353388,0.000071,0.964029
6816,6.816000,91.353386,95.513748,90.000000,1.353388,0.000102,0.964029
6817,6.817000,91.353386,95.513748,90.000000,1.353388,0.000127,0.964029
6818,6.818000,91.353386,95.513748,90.000000,1.353388,0.000140,0.964029
6819,6.819000,91.353386,95.513741,90.000000,1.353388,0.000149,0.964029
6820,6.820000,91.353386,95.513741,90.000000,1.353388,0.000166,0.964029
6821,6.821000,91.353386,95.513741,90.000000,1.353388,0.000160,0.964029
6822,6.822000,91.353386,95.513741,90.000000,1.353388,0.000144,0.964029
6823,6.823000,91.353386,95.513741,90.000000,1.353388,0.000139,0.964029
6824,6.824000,91.353386,95.513741,90.000000,1.353388,0.000126,0.964029
6825,6.825000,91.353386,95.513741,90.000000,1.353388,0.000117,0.964029
6826,6.826000,91.353386,95.513741,90.000000,1.353388,0.000120,0.964029
6827,6.827000,91.353386,95.513741,90.000000,1.353388,0.000125,0.964029
6828,6.828000,91.353386,95.513741,90.000000,1.353388,0.000113,0.964029
6829,6.829000,91.353386,95.513741,90.000000,1.353388,0.000105,0.964029
6830,6.830000,91.353386,95.513741,90.000000,1.353388,0.000100,0.964029
6831,6.831000,91.353386,95.513741,90.000000,1.353388,0.000092,0.964029
6832,6.832000,91.353386,95.513741,90.000000,1.353388,0.000082,0.964029
6833,6.833000,91.353386,95.513741,90.000000,1.353388,0.000053,0.964029
6834,6.834000,91.353386,95.513741,90.000000,1.353388,0.000015,0.964029
6835,6.835000,91.353386,95.513741,90.000000,1.353388,-0.000028,0.964029
6836,6.836000,91.353386,95.513741,90.000000,1.353388,-0.000064,0.964029
6837,6.837000,91.353386,95.513741,90.000000,1.353388,-0.000096,0.964029
6838,6.838000,91.353386,95.513741,90.000000,1.353388,-0.000123,0.964029
6839,6.839000,91.353386,95.513748,90.000000,1.353388,-0.000143,0.964029
6840,6.840000,91.353386,95.513748,90.000000,1.353388,-0.000152,0.964029
6841,6.841000,91.353386,95.513748,90.000000,1.353388,-0.000134,0.964029
6842,6.842000,91.353386,95.513748,90.000000,1.353388,-0.000131,0.964029
6843,6.843000,91.353386,95.513748,90.000000,1.353388,-0.000116,0.964029
6844,6.844000,91.353386,95.513748,90.000000,1.353388,-0.000110,0.964029
6845,6.845000,91.353386,95.513748,90.000000,1.353388,-0.000104,0.964029
6846,6.846000,91.353386,95.513748,90.000000,1.353388,-0.000091,0.964029
6847,6.847000,91.353386,95.513748,90.000000,1.353388,-0.000080,0.964029
6848,6.848000,91.353386,95.513748,90.000000,1.353388,-0.000082,0.964029
6849,6.849000,91.353386,95.513748,90.000000,1.353388,-0.000077,0.964029
6850,6.850000,91.353386,95.513748,90.000000,1.353388,-0.000085,0.964029
6851,6.851000,91.353386,95.513748,90.000000,1.353388,-0.000077,0.964029
6852,6.852000,91.353386,95.513748,90.000000,1.353388,-0.000076,0.964029
6853,6.853000,91.353386,95.513748,90.000000,1.353388,-0.000083,0.964029
6854,6.854000,91.353386,95.513748,90.000000,1.353388,-0.000080,0.964029
6855,6.855000,91.353386,95.513748,90.000000,1.353388,-0.000083,0.964029
6856,6.856000,91.353386,95.513748,90.000000,1.353388,-0.000090,0.964029
6857,6.857000,91.353386,95.513748,90.000000,1.353388,-0.000069,0.964029
6858,6.858000,91.353386,95.513748,90.000000,1.353388,-0.000059,0.964029
6859,6.859000,91.353386,95.513748,90.000000,1.353388,-0.000059,0.964029
6860,6.860000,91.353386,95.513748,90.000000,1.353388,-0.000043,0.964029
6861,6.861000,91.353386,95.513748,90.000000,1.353388,-0.000004,0.964029
6862,6.862000,91.353386,95.513748,90.000000,1.353388,0.000030,0.964029
6863,6.863000,91.353386,95.513748,90.000000,1.353388,0.000067,0.964029
6864,6.864000,91.353386,95.513748,90.000000,1.353388,0.000097,0.964029
6865,6.865000,91.353386,95.513748,90.000000,1.353388,0.000128,0.964029
6866,6.866000,91.353386,95.513748,90.000000,1.353388,0.000150,0.964029
6867,6.867000,91.353386,95.513741,90.000000,1.353388,0.000162,0.964029
6868,6.868000,91.353386,95.513741,90.000000,1.353388,0.000182,0.964029
6869,6.869000,91.353386,95.513741,90.000000,1.353388,0.000171,0.964029
6870,6.870000,91.353386,95.513741,90.000000,1.353388,0.000150,0.964029
6871,6.871000,91.353386,95.513741,90.000000,1.353388,0.000141,0.964029
6872,6.872000,91.353386,95.513741,90.000000,1.353388,0.000134,0.964029
6873,6.873000,91.353386,95.513741,90.000000,1.353388,0.000117,0.964029
6874,6.874000,91.353386,95.513741,90.000000,1.353388,0.000120,0.964029
6875,6.875000,91.353386,95.513741,90.000000,1.353388,0.000121,0.964029
6876,6.876000,91.353386,95.513741,90.000000,1.353388,0.000114,0.964029
6877,6.877000,91.353386,95.513741,90.000000,1.353388,0.000104,0.964029
6878,6.878000,91.353386,95.513741,90.000000,1.353388,0.000099,0.964029
6879,6.879000,91.353386,95.513741,90.000000,1.353388,0.000087,0.964029
6880,6.880000,91.353386,95.513741,90.000000,1.353388,0.000074,0.964029
6881,6.881000,91.353386,95.513741,90.000000,1.353388,0.000041,0.964029
6882,6.882000,91.353386,95.513741,90.000000,1.353388,0.000009,0.964029
6883,6.883000,91.353386,95.513741,90.000000,1.353388,-0.000031,0.964029
6884,6.884000,91.353386,95.513741,90.000000,1.353388,-0.000071,0.964029
6885,6.885000,91.353386,95.513741,90.000000,1.353388,-0.000095,0.964029
6886,6.886000,91.353386,95.513741,90.000000,1.353388,-0.000119,0.964029
6887,6.887000,91.353386,95.513748,90.000000,1.353388,-0.000134,0.964029
6888,6.888000,91.353386,95.513748,90.000000,1.353388,-0.000145,0.964029
6889,6.889000,91.353386,95.513748,90.000000,1.353388,-0.000132,0.964029
6890,6.890000,91.353386,95.513748,90.000000,1.353388,-0.000126,0.964029
6891,6.891000,91.353386,95.513748,90.000000,1.353388,-0.000126,0.964029
6892,6.892000,91.353386,95.513748,90.000000,1.353388,-0.000118,0.964029
6893,6.893000,91.353386,95.513748,90.000000,1.353388,-0.000111,0.964029
6894,6.894000,91.353386,95.513748,90.000000,1.353388,-0.000097,0.964029
6895,6.895000,91.353386,95.513748,90.000000,1.353388,-0.000099,0.964029
6896,6.896000,91.353386,95.513748,90.000000,1.353388,-0.000094,0.964029
6897,6.897000,91.353386,95.513748,90.000000,1.353388,-0.000093,0.964029
6898,6.898000,91.353386,95.513748,90.000000,1.353388,-0.000093,0.964029
6899,6.899000,91.353386,95.513748,90.000000,1.353388,-0.000093,0.964029
6900,6.900000,91.353386,95.513748,90.000000,1.353388,-0.000086,0.964029
6901,6.901000,91.353386,95.513748,90.000000,1.353388,-0.000091,0.964029
6902,6.902000,91.353386,95.513748,90.000000,1.353388,-0.000086,0.964029
6903,6.903000,91.353386,95.513748,90.000000,1.353388,-0.000078,0.964029
6904,6.904000,91.353386,95.513748,90.000000,1.353388,-0.000063,0.964029
6905,6.905000,91.353386,95.513748,90.000000,1.353388,-0.000055,0.964029
6906,6.906000,91.353386,95.513748,90.000000,1.353388,-0.000047,0.964029
6907,6.907000,91.353386,95.513748,90.000000,1.353388,-0.000009,0.964029
6908,6.908000,91.353386,95.513748,90.000000,1.353388,0.000033,0.964029
6909,6.909000,91.353386,95.513748,90.000000,1.353388,0.000064,0.964029
6910,6.910000,91.353386,95.513748,90.000000,1.353388,0.000107,0.964029
6911,6.911000,91.353386,95.513748,90.000000,1.353388,0.000131,0.964029
6912,6.912000,91.353386,95.513748,90.000000,1.353388,0.000152,0.964029
6913,6.913000,91.353386,95.513741,90.000000,1.353388,0.000157,0.964029
6914,6.914000,91.353386,95.513741,90.000000,1.353388,0.000173,0.964029
6915,6.915000,91.353386,95.513741,90.000000,1.353388,0.000171,0.964029
6916,6.916000,91.353386,95.513741,90.000000,1.353388,0.000149,0.964029
6917,6.917000,91.353386,95.513741,90.000000,1.353388,0.000142,0.964029
6918,6.918000,91.353386,95.513741,90.000000,1.353388,0.000133,0.964029
6919,6.919000,91.353386,95.513741,90.000000,1.353388,0.000113,0.964029
6920,6.920000,91.353386,95.513741,90.000000,1.353388,0.000119,0.964029
6921,6.921000,91.353386,95.513741,90.000000,1.353388,0.000117,0.964029
6922,6.922000,91.353386,95.513741,90.000000,1.353388,0.000116,0.964029
6923,6.923000,91.353386,95.513741,90.000000,1.353388,0.000102,0.964029
6924,6.924000,91.353386,95.513741,90.000000,1.353388,0.000099,0.964029
6925,6.925000,91.353386,95.513741,90.000000,1.353388,0.000091,0.964029
6926,6.926000,91.353386,95.513741,90.000000,1.353388,0.000075,0.964029
6927,6.927000,91.353386,95.513741,90.000000,1.353388,0.000046,0.964029
6928,6.928000,91.353386,95.513741,90.000000,1.353388,0.000011,0.964029
6929,6.929000,91.353386,95.513741,90.000000,1.353388,-0.000027,0.964029
6930,6.930000,91.353386,95.513741,90.000000,1.353388,-0.000065,0.964029
6931,6.931000,91.353386,95.513741,90.000000,1.353388,-0.000087,0.964029
6932,6.932000,91.353386,95.513741,90.000000,1.353388,-0.000117,0.964029
6933,6.933000,91.353386,95.513748,90.000000,1.353388,-0.000137,0.964029
6934,6.934000,91.353386,95.513748,90.000000,1.353388,-0.000147,0.964029
6935,6.935000,91.353386,95.513748,90.000000,1.353388,-0.000133,0.964029
6936,6.936000,91.353386,95.513748,90.000000,1.353388,-0.000128,0.964029
6937,6.937000,91.353386,95.513748,90.000000,1.353388,-0.000123,0.964029
6938,6.938000,91.353386,95.513748,90.000000,1.353388,-0.000120,0.964029
6939,6.939000,91.353386,95.513748,90.000000,1.353388,-0.000115,0.964029
6940,6.940000,91.353386,95.513748,90.000000,1.353388,-0.000100,0.964029
6941,6.941000,91.353386,95.513748,90.000000,1.353388,-0.000095,0.964029
6942,6.942000,91.353386,95.513748,90.000000,1.353388,-0.000097,0.964029
6943,6.943000,91.353386,95.513748,90.000000,1.353388,-0.000094,0.964029
6944,6.944000,91.353386,95.513748,90.000000,1.353388,-0.000098,0.964029
6945,6.945000,91.353386,95.513748,90.000000,1.353388,-0.000090,0.964029
6946,6.946000,91.353386,95.513748,90.000000,1.353388,-0.000086,0.964029
6947,6.947000,91.353386,95.513748,90.000000,1.353388,-0.000090,0.964029
6948,6.948000,91.353386,95.513748,90.000000,1.353388,-0.000085,0.964029
6949,6.949000,91.353386,95.513748,90.000000,1.353388,-0.000080,0.964029
6950,6.950000,91.353386,95.513748,90.000000,1.353388,-0.000067,0.964029
6951,6.951000,91.353386,95.513748,90.000000,1.353388,-0.000054,0.964029
6952,6.952000,91.353386,95.513748,90.000000,1.353388,-0.000042,0.964029
6953,6.953000,91.353386,95.513748,90.000000,1.353388,-0.000006,0.964029
6954,6.954000,91.353386,95.513748,90.000000,1.353388,0.000034,0.964029
6955,6.955000,91.353386,95.513748,90.000000,1.353388,0.000066,0.964029
6956,6.956000,91.353386,95.513748,90.000000,1.353388,0.000110,0.964029
6957,6.957000,91.353386,95.513748,90.000000,1.353388,0.000130,0.964029
6958,6.958000,91.353386,95.513748,90.000000,1.353388,0.000143,0.964029
6959,6.959000,91.353386,95.513741,90.000000,1.353388,0.000156,0.964029
6960,6.960000,91.353386,95.513741,90.000000,1.353388,0.000177,0.964029
6961,6.961000,91.353386,95.513741,90.000000,1.353388,0.000167,0.964029
6962,6.962000,91.353386,95.513741,90.000000,1.353388,0.000144,0.964029
6963,6.963000,91.353386,95.513741,90.000000,1.353388,0.000137,0.964029
6964,6.964000,91.353386,95.513741,90.000000,1.353388,0.000125,0.964029
6965,6.965000,91.353386,95.513741,90.000000,1.353388,0.000118,0.964029
6966,6.966000,91.353386,95.513741,90.000000,1.353388,0.000119,0.964029
6967,6.967000,91.353386,95.513741,90.000000,1.353388,0.000122,0.964029
6968,6.968000,91.353386,95.513741,90.000000,1.353388,0.000109,0.964029
6969,6.969000,91.353386,95.513741,90.000000,1.353388,0.000105,0.964029
6970,6.970000,91.353386,95.513741,90.000000,1.353388,0.000099,0.964029
6971,6.971000,91.353386,95.513741,90.000000,1.353388,0.000093,0.964029
6972,6.972000,91.353386,95.513741,90.000000,1.353388,0.000077,0.964029
6973,6.973000,91.353386,95.513741,90.000000,1.353388,0.000045,0.964029
6974,6.974000,91.353386,95.513741,90.000000,1.353388,0.000006,0.964029
6975,6.975000,91.353386,95.513741,90.000000,1.353388,-0.000034,0.964029
6976,6.976000,91.353386,95.513741,90.000000,1.353388,-0.000069,0.964029
6977,6.977000,91.353386,95.513741,90.000000,1.353388,-0.000094,0.964029
6978,6.978000,91.353386,95.513741,90.000000,1.353388,-0.000122,0.964029
6979,6.979000,91.353386,95.513748,90.000000,1.353388,-0.000144,0.964029
6980,6.980000,91.353386,95.513748,90.000000,1.353388,-0.000154,0.964029
6981,6.981000,91.353386,95.513748,90.000000,1.353388,-0.000142,0.964029
6982,6.982000,91.353386,95.513748,90.000000,1.353388,-0.000134,0.964029
6983,6.983000,91.353386,95.513748,90.000000,1.353388,-0.000135,0.964029
6984,6.984000,91.353386,95.513748,90.000000,1.353388,-0.000126,0.964029
6985,6.985000,91.353386,95.513748,90.000000,1.353388,-0.000110,0.964029
6986,6.986000,91.353386,95.513748,90.000000,1.353388,-0.000100,0.964029
6987,6.987000,91.353386,95.513748,90.000000,1.353388,-0.000096,0.964029
6988,6.988000,91.353386,95.513748,90.000000,1.353388,-0.000090,0.964029
6989,6.989000,91.353386,95.513748,90.000000,1.353388,-0.000099,0.964029
6990,6.990000,91.353386,95.513748,90.000000,1.353388,-0.000094,0.964029
6991,6.991000,91.353386,95.513748,90.000000,1.353388,-0.000091,0.964029
6992,6.992000,91.353386,95.513748,90.000000,1.353388,-0.000086,0.964029
6993,6.993000,91.353386,95.513748,90.000000,1.353388,-0.000083,0.964029
6994,6.994000,91.353386,95.513748,90.000000,1.353388,-0.000084,0.964029
6995,6.995000,91.353386,95.513748,90.000000,1.353388,-0.000065,0.964029
6996,6.996000,91.353386,95.513748,90.000000,1.353388,-0.000057,0.964029
6997,6.997000,91.353386,95.513748,90.000000,1.353388,-0.000050,0.964029
6998,6.998000,91.353386,95.513748,90.000000,1.353388,-0.000036,0.964029
6999,6.999000,91.353386,95.513748,90.000000,1.353388,-0.000002,0.964029
7000,7.000000,91.353386,95.513748,90.000000,1.353388,0.000035,0.964029
7001,7.001000,91.353386,95.513748,90.000000,1.353388,0.000070,0.964029
7002,7.002000,91.353386,95.513748,90.000000,1.353388,0.000109,0.964029
7003,7.003000,91.353386,95.513748,90.000000,1.353388,0.000128,0.964029
7004,7.004000,91.353386,95.513748,90.000000,1.353388,0.000143,0.964029
7005,7.005000,91.353386,95.513741,90.000000,1.353388,0.000157,0.964029
7006,7.006000,91.353386,95.513741,90.000000,1.353388,0.000176,0.964029
7007,7.007000,91.353386,95.513741,90.000000,1.353388,0.000167,0.964029
7008,7.008000,91.353386,95.513741,90.000000,1.353388,0.000149,0.964029
7009,7.009000,91.353386,95.513741,90.000000,1.353388,0.000138,0.964029
7010,7.010000,91.353386,95.513741,90.000000,1.353388,0.000131,0.964029
7011,7.011000,91.353386,95.513741,90.000000,1.353388,0.000117,0.964029
7012,7.012000,91.353386,95.513741,90.000000,1.353388,0.000118,0.964029
7013,7.013000,91.353386,95.513741,90.000000,1.353388,0.000117,0.964029
7014,7.014000,91.353386,95.513741,90.000000,1.353388,0.000111,0.964029
7015,7.015000,91.353386,95.513741,90.000000,1.353388,0.000102,0.964029
7016,7.016000,91.353386,95.513741,90.000000,1.353388,0.000100,0.964029
7017,7.017000,91.353386,95.513741,90.000000,1.353388,0.000093,0.964029
7018,7.018000,91.353386,95.513741,90.000000,1.353388,0.000074,0.964029
7019,7.019000,91.353386,95.513741,90.000000,1.353388,0.000047,0.964029
7020,7.020000,91.353386,95.513741,90.000000,1.353388,0.000011,0.964029
7021,7.021000,91.353386,95.513741,90.000000,1.353388,-0.000027,0.964029
7022,7.022000,91.353386,95.513741,90.000000,1.353388,-0.000064,0.964029
7023,7.023000,91.353386,95.513741,90.000000,1.353388,-0.000086,0.964029
7024,7.024000,91.353386,95.513741,90.000000,1.353388,-0.000117,0.964029
7025,7.025000,91.353386,95.513748,90.000000,1.353388,-0.000130,0.964029
7026,7.026000,91.353386,95.513748,90.000000,1.353388,-0.000145,0.964029
7027,7.027000,91.353386,95.513748,90.000000,1.353388,-0.000129,0.964029
7028,7.028000,91.353386,95.513748,90.000000,1.353388,-0.000122,0.964029
7029,7.029000,91.353386,95.513748,90.000000,1.353388,-0.000115,0.964029
7030,7.030000,91.353386,95.513748,90.000000,1.353388,-0.000111,0.964029
7031,7.031000,91.353386,95.513748,90.000000,1.353388,-0.000108,0.964029
7032,7.032000,91.353386,95.513748,90.000000,1.353388,-0.000092,0.964029
7033,7.033000,91.353386,95.513748,90.000000,1.353388,-0.000087,0.964029
7034,7.034000,91.353386,95.513748,90.000000,1.353388,-0.000086,0.964029
7035,7.035000,91.353386,95.513748,90.000000,1.353388,-0.000083,0.964029
7036,7.036000,91.353386,95.513748,90.000000,1.353388,-0.000086,0.964029
7037,7.037000,91.353386,95.513748,90.000000,1.353388,-0.000087,0.964029
7038,7.038000,91.353386,95.513748,90.000000,1.353388,-0.000088,0.964029
7039,7.039000,91.353386,95.513748,90.000000,1.353388,-0.000083,0.964029
7040,7.040000,91.353386,95.513748,90.000000,1.353388,-0.000084,0.964029
7041,7.041000,91.353386,95.513748,90.000000,1.353388,-0.000083,0.964029
7042,7.042000,91.353386,95.513748,90.000000,1.353388,-0.000083,0.964029
7043,7.043000,91.353386,95.513748,90.000000,1.353388,-0.000066,0.964029
7044,7.044000,91.353386,95.513748,90.000000,1.353388,-0.000057,0.964029
7045,7.045000,91.353386,95.513748,90.000000,1.353388,-0.000049,0.964029
7046,7.046000,91.353386,95.513748,90.000000,1.353388,-0.000041,0.964029
7047,7.047000,91.353386,95.513748,90.000000,1.353388,-0.000012,0.964029
7048,7.048000,91.353386,95.513748,90.000000,1.353388,0.000033,0.964029
7049,7.049000,91.353386,95.513748,90.000000,1.353388,0.000066,0.964029
7050,7.050000,91.353386,95.513748,90.000000,1.353388,0.000099,0.964029
7051,7.051000,91.353386,95.513748,90.000000,1.353388,0.000129,0.964029
7052,7.052000,91.353386,95.513748,90.000000,1.353388,0.000149,0.964029
7053,7.053000,91.353386,95.513741,90.000000,1.353388,0.000164,0.964029
7054,7.054000,91.353386,95.513741,90.000000,1.353388,0.000179,0.964029
7055,7.055000,91.353386,95.513741,90.000000,1.353388,0.000168,0.964029
7056,7.056000,91.353386,95.513741,90.000000,1.353388,0.000150,0.964029
7057,7.057000,91.353386,95.513741,90.000000,1.353388,0.000143,0.964029
7058,7.058000,91.353386,95.513741,90.000000,1.353388,0.000132,0.964029
7059,7.059000,91.353386,95.513741,90.000000,1.353388,0.000116,0.964029
7060,7.060000,91.353386,95.513741,90.000000,1.353388,0.000107,0.964029
7061,7.061000,91.353386,95.513741,90.000000,1.353388,0.000114,0.964029
7062,7.062000,91.353386,95.513741,90.000000,1.353388,0.000109,0.964029
7063,7.063000,91.353386,95.513741,90.000000,1.353388,0.000099,0.964029
7064,7.064000,91.353386,95.513741,90.000000,1.353388,0.000095,0.964029
7065,7.065000,91.353386,95.513741,90.000000,1.353388,0.000095,0.964029
7066,7.066000,91.353386,95.513741,90.000000,1.353388,0.000084,0.964029
7067,7.067000,91.353386,95.513741,90.000000,1.353388,0.000079,0.964029
7068,7.068000,91.353386,95.513741,90.000000,1.353388,0.000049,0.964029
7069,7.069000,91.353386,95.513741,90.000000,1.353388,0.000003,0.964029
7070,7.070000,91.353386,95.513741,90.000000,1.353388,-0.000033,0.964029
7071,7.071000,91.353386,95.513741,90.000000,1.353388,-0.000063,0.964029
7072,7.072000,91.353386,95.513741,90.000000,1.353388,-0.000091,0.964029
7073,7.073000,91.353386,95.513741,90.000000,1.353388,-0.000120,0.964029
7074,7.074000,91.353386,95.513748,90.000000,1.353388,-0.000140,0.964029
7075,7.075000,91.353386,95.513748,90.000000,1.353388,-0.000149,0.964029
7076,7.076000,91.353386,95.513748,90.000000,1.353388,-0.000129,0.964029
7077,7.077000,91.353386,95.513748,90.000000,1.353388,-0.000128,0.964029
7078,7.078000,91.353386,95.513748,90.000000,1.353388,-0.000113,0.964029
7079,7.079000,91.353386,95.513748,90.000000,1.353388,-0.000108,0.964029
7080,7.080000,91.353386,95.513748,90.000000,1.353388,-0.000101,0.964029
7081,7.081000,91.353386,95.513748,90.000000,1.353388,-0.000091,0.964029
7082,7.082000,91.353386,95.513748,90.000000,1.353388,-0.000086,0.964029
7083,7.083000,91.353386,95.513748,90.000000,1.353388,-0.000085,0.964029
7084,7.084000,91.353386,95.513748,90.000000,1.353388,-0.000073,0.964029
7085,7.085000,91.353386,95.513748,90.000000,1.353388,-0.000077,0.964029
7086,7.086000,91.353386,95.513748,90.000000,1.353388,-0.000083,0.964029
7087,7.087000,91.353386,95.513748,90.000000,1.353388,-0.000071,0.964029
7088,7.088000,91.353386,95.513748,90.000000,1.353388,-0.000073,0.964029
7089,7.089000,91.353386,95.513748,90.000000,1.353388,-0.000071,0.964029
7090,7.090000,91.353386,95.513748,90.000000,1.353388,-0.000074,0.964029
7091,7.091000,91.353386,95.513748,90.000000,1.353388,-0.000067,0.964029
7092,7.092000,91.353386,95.513748,90.000000,1.353388,-0.000074,0.964029
7093,7.093000,91.353386,95.513748,90.000000,1.353388,-0.000061,0.964029
7094,7.094000,91.353386,95.513748,90.000000,1.353388,-0.000053,0.964029
7095,7.095000,91.353386,95.513748,90.000000,1.353388,-0.000042,0.964029
7096,7.096000,91.353386,95.513748,90.000000,1.353388,-0.000006,0.964029
7097,7.097000,91.353386,95.513748,90.000000,1.353388,0.000020,0.964029
7098,7.098000,91.353386,95.513748,90.000000,1.353388,0.000063,0.964029
7099,7.099000,91.353386,95.513748,90.000000,1.353388,0.000096,0.964029
7100,7.100000,91.353386,95.513748,90.000000,1.353388,0.000123,0.964029
7101,7.101000,91.353386,95.513748,90.000000,1.353388,0.000131,0.964029
7102,7.102000,91.353386,95.513741,90.000000,1.353388,0.000147,0.964029
7103,7.103000,91.353386,95.513741,90.000000,1.353388,0.000167,0.964029
7104,7.104000,91.353386,95.513741,90.000000,1.353388,0.000150,0.964029
7105,7.105000,91.353386,95.513741,90.000000,1.353388,0.000136,0.964029
7106,7.106000,91.353386,95.513741,90.000000,1.353388,0.000135,0.964029
7107,7.107000,91.353386,95.513741,90.000000,1.353388,0.000132,0.964029
7108,7.108000,91.353386,95.513741,90.000000,1.353388,0.000119,0.964029
7109,7.109000,91.353386,95.513741,90.000000,1.353388,0.000115,0.964029
7110,7.110000,91.353386,95.513741,90.000000,1.353388,0.000122,0.964029
7111,7.111000,91.353386,95.513741,90.000000,1.353388,0.000116,0.964029
7112,7.112000,91.353386,95.513741,90.000000,1.353388,0.000099,0.964029
7113,7.113000,91.353386,95.513741,90.000000,1.353388,0.000106,0.964029
7114,7.114000,91.353386,95.513741,90.000000,1.353388,0.000099,0.964029
7115,7.115000,91.353386,95.513741,90.000000,1.353388,0.000079,0.964029
7116,7.116000,91.353386,95.513741,90.000000,1.353388,0.000048,0.964029
7117,7.117000,91.353386,95.513741,90.000000,1.353388,0.000014,0.964029
7118,7.118000,91.353386,95.513741,90.000000,1.353388,-0.000016,0.964029
7119,7.119000,91.353386,95.513741,90.000000,1.353388,-0.000054,0.964029
7120,7.120000,91.353386,95.513741,90.000000,1.353388,-0.000080,0.964029
7121,7.121000,91.353386,95.513741,90.000000,1.353388,-0.000114,0.964029
7122,7.122000,91.353386,95.513748,90.000000,1.353388,-0.000134,0.964029
7123,7.123000,91.353386,95.513748,90.000000,1.353388,-0.000143,0.964029
7124,7.124000,91.353386,95.513748,90.000000,1.353388,-0.000127,0.964029
7125,7.125000,91.353386,95.513748,90.000000,1.353388,-0.000124,0.964029
7126,7.126000,91.353386,95.513748,90.000000,1.353388,-0.000111,0.964029
7127,7.127000,91.353386,95.513748,90.000000,1.353388,-0.000107,0.964029
7128,7.128000,91.353386,95.513748,90.000000,1.353388,-0.000100,0.964029
7129,7.129000,91.353386,95.513748,90.000000,1.353388,-0.000092,0.964029
7130,7.130000,91.353386,95.513748,90.000000,1.353388,-0.000083,0.964029
7131,7.131000,91.353386,95.513748,90.000000,1.353388,-0.000082,0.964029
7132,7.132000,91.353386,95.513748,90.000000,1.353388,-0.000080,0.964029
7133,7.133000,91.353386,95.513748,90.000000,1.353388,-0.000071,0.964029
7134,7.134000,91.353386,95.513748,90.000000,1.353388,-0.000088,0.964029
7135,7.135000,91.353386,95.513748,90.000000,1.353388,-0.000074,0.964029
7136,7.136000,91.353386,95.513748,90.000000,1.353388,-0.000079,0.964029
7137,7.137000,91.353386,95.513748,90.000000,1.353388,-0.000078,0.964029
7138,7.138000,91.353386,95.513748,90.000000,1.353388,-0.000081,0.964029
7139,7.139000,91.353386,95.513748,90.000000,1.353388,-0.000077,0.964029
7140,7.140000,91.353386,95.513748,90.000000,1.353388,-0.000081,0.964029
7141,7.141000,91.353386,95.513748,90.000000,1.353388,-0.000061,0.964029
7142,7.142000,91.353386,95.513748,90.000000,1.353388,-0.000056,0.964029
7143,7.143000,91.353386,95.513748,90.000000,1.353388,-0.000047,0.964029
7144,7.144000,91.353386,95.513748,90.000000,1.353388,-0.000033,0.964029
7145,7.145000,91.353386,95.513748,90.000000,1.353388,0.000001,0.964029
7146,7.146000,91.353386,95.513748,90.000000,1.353388,0.000038,0.964029
7147,7.147000,91.353386,95.513748,90.000000,1.353388,0.000073,0.964029
7148,7.148000,91.353386,95.513748,90.000000,1.353388,0.000114,0.964029
7149,7.149000,91.353386,95.513748,90.000000,1.353388,0.000136,0.964029
7150,7.150000,91.353386,95.513748,90.000000,1.353388,0.000145,0.964029
7151,7.151000,91.353386,95.513741,90.000000,1.353388,0.000157,0.964029
7152,7.152000,91.353386,95.513741,90.000000,1.353388,0.000179,0.964029
7153,7.153000,91.353386,95.513741,90.000000,1.353388,0.000165,0.964029
7154,7.154000,91.353386,95.513741,90.000000,1.353388,0.000143,0.964029
7155,7.155000,91.353386,95.513741,90.000000,1.353388,0.000143,0.964029
7156,7.156000,91.353386,95.513741,90.000000,1.353388,0.000130,0.964029
7157,7.157000,91.353386,95.513741,90.000000,1.353388,0.000116,0.964029
7158,7.158000,91.353386,95.513741,90.000000,1.353388,0.000119,0.964029
7159,7.159000,91.353386,95.513741,90.000000,1.353388,0.000120,0.964029
7160,7.160000,91.353386,95.513741,90.000000,1.353388,0.000109,0.964029
7161,7.161000,91.353386,95.513741,90.000000,1.353388,0.000100,0.964029
7162,7.162000,91.353386,95.513741,90.000000,1.353388,0.000090,0.964029
7163,7.163000,91.353386,95.513741,90.000000,1.353388,0.000074,0.964029
7164,7.164000,91.353386,95.513741,90.000000,1.353388,0.000066,0.964029
7165,7.165000,91.353386,95.513741,90.000000,1.353388,0.000040,0.964029
7166,7.166000,91.353386,95.513741,90.000000,1.353388,0.000002,0.964029
7167,7.167000,91.353386,95.513741,90.000000,1.353388,-0.000025,0.964029
7168,7.168000,91.353386,95.513741,90.000000,1.353388,-0.000062,0.964029
7169,7.169000,91.353386,95.513741,90.000000,1.353388,-0.000088,0.964029
7170,7.170000,91.353386,95.513741,90.000000,1.353388,-0.000113,0.964029
7171,7.171000,91.353386,95.513748,90.000000,1.353388,-0.000132,0.964029
7172,7.172000,91.353386,95.513748,90.000000,1.353388,-0.000136,0.964029
7173,7.173000,91.353386,95.513748,90.000000,1.353388,-0.000129,0.964029
7174,7.174000,91.353386,95.513748,90.000000,1.353388,-0.000120,0.964029
7175,7.175000,91.353386,95.513748,90.000000,1.353388,-0.000110,0.964029
7176,7.176000,91.353386,95.513748,90.000000,1.353388,-0.000106,0.964029
7177,7.177000,91.353386,95.513748,90.000000,1.353388,-0.000105,0.964029
7178,7.178000,91.353386,95.513748,90.000000,1.353388,-0.000094,0.964029
7179,7.179000,91.353386,95.513748,90.000000,1.353388,-0.000086,0.964029
7180,7.180000,91.353386,95.513748,90.000000,1.353388,-0.000085,0.964029
7181,7.181000,91.353386,95.513748,90.000000,1.353388,-0.000080,0.964029
7182,7.182000,91.353386,95.513748,90.000000,1.353388,-0.000084,0.964029
7183,7.183000,91.353386,95.513748,90.000000,1.353388,-0.000086,0.964029
7184,7.184000,91.353386,95.513748,90.000000,1.353388,-0.000084,0.964029
7185,7.185000,91.353386,95.513748,90.000000,1.353388,-0.000079,0.964029
7186,7.186000,91.353386,95.513748,90.000000,1.353388,-0.000080,0.964029
7187,7.187000,91.353386,95.513748,90.000000,1.353388,-0.000082,0.964029
7188,7.188000,91.353386,95.513748,90.000000,1.353388,-0.000083,0.964029
7189,7.189000,91.353386,95.513748,90.000000,1.353388,-0.000067,0.964029
7190,7.190000,91.353386,95.513748,90.000000,1.353388,-0.000061,0.964029
7191,7.191000,91.353386,95.513748,90.000000,1.353388,-0.000055,0.964029
7192,7.192000,91.353386,95.513748,90.000000,1.353388,-0.000041,0.964029
7193,7.193000,91.353386,95.513748,90.000000,1.353388,-0.000007,0.964029
7194,7.194000,91.353386,95.513748,90.000000,1.353388,0.000033,0.964029
7195,7.195000,91.353386,95.513748,90.000000,1.353388,0.000073,0.964029
7196,7.196000,91.353386,95.513748,90.000000,1.353388,0.000108,0.964029
7197,7.197000,91.353386,95.513748,90.000000,1.353388,0.000131,0.964029
7198,7.198000,91.353386,95.513748,90.000000,1.353388,0.000148,0.964029
7199,7.199000,91.353386,95.513741,90.000000,1.353388,0.000165,0.964029
7200,7.200000,91.353386,95.513741,90.000000,1.353388,0.000180,0.964029
7201,7.201000,91.353386,95.513741,90.000000,1.353388,0.000172,0.964029
7202,7.202000,91.353386,95.513741,90.000000,1.353388,0.000154,0.964029
7203,7.203000,91.353386,95.513741,90.000000,1.353388,0.000143,0.964029
7204,7.204000,91.353386,95.513741,90.000000,1.353388,0.000135,0.964029
7205,7.205000,91.353386,95.513741,90.000000,1.353388,0.000117,0.964029
7206,7.206000,91.353386,95.513741,90.000000,1.353388,0.000121,0.964029
7207,7.207000,91.353386,95.513741,90.000000,1.353388,0.000119,0.964029
7208,7.208000,91.353386,95.513741,90.000000,1.353388,0.000104,0.964029
7209,7.209000,91.353386,95.513741,90.000000,1.353388,0.000101,0.964029
7210,7.210000,91.353386,95.513741,90.000000,1.353388,0.000093,0.964029
7211,7.211000,91.353386,95.513741,90.000000,1.353388,0.000078,0.964029
7212,7.212000,91.353386,95.513741,90.000000,1.353388,0.000067,0.964029
7213,7.213000,91.353386,95.513741,90.000000,1.353388,0.000041,0.964029
7214,7.214000,91.353386,95.513741,90.000000,1.353388,0.000007,0.964029
7215,7.215000,91.353386,95.513741,90.000000,1.353388,-0.000023,0.964029
7216,7.216000,91.353386,95.513741,90.000000,1.353388,-0.000063,0.964029
7217,7.217000,91.353386,95.513741,90.000000,1.353388,-0.000091,0.964029
7218,7.218000,91.353386,95.513741,90.000000,1.353388,-0.000114,0.964029
7219,7.219000,91.353386,95.513748,90.000000,1.353388,-0.000125,0.964029
7220,7.220000,91.353386,95.513748,90.000000,1.353388,-0.000134,0.964029
7221,7.221000,91.353386,95.513748,90.000000,1.353388,-0.000123,0.964029
7222,7.222000,91.353386,95.513748,90.000000,1.353388,-0.000119,0.964029
7223,7.223000,91.353386,95.513748,90.000000,1.353388,-0.000115,0.964029
7224,7.224000,91.353386,95.513748,90.000000,1.353388,-0.000105,0.964029
7225,7.225000,91.353386,95.513748,90.000000,1.353388,-0.000103,0.964029
7226,7.226000,91.353386,95.513748,90.000000,1.353388,-0.000092,0.964029
7227,7.227000,91.353386,95.513748,90.000000,1.353388,-0.000090,0.964029
7228,7.228000,91.353386,95.513748,90.000000,1.353388,-0.000090,0.964029
7229,7.229000,91.353386,95.513748,90.000000,1.353388,-0.000083,0.964029
7230,7.230000,91.353386,95.513748,90.000000,1.353388,-0.000083,0.964029
7231,7.231000,91.353386,95.513748,90.000000,1.353388,-0.000095,0.964029
7232,7.232000,91.353386,95.513748,90.000000,1.353388,-0.000086,0.964029
7233,7.233000,91.353386,95.513748,90.000000,1.353388,-0.000083,0.964029
7234,7.234000,91.353386,95.513748,90.000000,1.353388,-0.000086,0.964029
7235,7.235000,91.353386,95.513748,90.000000,1.353388,-0.000083,0.964029
7236,7.236000,91.353386,95.513748,90.000000,1.353388,-0.000082,0.964029
7237,7.237000,91.353386,95.513748,90.000000,1.353388,-0.000060,0.964029
7238,7.238000,91.353386,95.513748,90.000000,1.353388,-0.000057,0.964029
7239,7.239000,91.353386,95.513748,90.000000,1.353388,-0.000048,0.964029
7240,7.240000,91.353386,95.513748,90.000000,1.353388,-0.000009,0.964029
7241,7.241000,91.353386,95.513748,90.000000,1.353388,0.000028,0.964029
7242,7.242000,91.353386,95.513748,90.000000,1.353388,0.000066,0.964029
7243,7.243000,91.353386,95.513748,90.000000,1.353388,0.000097,0.964029
7244,7.244000,91.353386,95.513748,90.000000,1.353388,0.000133,0.964029
7245,7.245000,91.353386,95.513748,90.000000,1.353388,0.000149,0.964029
7246,7.246000,91.353386,95.513741,90.000000,1.353388,0.000158,0.964029
7247,7.247000,91.353386,95.513741,90.000000,1.353388,0.000171,0.964029
7248,7.248000,91.353386,95.513741,90.000000,1.353388,0.000167,0.964029
7249,7.249000,91.353386,95.513741,90.000000,1.353388,0.000144,0.964029
7250,7.250000,91.353386,95.513741,90.000000,1.353388,0.000141,0.964029
7251,7.251000,91.353386,95.513741,90.000000,1.353388,0.000127,0.964029
7252,7.252000,91.353386,95.513741,90.000000,1.353388,0.000119,0.964029
7253,7.253000,91.353386,95.513741,90.000000,1.353388,0.000121,0.964029
7254,7.254000,91.353386,95.513741,90.000000,1.353388,0.000123,0.964029
7255,7.255000,91.353386,95.513741,90.000000,1.353388,0.000110,0.964029
7256,7.256000,91.353386,95.513741,90.000000,1.353388,0.000102,0.964029
7257,7.257000,91.353386,95.513741,90.000000,1.353388,0.000094,0.964029
7258,7.258000,91.353386,95.513741,90.000000,1.353388,0.000082,0.964029
7259,7.259000,91.353386,95.513741,90.000000,1.353388,0.000070,0.964029
7260,7.260000,91.353386,95.513741,90.000000,1.353388,0.000041,0.964029
7261,7.261000,91.353386,95.513741,90.000000,1.353388,0.000008,0.964029
7262,7.262000,91.353386,95.513741,90.000000,1.353388,-0.000031,0.964029
7263,7.263000,91.353386,95.513741,90.000000,1.353388,-0.000070,0.964029
7264,7.264000,91.353386,95.513741,90.000000,1.353388,-0.000090,0.964029
7265,7.265000,91.353386,95.513741,90.000000,1.353388,-0.000114,0.964029
7266,7.266000,91.353386,95.513748,90.000000,1.353388,-0.000130,0.964029
7267,7.267000,91.353386,95.513748,90.000000,1.353388,-0.000144,0.964029
7268,7.268000,91.353386,95.513748,90.000000,1.353388,-0.000128,0.964029
7269,7.269000,91.353386,95.513748,90.000000,1.353388,-0.000126,0.964029
7270,7.270000,91.353386,95.513748,90.000000,1.353388,-0.000120,0.964029
7271,7.271000,91.353386,95.513748,90.000000,1.353388,-0.000114,0.964029
7272,7.272000,91.353386,95.513748,90.000000,1.353388,-0.000110,0.964029
7273,7.273000,91.353386,95.513748,90.000000,1.353388,-0.000103,0.964029
7274,7.274000,91.353386,95.513748,90.000000,1.353388,-0.000094,0.964029
7275,7.275000,91.353386,95.513748,90.000000,1.353388,-0.000096,0.964029
7276,7.276000,91.353386,95.513748,90.000000,1.353388,-0.000094,0.964029
7277,7.277000,91.353386,95.513748,90.000000,1.353388,-0.000091,0.964029
7278,7.278000,91.353386,95.513748,90.000000,1.353388,-0.000089,0.964029
7279,7.279000,91.353386,95.513748,90.000000,1.353388,-0.000084,0.964029
7280,7.280000,91.353386,95.513748,90.000000,1.353388,-0.000088,0.964029
7281,7.281000,91.353386,95.513748,90.000000,1.353388,-0.000086,0.964029
7282,7.282000,91.353386,95.513748,90.000000,1.353388,-0.000085,0.964029
7283,7.283000,91.353386,95.513748,90.000000,1.353388,-0.000064,0.964029
7284,7.284000,91.353386,95.513748,90.000000,1.353388,-0.000060,0.964029
7285,7.285000,91.353386,95.513748,90.000000,1.353388,-0.000054,0.964029
7286,7.286000,91.353386,95.513748,90.000000,1.353388,-0.000045,0.964029
7287,7.287000,91.353386,95.513748,90.000000,1.353388,-0.000008,0.964029
7288,7.288000,91.353386,95.513748,90.000000,1.353388,0.000033,0.964029
7289,7.289000,91.353386,95.513748,90.000000,1.353388,0.000067,0.964029
7290,7.290000,91.353386,95.513748,90.000000,1.353388,0.000107,0.964029
7291,7.291000,91.353386,95.513748,90.000000,1.353388,0.000130,0.964029
7292,7.292000,91.353386,95.513748,90.000000,1.353388,0.000151,0.964029
7293,7.293000,91.353386,95.513741,90.000000,1.353388,0.000165,0.964029
7294,7.294000,91.353386,95.513741,90.000000,1.353388,0.000177,0.964029
7295,7.295000,91.353386,95.513741,90.000000,1.353388,0.000172,0.964029
7296,7.296000,91.353386,95.513741,90.000000,1.353388,0.000158,0.964029
7297,7.297000,91.353386,95.513741,90.000000,1.353388,0.000143,0.964029
7298,7.298000,91.353386,95.513741,90.000000,1.353388,0.000129,0.964029
7299,7.299000,91.353386,95.513741,90.000000,1.353388,0.000113,0.964029
7300,7.300000,91.353386,95.513741,90.000000,1.353388,0.000121,0.964029
7301,7.301000,91.353386,95.513741,90.000000,1.353388,0.000120,0.964029
7302,7.302000,91.353386,95.513741,90.000000,1.353388,0.000117,0.964029
7303,7.303000,91.353386,95.513741,90.000000,1.353388,0.000100,0.964029
7304,7.304000,91.353386,95.513741,90.000000,1.353388,0.000096,0.964029
7305,7.305000,91.353386,95.513741,90.000000,1.353388,0.000092,0.964029
7306,7.306000,91.353386,95.513741,90.000000,1.353388,0.000077,0.964029
7307,7.307000,91.353386,95.513741,90.000000,1.353388,0.000047,0.964029
7308,7.308000,91.353386,95.513741,90.000000,1.353388,0.000017,0.964029
7309,7.309000,91.353386,95.513741,90.000000,1.353388,-0.000024,0.964029
7310,7.310000,91.353386,95.513741,90.000000,1.353388,-0.000062,0.964029
7311,7.311000,91.353386,95.513741,90.000000,1.353388,-0.000083,0.964029
7312,7.312000,91.353386,95.513741,90.000000,1.353388,-0.000115,0.964029
7313,7.313000,91.353386,95.513748,90.000000,1.353388,-0.000134,0.964029
7314,7.314000,91.353386,95.513748,90.000000,1.353388,-0.000149,0.964029
7315,7.315000,91.353386,95.513748,90.000000,1.353388,-0.000127,0.964029
7316,7.316000,91.353386,95.513748,90.000000,1.353388,-0.000123,0.964029
7317,7.317000,91.353386,95.513748,90.000000,1.353388,-0.000117,0.964029
7318,7.318000,91.353386,95.513748,90.000000,1.353388,-0.000111,0.964029
7319,7.319000,91.353386,95.513748,90.000000,1.353388,-0.000107,0.964029
7320,7.320000,91.353386,95.513748,90.000000,1.353388,-0.000098,0.964029
7321,7.321000,91.353386,95.513748,90.000000,1.353388,-0.000089,0.964029
7322,7.322000,91.353386,95.513748,90.000000,1.353388,-0.000089,0.964029
7323,7.323000,91.353386,95.513748,90.000000,1.353388,-0.000083,0.964029
7324,7.324000,91.353386,95.513748,90.000000,1.353388,-0.000089,0.964029
7325,7.325000,91.353386,95.513748,90.000000,1.353388,-0.000094,0.964029
7326,7.326000,91.353386,95.513748,90.000000,1.353388,-0.000096,0.964029
7327,7.327000,91.353386,95.513748,90.000000,1.353388,-0.000086,0.964029
7328,7.328000,91.353386,95.513748,90.000000,1.353388,-0.000085,0.964029
7329,7.329000,91.353386,95.513748,90.000000,1.353388,-0.000089,0.964029
7330,7.330000,91.353386,95.513748,90.000000,1.353388,-0.000080,0.964029
7331,7.331000,91.353386,95.513748,90.000000,1.353388,-0.000068,0.964029
7332,7.332000,91.353386,95.513748,90.000000,1.353388,-0.000057,0.964029
7333,7.333000,91.353386,95.513748,90.000000,1.353388,-0.000042,0.964029
7334,7.334000,91.353386,95.513748,90.000000,1.353388,-0.000008,0.964029
7335,7.335000,91.353386,95.513748,90.000000,1.353388,0.000035,0.964029
7336,7.336000,91.353386,95.513748,90.000000,1.353388,0.000068,0.964029
7337,7.337000,91.353386,95.513748,90.000000,1.353388,0.000100,0.964029
7338,7.338000,91.353386,95.513748,90.000000,1.353388,0.000131,0.964029
7339,7.339000,91.353386,95.513748,90.000000,1.353388,0.000147,0.964029
7340,7.340000,91.353386,95.513741,90.000000,1.353388,0.000162,0.964029
7341,7.341000,91.353386,95.513741,90.000000,1.353388,0.000185,0.964029
7342,7.342000,91.353386,95.513741,90.000000,1.353388,0.000168,0.964029
7343,7.343000,91.353386,95.513741,90.000000,1.353388,0.000147,0.964029
7344,7.344000,91.353386,95.513741,90.000000,1.353388,0.000143,0.964029
7345,7.345000,91.353386,95.513741,90.000000,1.353388,0.000135,0.964029
7346,7.346000,91.353386,95.513741,90.000000,1.353388,0.000116,0.964029
7347,7.347000,91.353386,95.513741,90.000000,1.353388,0.000119,0.964029
7348,7.348000,91.353386,95.513741,90.000000,1.353388,0.000117,0.964029
7349,7.349000,91.353386,95.513741,90.000000,1.353388,0.000109,0.964029
7350,7.350000,91.353386,95.513741,90.000000,1.353388,0.000107,0.964029
7351,7.351000,91.353386,95.513741,90.000000,1.353388,0.000099,0.964029
7352,7.352000,91.353386,95.513741,90.000000,1.353388,0.000094,0.964029
7353,7.353000,91.353386,95.513741,90.000000,1.353388,0.000075,0.964029
7354,7.354000,91.353386,95.513741,90.000000,1.353388,0.000049,0.964029
7355,7.355000,91.353386,95.513741,90.000000,1.353388,0.000010,0.964029
7356,7.356000,91.353386,95.513741,90.000000,1.353388,-0.000031,0.964029
7357,7.357000,91.353386,95.513741,90.000000,1.353388,-0.000062,0.964029
7358,7.358000,91.353386,95.513741,90.000000,1.353388,-0.000083,0.964029
7359,7.359000,91.353386,95.513741,90.000000,1.353388,-0.000119,0.964029
7360,7.360000,91.353386,95.513748,90.000000,1.353388,-0.000134,0.964029
7361,7.361000,91.353386,95.513748,90.000000,1.353388,-0.000143,0.964029
7362,7.362000,91.353386,95.513748,90.000000,1.353388,-0.000123,0.964029
7363,7.363000,91.353386,95.513748,90.000000,1.353388,-0.000118,0.964029
7364,7.364000,91.353386,95.513748,90.000000,1.353388,-0.000107,0.964029
7365,7.365000,91.353386,95.513748,90.000000,1.353388,-0.000099,0.964029
7366,7.366000,91.353386,95.513748,90.000000,1.353388,-0.000096,0.964029
7367,7.367000,91.353386,95.513748,90.000000,1.353388,-0.000084,0.964029
7368,7.368000,91.353386,95.513748,90.000000,1.353388,-0.000083,0.964029
7369,7.369000,91.353386,95.513748,90.000000,1.353388,-0.000080,0.964029
7370,7.370000,91.353386,95.513748,90.000000,1.353388,-0.000078,0.964029
7371,7.371000,91.353386,95.513748,90.000000,1.353388,-0.000077,0.964029
7372,7.372000,91.353386,95.513748,90.000000,1.353388,-0.000087,0.964029
7373,7.373000,91.353386,95.513748,90.000000,1.353388,-0.000087,0.964029
7374,7.374000,91.353386,95.513748,90.000000,1.353388,-0.000084,0.964029
7375,7.375000,91.353386,95.513748,90.000000,1.353388,-0.000083,0.964029
7376,7.376000,91.353386,95.513748,90.000000,1.353388,-0.000081,0.964029
7377,7.377000,91.353386,95.513748,90.000000,1.353388,-0.000083,0.964029
7378,7.378000,91.353386,95.513748,90.000000,1.353388,-0.000084,0.964029
7379,7.379000,91.353386,95.513748,90.000000,1.353388,-0.000062,0.964029
7380,7.380000,91.353386,95.513748,90.000000,1.353388,-0.000054,0.964029
7381,7.381000,91.353386,95.513748,90.000000,1.353388,-0.000044,0.964029
7382,7.382000,91.353386,95.513748,90.000000,1.353388,-0.000008,0.964029
7383,7.383000,91.353386,95.513748,90.000000,1.353388,0.000026,0.964029
7384,7.384000,91.353386,95.513748,90.000000,1.353388,0.000065,0.964029
7385,7.385000,91.353386,95.513748,90.000000,1.353388,0.000103,0.964029
7386,7.386000,91.353386,95.513748,90.000000,1.353388,0.000134,0.964029
7387,7.387000,91.353386,95.513748,90.000000,1.353388,0.000151,0.964029
7388,7.388000,91.353386,95.513741,90.000000,1.353388,0.000160,0.964029
7389,7.389000,91.353386,95.513741,90.000000,1.353388,0.000175,0.964029
7390,7.390000,91.353386,95.513741,90.000000,1.353388,0.000166,0.964029
7391,7.391000,91.353386,95.513741,90.000000,1.353388,0.000145,0.964029
7392,7.392000,91.353386,95.513741,90.000000,1.353388,0.000137,0.964029
7393,7.393000,91.353386,95.513741,90.000000,1.353388,0.000123,0.964029
7394,7.394000,91.353386,95.513741,90.000000,1.353388,0.000116,0.964029
7395,7.395000,91.353386,95.513741,90.000000,1.353388,0.000116,0.964029
7396,7.396000,91.353386,95.513741,90.000000,1.353388,0.000120,0.964029
7397,7.397000,91.353386,95.513741,90.000000,1.353388,0.000108,0.964029
7398,7.398000,91.353386,95.513741,90.000000,1.353388,0.000107,0.964029
7399,7.399000,91.353386,95.513741,90.000000,1.353388,0.000101,0.964029
7400,7.400000,91.353386,95.513741,90.000000,1.353388,0.000091,0.964029
7401,7.401000,91.353386,95.513741,90.000000,1.353388,0.000047,0.964029
7402,7.402000,91.353386,95.513741,90.000000,1.353388,0.000015,0.964029
7403,7.403000,91.353386,95.513741,90.000000,1.353388,-0.000016,0.964029
7404,7.404000,91.353386,95.513741,90.000000,1.353388,-0.000054,0.964029
7405,7.405000,91.353386,95.513741,90.000000,1.353388,-0.000083,0.964029
7406,7.406000,91.353386,95.513741,90.000000,1.353388,-0.000112,0.964029
7407,7.407000,91.353386,95.513748,90.000000,1.353388,-0.000128,0.964029
7408,7.408000,91.353386,95.513748,90.000000,1.353388,-0.000134,0.964029
7409,7.409000,91.353386,95.513748,90.000000,1.353388,-0.000124,0.964029
7410,7.410000,91.353386,95.513748,90.000000,1.353388,-0.000120,0.964029
7411,7.411000,91.353386,95.513748,90.000000,1.353388,-0.000107,0.964029
7412,7.412000,91.353386,95.513748,90.000000,1.353388,-0.000102,0.964029
7413,7.413000,91.353386,95.513748,90.000000,1.353388,-0.000098,0.964029
7414,7.414000,91.353386,95.513748,90.000000,1.353388,-0.000089,0.964029
7415,7.415000,91.353386,95.513748,90.000000,1.353388,-0.000088,0.964029
7416,7.416000,91.353386,95.513748,90.000000,1.353388,-0.000087,0.964029
7417,7.417000,91.353386,95.513748,90.000000,1.353388,-0.000086,0.964029
7418,7.418000,91.353386,95.513748,90.000000,1.353388,-0.000081,0.964029
7419,7.419000,91.353386,95.513748,90.000000,1.353388,-0.000091,0.964029
7420,7.420000,91.353386,95.513748,90.000000,1.353388,-0.000080,0.964029
7421,7.421000,91.353386,95.513748,90.000000,1.353388,-0.000081,0.964029
7422,7.422000,91.353386,95.513748,90.000000,1.353388,-0.000083,0.964029
7423,7.423000,91.353386,95.513748,90.000000,1.353388,-0.000077,0.964029
7424,7.424000,91.353386,95.513748,90.000000,1.353388,-0.000083,0.964029
7425,7.425000,91.353386,95.513748,90.000000,1.353388,-0.000069,0.964029
7426,7.426000,91.353386,95.513748,90.000000,1.353388,-0.000057,0.964029
7427,7.427000,91.353386,95.513748,90.000000,1.353388,-0.000062,0.964029
7428,7.428000,91.353386,95.513748,90.000000,1.353388,-0.000016,0.964029
7429,7.429000,91.353386,95.513748,90.000000,1.353388,0.000022,0.964029
7430,7.430000,91.353386,95.513748,90.000000,1.353388,0.000064,0.964029
7431,7.431000,91.353386,95.513748,90.000000,1.353388,0.000100,0.964029
7432,7.432000,91.353386,95.513748,90.000000,1.353388,0.000138,0.964029
7433,7.433000,91.353386,95.513748,90.000000,1.353388,0.000154,0.964029
7434,7.434000,91.353386,95.513741,90.000000,1.353388,0.000164,0.964029
7435,7.435000,91.353386,95.513741,90.000000,1.353388,0.000180,0.964029
7436,7.436000,91.353386,95.513741,90.000000,1.353388,0.000173,0.964029
7437,7.437000,91.353386,95.513741,90.000000,1.353388,0.000154,0.964029
7438,7.438000,91.353386,95.513741,90.000000,1.353388,0.000139,0.964029
7439,7.439000,91.353386,95.513741,90.000000,1.353388,0.000135,0.964029
7440,7.440000,91.353386,95.513741,90.000000,1.353388,0.000121,0.964029
7441,7.441000,91.353386,95.513741,90.000000,1.353388,0.000122,0.964029
7442,7.442000,91.353386,95.513741,90.000000,1.353388,0.000121,0.964029
7443,7.443000,91.353386,95.513741,90.000000,1.353388,0.000110,0.964029
7444,7.444000,91.353386,95.513741,90.000000,1.353388,0.000106,0.964029
7445,7.445000,91.353386,95.513741,90.000000,1.353388,0.000090,0.964029
7446,7.446000,91.353386,95.513741,90.000000,1.353388,0.000079,0.964029
7447,7.447000,91.353386,95.513741,90.000000,1.353388,0.000039,0.964029
7448,7.448000,91.353386,95.513741,90.000000,1.353388,0.000013,0.964029
7449,7.449000,91.353386,95.513741,90.000000,1.353388,-0.000023,0.964029
7450,7.450000,91.353386,95.513741,90.000000,1.353388,-0.000061,0.964029
7451,7.451000,91.353386,95.513741,90.000000,1.353388,-0.000090,0.964029
7452,7.452000,91.353386,95.513741,90.000000,1.353388,-0.000116,0.964029
7453,7.453000,91.353386,95.513748,90.000000,1.353388,-0.000131,0.964029
7454,7.454000,91.353386,95.513748,90.000000,1.353388,-0.000142,0.964029
7455,7.455000,91.353386,95.513748,90.000000,1.353388,-0.000128,0.964029
7456,7.456000,91.353386,95.513748,90.000000,1.353388,-0.000123,0.964029
7457,7.457000,91.353386,95.513748,90.000000,1.353388,-0.000109,0.964029
7458,7.458000,91.353386,95.513748,90.000000,1.353388,-0.000101,0.964029
7459,7.459000,91.353386,95.513748,90.000000,1.353388,-0.000101,0.964029
7460,7.460000,91.353386,95.513748,90.000000,1.353388,-0.000084,0.964029
7461,7.461000,91.353386,95.513748,90.000000,1.353388,-0.000077,0.964029
7462,7.462000,91.353386,95.513748,90.000000,1.353388,-0.000082,0.964029
7463,7.463000,91.353386,95.513748,90.000000,1.353388,-0.000074,0.964029
7464,7.464000,91.353386,95.513748,90.000000,1.353388,-0.000080,0.964029
7465,7.465000,91.353386,95.513748,90.000000,1.353388,-0.000080,0.964029
7466,7.466000,91.353386,95.513748,90.000000,1.353388,-0.000079,0.964029
7467,7.467000,91.353386,95.513748,90.000000,1.353388,-0.000079,0.964029
7468,7.468000,91.353386,95.513748,90.000000,1.353388,-0.000079,0.964029
7469,7.469000,91.353386,95.513748,90.000000,1.353388,-0.000083,0.964029
7470,7.470000,91.353386,95.513748,90.000000,1.353388,-0.000084,0.964029
7471,7.471000,91.353386,95.513748,90.000000,1.353388,-0.000083,0.964029
7472,7.472000,91.353386,95.513748,90.000000,1.353388,-0.000062,0.964029
7473,7.473000,91.353386,95.513748,90.000000,1.353388,-0.000065,0.964029
7474,7.474000,91.353386,95.513748,90.000000,1.353388,-0.000016,0.964029
7475,7.475000,91.353386,95.513748,90.000000,1.353388,0.000020,0.964029
7476,7.476000,91.353386,95.513748,90.000000,1.353388,0.000065,0.964029
7477,7.477000,91.353386,95.513748,90.000000,1.353388,0.000096,0.964029
7478,7.478000,91.353386,95.513748,90.000000,1.353388,0.000136,0.964029
7479,7.479000,91.353386,95.513748,90.000000,1.353388,0.000150,0.964029
7480,7.480000,91.353386,95.513741,90.000000,1.353388,0.000168,0.964029
7481,7.481000,91.353386,95.513741,90.000000,1.353388,0.000183,0.964029
7482,7.482000,91.353386,95.513741,90.000000,1.353388,0.000173,0.964029
7483,7.483000,91.353386,95.513741,90.000000,1.353388,0.000152,0.964029
7484,7.484000,91.353386,95.513741,90.000000,1.353388,0.000144,0.964029
7485,7.485000,91.353386,95.513741,90.000000,1.353388,0.000139,0.964029
7486,7.486000,91.353386,95.513741,90.000000,1.353388,0.000118,0.964029
7487,7.487000,91.353386,95.513741,90.000000,1.353388,0.000123,0.964029
7488,7.488000,91.353386,95.513741,90.000000,1.353388,0.000117,0.964029
7489,7.489000,91.353386,95.513741,90.000000,1.353388,0.000107,0.964029
7490,7.490000,91.353386,95.513741,90.000000,1.353388,0.000103,0.964029
7491,7.491000,91.353386,95.513741,90.000000,1.353388,0.000091,0.964029
7492,7.492000,91.353386,95.513741,90.000000,1.353388,0.000082,0.964029
7493,7.493000,91.353386,95.513741,90.000000,1.353388,0.000078,0.964029
7494,7.494000,91.353386,95.513741,90.000000,1.353388,0.000042,0.964029
7495,7.495000,91.353386,95.513741,90.000000,1.353388,0.000003,0.964029
7496,7.496000,91.353386,95.513741,90.000000,1.353388,-0.000032,0.964029
7497,7.497000,91.353386,95.513741,90.000000,1.353388,-0.000064,0.964029
7498,7.498000,91.353386,95.513741,90.000000,1.353388,-0.000093,0.964029
7499,7.499000,91.353386,95.513741,90.000000,1.353388,-0.000121,0.964029
7500,7.500000,91.353386,95.513748,90.000000,1.353388,-0.000136,0.964029
7501,7.501000,91.353386,95.513748,90.000000,1.353388,-0.000143,0.964029
7502,7.502000,91.353386,95.513748,90.000000,1.353388,-0.000128,0.964029
7503,7.503000,91.353386,95.513748,90.000000,1.353388,-0.000121,0.964029
7504,7.504000,91.353386,95.513748,90.000000,1.353388,-0.000111,0.964029
7505,7.505000,91.353386,95.513748,90.000000,1.353388,-0.000103,0.964029
7506,7.506000,91.353386,95.513748,90.000000,1.353388,-0.000098,0.964029
7507,7.507000,91.353386,95.513748,90.000000,1.353388,-0.000088,0.964029
7508,7.508000,91.353386,95.513748,90.000000,1.353388,-0.000084,0.964029
7509,7.509000,91.353386,95.513748,90.000000,1.353388,-0.000088,0.964029
7510,7.510000,91.353386,95.513748,90.000000,1.353388,-0.000088,0.964029
7511,7.511000,91.353386,95.513748,90.000000,1.353388,-0.000083,0.964029
7512,7.512000,91.353386,95.513748,90.000000,1.353388,-0.000092,0.964029
7513,7.513000,91.353386,95.513748,90.000000,1.353388,-0.000086,0.964029
7514,7.514000,91.353386,95.513748,90.000000,1.353388,-0.000083,0.964029
7515,7.515000,91.353386,95.513748,90.000000,1.353388,-0.000085,0.964029
7516,7.516000,91.353386,95.513748,90.000000,1.353388,-0.000081,0.964029
7517,7.517000,91.353386,95.513748,90.000000,1.353388,-0.000086,0.964029
7518,7.518000,91.353386,95.513748,90.000000,1.353388,-0.000068,0.964029
7519,7.519000,91.353386,95.513748,90.000000,1.353388,-0.000052,0.964029
7520,7.520000,91.353386,95.513748,90.000000,1.353388,-0.000052,0.964029
7521,7.521000,91.353386,95.513748,90.000000,1.353388,-0.000041,0.964029
7522,7.522000,91.353386,95.513748,90.000000,1.353388,-0.000004,0.964029
7523,7.523000,91.353386,95.513748,90.000000,1.353388,0.000031,0.964029
7524,7.524000,91.353386,95.513748,90.000000,1.353388,0.000068,0.964029
7525,7.525000,91.353386,95.513748,90.000000,1.353388,0.000104,0.964029
7526,7.526000,91.353386,95.513748,90.000000,1.353388,0.000128,0.964029
7527,7.527000,91.353386,95.513748,90.000000,1.353388,0.000143,0.964029
7528,7.528000,91.353386,95.513741,90.000000,1.353388,0.000160,0.964029
7529,7.529000,91.353386,95.513741,90.000000,1.353388,0.000176,0.964029
7530,7.530000,91.353386,95.513741,90.000000,1.353388,0.000171,0.964029
7531,7.531000,91.353386,95.513741,90.000000,1.353388,0.000151,0.964029
7532,7.532000,91.353386,95.513741,90.000000,1.353388,0.000140,0.964029
7533,7.533000,91.353386,95.513741,90.000000,1.353388,0.000135,0.964029
7534,7.534000,91.353386,95.513741,90.000000,1.353388,0.000119,0.964029
7535,7.535000,91.353386,95.513741,90.000000,1.353388,0.000120,0.964029
7536,7.536000,91.353386,95.513741,90.000000,1.353388,0.000118,0.964029
7537,7.537000,91.353386,95.513741,90.000000,1.353388,0.000116,0.964029
7538,7.538000,91.353386,95.513741,90.000000,1.353388,0.000106,0.964029
7539,7.539000,91.353386,95.513741,90.000000,1.353388,0.000100,0.964029
7540,7.540000,91.353386,95.513741,90.000000,1.353388,0.000090,0.964029
7541,7.541000,91.353386,95.513741,90.000000,1.353388,0.000075,0.964029
7542,7.542000,91.353386,95.513741,90.000000,1.353388,0.000045,0.964029
7543,7.543000,91.353386,95.513741,90.000000,1.353388,0.000004,0.964029
7544,7.544000,91.353386,95.513741,90.000000,1.353388,-0.000036,0.964029
7545,7.545000,91.353386,95.513741,90.000000,1.353388,-0.000066,0.964029
7546,7.546000,91.353386,95.513741,90.000000,1.353388,-0.000090,0.964029
7547,7.547000,91.353386,95.513741,90.000000,1.353388,-0.000120,0.964029
7548,7.548000,91.353386,95.513748,90.000000,1.353388,-0.000131,0.964029
7549,7.549000,91.353386,95.513748,90.000000,1.353388,-0.000141,0.964029
7550,7.550000,91.353386,95.513748,90.000000,1.353388,-0.000128,0.964029
7551,7.551000,91.353386,95.513748,90.000000,1.353388,-0.000123,0.964029
7552,7.552000,91.353386,95.513748,90.000000,1.353388,-0.000121,0.964029
7553,7.553000,91.353386,95.513748,90.000000,1.353388,-0.000111,0.964029
7554,7.554000,91.353386,95.513748,90.000000,1.353388,-0.000110,0.964029
7555,7.555000,91.353386,95.513748,90.000000,1.353388,-0.000091,0.964029
7556,7.556000,91.353386,95.513748,90.000000,1.353388,-0.000089,0.964029
7557,7.557000,91.353386,95.513748,90.000000,1.353388,-0.000093,0.964029
7558,7.558000,91.353386,95.513748,90.000000,1.353388,-0.000083,0.964029
7559,7.559000,91.353386,95.513748,90.000000,1.353388,-0.000093,0.964029
7560,7.560000,91.353386,95.513748,90.000000,1.353388,-0.000088,0.964029
7561,7.561000,91.353386,95.513748,90.000000,1.353388,-0.000086,0.964029
7562,7.562000,91.353386,95.513748,90.000000,1.353388,-0.000090,0.964029
7563,7.563000,91.353386,95.513748,90.000000,1.353388,-0.000087,0.964029
7564,7.564000,91.353386,95.513748,90.000000,1.353388,-0.000093,0.964029
7565,7.565000,91.353386,95.513748,90.000000,1.353388,-0.000070,0.964029
7566,7.566000,91.353386,95.513748,90.000000,1.353388,-0.000062,0.964029
7567,7.567000,91.353386,95.513748,90.000000,1.353388,-0.000058,0.964029
7568,7.568000,91.353386,95.513748,90.000000,1.353388,-0.000046,0.964029
7569,7.569000,91.353386,95.513748,90.000000,1.353388,-0.000005,0.964029
7570,7.570000,91.353386,95.513748,90.000000,1.353388,0.000032,0.964029
7571,7.571000,91.353386,95.513748,90.000000,1.353388,0.000064,0.964029
7572,7.572000,91.353386,95.513748,90.000000,1.353388,0.000112,0.964029
7573,7.573000,91.353386,95.513748,90.000000,1.353388,0.000126,0.964029
7574,7.574000,91.353386,95.513748,90.000000,1.353388,0.000142,0.964029
7575,7.575000,91.353386,95.513741,90.000000,1.353388,0.000161,0.964029
7576,7.576000,91.353386,95.513741,90.000000,1.353388,0.000179,0.964029
7577,7.577000,91.353386,95.513741,90.000000,1.353388,0.000175,0.964029
7578,7.578000,91.353386,95.513741,90.000000,1.353388,0.000159,0.964029
7579,7.579000,91.353386,95.513741,90.000000,1.353388,0.000139,0.964029
7580,7.580000,91.353386,95.513741,90.000000,1.353388,0.000129,0.964029
7581,7.581000,91.353386,95.513741,90.000000,1.353388,0.000120,0.964029
7582,7.582000,91.353386,95.513741,90.000000,1.353388,0.000123,0.964029
7583,7.583000,91.353386,95.513741,90.000000,1.353388,0.000122,0.964029
7584,7.584000,91.353386,95.513741,90.000000,1.353388,0.000115,0.964029
7585,7.585000,91.353386,95.513741,90.000000,1.353388,0.000100,0.964029
7586,7.586000,91.353386,95.513741,90.000000,1.353388,0.000099,0.964029
7587,7.587000,91.353386,95.513741,90.000000,1.353388,0.000086,0.964029
7588,7.588000,91.353386,95.513741,90.000000,1.353388,0.000074,0.964029
7589,7.589000,91.353386,95.513741,90.000000,1.353388,0.000045,0.964029
7590,7.590000,91.353386,95.513741,90.000000,1.353388,0.000009,0.964029
7591,7.591000,91.353386,95.513741,90.000000,1.353388,-0.000030,0.964029
7592,7.592000,91.353386,95.513741,90.000000,1.353388,-0.000064,0.964029
7593,7.593000,91.353386,95.513741,90.000000,1.353388,-0.000093,0.964029
7594,7.594000,91.353386,95.513741,90.000000,1.353388,-0.000118,0.964029
7595,7.595000,91.353386,95.513748,90.000000,1.353388,-0.000128,0.964029
7596,7.596000,91.353386,95.513748,90.000000,1.353388,-0.000141,0.964029
7597,7.597000,91.353386,95.513748,90.000000,1.353388,-0.000125,0.964029
7598,7.598000,91.353386,95.513748,90.000000,1.353388,-0.000121,0.964029
7599,7.599000,91.353386,95.513748,90.000000,1.353388,-0.000119,0.964029
7600,7.600000,91.353386,95.513748,90.000000,1.353388,-0.000109,0.964029
7601,7.601000,91.353386,95.513748,90.000000,1.353388,-0.000104,0.964029
7602,7.602000,91.353386,95.513748,90.000000,1.353388,-0.000094,0.964029
7603,7.603000,91.353386,95.513748,90.000000,1.353388,-0.000088,0.964029
7604,7.604000,91.353386,95.513748,90.000000,1.353388,-0.000088,0.964029
7605,7.605000,91.353386,95.513748,90.000000,1.353388,-0.000084,0.964029
7606,7.606000,91.353386,95.513748,90.000000,1.353388,-0.000089,0.964029
7607,7.607000,91.353386,95.513748,90.000000,1.353388,-0.000090,0.964029
7608,7.608000,91.353386,95.513748,90.000000,1.353388,-0.000089,0.964029
7609,7.609000,91.353386,95.513748,90.000000,1.353388,-0.000088,0.964029
7610,7.610000,91.353386,95.513748,90.000000,1.353388,-0.000083,0.964029
7611,7.611000,91.353386,95.513748,90.000000,1.353388,-0.000088,0.964029
7612,7.612000,91.353386,95.513748,90.000000,1.353388,-0.000081,0.964029
7613,7.613000,91.353386,95.513748,90.000000,1.353388,-0.000065,0.964029
7614,7.614000,91.353386,95.513748,90.000000,1.353388,-0.000052,0.964029
7615,7.615000,91.353386,95.513748,90.000000,1.353388,-0.000042,0.964029
7616,7.616000,91.353386,95.513748,90.000000,1.353388,-0.000008,0.964029
7617,7.617000,91.353386,95.513748,90.000000,1.353388,0.000032,0.964029
7618,7.618000,91.353386,95.513748,90.000000,1.353388,0.000064,0.964029
7619,7.619000,91.353386,95.513748,90.000000,1.353388,0.000101,0.964029
7620,7.620000,91.353386,95.513748,90.000000,1.353388,0.000133,0.964029
7621,7.621000,91.353386,95.513748,90.000000,1.353388,0.000147,0.964029
7622,7.622000,91.353386,95.513741,90.000000,1.353388,0.000162,0.964029
7623,7.623000,91.353386,95.513741,90.000000,1.353388,0.000182,0.964029
7624,7.624000,91.353386,95.513741,90.000000,1.353388,0.000171,0.964029
7625,7.625000,91.353386,95.513741,90.000000,1.353388,0.000151,0.964029
7626,7.626000,91.353386,95.513741,90.000000,1.353388,0.000142,0.964029
7627,7.627000,91.353386,95.513741,90.000000,1.353388,0.000135,0.964029
7628,7.628000,91.353386,95.513741,90.000000,1.353388,0.000113,0.964029
7629,7.629000,91.353386,95.513741,90.000000,1.353388,0.000120,0.964029
7630,7.630000,91.353386,95.513741,90.000000,1.353388,0.000117,0.964029
7631,7.631000,91.353386,95.513741,90.000000,1.353388,0.000106,0.964029
7632,7.632000,91.353386,95.513741,90.000000,1.353388,0.000107,0.964029
7633,7.633000,91.353386,95.513741,90.000000,1.353388,0.000097,0.964029
7634,7.634000,91.353386,95.513741,90.000000,1.353388,0.000079,0.964029
7635,7.635000,91.353386,95.513741,90.000000,1.353388,0.000069,0.964029
7636,7.636000,91.353386,95.513741,90.000000,1.353388,0.000042,0.964029
7637,7.637000,91.353386,95.513741,90.000000,1.353388,0.000007,0.964029
7638,7.638000,91.353386,95.513741,90.000000,1.353388,-0.000027,0.964029
7639,7.639000,91.353386,95.513741,90.000000,1.353388,-0.000069,0.964029
7640,7.640000,91.353386,95.513741,90.000000,1.353388,-0.000095,0.964029
7641,7.641000,91.353386,95.513741,90.000000,1.353388,-0.000114,0.964029
7642,7.642000,91.353386,95.513748,90.000000,1.353388,-0.000132,0.964029
7643,7.643000,91.353386,95.513748,90.000000,1.353388,-0.000142,0.964029
7644,7.644000,91.353386,95.513748,90.000000,1.353388,-0.000130,0.964029
7645,7.645000,91.353386,95.513748,90.000000,1.353388,-0.000123,0.964029
7646,7.646000,91.353386,95.513748,90.000000,1.353388,-0.000120,0.964029
7647,7.647000,91.353386,95.513748,90.000000,1.353388,-0.000115,0.964029
7648,7.648000,91.353386,95.513748,90.000000,1.353388,-0.000115,0.964029
7649,7.649000,91.353386,95.513748,90.000000,1.353388,-0.000096,0.964029
7650,7.650000,91.353386,95.513748,90.000000,1.353388,-0.000088,0.964029
7651,7.651000,91.353386,95.513748,90.000000,1.353388,-0.000093,0.964029
7652,7.652000,91.353386,95.513748,90.000000,1.353388,-0.000089,0.964029
7653,7.653000,91.353386,95.513748,90.000000,1.353388,-0.000094,0.964029
7654,7.654000,91.353386,95.513748,90.000000,1.353388,-0.000090,0.964029
7655,7.655000,91.353386,95.513748,90.000000,1.353388,-0.000085,0.964029
7656,7.656000,91.353386,95.513748,90.000000,1.353388,-0.000087,0.964029
7657,7.657000,91.353386,95.513748,90.000000,1.353388,-0.000084,0.964029
7658,7.658000,91.353386,95.513748,90.000000,1.353388,-0.000087,0.964029
7659,7.659000,91.353386,95.513748,90.000000,1.353388,-0.000065,0.964029
7660,7.660000,91.353386,95.513748,90.000000,1.353388,-0.000057,0.964029
7661,7.661000,91.353386,95.513748,90.000000,1.353388,-0.000048,0.964029
7662,7.662000,91.353386,95.513748,90.000000,1.353388,-0.000041,0.964029
7663,7.663000,91.353386,95.513748,90.000000,1.353388,-0.000005,0.964029
7664,7.664000,91.353386,95.513748,90.000000,1.353388,0.000034,0.964029
7665,7.665000,91.353386,95.513748,90.000000,1.353388,0.000068,0.964029
7666,7.666000,91.353386,95.513748,90.000000,1.353388,0.000103,0.964029
7667,7.667000,91.353386,95.513748,90.000000,1.353388,0.000133,0.964029
7668,7.668000,91.353386,95.513748,90.000000,1.353388,0.000145,0.964029
7669,7.669000,91.353386,95.513741,90.000000,1.353388,0.000158,0.964029
7670,7.670000,91.353386,95.513741,90.000000,1.353388,0.000179,0.964029
7671,7.671000,91.353386,95.513741,90.000000,1.353388,0.000169,0.964029
7672,7.672000,91.353386,95.513741,90.000000,1.353388,0.000150,0.964029
7673,7.673000,91.353386,95.513741,90.000000,1.353388,0.000139,0.964029
7674,7.674000,91.353386,95.513741,90.000000,1.353388,0.000136,0.964029
7675,7.675000,91.353386,95.513741,90.000000,1.353388,0.000115,0.964029
7676,7.676000,91.353386,95.513741,90.000000,1.353388,0.000119,0.964029
7677,7.677000,91.353386,95.513741,90.000000,1.353388,0.000115,0.964029
7678,7.678000,91.353386,95.513741,90.000000,1.353388,0.000116,0.964029
7679,7.679000,91.353386,95.513741,90.000000,1.353388,0.000104,0.964029
7680,7.680000,91.353386,95.513741,90.000000,1.353388,0.000098,0.964029
7681,7.681000,91.353386,95.513741,90.000000,1.353388,0.000091,0.964029
7682,7.682000,91.353386,95.513741,90.000000,1.353388,0.000071,0.964029
7683,7.683000,91.353386,95.513741,90.000000,1.353388,0.000053,0.964029
7684,7.684000,91.353386,95.513741,90.000000,1.353388,0.000011,0.964029
7685,7.685000,91.353386,95.513741,90.000000,1.353388,-0.000025,0.964029
7686,7.686000,91.353386,95.513741,90.000000,1.353388,-0.000062,0.964029
7687,7.687000,91.353386,95.513741,90.000000,1.353388,-0.000088,0.964029
7688,7.688000,91.353386,95.513741,90.000000,1.353388,-0.000117,0.964029
7689,7.689000,91.353386,95.513748,90.000000,1.353388,-0.000131,0.964029
7690,7.690000,91.353386,95.513748,90.000000,1.353388,-0.000145,0.964029
7691,7.691000,91.353386,95.513748,90.000000,1.353388,-0.000126,0.964029
7692,7.692000,91.353386,95.513748,90.000000,1.353388,-0.000121,0.964029
7693,7.693000,91.353386,95.513748,90.000000,1.353388,-0.000106,0.964029
7694,7.694000,91.353386,95.513748,90.000000,1.353388,-0.000101,0.964029
7695,7.695000,91.353386,95.513748,90.000000,1.353388,-0.000098,0.964029
7696,7.696000,91.353386,95.513748,90.000000,1.353388,-0.000085,0.964029
7697,7.697000,91.353386,95.513748,90.000000,1.353388,-0.000087,0.964029
7698,7.698000,91.353386,95.513748,90.000000,1.353388,-0.000084,0.964029
7699,7.699000,91.353386,95.513748,90.000000,1.353388,-0.000082,0.964029
7700,7.700000,91.353386,95.513748,90.000000,1.353388,-0.000075,0.964029
7701,7.701000,91.353386,95.513748,90.000000,1.353388,-0.000088,0.964029
7702,7.702000,91.353386,95.513748,90.000000,1.353388,-0.000079,0.964029
7703,7.703000,91.353386,95.513748,90.000000,1.353388,-0.000086,0.964029
7704,7.704000,91.353386,95.513748,90.000000,1.353388,-0.000077,0.964029
7705,7.705000,91.353386,95.513748,90.000000,1.353388,-0.000079,0.964029
7706,7.706000,91.353386,95.513748,90.000000,1.353388,-0.000078,0.964029
7707,7.707000,91.353386,95.513748,90.000000,1.353388,-0.000084,0.964029
7708,7.708000,91.353386,95.513748,90.000000,1.353388,-0.000063,0.964029
7709,7.709000,91.353386,95.513748,90.000000,1.353388,-0.000057,0.964029
7710,7.710000,91.353386,95.513748,90.000000,1.353388,-0.000048,0.964029
7711,7.711000,91.353386,95.513748,90.000000,1.353388,-0.000011,0.964029
7712,7.712000,91.353386,95.513748,90.000000,1.353388,0.000030,0.964029
7713,7.713000,91.353386,95.513748,90.000000,1.353388,0.000063,0.964029
7714,7.714000,91.353386,95.513748,90.000000,1.353388,0.000102,0.964029
7715,7.715000,91.353386,95.513748,90.000000,1.353388,0.000142,0.964029
7716,7.716000,91.353386,95.513748,90.000000,1.353388,0.000151,0.964029
7717,7.717000,91.353386,95.513741,90.000000,1.353388,0.000160,0.964029
7718,7.718000,91.353386,95.513741,90.000000,1.353388,0.000176,0.964029
7719,7.719000,91.353386,95.513741,90.000000,1.353388,0.000168,0.964029
7720,7.720000,91.353386,95.513741,90.000000,1.353388,0.000149,0.964029
7721,7.721000,91.353386,95.513741,90.000000,1.353388,0.000141,0.964029
7722,7.722000,91.353386,95.513741,90.000000,1.353388,0.000127,0.964029
7723,7.723000,91.353386,95.513741,90.000000,1.353388,0.000113,0.964029
7724,7.724000,91.353386,95.513741,90.000000,1.353388,0.000116,0.964029
7725,7.725000,91.353386,95.513741,90.000000,1.353388,0.000119,0.964029
7726,7.726000,91.353386,95.513741,90.000000,1.353388,0.000105,0.964029
7727,7.727000,91.353386,95.513741,90.000000,1.353388,0.000104,0.964029
7728,7.728000,91.353386,95.513741,90.000000,1.353388,0.000097,0.964029
7729,7.729000,91.353386,95.513741,90.000000,1.353388,0.000081,0.964029
7730,7.730000,91.353386,95.513741,90.000000,1.353388,0.000073,0.964029
7731,7.731000,91.353386,95.513741,90.000000,1.353388,0.000043,0.964029
7732,7.732000,91.353386,95.513741,90.000000,1.353388,0.000008,0.964029
7733,7.733000,91.353386,95.513741,90.000000,1.353388,-0.000029,0.964029
7734,7.734000,91.353386,95.513741,90.000000,1.353388,-0.000063,0.964029
7735,7.735000,91.353386,95.513741,90.000000,1.353388,-0.000085,0.964029
7736,7.736000,91.353386,95.513741,90.000000,1.353388,-0.000117,0.964029
7737,7.737000,91.353386,95.513748,90.000000,1.353388,-0.000130,0.964029
7738,7.738000,91.353386,95.513748,90.000000,1.353388,-0.000140,0.964029
7739,7.739000,91.353386,95.513748,90.000000,1.353388,-0.000124,0.964029
7740,7.740000,91.353386,95.513748,90.000000,1.353388,-0.000118,0.964029
7741,7.741000,91.353386,95.513748,90.000000,1.353388,-0.000109,0.964029
7742,7.742000,91.353386,95.513748,90.000000,1.353388,-0.000104,0.964029
7743,7.743000,91.353386,95.513748,90.000000,1.353388,-0.000103,0.964029
7744,7.744000,91.353386,95.513748,90.000000,1.353388,-0.000090,0.964029
7745,7.745000,91.353386,95.513748,90.000000,1.353388,-0.000090,0.964029
7746,7.746000,91.353386,95.513748,90.000000,1.353388,-0.000087,0.964029
7747,7.747000,91.353386,95.513748,90.000000,1.353388,-0.000087,0.964029
7748,7.748000,91.353386,95.513748,90.000000,1.353388,-0.000086,0.964029
7749,7.749000,91.353386,95.513748,90.000000,1.353388,-0.000095,0.964029
7750,7.750000,91.353386,95.513748,90.000000,1.353388,-0.000089,0.964029
7751,7.751000,91.353386,95.513748,90.000000,1.353388,-0.000081,0.964029
7752,7.752000,91.353386,95.513748,90.000000,1.353388,-0.000086,0.964029
7753,7.753000,91.353386,95.513748,90.000000,1.353388,-0.000080,0.964029
7754,7.754000,91.353386,95.513748,90.000000,1.353388,-0.000085,0.964029
7755,7.755000,91.353386,95.513748,90.000000,1.353388,-0.000060,0.964029
7756,7.756000,91.353386,95.513748,90.000000,1.353388,-0.000055,0.964029
7757,7.757000,91.353386,95.513748,90.000000,1.353388,-0.000048,0.964029
7758,7.758000,91.353386,95.513748,90.000000,1.353388,-0.000042,0.964029
7759,7.759000,91.353386,95.513748,90.000000,1.353388,-0.000002,0.964029
7760,7.760000,91.353386,95.513748,90.000000,1.353388,0.000033,0.964029
7761,7.761000,91.353386,95.513748,90.000000,1.353388,0.000068,0.964029
7762,7.762000,91.353386,95.513748,90.000000,1.353388,0.000102,0.964029
7763,7.763000,91.353386,95.513748,90.000000,1.353388,0.000133,0.964029
7764,7.764000,91.353386,95.513748,90.000000,1.353388,0.000147,0.964029
7765,7.765000,91.353386,95.513741,90.000000,1.353388,0.000164,0.964029
7766,7.766000,91.353386,95.513741,90.000000,1.353388,0.000179,0.964029
7767,7.767000,91.353386,95.513741,90.000000,1.353388,0.000169,0.964029
7768,7.768000,91.353386,95.513741,90.000000,1.353388,0.000150,0.964029
7769,7.769000,91.353386,95.513741,90.000000,1.353388,0.000142,0.964029
7770,7.770000,91.353386,95.513741,90.000000,1.353388,0.000134,0.964029
7771,7.771000,91.353386,95.513741,90.000000,1.353388,0.000112,0.964029
7772,7.772000,91.353386,95.513741,90.000000,1.353388,0.000117,0.964029
7773,7.773000,91.353386,95.513741,90.000000,1.353388,0.000120,0.964029
7774,7.774000,91.353386,95.513741,90.000000,1.353388,0.000106,0.964029
7775,7.775000,91.353386,95.513741,90.000000,1.353388,0.000104,0.964029
7776,7.776000,91.353386,95.513741,90.000000,1.353388,0.000098,0.964029
7777,7.777000,91.353386,95.513741,90.000000,1.353388,0.000089,0.964029
7778,7.778000,91.353386,95.513741,90.000000,1.353388,0.000070,0.964029
7779,7.779000,91.353386,95.513741,90.000000,1.353388,0.000047,0.964029
7780,7.780000,91.353386,95.513741,90.000000,1.353388,0.000011,0.964029
7781,7.781000,91.353386,95.513741,90.000000,1.353388,-0.000027,0.964029
7782,7.782000,91.353386,95.513741,90.000000,1.353388,-0.000063,0.964029
7783,7.783000,91.353386,95.513741,90.000000,1.353388,-0.000086,0.964029
7784,7.784000,91.353386,95.513741,90.000000,1.353388,-0.000120,0.964029
7785,7.785000,91.353386,95.513748,90.000000,1.353388,-0.000130,0.964029
7786,7.786000,91.353386,95.513748,90.000000,1.353388,-0.000142,0.964029
7787,7.787000,91.353386,95.513748,90.000000,1.353388,-0.000130,0.964029
7788,7.788000,91.353386,95.513748,90.000000,1.353388,-0.000120,0.964029
7789,7.789000,91.353386,95.513748,90.000000,1.353388,-0.000115,0.964029
7790,7.790000,91.353386,95.513748,90.000000,1.353388,-0.000105,0.964029
7791,7.791000,91.353386,95.513748,90.000000,1.353388,-0.000102,0.964029
7792,7.792000,91.353386,95.513748,90.000000,1.353388,-0.000094,0.964029
7793,7.793000,91.353386,95.513748,90.000000,1.353388,-0.000086,0.964029
7794,7.794000,91.353386,95.513748,90.000000,1.353388,-0.000086,0.964029
7795,7.795000,91.353386,95.513748,90.000000,1.353388,-0.000079,0.964029
7796,7.796000,91.353386,95.513748,90.000000,1.353388,-0.000087,0.964029
7797,7.797000,91.353386,95.513748,90.000000,1.353388,-0.000087,0.964029
7798,7.798000,91.353386,95.513748,90.000000,1.353388,-0.000094,0.964029
7799,7.799000,91.353386,95.513748,90.000000,1.353388,-0.000085,0.964029
7800,7.800000,91.353386,95.513748,90.000000,1.353388,-0.000082,0.964029
7801,7.801000,91.353386,95.513748,90.000000,1.353388,-0.000078,0.964029
7802,7.802000,91.353386,95.513748,90.000000,1.353388,-0.000083,0.964029
7803,7.803000,91.353386,95.513748,90.000000,1.353388,-0.000063,0.964029
7804,7.804000,91.353386,95.513748,90.000000,1.353388,-0.000057,0.964029
7805,7.805000,91.353386,95.513748,90.000000,1.353388,-0.000056,0.964029
7806,7.806000,91.353386,95.513748,90.000000,1.353388,-0.000041,0.964029
7807,7.807000,91.353386,95.513748,90.000000,1.353388,-0.000005,0.964029
7808,7.808000,91.353386,95.513748,90.000000,1.353388,0.000034,0.964029
7809,7.809000,91.353386,95.513748,90.000000,1.353388,0.000068,0.964029
7810,7.810000,91.353386,95.513748,90.000000,1.353388,0.000110,0.964029
7811,7.811000,91.353386,95.513748,90.000000,1.353388,0.000133,0.964029
7812,7.812000,91.353386,95.513748,90.000000,1.353388,0.000147,0.964029
7813,7.813000,91.353386,95.513741,90.000000,1.353388,0.000164,0.964029
7814,7.814000,91.353386,95.513741,90.000000,1.353388,0.000182,0.964029
7815,7.815000,91.353386,95.513741,90.000000,1.353388,0.000173,0.964029
7816,7.816000,91.353386,95.513741,90.000000,1.353388,0.000153,0.964029
7817,7.817000,91.353386,95.513741,90.000000,1.353388,0.000140,0.964029
7818,7.818000,91.353386,95.513741,90.000000,1.353388,0.000132,0.964029
7819,7.819000,91.353386,95.513741,90.000000,1.353388,0.000117,0.964029
7820,7.820000,91.353386,95.513741,90.000000,1.353388,0.000117,0.964029
7821,7.821000,91.353386,95.513741,90.000000,1.353388,0.000114,0.964029
7822,7.822000,91.353386,95.513741,90.000000,1.353388,0.000105,0.964029
7823,7.823000,91.353386,95.513741,90.000000,1.353388,0.000102,0.964029
7824,7.824000,91.353386,95.513741,90.000000,1.353388,0.000098,0.964029
7825,7.825000,91.353386,95.513741,90.000000,1.353388,0.000086,0.964029
7826,7.826000,91.353386,95.513741,90.000000,1.353388,0.000078,0.964029
7827,7.827000,91.353386,95.513741,90.000000,1.353388,0.000045,0.964029
7828,7.828000,91.353386,95.513741,90.000000,1.353388,0.000012,0.964029
7829,7.829000,91.353386,95.513741,90.000000,1.353388,-0.000030,0.964029
7830,7.830000,91.353386,95.513741,90.000000,1.353388,-0.000063,0.964029
7831,7.831000,91.353386,95.513741,90.000000,1.353388,-0.000091,0.964029
7832,7.832000,91.353386,95.513741,90.000000,1.353388,-0.000120,0.964029
7833,7.833000,91.353386,95.513748,90.000000,1.353388,-0.000138,0.964029
7834,7.834000,91.353386,95.513748,90.000000,1.353388,-0.000148,0.964029
7835,7.835000,91.353386,95.513748,90.000000,1.353388,-0.000131,0.964029
7836,7.836000,91.353386,95.513748,90.000000,1.353388,-0.000125,0.964029
7837,7.837000,91.353386,95.513748,90.000000,1.353388,-0.000116,0.964029
7838,7.838000,91.353386,95.513748,90.000000,1.353388,-0.000109,0.964029
7839,7.839000,91.353386,95.513748,90.000000,1.353388,-0.000104,0.964029
7840,7.840000,91.353386,95.513748,90.000000,1.353388,-0.000086,0.964029
7841,7.841000,91.353386,95.513748,90.000000,1.353388,-0.000080,0.964029
7842,7.842000,91.353386,95.513748,90.000000,1.353388,-0.000081,0.964029
7843,7.843000,91.353386,95.513748,90.000000,1.353388,-0.000070,0.964029
7844,7.844000,91.353386,95.513748,90.000000,1.353388,-0.000083,0.964029
7845,7.845000,91.353386,95.513748,90.000000,1.353388,-0.000083,0.964029
7846,7.846000,91.353386,95.513748,90.000000,1.353388,-0.000073,0.964029
7847,7.847000,91.353386,95.513748,90.000000,1.353388,-0.000081,0.964029
7848,7.848000,91.353386,95.513748,90.000000,1.353388,-0.000076,0.964029
7849,7.849000,91.353386,95.513748,90.000000,1.353388,-0.000082,0.964029
7850,7.850000,91.353386,95.513748,90.000000,1.353388,-0.000086,0.964029
7851,7.851000,91.353386,95.513748,90.000000,1.353388,-0.000077,0.964029
7852,7.852000,91.353386,95.513748,90.000000,1.353388,-0.000058,0.964029
7853,7.853000,91.353386,95.513748,90.000000,1.353388,-0.000058,0.964029
7854,7.854000,91.353386,95.513748,90.000000,1.353388,-0.000046,0.964029
7855,7.855000,91.353386,95.513748,90.000000,1.353388,-0.000008,0.964029
7856,7.856000,91.353386,95.513748,90.000000,1.353388,0.000032,0.964029
7857,7.857000,91.353386,95.513748,90.000000,1.353388,0.000067,0.964029
7858,7.858000,91.353386,95.513748,90.000000,1.353388,0.000105,0.964029
7859,7.859000,91.353386,95.513748,90.000000,1.353388,0.000135,0.964029
7860,7.860000,91.353386,95.513748,90.000000,1.353388,0.000152,0.964029
7861,7.861000,91.353386,95.513741,90.000000,1.353388,0.000164,0.964029
7862,7.862000,91.353386,95.513741,90.000000,1.353388,0.000180,0.964029
7863,7.863000,91.353386,95.513741,90.000000,1.353388,0.000172,0.964029
7864,7.864000,91.353386,95.513741,90.000000,1.353388,0.000151,0.964029
7865,7.865000,91.353386,95.513741,90.000000,1.353388,0.000142,0.964029
7866,7.866000,91.353386,95.513741,90.000000,1.353388,0.000134,0.964029
7867,7.867000,91.353386,95.513741,90.000000,1.353388,0.000116,0.964029
7868,7.868000,91.353386,95.513741,90.000000,1.353388,0.000118,0.964029
7869,7.869000,91.353386,95.513741,90.000000,1.353388,0.000118,0.964029
7870,7.870000,91.353386,95.513741,90.000000,1.353388,0.000105,0.964029
7871,7.871000,91.353386,95.513741,90.000000,1.353388,0.000103,0.964029
7872,7.872000,91.353386,95.513741,90.000000,1.353388,0.000093,0.964029
7873,7.873000,91.353386,95.513741,90.000000,1.353388,0.000083,0.964029
7874,7.874000,91.353386,95.513741,90.000000,1.353388,0.000078,0.964029
7875,7.875000,91.353386,95.513741,90.000000,1.353388,0.000050,0.964029
7876,7.876000,91.353386,95.513741,90.000000,1.353388,0.000016,0.964029
7877,7.877000,91.353386,95.513741,90.000000,1.353388,-0.000021,0.964029
7878,7.878000,91.353386,95.513741,90.000000,1.353388,-0.000059,0.964029
7879,7.879000,91.353386,95.513741,90.000000,1.353388,-0.000090,0.964029
7880,7.880000,91.353386,95.513741,90.000000,1.353388,-0.000116,0.964029
7881,7.881000,91.353386,95.513748,90.000000,1.353388,-0.000136,0.964029
7882,7.882000,91.353386,95.513748,90.000000,1.353388,-0.000146,0.964029
7883,7.883000,91.353386,95.513748,90.000000,1.353388,-0.000124,0.964029
7884,7.884000,91.353386,95.513748,90.000000,1.353388,-0.000124,0.964029
7885,7.885000,91.353386,95.513748,90.000000,1.353388,-0.000111,0.964029
7886,7.886000,91.353386,95.513748,90.000000,1.353388,-0.000105,0.964029
7887,7.887000,91.353386,95.513748,90.000000,1.353388,-0.000100,0.964029
7888,7.888000,91.353386,95.513748,90.000000,1.353388,-0.000087,0.964029
7889,7.889000,91.353386,95.513748,90.000000,1.353388,-0.000083,0.964029
7890,7.890000,91.353386,95.513748,90.000000,1.353388,-0.000078,0.964029
7891,7.891000,91.353386,95.513748,90.000000,1.353388,-0.000072,0.964029
7892,7.892000,91.353386,95.513748,90.000000,1.353388,-0.000065,0.964029
7893,7.893000,91.353386,95.513748,90.000000,1.353388,-0.000084,0.964029
7894,7.894000,91.353386,95.513748,90.000000,1.353388,-0.000073,0.964029
7895,7.895000,91.353386,95.513748,90.000000,1.353388,-0.000071,0.964029
7896,7.896000,91.353386,95.513748,90.000000,1.353388,-0.000075,0.964029
7897,7.897000,91.353386,95.513748,90.000000,1.353388,-0.000080,0.964029
7898,7.898000,91.353386,95.513748,90.000000,1.353388,-0.000083,0.964029
7899,7.899000,91.353386,95.513748,90.000000,1.353388,-0.000084,0.964029
7900,7.900000,91.353386,95.513748,90.000000,1.353388,-0.000078,0.964029
7901,7.901000,91.353386,95.513748,90.000000,1.353388,-0.000058,0.964029
7902,7.902000,91.353386,95.513748,90.000000,1.353388,-0.000060,0.964029
7903,7.903000,91.353386,95.513748,90.000000,1.353388,-0.000044,0.964029
7904,7.904000,91.353386,95.513748,90.000000,1.353388,-0.000012,0.964029
7905,7.905000,91.353386,95.513748,90.000000,1.353388,0.000033,0.964029
7906,7.906000,91.353386,95.513748,90.000000,1.353388,0.000067,0.964029
7907,7.907000,91.353386,95.513748,90.000000,1.353388,0.000103,0.964029
7908,7.908000,91.353386,95.513748,90.000000,1.353388,0.000135,0.964029
7909,7.909000,91.353386,95.513748,90.000000,1.353388,0.000152,0.964029
7910,7.910000,91.353386,95.513741,90.000000,1.353388,0.000163,0.964029
7911,7.911000,91.353386,95.513741,90.000000,1.353388,0.000182,0.964029
7912,7.912000,91.353386,95.513741,90.000000,1.353388,0.000169,0.964029
7913,7.913000,91.353386,95.513741,90.000000,1.353388,0.000152,0.964029
7914,7.914000,91.353386,95.513741,90.000000,1.353388,0.000143,0.964029
7915,7.915000,91.353386,95.513741,90.000000,1.353388,0.000135,0.964029
7916,7.916000,91.353386,95.513741,90.000000,1.353388,0.000115,0.964029
7917,7.917000,91.353386,95.513741,90.000000,1.353388,0.000120,0.964029
7918,7.918000,91.353386,95.513741,90.000000,1.353388,0.000120,0.964029
7919,7.919000,91.353386,95.513741,90.000000,1.353388,0.000108,0.964029
7920,7.920000,91.353386,95.513741,90.000000,1.353388,0.000107,0.964029
7921,7.921000,91.353386,95.513741,90.000000,1.353388,0.000090,0.964029
7922,7.922000,91.353386,95.513741,90.000000,1.353388,0.000079,0.964029
7923,7.923000,91.353386,95.513741,90.000000,1.353388,0.000077,0.964029
7924,7.924000,91.353386,95.513741,90.000000,1.353388,0.000044,0.964029
7925,7.925000,91.353386,95.513741,90.000000,1.353388,0.000007,0.964029
7926,7.926000,91.353386,95.513741,90.000000,1.353388,-0.000030,0.964029
7927,7.927000,91.353386,95.513741,90.000000,1.353388,-0.000068,0.964029
7928,7.928000,91.353386,95.513741,90.000000,1.353388,-0.000093,0.964029
7929,7.929000,91.353386,95.513741,90.000000,1.353388,-0.000117,0.964029
7930,7.930000,91.353386,95.513748,90.000000,1.353388,-0.000139,0.964029
7931,7.931000,91.353386,95.513748,90.000000,1.353388,-0.000151,0.964029
7932,7.932000,91.353386,95.513748,90.000000,1.353388,-0.000138,0.964029
7933,7.933000,91.353386,95.513748,90.000000,1.353388,-0.000124,0.964029
7934,7.934000,91.353386,95.513748,90.000000,1.353388,-0.000119,0.964029
7935,7.935000,91.353386,95.513748,90.000000,1.353388,-0.000113,0.964029
7936,7.936000,91.353386,95.513748,90.000000,1.353388,-0.000102,0.964029
7937,7.937000,91.353386,95.513748,90.000000,1.353388,-0.000087,0.964029
7938,7.938000,91.353386,95.513748,90.000000,1.353388,-0.000078,0.964029
7939,7.939000,91.353386,95.513748,90.000000,1.353388,-0.000079,0.964029
7940,7.940000,91.353386,95.513748,90.000000,1.353388,-0.000077,0.964029
7941,7.941000,91.353386,95.513748,90.000000,1.353388,-0.000087,0.964029
7942,7.942000,91.353386,95.513748,90.000000,1.353388,-0.000073,0.964029
7943,7.943000,91.353386,95.513748,90.000000,1.353388,-0.000080,0.964029
7944,7.944000,91.353386,95.513748,90.000000,1.353388,-0.000076,0.964029
7945,7.945000,91.353386,95.513748,90.000000,1.353388,-0.000083,0.964029
7946,7.946000,91.353386,95.513748,90.000000,1.353388,-0.000083,0.964029
7947,7.947000,91.353386,95.513748,90.000000,1.353388,-0.000081,0.964029
7948,7.948000,91.353386,95.513748,90.000000,1.353388,-0.000064,0.964029
7949,7.949000,91.353386,95.513748,90.000000,1.353388,-0.000055,0.964029
7950,7.950000,91.353386,95.513748,90.000000,1.353388,-0.000054,0.964029
7951,7.951000,91.353386,95.513748,90.000000,1.353388,-0.000009,0.964029
7952,7.952000,91.353386,95.513748,90.000000,1.353388,0.000026,0.964029
7953,7.953000,91.353386,95.513748,90.000000,1.353388,0.000071,0.964029
7954,7.954000,91.353386,95.513748,90.000000,1.353388,0.000103,0.964029
7955,7.955000,91.353386,95.513748,90.000000,1.353388,0.000134,0.964029
7956,7.956000,91.353386,95.513748,90.000000,1.353388,0.000145,0.964029
7957,7.957000,91.353386,95.513741,90.000000,1.353388,0.000158,0.964029
7958,7.958000,91.353386,95.513741,90.000000,1.353388,0.000174,0.964029
7959,7.959000,91.353386,95.513741,90.000000,1.353388,0.000165,0.964029
7960,7.960000,91.353386,95.513741,90.000000,1.353388,0.000147,0.964029
7961,7.961000,91.353386,95.513741,90.000000,1.353388,0.000142,0.964029
7962,7.962000,91.353386,95.513741,90.000000,1.353388,0.000128,0.964029
7963,7.963000,91.353386,95.513741,90.000000,1.353388,0.000114,0.964029
7964,7.964000,91.353386,95.513741,90.000000,1.353388,0.000117,0.964029
7965,7.965000,91.353386,95.513741,90.000000,1.353388,0.000122,0.964029
7966,7.966000,91.353386,95.513741,90.000000,1.353388,0.000105,0.964029
7967,7.967000,91.353386,95.513741,90.000000,1.353388,0.000105,0.964029
7968,7.968000,91.353386,95.513741,90.000000,1.353388,0.000092,0.964029
7969,7.969000,91.353386,95.513741,90.000000,1.353388,0.000080,0.964029
7970,7.970000,91.353386,95.513741,90.000000,1.353388,0.000076,0.964029
7971,7.971000,91.353386,95.513741,90.000000,1.353388,0.000043,0.964029
7972,7.972000,91.353386,95.513741,90.000000,1.353388,0.000011,0.964029
7973,7.973000,91.353386,95.513741,90.000000,1.353388,-0.000030,0.964029
7974,7.974000,91.353386,95.513741,90.000000,1.353388,-0.000063,0.964029
7975,7.975000,91.353386,95.513741,90.000000,1.353388,-0.000090,0.964029
7976,7.976000,91.353386,95.513741,90.000000,1.353388,-0.000121,0.964029
7977,7.977000,91.353386,95.513748,90.000000,1.353388,-0.000129,0.964029
7978,7.978000,91.353386,95.513748,90.000000,1.353388,-0.000145,0.964029
7979,7.979000,91.353386,95.513748,90.000000,1.353388,-0.000129,0.964029
7980,7.980000,91.353386,95.513748,90.000000,1.353388,-0.000120,0.964029
7981,7.981000,91.353386,95.513748,90.000000,1.353388,-0.000115,0.964029
7982,7.982000,91.353386,95.513748,90.000000,1.353388,-0.000107,0.964029
7983,7.983000,91.353386,95.513748,90.000000,1.353388,-0.000106,0.964029
7984,7.984000,91.353386,95.513748,90.000000,1.353388,-0.000088,0.964029
7985,7.985000,91.353386,95.513748,90.000000,1.353388,-0.000085,0.964029
7986,7.986000,91.353386,95.513748,90.000000,1.353388,-0.000088,0.964029
7987,7.987000,91.353386,95.513748,90.000000,1.353388,-0.000082,0.964029
7988,7.988000,91.353386,95.513748,90.000000,1.353388,-0.000088,0.964029
7989,7.989000,91.353386,95.513748,90.000000,1.353388,-0.000088,0.964029
7990,7.990000,91.353386,95.513748,90.000000,1.353388,-0.000088,0.964029
7991,7.991000,91.353386,95.513748,90.000000,1.353388,-0.000078,0.964029
7992,7.992000,91.353386,95.513748,90.000000,1.353388,-0.000082,0.964029
7993,7.993000,91.353386,95.513748,90.000000,1.353388,-0.000083,0.964029
7994,7.994000,91.353386,95.513748,90.000000,1.353388,-0.000083,0.964029
7995,7.995000,91.353386,95.513748,90.000000,1.353388,-0.000062,0.964029
7996,7.996000,91.353386,95.513748,90.000000,1.353388,-0.000049,0.964029
7997,7.997000,91.353386,95.513748,90.000000,1.353388,-0.000048,0.964029
7998,7.998000,91.353386,95.513748,90.000000,1.353388,-0.000037,0.964029
7999,7.999000,91.353386,95.513748,90.000000,1.353388,0.000001,0.964029
8000,8.000000,91.353386,95.513748,90.000000,1.353388,0.000039,0.964029
8001,8.001000,91.353386,95.513748,90.000000,1.353388,0.000070,0.964029
8002,8.002000,91.353386,95.513748,90.000000,1.353388,0.000110,0.964029
8003,8.003000,91.353386,95.513748,90.000000,1.353388,0.000130,0.964029
8004,8.004000,91.353386,95.513748,90.000000,1.353388,0.000133,0.964029
8005,8.005000,91.353386,95.513741,90.000000,1.353388,0.000154,0.964029
8006,8.006000,91.353386,95.513741,90.000000,1.353388,0.000173,0.964029
8007,8.007000,91.353386,95.513741,90.000000,1.353388,0.000165,0.964029
8008,8.008000,91.353386,95.513741,90.000000,1.353388,0.000143,0.964029
8009,8.009000,91.353386,95.513741,90.000000,1.353388,0.000136,0.964029
8010,8.010000,91.353386,95.513741,90.000000,1.353388,0.000128,0.964029
8011,8.011000,91.353386,95.513741,90.000000,1.353388,0.000117,0.964029
8012,8.012000,91.353386,95.513741,90.000000,1.353388,0.000119,0.964029
8013,8.013000,91.353386,95.513741,90.000000,1.353388,0.000120,0.964029
8014,8.014000,91.353386,95.513741,90.000000,1.353388,0.000114,0.964029
8015,8.015000,91.353386,95.513741,90.000000,1.353388,0.000107,0.964029
8016,8.016000,91.353386,95.513741,90.000000,1.353388,0.000100,0.964029
8017,8.017000,91.353386,95.513741,90.000000,1.353388,0.000091,0.964029
8018,8.018000,91.353386,95.513741,90.000000,1.353388,0.000078,0.964029
8019,8.019000,91.353386,95.513741,90.000000,1.353388,0.000071,0.964029
8020,8.020000,91.353386,95.513741,90.000000,1.353388,0.000037,0.964029
8021,8.021000,91.353386,95.513741,90.000000,1.353388,-0.000009,0.964029
8022,8.022000,91.353386,95.513741,90.000000,1.353388,-0.000043,0.964029
8023,8.023000,91.353386,95.513741,90.000000,1.353388,-0.000075,0.964029
8024,8.024000,91.353386,95.513741,90.000000,1.353388,-0.000100,0.964029
8025,8.025000,91.353386,95.513741,90.000000,1.353388,-0.000122,0.964029
8026,8.026000,91.353386,95.513748,90.000000,1.353388,-0.000143,0.964029
8027,8.027000,91.353386,95.513748,90.000000,1.353388,-0.000149,0.964029
8028,8.028000,91.353386,95.513748,90.000000,1.353388,-0.000137,0.964029
8029,8.029000,91.353386,95.513748,90.000000,1.353388,-0.000132,0.964029
8030,8.030000,91.353386,95.513748,90.000000,1.353388,-0.000124,0.964029
8031,8.031000,91.353386,95.513748,90.000000,1.353388,-0.000118,0.964029
8032,8.032000,91.353386,95.513748,90.000000,1.353388,-0.000110,0.964029
8033,8.033000,91.353386,95.513748,90.000000,1.353388,-0.000101,0.964029
8034,8.034000,91.353386,95.513748,90.000000,1.353388,-0.000099,0.964029
8035,8.035000,91.353386,95.513748,90.000000,1.353388,-0.000092,0.964029
8036,8.036000,91.353386,95.513748,90.000000,1.353388,-0.000094,0.964029
8037,8.037000,91.353386,95.513748,90.000000,1.353388,-0.000094,0.964029
8038,8.038000,91.353386,95.513748,90.000000,1.353388,-0.000094,0.964029
8039,8.039000,91.353386,95.513748,90.000000,1.353388,-0.000094,0.964029
8040,8.040000,91.353386,95.513748,90.000000,1.353388,-0.000094,0.964029
8041,8.041000,91.353386,95.513748,90.000000,1.353388,-0.000086,0.964029
8042,8.042000,91.353386,95.513748,90.000000,1.353388,-0.000074,0.964029
8043,8.043000,91.353386,95.513748,90.000000,1.353388,-0.000061,0.964029
8044,8.044000,91.353386,95.513748,90.000000,1.353388,-0.000055,0.964029
8045,8.045000,91.353386,95.513748,90.000000,1.353388,-0.000042,0.964029
8046,8.046000,91.353386,95.513748,90.000000,1.353388,-0.000036,0.964029
8047,8.047000,91.353386,95.513748,90.000000,1.353388,0.000001,0.964029
8048,8.048000,91.353386,95.513748,90.000000,1.353388,0.000038,0.964029
8049,8.049000,91.353386,95.513748,90.000000,1.353388,0.000072,0.964029
8050,8.050000,91.353386,95.513748,90.000000,1.353388,0.000101,0.964029
8051,8.051000,91.353386,95.513748,90.000000,1.353388,0.000123,0.964029
8052,8.052000,91.353386,95.513748,90.000000,1.353388,0.000148,0.964029
8053,8.053000,91.353386,95.513741,90.000000,1.353388,0.000161,0.964029
8054,8.054000,91.353386,95.513741,90.000000,1.353388,0.000173,0.964029
8055,8.055000,91.353386,95.513741,90.000000,1.353388,0.000167,0.964029
8056,8.056000,91.353386,95.513741,90.000000,1.353388,0.000154,0.964029
8057,8.057000,91.353386,95.513741,90.000000,1.353388,0.000138,0.964029
8058,8.058000,91.353386,95.513741,90.000000,1.353388,0.000135,0.964029
8059,8.059000,91.353386,95.513741,90.000000,1.353388,0.000120,0.964029
8060,8.060000,91.353386,95.513741,90.000000,1.353388,0.000116,0.964029
8061,8.061000,91.353386,95.513741,90.000000,1.353388,0.000115,0.964029
8062,8.062000,91.353386,95.513741,90.000000,1.353388,0.000114,0.964029
8063,8.063000,91.353386,95.513741,90.000000,1.353388,0.000104,0.964029
8064,8.064000,91.353386,95.513741,90.000000,1.353388,0.000101,0.964029
8065,8.065000,91.353386,95.513741,90.000000,1.353388,0.000098,0.964029
8066,8.066000,91.353386,95.513741,90.000000,1.353388,0.000080,0.964029
8067,8.067000,91.353386,95.513741,90.000000,1.353388,0.000072,0.964029
8068,8.068000,91.353386,95.513741,90.000000,1.353388,0.000036,0.964029
8069,8.069000,91.353386,95.513741,90.000000,1.353388,-0.000008,0.964029
8070,8.070000,91.353386,95.513741,90.000000,1.353388,-0.000042,0.964029
8071,8.071000,91.353386,95.513741,90.000000,1.353388,-0.000071,0.964029
8072,8.072000,91.353386,95.513741,90.000000,1.353388,-0.000094,0.964029
8073,8.073000,91.353386,95.513741,90.000000,1.353388,-0.000122,0.964029
8074,8.074000,91.353386,95.513748,90.000000,1.353388,-0.000139,0.964029
8075,8.075000,91.353386,95.513748,90.000000,1.353388,-0.000146,0.964029
8076,8.076000,91.353386,95.513748,90.000000,1.353388,-0.000136,0.964029
8077,8.077000,91.353386,95.513748,90.000000,1.353388,-0.000130,0.964029
8078,8.078000,91.353386,95.513748,90.000000,1.353388,-0.000124,0.964029
8079,8.079000,91.353386,95.513748,90.000000,1.353388,-0.000119,0.964029
8080,8.080000,91.353386,95.513748,90.000000,1.353388,-0.000111,0.964029
8081,8.081000,91.353386,95.513748,90.000000,1.353388,-0.000095,0.964029
8082,8.082000,91.353386,95.513748,90.000000,1.353388,-0.000094,0.964029
8083,8.083000,91.353386,95.513748,90.000000,1.353388,-0.000093,0.964029
8084,8.084000,91.353386,95.513748,90.000000,1.353388,-0.000088,0.964029
8085,8.085000,91.353386,95.513748,90.000000,1.353388,-0.000094,0.964029
8086,8.086000,91.353386,95.513748,90.000000,1.353388,-0.000087,0.964029
8087,8.087000,91.353386,95.513748,90.000000,1.353388,-0.000084,0.964029
8088,8.088000,91.353386,95.513748,90.000000,1.353388,-0.000088,0.964029
8089,8.089000,91.353386,95.513748,90.000000,1.353388,-0.000082,0.964029
8090,8.090000,91.353386,95.513748,90.000000,1.353388,-0.000084,0.964029
8091,8.091000,91.353386,95.513748,90.000000,1.353388,-0.000062,0.964029
8092,8.092000,91.353386,95.513748,90.000000,1.353388,-0.000048,0.964029
8093,8.093000,91.353386,95.513748,90.000000,1.353388,-0.000048,0.964029
8094,8.094000,91.353386,95.513748,90.000000,1.353388,-0.000041,0.964029
8095,8.095000,91.353386,95.513748,90.000000,1.353388,-0.000004,0.964029
8096,8.096000,91.353386,95.513748,90.000000,1.353388,0.000036,0.964029
8097,8.097000,91.353386,95.513748,90.000000,1.353388,0.000073,0.964029
8098,8.098000,91.353386,95.513748,90.000000,1.353388,0.000107,0.964029
8099,8.099000,91.353386,95.513748,90.000000,1.353388,0.000131,0.964029
8100,8.100000,91.353386,95.513748,90.000000,1.353388,0.000141,0.964029
8101,8.101000,91.353386,95.513741,90.000000,1.353388,0.000161,0.964029
8102,8.102000,91.353386,95.513741,90.000000,1.353388,0.000178,0.964029
8103,8.103000,91.353386,95.513741,90.000000,1.353388,0.000170,0.964029
8104,8.104000,91.353386,95.513741,90.000000,1.353388,0.000149,0.964029
8105,8.105000,91.353386,95.513741,90.000000,1.353388,0.000141,0.964029
8106,8.106000,91.353386,95.513741,90.000000,1.353388,0.000131,0.964029
8107,8.107000,91.353386,95.513741,90.000000,1.353388,0.000115,0.964029
8108,8.108000,91.353386,95.513741,90.000000,1.353388,0.000119,0.964029
8109,8.109000,91.353386,95.513741,90.000000,1.353388,0.000122,0.964029
8110,8.110000,91.353386,95.513741,90.000000,1.353388,0.000110,0.964029
8111,8.111000,91.353386,95.513741,90.000000,1.353388,0.000107,0.964029
8112,8.112000,91.353386,95.513741,90.000000,1.353388,0.000099,0.964029
8113,8.113000,91.353386,95.513741,90.000000,1.353388,0.000083,0.964029
8114,8.114000,91.353386,95.513741,90.000000,1.353388,0.000070,0.964029
8115,8.115000,91.353386,95.513741,90.000000,1.353388,0.000044,0.964029
8116,8.116000,91.353386,95.513741,90.000000,1.353388,0.000006,0.964029
8117,8.117000,91.353386,95.513741,90.000000,1.353388,-0.000028,0.964029
8118,8.118000,91.353386,95.513741,90.000000,1.353388,-0.000069,0.964029
8119,8.119000,91.353386,95.513741,90.000000,1.353388,-0.000090,0.964029
8120,8.120000,91.353386,95.513741,90.000000,1.353388,-0.000117,0.964029
8121,8.121000,91.353386,95.513748,90.000000,1.353388,-0.000132,0.964029
8122,8.122000,91.353386,95.513748,90.000000,1.353388,-0.000144,0.964029
8123,8.123000,91.353386,95.513748,90.000000,1.353388,-0.000127,0.964029
8124,8.124000,91.353386,95.513748,90.000000,1.353388,-0.000123,0.964029
8125,8.125000,91.353386,95.513748,90.000000,1.353388,-0.000111,0.964029
8126,8.126000,91.353386,95.513748,90.000000,1.353388,-0.000108,0.964029
8127,8.127000,91.353386,95.513748,90.000000,1.353388,-0.000104,0.964029
8128,8.128000,91.353386,95.513748,90.000000,1.353388,-0.000092,0.964029
8129,8.129000,91.353386,95.513748,90.000000,1.353388,-0.000084,0.964029
8130,8.130000,91.353386,95.513748,90.000000,1.353388,-0.000085,0.964029
8131,8.131000,91.353386,95.513748,90.000000,1.353388,-0.000079,0.964029
8132,8.132000,91.353386,95.513748,90.000000,1.353388,-0.000083,0.964029
8133,8.133000,91.353386,95.513748,90.000000,1.353388,-0.000080,0.964029
8134,8.134000,91.353386,95.513748,90.000000,1.353388,-0.000079,0.964029
8135,8.135000,91.353386,95.513748,90.000000,1.353388,-0.000076,0.964029
8136,8.136000,91.353386,95.513748,90.000000,1.353388,-0.000078,0.964029
8137,8.137000,91.353386,95.513748,90.000000,1.353388,-0.000077,0.964029
8138,8.138000,91.353386,95.513748,90.000000,1.353388,-0.000084,0.964029
8139,8.139000,91.353386,95.513748,90.000000,1.353388,-0.000067,0.964029
8140,8.140000,91.353386,95.513748,90.000000,1.353388,-0.000058,0.964029
8141,8.141000,91.353386,95.513748,90.000000,1.353388,-0.000058,0.964029
8142,8.142000,91.353386,95.513748,90.000000,1.353388,-0.000012,0.964029
8143,8.143000,91.353386,95.513748,90.000000,1.353388,0.000022,0.964029
8144,8.144000,91.353386,95.513748,90.000000,1.353388,0.000061,0.964029
8145,8.145000,91.353386,95.513748,90.000000,1.353388,0.000102,0.964029
8146,8.146000,91.353386,95.513748,90.000000,1.353388,0.000136,0.964029
8147,8.147000,91.353386,95.513748,90.000000,1.353388,0.000141,0.964029
8148,8.148000,91.353386,95.513741,90.000000,1.353388,0.000160,0.964029
8149,8.149000,91.353386,95.513741,90.000000,1.353388,0.000173,0.964029
8150,8.150000,91.353386,95.513741,90.000000,1.353388,0.000160,0.964029
8151,8.151000,91.353386,95.513741,90.000000,1.353388,0.000143,0.964029
8152,8.152000,91.353386,95.513741,90.000000,1.353388,0.000142,0.964029
8153,8.153000,91.353386,95.513741,90.000000,1.353388,0.000126,0.964029
8154,8.154000,91.353386,95.513741,90.000000,1.353388,0.000115,0.964029
8155,8.155000,91.353386,95.513741,90.000000,1.353388,0.000117,0.964029
8156,8.156000,91.353386,95.513741,90.000000,1.353388,0.000123,0.964029
8157,8.157000,91.353386,95.513741,90.000000,1.353388,0.000116,0.964029
8158,8.158000,91.353386,95.513741,90.000000,1.353388,0.000104,0.964029
8159,8.159000,91.353386,95.513741,90.000000,1.353388,0.000101,0.964029
8160,8.160000,91.353386,95.513741,90.000000,1.353388,0.000087,0.964029
8161,8.161000,91.353386,95.513741,90.000000,1.353388,0.000073,0.964029
8162,8.162000,91.353386,95.513741,90.000000,1.353388,0.000046,0.964029
8163,8.163000,91.353386,95.513741,90.000000,1.353388,0.000002,0.964029
8164,8.164000,91.353386,95.513741,90.000000,1.353388,-0.000031,0.964029
8165,8.165000,91.353386,95.513741,90.000000,1.353388,-0.000068,0.964029
8166,8.166000,91.353386,95.513741,90.000000,1.353388,-0.000093,0.964029
8167,8.167000,91.353386,95.513741,90.000000,1.353388,-0.000117,0.964029
8168,8.168000,91.353386,95.513748,90.000000,1.353388,-0.000137,0.964029
8169,8.169000,91.353386,95.513748,90.000000,1.353388,-0.000145,0.964029
8170,8.170000,91.353386,95.513748,90.000000,1.353388,-0.000128,0.964029
8171,8.171000,91.353386,95.513748,90.000000,1.353388,-0.000124,0.964029
8172,8.172000,91.353386,95.513748,90.000000,1.353388,-0.000113,0.964029
8173,8.173000,91.353386,95.513748,90.000000,1.353388,-0.000108,0.964029
8174,8.174000,91.353386,95.513748,90.000000,1.353388,-0.000105,0.964029
8175,8.175000,91.353386,95.513748,90.000000,1.353388,-0.000088,0.964029
8176,8.176000,91.353386,95.513748,90.000000,1.353388,-0.000088,0.964029
8177,8.177000,91.353386,95.513748,90.000000,1.353388,-0.000086,0.964029
8178,8.178000,91.353386,95.513748,90.000000,1.353388,-0.000080,0.964029
8179,8.179000,91.353386,95.513748,90.000000,1.353388,-0.000086,0.964029
8180,8.180000,91.353386,95.513748,90.000000,1.353388,-0.000083,0.964029
8181,8.181000,91.353386,95.513748,90.000000,1.353388,-0.000088,0.964029
8182,8.182000,91.353386,95.513748,90.000000,1.353388,-0.000076,0.964029
8183,8.183000,91.353386,95.513748,90.000000,1.353388,-0.000082,0.964029
8184,8.184000,91.353386,95.513748,90.000000,1.353388,-0.000078,0.964029
8185,8.185000,91.353386,95.513748,90.000000,1.353388,-0.000086,0.964029
8186,8.186000,91.353386,95.513748,90.000000,1.353388,-0.000062,0.964029
8187,8.187000,91.353386,95.513748,90.000000,1.353388,-0.000057,0.964029
8188,8.188000,91.353386,95.513748,90.000000,1.353388,-0.000048,0.964029
8189,8.189000,91.353386,95.513748,90.000000,1.353388,-0.000034,0.964029
8190,8.190000,91.353386,95.513748,90.000000,1.353388,-0.000003,0.964029
8191,8.191000,91.353386,95.513748,90.000000,1.353388,0.000031,0.964029
8192,8.192000,91.353386,95.513748,90.000000,1.353388,0.000068,0.964029
8193,8.193000,91.353386,95.513748,90.000000,1.353388,0.000106,0.964029
8194,8.194000,91.353386,95.513748,90.000000,1.353388,0.000130,0.964029
8195,8.195000,91.353386,95.513748,90.000000,1.353388,0.000142,0.964029
8196,8.196000,91.353386,95.513741,90.000000,1.353388,0.000161,0.964029
8197,8.197000,91.353386,95.513741,90.000000,1.353388,0.000177,0.964029
8198,8.198000,91.353386,95.513741,90.000000,1.353388,0.000170,0.964029
8199,8.199000,91.353386,95.513741,90.000000,1.353388,0.000152,0.964029
8200,8.200000,91.353386,95.513741,90.000000,1.353388,0.000139,0.964029
8201,8.201000,91.353386,95.513741,90.000000,1.353388,0.000130,0.964029
8202,8.202000,91.353386,95.513741,90.000000,1.353388,0.000113,0.964029
8203,8.203000,91.353386,95.513741,90.000000,1.353388,0.000117,0.964029
8204,8.204000,91.353386,95.513741,90.000000,1.353388,0.000118,0.964029
8205,8.205000,91.353386,95.513741,90.000000,1.353388,0.000117,0.964029
8206,8.206000,91.353386,95.513741,90.000000,1.353388,0.000104,0.964029
8207,8.207000,91.353386,95.513741,90.000000,1.353388,0.000099,0.964029
8208,8.208000,91.353386,95.513741,90.000000,1.353388,0.000093,0.964029
8209,8.209000,91.353386,95.513741,90.000000,1.353388,0.000076,0.964029
8210,8.210000,91.353386,95.513741,90.000000,1.353388,0.000050,0.964029
8211,8.211000,91.353386,95.513741,90.000000,1.353388,0.000011,0.964029
8212,8.212000,91.353386,95.513741,90.000000,1.353388,-0.000026,0.964029
8213,8.213000,91.353386,95.513741,90.000000,1.353388,-0.000063,0.964029
8214,8.214000,91.353386,95.513741,90.000000,1.353388,-0.000086,0.964029
8215,8.215000,91.353386,95.513741,90.000000,1.353388,-0.000117,0.964029
8216,8.216000,91.353386,95.513748,90.000000,1.353388,-0.000138,0.964029
8217,8.217000,91.353386,95.513748,90.000000,1.353388,-0.000151,0.964029
8218,8.218000,91.353386,95.513748,90.000000,1.353388,-0.000131,0.964029
8219,8.219000,91.353386,95.513748,90.000000,1.353388,-0.000124,0.964029
8220,8.220000,91.353386,95.513748,90.000000,1.353388,-0.000111,0.964029
8221,8.221000,91.353386,95.513748,90.000000,1.353388,-0.000104,0.964029
8222,8.222000,91.353386,95.513748,90.000000,1.353388,-0.000100,0.964029
8223,8.223000,91.353386,95.513748,90.000000,1.353388,-0.000089,0.964029
8224,8.224000,91.353386,95.513748,90.000000,1.353388,-0.000083,0.964029
8225,8.225000,91.353386,95.513748,90.000000,1.353388,-0.000087,0.964029
8226,8.226000,91.353386,95.513748,90.000000,1.353388,-0.000083,0.964029
8227,8.227000,91.353386,95.513748,90.000000,1.353388,-0.000081,0.964029
8228,8.228000,91.353386,95.513748,90.000000,1.353388,-0.000092,0.964029
8229,8.229000,91.353386,95.513748,90.000000,1.353388,-0.000086,0.964029
8230,8.230000,91.353386,95.513748,90.000000,1.353388,-0.000079,0.964029
8231,8.231000,91.353386,95.513748,90.000000,1.353388,-0.000081,0.964029
8232,8.232000,91.353386,95.513748,90.000000,1.353388,-0.000080,0.964029
8233,8.233000,91.353386,95.513748,90.000000,1.353388,-0.000081,0.964029
8234,8.234000,91.353386,95.513748,90.000000,1.353388,-0.000065,0.964029
8235,8.235000,91.353386,95.513748,90.000000,1.353388,-0.000055,0.964029
8236,8.236000,91.353386,95.513748,90.000000,1.353388,-0.000052,0.964029
8237,8.237000,91.353386,95.513748,90.000000,1.353388,-0.000041,0.964029
8238,8.238000,91.353386,95.513748,90.000000,1.353388,-0.000001,0.964029
8239,8.239000,91.353386,95.513748,90.000000,1.353388,0.000041,0.964029
8240,8.240000,91.353386,95.513748,90.000000,1.353388,0.000070,0.964029
8241,8.241000,91.353386,95.513748,90.000000,1.353388,0.000112,0.964029
8242,8.242000,91.353386,95.513748,90.000000,1.353388,0.000137,0.964029
8243,8.243000,91.353386,95.513748,90.000000,1.353388,0.000146,0.964029
8244,8.244000,91.353386,95.513741,90.000000,1.353388,0.000157,0.964029
8245,8.245000,91.353386,95.513741,90.000000,1.353388,0.000178,0.964029
8246,8.246000,91.353386,95.513741,90.000000,1.353388,0.000165,0.964029
8247,8.247000,91.353386,95.513741,90.000000,1.353388,0.000148,0.964029
8248,8.248000,91.353386,95.513741,90.000000,1.353388,0.000143,0.964029
8249,8.249000,91.353386,95.513741,90.000000,1.353388,0.000133,0.964029
8250,8.250000,91.353386,95.513741,90.000000,1.353388,0.000121,0.964029
8251,8.251000,91.353386,95.513741,90.000000,1.353388,0.000122,0.964029
8252,8.252000,91.353386,95.513741,90.000000,1.353388,0.000120,0.964029
8253,8.253000,91.353386,95.513741,90.000000,1.353388,0.000111,0.964029
8254,8.254000,91.353386,95.513741,90.000000,1.353388,0.000104,0.964029
8255,8.255000,91.353386,95.513741,90.000000,1.353388,0.000091,0.964029
8256,8.256000,91.353386,95.513741,90.000000,1.353388,0.000082,0.964029
8257,8.257000,91.353386,95.513741,90.000000,1.353388,0.000072,0.964029
8258,8.258000,91.353386,95.513741,90.000000,1.353388,0.000038,0.964029
8259,8.259000,91.353386,95.513741,90.000000,1.353388,0.000003,0.964029
8260,8.260000,91.353386,95.513741,90.000000,1.353388,-0.000031,0.964029
8261,8.261000,91.353386,95.513741,90.000000,1.353388,-0.000067,0.964029
8262,8.262000,91.353386,95.513741,90.000000,1.353388,-0.000092,0.964029
8263,8.263000,91.353386,95.513741,90.000000,1.353388,-0.000123,0.964029
8264,8.264000,91.353386,95.513748,90.000000,1.353388,-0.000139,0.964029
8265,8.265000,91.353386,95.513748,90.000000,1.353388,-0.000147,0.964029
8266,8.266000,91.353386,95.513748,90.000000,1.353388,-0.000128,0.964029
8267,8.267000,91.353386,95.513748,90.000000,1.353388,-0.000125,0.964029
8268,8.268000,91.353386,95.513748,90.000000,1.353388,-0.000118,0.964029
8269,8.269000,91.353386,95.513748,90.000000,1.353388,-0.000109,0.964029
8270,8.270000,91.353386,95.513748,90.000000,1.353388,-0.000106,0.964029
8271,8.271000,91.353386,95.513748,90.000000,1.353388,-0.000090,0.964029
8272,8.272000,91.353386,95.513748,90.000000,1.353388,-0.000084,0.964029
8273,8.273000,91.353386,95.513748,90.000000,1.353388,-0.000085,0.964029
8274,8.274000,91.353386,95.513748,90.000000,1.353388,-0.000081,0.964029
8275,8.275000,91.353386,95.513748,90.000000,1.353388,-0.000081,0.964029
8276,8.276000,91.353386,95.513748,90.000000,1.353388,-0.000081,0.964029
8277,8.277000,91.353386,95.513748,90.000000,1.353388,-0.000086,0.964029
8278,8.278000,91.353386,95.513748,90.000000,1.353388,-0.000080,0.964029
8279,8.279000,91.353386,95.513748,90.000000,1.353388,-0.000081,0.964029
8280,8.280000,91.353386,95.513748,90.000000,1.353388,-0.000082,0.964029
8281,8.281000,91.353386,95.513748,90.000000,1.353388,-0.000084,0.964029
8282,8.282000,91.353386,95.513748,90.000000,1.353388,-0.000069,0.964029
8283,8.283000,91.353386,95.513748,90.000000,1.353388,-0.000055,0.964029
8284,8.284000,91.353386,95.513748,90.000000,1.353388,-0.000049,0.964029
8285,8.285000,91.353386,95.513748,90.000000,1.353388,-0.000040,0.964029
8286,8.286000,91.353386,95.513748,90.000000,1.353388,-0.000006,0.964029
8287,8.287000,91.353386,95.513748,90.000000,1.353388,0.000034,0.964029
8288,8.288000,91.353386,95.513748,90.000000,1.353388,0.000069,0.964029
8289,8.289000,91.353386,95.513748,90.000000,1.353388,0.000111,0.964029
8290,8.290000,91.353386,95.513748,90.000000,1.353388,0.000135,0.964029
8291,8.291000,91.353386,95.513748,90.000000,1.353388,0.000147,0.964029
8292,8.292000,91.353386,95.513741,90.000000,1.353388,0.000167,0.964029
8293,8.293000,91.353386,95.513741,90.000000,1.353388,0.000178,0.964029
8294,8.294000,91.353386,95.513741,90.000000,1.353388,0.000173,0.964029
8295,8.295000,91.353386,95.513741,90.000000,1.353388,0.000152,0.964029
8296,8.296000,91.353386,95.513741,90.000000,1.353388,0.000141,0.964029
8297,8.297000,91.353386,95.513741,90.000000,1.353388,0.000134,0.964029
8298,8.298000,91.353386,95.513741,90.000000,1.353388,0.000117,0.964029
8299,8.299000,91.353386,95.513741,90.000000,1.353388,0.000118,0.964029
8300,8.300000,91.353386,95.513741,90.000000,1.353388,0.000114,0.964029
8301,8.301000,91.353386,95.513741,90.000000,1.353388,0.000102,0.964029
8302,8.302000,91.353386,95.513741,90.000000,1.353388,0.000099,0.964029
8303,8.303000,91.353386,95.513741,90.000000,1.353388,0.000097,0.964029
8304,8.304000,91.353386,95.513741,90.000000,1.353388,0.000082,0.964029
8305,8.305000,91.353386,95.513741,90.000000,1.353388,0.000074,0.964029
8306,8.306000,91.353386,95.513741,90.000000,1.353388,0.000046,0.964029
8307,8.307000,91.353386,95.513741,90.000000,1.353388,0.000012,0.964029
8308,8.308000,91.353386,95.513741,90.000000,1.353388,-0.000031,0.964029
8309,8.309000,91.353386,95.513741,90.000000,1.353388,-0.000062,0.964029
8310,8.310000,91.353386,95.513741,90.000000,1.353388,-0.000091,0.964029
8311,8.311000,91.353386,95.513741,90.000000,1.353388,-0.000117,0.964029
8312,8.312000,91.353386,95.513748,90.000000,1.353388,-0.000135,0.964029
8313,8.313000,91.353386,95.513748,90.000000,1.353388,-0.000149,0.964029
8314,8.314000,91.353386,95.513748,90.000000,1.353388,-0.000133,0.964029
8315,8.315000,91.353386,95.513748,90.000000,1.353388,-0.000123,0.964029
8316,8.316000,91.353386,95.513748,90.000000,1.353388,-0.000110,0.964029
8317,8.317000,91.353386,95.513748,90.000000,1.353388,-0.000104,0.964029
8318,8.318000,91.353386,95.513748,90.000000,1.353388,-0.000101,0.964029
8319,8.319000,91.353386,95.513748,90.000000,1.353388,-0.000090,0.964029
8320,8.320000,91.353386,95.513748,90.000000,1.353388,-0.000081,0.964029
8321,8.321000,91.353386,95.513748,90.000000,1.353388,-0.000083,0.964029
8322,8.322000,91.353386,95.513748,90.000000,1.353388,-0.000074,0.964029
8323,8.323000,91.353386,95.513748,90.000000,1.353388,-0.000079,0.964029
8324,8.324000,91.353386,95.513748,90.000000,1.353388,-0.000080,0.964029
8325,8.325000,91.353386,95.513748,90.000000,1.353388,-0.000083,0.964029
8326,8.326000,91.353386,95.513748,90.000000,1.353388,-0.000078,0.964029
8327,8.327000,91.353386,95.513748,90.000000,1.353388,-0.000081,0.964029
8328,8.328000,91.353386,95.513748,90.000000,1.353388,-0.000085,0.964029
8329,8.329000,91.353386,95.513748,90.000000,1.353388,-0.000088,0.964029
8330,8.330000,91.353386,95.513748,90.000000,1.353388,-0.000072,0.964029
8331,8.331000,91.353386,95.513748,90.000000,1.353388,-0.000062,0.964029
8332,8.332000,91.353386,95.513748,90.000000,1.353388,-0.000062,0.964029
8333,8.333000,91.353386,95.513748,90.000000,1.353388,-0.000044,0.964029
8334,8.334000,91.353386,95.513748,90.000000,1.353388,-0.000009,0.964029
8335,8.335000,91.353386,95.513748,90.000000,1.353388,0.000036,0.964029
8336,8.336000,91.353386,95.513748,90.000000,1.353388,0.000067,0.964029
8337,8.337000,91.353386,95.513748,90.000000,1.353388,0.000111,0.964029
8338,8.338000,91.353386,95.513748,90.000000,1.353388,0.000128,0.964029
8339,8.339000,91.353386,95.513748,90.000000,1.353388,0.000148,0.964029
8340,8.340000,91.353386,95.513741,90.000000,1.353388,0.000160,0.964029
8341,8.341000,91.353386,95.513741,90.000000,1.353388,0.000182,0.964029
8342,8.342000,91.353386,95.513741,90.000000,1.353388,0.000169,0.964029
8343,8.343000,91.353386,95.513741,90.000000,1.353388,0.000147,0.964029
8344,8.344000,91.353386,95.513741,90.000000,1.353388,0.000138,0.964029
8345,8.345000,91.353386,95.513741,90.000000,1.353388,0.000136,0.964029
8346,8.346000,91.353386,95.513741,90.000000,1.353388,0.000113,0.964029
8347,8.347000,91.353386,95.513741,90.000000,1.353388,0.000119,0.964029
8348,8.348000,91.353386,95.513741,90.000000,1.353388,0.000117,0.964029
8349,8.349000,91.353386,95.513741,90.000000,1.353388,0.000113,0.964029
8350,8.350000,91.353386,95.513741,90.000000,1.353388,0.000102,0.964029
8351,8.351000,91.353386,95.513741,90.000000,1.353388,0.000100,0.964029
8352,8.352000,91.353386,95.513741,90.000000,1.353388,0.000093,0.964029
8353,8.353000,91.353386,95.513741,90.000000,1.353388,0.000082,0.964029
8354,8.354000,91.353386,95.513741,90.000000,1.353388,0.000076,0.964029
8355,8.355000,91.353386,95.513741,90.000000,1.353388,0.000037,0.964029
8356,8.356000,91.353386,95.513741,90.000000,1.353388,-0.000007,0.964029
8357,8.357000,91.353386,95.513741,90.000000,1.353388,-0.000037,0.964029
8358,8.358000,91.353386,95.513741,90.000000,1.353388,-0.000064,0.964029
8359,8.359000,91.353386,95.513741,90.000000,1.353388,-0.000095,0.964029
8360,8.360000,91.353386,95.513741,90.000000,1.353388,-0.000132,0.964029
8361,8.361000,91.353386,95.513748,90.000000,1.353388,-0.000142,0.964029
8362,8.362000,91.353386,95.513748,90.000000,1.353388,-0.000148,0.964029
8363,8.363000,91.353386,95.513748,90.000000,1.353388,-0.000135,0.964029
8364,8.364000,91.353386,95.513748,90.000000,1.353388,-0.000128,0.964029
8365,8.365000,91.353386,95.513748,90.000000,1.353388,-0.000111,0.964029
8366,8.366000,91.353386,95.513748,90.000000,1.353388,-0.000104,0.964029
8367,8.367000,91.353386,95.513748,90.000000,1.353388,-0.000100,0.964029
8368,8.368000,91.353386,95.513748,90.000000,1.353388,-0.000087,0.964029
8369,8.369000,91.353386,95.513748,90.000000,1.353388,-0.000080,0.964029
8370,8.370000,91.353386,95.513748,90.000000,1.353388,-0.000087,0.964029
8371,8.371000,91.353386,95.513748,90.000000,1.353388,-0.000086,0.964029
8372,8.372000,91.353386,95.513748,90.000000,1.353388,-0.000081,0.964029
8373,8.373000,91.353386,95.513748,90.000000,1.353388,-0.000092,0.964029
8374,8.374000,91.353386,95.513748,90.000000,1.353388,-0.000090,0.964029
8375,8.375000,91.353386,95.513748,90.000000,1.353388,-0.000081,0.964029
8376,8.376000,91.353386,95.513748,90.000000,1.353388,-0.000084,0.964029
8377,8.377000,91.353386,95.513748,90.000000,1.353388,-0.000082,0.964029
8378,8.378000,91.353386,95.513748,90.000000,1.353388,-0.000083,0.964029
8379,8.379000,91.353386,95.513748,90.000000,1.353388,-0.000071,0.964029
8380,8.380000,91.353386,95.513748,90.000000,1.353388,-0.000055,0.964029
8381,8.381000,91.353386,95.513748,90.000000,1.353388,-0.000048,0.964029
8382,8.382000,91.353386,95.513748,90.000000,1.353388,-0.000035,0.964029
8383,8.383000,91.353386,95.513748,90.000000,1.353388,-0.000028,0.964029
8384,8.384000,91.353386,95.513748,90.000000,1.353388,0.000007,0.964029
8385,8.385000,91.353386,95.513748,90.000000,1.353388,0.000042,0.964029
8386,8.386000,91.353386,95.513748,90.000000,1.353388,0.000077,0.964029
8387,8.387000,91.353386,95.513748,90.000000,1.353388,0.000099,0.964029
8388,8.388000,91.353386,95.513748,90.000000,1.353388,0.000126,0.964029
8389,8.389000,91.353386,95.513748,90.000000,1.353388,0.000144,0.964029
8390,8.390000,91.353386,95.513741,90.000000,1.353388,0.000157,0.964029
8391,8.391000,91.353386,95.513741,90.000000,1.353388,0.000179,0.964029
8392,8.392000,91.353386,95.513741,90.000000,1.353388,0.000167,0.964029
8393,8.393000,91.353386,95.513741,90.000000,1.353388,0.000146,0.964029
8394,8.394000,91.353386,95.513741,90.000000,1.353388,0.000138,0.964029
8395,8.395000,91.353386,95.513741,90.000000,1.353388,0.000135,0.964029
8396,8.396000,91.353386,95.513741,90.000000,1.353388,0.000116,0.964029
8397,8.397000,91.353386,95.513741,90.000000,1.353388,0.000122,0.964029
8398,8.398000,91.353386,95.513741,90.000000,1.353388,0.000122,0.964029
8399,8.399000,91.353386,95.513741,90.000000,1.353388,0.000106,0.964029
8400,8.400000,91.353386,95.513741,90.000000,1.353388,0.000106,0.964029
8401,8.401000,91.353386,95.513741,90.000000,1.353388,0.000099,0.964029
8402,8.402000,91.353386,95.513741,90.000000,1.353388,0.000091,0.964029
8403,8.403000,91.353386,95.513741,90.000000,1.353388,0.000070,0.964029
8404,8.404000,91.353386,95.513741,90.000000,1.353388,0.000069,0.964029
8405,8.405000,91.353386,95.513741,90.000000,1.353388,0.000032,0.964029
8406,8.406000,91.353386,95.513741,90.000000,1.353388,-0.000010,0.964029
8407,8.407000,91.353386,95.513741,90.000000,1.353388,-0.000042,0.964029
8408,8.408000,91.353386,95.513741,90.000000,1.353388,-0.000073,0.964029
8409,8.409000,91.353386,95.513741,90.000000,1.353388,-0.000095,0.964029
8410,8.410000,91.353386,95.513741,90.000000,1.353388,-0.000124,0.964029
8411,8.411000,91.353386,95.513748,90.000000,1.353388,-0.000142,0.964029
8412,8.412000,91.353386,95.513748,90.000000,1.353388,-0.000142,0.964029
8413,8.413000,91.353386,95.513748,90.000000,1.353388,-0.000132,0.964029
8414,8.414000,91.353386,95.513748,90.000000,1.353388,-0.000124,0.964029
8415,8.415000,91.353386,95.513748,90.000000,1.353388,-0.000116,0.964029
8416,8.416000,91.353386,95.513748,90.000000,1.353388,-0.000111,0.964029
8417,8.417000,91.353386,95.513748,90.000000,1.353388,-0.000109,0.964029
8418,8.418000,91.353386,95.513748,90.000000,1.353388,-0.000092,0.964029
8419,8.419000,91.353386,95.513748,90.000000,1.353388,-0.000089,0.964029
8420,8.420000,91.353386,95.513748,90.000000,1.353388,-0.000088,0.964029
8421,8.421000,91.353386,95.513748,90.000000,1.353388,-0.000080,0.964029
8422,8.422000,91.353386,95.513748,90.000000,1.353388,-0.000088,0.964029
8423,8.423000,91.353386,95.513748,90.000000,1.353388,-0.000088,0.964029
8424,8.424000,91.353386,95.513748,90.000000,1.353388,-0.000083,0.964029
8425,8.425000,91.353386,95.513748,90.000000,1.353388,-0.000084,0.964029
8426,8.426000,91.353386,95.513748,90.000000,1.353388,-0.000081,0.964029
8427,8.427000,91.353386,95.513748,90.000000,1.353388,-0.000091,0.964029
8428,8.428000,91.353386,95.513748,90.000000,1.353388,-0.000077,0.964029
8429,8.429000,91.353386,95.513748,90.000000,1.353388,-0.000060,0.964029
8430,8.430000,91.353386,95.513748,90.000000,1.353388,-0.000057,0.964029
8431,8.431000,91.353386,95.513748,90.000000,1.353388,-0.000045,0.964029
8432,8.432000,91.353386,95.513748,90.000000,1.353388,-0.000041,0.964029
8433,8.433000,91.353386,95.513748,90.000000,1.353388,0.000003,0.964029
8434,8.434000,91.353386,95.513748,90.000000,1.353388,0.000038,0.964029
8435,8.435000,91.353386,95.513748,90.000000,1.353388,0.000080,0.964029
8436,8.436000,91.353386,95.513748,90.000000,1.353388,0.000105,0.964029
8437,8.437000,91.353386,95.513748,90.000000,1.353388,0.000128,0.964029
8438,8.438000,91.353386,95.513748,90.000000,1.353388,0.000154,0.964029
8439,8.439000,91.353386,95.513741,90.000000,1.353388,0.000163,0.964029
8440,8.440000,91.353386,95.513741,90.000000,1.353388,0.000180,0.964029
8441,8.441000,91.353386,95.513741,90.000000,1.353388,0.000169,0.964029
8442,8.442000,91.353386,95.513741,90.000000,1.353388,0.000149,0.964029
8443,8.443000,91.353386,95.513741,90.000000,1.353388,0.000136,0.964029
8444,8.444000,91.353386,95.513741,90.000000,1.353388,0.000135,0.964029
8445,8.445000,91.353386,95.513741,90.000000,1.353388,0.000119,0.964029
8446,8.446000,91.353386,95.513741,90.000000,1.353388,0.000121,0.964029
8447,8.447000,91.353386,95.513741,90.000000,1.353388,0.000123,0.964029
8448,8.448000,91.353386,95.513741,90.000000,1.353388,0.000106,0.964029
8449,8.449000,91.353386,95.513741,90.000000,1.353388,0.000108,0.964029
8450,8.450000,91.353386,95.513741,90.000000,1.353388,0.000097,0.964029
8451,8.451000,91.353386,95.513741,90.000000,1.353388,0.000082,0.964029
8452,8.452000,91.353386,95.513741,90.000000,1.353388,0.000070,0.964029
8453,8.453000,91.353386,95.513741,90.000000,1.353388,0.000064,0.964029
8454,8.454000,91.353386,95.513741,90.000000,1.353388,0.000030,0.964029
8455,8.455000,91.353386,95.513741,90.000000,1.353388,-0.000011,0.964029
8456,8.456000,91.353386,95.513741,90.000000,1.353388,-0.000046,0.964029
8457,8.457000,91.353386,95.513741,90.000000,1.353388,-0.000076,0.964029
8458,8.458000,91.353386,95.513741,90.000000,1.353388,-0.000095,0.964029
8459,8.459000,91.353386,95.513741,90.000000,1.353388,-0.000122,0.964029
8460,8.460000,91.353386,95.513748,90.000000,1.353388,-0.000133,0.964029
8461,8.461000,91.353386,95.513748,90.000000,1.353388,-0.000142,0.964029
8462,8.462000,91.353386,95.513748,90.000000,1.353388,-0.000133,0.964029
8463,8.463000,91.353386,95.513748,90.000000,1.353388,-0.000121,0.964029
8464,8.464000,91.353386,95.513748,90.000000,1.353388,-0.000118,0.964029
8465,8.465000,91.353386,95.513748,90.000000,1.353388,-0.000115,0.964029
8466,8.466000,91.353386,95.513748,90.000000,1.353388,-0.000113,0.964029
8467,8.467000,91.353386,95.513748,90.000000,1.353388,-0.000093,0.964029
8468,8.468000,91.353386,95.513748,90.000000,1.353388,-0.000094,0.964029
8469,8.469000,91.353386,95.513748,90.000000,1.353388,-0.000094,0.964029
8470,8.470000,91.353386,95.513748,90.000000,1.353388,-0.000088,0.964029
8471,8.471000,91.353386,95.513748,90.000000,1.353388,-0.000093,0.964029
8472,8.472000,91.353386,95.513748,90.000000,1.353388,-0.000089,0.964029
8473,8.473000,91.353386,95.513748,90.000000,1.353388,-0.000084,0.964029
8474,8.474000,91.353386,95.513748,90.000000,1.353388,-0.000091,0.964029
8475,8.475000,91.353386,95.513748,90.000000,1.353388,-0.000087,0.964029
8476,8.476000,91.353386,95.513748,90.000000,1.353388,-0.000086,0.964029
8477,8.477000,91.353386,95.513748,90.000000,1.353388,-0.000069,0.964029
8478,8.478000,91.353386,95.513748,90.000000,1.353388,-0.000055,0.964029
8479,8.479000,91.353386,95.513748,90.000000,1.353388,-0.000052,0.964029
8480,8.480000,91.353386,95.513748,90.000000,1.353388,-0.000038,0.964029
8481,8.481000,91.353386,95.513748,90.000000,1.353388,-0.000006,0.964029
8482,8.482000,91.353386,95.513748,90.000000,1.353388,0.000035,0.964029
8483,8.483000,91.353386,95.513748,90.000000,1.353388,0.000073,0.964029
8484,8.484000,91.353386,95.513748,90.000000,1.353388,0.000106,0.964029
8485,8.485000,91.353386,95.513748,90.000000,1.353388,0.000131,0.964029
8486,8.486000,91.353386,95.513748,90.000000,1.353388,0.000148,0.964029
8487,8.487000,91.353386,95.513741,90.000000,1.353388,0.000158,0.964029
8488,8.488000,91.353386,95.513741,90.000000,1.353388,0.000175,0.964029
8489,8.489000,91.353386,95.513741,90.000000,1.353388,0.000172,0.964029
8490,8.490000,91.353386,95.513741,90.000000,1.353388,0.000150,0.964029
8491,8.491000,91.353386,95.513741,90.000000,1.353388,0.000139,0.964029
8492,8.492000,91.353386,95.513741,90.000000,1.353388,0.000135,0.964029
8493,8.493000,91.353386,95.513741,90.000000,1.353388,0.000113,0.964029
8494,8.494000,91.353386,95.513741,90.000000,1.353388,0.000122,0.964029
8495,8.495000,91.353386,95.513741,90.000000,1.353388,0.000120,0.964029
8496,8.496000,91.353386,95.513741,90.000000,1.353388,0.000113,0.964029
8497,8.497000,91.353386,95.513741,90.000000,1.353388,0.000105,0.964029
8498,8.498000,91.353386,95.513741,90.000000,1.353388,0.000096,0.964029
8499,8.499000,91.353386,95.513741,90.000000,1.353388,0.000086,0.964029
8500,8.500000,91.353386,95.513741,90.000000,1.353388,0.000074,0.964029
8501,8.501000,91.353386,95.513741,90.000000,1.353388,0.000041,0.964029
8502,8.502000,91.353386,95.513741,90.000000,1.353388,0.000007,0.964029
8503,8.503000,91.353386,95.513741,90.000000,1.353388,-0.000030,0.964029
8504,8.504000,91.353386,95.513741,90.000000,1.353388,-0.000069,0.964029
8505,8.505000,91.353386,95.513741,90.000000,1.353388,-0.000093,0.964029
8506,8.506000,91.353386,95.513741,90.000000,1.353388,-0.000120,0.964029
8507,8.507000,91.353386,95.513748,90.000000,1.353388,-0.000133,0.964029
8508,8.508000,91.353386,95.513748,90.000000,1.353388,-0.000145,0.964029
8509,8.509000,91.353386,95.513748,90.000000,1.353388,-0.000133,0.964029
8510,8.510000,91.353386,95.513748,90.000000,1.353388,-0.000126,0.964029
8511,8.511000,91.353386,95.513748,90.000000,1.353388,-0.000122,0.964029
8512,8.512000,91.353386,95.513748,90.000000,1.353388,-0.000114,0.964029
8513,8.513000,91.353386,95.513748,90.000000,1.353388,-0.000109,0.964029
8514,8.514000,91.353386,95.513748,90.000000,1.353388,-0.000096,0.964029
8515,8.515000,91.353386,95.513748,90.000000,1.353388,-0.000094,0.964029
8516,8.516000,91.353386,95.513748,90.000000,1.353388,-0.000094,0.964029
8517,8.517000,91.353386,95.513748,90.000000,1.353388,-0.000092,0.964029
8518,8.518000,91.353386,95.513748,90.000000,1.353388,-0.000096,0.964029
8519,8.519000,91.353386,95.513748,90.000000,1.353388,-0.000088,0.964029
8520,8.520000,91.353386,95.513748,90.000000,1.353388,-0.000080,0.964029
8521,8.521000,91.353386,95.513748,90.000000,1.353388,-0.000088,0.964029
8522,8.522000,91.353386,95.513748,90.000000,1.353388,-0.000086,0.964029
8523,8.523000,91.353386,95.513748,90.000000,1.353388,-0.000086,0.964029
8524,8.524000,91.353386,95.513748,90.000000,1.353388,-0.000068,0.964029
8525,8.525000,91.353386,95.513748,90.000000,1.353388,-0.000058,0.964029
8526,8.526000,91.353386,95.513748,90.000000,1.353388,-0.000048,0.964029
8527,8.527000,91.353386,95.513748,90.000000,1.353388,-0.000008,0.964029
8528,8.528000,91.353386,95.513748,90.000000,1.353388,0.000024,0.964029
8529,8.529000,91.353386,95.513748,90.000000,1.353388,0.000061,0.964029
8530,8.530000,91.353386,95.513748,90.000000,1.353388,0.000096,0.964029
8531,8.531000,91.353386,95.513748,90.000000,1.353388,0.000133,0.964029
8532,8.532000,91.353386,95.513748,90.000000,1.353388,0.000152,0.964029
8533,8.533000,91.353386,95.513741,90.000000,1.353388,0.000166,0.964029
8534,8.534000,91.353386,95.513741,90.000000,1.353388,0.000184,0.964029
8535,8.535000,91.353386,95.513741,90.000000,1.353388,0.000168,0.964029
8536,8.536000,91.353386,95.513741,90.000000,1.353388,0.000150,0.964029
8537,8.537000,91.353386,95.513741,90.000000,1.353388,0.000142,0.964029
8538,8.538000,91.353386,95.513741,90.000000,1.353388,0.000135,0.964029
8539,8.539000,91.353386,95.513741,90.000000,1.353388,0.000115,0.964029
8540,8.540000,91.353386,95.513741,90.000000,1.353388,0.000117,0.964029
8541,8.541000,91.353386,95.513741,90.000000,1.353388,0.000115,0.964029
8542,8.542000,91.353386,95.513741,90.000000,1.353388,0.000103,0.964029
8543,8.543000,91.353386,95.513741,90.000000,1.353388,0.000104,0.964029
8544,8.544000,91.353386,95.513741,90.000000,1.353388,0.000098,0.964029
8545,8.545000,91.353386,95.513741,90.000000,1.353388,0.000087,0.964029
8546,8.546000,91.353386,95.513741,90.000000,1.353388,0.000078,0.964029
8547,8.547000,91.353386,95.513741,90.000000,1.353388,0.000047,0.964029
8548,8.548000,91.353386,95.513741,90.000000,1.353388,0.000016,0.964029
8549,8.549000,91.353386,95.513741,90.000000,1.353388,-0.000025,0.964029
8550,8.550000,91.353386,95.513741,90.000000,1.353388,-0.000061,0.964029
8551,8.551000,91.353386,95.513741,90.000000,1.353388,-0.000084,0.964029
8552,8.552000,91.353386,95.513741,90.000000,1.353388,-0.000118,0.964029
8553,8.553000,91.353386,95.513748,90.000000,1.353388,-0.000137,0.964029
8554,8.554000,91.353386,95.513748,90.000000,1.353388,-0.000149,0.964029
8555,8.555000,91.353386,95.513748,90.000000,1.353388,-0.000129,0.964029
8556,8.556000,91.353386,95.513748,90.000000,1.353388,-0.000124,0.964029
8557,8.557000,91.353386,95.513748,90.000000,1.353388,-0.000112,0.964029
8558,8.558000,91.353386,95.513748,90.000000,1.353388,-0.000111,0.964029
8559,8.559000,91.353386,95.513748,90.000000,1.353388,-0.000105,0.964029
8560,8.560000,91.353386,95.513748,90.000000,1.353388,-0.000094,0.964029
8561,8.561000,91.353386,95.513748,90.000000,1.353388,-0.000087,0.964029
8562,8.562000,91.353386,95.513748,90.000000,1.353388,-0.000083,0.964029
8563,8.563000,91.353386,95.513748,90.000000,1.353388,-0.000082,0.964029
8564,8.564000,91.353386,95.513748,90.000000,1.353388,-0.000084,0.964029
8565,8.565000,91.353386,95.513748,90.000000,1.353388,-0.000091,0.964029
8566,8.566000,91.353386,95.513748,90.000000,1.353388,-0.000087,0.964029
8567,8.567000,91.353386,95.513748,90.000000,1.353388,-0.000081,0.964029
8568,8.568000,91.353386,95.513748,90.000000,1.353388,-0.000083,0.964029
8569,8.569000,91.353386,95.513748,90.000000,1.353388,-0.000081,0.964029
8570,8.570000,91.353386,95.513748,90.000000,1.353388,-0.000084,0.964029
8571,8.571000,91.353386,95.513748,90.000000,1.353388,-0.000060,0.964029
8572,8.572000,91.353386,95.513748,90.000000,1.353388,-0.000056,0.964029
8573,8.573000,91.353386,95.513748,90.000000,1.353388,-0.000049,0.964029
8574,8.574000,91.353386,95.513748,90.000000,1.353388,-0.000038,0.964029
8575,8.575000,91.353386,95.513748,90.000000,1.353388,-0.000004,0.964029
8576,8.576000,91.353386,95.513748,90.000000,1.353388,0.000033,0.964029
8577,8.577000,91.353386,95.513748,90.000000,1.353388,0.000067,0.964029
8578,8.578000,91.353386,95.513748,90.000000,1.353388,0.000105,0.964029
8579,8.579000,91.353386,95.513748,90.000000,1.353388,0.000135,0.964029
8580,8.580000,91.353386,95.513748,90.000000,1.353388,0.000144,0.964029
8581,8.581000,91.353386,95.513741,90.000000,1.353388,0.000160,0.964029
8582,8.582000,91.353386,95.513741,90.000000,1.353388,0.000178,0.964029
8583,8.583000,91.353386,95.513741,90.000000,1.353388,0.000169,0.964029
8584,8.584000,91.353386,95.513741,90.000000,1.353388,0.000150,0.964029
8585,8.585000,91.353386,95.513741,90.000000,1.353388,0.000143,0.964029
8586,8.586000,91.353386,95.513741,90.000000,1.353388,0.000134,0.964029
8587,8.587000,91.353386,95.513741,90.000000,1.353388,0.000115,0.964029
8588,8.588000,91.353386,95.513741,90.000000,1.353388,0.000120,0.964029
8589,8.589000,91.353386,95.513741,90.000000,1.353388,0.000117,0.964029
8590,8.590000,91.353386,95.513741,90.000000,1.353388,0.000105,0.964029
8591,8.591000,91.353386,95.513741,90.000000,1.353388,0.000104,0.964029
8592,8.592000,91.353386,95.513741,90.000000,1.353388,0.000093,0.964029
8593,8.593000,91.353386,95.513741,90.000000,1.353388,0.000083,0.964029
8594,8.594000,91.353386,95.513741,90.000000,1.353388,0.000073,0.964029
8595,8.595000,91.353386,95.513741,90.000000,1.353388,0.000044,0.964029
8596,8.596000,91.353386,95.513741,90.000000,1.353388,0.000016,0.964029
8597,8.597000,91.353386,95.513741,90.000000,1.353388,-0.000021,0.964029
8598,8.598000,91.353386,95.513741,90.000000,1.353388,-0.000057,0.964029
8599,8.599000,91.353386,95.513741,90.000000,1.353388,-0.000082,0.964029
8600,8.600000,91.353386,95.513741,90.000000,1.353388,-0.000121,0.964029
8601,8.601000,91.353386,95.513748,90.000000,1.353388,-0.000127,0.964029
8602,8.602000,91.353386,95.513748,90.000000,1.353388,-0.000142,0.964029
8603,8.603000,91.353386,95.513748,90.000000,1.353388,-0.000121,0.964029
8604,8.604000,91.353386,95.513748,90.000000,1.353388,-0.000120,0.964029
8605,8.605000,91.353386,95.513748,90.000000,1.353388,-0.000102,0.964029
8606,8.606000,91.353386,95.513748,90.000000,1.353388,-0.000099,0.964029
8607,8.607000,91.353386,95.513748,90.000000,1.353388,-0.000098,0.964029
8608,8.608000,91.353386,95.513748,90.000000,1.353388,-0.000086,0.964029
8609,8.609000,91.353386,95.513748,90.000000,1.353388,-0.000084,0.964029
8610,8.610000,91.353386,95.513748,90.000000,1.353388,-0.000082,0.964029
8611,8.611000,91.353386,95.513748,90.000000,1.353388,-0.000082,0.964029
8612,8.612000,91.353386,95.513748,90.000000,1.353388,-0.000078,0.964029
8613,8.613000,91.353386,95.513748,90.000000,1.353388,-0.000092,0.964029
8614,8.614000,91.353386,95.513748,90.000000,1.353388,-0.000087,0.964029
8615,8.615000,91.353386,95.513748,90.000000,1.353388,-0.000086,0.964029
8616,8.616000,91.353386,95.513748,90.000000,1.353388,-0.000077,0.964029
8617,8.617000,91.353386,95.513748,90.000000,1.353388,-0.000080,0.964029
8618,8.618000,91.353386,95.513748,90.000000,1.353388,-0.000082,0.964029
8619,8.619000,91.353386,95.513748,90.000000,1.353388,-0.000085,0.964029
8620,8.620000,91.353386,95.513748,90.000000,1.353388,-0.000060,0.964029
8621,8.621000,91.353386,95.513748,90.000000,1.353388,-0.000053,0.964029
8622,8.622000,91.353386,95.513748,90.000000,1.353388,-0.000046,0.964029
8623,8.623000,91.353386,95.513748,90.000000,1.353388,-0.000039,0.964029
8624,8.624000,91.353386,95.513748,90.000000,1.353388,-0.000002,0.964029
8625,8.625000,91.353386,95.513748,90.000000,1.353388,0.000035,0.964029
8626,8.626000,91.353386,95.513748,90.000000,1.353388,0.000068,0.964029
8627,8.627000,91.353386,95.513748,90.000000,1.353388,0.000107,0.964029
8628,8.628000,91.353386,95.513748,90.000000,1.353388,0.000132,0.964029
8629,8.629000,91.353386,95.513748,90.000000,1.353388,0.000143,0.964029
8630,8.630000,91.353386,95.513741,90.000000,1.353388,0.000165,0.964029
8631,8.631000,91.353386,95.513741,90.000000,1.353388,0.000182,0.964029
8632,8.632000,91.353386,95.513741,90.000000,1.353388,0.000169,0.964029
8633,8.633000,91.353386,95.513741,90.000000,1.353388,0.000157,0.964029
8634,8.634000,91.353386,95.513741,90.000000,1.353388,0.000144,0.964029
8635,8.635000,91.353386,95.513741,90.000000,1.353388,0.000131,0.964029
8636,8.636000,91.353386,95.513741,90.000000,1.353388,0.000117,0.964029
8637,8.637000,91.353386,95.513741,90.000000,1.353388,0.000121,0.964029
8638,8.638000,91.353386,95.513741,90.000000,1.353388,0.000116,0.964029
8639,8.639000,91.353386,95.513741,90.000000,1.353388,0.000100,0.964029
8640,8.640000,91.353386,95.513741,90.000000,1.353388,0.000099,0.964029
8641,8.641000,91.353386,95.513741,90.000000,1.353388,0.000093,0.964029
8642,8.642000,91.353386,95.513741,90.000000,1.353388,0.000082,0.964029
8643,8.643000,91.353386,95.513741,90.000000,1.353388,0.000076,0.964029
8644,8.644000,91.353386,95.513741,90.000000,1.353388,0.000045,0.964029
8645,8.645000,91.353386,95.513741,90.000000,1.353388,0.000011,0.964029
8646,8.646000,91.353386,95.513741,90.000000,1.353388,-0.000026,0.964029
8647,8.647000,91.353386,95.513741,90.000000,1.353388,-0.000064,0.964029
8648,8.648000,91.353386,95.513741,90.000000,1.353388,-0.000091,0.964029
8649,8.649000,91.353386,95.513741,90.000000,1.353388,-0.000117,0.964029
8650,8.650000,91.353386,95.513748,90.000000,1.353388,-0.000134,0.964029
8651,8.651000,91.353386,95.513748,90.000000,1.353388,-0.000145,0.964029
8652,8.652000,91.353386,95.513748,90.000000,1.353388,-0.000133,0.964029
8653,8.653000,91.353386,95.513748,90.000000,1.353388,-0.000123,0.964029
8654,8.654000,91.353386,95.513748,90.000000,1.353388,-0.000111,0.964029
8655,8.655000,91.353386,95.513748,90.000000,1.353388,-0.000109,0.964029
8656,8.656000,91.353386,95.513748,90.000000,1.353388,-0.000104,0.964029
8657,8.657000,91.353386,95.513748,90.000000,1.353388,-0.000086,0.964029
8658,8.658000,91.353386,95.513748,90.000000,1.353388,-0.000079,0.964029
8659,8.659000,91.353386,95.513748,90.000000,1.353388,-0.000080,0.964029
8660,8.660000,91.353386,95.513748,90.000000,1.353388,-0.000075,0.964029
8661,8.661000,91.353386,95.513748,90.000000,1.353388,-0.000076,0.964029
8662,8.662000,91.353386,95.513748,90.000000,1.353388,-0.000080,0.964029
8663,8.663000,91.353386,95.513748,90.000000,1.353388,-0.000079,0.964029
8664,8.664000,91.353386,95.513748,90.000000,1.353388,-0.000073,0.964029
8665,8.665000,91.353386,95.513748,90.000000,1.353388,-0.000074,0.964029
8666,8.666000,91.353386,95.513748,90.000000,1.353388,-0.000080,0.964029
8667,8.667000,91.353386,95.513748,90.000000,1.353388,-0.000082,0.964029
8668,8.668000,91.353386,95.513748,90.000000,1.353388,-0.000078,0.964029
8669,8.669000,91.353386,95.513748,90.000000,1.353388,-0.000062,0.964029
8670,8.670000,91.353386,95.513748,90.000000,1.353388,-0.000054,0.964029
8671,8.671000,91.353386,95.513748,90.000000,1.353388,-0.000052,0.964029
8672,8.672000,91.353386,95.513748,90.000000,1.353388,-0.000007,0.964029
8673,8.673000,91.353386,95.513748,90.000000,1.353388,0.000030,0.964029
8674,8.674000,91.353386,95.513748,90.000000,1.353388,0.000064,0.964029
8675,8.675000,91.353386,95.513748,90.000000,1.353388,0.000099,0.964029
8676,8.676000,91.353386,95.513748,90.000000,1.353388,0.000139,0.964029
8677,8.677000,91.353386,95.513748,90.000000,1.353388,0.000152,0.964029
8678,8.678000,91.353386,95.513741,90.000000,1.353388,0.000160,0.964029
8679,8.679000,91.353386,95.513741,90.000000,1.353388,0.000179,0.964029
8680,8.680000,91.353386,95.513741,90.000000,1.353388,0.000170,0.964029
8681,8.681000,91.353386,95.513741,90.000000,1.353388,0.000149,0.964029
8682,8.682000,91.353386,95.513741,90.000000,1.353388,0.000143,0.964029
8683,8.683000,91.353386,95.513741,90.000000,1.353388,0.000130,0.964029
8684,8.684000,91.353386,95.513741,90.000000,1.353388,0.000117,0.964029
8685,8.685000,91.353386,95.513741,90.000000,1.353388,0.000122,0.964029
8686,8.686000,91.353386,95.513741,90.000000,1.353388,0.000119,0.964029
8687,8.687000,91.353386,95.513741,90.000000,1.353388,0.000110,0.964029
8688,8.688000,91.353386,95.513741,90.000000,1.353388,0.000101,0.964029
8689,8.689000,91.353386,95.513741,90.000000,1.353388,0.000099,0.964029
8690,8.690000,91.353386,95.513741,90.000000,1.353388,0.000086,0.964029
8691,8.691000,91.353386,95.513741,90.000000,1.353388,0.000080,0.964029
8692,8.692000,91.353386,95.513741,90.000000,1.353388,0.000050,0.964029
8693,8.693000,91.353386,95.513741,90.000000,1.353388,0.000012,0.964029
8694,8.694000,91.353386,95.513741,90.000000,1.353388,-0.000030,0.964029
8695,8.695000,91.353386,95.513741,90.000000,1.353388,-0.000062,0.964029
8696,8.696000,91.353386,95.513741,90.000000,1.353388,-0.000091,0.964029
8697,8.697000,91.353386,95.513741,90.000000,1.353388,-0.000120,0.964029
8698,8.698000,91.353386,95.513748,90.000000,1.353388,-0.000140,0.964029
8699,8.699000,91.353386,95.513748,90.000000,1.353388,-0.000151,0.964029
8700,8.700000,91.353386,95.513748,90.000000,1.353388,-0.000132,0.964029
8701,8.701000,91.353386,95.513748,90.000000,1.353388,-0.000128,0.964029
8702,8.702000,91.353386,95.513748,90.000000,1.353388,-0.000111,0.964029
8703,8.703000,91.353386,95.513748,90.000000,1.353388,-0.000104,0.964029
8704,8.704000,91.353386,95.513748,90.000000,1.353388,-0.000099,0.964029
8705,8.705000,91.353386,95.513748,90.000000,1.353388,-0.000089,0.964029
8706,8.706000,91.353386,95.513748,90.000000,1.353388,-0.000084,0.964029
8707,8.707000,91.353386,95.513748,90.000000,1.353388,-0.000083,0.964029
8708,8.708000,91.353386,95.513748,90.000000,1.353388,-0.000083,0.964029
8709,8.709000,91.353386,95.513748,90.000000,1.353388,-0.000075,0.964029
8710,8.710000,91.353386,95.513748,90.000000,1.353388,-0.000090,0.964029
8711,8.711000,91.353386,95.513748,90.000000,1.353388,-0.000080,0.964029
8712,8.712000,91.353386,95.513748,90.000000,1.353388,-0.000080,0.964029
8713,8.713000,91.353386,95.513748,90.000000,1.353388,-0.000080,0.964029
8714,8.714000,91.353386,95.513748,90.000000,1.353388,-0.000083,0.964029
8715,8.715000,91.353386,95.513748,90.000000,1.353388,-0.000089,0.964029
8716,8.716000,91.353386,95.513748,90.000000,1.353388,-0.000079,0.964029
8717,8.717000,91.353386,95.513748,90.000000,1.353388,-0.000063,0.964029
8718,8.718000,91.353386,95.513748,90.000000,1.353388,-0.000062,0.964029
8719,8.719000,91.353386,95.513748,90.000000,1.353388,-0.000046,0.964029
8720,8.720000,91.353386,95.513748,90.000000,1.353388,-0.000015,0.964029
8721,8.721000,91.353386,95.513748,90.000000,1.353388,0.000033,0.964029
8722,8.722000,91.353386,95.513748,90.000000,1.353388,0.000066,0.964029
8723,8.723000,91.353386,95.513748,90.000000,1.353388,0.000106,0.964029
8724,8.724000,91.353386,95.513748,90.000000,1.353388,0.000133,0.964029
8725,8.725000,91.353386,95.513748,90.000000,1.353388,0.000154,0.964029
8726,8.726000,91.353386,95.513741,90.000000,1.353388,0.000169,0.964029
8727,8.727000,91.353386,95.513741,90.000000,1.353388,0.000186,0.964029
8728,8.728000,91.353386,95.513741,90.000000,1.353388,0.000174,0.964029
8729,8.729000,91.353386,95.513741,90.000000,1.353388,0.000153,0.964029
8730,8.730000,91.353386,95.513741,90.000000,1.353388,0.000146,0.964029
8731,8.731000,91.353386,95.513741,90.000000,1.353388,0.000135,0.964029
8732,8.732000,91.353386,95.513741,90.000000,1.353388,0.000116,0.964029
8733,8.733000,91.353386,95.513741,90.000000,1.353388,0.000122,0.964029
8734,8.734000,91.353386,95.513741,90.000000,1.353388,0.000114,0.964029
8735,8.735000,91.353386,95.513741,90.000000,1.353388,0.000101,0.964029
8736,8.736000,91.353386,95.513741,90.000000,1.353388,0.000099,0.964029
8737,8.737000,91.353386,95.513741,90.000000,1.353388,0.000093,0.964029
8738,8.738000,91.353386,95.513741,90.000000,1.353388,0.000080,0.964029
8739,8.739000,91.353386,95.513741,90.000000,1.353388,0.000069,0.964029
8740,8.740000,91.353386,95.513741,90.000000,1.353388,0.000041,0.964029
8741,8.741000,91.353386,95.513741,90.000000,1.353388,0.000011,0.964029
8742,8.742000,91.353386,95.513741,90.000000,1.353388,-0.000027,0.964029
8743,8.743000,91.353386,95.513741,90.000000,1.353388,-0.000063,0.964029
8744,8.744000,91.353386,95.513741,90.000000,1.353388,-0.000088,0.964029
8745,8.745000,91.353386,95.513741,90.000000,1.353388,-0.000116,0.964029
8746,8.746000,91.353386,95.513748,90.000000,1.353388,-0.000128,0.964029
8747,8.747000,91.353386,95.513748,90.000000,1.353388,-0.000139,0.964029
8748,8.748000,91.353386,95.513748,90.000000,1.353388,-0.000124,0.964029
8749,8.749000,91.353386,95.513748,90.000000,1.353388,-0.000119,0.964029
8750,8.750000,91.353386,95.513748,90.000000,1.353388,-0.000115,0.964029
8751,8.751000,91.353386,95.513748,90.000000,1.353388,-0.000107,0.964029
8752,8.752000,91.353386,95.513748,90.000000,1.353388,-0.000101,0.964029
8753,8.753000,91.353386,95.513748,90.000000,1.353388,-0.000097,0.964029
8754,8.754000,91.353386,95.513748,90.000000,1.353388,-0.000088,0.964029
8755,8.755000,91.353386,95.513748,90.000000,1.353388,-0.000090,0.964029
8756,8.756000,91.353386,95.513748,90.000000,1.353388,-0.000083,0.964029
8757,8.757000,91.353386,95.513748,90.000000,1.353388,-0.000088,0.964029
8758,8.758000,91.353386,95.513748,90.000000,1.353388,-0.000092,0.964029
8759,8.759000,91.353386,95.513748,90.000000,1.353388,-0.000092,0.964029
8760,8.760000,91.353386,95.513748,90.000000,1.353388,-0.000083,0.964029
8761,8.761000,91.353386,95.513748,90.000000,1.353388,-0.000083,0.964029
8762,8.762000,91.353386,95.513748,90.000000,1.353388,-0.000083,0.964029
8763,8.763000,91.353386,95.513748,90.000000,1.353388,-0.000086,0.964029
8764,8.764000,91.353386,95.513748,90.000000,1.353388,-0.000068,0.964029
8765,8.765000,91.353386,95.513748,90.000000,1.353388,-0.000057,0.964029
8766,8.766000,91.353386,95.513748,90.000000,1.353388,-0.000047,0.964029
8767,8.767000,91.353386,95.513748,90.000000,1.353388,-0.000041,0.964029
8768,8.768000,91.353386,95.513748,90.000000,1.353388,-0.000003,0.964029
8769,8.769000,91.353386,95.513748,90.000000,1.353388,0.000036,0.964029
8770,8.770000,91.353386,95.513748,90.000000,1.353388,0.000073,0.964029
8771,8.771000,91.353386,95.513748,90.000000,1.353388,0.000109,0.964029
8772,8.772000,91.353386,95.513748,90.000000,1.353388,0.000131,0.964029
8773,8.773000,91.353386,95.513748,90.000000,1.353388,0.000149,0.964029
8774,8.774000,91.353386,95.513741,90.000000,1.353388,0.000164,0.964029
8775,8.775000,91.353386,95.513741,90.000000,1.353388,0.000181,0.964029
8776,8.776000,91.353386,95.513741,90.000000,1.353388,0.000170,0.964029
8777,8.777000,91.353386,95.513741,90.000000,1.353388,0.000149,0.964029
8778,8.778000,91.353386,95.513741,90.000000,1.353388,0.000141,0.964029
8779,8.779000,91.353386,95.513741,90.000000,1.353388,0.000134,0.964029
8780,8.780000,91.353386,95.513741,90.000000,1.353388,0.000116,0.964029
8781,8.781000,91.353386,95.513741,90.000000,1.353388,0.000120,0.964029
8782,8.782000,91.353386,95.513741,90.000000,1.353388,0.000117,0.964029
8783,8.783000,91.353386,95.513741,90.000000,1.353388,0.000105,0.964029
8784,8.784000,91.353386,95.513741,90.000000,1.353388,0.000105,0.964029
8785,8.785000,91.353386,95.513741,90.000000,1.353388,0.000098,0.964029
8786,8.786000,91.353386,95.513741,90.000000,1.353388,0.000091,0.964029
8787,8.787000,91.353386,95.513741,90.000000,1.353388,0.000075,0.964029
8788,8.788000,91.353386,95.513741,90.000000,1.353388,0.000070,0.964029
8789,8.789000,91.353386,95.513741,90.000000,1.353388,0.000034,0.964029
8790,8.790000,91.353386,95.513741,90.000000,1.353388,-0.000009,0.964029
8791,8.791000,91.353386,95.513741,90.000000,1.353388,-0.000039,0.964029
8792,8.792000,91.353386,95.513741,90.000000,1.353388,-0.000073,0.964029
8793,8.793000,91.353386,95.513741,90.000000,1.353388,-0.000101,0.964029
8794,8.794000,91.353386,95.513741,90.000000,1.353388,-0.000124,0.964029
8795,8.795000,91.353386,95.513748,90.000000,1.353388,-0.000142,0.964029
8796,8.796000,91.353386,95.513748,90.000000,1.353388,-0.000144,0.964029
8797,8.797000,91.353386,95.513748,90.000000,1.353388,-0.000133,0.964029
8798,8.798000,91.353386,95.513748,90.000000,1.353388,-0.000130,0.964029
8799,8.799000,91.353386,95.513748,90.000000,1.353388,-0.000120,0.964029
8800,8.800000,91.353386,95.513748,90.000000,1.353388,-0.000119,0.964029
8801,8.801000,91.353386,95.513748,90.000000,1.353388,-0.000108,0.964029
8802,8.802000,91.353386,95.513748,90.000000,1.353388,-0.000095,0.964029
8803,8.803000,91.353386,95.513748,90.000000,1.353388,-0.000094,0.964029
8804,8.804000,91.353386,95.513748,90.000000,1.353388,-0.000092,0.964029
8805,8.805000,91.353386,95.513748,90.000000,1.353388,-0.000091,0.964029
8806,8.806000,91.353386,95.513748,90.000000,1.353388,-0.000096,0.964029
8807,8.807000,91.353386,95.513748,90.000000,1.353388,-0.000094,0.964029
8808,8.808000,91.353386,95.513748,90.000000,1.353388,-0.000082,0.964029
8809,8.809000,91.353386,95.513748,90.000000,1.353388,-0.000090,0.964029
8810,8.810000,91.353386,95.513748,90.000000,1.353388,-0.000086,0.964029
8811,8.811000,91.353386,95.513748,90.000000,1.353388,-0.000089,0.964029
8812,8.812000,91.353386,95.513748,90.000000,1.353388,-0.000070,0.964029
8813,8.813000,91.353386,95.513748,90.000000,1.353388,-0.000059,0.964029
8814,8.814000,91.353386,95.513748,90.000000,1.353388,-0.000049,0.964029
8815,8.815000,91.353386,95.513748,90.000000,1.353388,-0.000038,0.964029
8816,8.816000,91.353386,95.513748,90.000000,1.353388,-0.000005,0.964029
8817,8.817000,91.353386,95.513748,90.000000,1.353388,0.000029,0.964029
8818,8.818000,91.353386,95.513748,90.000000,1.353388,0.000070,0.964029
8819,8.819000,91.353386,95.513748,90.000000,1.353388,0.000100,0.964029
8820,8.820000,91.353386,95.513748,90.000000,1.353388,0.000125,0.964029
8821,8.821000,91.353386,95.513748,90.000000,1.353388,0.000146,0.964029
8822,8.822000,91.353386,95.513741,90.000000,1.353388,0.000151,0.964029
8823,8.823000,91.353386,95.513741,90.000000,1.353388,0.000173,0.964029
8824,8.824000,91.353386,95.513741,90.000000,1.353388,0.000162,0.964029
8825,8.825000,91.353386,95.513741,90.000000,1.353388,0.000152,0.964029
8826,8.826000,91.353386,95.513741,90.000000,1.353388,0.000133,0.964029
8827,8.827000,91.353386,95.513741,90.000000,1.353388,0.000133,0.964029
8828,8.828000,91.353386,95.513741,90.000000,1.353388,0.000120,0.964029
8829,8.829000,91.353386,95.513741,90.000000,1.353388,0.000111,0.964029
8830,8.830000,91.353386,95.513741,90.000000,1.353388,0.000118,0.964029
8831,8.831000,91.353386,95.513741,90.000000,1.353388,0.000108,0.964029
8832,8.832000,91.353386,95.513741,90.000000,1.353388,0.000100,0.964029
8833,8.833000,91.353386,95.513741,90.000000,1.353388,0.000100,0.964029
8834,8.834000,91.353386,95.513741,90.000000,1.353388,0.000091,0.964029
8835,8.835000,91.353386,95.513741,90.000000,1.353388,0.000072,0.964029
8836,8.836000,91.353386,95.513741,90.000000,1.353388,0.000071,0.964029
8837,8.837000,91.353386,95.513741,90.000000,1.353388,0.000041,0.964029
8838,8.838000,91.353386,95.513741,90.000000,1.353388,0.000009,0.964029
8839,8.839000,91.353386,95.513741,90.000000,1.353388,-0.000028,0.964029
8840,8.840000,91.353386,95.513741,90.000000,1.353388,-0.000063,0.964029
8841,8.841000,91.353386,95.513741,90.000000,1.353388,-0.000091,0.964029
8842,8.842000,91.353386,95.513741,90.000000,1.353388,-0.000112,0.964029
8843,8.843000,91.353386,95.513748,90.000000,1.353388,-0.000127,0.964029
8844,8.844000,91.353386,95.513748,90.000000,1.353388,-0.000138,0.964029
8845,8.845000,91.353386,95.513748,90.000000,1.353388,-0.000124,0.964029
8846,8.846000,91.353386,95.513748,90.000000,1.353388,-0.000121,0.964029
8847,8.847000,91.353386,95.513748,90.000000,1.353388,-0.000116,0.964029
8848,8.848000,91.353386,95.513748,90.000000,1.353388,-0.000109,0.964029
8849,8.849000,91.353386,95.513748,90.000000,1.353388,-0.000101,0.964029
8850,8.850000,91.353386,95.513748,90.000000,1.353388,-0.000095,0.964029
8851,8.851000,91.353386,95.513748,90.000000,1.353388,-0.000090,0.964029
8852,8.852000,91.353386,95.513748,90.000000,1.353388,-0.000090,0.964029
8853,8.853000,91.353386,95.513748,90.000000,1.353388,-0.000088,0.964029
8854,8.854000,91.353386,95.513748,90.000000,1.353388,-0.000088,0.964029
8855,8.855000,91.353386,95.513748,90.000000,1.353388,-0.000095,0.964029
8856,8.856000,91.353386,95.513748,90.000000,1.353388,-0.000096,0.964029
8857,8.857000,91.353386,95.513748,90.000000,1.353388,-0.000083,0.964029
8858,8.858000,91.353386,95.513748,90.000000,1.353388,-0.000084,0.964029
8859,8.859000,91.353386,95.513748,90.000000,1.353388,-0.000088,0.964029
8860,8.860000,91.353386,95.513748,90.000000,1.353388,-0.000081,0.964029
8861,8.861000,91.353386,95.513748,90.000000,1.353388,-0.000062,0.964029
8862,8.862000,91.353386,95.513748,90.000000,1.353388,-0.000054,0.964029
8863,8.863000,91.353386,95.513748,90.000000,1.353388,-0.000043,0.964029
8864,8.864000,91.353386,95.513748,90.000000,1.353388,-0.000008,0.964029
8865,8.865000,91.353386,95.513748,90.000000,1.353388,0.000031,0.964029
8866,8.866000,91.353386,95.513748,90.000000,1.353388,0.000064,0.964029
8867,8.867000,91.353386,95.513748,90.000000,1.353388,0.000099,0.964029
8868,8.868000,91.353386,95.513748,90.000000,1.353388,0.000133,0.964029
8869,8.869000,91.353386,95.513748,90.000000,1.353388,0.000145,0.964029
8870,8.870000,91.353386,95.513741,90.000000,1.353388,0.000161,0.964029
8871,8.871000,91.353386,95.513741,90.000000,1.353388,0.000181,0.964029
8872,8.872000,91.353386,95.513741,90.000000,1.353388,0.000165,0.964029
8873,8.873000,91.353386,95.513741,90.000000,1.353388,0.000147,0.964029
8874,8.874000,91.353386,95.513741,90.000000,1.353388,0.000141,0.964029
8875,8.875000,91.353386,95.513741,90.000000,1.353388,0.000136,0.964029
8876,8.876000,91.353386,95.513741,90.000000,1.353388,0.000113,0.964029
8877,8.877000,91.353386,95.513741,90.000000,1.353388,0.000118,0.964029
8878,8.878000,91.353386,95.513741,90.000000,1.353388,0.000119,0.964029
8879,8.879000,91.353386,95.513741,90.000000,1.353388,0.000115,0.964029
8880,8.880000,91.353386,95.513741,90.000000,1.353388,0.000106,0.964029
8881,8.881000,91.353386,95.513741,90.000000,1.353388,0.000098,0.964029
8882,8.882000,91.353386,95.513741,90.000000,1.353388,0.000088,0.964029
8883,8.883000,91.353386,95.513741,90.000000,1.353388,0.000069,0.964029
8884,8.884000,91.353386,95.513741,90.000000,1.353388,0.000045,0.964029
8885,8.885000,91.353386,95.513741,90.000000,1.353388,0.000007,0.964029
8886,8.886000,91.353386,95.513741,90.000000,1.353388,-0.000031,0.964029
8887,8.887000,91.353386,95.513741,90.000000,1.353388,-0.000066,0.964029
8888,8.888000,91.353386,95.513741,90.000000,1.353388,-0.000092,0.964029
8889,8.889000,91.353386,95.513741,90.000000,1.353388,-0.000119,0.964029
8890,8.890000,91.353386,95.513748,90.000000,1.353388,-0.000132,0.964029
8891,8.891000,91.353386,95.513748,90.000000,1.353388,-0.000145,0.964029
8892,8.892000,91.353386,95.513748,90.000000,1.353388,-0.000128,0.964029
8893,8.893000,91.353386,95.513748,90.000000,1.353388,-0.000124,0.964029
8894,8.894000,91.353386,95.513748,90.000000,1.353388,-0.000117,0.964029
8895,8.895000,91.353386,95.513748,90.000000,1.353388,-0.000109,0.964029
8896,8.896000,91.353386,95.513748,90.000000,1.353388,-0.000111,0.964029
8897,8.897000,91.353386,95.513748,90.000000,1.353388,-0.000094,0.964029
8898,8.898000,91.353386,95.513748,90.000000,1.353388,-0.000087,0.964029
8899,8.899000,91.353386,95.513748,90.000000,1.353388,-0.000088,0.964029
8900,8.900000,91.353386,95.513748,90.000000,1.353388,-0.000076,0.964029
8901,8.901000,91.353386,95.513748,90.000000,1.353388,-0.000088,0.964029
8902,8.902000,91.353386,95.513748,90.000000,1.353388,-0.000087,0.964029
8903,8.903000,91.353386,95.513748,90.000000,1.353388,-0.000088,0.964029
8904,8.904000,91.353386,95.513748,90.000000,1.353388,-0.000080,0.964029
8905,8.905000,91.353386,95.513748,90.000000,1.353388,-0.000083,0.964029
8906,8.906000,91.353386,95.513748,90.000000,1.353388,-0.000089,0.964029
8907,8.907000,91.353386,95.513748,90.000000,1.353388,-0.000079,0.964029
8908,8.908000,91.353386,95.513748,90.000000,1.353388,-0.000062,0.964029
8909,8.909000,91.353386,95.513748,90.000000,1.353388,-0.000057,0.964029
8910,8.910000,91.353386,95.513748,90.000000,1.353388,-0.000045,0.964029
8911,8.911000,91.353386,95.513748,90.000000,1.353388,-0.000010,0.964029
8912,8.912000,91.353386,95.513748,90.000000,1.353388,0.000028,0.964029
8913,8.913000,91.353386,95.513748,90.000000,1.353388,0.000067,0.964029
8914,8.914000,91.353386,95.513748,90.000000,1.353388,0.000107,0.964029
8915,8.915000,91.353386,95.513748,90.000000,1.353388,0.000134,0.964029
8916,8.916000,91.353386,95.513748,90.000000,1.353388,0.000147,0.964029
8917,8.917000,91.353386,95.513741,90.000000,1.353388,0.000164,0.964029
8918,8.918000,91.353386,95.513741,90.000000,1.353388,0.000182,0.964029
8919,8.919000,91.353386,95.513741,90.000000,1.353388,0.000166,0.964029
8920,8.920000,91.353386,95.513741,90.000000,1.353388,0.000152,0.964029
8921,8.921000,91.353386,95.513741,90.000000,1.353388,0.000142,0.964029
8922,8.922000,91.353386,95.513741,90.000000,1.353388,0.000136,0.964029
8923,8.923000,91.353386,95.513741,90.000000,1.353388,0.000116,0.964029
8924,8.924000,91.353386,95.513741,90.000000,1.353388,0.000121,0.964029
8925,8.925000,91.353386,95.513741,90.000000,1.353388,0.000115,0.964029
8926,8.926000,91.353386,95.513741,90.000000,1.353388,0.000104,0.964029
8927,8.927000,91.353386,95.513741,90.000000,1.353388,0.000102,0.964029
8928,8.928000,91.353386,95.513741,90.000000,1.353388,0.000093,0.964029
8929,8.929000,91.353386,95.513741,90.000000,1.353388,0.000081,0.964029
8930,8.930000,91.353386,95.513741,90.000000,1.353388,0.000072,0.964029
8931,8.931000,91.353386,95.513741,90.000000,1.353388,0.000043,0.964029
8932,8.932000,91.353386,95.513741,90.000000,1.353388,0.000014,0.964029
8933,8.933000,91.353386,95.513741,90.000000,1.353388,-0.000021,0.964029
8934,8.934000,91.353386,95.513741,90.000000,1.353388,-0.000062,0.964029
8935,8.935000,91.353386,95.513741,90.000000,1.353388,-0.000087,0.964029
8936,8.936000,91.353386,95.513741,90.000000,1.353388,-0.000119,0.964029
8937,8.937000,91.353386,95.513748,90.000000,1.353388,-0.000128,0.964029
8938,8.938000,91.353386,95.513748,90.000000,1.353388,-0.000145,0.964029
8939,8.939000,91.353386,95.513748,90.000000,1.353388,-0.000131,0.964029
8940,8.940000,91.353386,95.513748,90.000000,1.353388,-0.000124,0.964029
8941,8.941000,91.353386,95.513748,90.000000,1.353388,-0.000111,0.964029
8942,8.942000,91.353386,95.513748,90.000000,1.353388,-0.000104,0.964029
8943,8.943000,91.353386,95.513748,90.000000,1.353388,-0.000101,0.964029
8944,8.944000,91.353386,95.513748,90.000000,1.353388,-0.000084,0.964029
8945,8.945000,91.353386,95.513748,90.000000,1.353388,-0.000081,0.964029
8946,8.946000,91.353386,95.513748,90.000000,1.353388,-0.000084,0.964029
8947,8.947000,91.353386,95.513748,90.000000,1.353388,-0.000087,0.964029
8948,8.948000,91.353386,95.513748,90.000000,1.353388,-0.000079,0.964029
8949,8.949000,91.353386,95.513748,90.000000,1.353388,-0.000094,0.964029
8950,8.950000,91.353386,95.513748,90.000000,1.353388,-0.000088,0.964029
8951,8.951000,91.353386,95.513748,90.000000,1.353388,-0.000079,0.964029
8952,8.952000,91.353386,95.513748,90.000000,1.353388,-0.000083,0.964029
8953,8.953000,91.353386,95.513748,90.000000,1.353388,-0.000081,0.964029
8954,8.954000,91.353386,95.513748,90.000000,1.353388,-0.000084,0.964029
8955,8.955000,91.353386,95.513748,90.000000,1.353388,-0.000067,0.964029
8956,8.956000,91.353386,95.513748,90.000000,1.353388,-0.000055,0.964029
8957,8.957000,91.353386,95.513748,90.000000,1.353388,-0.000055,0.964029
8958,8.958000,91.353386,95.513748,90.000000,1.353388,-0.000041,0.964029
8959,8.959000,91.353386,95.513748,90.000000,1.353388,-0.000006,0.964029
8960,8.960000,91.353386,95.513748,90.000000,1.353388,0.000032,0.964029
8961,8.961000,91.353386,95.513748,90.000000,1.353388,0.000066,0.964029
8962,8.962000,91.353386,95.513748,90.000000,1.353388,0.000106,0.964029
8963,8.963000,91.353386,95.513748,90.000000,1.353388,0.000131,0.964029
8964,8.964000,91.353386,95.513748,90.000000,1.353388,0.000146,0.964029
8965,8.965000,91.353386,95.513741,90.000000,1.353388,0.000164,0.964029
8966,8.966000,91.353386,95.513741,90.000000,1.353388,0.000181,0.964029
8967,8.967000,91.353386,95.513741,90.000000,1.353388,0.000167,0.964029
8968,8.968000,91.353386,95.513741,90.000000,1.353388,0.000152,0.964029
8969,8.969000,91.353386,95.513741,90.000000,1.353388,0.000143,0.964029
8970,8.970000,91.353386,95.513741,90.000000,1.353388,0.000135,0.964029
8971,8.971000,91.353386,95.513741,90.000000,1.353388,0.000115,0.964029
8972,8.972000,91.353386,95.513741,90.000000,1.353388,0.000120,0.964029
8973,8.973000,91.353386,95.513741,90.000000,1.353388,0.000117,0.964029
8974,8.974000,91.353386,95.513741,90.000000,1.353388,0.000106,0.964029
8975,8.975000,91.353386,95.513741,90.000000,1.353388,0.000104,0.964029
8976,8.976000,91.353386,95.513741,90.000000,1.353388,0.000096,0.964029
8977,8.977000,91.353386,95.513741,90.000000,1.353388,0.000078,0.964029
8978,8.978000,91.353386,95.513741,90.000000,1.353388,0.000066,0.964029
8979,8.979000,91.353386,95.513741,90.000000,1.353388,0.000040,0.964029
8980,8.980000,91.353386,95.513741,90.000000,1.353388,0.000008,0.964029
8981,8.981000,91.353386,95.513741,90.000000,1.353388,-0.000027,0.964029
8982,8.982000,91.353386,95.513741,90.000000,1.353388,-0.000063,0.964029
8983,8.983000,91.353386,95.513741,90.000000,1.353388,-0.000091,0.964029
8984,8.984000,91.353386,95.513741,90.000000,1.353388,-0.000115,0.964029
8985,8.985000,91.353386,95.513748,90.000000,1.353388,-0.000131,0.964029
8986,8.986000,91.353386,95.513748,90.000000,1.353388,-0.000141,0.964029
8987,8.987000,91.353386,95.513748,90.000000,1.353388,-0.000125,0.964029
8988,8.988000,91.353386,95.513748,90.000000,1.353388,-0.000122,0.964029
8989,8.989000,91.353386,95.513748,90.000000,1.353388,-0.000118,0.964029
8990,8.990000,91.353386,95.513748,90.000000,1.353388,-0.000110,0.964029
8991,8.991000,91.353386,95.513748,90.000000,1.353388,-0.000104,0.964029
8992,8.992000,91.353386,95.513748,90.000000,1.353388,-0.000093,0.964029
8993,8.993000,91.353386,95.513748,90.000000,1.353388,-0.000079,0.964029
8994,8.994000,91.353386,95.513748,90.000000,1.353388,-0.000086,0.964029
8995,8.995000,91.353386,95.513748,90.000000,1.353388,-0.000078,0.964029
8996,8.996000,91.353386,95.513748,90.000000,1.353388,-0.000080,0.964029
8997,8.997000,91.353386,95.513748,90.000000,1.353388,-0.000083,0.964029
8998,8.998000,91.353386,95.513748,90.000000,1.353388,-0.000077,0.964029
8999,8.999000,91.353386,95.513748,90.000000,1.353388,-0.000078,0.964029
9000,9.000000,91.353386,95.513748,90.000000,1.353388,-0.000073,0.964029
9001,9.001000,91.353386,95.513748,90.000000,1.353388,-0.000078,0.964029
9002,9.002000,91.353386,95.513748,90.000000,1.353388,-0.000083,0.964029
9003,9.003000,91.353386,95.513748,90.000000,1.353388,-0.000072,0.964029
9004,9.004000,91.353386,95.513748,90.000000,1.353388,-0.000060,0.964029
9005,9.005000,91.353386,95.513748,90.000000,1.353388,-0.000061,0.964029
9006,9.006000,91.353386,95.513748,90.000000,1.353388,-0.000044,0.964029
9007,9.007000,91.353386,95.513748,90.000000,1.353388,-0.000009,0.964029
9008,9.008000,91.353386,95.513748,90.000000,1.353388,0.000030,0.964029
9009,9.009000,91.353386,95.513748,90.000000,1.353388,0.000068,0.964029
9010,9.010000,91.353386,95.513748,90.000000,1.353388,0.000107,0.964029
9011,9.011000,91.353386,95.513748,90.000000,1.353388,0.000137,0.964029
9012,9.012000,91.353386,95.513748,90.000000,1.353388,0.000151,0.964029
9013,9.013000,91.353386,95.513741,90.000000,1.353388,0.000166,0.964029
9014,9.014000,91.353386,95.513741,90.000000,1.353388,0.000179,0.964029
9015,9.015000,91.353386,95.513741,90.000000,1.353388,0.000169,0.964029
9016,9.016000,91.353386,95.513741,90.000000,1.353388,0.000152,0.964029
9017,9.017000,91.353386,95.513741,90.000000,1.353388,0.000140,0.964029
9018,9.018000,91.353386,95.513741,90.000000,1.353388,0.000133,0.964029
9019,9.019000,91.353386,95.513741,90.000000,1.353388,0.000117,0.964029
9020,9.020000,91.353386,95.513741,90.000000,1.353388,0.000121,0.964029
9021,9.021000,91.353386,95.513741,90.000000,1.353388,0.000117,0.964029
9022,9.022000,91.353386,95.513741,90.000000,1.353388,0.000104,0.964029
9023,9.023000,91.353386,95.513741,90.000000,1.353388,0.000105,0.964029
9024,9.024000,91.353386,95.513741,90.000000,1.353388,0.000093,0.964029
9025,9.025000,91.353386,95.513741,90.000000,1.353388,0.000082,0.964029
9026,9.026000,91.353386,95.513741,90.000000,1.353388,0.000077,0.964029
9027,9.027000,91.353386,95.513741,90.000000,1.353388,0.000043,0.964029
9028,9.028000,91.353386,95.513741,90.000000,1.353388,0.000008,0.964029
9029,9.029000,91.353386,95.513741,90.000000,1.353388,-0.000027,0.964029
9030,9.030000,91.353386,95.513741,90.000000,1.353388,-0.000066,0.964029
9031,9.031000,91.353386,95.513741,90.000000,1.353388,-0.000091,0.964029
9032,9.032000,91.353386,95.513741,90.000000,1.353388,-0.000114,0.964029
9033,9.033000,91.353386,95.513748,90.000000,1.353388,-0.000138,0.964029
9034,9.034000,91.353386,95.513748,90.000000,1.353388,-0.000145,0.964029
9035,9.035000,91.353386,95.513748,90.000000,1.353388,-0.000128,0.964029
9036,9.036000,91.353386,95.513748,90.000000,1.353388,-0.000121,0.964029
9037,9.037000,91.353386,95.513748,90.000000,1.353388,-0.000110,0.964029
9038,9.038000,91.353386,95.513748,90.000000,1.353388,-0.000108,0.964029
9039,9.039000,91.353386,95.513748,90.000000,1.353388,-0.000100,0.964029
9040,9.040000,91.353386,95.513748,90.000000,1.353388,-0.000080,0.964029
9041,9.041000,91.353386,95.513748,90.000000,1.353388,-0.000082,0.964029
9042,9.042000,91.353386,95.513748,90.000000,1.353388,-0.000082,0.964029
9043,9.043000,91.353386,95.513748,90.000000,1.353388,-0.000084,0.964029
9044,9.044000,91.353386,95.513748,90.000000,1.353388,-0.000077,0.964029
9045,9.045000,91.353386,95.513748,90.000000,1.353388,-0.000091,0.964029
9046,9.046000,91.353386,95.513748,90.000000,1.353388,-0.000080,0.964029
9047,9.047000,91.353386,95.513748,90.000000,1.353388,-0.000082,0.964029
9048,9.048000,91.353386,95.513748,90.000000,1.353388,-0.000080,0.964029
9049,9.049000,91.353386,95.513748,90.000000,1.353388,-0.000086,0.964029
9050,9.050000,91.353386,95.513748,90.000000,1.353388,-0.000091,0.964029
9051,9.051000,91.353386,95.513748,90.000000,1.353388,-0.000072,0.964029
9052,9.052000,91.353386,95.513748,90.000000,1.353388,-0.000062,0.964029
9053,9.053000,91.353386,95.513748,90.000000,1.353388,-0.000061,0.964029
9054,9.054000,91.353386,95.513748,90.000000,1.353388,-0.000043,0.964029
9055,9.055000,91.353386,95.513748,90.000000,1.353388,-0.000009,0.964029
9056,9.056000,91.353386,95.513748,90.000000,1.353388,0.000034,0.964029
9057,9.057000,91.353386,95.513748,90.000000,1.353388,0.000067,0.964029
9058,9.058000,91.353386,95.513748,90.000000,1.353388,0.000109,0.964029
9059,9.059000,91.353386,95.513748,90.000000,1.353388,0.000130,0.964029
9060,9.060000,91.353386,95.513748,90.000000,1.353388,0.000152,0.964029
9061,9.061000,91.353386,95.513741,90.000000,1.353388,0.000158,0.964029
9062,9.062000,91.353386,95.513741,90.000000,1.353388,0.000180,0.964029
9063,9.063000,91.353386,95.513741,90.000000,1.353388,0.000167,0.964029
9064,9.064000,91.353386,95.513741,90.000000,1.353388,0.000152,0.964029
9065,9.065000,91.353386,95.513741,90.000000,1.353388,0.000140,0.964029
9066,9.066000,91.353386,95.513741,90.000000,1.353388,0.000134,0.964029
9067,9.067000,91.353386,95.513741,90.000000,1.353388,0.000117,0.964029
9068,9.068000,91.353386,95.513741,90.000000,1.353388,0.000119,0.964029
9069,9.069000,91.353386,95.513741,90.000000,1.353388,0.000117,0.964029
9070,9.070000,91.353386,95.513741,90.000000,1.353388,0.000112,0.964029
9071,9.071000,91.353386,95.513741,90.000000,1.353388,0.000107,0.964029
9072,9.072000,91.353386,95.513741,90.000000,1.353388,0.000097,0.964029
9073,9.073000,91.353386,95.513741,90.000000,1.353388,0.000093,0.964029
9074,9.074000,91.353386,95.513741,90.000000,1.353388,0.000082,0.964029
9075,9.075000,91.353386,95.513741,90.000000,1.353388,0.000045,0.964029
9076,9.076000,91.353386,95.513741,90.000000,1.353388,0.000009,0.964029
9077,9.077000,91.353386,95.513741,90.000000,1.353388,-0.000029,0.964029
9078,9.078000,91.353386,95.513741,90.000000,1.353388,-0.000065,0.964029
9079,9.079000,91.353386,95.513741,90.000000,1.353388,-0.000089,0.964029
9080,9.080000,91.353386,95.513741,90.000000,1.353388,-0.000120,0.964029
9081,9.081000,91.353386,95.513748,90.000000,1.353388,-0.000142,0.964029
9082,9.082000,91.353386,95.513748,90.000000,1.353388,-0.000150,0.964029
9083,9.083000,91.353386,95.513748,90.000000,1.353388,-0.000128,0.964029
9084,9.084000,91.353386,95.513748,90.000000,1.353388,-0.000123,0.964029
9085,9.085000,91.353386,95.513748,90.000000,1.353388,-0.000111,0.964029
9086,9.086000,91.353386,95.513748,90.000000,1.353388,-0.000109,0.964029
9087,9.087000,91.353386,95.513748,90.000000,1.353388,-0.000100,0.964029
9088,9.088000,91.353386,95.513748,90.000000,1.353388,-0.000087,0.964029
9089,9.089000,91.353386,95.513748,90.000000,1.353388,-0.000085,0.964029
9090,9.090000,91.353386,95.513748,90.000000,1.353388,-0.000081,0.964029
9091,9.091000,91.353386,95.513748,90.000000,1.353388,-0.000075,0.964029
9092,9.092000,91.353386,95.513748,90.000000,1.353388,-0.000080,0.964029
9093,9.093000,91.353386,95.513748,90.000000,1.353388,-0.000081,0.964029
9094,9.094000,91.353386,95.513748,90.000000,1.353388,-0.000083,0.964029
9095,9.095000,91.353386,95.513748,90.000000,1.353388,-0.000080,0.964029
9096,9.096000,91.353386,95.513748,90.000000,1.353388,-0.000082,0.964029
9097,9.097000,91.353386,95.513748,90.000000,1.353388,-0.000085,0.964029
9098,9.098000,91.353386,95.513748,90.000000,1.353388,-0.000089,0.964029
9099,9.099000,91.353386,95.513748,90.000000,1.353388,-0.000076,0.964029
9100,9.100000,91.353386,95.513748,90.000000,1.353388,-0.000062,0.964029
9101,9.101000,91.353386,95.513748,90.000000,1.353388,-0.000062,0.964029
9102,9.102000,91.353386,95.513748,90.000000,1.353388,-0.000042,0.964029
9103,9.103000,91.353386,95.513748,90.000000,1.353388,-0.000009,0.964029
9104,9.104000,91.353386,95.513748,90.000000,1.353388,0.000034,0.964029
9105,9.105000,91.353386,95.513748,90.000000,1.353388,0.000068,0.964029
9106,9.106000,91.353386,95.513748,90.000000,1.353388,0.000113,0.964029
9107,9.107000,91.353386,95.513748,90.000000,1.353388,0.000131,0.964029
9108,9.108000,91.353386,95.513748,90.000000,1.353388,0.000152,0.964029
9109,9.109000,91.353386,95.513741,90.000000,1.353388,0.000165,0.964029
9110,9.110000,91.353386,95.513741,90.000000,1.353388,0.000186,0.964029
9111,9.111000,91.353386,95.513741,90.000000,1.353388,0.000171,0.964029
9112,9.112000,91.353386,95.513741,90.000000,1.353388,0.000149,0.964029
9113,9.113000,91.353386,95.513741,90.000000,1.353388,0.000143,0.964029
9114,9.114000,91.353386,95.513741,90.000000,1.353388,0.000133,0.964029
9115,9.115000,91.353386,95.513741,90.000000,1.353388,0.000112,0.964029
9116,9.116000,91.353386,95.513741,90.000000,1.353388,0.000118,0.964029
9117,9.117000,91.353386,95.513741,90.000000,1.353388,0.000119,0.964029
9118,9.118000,91.353386,95.513741,90.000000,1.353388,0.000105,0.964029
9119,9.119000,91.353386,95.513741,90.000000,1.353388,0.000104,0.964029
9120,9.120000,91.353386,95.513741,90.000000,1.353388,0.000094,0.964029
9121,9.121000,91.353386,95.513741,90.000000,1.353388,0.000087,0.964029
9122,9.122000,91.353386,95.513741,90.000000,1.353388,0.000078,0.964029
9123,9.123000,91.353386,95.513741,90.000000,1.353388,0.000072,0.964029
9124,9.124000,91.353386,95.513741,90.000000,1.353388,0.000038,0.964029
9125,9.125000,91.353386,95.513741,90.000000,1.353388,-0.000011,0.964029
9126,9.126000,91.353386,95.513741,90.000000,1.353388,-0.000042,0.964029
9127,9.127000,91.353386,95.513741,90.000000,1.353388,-0.000071,0.964029
9128,9.128000,91.353386,95.513741,90.000000,1.353388,-0.000098,0.964029
9129,9.129000,91.353386,95.513741,90.000000,1.353388,-0.000133,0.964029
9130,9.130000,91.353386,95.513748,90.000000,1.353388,-0.000144,0.964029
9131,9.131000,91.353386,95.513748,90.000000,1.353388,-0.000149,0.964029
9132,9.132000,91.353386,95.513748,90.000000,1.353388,-0.000142,0.964029
9133,9.133000,91.353386,95.513748,90.000000,1.353388,-0.000131,0.964029
9134,9.134000,91.353386,95.513748,90.000000,1.353388,-0.000117,0.964029
9135,9.135000,91.353386,95.513748,90.000000,1.353388,-0.000111,0.964029
9136,9.136000,91.353386,95.513748,90.000000,1.353388,-0.000100,0.964029
9137,9.137000,91.353386,95.513748,90.000000,1.353388,-0.000088,0.964029
9138,9.138000,91.353386,95.513748,90.000000,1.353388,-0.000083,0.964029
9139,9.139000,91.353386,95.513748,90.000000,1.353388,-0.000082,0.964029
9140,9.140000,91.353386,95.513748,90.000000,1.353388,-0.000076,0.964029
9141,9.141000,91.353386,95.513748,90.000000,1.353388,-0.000089,0.964029
9142,9.142000,91.353386,95.513748,90.000000,1.353388,-0.000084,0.964029
9143,9.143000,91.353386,95.513748,90.000000,1.353388,-0.000087,0.964029
9144,9.144000,91.353386,95.513748,90.000000,1.353388,-0.000077,0.964029
9145,9.145000,91.353386,95.513748,90.000000,1.353388,-0.000082,0.964029
9146,9.146000,91.353386,95.513748,90.000000,1.353388,-0.000082,0.964029
9147,9.147000,91.353386,95.513748,90.000000,1.353388,-0.000085,0.964029
9148,9.148000,91.353386,95.513748,90.000000,1.353388,-0.000064,0.964029
9149,9.149000,91.353386,95.513748,90.000000,1.353388,-0.000057,0.964029
9150,9.150000,91.353386,95.513748,90.000000,1.353388,-0.000051,0.964029
9151,9.151000,91.353386,95.513748,90.000000,1.353388,-0.000041,0.964029
9152,9.152000,91.353386,95.513748,90.000000,1.353388,-0.000012,0.964029
9153,9.153000,91.353386,95.513748,90.000000,1.353388,0.000031,0.964029
9154,9.154000,91.353386,95.513748,90.000000,1.353388,0.000068,0.964029
9155,9.155000,91.353386,95.513748,90.000000,1.353388,0.000103,0.964029
9156,9.156000,91.353386,95.513748,90.000000,1.353388,0.000127,0.964029
9157,9.157000,91.353386,95.513748,90.000000,1.353388,0.000147,0.964029
9158,9.158000,91.353386,95.513741,90.000000,1.353388,0.000161,0.964029
9159,9.159000,91.353386,95.513741,90.000000,1.353388,0.000177,0.964029
9160,9.160000,91.353386,95.513741,90.000000,1.353388,0.000170,0.964029
9161,9.161000,91.353386,95.513741,90.000000,1.353388,0.000154,0.964029
9162,9.162000,91.353386,95.513741,90.000000,1.353388,0.000139,0.964029
9163,9.163000,91.353386,95.513741,90.000000,1.353388,0.000130,0.964029
9164,9.164000,91.353386,95.513741,90.000000,1.353388,0.000117,0.964029
9165,9.165000,91.353386,95.513741,90.000000,1.353388,0.000116,0.964029
9166,9.166000,91.353386,95.513741,90.000000,1.353388,0.000114,0.964029
9167,9.167000,91.353386,95.513741,90.000000,1.353388,0.000116,0.964029
9168,9.168000,91.353386,95.513741,90.000000,1.353388,0.000102,0.964029
9169,9.169000,91.353386,95.513741,90.000000,1.353388,0.000102,0.964029
9170,9.170000,91.353386,95.513741,90.000000,1.353388,0.000093,0.964029
9171,9.171000,91.353386,95.513741,90.000000,1.353388,0.000080,0.964029
9172,9.172000,91.353386,95.513741,90.000000,1.353388,0.000070,0.964029
9173,9.173000,91.353386,95.513741,90.000000,1.353388,0.000038,0.964029
9174,9.174000,91.353386,95.513741,90.000000,1.353388,-0.000005,0.964029
9175,9.175000,91.353386,95.513741,90.000000,1.353388,-0.000033,0.964029
9176,9.176000,91.353386,95.513741,90.000000,1.353388,-0.000070,0.964029
9177,9.177000,91.353386,95.513741,90.000000,1.353388,-0.000093,0.964029
9178,9.178000,91.353386,95.513741,90.000000,1.353388,-0.000124,0.964029
9179,9.179000,91.353386,95.513748,90.000000,1.353388,-0.000136,0.964029
9180,9.180000,91.353386,95.513748,90.000000,1.353388,-0.000142,0.964029
9181,9.181000,91.353386,95.513748,90.000000,1.353388,-0.000132,0.964029
9182,9.182000,91.353386,95.513748,90.000000,1.353388,-0.000126,0.964029
9183,9.183000,91.353386,95.513748,90.000000,1.353388,-0.000118,0.964029
9184,9.184000,91.353386,95.513748,90.000000,1.353388,-0.000117,0.964029
9185,9.185000,91.353386,95.513748,90.000000,1.353388,-0.000113,0.964029
9186,9.186000,91.353386,95.513748,90.000000,1.353388,-0.000095,0.964029
9187,9.187000,91.353386,95.513748,90.000000,1.353388,-0.000094,0.964029
9188,9.188000,91.353386,95.513748,90.000000,1.353388,-0.000094,0.964029
9189,9.189000,91.353386,95.513748,90.000000,1.353388,-0.000088,0.964029
9190,9.190000,91.353386,95.513748,90.000000,1.353388,-0.000097,0.964029
9191,9.191000,91.353386,95.513748,90.000000,1.353388,-0.000088,0.964029
9192,9.192000,91.353386,95.513748,90.000000,1.353388,-0.000086,0.964029
9193,9.193000,91.353386,95.513748,90.000000,1.353388,-0.000088,0.964029
9194,9.194000,91.353386,95.513748,90.000000,1.353388,-0.000086,0.964029
9195,9.195000,91.353386,95.513748,90.000000,1.353388,-0.000084,0.964029
9196,9.196000,91.353386,95.513748,90.000000,1.353388,-0.000066,0.964029
9197,9.197000,91.353386,95.513748,90.000000,1.353388,-0.000053,0.964029
9198,9.198000,91.353386,95.513748,90.000000,1.353388,-0.000048,0.964029
9199,9.199000,91.353386,95.513748,90.000000,1.353388,-0.000039,0.964029
9200,9.200000,91.353386,95.513748,90.000000,1.353388,-0.000005,0.964029
9201,9.201000,91.353386,95.513748,90.000000,1.353388,0.000034,0.964029
9202,9.202000,91.353386,95.513748,90.000000,1.353388,0.000074,0.964029
9203,9.203000,91.353386,95.513748,90.000000,1.353388,0.000109,0.964029
9204,9.204000,91.353386,95.513748,90.000000,1.353388,0.000130,0.964029
9205,9.205000,91.353386,95.513748,90.000000,1.353388,0.000142,0.964029
9206,9.206000,91.353386,95.513741,90.000000,1.353388,0.000156,0.964029
9207,9.207000,91.353386,95.513741,90.000000,1.353388,0.000169,0.964029
9208,9.208000,91.353386,95.513741,90.000000,1.353388,0.000171,0.964029
9209,9.209000,91.353386,95.513741,90.000000,1.353388,0.000150,0.964029
9210,9.210000,91.353386,95.513741,90.000000,1.353388,0.000140,0.964029
9211,9.211000,91.353386,95.513741,90.000000,1.353388,0.000129,0.964029
9212,9.212000,91.353386,95.513741,90.000000,1.353388,0.000119,0.964029
9213,9.213000,91.353386,95.513741,90.000000,1.353388,0.000119,0.964029
9214,9.214000,91.353386,95.513741,90.000000,1.353388,0.000120,0.964029
9215,9.215000,91.353386,95.513741,90.000000,1.353388,0.000116,0.964029
9216,9.216000,91.353386,95.513741,90.000000,1.353388,0.000104,0.964029
9217,9.217000,91.353386,95.513741,90.000000,1.353388,0.000098,0.964029
9218,9.218000,91.353386,95.513741,90.000000,1.353388,0.000090,0.964029
9219,9.219000,91.353386,95.513741,90.000000,1.353388,0.000072,0.964029
9220,9.220000,91.353386,95.513741,90.000000,1.353388,0.000042,0.964029
9221,9.221000,91.353386,95.513741,90.000000,1.353388,0.000013,0.964029
9222,9.222000,91.353386,95.513741,90.000000,1.353388,-0.000029,0.964029
9223,9.223000,91.353386,95.513741,90.000000,1.353388,-0.000067,0.964029
9224,9.224000,91.353386,95.513741,90.000000,1.353388,-0.000090,0.964029
9225,9.225000,91.353386,95.513741,90.000000,1.353388,-0.000119,0.964029
9226,9.226000,91.353386,95.513748,90.000000,1.353388,-0.000135,0.964029
9227,9.227000,91.353386,95.513748,90.000000,1.353388,-0.000145,0.964029
9228,9.228000,91.353386,95.513748,90.000000,1.353388,-0.000130,0.964029
9229,9.229000,91.353386,95.513748,90.000000,1.353388,-0.000129,0.964029
9230,9.230000,91.353386,95.513748,90.000000,1.353388,-0.000124,0.964029
9231,9.231000,91.353386,95.513748,90.000000,1.353388,-0.000119,0.964029
9232,9.232000,91.353386,95.513748,90.000000,1.353388,-0.000113,0.964029
9233,9.233000,91.353386,95.513748,90.000000,1.353388,-0.000101,0.964029
9234,9.234000,91.353386,95.513748,90.000000,1.353388,-0.000095,0.964029
9235,9.235000,91.353386,95.513748,90.000000,1.353388,-0.000094,0.964029
9236,9.236000,91.353386,95.513748,90.000000,1.353388,-0.000089,0.964029
9237,9.237000,91.353386,95.513748,90.000000,1.353388,-0.000094,0.964029
9238,9.238000,91.353386,95.513748,90.000000,1.353388,-0.000089,0.964029
9239,9.239000,91.353386,95.513748,90.000000,1.353388,-0.000085,0.964029
9240,9.240000,91.353386,95.513748,90.000000,1.353388,-0.000089,0.964029
9241,9.241000,91.353386,95.513748,90.000000,1.353388,-0.000088,0.964029
9242,9.242000,91.353386,95.513748,90.000000,1.353388,-0.000080,0.964029
9243,9.243000,91.353386,95.513748,90.000000,1.353388,-0.000063,0.964029
9244,9.244000,91.353386,95.513748,90.000000,1.353388,-0.000052,0.964029
9245,9.245000,91.353386,95.513748,90.000000,1.353388,-0.000044,0.964029
9246,9.246000,91.353386,95.513748,90.000000,1.353388,-0.000035,0.964029
9247,9.247000,91.353386,95.513748,90.000000,1.353388,-0.000002,0.964029
9248,9.248000,91.353386,95.513748,90.000000,1.353388,0.000036,0.964029
9249,9.249000,91.353386,95.513748,90.000000,1.353388,0.000077,0.964029
9250,9.250000,91.353386,95.513748,90.000000,1.353388,0.000104,0.964029
9251,9.251000,91.353386,95.513748,90.000000,1.353388,0.000128,0.964029
9252,9.252000,91.353386,95.513748,90.000000,1.353388,0.000143,0.964029
9253,9.253000,91.353386,95.513741,90.000000,1.353388,0.000159,0.964029
9254,9.254000,91.353386,95.513741,90.000000,1.353388,0.000174,0.964029
9255,9.255000,91.353386,95.513741,90.000000,1.353388,0.000170,0.964029
9256,9.256000,91.353386,95.513741,90.000000,1.353388,0.000151,0.964029
9257,9.257000,91.353386,95.513741,90.000000,1.353388,0.000140,0.964029
9258,9.258000,91.353386,95.513741,90.000000,1.353388,0.000131,0.964029
9259,9.259000,91.353386,95.513741,90.000000,1.353388,0.000113,0.964029
9260,9.260000,91.353386,95.513741,90.000000,1.353388,0.000122,0.964029
9261,9.261000,91.353386,95.513741,90.000000,1.353388,0.000118,0.964029
9262,9.262000,91.353386,95.513741,90.000000,1.353388,0.000115,0.964029
9263,9.263000,91.353386,95.513741,90.000000,1.353388,0.000103,0.964029
9264,9.264000,91.353386,95.513741,90.000000,1.353388,0.000100,0.964029
9265,9.265000,91.353386,95.513741,90.000000,1.353388,0.000089,0.964029
9266,9.266000,91.353386,95.513741,90.000000,1.353388,0.000070,0.964029
9267,9.267000,91.353386,95.513741,90.000000,1.353388,0.000069,0.964029
9268,9.268000,91.353386,95.513741,90.000000,1.353388,0.000032,0.964029
9269,9.269000,91.353386,95.513741,90.000000,1.353388,-0.000010,0.964029
9270,9.270000,91.353386,95.513741,90.000000,1.353388,-0.000047,0.964029
9271,9.271000,91.353386,95.513741,90.000000,1.353388,-0.000074,0.964029
9272,9.272000,91.353386,95.513741,90.000000,1.353388,-0.000101,0.964029
9273,9.273000,91.353386,95.513741,90.000000,1.353388,-0.000126,0.964029
9274,9.274000,91.353386,95.513748,90.000000,1.353388,-0.000144,0.964029
9275,9.275000,91.353386,95.513748,90.000000,1.353388,-0.000141,0.964029
9276,9.276000,91.353386,95.513748,90.000000,1.353388,-0.000131,0.964029
9277,9.277000,91.353386,95.513748,90.000000,1.353388,-0.000125,0.964029
9278,9.278000,91.353386,95.513748,90.000000,1.353388,-0.000117,0.964029
9279,9.279000,91.353386,95.513748,90.000000,1.353388,-0.000112,0.964029
9280,9.280000,91.353386,95.513748,90.000000,1.353388,-0.000107,0.964029
9281,9.281000,91.353386,95.513748,90.000000,1.353388,-0.000094,0.964029
9282,9.282000,91.353386,95.513748,90.000000,1.353388,-0.000088,0.964029
9283,9.283000,91.353386,95.513748,90.000000,1.353388,-0.000089,0.964029
9284,9.284000,91.353386,95.513748,90.000000,1.353388,-0.000088,0.964029
9285,9.285000,91.353386,95.513748,90.000000,1.353388,-0.000095,0.964029
9286,9.286000,91.353386,95.513748,90.000000,1.353388,-0.000089,0.964029
9287,9.287000,91.353386,95.513748,90.000000,1.353388,-0.000084,0.964029
9288,9.288000,91.353386,95.513748,90.000000,1.353388,-0.000086,0.964029
9289,9.289000,91.353386,95.513748,90.000000,1.353388,-0.000086,0.964029
9290,9.290000,91.353386,95.513748,90.000000,1.353388,-0.000083,0.964029
9291,9.291000,91.353386,95.513748,90.000000,1.353388,-0.000068,0.964029
9292,9.292000,91.353386,95.513748,90.000000,1.353388,-0.000057,0.964029
9293,9.293000,91.353386,95.513748,90.000000,1.353388,-0.000054,0.964029
9294,9.294000,91.353386,95.513748,90.000000,1.353388,-0.000040,0.964029
9295,9.295000,91.353386,95.513748,90.000000,1.353388,-0.000004,0.964029
9296,9.296000,91.353386,95.513748,90.000000,1.353388,0.000034,0.964029
9297,9.297000,91.353386,95.513748,90.000000,1.353388,0.000066,0.964029
9298,9.298000,91.353386,95.513748,90.000000,1.353388,0.000103,0.964029
9299,9.299000,91.353386,95.513748,90.000000,1.353388,0.000131,0.964029
9300,9.300000,91.353386,95.513748,90.000000,1.353388,0.000144,0.964029
9301,9.301000,91.353386,95.513741,90.000000,1.353388,0.000158,0.964029
9302,9.302000,91.353386,95.513741,90.000000,1.353388,0.000180,0.964029
9303,9.303000,91.353386,95.513741,90.000000,1.353388,0.000171,0.964029
9304,9.304000,91.353386,95.513741,90.000000,1.353388,0.000148,0.964029
9305,9.305000,91.353386,95.513741,90.000000,1.353388,0.000141,0.964029
9306,9.306000,91.353386,95.513741,90.000000,1.353388,0.000134,0.964029
9307,9.307000,91.353386,95.513741,90.000000,1.353388,0.000118,0.964029
9308,9.308000,91.353386,95.513741,90.000000,1.353388,0.000122,0.964029
9309,9.309000,91.353386,95.513741,90.000000,1.353388,0.000122,0.964029
9310,9.310000,91.353386,95.513741,90.000000,1.353388,0.000116,0.964029
9311,9.311000,91.353386,95.513741,90.000000,1.353388,0.000109,0.964029
9312,9.312000,91.353386,95.513741,90.000000,1.353388,0.000100,0.964029
9313,9.313000,91.353386,95.513741,90.000000,1.353388,0.000085,0.964029
9314,9.314000,91.353386,95.513741,90.000000,1.353388,0.000070,0.964029
9315,9.315000,91.353386,95.513741,90.000000,1.353388,0.000045,0.964029
9316,9.316000,91.353386,95.513741,90.000000,1.353388,0.000003,0.964029
9317,9.317000,91.353386,95.513741,90.000000,1.353388,-0.000033,0.964029
9318,9.318000,91.353386,95.513741,90.000000,1.353388,-0.000067,0.964029
9319,9.319000,91.353386,95.513741,90.000000,1.353388,-0.000094,0.964029
9320,9.320000,91.353386,95.513741,90.000000,1.353388,-0.000117,0.964029
9321,9.321000,91.353386,95.513748,90.000000,1.353388,-0.000132,0.964029
9322,9.322000,91.353386,95.513748,90.000000,1.353388,-0.000142,0.964029
9323,9.323000,91.353386,95.513748,90.000000,1.353388,-0.000130,0.964029
9324,9.324000,91.353386,95.513748,90.000000,1.353388,-0.000122,0.964029
9325,9.325000,91.353386,95.513748,90.000000,1.353388,-0.000118,0.964029
9326,9.326000,91.353386,95.513748,90.000000,1.353388,-0.000111,0.964029
9327,9.327000,91.353386,95.513748,90.000000,1.353388,-0.000104,0.964029
9328,9.328000,91.353386,95.513748,90.000000,1.353388,-0.000092,0.964029
9329,9.329000,91.353386,95.513748,90.000000,1.353388,-0.000084,0.964029
9330,9.330000,91.353386,95.513748,90.000000,1.353388,-0.000089,0.964029
9331,9.331000,91.353386,95.513748,90.000000,1.353388,-0.000083,0.964029
9332,9.332000,91.353386,95.513748,90.000000,1.353388,-0.000086,0.964029
9333,9.333000,91.353386,95.513748,90.000000,1.353388,-0.000084,0.964029
9334,9.334000,91.353386,95.513748,90.000000,1.353388,-0.000089,0.964029
9335,9.335000,91.353386,95.513748,90.000000,1.353388,-0.000079,0.964029
9336,9.336000,91.353386,95.513748,90.000000,1.353388,-0.000080,0.964029
9337,9.337000,91.353386,95.513748,90.000000,1.353388,-0.000082,0.964029
9338,9.338000,91.353386,95.513748,90.000000,1.353388,-0.000086,0.964029
9339,9.339000,91.353386,95.513748,90.000000,1.353388,-0.000069,0.964029
9340,9.340000,91.353386,95.513748,90.000000,1.353388,-0.000055,0.964029
9341,9.341000,91.353386,95.513748,90.000000,1.353388,-0.000049,0.964029
9342,9.342000,91.353386,95.513748,90.000000,1.353388,-0.000038,0.964029
9343,9.343000,91.353386,95.513748,90.000000,1.353388,-0.000007,0.964029
9344,9.344000,91.353386,95.513748,90.000000,1.353388,0.000032,0.964029
9345,9.345000,91.353386,95.513748,90.000000,1.353388,0.000069,0.964029
9346,9.346000,91.353386,95.513748,90.000000,1.353388,0.000107,0.964029
9347,9.347000,91.353386,95.513748,90.000000,1.353388,0.000128,0.964029
9348,9.348000,91.353386,95.513748,90.000000,1.353388,0.000151,0.964029
9349,9.349000,91.353386,95.513741,90.000000,1.353388,0.000164,0.964029
9350,9.350000,91.353386,95.513741,90.000000,1.353388,0.000182,0.964029
9351,9.351000,91.353386,95.513741,90.000000,1.353388,0.000176,0.964029
9352,9.352000,91.353386,95.513741,90.000000,1.353388,0.000152,0.964029
9353,9.353000,91.353386,95.513741,90.000000,1.353388,0.000143,0.964029
9354,9.354000,91.353386,95.513741,90.000000,1.353388,0.000136,0.964029
9355,9.355000,91.353386,95.513741,90.000000,1.353388,0.000121,0.964029
9356,9.356000,91.353386,95.513741,90.000000,1.353388,0.000118,0.964029
9357,9.357000,91.353386,95.513741,90.000000,1.353388,0.000112,0.964029
9358,9.358000,91.353386,95.513741,90.000000,1.353388,0.000110,0.964029
9359,9.359000,91.353386,95.513741,90.000000,1.353388,0.000105,0.964029
9360,9.360000,91.353386,95.513741,90.000000,1.353388,0.000092,0.964029
9361,9.361000,91.353386,95.513741,90.000000,1.353388,0.000087,0.964029
9362,9.362000,91.353386,95.513741,90.000000,1.353388,0.000082,0.964029
9363,9.363000,91.353386,95.513741,90.000000,1.353388,0.000072,0.964029
9364,9.364000,91.353386,95.513741,90.000000,1.353388,0.000039,0.964029
9365,9.365000,91.353386,95.513741,90.000000,1.353388,-0.000004,0.964029
9366,9.366000,91.353386,95.513741,90.000000,1.353388,-0.000039,0.964029
9367,9.367000,91.353386,95.513741,90.000000,1.353388,-0.000060,0.964029
9368,9.368000,91.353386,95.513741,90.000000,1.353388,-0.000091,0.964029
9369,9.369000,91.353386,95.513741,90.000000,1.353388,-0.000130,0.964029
9370,9.370000,91.353386,95.513748,90.000000,1.353388,-0.000142,0.964029
9371,9.371000,91.353386,95.513748,90.000000,1.353388,-0.000149,0.964029
9372,9.372000,91.353386,95.513748,90.000000,1.353388,-0.000134,0.964029
9373,9.373000,91.353386,95.513748,90.000000,1.353388,-0.000132,0.964029
9374,9.374000,91.353386,95.513748,90.000000,1.353388,-0.000109,0.964029
9375,9.375000,91.353386,95.513748,90.000000,1.353388,-0.000104,0.964029
9376,9.376000,91.353386,95.513748,90.000000,1.353388,-0.000101,0.964029
9377,9.377000,91.353386,95.513748,90.000000,1.353388,-0.000086,0.964029
9378,9.378000,91.353386,95.513748,90.000000,1.353388,-0.000086,0.964029
9379,9.379000,91.353386,95.513748,90.000000,1.353388,-0.000083,0.964029
9380,9.380000,91.353386,95.513748,90.000000,1.353388,-0.000087,0.964029
9381,9.381000,91.353386,95.513748,90.000000,1.353388,-0.000079,0.964029
9382,9.382000,91.353386,95.513748,90.000000,1.353388,-0.000092,0.964029
9383,9.383000,91.353386,95.513748,90.000000,1.353388,-0.000083,0.964029
9384,9.384000,91.353386,95.513748,90.000000,1.353388,-0.000076,0.964029
9385,9.385000,91.353386,95.513748,90.000000,1.353388,-0.000083,0.964029
9386,9.386000,91.353386,95.513748,90.000000,1.353388,-0.000085,0.964029
9387,9.387000,91.353386,95.513748,90.000000,1.353388,-0.000083,0.964029
9388,9.388000,91.353386,95.513748,90.000000,1.353388,-0.000073,0.964029
9389,9.389000,91.353386,95.513748,90.000000,1.353388,-0.000057,0.964029
9390,9.390000,91.353386,95.513748,90.000000,1.353388,-0.000056,0.964029
9391,9.391000,91.353386,95.513748,90.000000,1.353388,-0.000042,0.964029
9392,9.392000,91.353386,95.513748,90.000000,1.353388,-0.000033,0.964029
9393,9.393000,91.353386,95.513748,90.000000,1.353388,0.000004,0.964029
9394,9.394000,91.353386,95.513748,90.000000,1.353388,0.000041,0.964029
9395,9.395000,91.353386,95.513748,90.000000,1.353388,0.000080,0.964029
9396,9.396000,91.353386,95.513748,90.000000,1.353388,0.000107,0.964029
9397,9.397000,91.353386,95.513748,90.000000,1.353388,0.000133,0.964029
9398,9.398000,91.353386,95.513748,90.000000,1.353388,0.000152,0.964029
9399,9.399000,91.353386,95.513741,90.000000,1.353388,0.000166,0.964029
9400,9.400000,91.353386,95.513741,90.000000,1.353388,0.000185,0.964029
9401,9.401000,91.353386,95.513741,90.000000,1.353388,0.000169,0.964029
9402,9.402000,91.353386,95.513741,90.000000,1.353388,0.000152,0.964029
9403,9.403000,91.353386,95.513741,90.000000,1.353388,0.000145,0.964029
9404,9.404000,91.353386,95.513741,90.000000,1.353388,0.000128,0.964029
9405,9.405000,91.353386,95.513741,90.000000,1.353388,0.000120,0.964029
9406,9.406000,91.353386,95.513741,90.000000,1.353388,0.000121,0.964029
9407,9.407000,91.353386,95.513741,90.000000,1.353388,0.000117,0.964029
9408,9.408000,91.353386,95.513741,90.000000,1.353388,0.000106,0.964029
9409,9.409000,91.353386,95.513741,90.000000,1.353388,0.000098,0.964029
9410,9.410000,91.353386,95.513741,90.000000,1.353388,0.000091,0.964029
9411,9.411000,91.353386,95.513741,90.000000,1.353388,0.000080,0.964029
9412,9.412000,91.353386,95.513741,90.000000,1.353388,0.000072,0.964029
9413,9.413000,91.353386,95.513741,90.000000,1.353388,0.000044,0.964029
9414,9.414000,91.353386,95.513741,90.000000,1.353388,0.000004,0.964029
9415,9.415000,91.353386,95.513741,90.000000,1.353388,-0.000031,0.964029
9416,9.416000,91.353386,95.513741,90.000000,1.353388,-0.000067,0.964029
9417,9.417000,91.353386,95.513741,90.000000,1.353388,-0.000095,0.964029
9418,9.418000,91.353386,95.513741,90.000000,1.353388,-0.000119,0.964029
9419,9.419000,91.353386,95.513748,90.000000,1.353388,-0.000140,0.964029
9420,9.420000,91.353386,95.513748,90.000000,1.353388,-0.000152,0.964029
9421,9.421000,91.353386,95.513748,90.000000,1.353388,-0.000135,0.964029
9422,9.422000,91.353386,95.513748,90.000000,1.353388,-0.000125,0.964029
9423,9.423000,91.353386,95.513748,90.000000,1.353388,-0.000124,0.964029
9424,9.424000,91.353386,95.513748,90.000000,1.353388,-0.000112,0.964029
9425,9.425000,91.353386,95.513748,90.000000,1.353388,-0.000102,0.964029
9426,9.426000,91.353386,95.513748,90.000000,1.353388,-0.000088,0.964029
9427,9.427000,91.353386,95.513748,90.000000,1.353388,-0.000078,0.964029
9428,9.428000,91.353386,95.513748,90.000000,1.353388,-0.000083,0.964029
9429,9.429000,91.353386,95.513748,90.000000,1.353388,-0.000077,0.964029
9430,9.430000,91.353386,95.513748,90.000000,1.353388,-0.000090,0.964029
9431,9.431000,91.353386,95.513748,90.000000,1.353388,-0.000072,0.964029
9432,9.432000,91.353386,95.513748,90.000000,1.353388,-0.000076,0.964029
9433,9.433000,91.353386,95.513748,90.000000,1.353388,-0.000070,0.964029
9434,9.434000,91.353386,95.513748,90.000000,1.353388,-0.000076,0.964029
9435,9.435000,91.353386,95.513748,90.000000,1.353388,-0.000080,0.964029
9436,9.436000,91.353386,95.513748,90.000000,1.353388,-0.000076,0.964029
9437,9.437000,91.353386,95.513748,90.000000,1.353388,-0.000057,0.964029
9438,9.438000,91.353386,95.513748,90.000000,1.353388,-0.000061,0.964029
9439,9.439000,91.353386,95.513748,90.000000,1.353388,-0.000049,0.964029
9440,9.440000,91.353386,95.513748,90.000000,1.353388,-0.000009,0.964029
9441,9.441000,91.353386,95.513748,90.000000,1.353388,0.000025,0.964029
9442,9.442000,91.353386,95.513748,90.000000,1.353388,0.000064,0.964029
9443,9.443000,91.353386,95.513748,90.000000,1.353388,0.000103,0.964029
9444,9.444000,91.353386,95.513748,90.000000,1.353388,0.000136,0.964029
9445,9.445000,91.353386,95.513748,90.000000,1.353388,0.000144,0.964029
9446,9.446000,91.353386,95.513741,90.000000,1.353388,0.000158,0.964029
9447,9.447000,91.353386,95.513741,90.000000,1.353388,0.000175,0.964029
9448,9.448000,91.353386,95.513741,90.000000,1.353388,0.000164,0.964029
9449,9.449000,91.353386,95.513741,90.000000,1.353388,0.000143,0.964029
9450,9.450000,91.353386,95.513741,90.000000,1.353388,0.000137,0.964029
9451,9.451000,91.353386,95.513741,90.000000,1.353388,0.000126,0.964029
9452,9.452000,91.353386,95.513741,90.000000,1.353388,0.000115,0.964029
9453,9.453000,91.353386,95.513741,90.000000,1.353388,0.000117,0.964029
9454,9.454000,91.353386,95.513741,90.000000,1.353388,0.000120,0.964029
9455,9.455000,91.353386,95.513741,90.000000,1.353388,0.000115,0.964029
9456,9.456000,91.353386,95.513741,90.000000,1.353388,0.000104,0.964029
9457,9.457000,91.353386,95.513741,90.000000,1.353388,0.000099,0.964029
9458,9.458000,91.353386,95.513741,90.000000,1.353388,0.000090,0.964029
9459,9.459000,91.353386,95.513741,90.000000,1.353388,0.000080,0.964029
9460,9.460000,91.353386,95.513741,90.000000,1.353388,0.000052,0.964029
9461,9.461000,91.353386,95.513741,90.000000,1.353388,0.000017,0.964029
9462,9.462000,91.353386,95.513741,90.000000,1.353388,-0.000028,0.964029
9463,9.463000,91.353386,95.513741,90.000000,1.353388,-0.000064,0.964029
9464,9.464000,91.353386,95.513741,90.000000,1.353388,-0.000094,0.964029
9465,9.465000,91.353386,95.513741,90.000000,1.353388,-0.000117,0.964029
9466,9.466000,91.353386,95.513748,90.000000,1.353388,-0.000138,0.964029
9467,9.467000,91.353386,95.513748,90.000000,1.353388,-0.000150,0.964029
9468,9.468000,91.353386,95.513748,90.000000,1.353388,-0.000135,0.964029
9469,9.469000,91.353386,95.513748,90.000000,1.353388,-0.000128,0.964029
9470,9.470000,91.353386,95.513748,90.000000,1.353388,-0.000112,0.964029
9471,9.471000,91.353386,95.513748,90.000000,1.353388,-0.000103,0.964029
9472,9.472000,91.353386,95.513748,90.000000,1.353388,-0.000097,0.964029
9473,9.473000,91.353386,95.513748,90.000000,1.353388,-0.000091,0.964029
9474,9.474000,91.353386,95.513748,90.000000,1.353388,-0.000087,0.964029
9475,9.475000,91.353386,95.513748,90.000000,1.353388,-0.000084,0.964029
9476,9.476000,91.353386,95.513748,90.000000,1.353388,-0.000086,0.964029
9477,9.477000,91.353386,95.513748,90.000000,1.353388,-0.000083,0.964029
9478,9.478000,91.353386,95.513748,90.000000,1.353388,-0.000092,0.964029
9479,9.479000,91.353386,95.513748,90.000000,1.353388,-0.000087,0.964029
9480,9.480000,91.353386,95.513748,90.000000,1.353388,-0.000080,0.964029
9481,9.481000,91.353386,95.513748,90.000000,1.353388,-0.000084,0.964029
9482,9.482000,91.353386,95.513748,90.000000,1.353388,-0.000081,0.964029
9483,9.483000,91.353386,95.513748,90.000000,1.353388,-0.000078,0.964029
9484,9.484000,91.353386,95.513748,90.000000,1.353388,-0.000069,0.964029
9485,9.485000,91.353386,95.513748,90.000000,1.353388,-0.000054,0.964029
9486,9.486000,91.353386,95.513748,90.000000,1.353388,-0.000054,0.964029
9487,9.487000,91.353386,95.513748,90.000000,1.353388,-0.000041,0.964029
9488,9.488000,91.353386,95.513748,90.000000,1.353388,-0.000001,0.964029
9489,9.489000,91.353386,95.513748,90.000000,1.353388,0.000032,0.964029
9490,9.490000,91.353386,95.513748,90.000000,1.353388,0.000065,0.964029
9491,9.491000,91.353386,95.513748,90.000000,1.353388,0.000105,0.964029
9492,9.492000,91.353386,95.513748,90.000000,1.353388,0.000129,0.964029
9493,9.493000,91.353386,95.513748,90.000000,1.353388,0.000145,0.964029
9494,9.494000,91.353386,95.513741,90.000000,1.353388,0.000157,0.964029
9495,9.495000,91.353386,95.513741,90.000000,1.353388,0.000183,0.964029
9496,9.496000,91.353386,95.513741,90.000000,1.353388,0.000170,0.964029
9497,9.497000,91.353386,95.513741,90.000000,1.353388,0.000144,0.964029
9498,9.498000,91.353386,95.513741,90.000000,1.353388,0.000139,0.964029
9499,9.499000,91.353386,95.513741,90.000000,1.353388,0.000133,0.964029
9500,9.500000,91.353386,95.513741,90.000000,1.353388,0.000115,0.964029
9501,9.501000,91.353386,95.513741,90.000000,1.353388,0.000119,0.964029
9502,9.502000,91.353386,95.513741,90.000000,1.353388,0.000120,0.964029
9503,9.503000,91.353386,95.513741,90.000000,1.353388,0.000108,0.964029
9504,9.504000,91.353386,95.513741,90.000000,1.353388,0.000105,0.964029
9505,9.505000,91.353386,95.513741,90.000000,1.353388,0.000104,0.964029
9506,9.506000,91.353386,95.513741,90.000000,1.353388,0.000085,0.964029
9507,9.507000,91.353386,95.513741,90.000000,1.353388,0.000069,0.964029
9508,9.508000,91.353386,95.513741,90.000000,1.353388,0.000041,0.964029
9509,9.509000,91.353386,95.513741,90.000000,1.353388,0.000008,0.964029
9510,9.510000,91.353386,95.513741,90.000000,1.353388,-0.000029,0.964029
9511,9.511000,91.353386,95.513741,90.000000,1.353388,-0.000067,0.964029
9512,9.512000,91.353386,95.513741,90.000000,1.353388,-0.000086,0.964029
9513,9.513000,91.353386,95.513741,90.000000,1.353388,-0.000113,0.964029
9514,9.514000,91.353386,95.513748,90.000000,1.353388,-0.000124,0.964029
9515,9.515000,91.353386,95.513748,90.000000,1.353388,-0.000140,0.964029
9516,9.516000,91.353386,95.513748,90.000000,1.353388,-0.000125,0.964029
9517,9.517000,91.353386,95.513748,90.000000,1.353388,-0.000119,0.964029
9518,9.518000,91.353386,95.513748,90.000000,1.353388,-0.000118,0.964029
9519,9.519000,91.353386,95.513748,90.000000,1.353388,-0.000110,0.964029
9520,9.520000,91.353386,95.513748,90.000000,1.353388,-0.000106,0.964029
9521,9.521000,91.353386,95.513748,90.000000,1.353388,-0.000096,0.964029
9522,9.522000,91.353386,95.513748,90.000000,1.353388,-0.000088,0.964029
9523,9.523000,91.353386,95.513748,90.000000,1.353388,-0.000092,0.964029
9524,9.524000,91.353386,95.513748,90.000000,1.353388,-0.000087,0.964029
9525,9.525000,91.353386,95.513748,90.000000,1.353388,-0.000089,0.964029
9526,9.526000,91.353386,95.513748,90.000000,1.353388,-0.000094,0.964029
9527,9.527000,91.353386,95.513748,90.000000,1.353388,-0.000094,0.964029
9528,9.528000,91.353386,95.513748,90.000000,1.353388,-0.000083,0.964029
9529,9.529000,91.353386,95.513748,90.000000,1.353388,-0.000089,0.964029
9530,9.530000,91.353386,95.513748,90.000000,1.353388,-0.000088,0.964029
9531,9.531000,91.353386,95.513748,90.000000,1.353388,-0.000075,0.964029
9532,9.532000,91.353386,95.513748,90.000000,1.353388,-0.000062,0.964029
9533,9.533000,91.353386,95.513748,90.000000,1.353388,-0.000057,0.964029
9534,9.534000,91.353386,95.513748,90.000000,1.353388,-0.000045,0.964029
9535,9.535000,91.353386,95.513748,90.000000,1.353388,-0.000014,0.964029
9536,9.536000,91.353386,95.513748,90.000000,1.353388,0.000034,0.964029
9537,9.537000,91.353386,95.513748,90.000000,1.353388,0.000070,0.964029
9538,9.538000,91.353386,95.513748,90.000000,1.353388,0.000104,0.964029
9539,9.539000,91.353386,95.513748,90.000000,1.353388,0.000128,0.964029
9540,9.540000,91.353386,95.513748,90.000000,1.353388,0.000150,0.964029
9541,9.541000,91.353386,95.513741,90.000000,1.353388,0.000158,0.964029
9542,9.542000,91.353386,95.513741,90.000000,1.353388,0.000174,0.964029
9543,9.543000,91.353386,95.513741,90.000000,1.353388,0.000172,0.964029
9544,9.544000,91.353386,95.513741,90.000000,1.353388,0.000152,0.964029
9545,9.545000,91.353386,95.513741,90.000000,1.353388,0.000137,0.964029
9546,9.546000,91.353386,95.513741,90.000000,1.353388,0.000128,0.964029
9547,9.547000,91.353386,95.513741,90.000000,1.353388,0.000116,0.964029
9548,9.548000,91.353386,95.513741,90.000000,1.353388,0.000115,0.964029
9549,9.549000,91.353386,95.513741,90.000000,1.353388,0.000118,0.964029
9550,9.550000,91.353386,95.513741,90.000000,1.353388,0.000115,0.964029
9551,9.551000,91.353386,95.513741,90.000000,1.353388,0.000100,0.964029
9552,9.552000,91.353386,95.513741,90.000000,1.353388,0.000093,0.964029
9553,9.553000,91.353386,95.513741,90.000000,1.353388,0.000088,0.964029
9554,9.554000,91.353386,95.513741,90.000000,1.353388,0.000076,0.964029
9555,9.555000,91.353386,95.513741,90.000000,1.353388,0.000041,0.964029
9556,9.556000,91.353386,95.513741,90.000000,1.353388,0.000009,0.964029
9557,9.557000,91.353386,95.513741,90.000000,1.353388,-0.000032,0.964029
9558,9.558000,91.353386,95.513741,90.000000,1.353388,-0.000068,0.964029
9559,9.559000,91.353386,95.513741,90.000000,1.353388,-0.000093,0.964029
9560,9.560000,91.353386,95.513741,90.000000,1.353388,-0.000118,0.964029
9561,9.561000,91.353386,95.513748,90.000000,1.353388,-0.000135,0.964029
9562,9.562000,91.353386,95.513748,90.000000,1.353388,-0.000144,0.964029
9563,9.563000,91.353386,95.513748,90.000000,1.353388,-0.000133,0.964029
9564,9.564000,91.353386,95.513748,90.000000,1.353388,-0.000125,0.964029
9565,9.565000,91.353386,95.513748,90.000000,1.353388,-0.000126,0.964029
9566,9.566000,91.353386,95.513748,90.000000,1.353388,-0.000116,0.964029
9567,9.567000,91.353386,95.513748,90.000000,1.353388,-0.000106,0.964029
9568,9.568000,91.353386,95.513748,90.000000,1.353388,-0.000101,0.964029
9569,9.569000,91.353386,95.513748,90.000000,1.353388,-0.000098,0.964029
9570,9.570000,91.353386,95.513748,90.000000,1.353388,-0.000095,0.964029
9571,9.571000,91.353386,95.513748,90.000000,1.353388,-0.000095,0.964029
9572,9.572000,91.353386,95.513748,90.000000,1.353388,-0.000097,0.964029
9573,9.573000,91.353386,95.513748,90.000000,1.353388,-0.000094,0.964029
9574,9.574000,91.353386,95.513748,90.000000,1.353388,-0.000092,0.964029
9575,9.575000,91.353386,95.513748,90.000000,1.353388,-0.000098,0.964029
9576,9.576000,91.353386,95.513748,90.000000,1.353388,-0.000091,0.964029
9577,9.577000,91.353386,95.513748,90.000000,1.353388,-0.000073,0.964029
9578,9.578000,91.353386,95.513748,90.000000,1.353388,-0.000062,0.964029
9579,9.579000,91.353386,95.513748,90.000000,1.353388,-0.000051,0.964029
9580,9.580000,91.353386,95.513748,90.000000,1.353388,-0.000043,0.964029
9581,9.581000,91.353386,95.513748,90.000000,1.353388,-0.000001,0.964029
9582,9.582000,91.353386,95.513748,90.000000,1.353388,0.000031,0.964029
9583,9.583000,91.353386,95.513748,90.000000,1.353388,0.000070,0.964029
9584,9.584000,91.353386,95.513748,90.000000,1.353388,0.000107,0.964029
9585,9.585000,91.353386,95.513748,90.000000,1.353388,0.000125,0.964029
9586,9.586000,91.353386,95.513748,90.000000,1.353388,0.000140,0.964029
9587,9.587000,91.353386,95.513741,90.000000,1.353388,0.000159,0.964029
9588,9.588000,91.353386,95.513741,90.000000,1.353388,0.000180,0.964029
9589,9.589000,91.353386,95.513741,90.000000,1.353388,0.000171,0.964029
9590,9.590000,91.353386,95.513741,90.000000,1.353388,0.000157,0.964029
9591,9.591000,91.353386,95.513741,90.000000,1.353388,0.000138,0.964029
9592,9.592000,91.353386,95.513741,90.000000,1.353388,0.000131,0.964029
9593,9.593000,91.353386,95.513741,90.000000,1.353388,0.000118,0.964029
9594,9.594000,91.353386,95.513741,90.000000,1.353388,0.000122,0.964029
9595,9.595000,91.353386,95.513741,90.000000,1.353388,0.000119,0.964029
9596,9.596000,91.353386,95.513741,90.000000,1.353388,0.000119,0.964029
9597,9.597000,91.353386,95.513741,90.000000,1.353388,0.000102,0.964029
9598,9.598000,91.353386,95.513741,90.000000,1.353388,0.000097,0.964029
9599,9.599000,91.353386,95.513741,90.000000,1.353388,0.000095,0.964029
9600,9.600000,91.353386,95.513741,90.000000,1.353388,0.000073,0.964029
9601,9.601000,91.353386,95.513741,90.000000,1.353388,0.000070,0.964029
9602,9.602000,91.353386,95.513741,90.000000,1.353388,0.000033,0.964029
9603,9.603000,91.353386,95.513741,90.000000,1.353388,-0.000013,0.964029
9604,9.604000,91.353386,95.513741,90.000000,1.353388,-0.000043,0.964029
9605,9.605000,91.353386,95.513741,90.000000,1.353388,-0.000072,0.964029
9606,9.606000,91.353386,95.513741,90.000000,1.353388,-0.000095,0.964029
9607,9.607000,91.353386,95.513741,90.000000,1.353388,-0.000122,0.964029
9608,9.608000,91.353386,95.513748,90.000000,1.353388,-0.000139,0.964029
9609,9.609000,91.353386,95.513748,90.000000,1.353388,-0.000140,0.964029
9610,9.610000,91.353386,95.513748,90.000000,1.353388,-0.000130,0.964029
9611,9.611000,91.353386,95.513748,90.000000,1.353388,-0.000124,0.964029
9612,9.612000,91.353386,95.513748,90.000000,1.353388,-0.000118,0.964029
9613,9.613000,91.353386,95.513748,90.000000,1.353388,-0.000114,0.964029
9614,9.614000,91.353386,95.513748,90.000000,1.353388,-0.000109,0.964029
9615,9.615000,91.353386,95.513748,90.000000,1.353388,-0.000093,0.964029
9616,9.616000,91.353386,95.513748,90.000000,1.353388,-0.000089,0.964029
9617,9.617000,91.353386,95.513748,90.000000,1.353388,-0.000092,0.964029
9618,9.618000,91.353386,95.513748,90.000000,1.353388,-0.000085,0.964029
9619,9.619000,91.353386,95.513748,90.000000,1.353388,-0.000093,0.964029
9620,9.620000,91.353386,95.513748,90.000000,1.353388,-0.000084,0.964029
9621,9.621000,91.353386,95.513748,90.000000,1.353388,-0.000088,0.964029
9622,9.622000,91.353386,95.513748,90.000000,1.353388,-0.000085,0.964029
9623,9.623000,91.353386,95.513748,90.000000,1.353388,-0.000083,0.964029
9624,9.624000,91.353386,95.513748,90.000000,1.353388,-0.000091,0.964029
9625,9.625000,91.353386,95.513748,90.000000,1.353388,-0.000077,0.964029
9626,9.626000,91.353386,95.513748,90.000000,1.353388,-0.000062,0.964029
9627,9.627000,91.353386,95.513748,90.000000,1.353388,-0.000060,0.964029
9628,9.628000,91.353386,95.513748,90.000000,1.353388,-0.000042,0.964029
9629,9.629000,91.353386,95.513748,90.000000,1.353388,-0.000040,0.964029
9630,9.630000,91.353386,95.513748,90.000000,1.353388,0.000003,0.964029
9631,9.631000,91.353386,95.513748,90.000000,1.353388,0.000036,0.964029
9632,9.632000,91.353386,95.513748,90.000000,1.353388,0.000071,0.964029
9633,9.633000,91.353386,95.513748,90.000000,1.353388,0.000101,0.964029
9634,9.634000,91.353386,95.513748,90.000000,1.353388,0.000131,0.964029
9635,9.635000,91.353386,95.513748,90.000000,1.353388,0.000149,0.964029
9636,9.636000,91.353386,95.513741,90.000000,1.353388,0.000161,0.964029
9637,9.637000,91.353386,95.513741,90.000000,1.353388,0.000182,0.964029
9638,9.638000,91.353386,95.513741,90.000000,1.353388,0.000166,0.964029
9639,9.639000,91.353386,95.513741,90.000000,1.353388,0.000152,0.964029
9640,9.640000,91.353386,95.513741,90.000000,1.353388,0.000140,0.964029
9641,9.641000,91.353386,95.513741,90.000000,1.353388,0.000134,0.964029
9642,9.642000,91.353386,95.513741,90.000000,1.353388,0.000117,0.964029
9643,9.643000,91.353386,95.513741,90.000000,1.353388,0.000115,0.964029
9644,9.644000,91.353386,95.513741,90.000000,1.353388,0.000120,0.964029
9645,9.645000,91.353386,95.513741,90.000000,1.353388,0.000110,0.964029
9646,9.646000,91.353386,95.513741,90.000000,1.353388,0.000102,0.964029
9647,9.647000,91.353386,95.513741,90.000000,1.353388,0.000100,0.964029
9648,9.648000,91.353386,95.513741,90.000000,1.353388,0.000093,0.964029
9649,9.649000,91.353386,95.513741,90.000000,1.353388,0.000083,0.964029
9650,9.650000,91.353386,95.513741,90.000000,1.353388,0.000082,0.964029
9651,9.651000,91.353386,95.513741,90.000000,1.353388,0.000043,0.964029
9652,9.652000,91.353386,95.513741,90.000000,1.353388,-0.000005,0.964029
9653,9.653000,91.353386,95.513741,90.000000,1.353388,-0.000042,0.964029
9654,9.654000,91.353386,95.513741,90.000000,1.353388,-0.000068,0.964029
9655,9.655000,91.353386,95.513741,90.000000,1.353388,-0.000096,0.964029
9656,9.656000,91.353386,95.513741,90.000000,1.353388,-0.000130,0.964029
9657,9.657000,91.353386,95.513748,90.000000,1.353388,-0.000145,0.964029
9658,9.658000,91.353386,95.513748,90.000000,1.353388,-0.000145,0.964029
9659,9.659000,91.353386,95.513748,90.000000,1.353388,-0.000142,0.964029
9660,9.660000,91.353386,95.513748,90.000000,1.353388,-0.000130,0.964029
9661,9.661000,91.353386,95.513748,90.000000,1.353388,-0.000110,0.964029
9662,9.662000,91.353386,95.513748,90.000000,1.353388,-0.000108,0.964029
9663,9.663000,91.353386,95.513748,90.000000,1.353388,-0.000101,0.964029
9664,9.664000,91.353386,95.513748,90.000000,1.353388,-0.000083,0.964029
9665,9.665000,91.353386,95.513748,90.000000,1.353388,-0.000082,0.964029
9666,9.666000,91.353386,95.513748,90.000000,1.353388,-0.000078,0.964029
9667,9.667000,91.353386,95.513748,90.000000,1.353388,-0.000070,0.964029
9668,9.668000,91.353386,95.513748,90.000000,1.353388,-0.000083,0.964029
9669,9.669000,91.353386,95.513748,90.000000,1.353388,-0.000079,0.964029
9670,9.670000,91.353386,95.513748,90.000000,1.353388,-0.000080,0.964029
9671,9.671000,91.353386,95.513748,90.000000,1.353388,-0.000084,0.964029
9672,9.672000,91.353386,95.513748,90.000000,1.353388,-0.000079,0.964029
9673,9.673000,91.353386,95.513748,90.000000,1.353388,-0.000083,0.964029
9674,9.674000,91.353386,95.513748,90.000000,1.353388,-0.000092,0.964029
9675,9.675000,91.353386,95.513748,90.000000,1.353388,-0.000076,0.964029
9676,9.676000,91.353386,95.513748,90.000000,1.353388,-0.000062,0.964029
9677,9.677000,91.353386,95.513748,90.000000,1.353388,-0.000062,0.964029
9678,9.678000,91.353386,95.513748,90.000000,1.353388,-0.000042,0.964029
9679,9.679000,91.353386,95.513748,90.000000,1.353388,-0.000009,0.964029
9680,9.680000,91.353386,95.513748,90.000000,1.353388,0.000034,0.964029
9681,9.681000,91.353386,95.513748,90.000000,1.353388,0.000068,0.964029
9682,9.682000,91.353386,95.513748,90.000000,1.353388,0.000113,0.964029
9683,9.683000,91.353386,95.513748,90.000000,1.353388,0.000131,0.964029
9684,9.684000,91.353386,95.513748,90.000000,1.353388,0.000156,0.964029
9685,9.685000,91.353386,95.513741,90.000000,1.353388,0.000165,0.964029
9686,9.686000,91.353386,95.513741,90.000000,1.353388,0.000185,0.964029
9687,9.687000,91.353386,95.513741,90.000000,1.353388,0.000171,0.964029
9688,9.688000,91.353386,95.513741,90.000000,1.353388,0.000154,0.964029
9689,9.689000,91.353386,95.513741,90.000000,1.353388,0.000146,0.964029
9690,9.690000,91.353386,95.513741,90.000000,1.353388,0.000140,0.964029
9691,9.691000,91.353386,95.513741,90.000000,1.353388,0.000117,0.964029
9692,9.692000,91.353386,95.513741,90.000000,1.353388,0.000121,0.964029
9693,9.693000,91.353386,95.513741,90.000000,1.353388,0.000117,0.964029
9694,9.694000,91.353386,95.513741,90.000000,1.353388,0.000107,0.964029
9695,9.695000,91.353386,95.513741,90.000000,1.353388,0.000104,0.964029
9696,9.696000,91.353386,95.513741,90.000000,1.353388,0.000095,0.964029
9697,9.697000,91.353386,95.513741,90.000000,1.353388,0.000082,0.964029
9698,9.698000,91.353386,95.513741,90.000000,1.353388,0.000078,0.964029
9699,9.699000,91.353386,95.513741,90.000000,1.353388,0.000049,0.964029
9700,9.700000,91.353386,95.513741,90.000000,1.353388,0.000007,0.964029
9701,9.701000,91.353386,95.513741,90.000000,1.353388,-0.000030,0.964029
9702,9.702000,91.353386,95.513741,90.000000,1.353388,-0.000064,0.964029
9703,9.703000,91.353386,95.513741,90.000000,1.353388,-0.000094,0.964029
9704,9.704000,91.353386,95.513741,90.000000,1.353388,-0.000122,0.964029
9705,9.705000,91.353386,95.513748,90.000000,1.353388,-0.000144,0.964029
9706,9.706000,91.353386,95.513748,90.000000,1.353388,-0.000147,0.964029
9707,9.707000,91.353386,95.513748,90.000000,1.353388,-0.000135,0.964029
9708,9.708000,91.353386,95.513748,90.000000,1.353388,-0.000125,0.964029
9709,9.709000,91.353386,95.513748,90.000000,1.353388,-0.000111,0.964029
9710,9.710000,91.353386,95.513748,90.000000,1.353388,-0.000105,0.964029
9711,9.711000,91.353386,95.513748,90.000000,1.353388,-0.000103,0.964029
9712,9.712000,91.353386,95.513748,90.000000,1.353388,-0.000083,0.964029
9713,9.713000,91.353386,95.513748,90.000000,1.353388,-0.000080,0.964029
9714,9.714000,91.353386,95.513748,90.000000,1.353388,-0.000079,0.964029
9715,9.715000,91.353386,95.513748,90.000000,1.353388,-0.000077,0.964029
9716,9.716000,91.353386,95.513748,90.000000,1.353388,-0.000079,0.964029
9717,9.717000,91.353386,95.513748,90.000000,1.353388,-0.000086,0.964029
9718,9.718000,91.353386,95.513748,90.000000,1.353388,-0.000074,0.964029
9719,9.719000,91.353386,95.513748,90.000000,1.353388,-0.000082,0.964029
9720,9.720000,91.353386,95.513748,90.000000,1.353388,-0.000082,0.964029
9721,9.721000,91.353386,95.513748,90.000000,1.353388,-0.000080,0.964029
9722,9.722000,91.353386,95.513748,90.000000,1.353388,-0.000091,0.964029
9723,9.723000,91.353386,95.513748,90.000000,1.353388,-0.000077,0.964029
9724,9.724000,91.353386,95.513748,90.000000,1.353388,-0.000063,0.964029
9725,9.725000,91.353386,95.513748,90.000000,1.353388,-0.000055,0.964029
9726,9.726000,91.353386,95.513748,90.000000,1.353388,-0.000046,0.964029
9727,9.727000,91.353386,95.513748,90.000000,1.353388,-0.000010,0.964029
9728,9.728000,91.353386,95.513748,90.000000,1.353388,0.000030,0.964029
9729,9.729000,91.353386,95.513748,90.000000,1.353388,0.000068,0.964029
9730,9.730000,91.353386,95.513748,90.000000,1.353388,0.000109,0.964029
9731,9.731000,91.353386,95.513748,90.000000,1.353388,0.000135,0.964029
9732,9.732000,91.353386,95.513748,90.000000,1.353388,0.000152,0.964029
9733,9.733000,91.353386,95.513741,90.000000,1.353388,0.000167,0.964029
9734,9.734000,91.353386,95.513741,90.000000,1.353388,0.000180,0.964029
9735,9.735000,91.353386,95.513741,90.000000,1.353388,0.000169,0.964029
9736,9.736000,91.353386,95.513741,90.000000,1.353388,0.000150,0.964029
9737,9.737000,91.353386,95.513741,90.000000,1.353388,0.000145,0.964029
9738,9.738000,91.353386,95.513741,90.000000,1.353388,0.000130,0.964029
9739,9.739000,91.353386,95.513741,90.000000,1.353388,0.000118,0.964029
9740,9.740000,91.353386,95.513741,90.000000,1.353388,0.000119,0.964029
9741,9.741000,91.353386,95.513741,90.000000,1.353388,0.000119,0.964029
9742,9.742000,91.353386,95.513741,90.000000,1.353388,0.000102,0.964029
9743,9.743000,91.353386,95.513741,90.000000,1.353388,0.000101,0.964029
9744,9.744000,91.353386,95.513741,90.000000,1.353388,0.000092,0.964029
9745,9.745000,91.353386,95.513741,90.000000,1.353388,0.000078,0.964029
9746,9.746000,91.353386,95.513741,90.000000,1.353388,0.000066,0.964029
9747,9.747000,91.353386,95.513741,90.000000,1.353388,0.000040,0.964029
9748,9.748000,91.353386,95.513741,90.000000,1.353388,0.000004,0.964029
9749,9.749000,91.353386,95.513741,90.000000,1.353388,-0.000025,0.964029
9750,9.750000,91.353386,95.513741,90.000000,1.353388,-0.000060,0.964029
9751,9.751000,91.353386,95.513741,90.000000,1.353388,-0.000087,0.964029
9752,9.752000,91.353386,95.513741,90.000000,1.353388,-0.000115,0.964029
9753,9.753000,91.353386,95.513748,90.000000,1.353388,-0.000128,0.964029
9754,9.754000,91.353386,95.513748,90.000000,1.353388,-0.000139,0.964029
9755,9.755000,91.353386,95.513748,90.000000,1.353388,-0.000126,0.964029
9756,9.756000,91.353386,95.513748,90.000000,1.353388,-0.000117,0.964029
9757,9.757000,91.353386,95.513748,90.000000,1.353388,-0.000112,0.964029
9758,9.758000,91.353386,95.513748,90.000000,1.353388,-0.000105,0.964029
9759,9.759000,91.353386,95.513748,90.000000,1.353388,-0.000101,0.964029
9760,9.760000,91.353386,95.513748,90.000000,1.353388,-0.000090,0.964029
9761,9.761000,91.353386,95.513748,90.000000,1.353388,-0.000087,0.964029
9762,9.762000,91.353386,95.513748,90.000000,1.353388,-0.000090,0.964029
9763,9.763000,91.353386,95.513748,90.000000,1.353388,-0.000083,0.964029
9764,9.764000,91.353386,95.513748,90.000000,1.353388,-0.000088,0.964029
9765,9.765000,91.353386,95.513748,90.000000,1.353388,-0.000094,0.964029
9766,9.766000,91.353386,95.513748,90.000000,1.353388,-0.000092,0.964029
9767,9.767000,91.353386,95.513748,90.000000,1.353388,-0.000082,0.964029
9768,9.768000,91.353386,95.513748,90.000000,1.353388,-0.000081,0.964029
9769,9.769000,91.353386,95.513748,90.000000,1.353388,-0.000081,0.964029
9770,9.770000,91.353386,95.513748,90.000000,1.353388,-0.000082,0.964029
9771,9.771000,91.353386,95.513748,90.000000,1.353388,-0.000059,0.964029
9772,9.772000,91.353386,95.513748,90.000000,1.353388,-0.000054,0.964029
9773,9.773000,91.353386,95.513748,90.000000,1.353388,-0.000046,0.964029
9774,9.774000,91.353386,95.513748,90.000000,1.353388,-0.000033,0.964029
9775,9.775000,91.353386,95.513748,90.000000,1.353388,-0.000001,0.964029
9776,9.776000,91.353386,95.513748,90.000000,1.353388,0.000038,0.964029
9777,9.777000,91.353386,95.513748,90.000000,1.353388,0.000073,0.964029
9778,9.778000,91.353386,95.513748,90.000000,1.353388,0.000102,0.964029
9779,9.779000,91.353386,95.513748,90.000000,1.353388,0.000129,0.964029
9780,9.780000,91.353386,95.513748,90.000000,1.353388,0.000143,0.964029
9781,9.781000,91.353386,95.513741,90.000000,1.353388,0.000158,0.964029
9782,9.782000,91.353386,95.513741,90.000000,1.353388,0.000177,0.964029
9783,9.783000,91.353386,95.513741,90.000000,1.353388,0.000164,0.964029
9784,9.784000,91.353386,95.513741,90.000000,1.353388,0.000147,0.964029
9785,9.785000,91.353386,95.513741,90.000000,1.353388,0.000143,0.964029
9786,9.786000,91.353386,95.513741,90.000000,1.353388,0.000130,0.964029
9787,9.787000,91.353386,95.513741,90.000000,1.353388,0.000118,0.964029
9788,9.788000,91.353386,95.513741,90.000000,1.353388,0.000118,0.964029
9789,9.789000,91.353386,95.513741,90.000000,1.353388,0.000117,0.964029
9790,9.790000,91.353386,95.513741,90.000000,1.353388,0.000108,0.964029
9791,9.791000,91.353386,95.513741,90.000000,1.353388,0.000105,0.964029
9792,9.792000,91.353386,95.513741,90.000000,1.353388,0.000095,0.964029
9793,9.793000,91.353386,95.513741,90.000000,1.353388,0.000080,0.964029
9794,9.794000,91.353386,95.513741,90.000000,1.353388,0.000071,0.964029
9795,9.795000,91.353386,95.513741,90.000000,1.353388,0.000043,0.964029
9796,9.796000,91.353386,95.513741,90.000000,1.353388,0.000013,0.964029
9797,9.797000,91.353386,95.513741,90.000000,1.353388,-0.000027,0.964029
9798,9.798000,91.353386,95.513741,90.000000,1.353388,-0.000064,0.964029
9799,9.799000,91.353386,95.513741,90.000000,1.353388,-0.000092,0.964029
9800,9.800000,91.353386,95.513741,90.000000,1.353388,-0.000117,0.964029
9801,9.801000,91.353386,95.513748,90.000000,1.353388,-0.000126,0.964029
9802,9.802000,91.353386,95.513748,90.000000,1.353388,-0.000135,0.964029
9803,9.803000,91.353386,95.513748,90.000000,1.353388,-0.000125,0.964029
9804,9.804000,91.353386,95.513748,90.000000,1.353388,-0.000120,0.964029
9805,9.805000,91.353386,95.513748,90.000000,1.353388,-0.000115,0.964029
9806,9.806000,91.353386,95.513748,90.000000,1.353388,-0.000110,0.964029
9807,9.807000,91.353386,95.513748,90.000000,1.353388,-0.000105,0.964029
9808,9.808000,91.353386,95.513748,90.000000,1.353388,-0.000091,0.964029
9809,9.809000,91.353386,95.513748,90.000000,1.353388,-0.000086,0.964029
9810,9.810000,91.353386,95.513748,90.000000,1.353388,-0.000085,0.964029
9811,9.811000,91.353386,95.513748,90.000000,1.353388,-0.000083,0.964029
9812,9.812000,91.353386,95.513748,90.000000,1.353388,-0.000084,0.964029
9813,9.813000,91.353386,95.513748,90.000000,1.353388,-0.000091,0.964029
9814,9.814000,91.353386,95.513748,90.000000,1.353388,-0.000088,0.964029
9815,9.815000,91.353386,95.513748,90.000000,1.353388,-0.000090,0.964029
9816,9.816000,91.353386,95.513748,90.000000,1.353388,-0.000083,0.964029
9817,9.817000,91.353386,95.513748,90.000000,1.353388,-0.000082,0.964029
9818,9.818000,91.353386,95.513748,90.000000,1.353388,-0.000082,0.964029
9819,9.819000,91.353386,95.513748,90.000000,1.353388,-0.000061,0.964029
9820,9.820000,91.353386,95.513748,90.000000,1.353388,-0.000052,0.964029
9821,9.821000,91.353386,95.513748,90.000000,1.353388,-0.000048,0.964029
9822,9.822000,91.353386,95.513748,90.000000,1.353388,-0.000037,0.964029
9823,9.823000,91.353386,95.513748,90.000000,1.353388,0.000001,0.964029
9824,9.824000,91.353386,95.513748,90.000000,1.353388,0.000039,0.964029
9825,9.825000,91.353386,95.513748,90.000000,1.353388,0.000074,0.964029
9826,9.826000,91.353386,95.513748,90.000000,1.353388,0.000111,0.964029
9827,9.827000,91.353386,95.513748,90.000000,1.353388,0.000133,0.964029
9828,9.828000,91.353386,95.513748,90.000000,1.353388,0.000143,0.964029
9829,9.829000,91.353386,95.513741,90.000000,1.353388,0.000154,0.964029
9830,9.830000,91.353386,95.513741,90.000000,1.353388,0.000176,0.964029
9831,9.831000,91.353386,95.513741,90.000000,1.353388,0.000162,0.964029
9832,9.832000,91.353386,95.513741,90.000000,1.353388,0.000144,0.964029
9833,9.833000,91.353386,95.513741,90.000000,1.353388,0.000142,0.964029
9834,9.834000,91.353386,95.513741,90.000000,1.353388,0.000124,0.964029
9835,9.835000,91.353386,95.513741,90.000000,1.353388,0.000116,0.964029
9836,9.836000,91.353386,95.513741,90.000000,1.353388,0.000118,0.964029
9837,9.837000,91.353386,95.513741,90.000000,1.353388,0.000121,0.964029
9838,9.838000,91.353386,95.513741,90.000000,1.353388,0.000115,0.964029
9839,9.839000,91.353386,95.513741,90.000000,1.353388,0.000107,0.964029
9840,9.840000,91.353386,95.513741,90.000000,1.353388,0.000101,0.964029
9841,9.841000,91.353386,95.513741,90.000000,1.353388,0.000083,0.964029
9842,9.842000,91.353386,95.513741,90.000000,1.353388,0.000070,0.964029
9843,9.843000,91.353386,95.513741,90.000000,1.353388,0.000042,0.964029
9844,9.844000,91.353386,95.513741,90.000000,1.353388,0.000006,0.964029
9845,9.845000,91.353386,95.513741,90.000000,1.353388,-0.000029,0.964029
9846,9.846000,91.353386,95.513741,90.000000,1.353388,-0.000070,0.964029
9847,9.847000,91.353386,95.513741,90.000000,1.353388,-0.000092,0.964029
9848,9.848000,91.353386,95.513741,90.000000,1.353388,-0.000117,0.964029
9849,9.849000,91.353386,95.513748,90.000000,1.353388,-0.000134,0.964029
9850,9.850000,91.353386,95.513748,90.000000,1.353388,-0.000140,0.964029
9851,9.851000,91.353386,95.513748,90.000000,1.353388,-0.000127,0.964029
9852,9.852000,91.353386,95.513748,90.000000,1.353388,-0.000123,0.964029
9853,9.853000,91.353386,95.513748,90.000000,1.353388,-0.000118,0.964029
9854,9.854000,91.353386,95.513748,90.000000,1.353388,-0.000110,0.964029
9855,9.855000,91.353386,95.513748,90.000000,1.353388,-0.000110,0.964029
9856,9.856000,91.353386,95.513748,90.000000,1.353388,-0.000093,0.964029
9857,9.857000,91.353386,95.513748,90.000000,1.353388,-0.000086,0.964029
9858,9.858000,91.353386,95.513748,90.000000,1.353388,-0.000086,0.964029
9859,9.859000,91.353386,95.513748,90.000000,1.353388,-0.000078,0.964029
9860,9.860000,91.353386,95.513748,90.000000,1.353388,-0.000090,0.964029
9861,9.861000,91.353386,95.513748,90.000000,1.353388,-0.000084,0.964029
9862,9.862000,91.353386,95.513748,90.000000,1.353388,-0.000088,0.964029
9863,9.863000,91.353386,95.513748,90.000000,1.353388,-0.000079,0.964029
9864,9.864000,91.353386,95.513748,90.000000,1.353388,-0.000083,0.964029
9865,9.865000,91.353386,95.513748,90.000000,1.353388,-0.000082,0.964029
9866,9.866000,91.353386,95.513748,90.000000,1.353388,-0.000084,0.964029
9867,9.867000,91.353386,95.513748,90.000000,1.353388,-0.000066,0.964029
9868,9.868000,91.353386,95.513748,90.000000,1.353388,-0.000059,0.964029
9869,9.869000,91.353386,95.513748,90.000000,1.353388,-0.000049,0.964029
9870,9.870000,91.353386,95.513748,90.000000,1.353388,-0.000010,0.964029
9871,9.871000,91.353386,95.513748,90.000000,1.353388,0.000026,0.964029
9872,9.872000,91.353386,95.513748,90.000000,1.353388,0.000060,0.964029
9873,9.873000,91.353386,95.513748,90.000000,1.353388,0.000102,0.964029
9874,9.874000,91.353386,95.513748,90.000000,1.353388,0.000134,0.964029
9875,9.875000,91.353386,95.513748,90.000000,1.353388,0.000156,0.964029
9876,9.876000,91.353386,95.513741,90.000000,1.353388,0.000162,0.964029
9877,9.877000,91.353386,95.513741,90.000000,1.353388,0.000181,0.964029
9878,9.878000,91.353386,95.513741,90.000000,1.353388,0.000169,0.964029
9879,9.879000,91.353386,95.513741,90.000000,1.353388,0.000148,0.964029
9880,9.880000,91.353386,95.513741,90.000000,1.353388,0.000143,0.964029
9881,9.881000,91.353386,95.513741,90.000000,1.353388,0.000136,0.964029
9882,9.882000,91.353386,95.513741,90.000000,1.353388,0.000116,0.964029
9883,9.883000,91.353386,95.513741,90.000000,1.353388,0.000122,0.964029
9884,9.884000,91.353386,95.513741,90.000000,1.353388,0.000117,0.964029
9885,9.885000,91.353386,95.513741,90.000000,1.353388,0.000108,0.964029
9886,9.886000,91.353386,95.513741,90.000000,1.353388,0.000104,0.964029
9887,9.887000,91.353386,95.513741,90.000000,1.353388,0.000095,0.964029
9888,9.888000,91.353386,95.513741,90.000000,1.353388,0.000081,0.964029
9889,9.889000,91.353386,95.513741,90.000000,1.353388,0.000069,0.964029
9890,9.890000,91.353386,95.513741,90.000000,1.353388,0.000040,0.964029
9891,9.891000,91.353386,95.513741,90.000000,1.353388,0.000009,0.964029
9892,9.892000,91.353386,95.513741,90.000000,1.353388,-0.000029,0.964029
9893,9.893000,91.353386,95.513741,90.000000,1.353388,-0.000064,0.964029
9894,9.894000,91.353386,95.513741,90.000000,1.353388,-0.000090,0.964029
9895,9.895000,91.353386,95.513741,90.000000,1.353388,-0.000115,0.964029
9896,9.896000,91.353386,95.513748,90.000000,1.353388,-0.000137,0.964029
9897,9.897000,91.353386,95.513748,90.000000,1.353388,-0.000144,0.964029
9898,9.898000,91.353386,95.513748,90.000000,1.353388,-0.000131,0.964029
9899,9.899000,91.353386,95.513748,90.000000,1.353388,-0.000126,0.964029
9900,9.900000,91.353386,95.513748,90.000000,1.353388,-0.000111,0.964029
9901,9.901000,91.353386,95.513748,90.000000,1.353388,-0.000110,0.964029
9902,9.902000,91.353386,95.513748,90.000000,1.353388,-0.000104,0.964029
9903,9.903000,91.353386,95.513748,90.000000,1.353388,-0.000091,0.964029
9904,9.904000,91.353386,95.513748,90.000000,1.353388,-0.000082,0.964029
9905,9.905000,91.353386,95.513748,90.000000,1.353388,-0.000082,0.964029
9906,9.906000,91.353386,95.513748,90.000000,1.353388,-0.000077,0.964029
9907,9.907000,91.353386,95.513748,90.000000,1.353388,-0.000083,0.964029
9908,9.908000,91.353386,95.513748,90.000000,1.353388,-0.000080,0.964029
9909,9.909000,91.353386,95.513748,90.000000,1.353388,-0.000086,0.964029
9910,9.910000,91.353386,95.513748,90.000000,1.353388,-0.000078,0.964029
9911,9.911000,91.353386,95.513748,90.000000,1.353388,-0.000082,0.964029
9912,9.912000,91.353386,95.513748,90.000000,1.353388,-0.000083,0.964029
9913,9.913000,91.353386,95.513748,90.000000,1.353388,-0.000084,0.964029
9914,9.914000,91.353386,95.513748,90.000000,1.353388,-0.000068,0.964029
9915,9.915000,91.353386,95.513748,90.000000,1.353388,-0.000055,0.964029
9916,9.916000,91.353386,95.513748,90.000000,1.353388,-0.000050,0.964029
9917,9.917000,91.353386,95.513748,90.000000,1.353388,-0.000008,0.964029
9918,9.918000,91.353386,95.513748,90.000000,1.353388,0.000030,0.964029
9919,9.919000,91.353386,95.513748,90.000000,1.353388,0.000064,0.964029
9920,9.920000,91.353386,95.513748,90.000000,1.353388,0.000102,0.964029
9921,9.921000,91.353386,95.513748,90.000000,1.353388,0.000139,0.964029
9922,9.922000,91.353386,95.513748,90.000000,1.353388,0.000143,0.964029
9923,9.923000,91.353386,95.513741,90.000000,1.353388,0.000157,0.964029
9924,9.924000,91.353386,95.513741,90.000000,1.353388,0.000175,0.964029
9925,9.925000,91.353386,95.513741,90.000000,1.353388,0.000164,0.964029
9926,9.926000,91.353386,95.513741,90.000000,1.353388,0.000144,0.964029
9927,9.927000,91.353386,95.513741,90.000000,1.353388,0.000138,0.964029
9928,9.928000,91.353386,95.513741,90.000000,1.353388,0.000124,0.964029
9929,9.929000,91.353386,95.513741,90.000000,1.353388,0.000116,0.964029
9930,9.930000,91.353386,95.513741,90.000000,1.353388,0.000117,0.964029
9931,9.931000,91.353386,95.513741,90.000000,1.353388,0.000123,0.964029
9932,9.932000,91.353386,95.513741,90.000000,1.353388,0.000110,0.964029
9933,9.933000,91.353386,95.513741,90.000000,1.353388,0.000105,0.964029
9934,9.934000,91.353386,95.513741,90.000000,1.353388,0.000099,0.964029
9935,9.935000,91.353386,95.513741,90.000000,1.353388,0.000091,0.964029
9936,9.936000,91.353386,95.513741,90.000000,1.353388,0.000068,0.964029
9937,9.937000,91.353386,95.513741,90.000000,1.353388,0.000041,0.964029
9938,9.938000,91.353386,95.513741,90.000000,1.353388,0.000007,0.964029
9939,9.939000,91.353386,95.513741,90.000000,1.353388,-0.000034,0.964029
9940,9.940000,91.353386,95.513741,90.000000,1.353388,-0.000065,0.964029
9941,9.941000,91.353386,95.513741,90.000000,1.353388,-0.000091,0.964029
9942,9.942000,91.353386,95.513741,90.000000,1.353388,-0.000120,0.964029
9943,9.943000,91.353386,95.513748,90.000000,1.353388,-0.000133,0.964029
9944,9.944000,91.353386,95.513748,90.000000,1.353388,-0.000147,0.964029
9945,9.945000,91.353386,95.513748,90.000000,1.353388,-0.000131,0.964029
9946,9.946000,91.353386,95.513748,90.000000,1.353388,-0.000121,0.964029
9947,9.947000,91.353386,95.513748,90.000000,1.353388,-0.000118,0.964029
9948,9.948000,91.353386,95.513748,90.000000,1.353388,-0.000111,0.964029
9949,9.949000,91.353386,95.513748,90.000000,1.353388,-0.000104,0.964029
9950,9.950000,91.353386,95.513748,90.000000,1.353388,-0.000092,0.964029
9951,9.951000,91.353386,95.513748,90.000000,1.353388,-0.000086,0.964029
9952,9.952000,91.353386,95.513748,90.000000,1.353388,-0.000083,0.964029
9953,9.953000,91.353386,95.513748,90.000000,1.353388,-0.000075,0.964029
9954,9.954000,91.353386,95.513748,90.000000,1.353388,-0.000092,0.964029
9955,9.955000,91.353386,95.513748,90.000000,1.353388,-0.000083,0.964029
9956,9.956000,91.353386,95.513748,90.000000,1.353388,-0.000086,0.964029
9957,9.957000,91.353386,95.513748,90.000000,1.353388,-0.000079,0.964029
9958,9.958000,91.353386,95.513748,90.000000,1.353388,-0.000084,0.964029
9959,9.959000,91.353386,95.513748,90.000000,1.353388,-0.000083,0.964029
9960,9.960000,91.353386,95.513748,90.000000,1.353388,-0.000077,0.964029
9961,9.961000,91.353386,95.513748,90.000000,1.353388,-0.000062,0.964029
9962,9.962000,91.353386,95.513748,90.000000,1.353388,-0.000054,0.964029
9963,9.963000,91.353386,95.513748,90.000000,1.353388,-0.000045,0.964029
9964,9.964000,91.353386,95.513748,90.000000,1.353388,-0.000031,0.964029
9965,9.965000,91.353386,95.513748,90.000000,1.353388,0.000000,0.964029
9966,9.966000,91.353386,95.513748,90.000000,1.353388,0.000040,0.964029
9967,9.967000,91.353386,95.513748,90.000000,1.353388,0.000071,0.964029
9968,9.968000,91.353386,95.513748,90.000000,1.353388,0.000106,0.964029
9969,9.969000,91.353386,95.513748,90.000000,1.353388,0.000124,0.964029
9970,9.970000,91.353386,95.513748,90.000000,1.353388,0.000144,0.964029
9971,9.971000,91.353386,95.513741,90.000000,1.353388,0.000162,0.964029
9972,9.972000,91.353386,95.513741,90.000000,1.353388,0.000178,0.964029
9973,9.973000,91.353386,95.513741,90.000000,1.353388,0.000168,0.964029
9974,9.974000,91.353386,95.513741,90.000000,1.353388,0.000147,0.964029
9975,9.975000,91.353386,95.513741,90.000000,1.353388,0.000142,0.964029
9976,9.976000,91.353386,95.513741,90.000000,1.353388,0.000131,0.964029
9977,9.977000,91.353386,95.513741,90.000000,1.353388,0.000120,0.964029
9978,9.978000,91.353386,95.513741,90.000000,1.353388,0.000120,0.964029
9979,9.979000,91.353386,95.513741,90.000000,1.353388,0.000122,0.964029
9980,9.980000,91.353386,95.513741,90.000000,1.353388,0.000109,0.964029
9981,9.981000,91.353386,95.513741,90.000000,1.353388,0.000104,0.964029
9982,9.982000,91.353386,95.513741,90.000000,1.353388,0.000098,0.964029
9983,9.983000,91.353386,95.513741,90.000000,1.353388,0.000082,0.964029
9984,9.984000,91.353386,95.513741,90.000000,1.353388,0.000071,0.964029
9985,9.985000,91.353386,95.513741,90.000000,1.353388,0.000068,0.964029
9986,9.986000,91.353386,95.513741,90.000000,1.353388,0.000032,0.964029
9987,9.987000,91.353386,95.513741,90.000000,1.353388,-0.000016,0.964029
9988,9.988000,91.353386,95.513741,90.000000,1.353388,-0.000046,0.964029
9989,9.989000,91.353386,95.513741,90.000000,1.353388,-0.000078,0.964029
9990,9.990000,91.353386,95.513741,90.000000,1.353388,-0.000101,0.964029
9991,9.991000,91.353386,95.513741,90.000000,1.353388,-0.000125,0.964029
9992,9.992000,91.353386,95.513748,90.000000,1.353388,-0.000141,0.964029
9993,9.993000,91.353386,95.513748,90.000000,1.353388,-0.000150,0.964029
9994,9.994000,91.353386,95.513748,90.000000,1.353388,-0.000136,0.964029
9995,9.995000,91.353386,95.513748,90.000000,1.353388,-0.000125,0.964029
9996,9.996000,91.353386,95.513748,90.000000,1.353388,-0.000117,0.964029
9997,9.997000,91.353386,95.513748,90.000000,1.353388,-0.000114,0.964029
9998,9.998000,91.353386,95.513748,90.000000,1.353388,-0.000105,0.964029
