step,time_s,angle_q_deg,angle_th_deg,target_deg,error_q_deg,action_A,inference_ms
0,0.000000,-4.650385,2.725115,17.682226,-22.332611,79.202690,1.300485
1,0.001000,-4.647820,2.726500,17.682226,-22.330046,99.766785,0.828681
2,0.002000,-4.642691,2.731625,17.682226,-22.324917,98.015419,0.877080
3,0.003000,-4.634998,2.741562,17.682226,-22.317224,94.329185,0.783921
4,0.004000,-4.624739,2.756725,17.682226,-22.306965,89.418579,0.803361
5,0.005000,-4.611912,2.777161,17.682226,-22.294138,84.239326,0.775581
6,0.006000,-4.596515,2.802737,17.682226,-22.278741,78.856209,0.776971
7,0.007000,-4.578544,2.833218,17.682226,-22.260770,72.824463,0.781611
8,0.008000,-4.557992,2.868283,17.682226,-22.240218,67.704918,0.778971
9,0.009000,-4.534855,2.907623,17.682226,-22.217081,62.821278,0.779621
10,0.010000,-4.509127,2.950939,17.682226,-22.191353,59.403133,0.790101
11,0.011000,-4.480799,2.998009,17.682226,-22.163025,55.613014,0.769962
12,0.012000,-4.449865,3.048607,17.682226,-22.132091,53.342701,0.771641
13,0.013000,-4.416316,3.102587,17.682226,-22.098542,51.151508,0.764131
14,0.014000,-4.380145,3.159821,17.682226,-22.062371,48.839024,0.774711
15,0.015000,-4.341342,3.220176,17.682226,-22.023568,46.755772,0.768551
16,0.016000,-4.299899,3.283527,17.682226,-21.982125,44.633358,0.770801
17,0.017000,-4.255807,3.349741,17.682226,-21.938033,42.840458,0.772041
18,0.018000,-4.209057,3.418706,17.682226,-21.891283,40.834980,0.787251
19,0.019000,-4.159639,3.490295,17.682226,-21.841865,38.529392,1.305535
20,0.020000,-4.107545,3.564362,17.682226,-21.789771,35.825371,1.277825
21,0.021000,-4.052764,3.640732,17.682226,-21.734990,32.367184,0.767462
22,0.022000,-3.995289,3.719179,17.682226,-21.677515,28.543560,0.769961
23,0.023000,-3.935108,3.799443,17.682226,-21.617334,25.535158,0.864190
24,0.024000,-3.872215,3.881307,17.682226,-21.554441,21.993275,0.786991
25,0.025000,-3.806600,3.964533,17.682226,-21.488826,18.613110,0.779671
26,0.026000,-3.738255,4.048893,17.682226,-21.420481,15.314848,0.770681
27,0.027000,-3.667173,4.134164,17.682226,-21.349399,11.904136,0.788081
28,0.028000,-3.593347,4.220119,17.682226,-21.275573,7.843943,0.762372
29,0.029000,-3.516770,4.306496,17.682226,-21.198996,1.767833,0.777371
30,0.030000,-3.437437,4.392906,17.682226,-21.119663,-2.924491,0.774421
31,0.031000,-3.355343,4.479011,17.682226,-21.037569,-7.164149,0.782831
32,0.032000,-3.270486,4.564513,17.682226,-20.952712,-10.416918,0.791341
33,0.033000,-3.182862,4.649190,17.682226,-20.865088,-12.677078,0.794331
34,0.034000,-3.092471,4.732891,17.682226,-20.774697,-14.656651,0.771541
35,0.035000,-2.999312,4.815501,17.682226,-20.681538,-16.189131,0.770591
36,0.036000,-2.903387,4.896936,17.682226,-20.585613,-17.648935,0.782581
37,0.037000,-2.804699,4.977120,17.682226,-20.486925,-19.449879,0.984779
38,0.038000,-2.703252,5.055958,17.682226,-20.385478,-21.026882,0.844550
39,0.039000,-2.599052,5.133358,17.682226,-20.281278,-22.438091,0.874160
40,0.040000,-2.492106,5.209238,17.682226,-20.174332,-23.505323,0.771662
41,0.041000,-2.382423,5.283535,17.682226,-20.064649,-24.531849,0.770801
42,0.042000,-2.270013,5.356195,17.682226,-19.952238,-25.571674,0.782881
43,0.043000,-2.154886,5.427163,17.682226,-19.837112,-26.591499,0.767971
44,0.044000,-2.037057,5.496384,17.682226,-19.719283,-27.493023,0.757071
45,0.045000,-1.916540,5.563807,17.682226,-19.598766,-28.172333,0.762012
46,0.046000,-1.793352,5.629397,17.682226,-19.475578,-28.694309,0.776291
47,0.047000,-1.667510,5.693129,17.682226,-19.349736,-29.327909,0.768491
48,0.048000,-1.539034,5.754975,17.682226,-19.221260,-30.026058,0.788281
49,0.049000,-1.407944,5.814902,17.682226,-19.090170,-30.624191,0.765971
50,0.050000,-1.274264,5.872877,17.682226,-18.956490,-31.579830,0.764322
51,0.051000,-1.138017,5.928851,17.682226,-18.820243,-33.044613,0.758781
52,0.052000,-0.999229,5.982739,17.682226,-18.681455,-34.302280,0.769331
53,0.053000,-0.857928,6.034459,17.682226,-18.540154,-35.488750,0.774841
54,0.054000,-0.714142,6.083936,17.682226,-18.396368,-36.927799,0.784420
55,0.055000,-0.567902,6.131081,17.682226,-18.250128,-38.174198,0.773471
56,0.056000,-0.419241,6.175818,17.682226,-18.101467,-39.106518,0.917679
57,0.057000,-0.268193,6.218087,17.682226,-17.950419,-39.836979,0.930540
58,0.058000,-0.114793,6.257848,17.682226,-17.797019,-40.365833,1.018228
59,0.059000,0.040921,6.295076,17.682226,-17.641305,-40.473743,0.783791
60,0.060000,0.198910,6.329774,17.682226,-17.483316,-40.431759,0.774661
61,0.061000,0.359134,6.361958,17.682226,-17.323092,-40.311604,0.764971
62,0.062000,0.521549,6.391652,17.682226,-17.160677,-39.990532,0.769572
63,0.063000,0.686111,6.418892,17.682226,-16.996115,-39.603390,0.774211
64,0.064000,0.852775,6.443717,17.682226,-16.829451,-39.233776,0.771641
65,0.065000,1.021494,6.466167,17.682226,-16.660732,-38.833851,0.780071
66,0.066000,1.192218,6.486281,17.682226,-16.490008,-38.326233,0.768241
67,0.067000,1.364897,6.504104,17.682226,-16.317329,-37.709660,0.770512
68,0.068000,1.539479,6.519688,17.682226,-16.142747,-36.946548,0.756311
69,0.069000,1.715910,6.533093,17.682226,-15.966316,-36.061428,0.772461
70,0.070000,1.894137,6.544389,17.682226,-15.788089,-35.466797,0.772081
71,0.071000,2.074101,6.553630,17.682226,-15.608125,-34.912834,0.794761
72,0.072000,2.255747,6.560862,17.682226,-15.426479,-34.512455,0.780011
73,0.073000,2.439015,6.566123,17.682226,-15.243211,-34.125484,0.776382
74,0.074000,2.623845,6.569442,17.682226,-15.058381,-33.746056,0.763011
75,0.075000,2.810176,6.570852,17.682226,-14.872050,-33.278938,0.864920
76,0.076000,2.997944,6.570389,17.682226,-14.684282,-32.720097,0.768581
77,0.077000,3.187088,6.568095,17.682226,-14.495138,-32.079727,0.774651
78,0.078000,3.377540,6.564019,17.682226,-14.304685,-31.392778,0.787380
79,0.079000,3.569237,6.558214,17.682226,-14.112989,-30.610188,0.771251
80,0.080000,3.762110,6.550740,17.682226,-13.920116,-29.741009,0.765141
81,0.081000,3.956092,6.541661,17.682226,-13.726134,-28.803955,0.781601
82,0.082000,4.151113,6.531047,17.682226,-13.531113,-27.847057,0.768671
83,0.083000,4.347105,6.518970,17.682226,-13.335121,-27.023159,0.768031
84,0.084000,4.543995,6.505494,17.682226,-13.138231,-26.096146,0.776172
85,0.085000,4.741713,6.490686,17.682226,-12.940513,-25.003435,0.764081
86,0.086000,4.940186,6.474622,17.682226,-12.742040,-23.783100,0.768751
87,0.087000,5.139342,6.457389,17.682226,-12.542884,-22.410093,0.784061
88,0.088000,5.339106,6.439084,17.682226,-12.343120,-21.183552,0.778491
89,0.089000,5.539404,6.419797,17.682226,-12.142822,-20.039682,0.784401
90,0.090000,5.740161,6.399612,17.682226,-11.942065,-18.814171,0.757012
91,0.091000,5.941303,6.378614,17.682226,-11.740923,-17.913733,0.767981
92,0.092000,6.142754,6.356870,17.682226,-11.539472,-17.012264,0.783011
93,0.093000,6.344436,6.334441,17.682226,-11.337790,-16.372692,0.804471
94,0.094000,6.546274,6.311373,17.682226,-11.135952,-15.753692,0.778811
95,0.095000,6.748192,6.287707,17.682226,-10.934034,-15.110913,0.770501
96,0.096000,6.950112,6.263484,17.682226,-10.732114,-14.404340,0.865200
97,0.097000,7.151956,6.238749,17.682226,-10.530270,-13.612944,0.756042
98,0.098000,7.353649,6.213556,17.682226,-10.328577,-12.632273,0.773931
99,0.099000,7.555111,6.187968,17.682226,-10.127115,-11.569633,0.782341
100,0.100000,7.756267,6.162058,17.682226,-9.925959,-10.426584,0.781791
101,0.101000,7.957037,6.135905,17.682226,-9.725189,-9.337388,0.783891
102,0.102000,8.157345,6.109584,17.682226,-9.524881,-8.519403,0.769321
103,0.103000,8.357114,6.083154,17.682226,-9.325112,-7.798761,0.769282
104,0.104000,8.556265,6.056666,17.682226,-9.125961,-7.041192,0.765831
105,0.105000,8.754722,6.030165,17.682226,-8.927504,-6.241826,0.767051
106,0.106000,8.952409,6.003704,17.682226,-8.729817,-5.385022,0.782391
107,0.107000,9.149248,5.977337,17.682226,-8.532978,-4.174929,0.776221
108,0.108000,9.345162,5.951140,17.682226,-8.337064,-2.775959,0.777971
109,0.109000,9.540078,5.925206,17.682226,-8.142148,-1.429429,0.770312
110,0.110000,9.733918,5.899626,17.682226,-7.948308,0.049092,0.766551
111,0.111000,9.926608,5.874500,17.682226,-7.755618,1.808867,0.790281
112,0.112000,10.118073,5.849943,17.682226,-7.564153,3.391952,0.776191
113,0.113000,10.308241,5.826066,17.682226,-7.373985,4.894533,0.868390
114,0.114000,10.497037,5.802968,17.682226,-7.185189,6.338799,0.791071
115,0.115000,10.684389,5.780746,17.682226,-6.997837,7.737806,0.771561
116,0.116000,10.870226,5.759490,17.682226,-6.812000,9.401261,0.880440
117,0.117000,11.054476,5.739303,17.682226,-6.627750,11.394339,0.783311
118,0.118000,11.237071,5.720313,17.682226,-6.445155,13.143254,0.794991
119,0.119000,11.417940,5.702638,17.682226,-6.264286,14.806025,0.780661
120,0.120000,11.597018,5.686386,17.682226,-6.085208,16.431313,0.762662
121,0.121000,11.774237,5.671662,17.682226,-5.907989,17.795071,0.759451
122,0.122000,11.949531,5.658555,17.682226,-5.732695,19.455238,0.778431
123,0.123000,12.122837,5.647163,17.682226,-5.559389,21.836868,0.786391
124,0.124000,12.294092,5.637633,17.682226,-5.388134,24.155609,0.781211
125,0.125000,12.463233,5.630117,17.682226,-5.218993,26.455612,0.778111
126,0.126000,12.630201,5.624768,17.682226,-5.052025,29.530302,0.765401
127,0.127000,12.794939,5.621781,17.682226,-4.887287,32.485798,0.762041
128,0.128000,12.957387,5.621354,17.682226,-4.724839,34.918533,0.780311
129,0.129000,13.117492,5.623653,17.682226,-4.564734,37.009495,0.779041
130,0.130000,13.275199,5.628815,17.682226,-4.407027,39.088718,0.779781
131,0.131000,13.430458,5.636968,17.682226,-4.251768,40.825161,0.800771
132,0.132000,13.583218,5.648220,17.682226,-4.099008,42.273640,0.763861
133,0.133000,13.733431,5.662654,17.682226,-3.948794,43.755657,0.859980
134,0.134000,13.881054,5.680352,17.682226,-3.801172,45.400227,0.763181
135,0.135000,14.026040,5.701409,17.682226,-3.656186,46.720585,0.859290
136,0.136000,14.168350,5.725899,17.682226,-3.513876,47.642406,0.771321
137,0.137000,14.307943,5.753875,17.682226,-3.374283,48.341122,0.771861
138,0.138000,14.444783,5.785367,17.682226,-3.237443,48.880367,0.769972
139,0.139000,14.578834,5.820397,17.682226,-3.103392,49.417873,0.780371
140,0.140000,14.710062,5.858980,17.682226,-2.972164,49.861027,0.779351
141,0.141000,14.838441,5.901130,17.682226,-2.843785,50.538734,0.796121
142,0.142000,14.963939,5.946873,17.682226,-2.718287,51.099644,0.777821
143,0.143000,15.086530,5.996232,17.682226,-2.595696,51.952587,0.764401
144,0.144000,15.206194,6.049250,17.682226,-2.476032,52.757198,0.764231
145,0.145000,15.322904,6.105967,17.682226,-2.359322,53.594788,0.768712
146,0.146000,15.436646,6.166428,17.682226,-2.245580,54.345238,0.786091
147,0.147000,15.547401,6.230672,17.682226,-2.134825,54.986309,0.785691
148,0.148000,15.655156,6.298732,17.682226,-2.027070,55.473789,0.766821
149,0.149000,15.759898,6.370627,17.682226,-1.922328,55.791843,0.770221
150,0.150000,15.861617,6.446365,17.682226,-1.820609,55.963120,0.775521
151,0.151000,15.960308,6.525945,17.682226,-1.721918,55.969898,0.773801
152,0.152000,16.055966,6.609350,17.682226,-1.626260,55.780514,0.928340
153,0.153000,16.148587,6.696554,17.682226,-1.533639,55.362236,0.779721
154,0.154000,16.238174,6.787512,17.682226,-1.444052,54.856152,0.987459
155,0.155000,16.324728,6.882172,17.682226,-1.357498,54.246296,0.772951
156,0.156000,16.408254,6.980478,17.682226,-1.273972,53.362988,0.769281
157,0.157000,16.488760,7.082354,17.682226,-1.193466,52.274391,0.774741
158,0.158000,16.566255,7.187711,17.682226,-1.115971,50.933987,0.781961
159,0.159000,16.640752,7.296443,17.682226,-1.041474,49.129856,0.768271
160,0.160000,16.712264,7.408416,17.682226,-0.969962,46.715481,0.776121
161,0.161000,16.780808,7.523453,17.682226,-0.901418,44.460255,0.776271
162,0.162000,16.846404,7.641377,17.682226,-0.835822,43.059795,0.771841
163,0.163000,16.909071,7.762067,17.682226,-0.773155,41.431149,0.794371
164,0.164000,16.968831,7.885400,17.682226,-0.713394,39.295773,0.782261
165,0.165000,17.025710,8.011230,17.682226,-0.656516,36.710247,0.773341
166,0.166000,17.079733,8.139374,17.682226,-0.602493,34.707458,0.764041
167,0.167000,17.130931,8.269676,17.682226,-0.551295,32.589241,0.771071
168,0.168000,17.179331,8.401981,17.682226,-0.502895,30.740597,0.790131
169,0.169000,17.224965,8.536154,17.682226,-0.457261,28.550215,0.785411
170,0.170000,17.267869,8.672040,17.682226,-0.414357,26.213114,0.787401
171,0.171000,17.308075,8.809476,17.682226,-0.374151,24.050753,0.928429
172,0.172000,17.345619,8.948304,17.682226,-0.336607,22.192284,0.766391
173,0.173000,17.380542,9.088389,17.682226,-0.301684,19.936653,0.768921
174,0.174000,17.412879,9.229574,17.682226,-0.269347,17.068556,0.765611
175,0.175000,17.442674,9.371668,17.682226,-0.239552,15.059262,0.776101
176,0.176000,17.469968,9.514513,17.682226,-0.212258,13.357749,0.784301
177,0.177000,17.494800,9.657987,17.682226,-0.187426,11.286790,0.765301
178,0.178000,17.517217,9.801952,17.682226,-0.165009,9.682031,0.776552
179,0.179000,17.537264,9.946290,17.682226,-0.144962,8.773973,0.764831
180,0.180000,17.554986,10.090932,17.682226,-0.127240,7.985539,0.768141
181,0.181000,17.570429,10.235824,17.682226,-0.111797,7.154033,0.767741
182,0.182000,17.583641,10.380917,17.682226,-0.098585,6.312904,0.774212
183,0.183000,17.594670,10.526155,17.682226,-0.087556,5.703691,0.782821
184,0.184000,17.603564,10.671494,17.682226,-0.078662,5.127023,0.772511
185,0.185000,17.610374,10.816898,17.682226,-0.071852,4.661864,0.771241
186,0.186000,17.615152,10.962333,17.682226,-0.067074,4.417360,0.776041
187,0.187000,17.617947,11.107780,17.682226,-0.064279,4.745507,0.764132
188,0.188000,17.618811,11.253254,17.682226,-0.063415,4.920403,0.776051
189,0.189000,17.617798,11.398774,17.682226,-0.064427,4.907578,0.784541
190,0.190000,17.614961,11.544341,17.682226,-0.067265,4.756857,0.770401
191,0.191000,17.610352,11.689947,17.682226,-0.071874,4.480386,0.778081
192,0.192000,17.604029,11.835571,17.682226,-0.078197,4.109165,0.957509
193,0.193000,17.596043,11.981187,17.682226,-0.086183,3.677032,0.786691
194,0.194000,17.586453,12.126758,17.682226,-0.095773,3.496598,0.781481
195,0.195000,17.575313,12.272267,17.682226,-0.106913,3.351154,0.776971
196,0.196000,17.562681,12.417699,17.682226,-0.119545,3.029149,0.761381
197,0.197000,17.548614,12.563032,17.682226,-0.133612,2.581567,0.773071
198,0.198000,17.533169,12.708234,17.682226,-0.149057,2.032422,0.778451
199,0.199000,17.516404,12.853265,17.682226,-0.165822,1.522714,0.779761
200,0.200000,17.498379,12.998086,17.682226,-0.183846,0.929802,0.774271
201,0.201000,17.479151,13.142656,17.682226,-0.203075,0.283901,0.779571
202,0.202000,17.458780,13.286925,17.682226,-0.223446,-0.408106,0.764221
203,0.203000,17.437324,13.430846,17.682226,-0.244902,-1.169152,0.766201
204,0.204000,17.414845,13.574362,17.682226,-0.267381,-2.478685,0.778851
205,0.205000,17.391400,13.717392,17.682226,-0.290826,-4.476441,0.780791
206,0.206000,17.367052,13.859799,17.682226,-0.315174,-6.224616,0.789501
207,0.207000,17.341859,14.001455,17.682226,-0.340367,-7.929921,0.784831
208,0.208000,17.315882,14.142237,17.682226,-0.366344,-9.327390,0.763152
209,0.209000,17.289179,14.282043,17.682226,-0.393047,-10.377112,0.880140
210,0.210000,17.261812,14.420797,17.682226,-0.420414,-11.184858,0.772981
211,0.211000,17.233841,14.558444,17.682226,-0.448385,-12.057635,0.971439
212,0.212000,17.205325,14.694932,17.682226,-0.476901,-13.168509,0.772601
213,0.213000,17.176322,14.830192,17.682226,-0.505904,-14.177842,0.772071
214,0.214000,17.146893,14.964161,17.682226,-0.535333,-15.339705,0.766281
215,0.215000,17.117096,15.096762,17.682226,-0.565130,-16.923748,0.785311
216,0.216000,17.086989,15.227895,17.682226,-0.595237,-19.066458,0.776212
217,0.217000,17.056630,15.357421,17.682226,-0.625596,-21.104349,0.787671
218,0.218000,17.026075,15.485198,17.682226,-0.656151,-22.896580,0.772661
219,0.219000,16.995384,15.611099,17.682226,-0.686842,-24.766335,0.766491
220,0.220000,16.964612,15.735000,17.682226,-0.717614,-26.478024,0.765561
221,0.221000,16.933813,15.856784,17.682226,-0.748413,-28.448612,0.780921
222,0.222000,16.903043,15.976326,17.682226,-0.779183,-30.092339,0.775401
223,0.223000,16.872355,16.093515,17.682226,-0.809871,-31.411741,0.786331
224,0.224000,16.841802,16.208263,17.682226,-0.840424,-32.506859,0.776781
225,0.225000,16.811438,16.320501,17.682226,-0.870788,-33.506077,0.758641
226,0.226000,16.781314,16.430174,17.682226,-0.900912,-34.489208,0.770941
227,0.227000,16.751476,16.537222,17.682226,-0.930750,-35.465244,0.778461
228,0.228000,16.721978,16.641590,17.682226,-0.960248,-36.582844,0.946159
229,0.229000,16.692866,16.743213,17.682226,-0.989360,-37.700764,0.777611
230,0.230000,16.664186,16.842026,17.682226,-1.018040,-39.592472,0.989329
231,0.231000,16.635986,16.937913,17.682226,-1.046240,-41.339138,0.775661
232,0.232000,16.608308,17.030759,17.682226,-1.073917,-42.753845,0.792571
233,0.233000,16.581196,17.120467,17.682226,-1.101030,-43.893684,0.784291
234,0.234000,16.554691,17.206964,17.682226,-1.127534,-44.759235,0.771101
235,0.235000,16.528836,17.290197,17.682226,-1.153390,-45.559879,0.770001
236,0.236000,16.503668,17.370122,17.682226,-1.178558,-46.227962,0.765281
237,0.237000,16.479225,17.446706,17.682226,-1.203001,-46.747009,0.769711
238,0.238000,16.455543,17.519922,17.682226,-1.226683,-47.143387,0.776261
239,0.239000,16.432657,17.589757,17.682226,-1.249569,-47.437702,0.783821
240,0.240000,16.410598,17.656203,17.682226,-1.271628,-47.629848,0.777721
241,0.241000,16.389401,17.719256,17.682226,-1.292825,-47.801205,0.765742
242,0.242000,16.369095,17.778916,17.682226,-1.313131,-47.906101,0.766911
243,0.243000,16.349709,17.835190,17.682226,-1.332517,-48.094715,0.762621
244,0.244000,16.331269,17.888074,17.682226,-1.350957,-48.342838,0.770161
245,0.245000,16.313799,17.937566,17.682226,-1.368427,-48.942295,0.794741
246,0.246000,16.297327,17.983634,17.682226,-1.384899,-49.622005,0.789981
247,0.247000,16.281873,18.026240,17.682226,-1.400353,-50.492302,0.952979
248,0.248000,16.267456,18.065336,17.682226,-1.414770,-51.521633,0.773472
249,0.249000,16.254098,18.100858,17.682226,-1.428128,-52.630566,0.992898
250,0.250000,16.241816,18.132737,17.682226,-1.440410,-53.485382,0.785811
251,0.251000,16.230625,18.160918,17.682226,-1.451601,-54.218204,0.782101
252,0.252000,16.220540,18.185356,17.682226,-1.461686,-55.031368,0.769482
253,0.253000,16.211570,18.206009,17.682226,-1.470656,-55.870304,0.770621
254,0.254000,16.203731,18.222830,17.682226,-1.478495,-56.521561,0.765921
255,0.255000,16.197027,18.235782,17.682226,-1.485199,-57.030380,0.775121
256,0.256000,16.191467,18.244839,17.682226,-1.490759,-57.364071,0.781401
257,0.257000,16.187057,18.249991,17.682226,-1.495169,-57.471531,0.788401
258,0.258000,16.183799,18.251239,17.682226,-1.498427,-57.192680,0.776901
259,0.259000,16.181693,18.248614,17.682226,-1.500533,-56.447037,0.763501
260,0.260000,16.180742,18.242175,17.682226,-1.501484,-55.186089,0.769641
261,0.261000,16.180944,18.232020,17.682226,-1.501282,-53.777699,0.788371
262,0.262000,16.182293,18.218263,17.682226,-1.499933,-52.661610,0.794601
263,0.263000,16.184784,18.200999,17.682226,-1.497442,-51.700436,0.789531
264,0.264000,16.188411,18.180314,17.682226,-1.493815,-50.631889,0.777921
265,0.265000,16.193164,18.156289,17.682226,-1.489061,-49.512573,0.780191
266,0.266000,16.199033,18.129007,17.682226,-1.483193,-48.229969,0.930569
267,0.267000,16.206007,18.098567,17.682226,-1.476219,-46.890499,0.769881
268,0.268000,16.214073,18.065067,17.682226,-1.468153,-45.393036,0.972109
269,0.269000,16.223214,18.028616,17.682226,-1.459012,-43.451893,0.779711
270,0.270000,16.233413,17.989351,17.682226,-1.448813,-41.234009,0.771611
271,0.271000,16.244656,17.947430,17.682226,-1.437570,-38.926247,0.769771
272,0.272000,16.256921,17.903022,17.682226,-1.425305,-37.182533,0.769222
273,0.273000,16.270188,17.856264,17.682226,-1.412037,-35.248936,0.786431
274,0.274000,16.284438,17.807292,17.682226,-1.397788,-33.813908,0.768901
275,0.275000,16.299645,17.756214,17.682226,-1.382581,-32.251240,0.773111
276,0.276000,16.315787,17.703138,17.682226,-1.366439,-30.610798,0.769111
277,0.277000,16.332838,17.648176,17.682226,-1.349388,-29.122528,0.767231
278,0.278000,16.350774,17.591436,17.682226,-1.331451,-27.914631,0.770412
279,0.279000,16.369566,17.533002,17.682226,-1.312660,-26.890329,0.791641
280,0.280000,16.389189,17.472951,17.682226,-1.293037,-25.793186,0.780171
281,0.281000,16.409613,17.411353,17.682226,-1.272613,-24.604641,0.775851
282,0.282000,16.430809,17.348288,17.682226,-1.251417,-23.415140,0.771911
283,0.283000,16.452748,17.283842,17.682226,-1.229478,-22.169464,0.762181
284,0.284000,16.475396,17.218098,17.682226,-1.206830,-20.965889,0.764942
285,0.285000,16.498723,17.151141,17.682226,-1.183503,-19.905849,0.775211
286,0.286000,16.522699,17.083049,17.682226,-1.159527,-18.735210,0.893650
287,0.287000,16.547288,17.013900,17.682226,-1.134938,-17.483063,0.778541
288,0.288000,16.572459,16.943783,17.682226,-1.109767,-16.769560,0.940019
289,0.289000,16.598174,16.872753,17.682226,-1.084052,-16.074593,0.779341
290,0.290000,16.624402,16.800858,17.682226,-1.057824,-15.273313,0.778751
291,0.291000,16.651108,16.728149,17.682226,-1.031118,-14.261554,0.768052
292,0.292000,16.678256,16.654692,17.682226,-1.003970,-13.040963,0.771081
293,0.293000,16.705808,16.580571,17.682226,-0.976418,-11.374969,0.777571
294,0.294000,16.733731,16.505897,17.682226,-0.948495,-9.659643,0.768871
295,0.295000,16.761984,16.430787,17.682226,-0.920242,-8.234390,0.777521
296,0.296000,16.790536,16.355351,17.682226,-0.891690,-6.510197,0.768682
297,0.297000,16.819344,16.279705,17.682226,-0.862882,-4.721503,0.778741
298,0.298000,16.848374,16.203972,17.682226,-0.833852,-2.963835,0.775221
299,0.299000,16.877589,16.128274,17.682226,-0.804637,-1.109519,0.776161
300,0.300000,16.906950,16.052737,17.682226,-0.775276,1.122076,0.769201
301,0.301000,16.936421,15.977511,17.682226,-0.745805,3.549690,0.778631
302,0.302000,16.965963,15.902760,17.682226,-0.716263,5.749770,0.788050
303,0.303000,16.995539,15.828637,17.682226,-0.686687,7.913713,0.775651
304,0.304000,17.025112,15.755291,17.682226,-0.657114,9.760079,0.786492
305,0.305000,17.054648,15.682850,17.682226,-0.627578,11.335901,0.850470
306,0.306000,17.084106,15.611420,17.682226,-0.598120,12.886774,0.758261
307,0.307000,17.113454,15.541100,17.682226,-0.568772,14.212844,0.935800
308,0.308000,17.142655,15.471975,17.682226,-0.539571,15.493064,0.781941
309,0.309000,17.171673,15.404126,17.682226,-0.510553,16.521832,0.775951
310,0.310000,17.200474,15.337617,17.682226,-0.481752,17.374243,0.781331
311,0.311000,17.229026,15.272499,17.682226,-0.453200,18.517265,0.788501
312,0.312000,17.257293,15.208839,17.682226,-0.424933,19.774042,0.775351
313,0.313000,17.285243,15.146711,17.682226,-0.396983,20.998133,0.769891
314,0.314000,17.312846,15.086197,17.682226,-0.369380,22.505697,0.768071
315,0.315000,17.340068,15.027391,17.682226,-0.342158,24.001278,0.774631
316,0.316000,17.366878,14.970390,17.682226,-0.315348,25.480150,0.777222
317,0.317000,17.393247,14.915294,17.682226,-0.288978,26.698416,0.775201
318,0.318000,17.419149,14.862181,17.682226,-0.263077,27.779528,0.775821
319,0.319000,17.444552,14.811123,17.682226,-0.237674,28.879860,0.775421
320,0.320000,17.469430,14.762187,17.682226,-0.212796,29.936329,0.777111
321,0.321000,17.493757,14.715436,17.682226,-0.188469,31.186211,0.770181
322,0.322000,17.517507,14.670946,17.682226,-0.164719,32.499493,0.776532
323,0.323000,17.540657,14.628798,17.682226,-0.141569,33.669491,0.779931
324,0.324000,17.563183,14.589067,17.682226,-0.119043,34.717587,0.931409
325,0.325000,17.585063,14.551822,17.682226,-0.097163,35.691956,0.774141
326,0.326000,17.606276,14.517120,17.682226,-0.075950,36.569981,0.785181
327,0.327000,17.626802,14.485011,17.682226,-0.055424,37.361641,0.789931
328,0.328000,17.646624,14.455544,17.682226,-0.035602,38.209972,0.766392
329,0.329000,17.665723,14.428766,17.682226,-0.016503,39.016941,0.756971
330,0.330000,17.684082,14.404724,17.682226,0.001856,39.728973,0.763811
331,0.331000,17.701687,14.383456,17.682226,0.019461,40.435696,0.789681
332,0.332000,17.718525,14.365005,17.682226,0.036299,41.024708,0.778801
333,0.333000,17.734581,14.349399,17.682226,0.052355,41.509159,0.802520
334,0.334000,17.749848,14.336668,17.682226,0.067622,41.855103,0.775221
335,0.335000,17.764313,14.326824,17.682226,0.082087,42.091148,0.772451
336,0.336000,17.777968,14.319873,17.682226,0.095742,42.300491,0.758001
337,0.337000,17.790807,14.315823,17.682226,0.108581,42.325836,0.769651
338,0.338000,17.802823,14.314664,17.682226,0.120597,42.580547,0.766831
339,0.339000,17.814013,14.316403,17.682226,0.131787,42.851357,0.789030
340,0.340000,17.824371,14.321047,17.682226,0.142145,42.880810,0.793090
341,0.341000,17.833897,14.328595,17.682226,0.151671,42.499615,0.770831
342,0.342000,17.842592,14.339014,17.682226,0.160366,41.736393,0.763271
343,0.343000,17.850454,14.352247,17.682226,0.168228,40.282284,0.775631
344,0.344000,17.857487,14.368191,17.682226,0.175261,38.686417,0.763481
345,0.345000,17.863694,14.386721,17.682226,0.181468,37.180099,0.943839
346,0.346000,17.869079,14.407721,17.682226,0.186853,35.801640,0.780641
347,0.347000,17.873647,14.431078,17.682226,0.191421,34.382545,0.773521
348,0.348000,17.877409,14.456690,17.682226,0.195183,33.412769,0.781151
349,0.349000,17.880368,14.484477,17.682226,0.198142,32.379604,0.797711
350,0.350000,17.882537,14.514362,17.682226,0.200311,31.126610,0.775241
351,0.351000,17.883923,14.546262,17.682226,0.201697,29.599939,0.768771
352,0.352000,17.884540,14.580072,17.682226,0.202314,28.067204,0.767452
353,0.353000,17.884396,14.615681,17.682226,0.202170,26.622173,0.762921
354,0.354000,17.883508,14.652982,17.682226,0.201282,24.953268,0.771021
355,0.355000,17.881889,14.691862,17.682226,0.199664,23.207508,0.785121
356,0.356000,17.879554,14.732194,17.682226,0.197328,21.457951,0.784921
357,0.357000,17.876518,14.773856,17.682226,0.194292,19.869253,0.773912
358,0.358000,17.872795,14.816734,17.682226,0.190569,18.674782,0.765501
359,0.359000,17.868403,14.860738,17.682226,0.186177,17.529083,0.766061
360,0.360000,17.863363,14.905788,17.682226,0.181137,16.418161,0.772081
361,0.361000,17.857688,14.951810,17.682226,0.175462,15.510568,0.781891
362,0.362000,17.851399,14.998742,17.682226,0.169174,14.569558,0.872140
363,0.363000,17.844516,15.046521,17.682226,0.162290,13.599010,0.789791
364,0.364000,17.837060,15.095080,17.682226,0.154834,12.455402,0.953319
365,0.365000,17.829046,15.144348,17.682226,0.146820,11.364846,0.773981
366,0.366000,17.820498,15.194244,17.682226,0.138272,10.400855,0.770601
367,0.367000,17.811438,15.244704,17.682226,0.129212,9.384004,0.776481
368,0.368000,17.801886,15.295655,17.682226,0.119660,8.360343,0.776501
369,0.369000,17.791862,15.347030,17.682226,0.109636,7.198138,0.776902
370,0.370000,17.781392,15.398750,17.682226,0.099166,5.961279,0.776181
371,0.371000,17.770496,15.450728,17.682226,0.088270,4.641440,0.766821
372,0.372000,17.759195,15.502877,17.682226,0.076969,3.326368,0.781091
373,0.373000,17.747516,15.555104,17.682226,0.065290,2.184487,0.766401
374,0.374000,17.735479,15.607327,17.682226,0.053253,1.360750,0.765852
375,0.375000,17.723108,15.659488,17.682226,0.040882,0.547355,0.773261
376,0.376000,17.710426,15.711534,17.682226,0.028200,-0.296213,0.771301
377,0.377000,17.697457,15.763409,17.682226,0.015231,-1.200412,0.768001
378,0.378000,17.684222,15.815057,17.682226,0.001996,-2.173157,0.787461
379,0.379000,17.670746,15.866413,17.682226,-0.011480,-2.957273,0.787741
380,0.380000,17.657053,15.917423,17.682226,-0.025173,-3.620584,0.781181
381,0.381000,17.643164,15.968041,17.682226,-0.039062,-4.102192,0.952699
382,0.382000,17.629104,16.018240,17.682226,-0.053122,-4.538073,0.758861
383,0.383000,17.614896,16.067986,17.682226,-0.067330,-4.988181,0.990849
384,0.384000,17.600561,16.117259,17.682226,-0.081665,-5.454682,0.767601
385,0.385000,17.586123,16.166026,17.682226,-0.096102,-5.933600,0.785591
386,0.386000,17.571606,16.214261,17.682226,-0.110620,-6.416924,0.777281
387,0.387000,17.557030,16.261931,17.682226,-0.125196,-6.905105,0.779811
388,0.388000,17.542419,16.309004,17.682226,-0.139807,-7.396637,0.772751
389,0.389000,17.527794,16.355451,17.682226,-0.154432,-7.809741,0.783921
390,0.390000,17.513177,16.401244,17.682226,-0.169049,-8.241001,0.764022
391,0.391000,17.498589,16.446354,17.682226,-0.183636,-8.684482,0.780442
392,0.392000,17.484055,16.490756,17.682226,-0.198171,-9.113574,0.783841
393,0.393000,17.469592,16.534421,17.682226,-0.212634,-9.525080,0.775581
394,0.394000,17.455223,16.577323,17.682226,-0.227003,-9.920386,0.774661
395,0.395000,17.440967,16.619437,17.682226,-0.241259,-10.289976,0.780191
396,0.396000,17.426843,16.660740,17.682226,-0.255382,-10.636956,0.780541
397,0.397000,17.412876,16.701213,17.682226,-0.269350,-10.976440,0.777691
398,0.398000,17.399080,16.740831,17.682226,-0.283145,-11.340252,0.767742
399,0.399000,17.385476,16.779575,17.682226,-0.296750,-11.635256,0.791120
400,0.400000,17.372084,16.817428,17.682226,-0.310142,-11.893629,0.930229
401,0.401000,17.358921,16.854373,17.682226,-0.323305,-12.169406,0.779261
402,0.402000,17.346005,16.890394,17.682226,-0.336221,-12.632892,0.773391
403,0.403000,17.333354,16.925465,17.682226,-0.348872,-13.122312,0.868790
404,0.404000,17.320984,16.959556,17.682226,-0.361242,-13.617756,0.774732
405,0.405000,17.308912,16.992635,17.682226,-0.373314,-14.100435,0.769381
406,0.406000,17.297155,17.024668,17.682226,-0.385071,-14.580399,0.758841
407,0.407000,17.285728,17.055630,17.682226,-0.396498,-15.036996,0.772661
408,0.408000,17.274646,17.085486,17.682226,-0.407580,-15.507518,0.777661
409,0.409000,17.263923,17.114210,17.682226,-0.418303,-15.969172,0.776332
410,0.410000,17.253575,17.141775,17.682226,-0.428651,-16.388607,0.778221
411,0.411000,17.243613,17.168153,17.682226,-0.438613,-16.978996,0.776251
412,0.412000,17.234053,17.193309,17.682226,-0.448173,-17.573217,0.767491
413,0.413000,17.224904,17.217208,17.682226,-0.457322,-18.106224,0.770751
414,0.414000,17.216182,17.239812,17.682226,-0.466044,-18.781326,0.768872
415,0.415000,17.207893,17.261083,17.682226,-0.474333,-19.379688,0.780191
416,0.416000,17.200052,17.280983,17.682226,-0.482174,-19.891922,0.772311
417,0.417000,17.192665,17.299476,17.682226,-0.489561,-20.416851,0.772841
418,0.418000,17.185746,17.316534,17.682226,-0.496480,-20.913921,0.770871
419,0.419000,17.179300,17.332124,17.682226,-0.502926,-21.332857,0.782561
420,0.420000,17.173336,17.346225,17.682226,-0.508890,-21.656454,0.866810
421,0.421000,17.167860,17.358815,17.682226,-0.514366,-21.922888,0.764012
422,0.422000,17.162881,17.369885,17.682226,-0.519345,-22.235794,0.942809
423,0.423000,17.158402,17.379416,17.682226,-0.523824,-22.543568,0.765831
424,0.424000,17.154428,17.387396,17.682226,-0.527798,-22.813686,0.771221
425,0.425000,17.150967,17.393808,17.682226,-0.531259,-23.046785,0.788601
426,0.426000,17.148018,17.398642,17.682226,-0.534208,-23.322618,0.782472
427,0.427000,17.145587,17.401886,17.682226,-0.536639,-23.607452,0.778061
428,0.428000,17.143672,17.403523,17.682226,-0.538554,-23.975533,0.764071
429,0.429000,17.142279,17.403537,17.682226,-0.539947,-24.424814,0.760261
430,0.430000,17.141406,17.401900,17.682226,-0.540820,-24.762566,0.778021
431,0.431000,17.141053,17.398592,17.682226,-0.541173,-24.979794,0.779162
432,0.432000,17.141219,17.393601,17.682226,-0.541007,-25.085148,0.776491
433,0.433000,17.141902,17.386923,17.682226,-0.540324,-25.083073,0.788181
434,0.434000,17.143099,17.378563,17.682226,-0.539127,-24.974375,0.771391
435,0.435000,17.144808,17.368532,17.682226,-0.537418,-24.777487,0.768561
436,0.436000,17.147023,17.356855,17.682226,-0.535203,-24.577278,0.772121
437,0.437000,17.149739,17.343546,17.682226,-0.532487,-24.387356,0.784101
438,0.438000,17.152953,17.328627,17.682226,-0.529273,-24.149847,0.791161
439,0.439000,17.156655,17.312120,17.682226,-0.525571,-23.912655,0.777971
440,0.440000,17.160840,17.294046,17.682226,-0.521386,-23.674515,0.770781
441,0.441000,17.165498,17.274424,17.682226,-0.516728,-23.457510,0.774511
442,0.442000,17.170623,17.253278,17.682226,-0.511603,-23.188404,0.763311
443,0.443000,17.176203,17.230626,17.682226,-0.506023,-22.860027,0.768022
444,0.444000,17.182229,17.206495,17.682226,-0.499997,-22.467678,0.787951
445,0.445000,17.188690,17.180916,17.682226,-0.493536,-22.048798,0.777041
446,0.446000,17.195577,17.153921,17.682226,-0.486649,-21.604218,0.773041
447,0.447000,17.202873,17.125545,17.682226,-0.479353,-21.185509,0.775881
448,0.448000,17.210567,17.095820,17.682226,-0.471659,-20.586887,0.781881
449,0.449000,17.218649,17.064789,17.682226,-0.463577,-19.617409,0.768471
450,0.450000,17.227100,17.032520,17.682226,-0.455126,-18.455221,0.772982
451,0.451000,17.235909,16.999094,17.682226,-0.446317,-17.185118,0.767911
452,0.452000,17.245058,16.964604,17.682226,-0.437168,-16.530106,0.775651
453,0.453000,17.254535,16.929107,17.682226,-0.427691,-15.772702,0.769781
454,0.454000,17.264319,16.892656,17.682226,-0.417907,-14.969674,0.778812
455,0.455000,17.274399,16.855310,17.682226,-0.407827,-14.159757,0.782581
456,0.456000,17.284753,16.817123,17.682226,-0.397473,-13.293018,0.769451
457,0.457000,17.295366,16.778151,17.682226,-0.386860,-12.325862,0.760801
458,0.458000,17.306221,16.738466,17.682226,-0.376005,-11.082523,0.870940
459,0.459000,17.317299,16.698149,17.682226,-0.364927,-10.006822,0.772931
460,0.460000,17.328581,16.657278,17.682226,-0.353645,-9.029017,0.777781
461,0.461000,17.340047,16.615922,17.682226,-0.342179,-7.945110,0.877729
462,0.462000,17.351682,16.574158,17.682226,-0.330544,-6.682034,0.786660
463,0.463000,17.363464,16.532066,17.682226,-0.318762,-5.352088,0.768412
464,0.464000,17.375375,16.489742,17.682226,-0.306851,-3.874505,0.758871
465,0.465000,17.387394,16.447283,17.682226,-0.294832,-2.408762,0.762921
466,0.466000,17.399502,16.404794,17.682226,-0.282724,-1.013112,0.788712
467,0.467000,17.411680,16.362370,17.682226,-0.270546,0.453731,0.785511
468,0.468000,17.423910,16.320110,17.682226,-0.258316,1.922588,0.801660
469,0.469000,17.436170,16.278115,17.682226,-0.246056,3.581983,0.779462
470,0.470000,17.448441,16.236495,17.682226,-0.233785,5.114783,0.770171
471,0.471000,17.460704,16.195354,17.682226,-0.221522,6.492044,0.776511
472,0.472000,17.472939,16.154787,17.682226,-0.209287,7.941025,0.769351
473,0.473000,17.485129,16.114892,17.682226,-0.197097,9.247211,0.777131
474,0.474000,17.497254,16.075752,17.682226,-0.184972,10.223180,0.776991
475,0.475000,17.509298,16.037436,17.682226,-0.172928,11.092715,0.773462
476,0.476000,17.521238,16.000000,17.682226,-0.160988,12.034810,0.772671
477,0.477000,17.533061,15.963496,17.682226,-0.149165,12.872704,0.774121
478,0.478000,17.544748,15.927982,17.682226,-0.137478,13.667127,0.864060
479,0.479000,17.556282,15.893504,17.682226,-0.125944,14.429372,0.769022
480,0.480000,17.567646,15.860107,17.682226,-0.114580,15.042763,0.858331
481,0.481000,17.578825,15.827833,17.682226,-0.103401,15.598854,0.769981
482,0.482000,17.589805,15.796715,17.682226,-0.092421,16.030645,0.768431
483,0.483000,17.600566,15.766775,17.682226,-0.081660,16.410969,0.774531
484,0.484000,17.611100,15.738035,17.682226,-0.071126,16.715078,0.775391
485,0.485000,17.621386,15.710511,17.682226,-0.060840,16.985720,0.796331
486,0.486000,17.631416,15.684216,17.682226,-0.050810,17.310610,0.772841
487,0.487000,17.641175,15.659168,17.682226,-0.041051,17.753069,0.774562
488,0.488000,17.650652,15.635389,17.682226,-0.031574,18.235056,0.765361
489,0.489000,17.659831,15.612907,17.682226,-0.022394,18.691334,0.794931
490,0.490000,17.668706,15.591753,17.682226,-0.013520,19.071856,0.773911
491,0.491000,17.677262,15.571947,17.682226,-0.004964,19.398317,0.810461
492,0.492000,17.685492,15.553512,17.682226,0.003267,19.656908,0.777751
493,0.493000,17.693385,15.536461,17.682226,0.011159,19.843821,0.766701
494,0.494000,17.700932,15.520801,17.682226,0.018706,20.103855,0.769311
495,0.495000,17.708124,15.506546,17.682226,0.025898,20.299942,0.776621
496,0.496000,17.714956,15.493707,17.682226,0.032730,20.426947,0.785981
497,0.497000,17.721419,15.482285,17.682226,0.039193,20.522404,0.879920
498,0.498000,17.727507,15.472284,17.682226,0.045281,20.573235,0.777901
499,0.499000,17.733215,15.463704,17.682226,0.050989,20.677563,0.978488
500,0.500000,17.738536,15.456546,17.682226,0.056310,20.770912,0.778532
501,0.501000,17.743469,15.450813,17.682226,0.061243,20.888645,0.788451
502,0.502000,17.748006,15.446507,17.682226,0.065780,20.968994,0.785711
503,0.503000,17.752147,15.443631,17.682226,0.069921,20.991360,0.794041
504,0.504000,17.755890,15.442183,17.682226,0.073664,20.964968,0.761561
505,0.505000,17.759230,15.442160,17.682226,0.077004,20.865425,0.770701
506,0.506000,17.762168,15.443548,17.682226,0.079942,20.748764,0.776921
507,0.507000,17.764702,15.446334,17.682226,0.082476,20.626513,0.788121
508,0.508000,17.766835,15.450511,17.682226,0.084609,20.441246,0.786291
509,0.509000,17.768566,15.456057,17.682226,0.086340,20.157501,0.773112
510,0.510000,17.769897,15.462951,17.682226,0.087671,19.829174,0.769051
511,0.511000,17.770829,15.471167,17.682226,0.088603,19.430870,0.764821
512,0.512000,17.771365,15.480673,17.682226,0.089139,18.992033,0.771621
513,0.513000,17.771508,15.491436,17.682226,0.089283,18.530794,0.773922
514,0.514000,17.771264,15.503421,17.682226,0.089038,18.003525,0.791791
515,0.515000,17.770634,15.516585,17.682226,0.088408,17.414026,0.773651
516,0.516000,17.769627,15.530887,17.682226,0.087401,16.821360,0.958589
517,0.517000,17.768245,15.546284,17.682226,0.086019,16.434851,0.769961
518,0.518000,17.766497,15.562740,17.682226,0.084271,15.997693,0.790801
519,0.519000,17.764386,15.580225,17.682226,0.082160,15.530805,0.767802
520,0.520000,17.761922,15.598707,17.682226,0.079696,14.995944,0.780961
521,0.521000,17.759112,15.618146,17.682226,0.076886,14.445698,0.774641
522,0.522000,17.755963,15.638504,17.682226,0.073737,13.842283,0.767481
523,0.523000,17.752485,15.659737,17.682226,0.070259,13.037580,0.775421
524,0.524000,17.748685,15.681790,17.682226,0.066459,12.165940,0.777621
525,0.525000,17.744575,15.704603,17.682226,0.062349,11.324635,0.774341
526,0.526000,17.740161,15.728111,17.682226,0.057935,10.624063,0.780032
527,0.527000,17.735457,15.752264,17.682226,0.053231,9.950709,0.765021
528,0.528000,17.730471,15.777013,17.682226,0.048245,9.226483,0.774041
529,0.529000,17.725213,15.802309,17.682226,0.042988,8.497602,0.771091
530,0.530000,17.719698,15.828103,17.682226,0.037472,7.738623,0.781621
531,0.531000,17.713932,15.854339,17.682226,0.031706,6.967309,0.775531
532,0.532000,17.707930,15.880967,17.682226,0.025704,6.172486,0.778552
533,0.533000,17.701702,15.907931,17.682226,0.019476,5.353606,0.776961
534,0.534000,17.695260,15.935175,17.682226,0.013034,4.536263,0.775361
535,0.535000,17.688617,15.962642,17.682226,0.006391,3.728103,0.773331
536,0.536000,17.681785,15.990277,17.682226,-0.000441,2.955258,0.781631
537,0.537000,17.674778,16.018026,17.682226,-0.007448,2.315745,0.835070
538,0.538000,17.667604,16.045844,17.682226,-0.014622,1.797186,0.776211
539,0.539000,17.660281,16.073698,17.682226,-0.021945,1.244071,0.765561
540,0.540000,17.652817,16.101548,17.682226,-0.029409,0.733218,0.758181
541,0.541000,17.645227,16.129364,17.682226,-0.036999,0.277705,0.759962
542,0.542000,17.637524,16.157115,17.682226,-0.044702,-0.174578,0.781611
543,0.543000,17.629719,16.184772,17.682226,-0.052507,-0.603646,0.790461
544,0.544000,17.621827,16.212306,17.682226,-0.060399,-1.005384,0.780521
545,0.545000,17.613857,16.239692,17.682226,-0.068368,-1.413096,0.769411
546,0.546000,17.605825,16.266903,17.682226,-0.076401,-1.826452,0.766501
547,0.547000,17.597743,16.293913,17.682226,-0.084483,-2.243726,0.759272
548,0.548000,17.589624,16.320694,17.682226,-0.092602,-2.663667,0.773691
549,0.549000,17.581479,16.347221,17.682226,-0.100747,-3.086950,0.778711
550,0.550000,17.573322,16.373463,17.682226,-0.108904,-3.508137,0.778711
551,0.551000,17.565163,16.399392,17.682226,-0.117063,-3.932473,0.772591
552,0.552000,17.557017,16.424983,17.682226,-0.125209,-4.350423,0.774802
553,0.553000,17.548894,16.450205,17.682226,-0.133332,-4.772422,0.768991
554,0.554000,17.540805,16.475034,17.682226,-0.141421,-5.219236,0.956729
555,0.555000,17.532766,16.499439,17.682226,-0.149460,-5.655118,0.776891
556,0.556000,17.524785,16.523392,17.682226,-0.157441,-6.070073,0.980769
557,0.557000,17.516874,16.546866,17.682226,-0.165352,-6.468728,0.772241
558,0.558000,17.509045,16.569832,17.682226,-0.173181,-6.844404,0.773521
559,0.559000,17.501308,16.592271,17.682226,-0.180918,-7.187157,0.789271
560,0.560000,17.493675,16.614159,17.682226,-0.188551,-7.520487,0.778081
561,0.561000,17.486157,16.635472,17.682226,-0.196069,-7.871675,0.788321
562,0.562000,17.478763,16.656193,17.682226,-0.203463,-8.217852,0.782960
563,0.563000,17.471503,16.676300,17.682226,-0.210723,-8.506921,0.761992
564,0.564000,17.464386,16.695771,17.682226,-0.217840,-8.781491,0.789831
565,0.565000,17.457424,16.714591,17.682226,-0.224802,-9.037724,0.781741
566,0.566000,17.450624,16.732748,17.682226,-0.231601,-9.282786,0.785791
567,0.567000,17.443996,16.750224,17.682226,-0.238230,-9.517239,0.784481
568,0.568000,17.437548,16.767006,17.682226,-0.244678,-9.740894,0.776241
569,0.569000,17.431290,16.783081,17.682226,-0.250936,-9.953549,0.763531
570,0.570000,17.425228,16.798439,17.682226,-0.256998,-10.154949,0.766082
571,0.571000,17.419370,16.813064,17.682226,-0.262856,-10.342052,0.792981
572,0.572000,17.413723,16.826950,17.682226,-0.268503,-10.516796,0.788111
573,0.573000,17.408294,16.840086,17.682226,-0.273932,-10.680838,0.926899
574,0.574000,17.403091,16.852460,17.682226,-0.279134,-10.835138,0.766161
575,0.575000,17.398121,16.864070,17.682226,-0.284105,-10.979711,0.773821
576,0.576000,17.393387,16.874903,17.682226,-0.288838,-11.121998,0.864220
577,0.577000,17.388895,16.884953,17.682226,-0.293331,-11.278540,0.782131
578,0.578000,17.384652,16.894213,17.682226,-0.297574,-11.427575,0.774611
579,0.579000,17.380661,16.902676,17.682226,-0.301565,-11.624511,0.762132
580,0.580000,17.376928,16.910329,17.682226,-0.305298,-11.793113,0.760921
581,0.581000,17.373457,16.917165,17.682226,-0.308769,-11.939531,0.770961
582,0.582000,17.370250,16.923172,17.682226,-0.311976,-12.067298,0.772281
583,0.583000,17.367312,16.928346,17.682226,-0.314914,-12.177012,0.782061
584,0.584000,17.364644,16.932681,17.682226,-0.317582,-12.269177,0.787101
585,0.585000,17.362250,16.936175,17.682226,-0.319976,-12.344187,0.793701
586,0.586000,17.360133,16.938823,17.682226,-0.322093,-12.402333,0.762322
587,0.587000,17.358292,16.940625,17.682226,-0.323934,-12.443807,0.765941
588,0.588000,17.356730,16.941579,17.682226,-0.325496,-12.468751,0.764131
589,0.589000,17.355448,16.941687,17.682226,-0.326778,-12.499357,0.779501
590,0.590000,17.354445,16.940951,17.682226,-0.327781,-12.518098,0.786021
591,0.591000,17.353723,16.939369,17.682226,-0.328503,-12.537576,0.789681
592,0.592000,17.353281,16.936945,17.682226,-0.328945,-12.594894,0.769822
593,0.593000,17.353118,16.933678,17.682226,-0.329108,-12.645405,0.853570
594,0.594000,17.353233,16.929565,17.682226,-0.328993,-12.689546,0.778531
595,0.595000,17.353624,16.924606,17.682226,-0.328602,-12.719475,0.928519
596,0.596000,17.354288,16.918800,17.682226,-0.327938,-12.722472,0.771851
597,0.597000,17.355226,16.912151,17.682226,-0.327000,-12.703801,0.770812
598,0.598000,17.356433,16.904662,17.682226,-0.325793,-12.682548,0.772471
599,0.599000,17.357906,16.896334,17.682226,-0.324320,-12.636480,0.807041
600,0.600000,17.359641,16.887175,17.682226,-0.322585,-12.625042,0.838790
601,0.601000,17.361636,16.877187,17.682226,-0.320590,-12.613180,0.819831
602,0.602000,17.363884,16.866375,17.682226,-0.318341,-12.589148,0.802560
603,0.603000,17.366383,16.854743,17.682226,-0.315843,-12.553359,0.770992
604,0.604000,17.369127,16.842294,17.682226,-0.313099,-12.488126,0.761391
605,0.605000,17.372110,16.829033,17.682226,-0.310116,-12.389842,0.765811
606,0.606000,17.375325,16.814971,17.682226,-0.306901,-12.258561,0.773451
607,0.607000,17.378769,16.800119,17.682226,-0.303457,-12.094340,0.784741
608,0.608000,17.382434,16.784490,17.682226,-0.299792,-11.897116,0.773371
609,0.609000,17.386311,16.768097,17.682226,-0.295915,-11.632435,0.789081
610,0.610000,17.390394,16.750964,17.682226,-0.291832,-11.292331,0.758931
611,0.611000,17.394677,16.733115,17.682226,-0.287549,-10.976565,0.767431
612,0.612000,17.399150,16.714573,17.682226,-0.283075,-10.675226,0.936630
613,0.613000,17.403807,16.695363,17.682226,-0.278419,-10.282107,0.776381
614,0.614000,17.408638,16.675511,17.682226,-0.273588,-9.843276,0.774831
615,0.615000,17.413634,16.655051,17.682226,-0.268592,-9.367672,1.008578
616,0.616000,17.418786,16.634017,17.682226,-0.263440,-8.845466,0.774942
617,0.617000,17.424084,16.612444,17.682226,-0.258142,-8.219485,0.782651
618,0.618000,17.429519,16.590379,17.682226,-0.252707,-7.415772,0.774551
619,0.619000,17.435081,16.567875,17.682226,-0.247145,-6.510474,0.783441
620,0.620000,17.440762,16.544996,17.682226,-0.241464,-5.525729,0.767451
621,0.621000,17.446547,16.521811,17.682226,-0.235679,-4.554642,0.771621
622,0.622000,17.452429,16.498390,17.682226,-0.229797,-3.606919,0.768872
623,0.623000,17.458399,16.474800,17.682226,-0.223827,-2.667754,0.783861
624,0.624000,17.464442,16.451107,17.682226,-0.217784,-1.740786,0.771511
625,0.625000,17.470552,16.427373,17.682226,-0.211674,-0.857122,0.774161
626,0.626000,17.476714,16.403661,17.682226,-0.205512,-0.094839,0.768151
627,0.627000,17.482919,16.380020,17.682226,-0.199307,0.637906,0.765051
628,0.628000,17.489159,16.356502,17.682226,-0.193067,1.426594,0.776851
629,0.629000,17.495419,16.333158,17.682226,-0.186807,2.402472,0.777991
630,0.630000,17.501690,16.310048,17.682226,-0.180536,3.248399,0.773471
631,0.631000,17.507962,16.287233,17.682226,-0.174264,4.012239,1.010419
632,0.632000,17.514224,16.264764,17.682226,-0.168002,4.706703,0.856780
633,0.633000,17.520467,16.242687,17.682226,-0.161759,5.337464,0.866760
634,0.634000,17.526679,16.221044,17.682226,-0.155547,5.866620,0.787781
635,0.635000,17.532851,16.199868,17.682226,-0.149375,6.404373,0.770551
636,0.636000,17.538973,16.179193,17.682226,-0.143253,6.923738,0.772652
637,0.637000,17.545035,16.159053,17.682226,-0.137191,7.416595,0.759181
638,0.638000,17.551028,16.139477,17.682226,-0.131198,7.883154,0.768321
639,0.639000,17.556945,16.120495,17.682226,-0.125281,8.319663,0.771951
640,0.640000,17.562773,16.102132,17.682226,-0.119453,8.714742,0.770651
641,0.641000,17.568507,16.084416,17.682226,-0.113719,9.058198,0.767881
642,0.642000,17.574135,16.067366,17.682226,-0.108091,9.335212,0.789911
643,0.643000,17.579652,16.050999,17.682226,-0.102574,9.584163,0.760891
644,0.644000,17.585049,16.035331,17.682226,-0.097177,9.804433,0.759161
645,0.645000,17.590319,16.020371,17.682226,-0.091907,9.986287,0.766442
646,0.646000,17.595454,16.006130,17.682226,-0.086772,10.156184,0.784381
647,0.647000,17.600446,15.992616,17.682226,-0.081780,10.326690,0.782661
648,0.648000,17.605291,15.979841,17.682226,-0.076935,10.494390,0.797051
649,0.649000,17.609981,15.967809,17.682226,-0.072245,10.621288,0.774321
650,0.650000,17.614510,15.956529,17.682226,-0.067716,10.728912,0.854160
651,0.651000,17.618874,15.946007,17.682226,-0.063352,10.821607,0.764961
652,0.652000,17.623066,15.936245,17.682226,-0.059160,10.905593,0.771151
653,0.653000,17.627082,15.927246,17.682226,-0.055144,10.983902,0.783211
654,0.654000,17.630916,15.919016,17.682226,-0.051310,11.066459,0.782471
655,0.655000,17.634565,15.911556,17.682226,-0.047661,11.136540,0.775181
656,0.656000,17.638026,15.904867,17.682226,-0.044200,11.192034,0.778711
657,0.657000,17.641293,15.898954,17.682226,-0.040933,11.231987,0.767841
658,0.658000,17.644363,15.893816,17.682226,-0.037863,11.257446,0.766201
659,0.659000,17.647235,15.889453,17.682226,-0.034991,11.267768,0.781871
660,0.660000,17.649905,15.885862,17.682226,-0.032320,11.263944,0.784731
661,0.661000,17.652371,15.883043,17.682226,-0.029855,11.245727,0.777121
662,0.662000,17.654632,15.880992,17.682226,-0.027594,11.211943,0.772161
663,0.663000,17.656684,15.879703,17.682226,-0.025541,11.162301,0.770511
664,0.664000,17.658530,15.879172,17.682226,-0.023696,11.096447,0.775612
665,0.665000,17.660166,15.879392,17.682226,-0.022060,11.031628,0.766471
666,0.666000,17.661592,15.880357,17.682226,-0.020634,10.957061,0.781091
667,0.667000,17.662808,15.882060,17.682226,-0.019418,10.878982,0.780961
668,0.668000,17.663813,15.884491,17.682226,-0.018412,10.783235,0.776831
669,0.669000,17.664611,15.887645,17.682226,-0.017615,10.668466,0.775761
670,0.670000,17.665200,15.891509,17.682226,-0.017026,10.534030,0.783981
671,0.671000,17.665582,15.896075,17.682226,-0.016643,10.379423,0.889100
672,0.672000,17.665760,15.901328,17.682226,-0.016466,10.191565,0.763981
673,0.673000,17.665733,15.907256,17.682226,-0.016493,9.971520,0.766112
674,0.674000,17.665504,15.913840,17.682226,-0.016722,9.742825,0.768651
675,0.675000,17.665077,15.921065,17.682226,-0.017149,9.506525,0.778101
676,0.676000,17.664454,15.928910,17.682226,-0.017772,9.253542,0.778101
677,0.677000,17.663636,15.937357,17.682226,-0.018590,8.982516,0.786231
678,0.678000,17.662630,15.946386,17.682226,-0.019596,8.709816,0.772311
679,0.679000,17.661437,15.955978,17.682226,-0.020789,8.414356,0.763872
680,0.680000,17.660062,15.966108,17.682226,-0.022164,8.096398,0.771541
681,0.681000,17.658510,15.976757,17.682226,-0.023716,7.753577,0.771331
682,0.682000,17.656782,15.987897,17.682226,-0.025444,7.392828,0.774561
683,0.683000,17.654886,15.999505,17.682226,-0.027340,6.944716,0.781511
684,0.684000,17.652825,16.011548,17.682226,-0.029401,6.451134,0.788641
685,0.685000,17.650607,16.023991,17.682226,-0.031619,5.977559,0.771371
686,0.686000,17.648234,16.036799,17.682226,-0.033992,5.509830,0.777871
687,0.687000,17.645712,16.049942,17.682226,-0.036514,5.043272,0.777301
688,0.688000,17.643048,16.063382,17.682226,-0.039178,4.582333,0.879940
689,0.689000,17.640246,16.077092,17.682226,-0.041980,4.126427,0.782041
690,0.690000,17.637314,16.091036,17.682226,-0.044912,3.677136,0.764831
691,0.691000,17.634256,16.105185,17.682226,-0.047970,3.235442,0.859030
692,0.692000,17.631080,16.119508,17.682226,-0.051146,2.804672,0.773842
693,0.693000,17.627791,16.133976,17.682226,-0.054435,2.413776,0.779401
694,0.694000,17.624396,16.148562,17.682226,-0.057830,2.033996,0.776841
695,0.695000,17.620901,16.163238,17.682226,-0.061325,1.659295,0.771771
696,0.696000,17.617314,16.177981,17.682226,-0.064912,1.333978,0.770471
697,0.697000,17.613639,16.192768,17.682226,-0.068587,1.013079,0.774951
698,0.698000,17.609886,16.207580,17.682226,-0.072340,0.710630,0.773902
699,0.699000,17.606057,16.222394,17.682226,-0.076169,0.439727,0.779371
700,0.700000,17.602162,16.237192,17.682226,-0.080063,0.164295,0.785181
701,0.701000,17.598210,16.251959,17.682226,-0.084016,-0.114410,0.777571
702,0.702000,17.594202,16.266673,17.682226,-0.088024,-0.383976,0.765871
703,0.703000,17.590148,16.281318,17.682226,-0.092078,-0.652565,0.783821
704,0.704000,17.586053,16.295879,17.682226,-0.096172,-0.899332,0.768982
705,0.705000,17.581928,16.310335,17.682226,-0.100298,-1.146632,0.790611
706,0.706000,17.577774,16.324671,17.682226,-0.104452,-1.392164,0.791891
707,0.707000,17.573602,16.338871,17.682226,-0.108624,-1.638780,0.780261
708,0.708000,17.569415,16.352921,17.682226,-0.112811,-1.885864,0.858210
709,0.709000,17.565223,16.366803,17.682226,-0.117003,-2.141492,0.768531
710,0.710000,17.561029,16.380501,17.682226,-0.121197,-2.388901,0.894100
711,0.711000,17.556842,16.393998,17.682226,-0.125383,-2.629261,0.779561
712,0.712000,17.552668,16.407277,17.682226,-0.129558,-2.861427,0.772601
713,0.713000,17.548511,16.420325,17.682226,-0.133715,-3.087782,0.771971
714,0.714000,17.544381,16.433126,17.682226,-0.137845,-3.310400,0.778631
715,0.715000,17.540281,16.445668,17.682226,-0.141945,-3.528873,0.764481
716,0.716000,17.536219,16.457933,17.682226,-0.146007,-3.742594,0.766651
717,0.717000,17.532199,16.469912,17.682226,-0.150027,-3.951015,0.777931
718,0.718000,17.528227,16.481588,17.682226,-0.153999,-4.153798,0.772971
719,0.719000,17.524309,16.492948,17.682226,-0.157917,-4.350729,0.773901
720,0.720000,17.520451,16.503982,17.682226,-0.161775,-4.541165,0.773111
721,0.721000,17.516657,16.514679,17.682226,-0.165569,-4.723860,0.775221
722,0.722000,17.512935,16.525023,17.682226,-0.169291,-4.898000,0.769541
723,0.723000,17.509286,16.535005,17.682226,-0.172940,-5.061860,0.777562
724,0.724000,17.505718,16.544619,17.682226,-0.176507,-5.216830,0.766041
725,0.725000,17.502233,16.553850,17.682226,-0.179993,-5.364203,0.788551
726,0.726000,17.498839,16.562691,17.682226,-0.183387,-5.503813,0.776391
727,0.727000,17.495538,16.571135,17.682226,-0.186688,-5.635562,0.781611
728,0.728000,17.492335,16.579174,17.682226,-0.189891,-5.759292,0.773851
729,0.729000,17.489234,16.586800,17.682226,-0.192992,-5.874824,0.777171
730,0.730000,17.486237,16.594006,17.682226,-0.195989,-5.981996,0.799461
731,0.731000,17.483351,16.600788,17.682226,-0.198875,-6.080767,0.762632
732,0.732000,17.480577,16.607139,17.682226,-0.201649,-6.171009,0.768671
733,0.733000,17.477920,16.613052,17.682226,-0.204306,-6.252620,0.775491
734,0.734000,17.475379,16.618528,17.682226,-0.206847,-6.325602,0.771681
735,0.735000,17.472963,16.623559,17.682226,-0.209263,-6.390947,0.781111
736,0.736000,17.470669,16.628143,17.682226,-0.211557,-6.447932,0.775791
737,0.737000,17.468503,16.632279,17.682226,-0.213723,-6.495620,0.760891
738,0.738000,17.466465,16.635964,17.682226,-0.215761,-6.534097,0.757811
739,0.739000,17.464560,16.639196,17.682226,-0.217666,-6.564982,0.778731
740,0.740000,17.462787,16.641976,17.682226,-0.219439,-6.587361,0.780721
741,0.741000,17.461150,16.644302,17.682226,-0.221076,-6.601161,0.792720
742,0.742000,17.459647,16.646175,17.682226,-0.222579,-6.606365,0.786811
743,0.743000,17.458283,16.647596,17.682226,-0.223943,-6.603024,0.769271
744,0.744000,17.457055,16.648566,17.682226,-0.225171,-6.591082,0.775981
745,0.745000,17.455967,16.649088,17.682226,-0.226259,-6.570637,0.760761
746,0.746000,17.455020,16.649165,17.682226,-0.227206,-6.540504,0.866489
747,0.747000,17.454210,16.648800,17.682226,-0.228016,-6.495187,0.783220
748,0.748000,17.453543,16.647997,17.682226,-0.228683,-6.436758,0.943379
749,0.749000,17.453013,16.646761,17.682226,-0.229213,-6.370379,0.779811
750,0.750000,17.452624,16.645098,17.682226,-0.229602,-6.297918,0.774951
751,0.751000,17.452375,16.643014,17.682226,-0.229851,-6.219586,0.774131
752,0.752000,17.452264,16.640518,17.682226,-0.229962,-6.154768,0.775332
753,0.753000,17.452289,16.637612,17.682226,-0.229937,-6.111886,0.771561
754,0.754000,17.452453,16.634302,17.682226,-0.229773,-6.065510,0.765601
755,0.755000,17.452750,16.630594,17.682226,-0.229476,-6.007095,0.779021
756,0.756000,17.453184,16.626490,17.682226,-0.229042,-5.935149,0.778571
757,0.757000,17.453748,16.621996,17.682226,-0.228478,-5.850878,0.784391
758,0.758000,17.454443,16.617121,17.682226,-0.227783,-5.759490,0.781801
759,0.759000,17.455266,16.611869,17.682226,-0.226960,-5.665916,0.818950
760,0.760000,17.456215,16.606249,17.682226,-0.226011,-5.560544,0.772171
761,0.761000,17.457289,16.600271,17.682226,-0.224937,-5.458594,0.764832
762,0.762000,17.458483,16.593939,17.682226,-0.223743,-5.345988,0.770671
763,0.763000,17.459796,16.587266,17.682226,-0.222430,-5.216814,0.790881
764,0.764000,17.461225,16.580259,17.682226,-0.221001,-5.071459,0.788131
765,0.765000,17.462767,16.572928,17.682226,-0.219459,-4.914102,0.932849
766,0.766000,17.464418,16.565287,17.682226,-0.217808,-4.740154,0.775961
767,0.767000,17.466175,16.557347,17.682226,-0.216051,-4.551373,0.973728
768,0.768000,17.468035,16.549121,17.682226,-0.214191,-4.353851,0.768792
769,0.769000,17.469995,16.540626,17.682226,-0.212231,-4.150400,0.778851
770,0.770000,17.472049,16.531875,17.682226,-0.210177,-3.942032,0.773361
771,0.771000,17.474194,16.522883,17.682226,-0.208032,-3.730510,0.770131
772,0.772000,17.476427,16.513668,17.682226,-0.205799,-3.513266,0.770611
773,0.773000,17.478744,16.504240,17.682226,-0.203482,-3.287759,0.770072
774,0.774000,17.481140,16.494618,17.682226,-0.201086,-3.055312,0.778101
775,0.775000,17.483611,16.484820,17.682226,-0.198615,-2.815988,0.783091
776,0.776000,17.486152,16.474860,17.682226,-0.196074,-2.570527,0.773221
777,0.777000,17.488757,16.464757,17.682226,-0.193469,-2.319352,0.773791
778,0.778000,17.491426,16.454525,17.682226,-0.190800,-2.046066,0.773451
779,0.779000,17.494150,16.444188,17.682226,-0.188076,-1.755696,0.771991
780,0.780000,17.496928,16.433761,17.682226,-0.185298,-1.463683,0.816420
781,0.781000,17.499751,16.423267,17.682226,-0.182475,-1.171543,0.779571
782,0.782000,17.502618,16.412726,17.682226,-0.179608,-0.887856,0.775891
783,0.783000,17.505522,16.402156,17.682226,-0.176704,-0.619839,0.776461
784,0.784000,17.508459,16.391578,17.682226,-0.173767,-0.357121,0.939269
785,0.785000,17.511425,16.381008,17.682226,-0.170801,-0.099859,0.771551
786,0.786000,17.514413,16.370464,17.682226,-0.167813,0.153163,0.980089
787,0.787000,17.517420,16.359963,17.682226,-0.164806,0.402947,0.772871
788,0.788000,17.520441,16.349521,17.682226,-0.161785,0.648273,0.791941
789,0.789000,17.523470,16.339155,17.682226,-0.158756,0.881122,0.776531
790,0.790000,17.526503,16.328880,17.682226,-0.155723,1.102776,0.773292
791,0.791000,17.529535,16.318710,17.682226,-0.152691,1.410531,0.776041
792,0.792000,17.532561,16.308666,17.682226,-0.149665,1.700686,0.792091
793,0.793000,17.535578,16.298768,17.682226,-0.146648,1.974093,0.765641
794,0.794000,17.538579,16.289031,17.682226,-0.143647,2.242240,0.779351
795,0.795000,17.541560,16.279478,17.682226,-0.140666,2.501732,0.773351
796,0.796000,17.544519,16.270122,17.682226,-0.137707,2.759825,0.769621
797,0.797000,17.547448,16.260981,17.682226,-0.134778,3.008666,0.777921
798,0.798000,17.550345,16.252073,17.682226,-0.131881,3.241913,0.794721
799,0.799000,17.553205,16.243411,17.682226,-0.129021,3.467839,0.783151
800,0.800000,17.556025,16.235011,17.682226,-0.126201,3.680132,0.772681
801,0.801000,17.558798,16.226885,17.682226,-0.123428,3.867276,0.773521
802,0.802000,17.561523,16.219047,17.682226,-0.120703,4.034894,0.792581
803,0.803000,17.564195,16.211507,17.682226,-0.118031,4.194839,0.939209
804,0.804000,17.566811,16.204272,17.682226,-0.115415,4.347645,0.777481
805,0.805000,17.569367,16.197355,17.682226,-0.112859,4.476307,0.969199
806,0.806000,17.571860,16.190762,17.682226,-0.110366,4.593155,0.778491
807,0.807000,17.574285,16.184499,17.682226,-0.107941,4.699266,0.777921
808,0.808000,17.576643,16.178572,17.682226,-0.105583,4.795163,0.771401
809,0.809000,17.578926,16.172988,17.682226,-0.103300,4.881008,0.770721
810,0.810000,17.581136,16.167751,17.682226,-0.101090,4.956909,0.772391
811,0.811000,17.583267,16.162864,17.682226,-0.098959,5.023032,0.779312
812,0.812000,17.585316,16.158332,17.682226,-0.096910,5.079457,0.772871
813,0.813000,17.587285,16.154156,17.682226,-0.094941,5.126325,0.776421
814,0.814000,17.589166,16.150339,17.682226,-0.093060,5.163747,0.773321
815,0.815000,17.590961,16.146881,17.682226,-0.091265,5.191821,0.772301
816,0.816000,17.592669,16.143786,17.682226,-0.089557,5.210673,0.770701
817,0.817000,17.594284,16.141052,17.682226,-0.087942,5.220383,0.779471
818,0.818000,17.595807,16.138678,17.682226,-0.086419,5.221111,0.765661
819,0.819000,17.597236,16.136663,17.682226,-0.084990,5.213033,0.784151
820,0.820000,17.598572,16.135007,17.682226,-0.083654,5.196287,0.785061
821,0.821000,17.599811,16.133708,17.682226,-0.082415,5.170909,0.814751
822,0.822000,17.600954,16.132760,17.682226,-0.081272,5.143062,0.930719
823,0.823000,17.601999,16.132162,17.682226,-0.080227,5.111728,0.787641
824,0.824000,17.602946,16.131913,17.682226,-0.079280,5.071632,0.939579
825,0.825000,17.603795,16.132005,17.682226,-0.078431,5.033048,0.773901
826,0.826000,17.604545,16.132439,17.682226,-0.077681,4.986688,0.776172
827,0.827000,17.605195,16.133207,17.682226,-0.077031,4.930803,0.768131
828,0.828000,17.605748,16.134305,17.682226,-0.076478,4.865516,0.764771
829,0.829000,17.606203,16.135729,17.682226,-0.076023,4.791090,0.778991
830,0.830000,17.606558,16.137475,17.682226,-0.075668,4.707983,0.775081
831,0.831000,17.606816,16.139530,17.682226,-0.075410,4.616703,0.776571
832,0.832000,17.606976,16.141894,17.682226,-0.075250,4.523602,0.797551
833,0.833000,17.607041,16.144556,17.682226,-0.075185,4.424413,0.777011
834,0.834000,17.607010,16.147508,17.682226,-0.075216,4.317791,0.763601
835,0.835000,17.606886,16.150744,17.682226,-0.075340,4.205777,0.763421
836,0.836000,17.606669,16.154253,17.682226,-0.075557,4.090347,0.770691
837,0.837000,17.606360,16.158028,17.682226,-0.075866,3.968208,0.777101
838,0.838000,17.605960,16.162061,17.682226,-0.076266,3.839532,0.780362
839,0.839000,17.605473,16.166342,17.682226,-0.076753,3.704724,0.794121
840,0.840000,17.604898,16.170860,17.682226,-0.077328,3.564120,0.794660
841,0.841000,17.604239,16.175606,17.682226,-0.077987,3.417672,0.944889
842,0.842000,17.603496,16.180568,17.682226,-0.078730,3.268592,0.760901
843,0.843000,17.602673,16.185737,17.682226,-0.079553,3.123577,0.963529
844,0.844000,17.601770,16.191100,17.682226,-0.080456,2.975833,0.776381
845,0.845000,17.600791,16.196648,17.682226,-0.081435,2.823881,0.775021
846,0.846000,17.599738,16.202372,17.682226,-0.082488,2.667864,0.779451
847,0.847000,17.598614,16.208257,17.682226,-0.083612,2.508147,0.780491
848,0.848000,17.597421,16.214295,17.682226,-0.084805,2.345260,0.783781
849,0.849000,17.596159,16.220473,17.682226,-0.086067,2.179714,0.769701
850,0.850000,17.594835,16.226781,17.682226,-0.087391,2.010056,0.772651
851,0.851000,17.593449,16.233206,17.682226,-0.088777,1.813350,0.782051
852,0.852000,17.592004,16.239734,17.682226,-0.090222,1.609011,0.779851
853,0.853000,17.590505,16.246351,17.682226,-0.091721,1.410813,0.774282
854,0.854000,17.588953,16.253045,17.682226,-0.093273,1.241375,0.771611
855,0.855000,17.587351,16.259801,17.682226,-0.094875,1.075128,0.776531
856,0.856000,17.585703,16.266609,17.682226,-0.096523,0.910752,0.785051
857,0.857000,17.584011,16.273458,17.682226,-0.098215,0.775458,0.771351
858,0.858000,17.582278,16.280340,17.682226,-0.099948,0.645223,0.763152
859,0.859000,17.580507,16.287242,17.682226,-0.101719,0.513728,0.775691
860,0.860000,17.578702,16.294159,17.682226,-0.103523,0.380246,0.766541
861,0.861000,17.576867,16.301081,17.682226,-0.105359,0.245001,0.856920
862,0.862000,17.575004,16.308000,17.682226,-0.107222,0.114454,0.779851
863,0.863000,17.573114,16.314906,17.682226,-0.109112,-0.016488,0.967089
864,0.864000,17.571205,16.321791,17.682226,-0.111021,-0.147586,0.776972
865,0.865000,17.569275,16.328646,17.682226,-0.112951,-0.278050,0.767121
866,0.866000,17.567330,16.335463,17.682226,-0.114896,-0.407937,0.762511
867,0.867000,17.565373,16.342232,17.682226,-0.116853,-0.537410,0.768361
868,0.868000,17.563406,16.348944,17.682226,-0.118820,-0.666184,0.778651
869,0.869000,17.561434,16.355593,17.682226,-0.120792,-0.793921,0.780182
870,0.870000,17.559458,16.362169,17.682226,-0.122768,-0.920326,0.785661
871,0.871000,17.557483,16.368663,17.682226,-0.124743,-1.045036,0.768611
872,0.872000,17.555511,16.375068,17.682226,-0.126715,-1.167801,0.761461
873,0.873000,17.553545,16.381374,17.682226,-0.128681,-1.288331,0.766722
874,0.874000,17.551588,16.387576,17.682226,-0.130638,-1.406372,0.774241
875,0.875000,17.549642,16.393665,17.682226,-0.132584,-1.524484,0.779161
876,0.876000,17.547712,16.399633,17.682226,-0.134514,-1.641551,0.772161
877,0.877000,17.545800,16.405471,17.682226,-0.136426,-1.754970,0.773161
878,0.878000,17.543906,16.411176,17.682226,-0.138320,-1.864491,0.770601
879,0.879000,17.542038,16.416735,17.682226,-0.140188,-1.970310,0.777992
880,0.880000,17.540194,16.422147,17.682226,-0.142032,-2.072482,0.895099
881,0.881000,17.538379,16.427402,17.682226,-0.143847,-2.170582,0.775291
882,0.882000,17.536594,16.432494,17.682226,-0.145632,-2.264155,0.954670
883,0.883000,17.534844,16.437421,17.682226,-0.147382,-2.353166,0.763301
884,0.884000,17.533130,16.442171,17.682226,-0.149096,-2.437561,0.773451
885,0.885000,17.531451,16.446744,17.682226,-0.150775,-2.517241,0.781641
886,0.886000,17.529815,16.451132,17.682226,-0.152411,-2.592215,0.773301
887,0.887000,17.528221,16.455333,17.682226,-0.154005,-2.662439,0.787181
888,0.888000,17.526672,16.459342,17.682226,-0.155554,-2.727931,0.770711
889,0.889000,17.525169,16.463153,17.682226,-0.157057,-2.788620,0.756952
890,0.890000,17.523714,16.466766,17.682226,-0.158512,-2.844512,0.768621
891,0.891000,17.522309,16.470176,17.682226,-0.159917,-2.895606,0.779371
892,0.892000,17.520957,16.473380,17.682226,-0.161269,-2.941876,0.776672
893,0.893000,17.519657,16.476375,17.682226,-0.162569,-2.983293,0.782400
894,0.894000,17.518414,16.479162,17.682226,-0.163812,-3.019940,0.766521
895,0.895000,17.517226,16.481733,17.682226,-0.165000,-3.051770,0.768371
896,0.896000,17.516097,16.484093,17.682226,-0.166129,-3.078842,0.775731
897,0.897000,17.515026,16.486238,17.682226,-0.167200,-3.101239,0.776141
898,0.898000,17.514015,16.488165,17.682226,-0.168210,-3.118862,0.793111
899,0.899000,17.513066,16.489878,17.682226,-0.169160,-3.131807,0.779382
900,0.900000,17.512180,16.491374,17.682226,-0.170046,-3.140161,0.776271
901,0.901000,17.511355,16.492653,17.682226,-0.170871,-3.143893,0.773531
902,0.902000,17.510595,16.493715,17.682226,-0.171631,-3.143028,0.767371
903,0.903000,17.509900,16.494562,17.682226,-0.172326,-3.146160,0.775321
904,0.904000,17.509270,16.495195,17.682226,-0.172956,-3.147890,0.774382
905,0.905000,17.508705,16.495614,17.682226,-0.173521,-3.152790,0.776691
906,0.906000,17.508206,16.495817,17.682226,-0.174020,-3.155696,0.800681
907,0.907000,17.507773,16.495807,17.682226,-0.174453,-3.152737,0.769341
908,0.908000,17.507406,16.495585,17.682226,-0.174820,-3.143826,0.768881
909,0.909000,17.507105,16.495149,17.682226,-0.175121,-3.129078,0.781391
910,0.910000,17.506869,16.494506,17.682226,-0.175357,-3.108714,0.766321
911,0.911000,17.506702,16.493652,17.682226,-0.175524,-3.082942,0.779462
912,0.912000,17.506598,16.492593,17.682226,-0.175628,-3.051970,0.772551
913,0.913000,17.506562,16.491330,17.682226,-0.175664,-3.015972,0.769821
914,0.914000,17.506589,16.489868,17.682226,-0.175637,-2.975139,0.774391
915,0.915000,17.506682,16.488208,17.682226,-0.175544,-2.929615,0.780281
916,0.916000,17.506837,16.486355,17.682226,-0.175389,-2.879591,0.772312
917,0.917000,17.507056,16.484313,17.682226,-0.175170,-2.825187,0.773051
918,0.918000,17.507336,16.482085,17.682226,-0.174890,-2.766534,0.870720
919,0.919000,17.507679,16.479679,17.682226,-0.174547,-2.703885,0.768491
920,0.920000,17.508082,16.477095,17.682226,-0.174144,-2.637346,0.778551
921,0.921000,17.508543,16.474341,17.682226,-0.173683,-2.567043,0.875360
922,0.922000,17.509064,16.471423,17.682226,-0.173162,-2.493166,0.783961
923,0.923000,17.509641,16.468343,17.682226,-0.172585,-2.415870,0.773721
924,0.924000,17.510273,16.465110,17.682226,-0.171953,-2.335339,0.764572
925,0.925000,17.510961,16.461729,17.682226,-0.171265,-2.251742,0.762811
926,0.926000,17.511700,16.458207,17.682226,-0.170526,-2.165208,0.773701
927,0.927000,17.512491,16.454547,17.682226,-0.169735,-2.075945,0.771072
928,0.928000,17.513331,16.450758,17.682226,-0.168895,-1.984034,0.780460
929,0.929000,17.514219,16.446846,17.682226,-0.168007,-1.889697,0.773991
930,0.930000,17.515153,16.442820,17.682226,-0.167073,-1.793183,0.770231
931,0.931000,17.516131,16.438682,17.682226,-0.166095,-1.694557,0.771241
932,0.932000,17.517152,16.434444,17.682226,-0.165074,-1.594031,0.774031
933,0.933000,17.518214,16.430111,17.682226,-0.164012,-1.491800,0.777532
934,0.934000,17.519316,16.425690,17.682226,-0.162910,-1.388035,0.774521
935,0.935000,17.520453,16.421187,17.682226,-0.161773,-1.282849,0.776381
936,0.936000,17.521624,16.416611,17.682226,-0.160602,-1.176411,0.773911
937,0.937000,17.522830,16.411970,17.682226,-0.159396,-1.068949,0.758382
938,0.938000,17.524066,16.407270,17.682226,-0.158160,-0.962014,0.868900
939,0.939000,17.525330,16.402520,17.682226,-0.156896,-0.857139,0.776421
940,0.940000,17.526619,16.397725,17.682226,-0.155607,-0.751999,0.915529
941,0.941000,17.527934,16.392895,17.682226,-0.154292,-0.646837,0.763211
942,0.942000,17.529271,16.388035,17.682226,-0.152955,-0.541153,0.768591
943,0.943000,17.530626,16.383153,17.682226,-0.151599,-0.435046,0.780501
944,0.944000,17.531999,16.378257,17.682226,-0.150227,-0.327907,0.776641
945,0.945000,17.533388,16.373352,17.682226,-0.148838,-0.220658,0.775851
946,0.946000,17.534789,16.368448,17.682226,-0.147436,-0.113358,0.769412
947,0.947000,17.536202,16.363550,17.682226,-0.146024,-0.005973,0.772881
948,0.948000,17.537622,16.358667,17.682226,-0.144604,0.100796,0.762551
949,0.949000,17.539050,16.353804,17.682226,-0.143176,0.206821,0.774661
950,0.950000,17.540481,16.348970,17.682226,-0.141745,0.311866,0.784331
951,0.951000,17.541913,16.344171,17.682226,-0.140313,0.415806,0.780261
952,0.952000,17.543344,16.339416,17.682226,-0.138882,0.518524,0.781141
953,0.953000,17.544774,16.334710,17.682226,-0.137452,0.619848,0.763911
954,0.954000,17.546198,16.330059,17.682226,-0.136028,0.719691,0.757021
955,0.955000,17.547615,16.325470,17.682226,-0.134611,0.817925,0.793651
956,0.956000,17.549024,16.320952,17.682226,-0.133202,0.914369,0.791191
957,0.957000,17.550420,16.316507,17.682226,-0.131806,1.008930,0.783201
958,0.958000,17.551803,16.312145,17.682226,-0.130422,1.109685,0.782531
959,0.959000,17.553170,16.307871,17.682226,-0.129056,1.238891,0.781020
960,0.960000,17.554520,16.303692,17.682226,-0.127706,1.360615,0.765261
961,0.961000,17.555850,16.299618,17.682226,-0.126376,1.471888,0.767761
962,0.962000,17.557158,16.295655,17.682226,-0.125068,1.576516,0.774641
963,0.963000,17.558444,16.291811,17.682226,-0.123782,1.675281,0.779481
964,0.964000,17.559704,16.288094,17.682226,-0.122522,1.771142,0.775431
965,0.965000,17.560937,16.284506,17.682226,-0.121289,1.862919,0.771441
966,0.966000,17.562143,16.281057,17.682226,-0.120083,1.948437,0.769021
967,0.967000,17.563316,16.277750,17.682226,-0.118910,2.027735,0.772901
968,0.968000,17.564458,16.274589,17.682226,-0.117768,2.100984,0.769911
969,0.969000,17.565568,16.271580,17.682226,-0.116658,2.168391,0.778941
970,0.970000,17.566640,16.268729,17.682226,-0.115586,2.230053,0.769562
971,0.971000,17.567679,16.266036,17.682226,-0.114547,2.287067,0.791241
972,0.972000,17.568677,16.263505,17.682226,-0.113548,2.340930,0.769021
973,0.973000,17.569639,16.261142,17.682226,-0.112587,2.388982,0.774521
974,0.974000,17.570559,16.258946,17.682226,-0.111667,2.431252,0.781851
975,0.975000,17.571439,16.256923,17.682226,-0.110787,2.467860,0.788801
976,0.976000,17.572275,16.255072,17.682226,-0.109951,2.498846,0.855440
977,0.977000,17.573069,16.253395,17.682226,-0.109157,2.524414,0.765872
978,0.978000,17.573819,16.251894,17.682226,-0.108407,2.544745,0.767121
979,0.979000,17.574522,16.250570,17.682226,-0.107704,2.559842,0.876820
980,0.980000,17.575182,16.249423,17.682226,-0.107044,2.569843,0.786431
981,0.981000,17.575795,16.248453,17.682226,-0.106431,2.574921,0.774861
982,0.982000,17.576360,16.247659,17.682226,-0.105866,2.575185,0.765911
983,0.983000,17.576879,16.247043,17.682226,-0.105347,2.570706,0.770781
984,0.984000,17.577350,16.246602,17.682226,-0.104876,2.561537,0.770911
985,0.985000,17.577772,16.246336,17.682226,-0.104454,2.547851,0.771311
986,0.986000,17.578148,16.246242,17.682226,-0.104078,2.529777,0.783561
987,0.987000,17.578472,16.246319,17.682226,-0.103754,2.507424,0.786581
988,0.988000,17.578750,16.246566,17.682226,-0.103476,2.480890,0.771372
989,0.989000,17.578979,16.246980,17.682226,-0.103247,2.450238,0.777601
990,0.990000,17.579158,16.247557,17.682226,-0.103068,2.415723,0.759201
991,0.991000,17.579292,16.248294,17.682226,-0.102934,2.377426,0.778841
992,0.992000,17.579375,16.249192,17.682226,-0.102851,2.335393,0.779381
993,0.993000,17.579411,16.250244,17.682226,-0.102815,2.289795,0.773272
994,0.994000,17.579399,16.251448,17.682226,-0.102827,2.240818,0.778521
995,0.995000,17.579341,16.252799,17.682226,-0.102885,2.188568,0.766561
996,0.996000,17.579237,16.254295,17.682226,-0.102989,2.133162,0.852970
997,0.997000,17.579087,16.255929,17.682226,-0.103139,2.074780,0.770561
998,0.998000,17.578890,16.257699,17.682226,-0.103336,2.013551,0.901770
999,0.999000,17.578650,16.259600,17.682226,-0.103576,1.949621,0.770831
1000,1.000000,17.578366,16.261625,-19.247459,36.825826,-102.519470,0.782081
1001,1.001000,17.578038,16.257792,-19.247459,36.825498,-102.475914,0.766471
1002,1.002000,17.577666,16.246549,-19.247459,36.825125,-102.477875,0.772332
1003,1.003000,17.577248,16.227686,-19.247459,36.824707,-102.480179,0.773261
1004,1.004000,17.576773,16.201332,-19.247459,36.824232,-102.482536,0.765881
1005,1.005000,17.576233,16.167672,-19.247459,36.823693,-102.484962,0.766361
1006,1.006000,17.575619,16.126862,-19.247459,36.823078,-102.487457,0.796491
1007,1.007000,17.574912,16.079020,-19.247459,36.822371,-102.490044,0.928800
1008,1.008000,17.574097,16.024235,-19.247459,36.821557,-102.492744,0.969039
1009,1.009000,17.573156,15.962570,-19.247459,36.820616,-102.495552,0.857340
1010,1.010000,17.572064,15.894072,-19.247459,36.819523,-102.498474,0.771091
1011,1.011000,17.570797,15.818776,-19.247459,36.818256,-102.501534,0.771761
1012,1.012000,17.569330,15.736710,-19.247459,36.816789,-102.504738,0.767282
1013,1.013000,17.567631,15.647897,-19.247459,36.815090,-102.508186,0.771621
1014,1.014000,17.565669,15.552358,-19.247459,36.813128,-102.511787,1.080927
1015,1.015000,17.563411,15.450108,-19.247459,36.810871,-102.515594,0.921679
1016,1.016000,17.560821,15.341163,-19.247459,36.808280,-102.519615,1.179846
1017,1.017000,17.557858,15.225537,-19.247459,36.805318,-102.523842,0.768741
1018,1.018000,17.554484,15.103244,-19.247459,36.801944,-102.528305,0.774391
1019,1.019000,17.550653,14.974295,-19.247459,36.798112,-102.533028,0.768901
1020,1.020000,17.546321,14.838706,-19.247459,36.793780,-102.538017,0.770531
1021,1.021000,17.541439,14.696486,-19.247459,36.788898,-102.543175,0.760892
1022,1.022000,17.535957,14.547649,-19.247459,36.783417,-102.547844,0.788661
1023,1.023000,17.529824,14.392204,-19.247459,36.777283,-102.552711,0.772081
1024,1.024000,17.522984,14.230166,-19.247459,36.770443,-102.558220,0.775781
1025,1.025000,17.515382,14.061544,-19.247459,36.762841,-102.564034,0.787491
1026,1.026000,17.506958,13.886350,-19.247459,36.754418,-102.570442,0.789271
1027,1.027000,17.497652,13.704594,-19.247459,36.745111,-102.577904,0.789451
1028,1.028000,17.487402,13.516289,-19.247459,36.734861,-102.585991,0.764701
1029,1.029000,17.476140,13.321442,-19.247459,36.723600,-102.596809,0.768842
1030,1.030000,17.463802,13.120067,-19.247459,36.711261,-102.608879,0.781781
1031,1.031000,17.450315,12.912172,-19.247459,36.697775,-102.621468,0.784441
1032,1.032000,17.435613,12.697767,-19.247459,36.683073,-102.635544,0.786311
1033,1.033000,17.419621,12.476862,-19.247459,36.667080,-102.653580,0.947209
1034,1.034000,17.402263,12.249466,-19.247459,36.649723,-102.670113,0.911809
1035,1.035000,17.383463,12.015588,-19.247459,36.630923,-102.683891,0.919539
1036,1.036000,17.363143,11.775238,-19.247459,36.610603,-102.696556,0.772361
1037,1.037000,17.341222,11.528423,-19.247459,36.588681,-102.706635,0.768931
1038,1.038000,17.317617,11.275153,-19.247459,36.565076,-102.712044,0.769002
1039,1.039000,17.292244,11.015439,-19.247459,36.539704,-102.709076,0.757981
1040,1.040000,17.265019,10.749289,-19.247459,36.512479,-102.695000,0.764091
1041,1.041000,17.235853,10.476713,-19.247459,36.483312,-102.648628,0.765102
1042,1.042000,17.204656,10.197723,-19.247459,36.452115,-102.525169,0.776411
1043,1.043000,17.171338,9.912336,-19.247459,36.418797,-102.209564,0.770441
1044,1.044000,17.135807,9.620582,-19.247459,36.383267,-101.361290,0.773251
1045,1.045000,17.097970,9.322521,-19.247459,36.345429,-99.000153,0.759622
1046,1.046000,17.057730,9.018310,-19.247459,36.305189,-93.724419,0.767061
1047,1.047000,17.014988,8.708297,-19.247459,36.262448,-83.489838,0.770041
1048,1.048000,16.969649,8.393156,-19.247459,36.217109,-68.618935,0.773431
1049,1.049000,16.921614,8.073905,-19.247459,36.169074,-55.526657,0.774871
1050,1.050000,16.870781,7.751530,-19.247459,36.118240,-46.863964,0.780881
1051,1.051000,16.817051,7.426734,-19.247459,36.064510,-39.620045,0.759411
1052,1.052000,16.760325,7.100043,-19.247459,36.007784,-35.071907,0.751601
1053,1.053000,16.700502,6.771786,-19.247459,35.947962,-28.520161,0.786941
1054,1.054000,16.637484,6.442352,-19.247459,35.884943,-21.607117,0.792101
1055,1.055000,16.571173,6.112176,-19.247459,35.818632,-15.904959,0.780581
1056,1.056000,16.501469,5.781638,-19.247459,35.748928,-10.937119,0.794680
1057,1.057000,16.428278,5.451062,-19.247459,35.675738,-3.750950,0.767082
1058,1.058000,16.351504,5.120890,-19.247459,35.598963,4.088902,0.755641
1059,1.059000,16.271053,4.791630,-19.247459,35.518512,13.077009,0.770751
1060,1.060000,16.186831,4.463875,-19.247459,35.434291,20.139132,0.774322
1061,1.061000,16.098751,4.138126,-19.247459,35.346210,31.079319,0.774221
1062,1.062000,16.006721,3.815075,-19.247459,35.254180,44.386875,0.774881
1063,1.063000,15.910656,3.495599,-19.247459,35.158115,59.046642,0.787181
1064,1.064000,15.810472,3.180694,-19.247459,35.057932,69.207237,0.762051
1065,1.065000,15.706090,2.871116,-19.247459,34.953549,77.763931,0.766422
1066,1.066000,15.597432,2.567454,-19.247459,34.844891,87.125343,0.767251
1067,1.067000,15.484425,2.270299,-19.247459,34.731884,95.949387,0.777621
1068,1.068000,15.366997,1.980215,-19.247459,34.614456,101.217918,0.774931
1069,1.069000,15.245085,1.697555,-19.247459,34.492544,104.124809,0.773611
1070,1.070000,15.118627,1.422487,-19.247459,34.366087,105.739815,0.770252
1071,1.071000,14.987564,1.155063,-19.247459,34.235024,106.601204,0.863220
1072,1.072000,14.851847,0.895274,-19.247459,34.099306,107.173561,0.765371
1073,1.073000,14.711423,0.643090,-19.247459,33.958883,107.547646,0.993649
1074,1.074000,14.566253,0.398474,-19.247459,33.813712,107.784447,0.762961
1075,1.075000,14.416292,0.161389,-19.247459,33.663752,107.946205,0.785991
1076,1.076000,14.261508,-0.068198,-19.247459,33.508968,108.054039,0.764411
1077,1.077000,14.101870,-0.290322,-19.247459,33.349329,108.127403,0.773802
1078,1.078000,13.937350,-0.505012,-19.247459,33.184810,108.180580,0.771821
1079,1.079000,13.767926,-0.712297,-19.247459,33.015386,108.227745,0.786911
1080,1.080000,13.593582,-0.912204,-19.247459,32.841041,108.279503,0.765201
1081,1.081000,13.414301,-1.104758,-19.247459,32.661761,108.323586,0.756651
1082,1.082000,13.230077,-1.289982,-19.247459,32.477537,108.356857,0.762621
1083,1.083000,13.040904,-1.467899,-19.247459,32.288364,108.381516,0.794341
1084,1.084000,12.846781,-1.638534,-19.247459,32.094240,108.398079,0.769461
1085,1.085000,12.647711,-1.801908,-19.247459,31.895171,108.405861,0.784061
1086,1.086000,12.443705,-1.958046,-19.247459,31.691164,108.406654,0.774881
1087,1.087000,12.234772,-2.106973,-19.247459,31.482231,108.411232,0.767022
1088,1.088000,12.020931,-2.248711,-19.247459,31.268390,108.414238,0.763741
1089,1.089000,11.802202,-2.383284,-19.247459,31.049662,108.412575,0.786941
1090,1.090000,11.578610,-2.510717,-19.247459,30.826070,108.404968,0.772811
1091,1.091000,11.350186,-2.631032,-19.247459,30.597645,108.385902,0.868970
1092,1.092000,11.116961,-2.744255,-19.247459,30.364420,108.357658,0.776102
1093,1.093000,10.878976,-2.850411,-19.247459,30.126435,108.320915,0.863110
1094,1.094000,10.636270,-2.949525,-19.247459,29.883730,108.271675,0.767451
1095,1.095000,10.388891,-3.041623,-19.247459,29.636350,108.206062,0.779811
1096,1.096000,10.136890,-3.126733,-19.247459,29.384349,108.121346,0.771881
1097,1.097000,9.880319,-3.204884,-19.247459,29.127778,108.012657,0.773731
1098,1.098000,9.619238,-3.276105,-19.247459,28.866697,107.876274,0.767512
1099,1.099000,9.353710,-3.340428,-19.247459,28.601170,107.700249,0.772931
1100,1.100000,9.083802,-3.397887,-19.247459,28.331261,107.449318,0.773561
1101,1.101000,8.809581,-3.448522,-19.247459,28.057041,107.060303,0.772011
1102,1.102000,8.531127,-3.492379,-19.247459,27.778586,106.506493,0.761802
1103,1.103000,8.248513,-3.529519,-19.247459,27.495972,105.687660,0.767821
1104,1.104000,7.961825,-3.560016,-19.247459,27.209285,104.487953,0.768981
1105,1.105000,7.671147,-3.583974,-19.247459,26.918606,102.624832,0.770201
1106,1.106000,7.376569,-3.601537,-19.247459,26.624029,99.793114,0.772531
1107,1.107000,7.078186,-3.612915,-19.247459,26.325645,95.563698,0.775541
1108,1.108000,6.776092,-3.618414,-19.247459,26.023552,90.038162,0.778111
1109,1.109000,6.470390,-3.618431,-19.247459,25.717850,85.594185,0.770511
1110,1.110000,6.161182,-3.613321,-19.247459,25.408642,82.794395,0.757701
1111,1.111000,5.848575,-3.603327,-19.247459,25.096035,80.136024,0.775262
1112,1.112000,5.532679,-3.588649,-19.247459,24.780138,77.351151,0.772981
1113,1.113000,5.213605,-3.569482,-19.247459,24.461064,74.427254,0.775511
1114,1.114000,4.891469,-3.546033,-19.247459,24.138928,71.247116,0.774331
1115,1.115000,4.566387,-3.518522,-19.247459,23.813847,67.804672,0.772401
1116,1.116000,4.238482,-3.487192,-19.247459,23.485941,65.087387,0.756882
1117,1.117000,3.907874,-3.452247,-19.247459,23.155333,63.231220,0.774871
1118,1.118000,3.574688,-3.413832,-19.247459,22.822147,61.347267,0.771211
1119,1.119000,3.239051,-3.372080,-19.247459,22.486510,59.644146,0.775271
1120,1.120000,2.901091,-3.327108,-19.247459,22.148551,58.178913,0.794301
1121,1.121000,2.560941,-3.279021,-19.247459,21.808400,56.589222,0.775212
1122,1.122000,2.218731,-3.227926,-19.247459,21.466191,55.231091,0.757241
1123,1.123000,1.874597,-3.173923,-19.247459,21.122057,53.952145,0.764551
1124,1.124000,1.528675,-3.117103,-19.247459,20.776134,52.939724,0.768521
1125,1.125000,1.181101,-3.057540,-19.247459,20.428561,52.007915,0.771521
1126,1.126000,0.832017,-2.995304,-19.247459,20.079476,51.220844,0.772131
1127,1.127000,0.481562,-2.930450,-19.247459,19.729021,50.389462,0.796021
1128,1.128000,0.129878,-2.863040,-19.247459,19.377337,49.439018,0.767231
1129,1.129000,-0.222891,-2.793139,-19.247459,19.024569,48.476994,0.908950
1130,1.130000,-0.576599,-2.720817,-19.247459,18.670860,47.319271,0.762221
1131,1.131000,-0.931102,-2.646156,-19.247459,18.316357,46.184269,0.962999
1132,1.132000,-1.286252,-2.569241,-19.247459,17.961207,45.133076,0.771831
1133,1.133000,-1.641901,-2.490150,-19.247459,17.605558,43.952087,0.766322
1134,1.134000,-1.997900,-2.408968,-19.247459,17.249560,42.425076,0.765091
1135,1.135000,-2.354099,-2.325799,-19.247459,16.893361,40.766552,0.772441
1136,1.136000,-2.710346,-2.240762,-19.247459,16.537114,38.781643,0.795281
1137,1.137000,-3.066491,-2.153995,-19.247459,16.180969,36.575916,0.772701
1138,1.138000,-3.422381,-2.065653,-19.247459,15.825078,34.447750,0.762332
1139,1.139000,-3.777865,-1.975889,-19.247459,15.469595,31.864326,0.757901
1140,1.140000,-4.132788,-1.884880,-19.247459,15.114672,28.726465,0.766891
1141,1.141000,-4.486998,-1.792839,-19.247459,14.760462,25.949766,0.769071
1142,1.142000,-4.840341,-1.699967,-19.247459,14.407118,22.964405,0.779161
1143,1.143000,-5.192664,-1.606468,-19.247459,14.054795,19.838934,0.779711
1144,1.144000,-5.543814,-1.512557,-19.247459,13.703645,16.249802,0.772001
1145,1.145000,-5.893638,-1.418474,-19.247459,13.353822,13.190024,0.759031
1146,1.146000,-6.241982,-1.324435,-19.247459,13.005477,9.388835,0.764882
1147,1.147000,-6.588696,-1.230688,-19.247459,12.658764,4.563753,0.772391
1148,1.148000,-6.933627,-1.137550,-19.247459,12.313833,0.055260,0.782401
1149,1.149000,-7.276625,-1.045332,-19.247459,11.970835,-4.175060,0.874240
1150,1.150000,-7.617540,-0.954329,-19.247459,11.629919,-7.302936,0.786341
1151,1.151000,-7.956224,-0.864760,-19.247459,11.291236,-10.303216,0.996989
1152,1.152000,-8.292528,-0.776819,-19.247459,10.954931,-12.459428,0.769441
1153,1.153000,-8.626309,-0.690646,-19.247459,10.621151,-16.169065,0.769161
1154,1.154000,-8.957420,-0.606456,-19.247459,10.290039,-19.968952,0.762491
1155,1.155000,-9.285720,-0.524491,-19.247459,9.961740,-23.623432,0.769352
1156,1.156000,-9.611067,-0.444992,-19.247459,9.636392,-27.642841,0.769521
1157,1.157000,-9.933323,-0.368218,-19.247459,9.314137,-31.404274,0.768201
1158,1.158000,-10.252350,-0.294419,-19.247459,8.995110,-34.742226,0.768851
1159,1.159000,-10.568012,-0.223813,-19.247459,8.679448,-38.122417,0.784352
1160,1.160000,-10.880179,-0.156615,-19.247459,8.367281,-44.697998,0.776471
1161,1.161000,-11.188718,-0.093220,-19.247459,8.058741,-51.699547,0.767491
1162,1.162000,-11.493503,-0.034095,-19.247459,7.753956,-58.668179,0.773151
1163,1.163000,-11.794410,0.020283,-19.247459,7.453049,-64.106529,0.765351
1164,1.164000,-12.091316,0.069529,-19.247459,7.156144,-70.336739,0.769812
1165,1.165000,-12.384102,0.113240,-19.247459,6.863357,-78.119072,0.772321
1166,1.166000,-12.672654,0.150923,-19.247459,6.574806,-84.558403,0.784461
1167,1.167000,-12.956859,0.182139,-19.247459,6.290600,-89.120819,0.775331
1168,1.168000,-13.236612,0.206577,-19.247459,6.010847,-92.178841,0.934059
1169,1.169000,-13.511806,0.224044,-19.247459,5.735653,-94.194565,0.758132
1170,1.170000,-13.782344,0.234437,-19.247459,5.465115,-95.628258,0.964029
1171,1.171000,-14.048129,0.237706,-19.247459,5.199330,-96.699982,0.775041
1172,1.172000,-14.309070,0.233825,-19.247459,4.938390,-97.518227,0.773631
1173,1.173000,-14.565080,0.222785,-19.247459,4.682380,-98.120415,0.785951
1174,1.174000,-14.816075,0.204587,-19.247459,4.431384,-98.536667,0.787241
1175,1.175000,-15.061979,0.179243,-19.247459,4.185480,-98.857040,0.765341
1176,1.176000,-15.302716,0.146767,-19.247459,3.944743,-99.097702,0.769911
1177,1.177000,-15.538216,0.107176,-19.247459,3.709244,-99.268669,0.766261
1178,1.178000,-15.768415,0.060491,-19.247459,3.479044,-99.376427,0.771221
1179,1.179000,-15.993250,0.006733,-19.247459,3.254209,-99.450493,0.771661
1180,1.180000,-16.212665,-0.054073,-19.247459,3.034795,-99.492638,0.775071
1181,1.181000,-16.426608,-0.121903,-19.247459,2.820851,-99.547493,0.773242
1182,1.182000,-16.635030,-0.196734,-19.247459,2.612430,-99.555916,0.776391
1183,1.183000,-16.837890,-0.278539,-19.247459,2.409570,-99.495049,0.774581
1184,1.184000,-17.035146,-0.367291,-19.247459,2.212314,-99.369698,0.770771
1185,1.185000,-17.226763,-0.462956,-19.247459,2.020696,-99.164268,0.778571
1186,1.186000,-17.412714,-0.565494,-19.247459,1.834746,-98.854927,0.769252
1187,1.187000,-17.592971,-0.674861,-19.247459,1.654489,-98.433075,0.771201
1188,1.188000,-17.767511,-0.791001,-19.247459,1.479948,-97.865944,0.773541
1189,1.189000,-17.936321,-0.913853,-19.247459,1.311138,-97.180191,0.772621
1190,1.190000,-18.099385,-1.043345,-19.247459,1.148075,-96.349915,0.773882
1191,1.191000,-18.256696,-1.179394,-19.247459,0.990763,-95.285728,0.760581
1192,1.192000,-18.408249,-1.321904,-19.247459,0.839210,-93.827461,0.771681
1193,1.193000,-18.554047,-1.470752,-19.247459,0.693413,-91.767273,0.766891
1194,1.194000,-18.694091,-1.625778,-19.247459,0.553368,-88.740990,0.777591
1195,1.195000,-18.828391,-1.786755,-19.247459,0.419068,-83.803642,0.783981
1196,1.196000,-18.956963,-1.953334,-19.247459,0.290496,-77.256950,0.773351
1197,1.197000,-19.079819,-2.125045,-19.247459,0.167640,-71.608780,0.767841
1198,1.198000,-19.196983,-2.301447,-19.247459,0.050477,-67.323349,0.764781
1199,1.199000,-19.308477,-2.482190,-19.247459,-0.061017,-65.225136,0.765231
1200,1.200000,-19.414331,-2.667083,-19.247459,-0.166872,-63.851940,0.768121
1201,1.201000,-19.514576,-2.856016,-19.247459,-0.267117,-62.597355,0.797391
1202,1.202000,-19.609246,-3.048907,-19.247459,-0.361787,-61.172791,0.784521
1203,1.203000,-19.698378,-3.245662,-19.247459,-0.450919,-59.500706,0.770011
1204,1.204000,-19.782014,-3.446170,-19.247459,-0.534555,-57.864326,0.766221
1205,1.205000,-19.860199,-3.650310,-19.247459,-0.612740,-56.579487,0.771091
1206,1.206000,-19.932982,-3.857981,-19.247459,-0.685522,-55.600361,0.911349
1207,1.207000,-20.000409,-4.069102,-19.247459,-0.752950,-54.133102,0.774781
1208,1.208000,-20.062540,-4.283569,-19.247459,-0.815081,-53.005798,0.953759
1209,1.209000,-20.119427,-4.501288,-19.247459,-0.871968,-51.984783,0.771262
1210,1.210000,-20.171132,-4.722177,-19.247459,-0.923672,-50.965931,0.770061
1211,1.211000,-20.217717,-4.946153,-19.247459,-0.970257,-49.965790,0.778471
1212,1.212000,-20.259249,-5.173136,-19.247459,-1.011790,-48.894497,0.783311
1213,1.213000,-20.295794,-5.403041,-19.247459,-1.048335,-47.885952,0.759701
1214,1.214000,-20.327425,-5.635785,-19.247459,-1.079966,-46.966579,0.772251
1215,1.215000,-20.354216,-5.871292,-19.247459,-1.106757,-46.038036,0.768512
1216,1.216000,-20.376242,-6.109486,-19.247459,-1.128783,-45.026897,0.771731
1217,1.217000,-20.393584,-6.350285,-19.247459,-1.146125,-43.906586,0.767621
1218,1.218000,-20.406322,-6.593601,-19.247459,-1.158863,-42.663372,0.782181
1219,1.219000,-20.414542,-6.839339,-19.247459,-1.167083,-41.297970,0.776071
1220,1.220000,-20.418328,-7.087391,-19.247459,-1.170869,-39.986130,0.760542
1221,1.221000,-20.417771,-7.337654,-19.247459,-1.170312,-38.550495,0.761211
1222,1.222000,-20.412961,-7.590019,-19.247459,-1.165502,-37.085148,0.766011
1223,1.223000,-20.403991,-7.844370,-19.247459,-1.156532,-35.981228,0.769551
1224,1.224000,-20.390959,-8.100617,-19.247459,-1.143500,-35.054096,0.795600
1225,1.225000,-20.373961,-8.358684,-19.247459,-1.126501,-34.303337,0.774101
1226,1.226000,-20.353096,-8.618510,-19.247459,-1.105637,-33.603741,0.859890
1227,1.227000,-20.328467,-8.880040,-19.247459,-1.081007,-32.797623,0.766331
1228,1.228000,-20.300176,-9.143213,-19.247459,-1.052717,-31.861511,0.859170
1229,1.229000,-20.268329,-9.407959,-19.247459,-1.020869,-30.846333,0.764302
1230,1.230000,-20.233032,-9.674201,-19.247459,-0.985572,-29.871189,0.774101
1231,1.231000,-20.194397,-9.941864,-19.247459,-0.946937,-28.745283,0.781351
1232,1.232000,-20.152531,-10.210861,-19.247459,-0.905072,-27.763298,0.777811
1233,1.233000,-20.107548,-10.481117,-19.247459,-0.860088,-26.747555,0.771771
1234,1.234000,-20.059559,-10.752553,-19.247459,-0.812099,-25.292488,0.770932
1235,1.235000,-20.008682,-11.025067,-19.247459,-0.761223,-23.622921,0.763401
1236,1.236000,-19.955033,-11.298537,-19.247459,-0.707573,-21.628265,0.778151
1237,1.237000,-19.898728,-11.572823,-19.247459,-0.651269,-19.697479,0.770361
1238,1.238000,-19.839888,-11.847779,-19.247459,-0.592428,-17.867302,0.784501
1239,1.239000,-19.778631,-12.123271,-19.247459,-0.531172,-16.730844,0.769712
1240,1.240000,-19.715080,-12.399204,-19.247459,-0.467620,-15.686020,0.765881
1241,1.241000,-19.649355,-12.675503,-19.247459,-0.401895,-14.388861,0.768891
1242,1.242000,-19.581579,-12.952083,-19.247459,-0.334119,-12.667893,0.767631
1243,1.243000,-19.511875,-13.228831,-19.247459,-0.264415,-10.305464,0.783012
1244,1.244000,-19.440371,-13.505587,-19.247459,-0.192912,-7.804920,0.778851
1245,1.245000,-19.367188,-13.782178,-19.247459,-0.119728,-4.851616,0.772151
1246,1.246000,-19.292453,-14.058396,-19.247459,-0.044994,-1.327523,0.766691
1247,1.247000,-19.216292,-14.333999,-19.247459,0.031168,2.859497,0.779781
1248,1.248000,-19.138830,-14.608701,-19.247459,0.108629,7.021657,0.774151
1249,1.249000,-19.060194,-14.882204,-19.247459,0.187265,10.597157,0.761382
1250,1.250000,-18.980512,-15.154250,-19.247459,0.266948,14.207462,0.768521
1251,1.251000,-18.899905,-15.424592,-19.247459,0.347554,17.503836,0.773951
1252,1.252000,-18.818505,-15.693003,-19.247459,0.428955,21.274708,0.769301
1253,1.253000,-18.736431,-15.959236,-19.247459,0.511028,26.692427,0.765511
1254,1.254000,-18.653814,-16.222946,-19.247459,0.593646,33.428772,0.784471
1255,1.255000,-18.570772,-16.483683,-19.247459,0.676687,39.402348,0.768831
1256,1.256000,-18.487432,-16.741028,-19.247459,0.760028,44.607944,0.778491
1257,1.257000,-18.403914,-16.994607,-19.247459,0.843545,48.733852,0.767721
1258,1.258000,-18.320340,-17.244134,-19.247459,0.927120,51.989063,0.764812
1259,1.259000,-18.236827,-17.489394,-19.247459,1.010632,55.572552,0.767461
1260,1.260000,-18.153494,-17.730167,-19.247459,1.093966,59.838413,0.781881
1261,1.261000,-18.070457,-17.966196,-19.247459,1.177002,64.751167,0.770481
1262,1.262000,-17.987831,-18.197169,-19.247459,1.259629,68.902222,0.777991
1263,1.263000,-17.905725,-18.422808,-19.247459,1.341734,73.159195,0.787791
1264,1.264000,-17.824251,-18.642839,-19.247459,1.423208,78.367294,0.918650
1265,1.265000,-17.743517,-18.856931,-19.247459,1.503943,83.840057,0.771371
1266,1.266000,-17.663627,-19.064731,-19.247459,1.583832,89.546524,0.947489
1267,1.267000,-17.584684,-19.265860,-19.247459,1.662775,95.305023,0.781751
1268,1.268000,-17.506789,-19.459940,-19.247459,1.740670,99.169151,0.770932
1269,1.269000,-17.430038,-19.646698,-19.247459,1.817421,101.714439,0.771011
1270,1.270000,-17.354525,-19.825971,-19.247459,1.892934,103.537163,0.781441
1271,1.271000,-17.280343,-19.997663,-19.247459,1.967117,104.867905,0.761901
1272,1.272000,-17.207576,-20.161718,-19.247459,2.039884,105.811180,0.772891
1273,1.273000,-17.136309,-20.318107,-19.247459,2.111150,106.524422,0.769681
1274,1.274000,-17.066626,-20.466819,-19.247459,2.180833,107.064278,0.767331
1275,1.275000,-16.998603,-20.607852,-19.247459,2.248857,107.462311,0.769131
1276,1.276000,-16.932312,-20.741210,-19.247459,2.315147,107.715446,0.762602
1277,1.277000,-16.867828,-20.866902,-19.247459,2.379631,107.897011,0.764021
1278,1.278000,-16.805216,-20.984945,-19.247459,2.442243,108.052254,0.761341
1279,1.279000,-16.744542,-21.095353,-19.247459,2.502918,108.177422,0.770141
1280,1.280000,-16.685864,-21.198141,-19.247459,2.561596,108.267586,0.779021
1281,1.281000,-16.629243,-21.293326,-19.247459,2.618216,108.337860,0.773301
1282,1.282000,-16.574730,-21.380924,-19.247459,2.672730,108.393585,0.774521
1283,1.283000,-16.522374,-21.460953,-19.247459,2.725085,108.438515,0.769311
1284,1.284000,-16.472227,-21.533428,-19.247459,2.775232,108.473427,0.864240
1285,1.285000,-16.424329,-21.598370,-19.247459,2.823131,108.499657,0.767781
1286,1.286000,-16.378720,-21.655794,-19.247459,2.868739,108.521446,0.875039
1287,1.287000,-16.335436,-21.705720,-19.247459,2.912024,108.524529,0.768901
1288,1.288000,-16.294511,-21.748166,-19.247459,2.952949,108.510231,0.769621
1289,1.289000,-16.255973,-21.783152,-19.247459,2.991486,108.462273,0.772371
1290,1.290000,-16.219850,-21.810701,-19.247459,3.027609,108.367958,0.786731
1291,1.291000,-16.186164,-21.830837,-19.247459,3.061296,108.155128,0.778941
1292,1.292000,-16.154931,-21.843596,-19.247459,3.092529,107.678810,0.774001
1293,1.293000,-16.126167,-21.849024,-19.247459,3.121292,106.699684,0.758872
1294,1.294000,-16.099886,-21.847204,-19.247459,3.147573,104.516304,0.772171
1295,1.295000,-16.076095,-21.838297,-19.247459,3.171364,99.654350,0.770611
1296,1.296000,-16.054798,-21.822634,-19.247459,3.192661,89.851997,0.778481
1297,1.297000,-16.035998,-21.800868,-19.247459,3.211461,83.412262,0.773812
1298,1.298000,-16.019691,-21.773535,-19.247459,3.227768,81.139084,0.766381
1299,1.299000,-16.005877,-21.740892,-19.247459,3.241582,80.235329,0.767451
1300,1.300000,-15.994544,-21.703027,-19.247459,3.252915,78.944153,0.766971
1301,1.301000,-15.985686,-21.660017,-19.247459,3.261774,77.049667,0.783240
1302,1.302000,-15.979287,-21.611970,-19.247459,3.268172,74.454002,0.779391
1303,1.303000,-15.975334,-21.559057,-19.247459,3.272125,71.811684,0.777621
1304,1.304000,-15.973810,-21.501458,-19.247459,3.273650,69.348198,0.771621
1305,1.305000,-15.974691,-21.439358,-19.247459,3.272769,66.200371,0.772401
1306,1.306000,-15.977957,-21.372973,-19.247459,3.269502,62.318203,0.762631
1307,1.307000,-15.983582,-21.302573,-19.247459,3.263878,58.069897,0.767402
1308,1.308000,-15.991537,-21.228462,-19.247459,3.255922,54.658024,0.786871
1309,1.309000,-16.001795,-21.150900,-19.247459,3.245665,52.674778,0.765321
1310,1.310000,-16.014323,-21.070051,-19.247459,3.233137,50.879574,0.767491
1311,1.311000,-16.029086,-20.986043,-19.247459,3.218373,48.951099,0.772631
1312,1.312000,-16.046051,-20.899003,-19.247459,3.201409,47.325558,0.772532
1313,1.313000,-16.065180,-20.809044,-19.247459,3.182279,46.107609,0.770431
1314,1.314000,-16.086433,-20.716252,-19.247459,3.161027,44.868889,0.781071
1315,1.315000,-16.109768,-20.620715,-19.247459,3.137692,43.679607,0.775511
1316,1.316000,-16.135144,-20.522511,-19.247459,3.112316,42.403263,0.773231
1317,1.317000,-16.162517,-20.421729,-19.247459,3.084942,41.051800,0.770591
1318,1.318000,-16.191839,-20.318464,-19.247459,3.055620,39.608807,0.774911
1319,1.319000,-16.223065,-20.212820,-19.247459,3.024394,38.093021,0.767921
1320,1.320000,-16.256146,-20.104904,-19.247459,2.991314,36.873333,0.774831
1321,1.321000,-16.291029,-19.994810,-19.247459,2.956430,35.726906,0.768031
1322,1.322000,-16.327663,-19.882624,-19.247459,2.919797,34.612789,0.915260
1323,1.323000,-16.365997,-19.768425,-19.247459,2.881462,32.964542,0.772791
1324,1.324000,-16.405973,-19.652326,-19.247459,2.841487,31.084248,0.782301
1325,1.325000,-16.447538,-19.534457,-19.247459,2.799922,28.871576,0.880480
1326,1.326000,-16.490633,-19.414975,-19.247459,2.756827,26.679001,0.780511
1327,1.327000,-16.535202,-19.294040,-19.247459,2.712258,23.799278,0.767051
1328,1.328000,-16.581184,-19.171848,-19.247459,2.666275,20.707771,0.767022
1329,1.329000,-16.628521,-19.048619,-19.247459,2.618939,17.650915,0.765191
1330,1.330000,-16.677150,-18.924574,-19.247459,2.570309,15.374205,0.771081
1331,1.331000,-16.727010,-18.799884,-19.247459,2.520449,13.095201,0.784801
1332,1.332000,-16.778040,-18.674707,-19.247459,2.469419,10.513638,0.781391
1333,1.333000,-16.830175,-18.549218,-19.247459,2.417284,7.772962,0.776121
1334,1.334000,-16.883353,-18.423599,-19.247459,2.364106,4.710483,0.773761
1335,1.335000,-16.937512,-18.298055,-19.247459,2.309948,1.735580,0.798271
1336,1.336000,-16.992585,-18.172796,-19.247459,2.254874,-0.525103,0.771311
1337,1.337000,-17.048509,-18.047983,-19.247459,2.198950,-2.500788,0.777791
1338,1.338000,-17.105218,-17.923753,-19.247459,2.142241,-4.800509,0.780571
1339,1.339000,-17.162650,-17.800252,-19.247459,2.084809,-6.439569,0.768532
1340,1.340000,-17.220741,-17.677593,-19.247459,2.026719,-7.901772,0.780071
1341,1.341000,-17.279424,-17.555871,-19.247459,1.968035,-9.244266,0.765851
1342,1.342000,-17.338637,-17.435169,-19.247459,1.908823,-10.455586,0.849360
1343,1.343000,-17.398314,-17.315566,-19.247459,1.849146,-11.373502,0.772682
1344,1.344000,-17.458392,-17.197115,-19.247459,1.789067,-12.150654,0.900989
1345,1.345000,-17.518810,-17.079865,-19.247459,1.728649,-12.809128,0.757222
1346,1.346000,-17.579502,-16.963852,-19.247459,1.667958,-13.811048,0.768541
1347,1.347000,-17.640405,-16.849134,-19.247459,1.607055,-14.898194,0.781021
1348,1.348000,-17.701458,-16.735777,-19.247459,1.546001,-16.665668,0.775981
1349,1.349000,-17.762600,-16.623892,-19.247459,1.484859,-18.271654,0.780021
1350,1.350000,-17.823766,-16.513587,-19.247459,1.423693,-19.934189,0.761632
1351,1.351000,-17.884900,-16.404979,-19.247459,1.362560,-21.650522,0.760761
1352,1.352000,-17.945938,-16.298180,-19.247459,1.301522,-23.494747,0.767151
1353,1.353000,-18.006820,-16.193313,-19.247459,1.240639,-25.224882,0.772522
1354,1.354000,-18.067490,-16.090496,-19.247459,1.179970,-26.774445,0.779001
1355,1.355000,-18.127889,-15.989831,-19.247459,1.119570,-28.419907,0.781591
1356,1.356000,-18.187959,-15.891425,-19.247459,1.059501,-29.813166,0.765361
1357,1.357000,-18.247644,-15.795369,-19.247459,0.999815,-31.035248,0.759962
1358,1.358000,-18.306889,-15.701739,-19.247459,0.940570,-32.127796,0.762051
1359,1.359000,-18.365641,-15.610602,-19.247459,0.881818,-33.154018,0.793691
1360,1.360000,-18.423846,-15.522020,-19.247459,0.823613,-34.111282,0.773961
1361,1.361000,-18.481452,-15.436048,-19.247459,0.766007,-35.025387,0.778771
1362,1.362000,-18.538407,-15.352737,-19.247459,0.709052,-36.018559,0.770581
1363,1.363000,-18.594664,-15.272148,-19.247459,0.652795,-37.055294,0.776392
1364,1.364000,-18.650173,-15.194338,-19.247459,0.597286,-38.162556,0.758631
1365,1.365000,-18.704886,-15.119375,-19.247459,0.542573,-39.247463,0.769201
1366,1.366000,-18.758758,-15.047325,-19.247459,0.488702,-40.862133,0.769981
1367,1.367000,-18.811746,-14.978286,-19.247459,0.435713,-42.360092,0.764602
1368,1.368000,-18.863804,-14.912352,-19.247459,0.383655,-44.003784,0.772641
1369,1.369000,-18.914892,-14.849630,-19.247459,0.332567,-45.464256,0.770261
1370,1.370000,-18.964970,-14.790216,-19.247459,0.282490,-46.656406,0.762381
1371,1.371000,-19.013998,-14.734187,-19.247459,0.233461,-48.081356,0.769971
1372,1.372000,-19.061941,-14.681623,-19.247459,0.185518,-49.580811,0.770221
1373,1.373000,-19.108764,-14.632620,-19.247459,0.138696,-50.858044,0.774991
1374,1.374000,-19.154431,-14.587254,-19.247459,0.093029,-52.004902,0.773411
1375,1.375000,-19.198909,-14.545596,-19.247459,0.048551,-52.834408,0.777542
1376,1.376000,-19.242171,-14.507694,-19.247459,0.005288,-53.587349,0.769371
1377,1.377000,-19.284187,-14.473586,-19.247459,-0.036728,-54.159946,0.778131
1378,1.378000,-19.324931,-14.443297,-19.247459,-0.077471,-54.947750,0.769811
1379,1.379000,-19.364377,-14.416868,-19.247459,-0.116917,-56.178413,0.787561
1380,1.380000,-19.402501,-14.394359,-19.247459,-0.155042,-57.141544,0.961229
1381,1.381000,-19.439285,-14.375830,-19.247459,-0.191826,-57.747334,0.766432
1382,1.382000,-19.474708,-14.361320,-19.247459,-0.227249,-57.778999,0.978809
1383,1.383000,-19.508753,-14.350820,-19.247459,-0.261294,-57.499313,0.786781
1384,1.384000,-19.541405,-14.344301,-19.247459,-0.293946,-57.642044,0.786531
1385,1.385000,-19.572650,-14.341748,-19.247459,-0.325190,-57.829018,0.776911
1386,1.386000,-19.602476,-14.343162,-19.247459,-0.355016,-57.690456,0.766501
1387,1.387000,-19.630874,-14.348518,-19.247459,-0.383414,-57.187199,0.761511
1388,1.388000,-19.657836,-14.357778,-19.247459,-0.410377,-56.327335,0.763082
1389,1.389000,-19.683355,-14.370870,-19.247459,-0.435896,-55.137486,0.770361
1390,1.390000,-19.707430,-14.387701,-19.247459,-0.459971,-53.855129,0.781671
1391,1.391000,-19.730057,-14.408170,-19.247459,-0.482597,-52.650440,0.782901
1392,1.392000,-19.751235,-14.432173,-19.247459,-0.503776,-51.336670,0.769081
1393,1.393000,-19.770968,-14.459610,-19.247459,-0.523508,-49.766003,0.782211
1394,1.394000,-19.789257,-14.490364,-19.247459,-0.541798,-47.840157,0.762872
1395,1.395000,-19.806109,-14.524295,-19.247459,-0.558650,-45.660900,0.768751
1396,1.396000,-19.821530,-14.561244,-19.247459,-0.574071,-43.223675,0.774681
1397,1.397000,-19.835525,-14.601035,-19.247459,-0.588066,-40.673168,0.768761
1398,1.398000,-19.848108,-14.643482,-19.247459,-0.600649,-38.132599,0.784081
1399,1.399000,-19.859289,-14.688397,-19.247459,-0.611830,-36.048790,0.772552
1400,1.400000,-19.869080,-14.735624,-19.247459,-0.621621,-34.958920,0.869830
1401,1.401000,-19.877493,-14.785070,-19.247459,-0.630034,-34.000824,0.769921
1402,1.402000,-19.884547,-14.836670,-19.247459,-0.637088,-33.080898,0.864180
1403,1.403000,-19.890255,-14.890362,-19.247459,-0.642796,-32.177483,0.768161
1404,1.404000,-19.894639,-14.946088,-19.247459,-0.647179,-31.509363,0.769741
1405,1.405000,-19.897712,-15.003800,-19.247459,-0.650253,-31.014853,0.782992
1406,1.406000,-19.899497,-15.063460,-19.247459,-0.652037,-30.485401,0.779661
1407,1.407000,-19.900014,-15.125036,-19.247459,-0.652555,-29.785032,0.784491
1408,1.408000,-19.899288,-15.188478,-19.247459,-0.651829,-28.860214,0.768471
1409,1.409000,-19.897338,-15.253725,-19.247459,-0.649879,-27.747538,0.760731
1410,1.410000,-19.894193,-15.320695,-19.247459,-0.646734,-26.511120,0.766252
1411,1.411000,-19.889875,-15.389302,-19.247459,-0.642415,-25.120802,0.770231
1412,1.412000,-19.884410,-15.459443,-19.247459,-0.636951,-23.669525,0.794861
1413,1.413000,-19.877830,-15.531013,-19.247459,-0.630370,-22.397766,0.777461
1414,1.414000,-19.870158,-15.603915,-19.247459,-0.622698,-21.133305,0.784981
1415,1.415000,-19.861425,-15.678061,-19.247459,-0.613966,-20.071962,0.769061
1416,1.416000,-19.851663,-15.753367,-19.247459,-0.604204,-19.030472,0.764472
1417,1.417000,-19.840900,-15.829763,-19.247459,-0.593441,-18.114391,0.769731
1418,1.418000,-19.829168,-15.907181,-19.247459,-0.581708,-17.486536,0.774971
1419,1.419000,-19.816500,-15.985576,-19.247459,-0.569040,-17.072290,0.771531
1420,1.420000,-19.802928,-16.064916,-19.247459,-0.555469,-16.614723,0.785361
1421,1.421000,-19.788486,-16.145172,-19.247459,-0.541026,-16.114239,0.769102
1422,1.422000,-19.773206,-16.226313,-19.247459,-0.525747,-15.582425,0.766641
1423,1.423000,-19.757126,-16.308303,-19.247459,-0.509667,-14.937140,0.770381
1424,1.424000,-19.740280,-16.391093,-19.247459,-0.492820,-14.197511,0.766721
1425,1.425000,-19.722702,-16.474638,-19.247459,-0.475243,-13.383522,0.774642
1426,1.426000,-19.704432,-16.558877,-19.247459,-0.456972,-12.397661,0.774361
1427,1.427000,-19.685505,-16.643742,-19.247459,-0.438046,-11.236844,0.766811
1428,1.428000,-19.665957,-16.729152,-19.247459,-0.418498,-9.999298,0.764101
1429,1.429000,-19.645827,-16.815017,-19.247459,-0.398367,-8.905583,0.766952
1430,1.430000,-19.625152,-16.901259,-19.247459,-0.377692,-7.697955,0.763421
1431,1.431000,-19.603973,-16.987794,-19.247459,-0.356514,-6.189438,0.780021
1432,1.432000,-19.582325,-17.074518,-19.247459,-0.334865,-4.581387,0.767661
1433,1.433000,-19.560250,-17.161322,-19.247459,-0.312790,-2.856089,0.777241
1434,1.434000,-19.537785,-17.248084,-19.247459,-0.290326,-0.695131,0.772371
1435,1.435000,-19.514971,-17.334660,-19.247459,-0.267511,2.078114,0.767191
1436,1.436000,-19.491845,-17.420862,-19.247459,-0.244386,4.941140,0.783921
1437,1.437000,-19.468450,-17.506492,-19.247459,-0.220991,7.613999,0.770341
1438,1.438000,-19.444821,-17.591361,-19.247459,-0.197362,9.751037,0.886630
1439,1.439000,-19.420997,-17.675309,-19.247459,-0.173538,11.715981,0.779151
1440,1.440000,-19.397020,-17.758207,-19.247459,-0.149561,13.451893,0.930159
1441,1.441000,-19.372927,-17.839937,-19.247459,-0.125467,14.923605,0.778681
1442,1.442000,-19.348753,-17.920407,-19.247459,-0.101293,16.161346,0.770881
1443,1.443000,-19.324540,-17.999534,-19.247459,-0.077080,17.184246,0.778511
1444,1.444000,-19.300320,-18.077260,-19.247459,-0.052861,18.403778,0.764762
1445,1.445000,-19.276134,-18.153511,-19.247459,-0.028675,19.604694,0.764751
1446,1.446000,-19.252017,-18.228218,-19.247459,-0.004557,20.636780,0.758171
1447,1.447000,-19.228002,-18.301311,-19.247459,0.019458,21.956644,0.774391
1448,1.448000,-19.204125,-18.372714,-19.247459,0.043334,23.389059,0.777712
1449,1.449000,-19.180421,-18.442332,-19.247459,0.067038,24.785835,0.789401
1450,1.450000,-19.156924,-18.510079,-19.247459,0.090536,26.107393,0.771121
1451,1.451000,-19.133663,-18.575866,-19.247459,0.113796,27.578268,0.782681
1452,1.452000,-19.110675,-18.639598,-19.247459,0.136785,29.625092,0.757891
1453,1.453000,-19.087986,-18.701147,-19.247459,0.159473,31.500626,0.771371
1454,1.454000,-19.065628,-18.760388,-19.247459,0.181832,33.250484,0.768222
1455,1.455000,-19.043631,-18.817202,-19.247459,0.203828,34.781937,0.788931
1456,1.456000,-19.022024,-18.871488,-19.247459,0.225436,36.111210,0.777491
1457,1.457000,-19.000830,-18.923157,-19.247459,0.246630,37.018780,0.762571
1458,1.458000,-18.980080,-18.972155,-19.247459,0.267380,37.681011,0.856860
1459,1.459000,-18.959794,-19.018445,-19.247459,0.287665,38.136833,0.770991
1460,1.460000,-18.940000,-19.062006,-19.247459,0.307459,38.673641,0.863820
1461,1.461000,-18.920719,-19.102815,-19.247459,0.326741,39.081078,0.767361
1462,1.462000,-18.901970,-19.140857,-19.247459,0.345490,39.629372,0.768561
1463,1.463000,-18.883777,-19.176106,-19.247459,0.363682,39.983200,0.774521
1464,1.464000,-18.866157,-19.208548,-19.247459,0.381302,40.241203,0.766991
1465,1.465000,-18.849128,-19.238169,-19.247459,0.398332,40.337326,0.776581
1466,1.466000,-18.832706,-19.264974,-19.247459,0.414753,40.223576,0.769861
1467,1.467000,-18.816908,-19.288977,-19.247459,0.430551,40.313030,0.774211
1468,1.468000,-18.801747,-19.310186,-19.247459,0.445713,40.862236,0.770702
1469,1.469000,-18.787236,-19.328576,-19.247459,0.460223,41.240849,0.773061
1470,1.470000,-18.773386,-19.344127,-19.247459,0.474073,41.395992,0.781291
1471,1.471000,-18.760207,-19.356831,-19.247459,0.487252,41.377140,0.774791
1472,1.472000,-18.747712,-19.366694,-19.247459,0.499748,41.340622,0.780111
1473,1.473000,-18.735902,-19.373727,-19.247459,0.511557,41.112598,0.764941
1474,1.474000,-18.724789,-19.377952,-19.247459,0.522670,40.588333,0.764801
1475,1.475000,-18.714379,-19.379414,-19.247459,0.533081,40.031048,0.775341
1476,1.476000,-18.704671,-19.378155,-19.247459,0.542788,39.202675,0.769441
1477,1.477000,-18.695672,-19.374245,-19.247459,0.551787,38.110474,0.772262
1478,1.478000,-18.687382,-19.367763,-19.247459,0.560077,36.516819,0.787380
1479,1.479000,-18.679801,-19.358824,-19.247459,0.567659,34.772789,0.783041
1480,1.480000,-18.672930,-19.347558,-19.247459,0.574530,32.965096,0.770181
1481,1.481000,-18.666765,-19.334099,-19.247459,0.580694,31.220699,0.765241
1482,1.482000,-18.661306,-19.318579,-19.247459,0.586153,29.204517,0.772781
1483,1.483000,-18.656547,-19.301141,-19.247459,0.590912,27.545862,0.768212
1484,1.484000,-18.652485,-19.281911,-19.247459,0.594974,26.347639,0.778991
1485,1.485000,-18.649113,-19.260978,-19.247459,0.598347,25.243275,0.779241
1486,1.486000,-18.646423,-19.238425,-19.247459,0.601036,24.161308,0.775331
1487,1.487000,-18.644412,-19.214321,-19.247459,0.603048,23.159151,0.781441
1488,1.488000,-18.643068,-19.188737,-19.247459,0.604391,22.158194,0.764082
1489,1.489000,-18.642385,-19.161741,-19.247459,0.605075,21.119463,0.778951
1490,1.490000,-18.642351,-19.133402,-19.247459,0.605109,20.069115,0.773031
1491,1.491000,-18.642957,-19.103795,-19.247459,0.604502,19.268862,0.778521
1492,1.492000,-18.644192,-19.072979,-19.247459,0.603268,18.447680,0.768881
1493,1.493000,-18.646044,-19.041008,-19.247459,0.601415,17.641815,0.767262
1494,1.494000,-18.648501,-19.007940,-19.247459,0.598958,16.829477,0.773381
1495,1.495000,-18.651551,-18.973830,-19.247459,0.595908,16.064398,0.790911
1496,1.496000,-18.655180,-18.938731,-19.247459,0.592280,15.407214,0.907130
1497,1.497000,-18.659372,-18.902692,-19.247459,0.588088,14.677234,0.776981
1498,1.498000,-18.664115,-18.865763,-19.247459,0.583344,13.763721,0.941639
1499,1.499000,-18.669393,-18.828002,-19.247459,0.578066,12.781159,0.776561
1500,1.500000,-18.675190,-18.789482,-19.247459,0.572269,11.757583,0.782211
1501,1.501000,-18.681491,-18.750271,-19.247459,0.565968,10.754554,0.775011
1502,1.502000,-18.688280,-18.710444,-19.247459,0.559179,9.842519,0.776731
1503,1.503000,-18.695539,-18.670064,-19.247459,0.551920,8.790901,0.766861
1504,1.504000,-18.703252,-18.629204,-19.247459,0.544207,7.723096,0.765151
1505,1.505000,-18.711399,-18.587938,-19.247459,0.536061,6.656433,0.765751
1506,1.506000,-18.719966,-18.546339,-19.247459,0.527494,5.634734,0.775711
1507,1.507000,-18.728932,-18.504480,-19.247459,0.518527,4.553568,0.783081
1508,1.508000,-18.738279,-18.462435,-19.247459,0.509180,2.993861,0.779231
1509,1.509000,-18.747990,-18.420305,-19.247459,0.499470,1.742435,0.764421
1510,1.510000,-18.758046,-18.378180,-19.247459,0.489414,0.566428,0.757391
1511,1.511000,-18.768428,-18.336143,-19.247459,0.479032,-0.509847,0.766602
1512,1.512000,-18.779117,-18.294271,-19.247459,0.468343,-1.500138,0.769541
1513,1.513000,-18.790093,-18.252627,-19.247459,0.457367,-2.301500,0.809141
1514,1.514000,-18.801339,-18.211268,-19.247459,0.446121,-2.934046,0.783441
1515,1.515000,-18.812836,-18.170236,-19.247459,0.434624,-3.507870,0.771471
1516,1.516000,-18.824565,-18.129566,-19.247459,0.422895,-4.073398,0.857340
1517,1.517000,-18.836506,-18.089292,-19.247459,0.410954,-4.626116,0.767722
1518,1.518000,-18.848641,-18.049448,-19.247459,0.398818,-5.244256,0.849220
1519,1.519000,-18.860953,-18.010072,-19.247459,0.386507,-5.968800,0.777951
1520,1.520000,-18.873421,-17.971211,-19.247459,0.374038,-6.687400,0.776311
1521,1.521000,-18.886028,-17.932913,-19.247459,0.361431,-7.293961,0.765232
1522,1.522000,-18.898756,-17.895217,-19.247459,0.348703,-7.835606,0.773011
1523,1.523000,-18.911587,-17.858161,-19.247459,0.335873,-8.239087,0.767991
1524,1.524000,-18.924501,-17.821772,-19.247459,0.322959,-8.548429,0.768261
1525,1.525000,-18.937483,-17.786069,-19.247459,0.309976,-8.802077,0.768222
1526,1.526000,-18.950514,-17.751064,-19.247459,0.296946,-8.957427,0.774371
1527,1.527000,-18.963578,-17.716766,-19.247459,0.283881,-9.111190,0.763071
1528,1.528000,-18.976658,-17.683182,-19.247459,0.270802,-9.268955,0.774741
1529,1.529000,-18.989736,-17.650320,-19.247459,0.257724,-9.422948,0.773831
1530,1.530000,-19.002797,-17.618186,-19.247459,0.244662,-9.549833,0.788571
1531,1.531000,-19.015824,-17.586788,-19.247459,0.231636,-9.647276,0.779241
1532,1.532000,-19.028803,-17.556127,-19.247459,0.218657,-9.750101,0.769731
1533,1.533000,-19.041715,-17.526211,-19.247459,0.205744,-9.858688,0.779431
1534,1.534000,-19.054549,-17.497044,-19.247459,0.192910,-9.971520,0.764562
1535,1.535000,-19.067286,-17.468631,-19.247459,0.180174,-10.086942,0.784601
1536,1.536000,-19.079913,-17.440979,-19.247459,0.167546,-10.203482,0.776971
1537,1.537000,-19.092418,-17.414092,-19.247459,0.155042,-10.326605,0.777951
1538,1.538000,-19.104782,-17.387978,-19.247459,0.142678,-10.455896,0.772711
1539,1.539000,-19.116996,-17.362643,-19.247459,0.130463,-10.580498,0.765492
1540,1.540000,-19.129044,-17.338095,-19.247459,0.118415,-10.696547,0.771331
1541,1.541000,-19.140914,-17.314340,-19.247459,0.106546,-10.809283,0.773881
1542,1.542000,-19.152593,-17.291382,-19.247459,0.094866,-10.918104,0.776191
1543,1.543000,-19.164068,-17.269228,-19.247459,0.083391,-11.026739,0.788431
1544,1.544000,-19.175328,-17.247884,-19.247459,0.072132,-11.127570,0.773101
1545,1.545000,-19.186362,-17.227354,-19.247459,0.061098,-11.220161,0.755352
1546,1.546000,-19.197157,-17.207641,-19.247459,0.050303,-11.305633,0.760571
1547,1.547000,-19.207703,-17.188750,-19.247459,0.039757,-11.383330,0.774781
1548,1.548000,-19.217991,-17.170684,-19.247459,0.029469,-11.453441,0.773461
1549,1.549000,-19.228007,-17.153446,-19.247459,0.019452,-11.514884,0.769232
1550,1.550000,-19.237747,-17.137037,-19.247459,0.009713,-11.567544,0.769721
1551,1.551000,-19.247196,-17.121459,-19.247459,0.000263,-11.626050,0.767551
1552,1.552000,-19.256349,-17.106713,-19.247459,-0.008889,-11.735370,0.755062
1553,1.553000,-19.265196,-17.092803,-19.247459,-0.017736,-11.866767,0.766321
1554,1.554000,-19.273730,-17.079737,-19.247459,-0.026271,-11.968765,0.937129
1555,1.555000,-19.281942,-17.067519,-19.247459,-0.034482,-12.034331,0.779081
1556,1.556000,-19.289825,-17.056154,-19.247459,-0.042366,-12.069613,0.773501
1557,1.557000,-19.297373,-17.045639,-19.247459,-0.049913,-12.078478,0.871030
1558,1.558000,-19.304579,-17.035974,-19.247459,-0.057119,-12.091204,0.771151
1559,1.559000,-19.311438,-17.027158,-19.247459,-0.063978,-12.077474,0.777261
1560,1.560000,-19.317942,-17.019187,-19.247459,-0.070482,-12.032454,0.769211
1561,1.561000,-19.324087,-17.012053,-19.247459,-0.076628,-11.957643,0.770781
1562,1.562000,-19.329871,-17.005752,-19.247459,-0.082411,-11.860382,0.773172
1563,1.563000,-19.335287,-17.000273,-19.247459,-0.087828,-11.741561,0.767261
1564,1.564000,-19.340331,-16.995606,-19.247459,-0.092872,-11.595574,0.769911
1565,1.565000,-19.345001,-16.991737,-19.247459,-0.097542,-11.430263,0.776761
1566,1.566000,-19.349294,-16.988653,-19.247459,-0.101835,-11.248183,0.775472
1567,1.567000,-19.353206,-16.986337,-19.247459,-0.105747,-11.236540,0.776971
1568,1.568000,-19.356736,-16.984787,-19.247459,-0.109276,-11.304181,0.763161
1569,1.569000,-19.359881,-16.984003,-19.247459,-0.112421,-11.348271,0.778161
1570,1.570000,-19.362640,-16.983988,-19.247459,-0.115181,-11.397789,0.767452
1571,1.571000,-19.365014,-16.984744,-19.247459,-0.117554,-11.457110,0.782411
1572,1.572000,-19.367001,-16.986272,-19.247459,-0.119542,-11.522252,0.788371
1573,1.573000,-19.368600,-16.988576,-19.247459,-0.121140,-11.644216,0.785281
1574,1.574000,-19.369812,-16.991663,-19.247459,-0.122353,-11.724059,0.859680
1575,1.575000,-19.370638,-16.995536,-19.247459,-0.123179,-11.790684,0.761781
1576,1.576000,-19.371081,-17.000197,-19.247459,-0.123621,-11.876632,0.950500
1577,1.577000,-19.371139,-17.005651,-19.247459,-0.123679,-12.147265,0.761151
1578,1.578000,-19.370814,-17.011911,-19.247459,-0.123355,-12.372161,0.774001
1579,1.579000,-19.370113,-17.018994,-19.247459,-0.122653,-12.834729,0.776261
1580,1.580000,-19.369033,-17.026924,-19.247459,-0.121574,-13.255201,0.770861
1581,1.581000,-19.367582,-17.035731,-19.247459,-0.120123,-13.574215,0.770901
1582,1.582000,-19.365760,-17.045439,-19.247459,-0.118301,-13.820781,0.768391
1583,1.583000,-19.363574,-17.056060,-19.247459,-0.116115,-14.014575,0.765981
1584,1.584000,-19.361028,-17.067608,-19.247459,-0.113569,-14.174785,0.776501
1585,1.585000,-19.358126,-17.080090,-19.247459,-0.110666,-14.275026,0.793001
1586,1.586000,-19.354873,-17.093510,-19.247459,-0.107413,-14.239567,0.764691
1587,1.587000,-19.351277,-17.107862,-19.247459,-0.103817,-14.152167,0.766461
1588,1.588000,-19.347342,-17.123137,-19.247459,-0.099883,-14.018147,0.772821
1589,1.589000,-19.343079,-17.139323,-19.247459,-0.095619,-13.839366,0.766531
1590,1.590000,-19.338490,-17.156404,-19.247459,-0.091031,-13.615161,0.767811
1591,1.591000,-19.333586,-17.174360,-19.247459,-0.086127,-13.344842,0.785011
1592,1.592000,-19.328375,-17.193169,-19.247459,-0.080916,-12.981453,0.770531
1593,1.593000,-19.322866,-17.212806,-19.247459,-0.075407,-12.504178,0.766471
1594,1.594000,-19.317068,-17.233232,-19.247459,-0.069608,-11.974340,0.777552
1595,1.595000,-19.310987,-17.254410,-19.247459,-0.063528,-11.394887,0.771221
1596,1.596000,-19.304637,-17.276298,-19.247459,-0.057177,-10.765088,0.760721
1597,1.597000,-19.298027,-17.298847,-19.247459,-0.050567,-10.097341,0.761841
1598,1.598000,-19.291166,-17.322010,-19.247459,-0.043706,-9.476151,0.784201
1599,1.599000,-19.284066,-17.345744,-19.247459,-0.036606,-8.956603,0.770281
1600,1.600000,-19.276737,-17.370006,-19.247459,-0.029278,-8.405104,0.768531
1601,1.601000,-19.269191,-17.394760,-19.247459,-0.021732,-7.758185,0.776081
1602,1.602000,-19.261441,-17.419962,-19.247459,-0.013981,-7.006287,0.771272
1603,1.603000,-19.253497,-17.445560,-19.247459,-0.006038,-6.219069,0.757611
1604,1.604000,-19.245373,-17.471499,-19.247459,0.002087,-5.408809,0.765071
1605,1.605000,-19.237078,-17.497724,-19.247459,0.010382,-4.569523,0.763331
1606,1.606000,-19.228625,-17.524174,-19.247459,0.018834,-3.734536,0.772802
1607,1.607000,-19.220029,-17.550793,-19.247459,0.027430,-2.909099,0.781261
1608,1.608000,-19.211300,-17.577523,-19.247459,0.036159,-2.095766,0.769491
1609,1.609000,-19.202454,-17.604307,-19.247459,0.045006,-1.322599,0.767501
1610,1.610000,-19.193499,-17.631093,-19.247459,0.053960,-0.579041,0.761861
1611,1.611000,-19.184451,-17.657832,-19.247459,0.063008,0.231091,0.777781
1612,1.612000,-19.175322,-17.684468,-19.247459,0.072137,1.112014,0.775011
1613,1.613000,-19.166126,-17.710943,-19.247459,0.081334,2.182274,0.866290
1614,1.614000,-19.156874,-17.737188,-19.247459,0.090585,3.149487,0.786011
1615,1.615000,-19.147580,-17.763135,-19.247459,0.099880,4.019011,0.924870
1616,1.616000,-19.138255,-17.788722,-19.247459,0.109204,4.757438,0.771321
1617,1.617000,-19.128911,-17.813902,-19.247459,0.118548,5.374235,0.761421
1618,1.618000,-19.119564,-17.838629,-19.247459,0.127895,5.937180,0.762611
1619,1.619000,-19.110224,-17.862873,-19.247459,0.137236,6.376719,0.767652
1620,1.620000,-19.100902,-17.886601,-19.247459,0.146557,6.730092,0.767811
1621,1.621000,-19.091610,-17.909796,-19.247459,0.155850,7.079577,0.772781
1622,1.622000,-19.082362,-17.932435,-19.247459,0.165098,7.443933,0.776521
1623,1.623000,-19.073167,-17.954499,-19.247459,0.174293,7.832684,0.773932
1624,1.624000,-19.064036,-17.975967,-19.247459,0.183423,8.204729,0.777301
1625,1.625000,-19.054981,-17.996813,-19.247459,0.192478,8.560943,0.765671
1626,1.626000,-19.046013,-18.017015,-19.247459,0.201446,8.899484,0.765541
1627,1.627000,-19.037141,-18.036552,-19.247459,0.210319,9.226594,0.762311
1628,1.628000,-19.028376,-18.055407,-19.247459,0.219083,9.542928,0.776411
1629,1.629000,-19.019727,-18.073557,-19.247459,0.227732,9.845596,0.781271
1630,1.630000,-19.011207,-18.090985,-19.247459,0.236253,10.130115,0.770371
1631,1.631000,-19.002819,-18.107675,-19.247459,0.244640,10.389350,0.774781
1632,1.632000,-18.994577,-18.123610,-19.247459,0.252883,10.628736,0.776851
1633,1.633000,-18.986488,-18.138775,-19.247459,0.260971,10.896109,0.770071
1634,1.634000,-18.978560,-18.153157,-19.247459,0.268899,11.123296,0.769161
1635,1.635000,-18.970803,-18.166741,-19.247459,0.276657,11.286337,0.779991
1636,1.636000,-18.963219,-18.179517,-19.247459,0.284240,11.430979,0.774811
1637,1.637000,-18.955822,-18.191480,-19.247459,0.291637,11.540504,0.775532
1638,1.638000,-18.948615,-18.202621,-19.247459,0.298845,11.568498,0.781471
1639,1.639000,-18.941605,-18.212947,-19.247459,0.305854,11.580838,0.765301
1640,1.640000,-18.934799,-18.222453,-19.247459,0.312660,11.583692,0.770491
1641,1.641000,-18.928203,-18.231146,-19.247459,0.319257,11.540435,0.777531
1642,1.642000,-18.921820,-18.239030,-19.247459,0.325640,11.445717,0.776772
1643,1.643000,-18.915657,-18.246114,-19.247459,0.331802,11.327043,0.786281
1644,1.644000,-18.909719,-18.252412,-19.247459,0.337741,11.207723,0.777771
1645,1.645000,-18.904008,-18.257929,-19.247459,0.343451,11.088094,0.757291
1646,1.646000,-18.898532,-18.262681,-19.247459,0.348927,10.969197,0.763842
1647,1.647000,-18.893290,-18.266677,-19.247459,0.354169,10.848449,0.776581
1648,1.648000,-18.888289,-18.269926,-19.247459,0.359171,10.743955,0.782701
1649,1.649000,-18.883530,-18.272440,-19.247459,0.363930,10.641957,0.782051
1650,1.650000,-18.879015,-18.274226,-19.247459,0.368444,10.545443,0.799441
1651,1.651000,-18.874748,-18.275293,-19.247459,0.372711,10.440848,0.855470
1652,1.652000,-18.870730,-18.275650,-19.247459,0.376729,10.317863,0.767021
1653,1.653000,-18.866962,-18.275307,-19.247459,0.380498,10.184305,0.922519
1654,1.654000,-18.863444,-18.274274,-19.247459,0.384015,10.040418,0.760291
1655,1.655000,-18.860181,-18.272563,-19.247459,0.387279,9.888658,0.785341
1656,1.656000,-18.857169,-18.270187,-19.247459,0.390291,9.729150,0.768512
1657,1.657000,-18.854411,-18.267157,-19.247459,0.393048,9.561875,0.772221
1658,1.658000,-18.851904,-18.263489,-19.247459,0.395555,9.388670,0.767871
1659,1.659000,-18.849650,-18.259193,-19.247459,0.397809,9.207500,0.781731
1660,1.660000,-18.847649,-18.254285,-19.247459,0.399810,9.017405,0.769232
1661,1.661000,-18.845897,-18.248780,-19.247459,0.401562,8.819452,0.779391
1662,1.662000,-18.844395,-18.242691,-19.247459,0.403065,8.614211,0.760831
1663,1.663000,-18.843140,-18.236036,-19.247459,0.404320,8.401924,0.785111
1664,1.664000,-18.842130,-18.228831,-19.247459,0.405329,8.182862,0.770971
1665,1.665000,-18.841364,-18.221090,-19.247459,0.406096,7.957242,0.787891
1666,1.666000,-18.840838,-18.212833,-19.247459,0.406622,7.725514,0.769792
1667,1.667000,-18.840549,-18.204073,-19.247459,0.406910,7.488184,0.780271
1668,1.668000,-18.840495,-18.194832,-19.247459,0.406965,7.245244,0.761931
1669,1.669000,-18.840672,-18.185126,-19.247459,0.406787,6.997215,0.778721
1670,1.670000,-18.841077,-18.174971,-19.247459,0.406383,6.745611,0.771902
1671,1.671000,-18.841705,-18.164389,-19.247459,0.405754,6.498258,0.868650
1672,1.672000,-18.842554,-18.153398,-19.247459,0.404906,6.255899,0.780281
1673,1.673000,-18.843618,-18.142012,-19.247459,0.403842,6.008286,0.955539
1674,1.674000,-18.844891,-18.130252,-19.247459,0.402568,5.755594,0.767141
1675,1.675000,-18.846374,-18.118135,-19.247459,0.401086,5.498825,0.786591
1676,1.676000,-18.848056,-18.105681,-19.247459,0.399404,5.239932,0.765912
1677,1.677000,-18.849934,-18.092906,-19.247459,0.397526,4.976628,0.762261
1678,1.678000,-18.852003,-18.079830,-19.247459,0.395456,4.703840,0.770361
1679,1.679000,-18.854259,-18.066472,-19.247459,0.393200,4.428431,0.777891
1680,1.680000,-18.856694,-18.052851,-19.247459,0.390765,4.151579,0.765652
1681,1.681000,-18.859303,-18.038987,-19.247459,0.388156,3.886778,0.772121
1682,1.682000,-18.862081,-18.024902,-19.247459,0.385378,3.641746,0.761001
1683,1.683000,-18.865020,-18.010608,-19.247459,0.382439,3.390266,0.785051
1684,1.684000,-18.868116,-17.996126,-19.247459,0.379344,3.115578,0.769032
1685,1.685000,-18.871360,-17.981474,-19.247459,0.376099,2.837906,0.772381
1686,1.686000,-18.874748,-17.966669,-19.247459,0.372711,2.556532,0.768041
1687,1.687000,-18.878274,-17.951735,-19.247459,0.369185,2.274120,0.773891
1688,1.688000,-18.881928,-17.936690,-19.247459,0.365531,1.994421,0.778672
1689,1.689000,-18.885707,-17.921551,-19.247459,0.361752,1.729639,0.766531
1690,1.690000,-18.889602,-17.906338,-19.247459,0.357858,1.499664,0.770681
1691,1.691000,-18.893606,-17.891069,-19.247459,0.353853,1.308609,0.781101
1692,1.692000,-18.897713,-17.875754,-19.247459,0.349747,1.117617,0.766251
1693,1.693000,-18.901915,-17.860409,-19.247459,0.345544,0.917994,0.764851
1694,1.694000,-18.906206,-17.845044,-19.247459,0.341253,0.709731,0.775101
1695,1.695000,-18.910581,-17.829674,-19.247459,0.336879,0.494010,0.767361
1696,1.696000,-18.915027,-17.814315,-19.247459,0.332432,0.277058,0.766141
1697,1.697000,-18.919544,-17.798979,-19.247459,0.327916,0.065028,0.770792
1698,1.698000,-18.924120,-17.783682,-19.247459,0.323339,-0.149096,0.765351
1699,1.699000,-18.928749,-17.768438,-19.247459,0.318710,-0.351035,0.770241
1700,1.700000,-18.933424,-17.753260,-19.247459,0.314035,-0.541246,0.777492
1701,1.701000,-18.938139,-17.738162,-19.247459,0.309320,-0.735677,0.772671
1702,1.702000,-18.942886,-17.723158,-19.247459,0.304574,-0.937609,0.772751
1703,1.703000,-18.947657,-17.708258,-19.247459,0.299803,-1.150898,0.771381
1704,1.704000,-18.952446,-17.693477,-19.247459,0.295013,-1.366552,0.758281
1705,1.705000,-18.957246,-17.678830,-19.247459,0.290213,-1.617717,0.768302
1706,1.706000,-18.962051,-17.664334,-19.247459,0.285408,-1.891845,0.792711
1707,1.707000,-18.966853,-17.650006,-19.247459,0.280606,-2.156030,0.777681
1708,1.708000,-18.971644,-17.635866,-19.247459,0.275815,-2.407642,0.773551
1709,1.709000,-18.976419,-17.621929,-19.247459,0.271041,-2.646562,0.899660
1710,1.710000,-18.981171,-17.608212,-19.247459,0.266289,-2.891059,0.769581
1711,1.711000,-18.985892,-17.594730,-19.247459,0.261567,-3.141917,0.951389
1712,1.712000,-18.990578,-17.581499,-19.247459,0.256882,-3.374611,0.768722
1713,1.713000,-18.995221,-17.568536,-19.247459,0.252239,-3.589148,0.772771
1714,1.714000,-18.999816,-17.555855,-19.247459,0.247644,-3.788755,0.787631
1715,1.715000,-19.004352,-17.543467,-19.247459,0.243107,-3.973449,0.769671
1716,1.716000,-19.008830,-17.531385,-19.247459,0.238630,-4.143850,0.767141
1717,1.717000,-19.013240,-17.519618,-19.247459,0.234219,-4.301204,0.768932
1718,1.718000,-19.017577,-17.508177,-19.247459,0.229882,-4.446511,0.777931
1719,1.719000,-19.021836,-17.497070,-19.247459,0.225623,-4.588706,0.762471
1720,1.720000,-19.026011,-17.486305,-19.247459,0.221448,-4.722763,0.778771
1721,1.721000,-19.030095,-17.475893,-19.247459,0.217364,-4.845469,0.766421
1722,1.722000,-19.034086,-17.465837,-19.247459,0.213373,-4.957141,0.772071
1723,1.723000,-19.037976,-17.456145,-19.247459,0.209484,-5.057953,0.781171
1724,1.724000,-19.041763,-17.446823,-19.247459,0.205696,-5.148179,0.773621
1725,1.725000,-19.045440,-17.437878,-19.247459,0.202020,-5.228272,0.765632
1726,1.726000,-19.049003,-17.429311,-19.247459,0.198456,-5.300059,0.774222
1727,1.727000,-19.052449,-17.421125,-19.247459,0.195010,-5.364112,0.794060
1728,1.728000,-19.055772,-17.413327,-19.247459,0.191688,-5.420669,0.770941
1729,1.729000,-19.058970,-17.405916,-19.247459,0.188489,-5.505850,0.859640
1730,1.730000,-19.062037,-17.398898,-19.247459,0.185423,-5.585631,0.771021
1731,1.731000,-19.064970,-17.392276,-19.247459,0.182489,-5.657072,0.969569
1732,1.732000,-19.067769,-17.386057,-19.247459,0.179690,-5.719563,0.778711
1733,1.733000,-19.070426,-17.380239,-19.247459,0.177033,-5.773239,0.772471
1734,1.734000,-19.072940,-17.374830,-19.247459,0.174520,-5.818471,0.760811
1735,1.735000,-19.075308,-17.369828,-19.247459,0.172152,-5.855648,0.766871
1736,1.736000,-19.077528,-17.365237,-19.247459,0.169932,-5.928117,0.769271
1737,1.737000,-19.079597,-17.361059,-19.247459,0.167862,-6.006231,0.775711
1738,1.738000,-19.081511,-17.357298,-19.247459,0.165948,-6.110882,0.777921
1739,1.739000,-19.083272,-17.353960,-19.247459,0.164188,-6.201725,0.760491
1740,1.740000,-19.084875,-17.351049,-19.247459,0.162584,-6.276703,0.761391
1741,1.741000,-19.086322,-17.348573,-19.247459,0.161138,-6.336258,0.760241
1742,1.742000,-19.087606,-17.346531,-19.247459,0.159854,-6.381412,0.770021
1743,1.743000,-19.088729,-17.344927,-19.247459,0.158730,-6.413217,0.780051
1744,1.744000,-19.089691,-17.343763,-19.247459,0.157769,-6.432509,0.774281
1745,1.745000,-19.090490,-17.343035,-19.247459,0.156970,-6.443197,0.773871
1746,1.746000,-19.091125,-17.342747,-19.247459,0.156334,-6.475490,0.780491
1747,1.747000,-19.091596,-17.342897,-19.247459,0.155863,-6.494564,0.772711
1748,1.748000,-19.091904,-17.343486,-19.247459,0.155556,-6.526855,0.765731
1749,1.749000,-19.092047,-17.344512,-19.247459,0.155412,-6.551326,0.774092
1750,1.750000,-19.092028,-17.345981,-19.247459,0.155431,-6.567664,0.772151
1751,1.751000,-19.091846,-17.347886,-19.247459,0.155614,-6.563588,0.768931
1752,1.752000,-19.091501,-17.350233,-19.247459,0.155959,-6.539718,0.767811
1753,1.753000,-19.090995,-17.353013,-19.247459,0.156464,-6.497503,0.775371
1754,1.754000,-19.090329,-17.356224,-19.247459,0.157130,-6.438452,0.759152
1755,1.755000,-19.089506,-17.359863,-19.247459,0.157953,-6.363974,0.765141
1756,1.756000,-19.088524,-17.363922,-19.247459,0.158935,-6.271556,0.772971
1757,1.757000,-19.087387,-17.368391,-19.247459,0.160072,-6.146693,0.770781
1758,1.758000,-19.086098,-17.373264,-19.247459,0.161362,-6.008589,0.768701
1759,1.759000,-19.084658,-17.378527,-19.247459,0.162801,-5.862662,0.775471
1760,1.760000,-19.083069,-17.384172,-19.247459,0.164391,-5.709757,0.760041
1761,1.761000,-19.081334,-17.390182,-19.247459,0.166126,-5.561425,0.766421
1762,1.762000,-19.079456,-17.396552,-19.247459,0.168004,-5.421688,0.760592
1763,1.763000,-19.077437,-17.403267,-19.247459,0.170022,-5.270826,0.771241
1764,1.764000,-19.075282,-17.410316,-19.247459,0.172177,-5.108304,0.771371
1765,1.765000,-19.072992,-17.417689,-19.247459,0.174467,-4.934628,0.778451
1766,1.766000,-19.070573,-17.425372,-19.247459,0.176887,-4.751421,0.785131
1767,1.767000,-19.068027,-17.433353,-19.247459,0.179432,-4.558938,0.891790
1768,1.768000,-19.065358,-17.441615,-19.247459,0.182101,-4.355704,0.780241
1769,1.769000,-19.062570,-17.450146,-19.247459,0.184890,-4.144642,0.937209
1770,1.770000,-19.059667,-17.458932,-19.247459,0.187793,-3.931817,0.775781
1771,1.771000,-19.056653,-17.467954,-19.247459,0.190806,-3.717734,0.778381
1772,1.772000,-19.053532,-17.477201,-19.247459,0.193928,-3.497075,0.774921
1773,1.773000,-19.050309,-17.486652,-19.247459,0.197150,-3.270301,0.778081
1774,1.774000,-19.046988,-17.496296,-19.247459,0.200471,-3.038077,0.761512
1775,1.775000,-19.043577,-17.506115,-19.247459,0.203883,-2.801179,0.763451
1776,1.776000,-19.040074,-17.516092,-19.247459,0.207385,-2.560444,0.770751
1777,1.777000,-19.036490,-17.526209,-19.247459,0.210969,-2.316650,0.762182
1778,1.778000,-19.032828,-17.536451,-19.247459,0.214632,-2.070441,0.779921
1779,1.779000,-19.029090,-17.546800,-19.247459,0.218370,-1.822427,0.786181
1780,1.780000,-19.025285,-17.557242,-19.247459,0.222174,-1.574057,0.773221
1781,1.781000,-19.021416,-17.567754,-19.247459,0.226043,-1.325738,0.774071
1782,1.782000,-19.017490,-17.578323,-19.247459,0.229969,-1.077307,0.771982
1783,1.783000,-19.013510,-17.588932,-19.247459,0.233949,-0.829120,0.763991
1784,1.784000,-19.009482,-17.599562,-19.247459,0.237977,-0.581767,0.767261
1785,1.785000,-19.005413,-17.610198,-19.247459,0.242047,-0.335404,0.784491
1786,1.786000,-19.001305,-17.620823,-19.247459,0.246155,-0.088491,0.782501
1787,1.787000,-18.997165,-17.631418,-19.247459,0.250294,0.163882,0.866771
1788,1.788000,-18.992999,-17.641971,-19.247459,0.254460,0.441800,0.772461
1789,1.789000,-18.988810,-17.652458,-19.247459,0.258649,0.684647,0.970499
1790,1.790000,-18.984606,-17.662866,-19.247459,0.262853,0.918723,0.775461
1791,1.791000,-18.980390,-17.673178,-19.247459,0.267069,1.198640,0.779931
1792,1.792000,-18.976168,-17.683377,-19.247459,0.271292,1.493554,0.769041
1793,1.793000,-18.971947,-17.693441,-19.247459,0.275513,1.793962,0.757751
1794,1.794000,-18.967727,-17.703352,-19.247459,0.279732,2.076748,0.773611
1795,1.795000,-18.963518,-17.713090,-19.247459,0.283941,2.341012,0.815980
1796,1.796000,-18.959324,-17.722637,-19.247459,0.288135,2.572707,0.775002
1797,1.797000,-18.955148,-17.731979,-19.247459,0.292312,2.783311,0.777241
1798,1.798000,-18.950997,-17.741100,-19.247459,0.296463,2.975703,0.765371
1799,1.799000,-18.946875,-17.749988,-19.247459,0.300585,3.156736,0.773251
1800,1.800000,-18.942785,-17.758635,-19.247459,0.304674,3.328567,0.767422
1801,1.801000,-18.938733,-17.767028,-19.247459,0.308726,3.485629,0.769911
1802,1.802000,-18.934724,-17.775156,-19.247459,0.312736,3.633230,0.778701
1803,1.803000,-18.930761,-17.783012,-19.247459,0.316699,3.773794,0.774611
1804,1.804000,-18.926849,-17.790587,-19.247459,0.320611,3.907505,0.776081
1805,1.805000,-18.922993,-17.797873,-19.247459,0.324466,4.016695,0.763782
1806,1.806000,-18.919194,-17.804862,-19.247459,0.328266,4.117497,0.920229
1807,1.807000,-18.915459,-17.811550,-19.247459,0.332000,4.210166,0.771241
1808,1.808000,-18.911790,-17.817933,-19.247459,0.335670,4.297948,0.946400
1809,1.809000,-18.908192,-17.824004,-19.247459,0.339267,4.360011,0.757781
1810,1.810000,-18.904666,-17.829760,-19.247459,0.342794,4.391510,0.766441
1811,1.811000,-18.901217,-17.835198,-19.247459,0.346243,4.400928,0.778341
1812,1.812000,-18.897848,-17.840323,-19.247459,0.349612,4.411170,0.774591
1813,1.813000,-18.894562,-17.845131,-19.247459,0.352897,4.411578,0.780521
1814,1.814000,-18.891361,-17.849627,-19.247459,0.356099,4.407688,0.777791
1815,1.815000,-18.888250,-17.853809,-19.247459,0.359210,4.403160,0.759841
1816,1.816000,-18.885229,-17.857680,-19.247459,0.362231,4.399431,0.765692
1817,1.817000,-18.882300,-17.861242,-19.247459,0.365159,4.396420,0.769671
1818,1.818000,-18.879469,-17.864495,-19.247459,0.367990,4.393260,0.772821
1819,1.819000,-18.876736,-17.867442,-19.247459,0.370724,4.386223,0.791911
1820,1.820000,-18.874101,-17.870082,-19.247459,0.373359,4.376705,0.781631
1821,1.821000,-18.871568,-17.872416,-19.247459,0.375891,4.365352,0.758801
1822,1.822000,-18.869140,-17.874450,-19.247459,0.378319,4.351918,0.762761
1823,1.823000,-18.866816,-17.876179,-19.247459,0.380643,4.336045,0.789841
1824,1.824000,-18.864598,-17.877612,-19.247459,0.382861,4.317396,0.762811
1825,1.825000,-18.862489,-17.878746,-19.247459,0.384970,4.295721,0.770972
1826,1.826000,-18.860488,-17.879584,-19.247459,0.386971,4.270736,0.775601
1827,1.827000,-18.858596,-17.880132,-19.247459,0.388863,4.242353,0.765811
1828,1.828000,-18.856817,-17.880389,-19.247459,0.390642,4.209979,0.758461
1829,1.829000,-18.855147,-17.880359,-19.247459,0.392312,4.173939,0.771051
1830,1.830000,-18.853590,-17.880045,-19.247459,0.393870,4.134246,0.772181
1831,1.831000,-18.852145,-17.879453,-19.247459,0.395314,4.090729,0.781851
1832,1.832000,-18.850813,-17.878582,-19.247459,0.396646,4.043094,0.780031
1833,1.833000,-18.849594,-17.877440,-19.247459,0.397865,3.991682,0.767911
1834,1.834000,-18.848488,-17.876031,-19.247459,0.398972,3.936634,0.763182
1835,1.835000,-18.847494,-17.874357,-19.247459,0.399966,3.877937,0.769131
1836,1.836000,-18.846611,-17.872425,-19.247459,0.400848,3.815609,0.767871
1837,1.837000,-18.845843,-17.870239,-19.247459,0.401617,3.749652,0.775911
1838,1.838000,-18.845183,-17.867804,-19.247459,0.402276,3.680174,0.776591
1839,1.839000,-18.844635,-17.865126,-19.247459,0.402824,3.607266,0.773042
1840,1.840000,-18.844198,-17.862212,-19.247459,0.403261,3.530985,0.761631
1841,1.841000,-18.843869,-17.859065,-19.247459,0.403591,3.451367,0.771681
1842,1.842000,-18.843648,-17.855694,-19.247459,0.403811,3.368627,0.773471
1843,1.843000,-18.843534,-17.852103,-19.247459,0.403925,3.282813,0.781570
1844,1.844000,-18.843527,-17.848299,-19.247459,0.403932,3.194027,0.962698
1845,1.845000,-18.843623,-17.844289,-19.247459,0.403837,3.102393,0.770992
1846,1.846000,-18.843821,-17.840080,-19.247459,0.403639,3.008081,0.949559
1847,1.847000,-18.844121,-17.835680,-19.247459,0.403338,2.921746,0.774521
1848,1.848000,-18.844521,-17.831093,-19.247459,0.402938,2.836735,0.774371
1849,1.849000,-18.845018,-17.826328,-19.247459,0.402442,2.748019,0.775792
1850,1.850000,-18.845610,-17.821388,-19.247459,0.401849,2.655221,0.769421
1851,1.851000,-18.846295,-17.816284,-19.247459,0.401164,2.558625,0.761501
1852,1.852000,-18.847074,-17.811019,-19.247459,0.400386,2.458614,0.760321
1853,1.853000,-18.847941,-17.805605,-19.247459,0.399518,2.355520,0.767352
1854,1.854000,-18.848896,-17.800043,-19.247459,0.398564,2.249670,0.774621
1855,1.855000,-18.849936,-17.794347,-19.247459,0.397524,2.141432,0.785441
1856,1.856000,-18.851057,-17.788521,-19.247459,0.396402,2.025291,0.776571
1857,1.857000,-18.852258,-17.782573,-19.247459,0.395202,1.903069,0.771411
1858,1.858000,-18.853537,-17.776515,-19.247459,0.393923,1.780282,0.761242
1859,1.859000,-18.854891,-17.770352,-19.247459,0.392569,1.657634,0.772501
1860,1.860000,-18.856317,-17.764096,-19.247459,0.391143,1.535294,0.769191
1861,1.861000,-18.857812,-17.757752,-19.247459,0.389647,1.413219,0.774821
1862,1.862000,-18.859373,-17.751332,-19.247459,0.388086,1.297763,0.771071
1863,1.863000,-18.860999,-17.744842,-19.247459,0.386461,1.201112,0.763351
1864,1.864000,-18.862684,-17.738290,-19.247459,0.384775,1.102817,0.856890
1865,1.865000,-18.864428,-17.731682,-19.247459,0.383032,1.001663,0.768892
1866,1.866000,-18.866226,-17.725026,-19.247459,0.381234,0.897592,0.909469
1867,1.867000,-18.868075,-17.718327,-19.247459,0.379385,0.789733,0.771221
1868,1.868000,-18.869974,-17.711594,-19.247459,0.377486,0.678082,0.765142
1869,1.869000,-18.871917,-17.704836,-19.247459,0.375543,0.562378,0.803550
1870,1.870000,-18.873903,-17.698058,-19.247459,0.373557,0.446165,0.774062
1871,1.871000,-18.875930,-17.691269,-19.247459,0.371530,0.331611,0.771601
1872,1.872000,-18.877991,-17.684476,-19.247459,0.369469,0.220668,0.774641
1873,1.873000,-18.880086,-17.677689,-19.247459,0.367374,0.116846,0.770721
1874,1.874000,-18.882210,-17.670913,-19.247459,0.365249,0.014706,0.760402
1875,1.875000,-18.884360,-17.664157,-19.247459,0.363100,-0.079038,0.772721
1876,1.876000,-18.886535,-17.657426,-19.247459,0.360924,-0.169403,0.772211
1877,1.877000,-18.888729,-17.650725,-19.247459,0.358730,-0.261394,0.776761
1878,1.878000,-18.890941,-17.644062,-19.247459,0.356519,-0.355097,0.791921
1879,1.879000,-18.893166,-17.637442,-19.247459,0.354294,-0.450161,0.772481
1880,1.880000,-18.895401,-17.630870,-19.247459,0.352059,-0.543567,0.759771
1881,1.881000,-18.897644,-17.624355,-19.247459,0.349815,-0.635412,0.772041
1882,1.882000,-18.899893,-17.617903,-19.247459,0.347566,-0.727899,0.767301
1883,1.883000,-18.902142,-17.611516,-19.247459,0.345317,-0.820930,0.774002
1884,1.884000,-18.904389,-17.605205,-19.247459,0.343070,-0.914173,0.779041
1885,1.885000,-18.906631,-17.598973,-19.247459,0.340828,-1.007319,0.773311
1886,1.886000,-18.908866,-17.592827,-19.247459,0.338593,-1.100062,0.759071
1887,1.887000,-18.911090,-17.586774,-19.247459,0.336370,-1.192137,0.754772
1888,1.888000,-18.913299,-17.580820,-19.247459,0.334160,-1.283281,0.790721
1889,1.889000,-18.915493,-17.574968,-19.247459,0.331966,-1.373255,0.764731
1890,1.890000,-18.917667,-17.569227,-19.247459,0.329792,-1.461872,0.779971
1891,1.891000,-18.919817,-17.563603,-19.247459,0.327642,-1.548890,0.768081
1892,1.892000,-18.921943,-17.558098,-19.247459,0.325517,-1.634204,0.762302
1893,1.893000,-18.924041,-17.552720,-19.247459,0.323418,-1.717594,0.753641
1894,1.894000,-18.926109,-17.547477,-19.247459,0.321350,-1.798860,0.770421
1895,1.895000,-18.928143,-17.542368,-19.247459,0.319316,-1.877936,0.771071
1896,1.896000,-18.930141,-17.537402,-19.247459,0.317319,-1.954677,0.777531
1897,1.897000,-18.932101,-17.532582,-19.247459,0.315358,-2.030146,0.770441
1898,1.898000,-18.934020,-17.527915,-19.247459,0.313439,-2.107381,0.761941
1899,1.899000,-18.935897,-17.523404,-19.247459,0.311562,-2.181504,0.759642
1900,1.900000,-18.937727,-17.519053,-19.247459,0.309732,-2.252154,0.780221
1901,1.901000,-18.939510,-17.514868,-19.247459,0.307949,-2.319179,0.778711
1902,1.902000,-18.941245,-17.510851,-19.247459,0.306214,-2.382583,0.945399
1903,1.903000,-18.942927,-17.507009,-19.247459,0.304533,-2.442320,0.766741
1904,1.904000,-18.944554,-17.503343,-19.247459,0.302905,-2.498416,0.768092
1905,1.905000,-18.946129,-17.499856,-19.247459,0.301331,-2.550897,0.855900
1906,1.906000,-18.947643,-17.496552,-19.247459,0.299816,-2.599754,0.772331
1907,1.907000,-18.949100,-17.493436,-19.247459,0.298360,-2.644944,0.773031
1908,1.908000,-18.950496,-17.490506,-19.247459,0.296963,-2.686442,0.763562
1909,1.909000,-18.951828,-17.487767,-19.247459,0.295631,-2.724258,0.761391
1910,1.910000,-18.953099,-17.485221,-19.247459,0.294361,-2.758390,0.766061
1911,1.911000,-18.954304,-17.482868,-19.247459,0.293155,-2.788827,0.775521
1912,1.912000,-18.955443,-17.480711,-19.247459,0.292016,-2.815541,0.776991
1913,1.913000,-18.956514,-17.478751,-19.247459,0.290946,-2.840432,0.778431
1914,1.914000,-18.957516,-17.476989,-19.247459,0.289943,-2.861975,0.770281
1915,1.915000,-18.958449,-17.475425,-19.247459,0.289011,-2.886201,0.761481
1916,1.916000,-18.959311,-17.474062,-19.247459,0.288149,-2.913614,0.761321
1917,1.917000,-18.960103,-17.472899,-19.247459,0.287356,-2.935742,0.764371
1918,1.918000,-18.960822,-17.471938,-19.247459,0.286637,-2.952318,0.779551
1919,1.919000,-18.961469,-17.471180,-19.247459,0.285990,-2.963160,0.786851
1920,1.920000,-18.962043,-17.470623,-19.247459,0.285417,-2.968531,0.776481
1921,1.921000,-18.962543,-17.470270,-19.247459,0.284916,-2.964523,0.769691
1922,1.922000,-18.962970,-17.470120,-19.247459,0.284489,-2.953452,0.917460
1923,1.923000,-18.963324,-17.470167,-19.247459,0.284136,-2.937975,0.771441
1924,1.924000,-18.963602,-17.470415,-19.247459,0.283858,-2.915608,0.926610
1925,1.925000,-18.963808,-17.470859,-19.247459,0.283651,-2.885464,0.771241
1926,1.926000,-18.963938,-17.471496,-19.247459,0.283521,-2.852050,0.766791
1927,1.927000,-18.963996,-17.472324,-19.247459,0.283463,-2.815755,0.771881
1928,1.928000,-18.963981,-17.473340,-19.247459,0.283478,-2.776577,0.765721
1929,1.929000,-18.963890,-17.474540,-19.247459,0.283569,-2.734590,0.773541
1930,1.930000,-18.963730,-17.475922,-19.247459,0.283729,-2.689821,0.759341
1931,1.931000,-18.963496,-17.477481,-19.247459,0.283963,-2.642256,0.775401
1932,1.932000,-18.963190,-17.479214,-19.247459,0.284269,-2.591924,0.773361
1933,1.933000,-18.962815,-17.481116,-19.247459,0.284645,-2.548413,0.766002
1934,1.934000,-18.962369,-17.483184,-19.247459,0.285090,-2.503682,0.766711
1935,1.935000,-18.961855,-17.485414,-19.247459,0.285604,-2.454610,0.778691
1936,1.936000,-18.961273,-17.487805,-19.247459,0.286187,-2.401031,0.768402
1937,1.937000,-18.960624,-17.490349,-19.247459,0.286836,-2.343755,0.766581
1938,1.938000,-18.959908,-17.493043,-19.247459,0.287551,-2.290054,0.762711
1939,1.939000,-18.959128,-17.495885,-19.247459,0.288331,-2.232125,0.765421
1940,1.940000,-18.958286,-17.498870,-19.247459,0.289173,-2.169509,0.767061
1941,1.941000,-18.957381,-17.501989,-19.247459,0.290078,-2.102535,0.782841
1942,1.942000,-18.956417,-17.505244,-19.247459,0.291043,-2.031583,0.773941
1943,1.943000,-18.955392,-17.508625,-19.247459,0.292067,-1.957025,0.810401
1944,1.944000,-18.954311,-17.512127,-19.247459,0.293148,-1.879330,0.762921
1945,1.945000,-18.953174,-17.515747,-19.247459,0.294286,-1.798964,0.750111
1946,1.946000,-18.951984,-17.519476,-19.247459,0.295476,-1.715993,0.764752
1947,1.947000,-18.950741,-17.523310,-19.247459,0.296719,-1.630695,0.790271
1948,1.948000,-18.949448,-17.527242,-19.247459,0.298011,-1.543303,0.777961
1949,1.949000,-18.948106,-17.531267,-19.247459,0.299354,-1.454019,0.779971
1950,1.950000,-18.946718,-17.535377,-19.247459,0.300742,-1.363056,0.770471
1951,1.951000,-18.945283,-17.539567,-19.247459,0.302176,-1.270622,0.765752
1952,1.952000,-18.943808,-17.543829,-19.247459,0.303651,-1.176947,0.769751
1953,1.953000,-18.942292,-17.548158,-19.247459,0.305168,-1.082215,0.797731
1954,1.954000,-18.940738,-17.552546,-19.247459,0.306722,-0.986555,0.776761
1955,1.955000,-18.939146,-17.556986,-19.247459,0.308313,-0.890217,0.768191
1956,1.956000,-18.937521,-17.561473,-19.247459,0.309939,-0.793319,0.760572
1957,1.957000,-18.935863,-17.566000,-19.247459,0.311597,-0.696022,0.749601
1958,1.958000,-18.934176,-17.570561,-19.247459,0.313284,-0.598492,0.759141
1959,1.959000,-18.932461,-17.575146,-19.247459,0.314998,-0.500878,0.796521
1960,1.960000,-18.930721,-17.579751,-19.247459,0.316738,-0.403350,0.772291
1961,1.961000,-18.928957,-17.584368,-19.247459,0.318502,-0.306056,0.861730
1962,1.962000,-18.927173,-17.588992,-19.247459,0.320286,-0.209142,0.766861
1963,1.963000,-18.925372,-17.593616,-19.247459,0.322088,-0.112688,0.909650
1964,1.964000,-18.923553,-17.598233,-19.247459,0.323906,-0.016820,0.810041
1965,1.965000,-18.921721,-17.602835,-19.247459,0.325739,0.078207,0.784911
1966,1.966000,-18.919875,-17.607418,-19.247459,0.327584,0.172330,0.761781
1967,1.967000,-18.918022,-17.611976,-19.247459,0.329437,0.268343,0.767561
1968,1.968000,-18.916161,-17.616501,-19.247459,0.331298,0.370678,0.762192
1969,1.969000,-18.914296,-17.620986,-19.247459,0.333163,0.475165,0.771831
1970,1.970000,-18.912428,-17.625424,-19.247459,0.335031,0.581932,0.782611
1971,1.971000,-18.910560,-17.629811,-19.247459,0.336899,0.683426,0.785431
1972,1.972000,-18.908694,-17.634136,-19.247459,0.338765,0.776113,0.774441
1973,1.973000,-18.906833,-17.638395,-19.247459,0.340627,0.854038,0.769981
1974,1.974000,-18.904977,-17.642582,-19.247459,0.342483,0.929359,0.756212
1975,1.975000,-18.903131,-17.646692,-19.247459,0.344329,1.003081,0.777261
1976,1.976000,-18.901293,-17.650722,-19.247459,0.346166,1.070924,0.772281
1977,1.977000,-18.899470,-17.654664,-19.247459,0.347990,1.142602,0.770891
1978,1.978000,-18.897662,-17.658518,-19.247459,0.349798,1.219533,0.791381
1979,1.979000,-18.895870,-17.662278,-19.247459,0.351589,1.292136,0.781472
1980,1.980000,-18.894096,-17.665938,-19.247459,0.353363,1.357954,0.895439
1981,1.981000,-18.892344,-17.669494,-19.247459,0.355115,1.420092,0.762652
1982,1.982000,-18.890614,-17.672944,-19.247459,0.356845,1.478973,0.957979
1983,1.983000,-18.888909,-17.676282,-19.247459,0.358551,1.534749,0.770581
1984,1.984000,-18.887230,-17.679504,-19.247459,0.360229,1.587455,0.781591
1985,1.985000,-18.885579,-17.682610,-19.247459,0.361880,1.637268,0.773201
1986,1.986000,-18.883957,-17.685595,-19.247459,0.363503,1.684175,0.773281
1987,1.987000,-18.882367,-17.688455,-19.247459,0.365092,1.728117,0.765161
1988,1.988000,-18.880810,-17.691191,-19.247459,0.366650,1.769180,0.773621
1989,1.989000,-18.879287,-17.693796,-19.247459,0.368173,1.807336,0.764511
1990,1.990000,-18.877799,-17.696272,-19.247459,0.369660,1.835936,0.785641
1991,1.991000,-18.876350,-17.698617,-19.247459,0.371110,1.859136,0.783051
1992,1.992000,-18.874939,-17.700826,-19.247459,0.372520,1.880500,0.768271
1993,1.993000,-18.873568,-17.702901,-19.247459,0.373891,1.900224,0.760271
1994,1.994000,-18.872238,-17.704841,-19.247459,0.375222,1.918351,0.771551
1995,1.995000,-18.870950,-17.706646,-19.247459,0.376509,1.934804,0.778541
1996,1.996000,-18.869706,-17.708312,-19.247459,0.377754,1.949292,0.773581
1997,1.997000,-18.868507,-17.709842,-19.247459,0.378953,1.961676,0.783601
1998,1.998000,-18.867353,-17.711234,-19.247459,0.380107,1.971938,0.771551
1999,1.999000,-18.866243,-17.712487,-19.247459,0.381217,1.978427,0.771771
2000,2.000000,-18.865182,-17.713604,-24.583369,5.718187,-75.695290,0.810111
2001,2.001000,-18.864170,-17.719032,-24.583369,5.719199,-102.698593,0.774171
2002,2.002000,-18.863207,-17.731473,-24.583369,5.720162,-102.665199,0.764682
2003,2.003000,-18.862298,-17.751484,-24.583369,5.721071,-102.515579,0.766931
2004,2.004000,-18.861453,-17.779015,-24.583369,5.721916,-101.980522,0.771971
2005,2.005000,-18.860679,-17.813861,-24.583369,5.722689,-101.030777,0.776571
2006,2.006000,-18.859993,-17.855798,-24.583369,5.723376,-98.492081,0.804911
2007,2.007000,-18.859407,-17.904537,-24.583369,5.723961,-90.627831,0.898600
2008,2.008000,-18.858941,-17.959491,-24.583369,5.724428,-77.627037,0.779151
2009,2.009000,-18.858615,-18.019726,-24.583369,5.724754,-69.623833,0.775161
2010,2.010000,-18.858449,-18.084531,-24.583369,5.724919,-64.473976,0.766911
2011,2.011000,-18.858470,-18.153441,-24.583369,5.724899,-59.553066,0.766422
2012,2.012000,-18.858700,-18.226087,-24.583369,5.724668,-55.132603,0.773451
2013,2.013000,-18.859167,-18.302158,-24.583369,5.724202,-51.924343,0.771901
2014,2.014000,-18.859896,-18.381424,-24.583369,5.723473,-48.320488,0.775481
2015,2.015000,-18.860919,-18.463658,-24.583369,5.722450,-44.196075,0.784251
2016,2.016000,-18.862264,-18.548593,-24.583369,5.721105,-40.060543,0.768042
2017,2.017000,-18.863961,-18.635956,-24.583369,5.719407,-37.428520,0.802140
2018,2.018000,-18.866041,-18.725551,-24.583369,5.717328,-35.178276,1.014879
2019,2.019000,-18.868538,-18.817231,-24.583369,5.714831,-32.706898,0.912969
2020,2.020000,-18.871483,-18.910842,-24.583369,5.711886,-29.514999,1.127587
2021,2.021000,-18.874908,-19.006183,-24.583369,5.708460,-25.588013,0.774871
2022,2.022000,-18.878848,-19.102999,-24.583369,5.704521,-19.836102,0.786731
2023,2.023000,-18.883337,-19.200919,-24.583369,5.700032,-15.073185,0.764281
2024,2.024000,-18.888407,-19.299594,-24.583369,5.694962,-10.384838,0.775921
2025,2.025000,-18.894094,-19.398695,-24.583369,5.689274,-5.232048,0.774891
2026,2.026000,-18.900433,-19.497873,-24.583369,5.682936,0.465619,0.776902
2027,2.027000,-18.907456,-19.596745,-24.583369,5.675913,7.356741,0.771901
2028,2.028000,-18.915198,-19.694852,-24.583369,5.668171,11.791718,0.779201
2029,2.029000,-18.923690,-19.791863,-24.583369,5.659679,15.987041,0.768031
2030,2.030000,-18.932965,-19.887491,-24.583369,5.650404,19.482935,0.769371
2031,2.031000,-18.943057,-19.981507,-24.583369,5.640312,24.775583,0.778891
2032,2.032000,-18.953995,-20.073590,-24.583369,5.629374,29.857430,0.784371
2033,2.033000,-18.965808,-20.163401,-24.583369,5.617561,34.414391,0.774051
2034,2.034000,-18.978526,-20.250638,-24.583369,5.604843,37.894062,0.794721
2035,2.035000,-18.992174,-20.335059,-24.583369,5.591195,40.818451,0.768371
2036,2.036000,-19.006782,-20.416477,-24.583369,5.576586,42.759163,0.788781
2037,2.037000,-19.022372,-20.494771,-24.583369,5.560997,44.219940,0.978069
2038,2.038000,-19.038968,-20.569864,-24.583369,5.544401,45.577923,0.898700
2039,2.039000,-19.056590,-20.641692,-24.583369,5.526779,47.053661,0.907960
2040,2.040000,-19.075260,-20.710179,-24.583369,5.508109,48.439777,0.765311
2041,2.041000,-19.094996,-20.775253,-24.583369,5.488373,49.539570,0.775901
2042,2.042000,-19.115816,-20.836855,-24.583369,5.467553,50.381088,0.769331
2043,2.043000,-19.137734,-20.894940,-24.583369,5.445635,50.866501,0.770101
2044,2.044000,-19.160764,-20.949491,-24.583369,5.422605,51.160088,0.768701
2045,2.045000,-19.184917,-21.000503,-24.583369,5.398452,51.564224,0.773411
2046,2.046000,-19.210204,-21.047966,-24.583369,5.373165,51.834057,0.770811
2047,2.047000,-19.236635,-21.091875,-24.583369,5.346734,51.963383,0.769471
2048,2.048000,-19.264217,-21.132238,-24.583369,5.319152,52.049122,0.766241
2049,2.049000,-19.292954,-21.169060,-24.583369,5.290415,52.375362,0.763841
2050,2.050000,-19.322848,-21.202335,-24.583369,5.260521,52.559288,0.768471
2051,2.051000,-19.353905,-21.232060,-24.583369,5.229464,52.650673,0.773472
2052,2.052000,-19.386121,-21.258236,-24.583369,5.197248,52.656139,0.769942
2053,2.053000,-19.419498,-21.280877,-24.583369,5.163871,52.585926,0.768431
2054,2.054000,-19.454032,-21.299993,-24.583369,5.129337,52.421566,0.775921
2055,2.055000,-19.489716,-21.315610,-24.583369,5.093653,52.192062,0.771411
2056,2.056000,-19.526548,-21.327751,-24.583369,5.056821,51.821728,0.770561
2057,2.057000,-19.564515,-21.336451,-24.583369,5.018854,51.358150,0.770901
2058,2.058000,-19.603609,-21.341753,-24.583369,4.979759,51.081848,0.888250
2059,2.059000,-19.643822,-21.343689,-24.583369,4.939547,50.724545,0.776651
2060,2.060000,-19.685136,-21.342292,-24.583369,4.898233,50.265839,0.768191
2061,2.061000,-19.727538,-21.337601,-24.583369,4.855831,49.723606,0.758722
2062,2.062000,-19.771014,-21.329665,-24.583369,4.812355,49.083542,0.764701
2063,2.063000,-19.815545,-21.318530,-24.583369,4.767824,48.338093,0.770971
2064,2.064000,-19.861111,-21.304260,-24.583369,4.722258,47.480984,0.772341
2065,2.065000,-19.907691,-21.286921,-24.583369,4.675678,46.532555,0.772211
2066,2.066000,-19.955265,-21.266588,-24.583369,4.628104,45.338959,0.768311
2067,2.067000,-20.003809,-21.243347,-24.583369,4.579560,43.921555,0.770011
2068,2.068000,-20.053295,-21.217301,-24.583369,4.530073,42.449726,0.764501
2069,2.069000,-20.103700,-21.188565,-24.583369,4.479668,40.790314,0.774981
2070,2.070000,-20.154997,-21.157259,-24.583369,4.428372,38.846237,0.771201
2071,2.071000,-20.207154,-21.123519,-24.583369,4.376215,36.726551,0.777941
2072,2.072000,-20.260143,-21.087502,-24.583369,4.323226,34.825184,0.777161
2073,2.073000,-20.313932,-21.049347,-24.583369,4.269437,33.074459,0.768521
2074,2.074000,-20.368490,-21.009185,-24.583369,4.214879,31.083363,0.757682
2075,2.075000,-20.423784,-20.967152,-24.583369,4.159585,29.052517,0.855300
2076,2.076000,-20.479778,-20.923395,-24.583369,4.103591,27.147776,0.765951
2077,2.077000,-20.536437,-20.878044,-24.583369,4.046931,24.921812,0.776851
2078,2.078000,-20.593727,-20.831256,-24.583369,3.989642,22.375721,0.859561
2079,2.079000,-20.651611,-20.783200,-24.583369,3.931757,19.865009,0.769471
2080,2.080000,-20.710054,-20.734057,-24.583369,3.873315,17.418491,0.767081
2081,2.081000,-20.769014,-20.683997,-24.583369,3.814355,15.914707,0.777431
2082,2.082000,-20.828455,-20.633137,-24.583369,3.754914,14.604314,0.763522
2083,2.083000,-20.888337,-20.581568,-24.583369,3.695032,12.998293,0.778761
2084,2.084000,-20.948624,-20.529387,-24.583369,3.634745,11.153683,0.767171
2085,2.085000,-21.009273,-20.476714,-24.583369,3.574096,9.562862,0.768391
2086,2.086000,-21.070246,-20.423661,-24.583369,3.513123,7.627316,0.783121
2087,2.087000,-21.131502,-20.370353,-24.583369,3.451867,5.608896,0.777932
2088,2.088000,-21.193003,-20.316925,-24.583369,3.390366,3.229815,0.771541
2089,2.089000,-21.254705,-20.263539,-24.583369,3.328664,1.249641,0.766201
2090,2.090000,-21.316571,-20.210332,-24.583369,3.266798,-0.776288,0.764371
2091,2.091000,-21.378559,-20.157446,-24.583369,3.204810,-2.785341,0.785631
2092,2.092000,-21.440630,-20.105012,-24.583369,3.142739,-4.604083,0.774542
2093,2.093000,-21.502742,-20.053157,-24.583369,3.080627,-6.072706,0.784241
2094,2.094000,-21.564856,-20.001982,-24.583369,3.018513,-7.288150,0.773101
2095,2.095000,-21.626930,-19.951563,-24.583369,2.956439,-8.425668,0.863540
2096,2.096000,-21.688929,-19.901974,-24.583369,2.894440,-9.410546,0.756912
2097,2.097000,-21.750811,-19.853273,-24.583369,2.832558,-10.305601,0.900959
2098,2.098000,-21.812537,-19.805518,-24.583369,2.770832,-11.112522,0.763042
2099,2.099000,-21.874070,-19.758754,-24.583369,2.709299,-11.678947,0.773921
2100,2.100000,-21.935373,-19.713015,-24.583369,2.647996,-12.169446,0.778711
2101,2.101000,-21.996404,-19.668331,-24.583369,2.586965,-12.579494,0.783221
2102,2.102000,-22.057131,-19.624722,-24.583369,2.526238,-12.935995,0.768951
2103,2.103000,-22.117513,-19.582202,-24.583369,2.465855,-13.237287,0.767642
2104,2.104000,-22.177520,-19.540790,-24.583369,2.405849,-13.778132,0.765891
2105,2.105000,-22.237110,-19.500513,-24.583369,2.346259,-14.547006,0.775781
2106,2.106000,-22.296253,-19.461417,-24.583369,2.287116,-15.363101,0.774471
2107,2.107000,-22.354910,-19.423554,-24.583369,2.228458,-16.122665,0.792331
2108,2.108000,-22.413052,-19.386973,-24.583369,2.170317,-16.959539,0.769181
2109,2.109000,-22.470644,-19.351731,-24.583369,2.112724,-17.830404,0.768561
2110,2.110000,-22.527653,-19.317880,-24.583369,2.055716,-18.692242,0.770081
2111,2.111000,-22.584048,-19.285481,-24.583369,1.999321,-19.985329,0.764711
2112,2.112000,-22.639796,-19.254611,-24.583369,1.943573,-21.294640,0.777451
2113,2.113000,-22.694871,-19.225355,-24.583369,1.888498,-22.477039,0.772071
2114,2.114000,-22.749239,-19.197797,-24.583369,1.834129,-23.533388,0.771381
2115,2.115000,-22.802875,-19.172005,-24.583369,1.780494,-24.448090,0.777001
2116,2.116000,-22.855749,-19.148037,-24.583369,1.727620,-25.248535,0.875790
2117,2.117000,-22.907836,-19.125945,-24.583369,1.675532,-25.963379,0.771381
2118,2.118000,-22.959109,-19.105769,-24.583369,1.624260,-26.641434,0.774701
2119,2.119000,-23.009545,-19.087546,-24.583369,1.573824,-27.535069,0.767382
2120,2.120000,-23.059118,-19.071329,-24.583369,1.524251,-28.582176,0.767021
2121,2.121000,-23.107805,-19.057181,-24.583369,1.475563,-29.464182,0.772441
2122,2.122000,-23.155588,-19.045156,-24.583369,1.427781,-30.204798,0.781591
2123,2.123000,-23.202441,-19.035300,-24.583369,1.380928,-31.005232,0.782381
2124,2.124000,-23.248349,-19.027662,-24.583369,1.335020,-31.685772,0.778431
2125,2.125000,-23.293291,-19.022280,-24.583369,1.290078,-32.291710,0.765822
2126,2.126000,-23.337252,-19.019188,-24.583369,1.246117,-32.808399,0.758661
2127,2.127000,-23.380214,-19.018416,-24.583369,1.203155,-33.238083,0.788601
2128,2.128000,-23.422162,-19.019982,-24.583369,1.161207,-33.557468,0.782651
2129,2.129000,-23.463083,-19.023904,-24.583369,1.120286,-33.777409,0.775681
2130,2.130000,-23.502964,-19.030184,-24.583369,1.080404,-33.885532,0.790141
2131,2.131000,-23.541794,-19.038824,-24.583369,1.041575,-33.881039,0.771431
2132,2.132000,-23.579563,-19.049816,-24.583369,1.003806,-33.802746,0.764281
2133,2.133000,-23.616264,-19.063145,-24.583369,0.967105,-33.641613,0.835720
2134,2.134000,-23.651885,-19.078790,-24.583369,0.931484,-33.388222,0.780721
2135,2.135000,-23.686423,-19.096726,-24.583369,0.896946,-32.999039,0.780801
2136,2.136000,-23.719872,-19.116917,-24.583369,0.863496,-32.501492,0.880369
2137,2.137000,-23.752227,-19.139326,-24.583369,0.831142,-31.883657,0.769651
2138,2.138000,-23.783487,-19.163897,-24.583369,0.799882,-31.059223,0.770081
2139,2.139000,-23.813647,-19.190571,-24.583369,0.769721,-30.019352,0.766021
2140,2.140000,-23.842712,-19.219268,-24.583369,0.740657,-28.864012,0.768752
2141,2.141000,-23.870676,-19.249903,-24.583369,0.712693,-27.729891,0.777201
2142,2.142000,-23.897546,-19.282386,-24.583369,0.685823,-26.797482,0.780361
2143,2.143000,-23.923322,-19.316642,-24.583369,0.660047,-25.863018,0.769401
2144,2.144000,-23.948006,-19.352605,-24.583369,0.635363,-24.848724,0.769921
2145,2.145000,-23.971606,-19.390198,-24.583369,0.611763,-23.746742,0.769401
2146,2.146000,-23.994127,-19.429344,-24.583369,0.589242,-22.615032,0.777381
2147,2.147000,-24.015573,-19.469960,-24.583369,0.567795,-21.901428,0.766651
2148,2.148000,-24.035956,-19.511989,-24.583369,0.547412,-21.250347,0.770521
2149,2.149000,-24.055281,-19.555381,-24.583369,0.528088,-20.643623,0.772901
2150,2.150000,-24.073557,-19.600095,-24.583369,0.509812,-20.084040,0.786241
2151,2.151000,-24.090794,-19.646088,-24.583369,0.492574,-19.633923,0.784571
2152,2.152000,-24.107006,-19.693331,-24.583369,0.476363,-19.176647,0.783991
2153,2.153000,-24.122201,-19.741786,-24.583369,0.461168,-18.673113,0.867910
2154,2.154000,-24.136394,-19.791423,-24.583369,0.446974,-18.181644,0.772701
2155,2.155000,-24.149597,-19.842202,-24.583369,0.433772,-17.746437,0.849420
2156,2.156000,-24.161823,-19.894091,-24.583369,0.421546,-17.462208,0.760021
2157,2.157000,-24.173088,-19.947065,-24.583369,0.410281,-17.151247,0.774002
2158,2.158000,-24.183408,-20.001104,-24.583369,0.399961,-16.930620,0.768111
2159,2.159000,-24.192798,-20.056188,-24.583369,0.390571,-16.675035,0.783111
2160,2.160000,-24.201274,-20.112300,-24.583369,0.382094,-16.384783,0.772991
2161,2.161000,-24.208858,-20.169414,-24.583369,0.374511,-16.047192,0.761292
2162,2.162000,-24.215561,-20.227508,-24.583369,0.367807,-15.661774,0.764681
2163,2.163000,-24.221408,-20.286551,-24.583369,0.361961,-15.201756,0.770211
2164,2.164000,-24.226415,-20.346512,-24.583369,0.356954,-14.623960,0.769671
2165,2.165000,-24.230603,-20.407347,-24.583369,0.352766,-13.873569,0.806831
2166,2.166000,-24.233994,-20.469001,-24.583369,0.349374,-13.051308,0.772621
2167,2.167000,-24.236609,-20.531417,-24.583369,0.346760,-12.278336,0.793431
2168,2.168000,-24.238468,-20.594533,-24.583369,0.344901,-11.506621,0.766851
2169,2.169000,-24.239593,-20.658295,-24.583369,0.343775,-10.644080,0.762031
2170,2.170000,-24.240010,-20.722640,-24.583369,0.343359,-9.904115,0.761991
2171,2.171000,-24.239740,-20.787513,-24.583369,0.343629,-9.139247,0.797661
2172,2.172000,-24.238808,-20.852861,-24.583369,0.344561,-8.322820,0.770091
2173,2.173000,-24.237235,-20.918626,-24.583369,0.346133,-7.467917,0.767901
2174,2.174000,-24.235050,-20.984749,-24.583369,0.348319,-6.439904,0.828000
2175,2.175000,-24.232273,-21.051160,-24.583369,0.351096,-5.443391,0.770061
2176,2.176000,-24.228933,-21.117789,-24.583369,0.354436,-4.466343,0.765112
2177,2.177000,-24.225054,-21.184564,-24.583369,0.358315,-3.485870,0.776061
2178,2.178000,-24.220660,-21.251422,-24.583369,0.362709,-2.510056,0.771171
2179,2.179000,-24.215780,-21.318289,-24.583369,0.367589,-1.544253,0.771381
2180,2.180000,-24.210437,-21.385104,-24.583369,0.372932,-0.545758,0.764192
2181,2.181000,-24.204659,-21.451797,-24.583369,0.378710,0.450419,0.797691
2182,2.182000,-24.198471,-21.518299,-24.583369,0.384898,1.537461,0.773401
2183,2.183000,-24.191900,-21.584538,-24.583369,0.391469,2.919592,0.777851
2184,2.184000,-24.184972,-21.650424,-24.583369,0.398396,4.196069,0.756211
2185,2.185000,-24.177714,-21.715868,-24.583369,0.405655,5.264640,0.767441
2186,2.186000,-24.170151,-21.780790,-24.583369,0.413218,6.422578,0.766432
2187,2.187000,-24.162312,-21.845119,-24.583369,0.421057,7.479813,0.780921
2188,2.188000,-24.154218,-21.908779,-24.583369,0.429151,8.460464,0.778241
2189,2.189000,-24.145900,-21.971706,-24.583369,0.437468,9.263545,0.781361
2190,2.190000,-24.137381,-22.033847,-24.583369,0.445987,10.026750,0.770001
2191,2.191000,-24.128687,-22.095151,-24.583369,0.454682,10.698745,0.822790
2192,2.192000,-24.119843,-22.155580,-24.583369,0.463526,11.423289,0.765842
2193,2.193000,-24.110875,-22.215084,-24.583369,0.472494,12.185092,0.776401
2194,2.194000,-24.101806,-22.273621,-24.583369,0.481562,12.896348,0.881130
2195,2.195000,-24.092664,-22.331141,-24.583369,0.490705,13.589572,0.785611
2196,2.196000,-24.083467,-22.387601,-24.583369,0.499902,14.316860,0.771041
2197,2.197000,-24.074245,-22.442957,-24.583369,0.509124,15.005120,0.767181
2198,2.198000,-24.065017,-22.497163,-24.583369,0.518352,15.631050,0.764002
2199,2.199000,-24.055807,-22.550179,-24.583369,0.527562,16.202526,0.762861
2200,2.200000,-24.046639,-22.601969,-24.583369,0.536730,16.738998,0.775381
2201,2.201000,-24.037533,-22.652500,-24.583369,0.545836,17.268089,0.788971
2202,2.202000,-24.028510,-22.701741,-24.583369,0.554859,18.108814,0.770822
2203,2.203000,-24.019593,-22.749641,-24.583369,0.563776,18.989466,0.769241
2204,2.204000,-24.010801,-22.796144,-24.583369,0.572568,19.960354,0.768541
2205,2.205000,-24.002154,-22.841187,-24.583369,0.581215,21.042267,0.764451
2206,2.206000,-23.993672,-22.884699,-24.583369,0.589696,22.325211,0.767262
2207,2.207000,-23.985374,-22.926594,-24.583369,0.597995,23.503220,0.771551
2208,2.208000,-23.977278,-22.966796,-24.583369,0.606090,24.595356,0.776541
2209,2.209000,-23.969400,-23.005228,-24.583369,0.613969,25.416161,0.783541
2210,2.210000,-23.961758,-23.041836,-24.583369,0.621610,26.033222,0.771101
2211,2.211000,-23.954366,-23.076583,-24.583369,0.629002,26.410553,0.857380
2212,2.212000,-23.947243,-23.109445,-24.583369,0.636126,26.737360,0.779061
2213,2.213000,-23.940399,-23.140411,-24.583369,0.642970,27.019560,0.763641
2214,2.214000,-23.933850,-23.169468,-24.583369,0.649519,27.257078,0.767951
2215,2.215000,-23.927609,-23.196608,-24.583369,0.655760,27.457905,0.768912
2216,2.216000,-23.921687,-23.221825,-24.583369,0.661681,27.630989,0.771541
2217,2.217000,-23.916095,-23.245115,-24.583369,0.667274,27.791912,0.770721
2218,2.218000,-23.910845,-23.266473,-24.583369,0.672524,27.988693,0.783671
2219,2.219000,-23.905946,-23.285889,-24.583369,0.677423,27.988655,0.762551
2220,2.220000,-23.901403,-23.303371,-24.583369,0.681965,27.946257,0.759582
2221,2.221000,-23.897230,-23.318923,-24.583369,0.686139,27.848604,0.765871
2222,2.222000,-23.893431,-23.332563,-24.583369,0.689938,27.701275,0.773921
2223,2.223000,-23.890011,-23.344303,-24.583369,0.693358,27.485477,0.776961
2224,2.224000,-23.886978,-23.354162,-24.583369,0.696391,27.201925,0.790361
2225,2.225000,-23.884335,-23.362167,-24.583369,0.699034,26.871183,0.768601
2226,2.226000,-23.882086,-23.368346,-24.583369,0.701283,26.360601,0.760631
2227,2.227000,-23.880235,-23.372738,-24.583369,0.703134,25.754923,0.760781
2228,2.228000,-23.878782,-23.375388,-24.583369,0.704587,25.323757,0.785921
2229,2.229000,-23.877732,-23.376336,-24.583369,0.705637,24.876312,0.771542
2230,2.230000,-23.877083,-23.375616,-24.583369,0.706286,24.382679,0.786161
2231,2.231000,-23.876835,-23.373264,-24.583369,0.706534,23.811413,0.771891
2232,2.232000,-23.876987,-23.369327,-24.583369,0.706382,23.150129,0.824541
2233,2.233000,-23.877540,-23.363847,-24.583369,0.705828,22.404457,0.759021
2234,2.234000,-23.878490,-23.356884,-24.583369,0.704879,21.603416,0.773031
2235,2.235000,-23.879835,-23.348495,-24.583369,0.703533,20.793516,0.774341
2236,2.236000,-23.881570,-23.338738,-24.583369,0.701799,20.114513,0.786731
2237,2.237000,-23.883691,-23.327666,-24.583369,0.699678,19.424505,0.771971
2238,2.238000,-23.886196,-23.315331,-24.583369,0.697173,18.710375,0.762601
2239,2.239000,-23.889075,-23.301781,-24.583369,0.694294,17.919388,0.789271
2240,2.240000,-23.892326,-23.287074,-24.583369,0.691043,17.021055,0.783441
2241,2.241000,-23.895943,-23.271272,-24.583369,0.687426,16.394934,0.764301
2242,2.242000,-23.899914,-23.254422,-24.583369,0.683454,15.859135,0.781921
2243,2.243000,-23.904236,-23.236568,-24.583369,0.679133,15.274367,0.785051
2244,2.244000,-23.908901,-23.217744,-24.583369,0.674468,14.535974,0.774672
2245,2.245000,-23.913899,-23.198005,-24.583369,0.669470,13.726693,0.762301
2246,2.246000,-23.919222,-23.177403,-24.583369,0.664147,12.759431,0.773001
2247,2.247000,-23.924858,-23.156006,-24.583369,0.658510,11.677484,0.783981
2248,2.248000,-23.930801,-23.133890,-24.583369,0.652568,10.512942,0.780981
2249,2.249000,-23.937040,-23.111137,-24.583369,0.646329,9.531994,0.936830
2250,2.250000,-23.943563,-23.087819,-24.583369,0.639806,8.555571,0.767371
2251,2.251000,-23.950361,-23.064003,-24.583369,0.633008,7.558315,0.780791
2252,2.252000,-23.957421,-23.039761,-24.583369,0.625948,6.443929,0.863030
2253,2.253000,-23.964735,-23.015168,-24.583369,0.618634,5.438886,0.782631
2254,2.254000,-23.972289,-22.990290,-24.583369,0.611080,4.589312,0.775221
2255,2.255000,-23.980072,-22.965193,-24.583369,0.603297,3.542542,0.767162
2256,2.256000,-23.988073,-22.939942,-24.583369,0.595295,2.290770,0.757451
2257,2.257000,-23.996278,-22.914620,-24.583369,0.587091,1.348896,0.771281
2258,2.258000,-24.004678,-22.889298,-24.583369,0.578691,0.544570,0.776722
2259,2.259000,-24.013258,-22.864028,-24.583369,0.570111,-0.100660,0.787310
2260,2.260000,-24.022009,-22.838855,-24.583369,0.561360,-0.547512,0.788591
2261,2.261000,-24.030916,-22.813810,-24.583369,0.552453,-0.949261,0.780751
2262,2.262000,-24.039968,-22.788918,-24.583369,0.543401,-1.303073,0.778761
2263,2.263000,-24.049152,-22.764196,-24.583369,0.534216,-1.549680,0.771461
2264,2.264000,-24.058459,-22.739660,-24.583369,0.524910,-1.763889,0.772121
2265,2.265000,-24.067872,-22.715322,-24.583369,0.515497,-1.969273,0.779181
2266,2.266000,-24.077383,-22.691195,-24.583369,0.505986,-2.189728,0.783051
2267,2.267000,-24.086978,-22.667286,-24.583369,0.496391,-2.448761,0.772591
2268,2.268000,-24.096646,-22.643616,-24.583369,0.486723,-2.714674,0.763961
2269,2.269000,-24.106374,-22.620197,-24.583369,0.476995,-3.002011,0.870840
2270,2.270000,-24.116151,-22.597051,-24.583369,0.467217,-3.287134,0.761511
2271,2.271000,-24.125966,-22.574194,-24.583369,0.457402,-3.566008,0.778822
2272,2.272000,-24.135807,-22.551647,-24.583369,0.447562,-3.844968,0.767521
2273,2.273000,-24.145661,-22.529425,-24.583369,0.437708,-4.119799,0.768811
2274,2.274000,-24.155517,-22.507550,-24.583369,0.427852,-4.385100,0.766761
2275,2.275000,-24.165365,-22.486036,-24.583369,0.418004,-4.640905,0.782101
2276,2.276000,-24.175193,-22.464900,-24.583369,0.408176,-4.887127,0.765952
2277,2.277000,-24.184990,-22.444160,-24.583369,0.398379,-5.128453,0.786931
2278,2.278000,-24.194745,-22.423830,-24.583369,0.388624,-5.405757,0.762221
2279,2.279000,-24.204447,-22.403925,-24.583369,0.378922,-5.674353,0.768061
2280,2.280000,-24.214084,-22.384466,-24.583369,0.369284,-5.967479,0.768491
2281,2.281000,-24.223650,-22.365470,-24.583369,0.359719,-6.231838,0.776882
2282,2.282000,-24.233132,-22.346953,-24.583369,0.350237,-6.465840,0.764931
2283,2.283000,-24.242520,-22.328932,-24.583369,0.340849,-6.672282,0.801041
2284,2.284000,-24.251804,-22.311419,-24.583369,0.331565,-6.854858,0.757861
2285,2.285000,-24.260977,-22.294424,-24.583369,0.322392,-7.017069,0.760381
2286,2.286000,-24.270025,-22.277958,-24.583369,0.313343,-7.161651,0.767992
2287,2.287000,-24.278944,-22.262028,-24.583369,0.304425,-7.290725,0.793831
2288,2.288000,-24.287722,-22.246643,-24.583369,0.295646,-7.405758,0.781611
2289,2.289000,-24.296351,-22.231806,-24.583369,0.287018,-7.515800,0.782881
2290,2.290000,-24.304823,-22.217524,-24.583369,0.278545,-7.620582,0.803711
2291,2.291000,-24.313131,-22.203803,-24.583369,0.270238,-7.701053,0.762341
2292,2.292000,-24.321264,-22.190644,-24.583369,0.262105,-7.770856,0.780001
2293,2.293000,-24.329217,-22.178053,-24.583369,0.254151,-7.831472,0.779971
2294,2.294000,-24.336983,-22.166032,-24.583369,0.246385,-7.886945,0.775901
2295,2.295000,-24.344555,-22.154581,-24.583369,0.238814,-7.934633,0.783431
2296,2.296000,-24.351924,-22.143704,-24.583369,0.231444,-7.973594,0.772501
2297,2.297000,-24.359084,-22.133399,-24.583369,0.224285,-8.003533,0.765951
2298,2.298000,-24.366032,-22.123669,-24.583369,0.217337,-8.024388,0.759901
2299,2.299000,-24.372758,-22.114512,-24.583369,0.210611,-8.059984,0.765492
2300,2.300000,-24.379261,-22.105929,-24.583369,0.204108,-8.111284,0.787311
2301,2.301000,-24.385531,-22.097923,-24.583369,0.197838,-8.175908,0.781791
2302,2.302000,-24.391565,-22.090495,-24.583369,0.191804,-8.231774,0.770031
2303,2.303000,-24.397357,-22.083646,-24.583369,0.186012,-8.277560,0.767541
2304,2.304000,-24.402905,-22.077381,-24.583369,0.180464,-8.313089,0.758312
2305,2.305000,-24.408204,-22.071698,-24.583369,0.175165,-8.338654,0.771401
2306,2.306000,-24.413249,-22.066601,-24.583369,0.170120,-8.354612,0.793441
2307,2.307000,-24.418036,-22.062085,-24.583369,0.165333,-8.361298,0.962319
2308,2.308000,-24.422564,-22.058152,-24.583369,0.160805,-8.358949,0.770831
2309,2.309000,-24.426828,-22.054799,-24.583369,0.156541,-8.347748,0.765802
2310,2.310000,-24.430827,-22.052022,-24.583369,0.152542,-8.327931,0.875799
2311,2.311000,-24.434558,-22.049819,-24.583369,0.148811,-8.299578,0.777931
2312,2.312000,-24.438017,-22.048187,-24.583369,0.145352,-8.262818,0.785071
2313,2.313000,-24.441205,-22.047122,-24.583369,0.142164,-8.217753,0.781401
2314,2.314000,-24.444120,-22.046616,-24.583369,0.139249,-8.175448,0.755451
2315,2.315000,-24.446760,-22.046669,-24.583369,0.136609,-8.134162,0.769762
2316,2.316000,-24.449123,-22.047273,-24.583369,0.134246,-8.094038,0.772031
2317,2.317000,-24.451212,-22.048424,-24.583369,0.132157,-8.044197,0.768891
2318,2.318000,-24.453023,-22.050118,-24.583369,0.130346,-7.984187,0.788031
2319,2.319000,-24.454557,-22.052350,-24.583369,0.128812,-7.914124,0.765061
2320,2.320000,-24.455817,-22.055111,-24.583369,0.127552,-7.845047,0.756402
2321,2.321000,-24.456799,-22.058396,-24.583369,0.126570,-7.862760,0.755781
2322,2.322000,-24.457507,-22.062206,-24.583369,0.125862,-7.869958,0.788371
2323,2.323000,-24.457941,-22.066536,-24.583369,0.125428,-7.900388,0.766221
2324,2.324000,-24.458103,-22.071391,-24.583369,0.125266,-7.995436,0.779661
2325,2.325000,-24.457996,-22.076771,-24.583369,0.125373,-8.099792,0.776411
2326,2.326000,-24.457618,-22.082686,-24.583369,0.125751,-8.216979,0.762401
2327,2.327000,-24.456976,-22.089143,-24.583369,0.126393,-8.305978,0.890850
2328,2.328000,-24.456069,-22.096145,-24.583369,0.127299,-8.385899,0.765101
2329,2.329000,-24.454902,-22.103698,-24.583369,0.128467,-8.430980,0.772141
2330,2.330000,-24.453477,-22.111803,-24.583369,0.129891,-8.456140,0.800111
2331,2.331000,-24.451797,-22.120462,-24.583369,0.131572,-8.465116,0.769982
2332,2.332000,-24.449868,-22.129673,-24.583369,0.133501,-8.442809,0.769011
2333,2.333000,-24.447692,-22.139432,-24.583369,0.135677,-8.391052,0.769581
2334,2.334000,-24.445273,-22.149731,-24.583369,0.138096,-8.312446,0.774441
2335,2.335000,-24.442617,-22.160569,-24.583369,0.140751,-8.207412,0.765202
2336,2.336000,-24.439728,-22.171935,-24.583369,0.143641,-8.076776,0.776901
2337,2.337000,-24.436612,-22.183814,-24.583369,0.146757,-7.921687,0.765701
2338,2.338000,-24.433272,-22.196199,-24.583369,0.150097,-7.712060,0.772481
2339,2.339000,-24.429717,-22.209070,-24.583369,0.153652,-7.478349,0.783821
2340,2.340000,-24.425950,-22.222413,-24.583369,0.157419,-7.223689,0.768541
2341,2.341000,-24.421980,-22.236205,-24.583369,0.161389,-6.951525,0.778402
2342,2.342000,-24.417810,-22.250429,-24.583369,0.165559,-6.663355,0.772081
2343,2.343000,-24.413449,-22.265061,-24.583369,0.169920,-6.359171,0.777251
2344,2.344000,-24.408904,-22.280079,-24.583369,0.174465,-6.040411,0.770021
2345,2.345000,-24.404181,-22.295462,-24.583369,0.179188,-5.709255,0.778541
2346,2.346000,-24.399285,-22.311185,-24.583369,0.184084,-5.365179,0.775912
2347,2.347000,-24.394229,-22.327222,-24.583369,0.189140,-5.013269,0.787271
2348,2.348000,-24.389014,-22.343550,-24.583369,0.194355,-4.652921,0.834200
2349,2.349000,-24.383654,-22.360142,-24.583369,0.199715,-4.284659,0.758351
2350,2.350000,-24.378152,-22.376975,-24.583369,0.205216,-3.909619,0.760302
2351,2.351000,-24.372519,-22.394018,-24.583369,0.210850,-3.528950,0.768441
2352,2.352000,-24.366761,-22.411249,-24.583369,0.216607,-3.143892,0.772421
2353,2.353000,-24.360887,-22.428639,-24.583369,0.222481,-2.755862,0.780491
2354,2.354000,-24.354906,-22.446162,-24.583369,0.228463,-2.381441,0.773901
2355,2.355000,-24.348827,-22.463790,-24.583369,0.234542,-2.007740,0.762262
2356,2.356000,-24.342656,-22.481499,-24.583369,0.240713,-1.632638,0.750991
2357,2.357000,-24.336403,-22.499265,-24.583369,0.246966,-1.257451,0.767732
2358,2.358000,-24.330076,-22.517059,-24.583369,0.253292,-0.884445,0.774701
2359,2.359000,-24.323687,-22.534858,-24.583369,0.259682,-0.511999,0.779161
2360,2.360000,-24.317239,-22.552637,-24.583369,0.266130,-0.141754,0.781221
2361,2.361000,-24.310745,-22.570370,-24.583369,0.272624,0.226610,0.775891
2362,2.362000,-24.304210,-22.588033,-24.583369,0.279158,0.648928,0.752472
2363,2.363000,-24.297647,-22.605597,-24.583369,0.285722,1.090540,0.767661
2364,2.364000,-24.291062,-22.623033,-24.583369,0.292306,1.649025,0.777741
2365,2.365000,-24.284464,-22.640306,-24.583369,0.298904,2.179448,0.776171
2366,2.366000,-24.277861,-22.657377,-24.583369,0.305508,2.672921,0.866030
2367,2.367000,-24.271262,-22.674213,-24.583369,0.312107,3.116913,0.768272
2368,2.368000,-24.264676,-22.690783,-24.583369,0.318693,3.521786,0.865410
2369,2.369000,-24.258110,-22.707060,-24.583369,0.325259,3.906340,0.778171
2370,2.370000,-24.251572,-22.723018,-24.583369,0.331797,4.273355,0.762561
2371,2.371000,-24.245071,-22.738637,-24.583369,0.338298,4.624321,0.779361
2372,2.372000,-24.238617,-22.753891,-24.583369,0.344752,4.950308,0.775132
2373,2.373000,-24.232213,-22.768760,-24.583369,0.351155,5.220024,0.771101
2374,2.374000,-24.225870,-22.783228,-24.583369,0.357499,5.469359,0.770641
2375,2.375000,-24.219595,-22.797278,-24.583369,0.363774,5.687035,0.773431
2376,2.376000,-24.213393,-22.810899,-24.583369,0.369976,5.897287,0.761772
2377,2.377000,-24.207273,-22.824076,-24.583369,0.376096,6.069425,0.772501
2378,2.378000,-24.201244,-22.836802,-24.583369,0.382125,6.233475,0.766181
2379,2.379000,-24.195308,-22.849066,-24.583369,0.388061,6.392955,0.777361
2380,2.380000,-24.189474,-22.860860,-24.583369,0.393895,6.547742,0.772651
2381,2.381000,-24.183748,-22.872174,-24.583369,0.399621,6.704694,0.787111
2382,2.382000,-24.178137,-22.882998,-24.583369,0.405232,6.857084,0.763721
2383,2.383000,-24.172646,-22.893327,-24.583369,0.410723,6.972952,0.798171
2384,2.384000,-24.167281,-22.903153,-24.583369,0.416088,7.080145,0.757611
2385,2.385000,-24.162045,-22.912467,-24.583369,0.421324,7.148756,0.759771
2386,2.386000,-24.156946,-22.921270,-24.583369,0.426422,7.208536,0.764492
2387,2.387000,-24.151989,-22.929558,-24.583369,0.431379,7.261642,0.876720
2388,2.388000,-24.147178,-22.937327,-24.583369,0.436191,7.309967,0.789451
2389,2.389000,-24.142516,-22.944579,-24.583369,0.440853,7.345713,0.781341
2390,2.390000,-24.138008,-22.951312,-24.583369,0.445361,7.376170,0.763451
2391,2.391000,-24.133661,-22.957526,-24.583369,0.449708,7.401935,0.772481
2392,2.392000,-24.129474,-22.963219,-24.583369,0.453895,7.422476,0.762462
2393,2.393000,-24.125454,-22.968393,-24.583369,0.457915,7.437286,0.794661
2394,2.394000,-24.121602,-22.973048,-24.583369,0.461767,7.445793,0.773571
2395,2.395000,-24.117922,-22.977185,-24.583369,0.465447,7.447613,0.786201
2396,2.396000,-24.114418,-22.980803,-24.583369,0.468951,7.442409,0.775431
2397,2.397000,-24.111090,-22.983909,-24.583369,0.472279,7.429900,0.763311
2398,2.398000,-24.107942,-22.986501,-24.583369,0.475427,7.409901,0.760581
2399,2.399000,-24.104976,-22.988583,-24.583369,0.478393,7.382237,0.771271
2400,2.400000,-24.102192,-22.990159,-24.583369,0.481177,7.346782,0.775931
2401,2.401000,-24.099593,-22.991231,-24.583369,0.483775,7.303522,0.773562
2402,2.402000,-24.097182,-22.991805,-24.583369,0.486187,7.252355,0.774821
2403,2.403000,-24.094956,-22.991887,-24.583369,0.488413,7.193289,0.775261
2404,2.404000,-24.092919,-22.991481,-24.583369,0.490450,7.126346,0.850210
2405,2.405000,-24.091071,-22.990591,-24.583369,0.492298,7.051521,0.775131
2406,2.406000,-24.089410,-22.989227,-24.583369,0.493959,6.971705,0.760842
2407,2.407000,-24.087939,-22.987394,-24.583369,0.495429,6.884689,0.864700
2408,2.408000,-24.086657,-22.985099,-24.583369,0.496712,6.790837,0.772041
2409,2.409000,-24.085562,-22.982352,-24.583369,0.497806,6.693033,0.779911
2410,2.410000,-24.084656,-22.979159,-24.583369,0.498713,6.587707,0.769791
2411,2.411000,-24.083935,-22.975529,-24.583369,0.499434,6.474923,0.780362
2412,2.412000,-24.083401,-22.971470,-24.583369,0.499968,6.354915,0.772281
2413,2.413000,-24.083051,-22.966991,-24.583369,0.500318,6.227499,0.768431
2414,2.414000,-24.082885,-22.962104,-24.583369,0.500484,6.092982,0.771851
2415,2.415000,-24.082899,-22.956819,-24.583369,0.500470,5.951686,0.771191
2416,2.416000,-24.083093,-22.951147,-24.583369,0.500275,5.804022,0.777401
2417,2.417000,-24.083464,-22.945097,-24.583369,0.499905,5.650126,0.777731
2418,2.418000,-24.084009,-22.938681,-24.583369,0.499360,5.490273,0.786181
2419,2.419000,-24.084726,-22.931913,-24.583369,0.498643,5.324735,0.774561
2420,2.420000,-24.085614,-22.924804,-24.583369,0.497755,5.153949,0.757082
2421,2.421000,-24.086667,-22.917366,-24.583369,0.496702,4.979311,0.761661
2422,2.422000,-24.087886,-22.909614,-24.583369,0.495482,4.800659,0.784311
2423,2.423000,-24.089264,-22.901558,-24.583369,0.494104,4.618124,0.793491
2424,2.424000,-24.090799,-22.893215,-24.583369,0.492569,4.432859,0.863250
2425,2.425000,-24.092488,-22.884595,-24.583369,0.490881,4.243875,0.775681
2426,2.426000,-24.094326,-22.875712,-24.583369,0.489043,4.050588,0.861210
2427,2.427000,-24.096310,-22.866584,-24.583369,0.487059,3.850379,0.763541
2428,2.428000,-24.098436,-22.857220,-24.583369,0.484933,3.647832,0.765811
2429,2.429000,-24.100700,-22.847637,-24.583369,0.482669,3.466720,0.761111
2430,2.430000,-24.103097,-22.837847,-24.583369,0.480272,3.285579,0.782121
2431,2.431000,-24.105624,-22.827867,-24.583369,0.477744,3.088337,0.767012
2432,2.432000,-24.108275,-22.817705,-24.583369,0.475094,2.882514,0.773211
2433,2.433000,-24.111046,-22.807378,-24.583369,0.472323,2.674500,0.766081
2434,2.434000,-24.113933,-22.796900,-24.583369,0.469435,2.465663,0.774581
2435,2.435000,-24.116930,-22.786286,-24.583369,0.466439,2.256497,0.760172
2436,2.436000,-24.120033,-22.775553,-24.583369,0.463336,2.047418,0.766451
2437,2.437000,-24.123236,-22.764711,-24.583369,0.460133,1.838671,0.766391
2438,2.438000,-24.126535,-22.753778,-24.583369,0.456834,1.626653,0.768642
2439,2.439000,-24.129925,-22.742766,-24.583369,0.453444,1.443431,0.774861
2440,2.440000,-24.133399,-22.731691,-24.583369,0.449969,1.285894,0.781441
2441,2.441000,-24.136954,-22.720563,-24.583369,0.446414,1.125212,0.774151
2442,2.442000,-24.140585,-22.709390,-24.583369,0.442784,0.959600,0.768761
2443,2.443000,-24.144285,-22.698187,-24.583369,0.439084,0.789109,0.769602
2444,2.444000,-24.148048,-22.686963,-24.583369,0.435320,0.614657,0.767301
2445,2.445000,-24.151872,-22.675729,-24.583369,0.431497,0.437093,0.880860
2446,2.446000,-24.155748,-22.664501,-24.583369,0.427621,0.257344,0.781821
2447,2.447000,-24.159673,-22.653287,-24.583369,0.423695,0.076204,0.777101
2448,2.448000,-24.163642,-22.642101,-24.583369,0.419727,-0.093996,0.769341
2449,2.449000,-24.167646,-22.630956,-24.583369,0.415723,-0.251397,0.759252
2450,2.450000,-24.171683,-22.619860,-24.583369,0.411686,-0.408331,0.758191
2451,2.451000,-24.175747,-22.608824,-24.583369,0.407622,-0.567540,0.774221
2452,2.452000,-24.179831,-22.597860,-24.583369,0.403538,-0.728828,0.781951
2453,2.453000,-24.183931,-22.586976,-24.583369,0.399438,-0.891660,0.770162
2454,2.454000,-24.188041,-22.576186,-24.583369,0.395328,-1.055276,0.772511
2455,2.455000,-24.192156,-22.565500,-24.583369,0.391213,-1.220939,0.765001
2456,2.456000,-24.196271,-22.554927,-24.583369,0.387098,-1.384543,0.761531
2457,2.457000,-24.200381,-22.544481,-24.583369,0.382987,-1.581749,0.777061
2458,2.458000,-24.204481,-22.534170,-24.583369,0.378888,-1.778507,0.781451
2459,2.459000,-24.208564,-22.524010,-24.583369,0.374805,-1.962844,0.779161
2460,2.460000,-24.212626,-22.514016,-24.583369,0.370743,-2.135323,0.795851
2461,2.461000,-24.216663,-22.504194,-24.583369,0.366706,-2.299566,0.765811
2462,2.462000,-24.220669,-22.494560,-24.583369,0.362700,-2.456343,0.912730
2463,2.463000,-24.224639,-22.485119,-24.583369,0.358730,-2.606181,0.783301
2464,2.464000,-24.228568,-22.475887,-24.583369,0.354801,-2.749692,0.920169
2465,2.465000,-24.232452,-22.466866,-24.583369,0.350916,-2.888536,0.769262
2466,2.466000,-24.236286,-22.458068,-24.583369,0.347083,-3.022194,0.767681
2467,2.467000,-24.240066,-22.449503,-24.583369,0.343302,-3.149561,0.775341
2468,2.468000,-24.243787,-22.441177,-24.583369,0.339582,-3.270761,0.773771
2469,2.469000,-24.247446,-22.433097,-24.583369,0.335922,-3.385814,0.783441
2470,2.470000,-24.251037,-22.425272,-24.583369,0.332331,-3.494858,0.761352
2471,2.471000,-24.254557,-22.417705,-24.583369,0.328812,-3.597943,0.790411
2472,2.472000,-24.258001,-22.410406,-24.583369,0.325368,-3.695156,0.764531
2473,2.473000,-24.261366,-22.403379,-24.583369,0.322002,-3.786519,0.769571
2474,2.474000,-24.264648,-22.396629,-24.583369,0.318721,-3.876102,0.771301
2475,2.475000,-24.267845,-22.390163,-24.583369,0.315524,-3.963760,0.802360
2476,2.476000,-24.270951,-22.383983,-24.583369,0.312418,-4.044858,0.768752
2477,2.477000,-24.273965,-22.378097,-24.583369,0.309404,-4.119164,0.774311
2478,2.478000,-24.276883,-22.372507,-24.583369,0.306486,-4.186708,0.763141
2479,2.479000,-24.279700,-22.367217,-24.583369,0.303669,-4.247735,0.773441
2480,2.480000,-24.282415,-22.362229,-24.583369,0.300954,-4.302433,0.772402
2481,2.481000,-24.285026,-22.357550,-24.583369,0.298343,-4.350937,0.787041
2482,2.482000,-24.287529,-22.353177,-24.583369,0.295839,-4.407113,0.871670
2483,2.483000,-24.289923,-22.349117,-24.583369,0.293445,-4.483702,0.782771
2484,2.484000,-24.292205,-22.345372,-24.583369,0.291164,-4.554133,0.909749
2485,2.485000,-24.294372,-22.341947,-24.583369,0.288997,-4.616610,0.773531
2486,2.486000,-24.296422,-22.338844,-24.583369,0.286946,-4.670883,0.772581
2487,2.487000,-24.298354,-22.336066,-24.583369,0.285015,-4.714906,0.775341
2488,2.488000,-24.300167,-22.333617,-24.583369,0.283202,-4.746502,0.785061
2489,2.489000,-24.301857,-22.331496,-24.583369,0.281511,-4.770653,0.771231
2490,2.490000,-24.303427,-22.329707,-24.583369,0.279942,-4.781132,0.770102
2491,2.491000,-24.304871,-22.328245,-24.583369,0.278498,-4.783624,0.772841
2492,2.492000,-24.306191,-22.327113,-24.583369,0.277178,-4.780170,0.784621
2493,2.493000,-24.307385,-22.326309,-24.583369,0.275984,-4.770741,0.764141
2494,2.494000,-24.308452,-22.325829,-24.583369,0.274917,-4.755849,0.774641
2495,2.495000,-24.309393,-22.325674,-24.583369,0.273976,-4.735624,0.770311
2496,2.496000,-24.310206,-22.325838,-24.583369,0.273163,-4.709825,0.762331
2497,2.497000,-24.310890,-22.326321,-24.583369,0.272478,-4.678470,0.770711
2498,2.498000,-24.311449,-22.327120,-24.583369,0.271920,-4.641850,0.779101
2499,2.499000,-24.311879,-22.328230,-24.583369,0.271490,-4.600059,0.785341
2500,2.500000,-24.312183,-22.329647,-24.583369,0.271186,-4.553205,0.764741
2501,2.501000,-24.312359,-22.331370,-24.583369,0.271010,-4.501337,0.954909
2502,2.502000,-24.312408,-22.333390,-24.583369,0.270960,-4.444505,0.757251
2503,2.503000,-24.312332,-22.335706,-24.583369,0.271037,-4.382841,0.767211
2504,2.504000,-24.312132,-22.338311,-24.583369,0.271237,-4.316368,0.794381
2505,2.505000,-24.311807,-22.341200,-24.583369,0.271561,-4.245214,0.778781
2506,2.506000,-24.311360,-22.344368,-24.583369,0.272009,-4.169493,0.775751
2507,2.507000,-24.310793,-22.347809,-24.583369,0.272576,-4.089340,0.772741
2508,2.508000,-24.310105,-22.351516,-24.583369,0.273264,-4.004805,0.765791
2509,2.509000,-24.309299,-22.355481,-24.583369,0.274070,-3.916073,0.758382
2510,2.510000,-24.308375,-22.359700,-24.583369,0.274994,-3.823685,0.771361
2511,2.511000,-24.307339,-22.364164,-24.583369,0.276030,-3.728753,0.770141
2512,2.512000,-24.306190,-22.368868,-24.583369,0.277179,-3.630210,0.777941
2513,2.513000,-24.304928,-22.373801,-24.583369,0.278441,-3.527824,0.773702
2514,2.514000,-24.303560,-22.378959,-24.583369,0.279809,-3.421696,0.775471
2515,2.515000,-24.302085,-22.384333,-24.583369,0.281284,-3.311985,0.766531
2516,2.516000,-24.300505,-22.389913,-24.583369,0.282864,-3.198811,0.770381
2517,2.517000,-24.298827,-22.395693,-24.583369,0.284542,-3.081961,0.768282
2518,2.518000,-24.297049,-22.401665,-24.583369,0.286320,-2.962082,0.791901
2519,2.519000,-24.295176,-22.407819,-24.583369,0.288193,-2.839367,0.774201
2520,2.520000,-24.293209,-22.414145,-24.583369,0.290160,-2.713604,0.767921
2521,2.521000,-24.291153,-22.420636,-24.583369,0.292216,-2.585252,0.763531
2522,2.522000,-24.289012,-22.427281,-24.583369,0.294357,-2.454625,0.979328
2523,2.523000,-24.286785,-22.434072,-24.583369,0.296584,-2.321932,0.773281
2524,2.524000,-24.284480,-22.441000,-24.583369,0.298889,-2.187366,0.766461
2525,2.525000,-24.282096,-22.448054,-24.583369,0.301273,-2.051053,0.764931
2526,2.526000,-24.279639,-22.455225,-24.583369,0.303730,-1.914218,0.765511
2527,2.527000,-24.277113,-22.462503,-24.583369,0.306255,-1.777240,0.773722
2528,2.528000,-24.274520,-22.469879,-24.583369,0.308849,-1.638522,0.779691
2529,2.529000,-24.271863,-22.477343,-24.583369,0.311506,-1.498189,0.764371
2530,2.530000,-24.269148,-22.484885,-24.583369,0.314221,-1.356472,0.759202
2531,2.531000,-24.266376,-22.492496,-24.583369,0.316992,-1.213591,0.761511
2532,2.532000,-24.263552,-22.500166,-24.583369,0.319817,-1.069798,0.761671
2533,2.533000,-24.260680,-22.507884,-24.583369,0.322689,-0.925371,0.768981
2534,2.534000,-24.257763,-22.515642,-24.583369,0.325605,-0.780503,0.784790
2535,2.535000,-24.254806,-22.523426,-24.583369,0.328563,-0.635422,0.767081
2536,2.536000,-24.251811,-22.531232,-24.583369,0.331558,-0.490325,0.783241
2537,2.537000,-24.248785,-22.539045,-24.583369,0.334584,-0.345415,0.782561
2538,2.538000,-24.245729,-22.546857,-24.583369,0.337640,-0.200918,0.763621
2539,2.539000,-24.242647,-22.554659,-24.583369,0.340722,-0.057013,0.951589
2540,2.540000,-24.239544,-22.562442,-24.583369,0.343825,0.083989,0.775152
2541,2.541000,-24.236423,-22.570193,-24.583369,0.346946,0.223268,0.778311
2542,2.542000,-24.233289,-22.577906,-24.583369,0.350080,0.370563,0.868540
2543,2.543000,-24.230146,-22.585569,-24.583369,0.353223,0.526298,0.772071
2544,2.544000,-24.226995,-22.593173,-24.583369,0.356374,0.681180,0.767381
2545,2.545000,-24.223843,-22.600708,-24.583369,0.359526,0.831461,0.778711
2546,2.546000,-24.220694,-22.608164,-24.583369,0.362675,0.965079,0.760591
2547,2.547000,-24.217549,-22.615528,-24.583369,0.365820,1.100234,0.775641
2548,2.548000,-24.214414,-22.622797,-24.583369,0.368955,1.264082,0.770611
2549,2.549000,-24.211293,-22.629957,-24.583369,0.372076,1.435361,0.770741
2550,2.550000,-24.208187,-22.636997,-24.583369,0.375182,1.593963,0.768411
2551,2.551000,-24.205101,-22.643908,-24.583369,0.378268,1.741326,0.776801
2552,2.552000,-24.202039,-22.650678,-24.583369,0.381329,1.877848,0.769001
2553,2.553000,-24.199005,-22.657300,-24.583369,0.384364,2.005336,0.762332
2554,2.554000,-24.196003,-22.663765,-24.583369,0.387366,2.125691,0.774161
2555,2.555000,-24.193034,-22.670064,-24.583369,0.390335,2.240737,0.770711
2556,2.556000,-24.190102,-22.676192,-24.583369,0.393267,2.349704,0.774991
2557,2.557000,-24.187211,-22.682141,-24.583369,0.396158,2.452791,0.793761
2558,2.558000,-24.184365,-22.687904,-24.583369,0.399004,2.550174,0.773041
2559,2.559000,-24.181564,-22.693478,-24.583369,0.401805,2.642020,0.877571
2560,2.560000,-24.178815,-22.698853,-24.583369,0.404554,2.728503,0.754681
2561,2.561000,-24.176117,-22.704029,-24.583369,0.407252,2.809722,0.763671
2562,2.562000,-24.173476,-22.708996,-24.583369,0.409893,2.885770,0.766071
2563,2.563000,-24.170892,-22.713753,-24.583369,0.412477,2.956746,0.782082
2564,2.564000,-24.168370,-22.718293,-24.583369,0.414999,3.022630,0.770641
2565,2.565000,-24.165911,-22.722615,-24.583369,0.417458,3.083541,0.774251
2566,2.566000,-24.163517,-22.726715,-24.583369,0.419852,3.139521,0.764351
2567,2.567000,-24.161193,-22.730590,-24.583369,0.422176,3.190588,0.763502
2568,2.568000,-24.158937,-22.734235,-24.583369,0.424431,3.236830,0.761231
2569,2.569000,-24.156755,-22.737650,-24.583369,0.426614,3.278228,0.782081
2570,2.570000,-24.154648,-22.740833,-24.583369,0.428721,3.314912,0.770671
2571,2.571000,-24.152616,-22.743780,-24.583369,0.430753,3.346806,0.781191
2572,2.572000,-24.150663,-22.746492,-24.583369,0.432706,3.373990,0.760302
2573,2.573000,-24.148788,-22.748968,-24.583369,0.434581,3.396505,0.769401
2574,2.574000,-24.146995,-22.751203,-24.583369,0.436374,3.414377,0.757411
2575,2.575000,-24.145286,-22.753203,-24.583369,0.438083,3.427643,0.791271
2576,2.576000,-24.143660,-22.754961,-24.583369,0.439709,3.436422,0.773212
2577,2.577000,-24.142118,-22.756483,-24.583369,0.441251,3.440683,0.777741
2578,2.578000,-24.140665,-22.757765,-24.583369,0.442704,3.440500,0.775361
2579,2.579000,-24.139297,-22.758812,-24.583369,0.444072,3.435916,0.771921
2580,2.580000,-24.138018,-22.759621,-24.583369,0.445351,3.427015,0.965299
2581,2.581000,-24.136826,-22.760195,-24.583369,0.446542,3.413811,0.773241
2582,2.582000,-24.135725,-22.760536,-24.583369,0.447644,3.396394,0.767232
2583,2.583000,-24.134714,-22.760647,-24.583369,0.448655,3.374892,0.770971
2584,2.584000,-24.133794,-22.760528,-24.583369,0.449575,3.349319,0.765531
2585,2.585000,-24.132964,-22.760181,-24.583369,0.450405,3.319750,0.769861
2586,2.586000,-24.132223,-22.759611,-24.583369,0.451146,3.286288,0.769602
2587,2.587000,-24.131574,-22.758820,-24.583369,0.451795,3.249000,0.779731
2588,2.588000,-24.131017,-22.757811,-24.583369,0.452351,3.207971,0.771271
2589,2.589000,-24.130549,-22.756587,-24.583369,0.452819,3.163363,0.771741
2590,2.590000,-24.130172,-22.755153,-24.583369,0.453197,3.115163,0.778001
2591,2.591000,-24.129884,-22.753512,-24.583369,0.453485,3.063529,0.769722
2592,2.592000,-24.129685,-22.751667,-24.583369,0.453683,3.008605,0.785921
2593,2.593000,-24.129576,-22.749624,-24.583369,0.453793,2.950444,0.773531
2594,2.594000,-24.129554,-22.747387,-24.583369,0.453815,2.889157,0.770831
2595,2.595000,-24.129621,-22.744962,-24.583369,0.453748,2.824878,0.778391
2596,2.596000,-24.129773,-22.742351,-24.583369,0.453596,2.758175,0.762391
2597,2.597000,-24.130010,-22.739563,-24.583369,0.453359,2.697255,0.928759
2598,2.598000,-24.130331,-22.736598,-24.583369,0.453038,2.635215,0.781831
2599,2.599000,-24.130736,-22.733467,-24.583369,0.452633,2.569658,0.963199
2600,2.600000,-24.131222,-22.730168,-24.583369,0.452147,2.500434,0.779231
2601,2.601000,-24.131787,-22.726710,-24.583369,0.451581,2.427672,0.772151
2602,2.602000,-24.132435,-22.723099,-24.583369,0.450934,2.351755,0.766311
2603,2.603000,-24.133157,-22.719338,-24.583369,0.450212,2.266495,0.773211
2604,2.604000,-24.133956,-22.715435,-24.583369,0.449413,2.177209,0.784771
2605,2.605000,-24.134829,-22.711397,-24.583369,0.448540,2.086354,0.762802
2606,2.606000,-24.135775,-22.707229,-24.583369,0.447594,1.994425,0.772981
2607,2.607000,-24.136791,-22.702937,-24.583369,0.446578,1.901477,0.767641
2608,2.608000,-24.137875,-22.698530,-24.583369,0.445494,1.810179,0.767542
2609,2.609000,-24.139026,-22.694014,-24.583369,0.444343,1.719888,0.769361
2610,2.610000,-24.140242,-22.689395,-24.583369,0.443127,1.628284,0.804801
2611,2.611000,-24.141519,-22.684680,-24.583369,0.441850,1.535342,0.771551
2612,2.612000,-24.142857,-22.679875,-24.583369,0.440511,1.441041,0.765631
2613,2.613000,-24.144254,-22.674987,-24.583369,0.439115,1.345565,0.774601
2614,2.614000,-24.145706,-22.670023,-24.583369,0.437663,1.268276,0.781031
2615,2.615000,-24.147212,-22.664987,-24.583369,0.436157,1.190637,0.778731
2616,2.616000,-24.148769,-22.659885,-24.583369,0.434600,1.109499,0.786701
2617,2.617000,-24.150376,-22.654725,-24.583369,0.432993,1.024997,0.866130
2618,2.618000,-24.152029,-22.649510,-24.583369,0.431340,0.938121,0.768021
2619,2.619000,-24.153724,-22.644247,-24.583369,0.429645,0.849255,0.957829
2620,2.620000,-24.155463,-22.638944,-24.583369,0.427906,0.758808,0.765461
2621,2.621000,-24.157240,-22.633603,-24.583369,0.426129,0.667072,0.771422
2622,2.622000,-24.159054,-22.628234,-24.583369,0.424315,0.574356,0.788281
2623,2.623000,-24.160901,-22.622842,-24.583369,0.422468,0.480919,0.775741
2624,2.624000,-24.162779,-22.617432,-24.583369,0.420589,0.386946,0.771861
2625,2.625000,-24.164687,-22.612012,-24.583369,0.418682,0.292683,0.771951
2626,2.626000,-24.166620,-22.606591,-24.583369,0.416749,0.199400,0.763872
2627,2.627000,-24.168577,-22.601171,-24.583369,0.414792,0.111402,0.773891
2628,2.628000,-24.170554,-22.595760,-24.583369,0.412815,0.024839,0.765601
2629,2.629000,-24.172550,-22.590364,-24.583369,0.410819,-0.056165,0.778431
2630,2.630000,-24.174560,-22.584987,-24.583369,0.408809,-0.138903,0.769321
2631,2.631000,-24.176583,-22.579637,-24.583369,0.406786,-0.222844,0.777051
2632,2.632000,-24.178619,-22.574316,-24.583369,0.404750,-0.310157,0.764741
2633,2.633000,-24.180659,-22.569035,-24.583369,0.402710,-0.397525,0.780931
2634,2.634000,-24.182707,-22.563795,-24.583369,0.400662,-0.484518,0.762631
2635,2.635000,-24.184756,-22.558604,-24.583369,0.398613,-0.570852,0.767482
2636,2.636000,-24.186805,-22.553467,-24.583369,0.396564,-0.656323,0.893040
2637,2.637000,-24.188850,-22.548391,-24.583369,0.394519,-0.740760,0.770331
2638,2.638000,-24.190891,-22.543379,-24.583369,0.392478,-0.824058,0.782421
2639,2.639000,-24.192923,-22.538438,-24.583369,0.390446,-0.906078,0.787811
2640,2.640000,-24.194946,-22.533574,-24.583369,0.388423,-0.986659,0.765251
2641,2.641000,-24.196956,-22.528792,-24.583369,0.386413,-1.065650,0.781591
2642,2.642000,-24.198950,-22.524096,-24.583369,0.384418,-1.143020,0.760452
2643,2.643000,-24.200926,-22.519491,-24.583369,0.382443,-1.218648,0.770781
2644,2.644000,-24.202883,-22.514984,-24.583369,0.380486,-1.292347,0.769921
2645,2.645000,-24.204818,-22.510577,-24.583369,0.378551,-1.364079,0.787911
2646,2.646000,-24.206728,-22.506276,-24.583369,0.376641,-1.433761,0.781331
2647,2.647000,-24.208612,-22.502086,-24.583369,0.374757,-1.501286,0.787141
2648,2.648000,-24.210466,-22.498010,-24.583369,0.372903,-1.566508,0.760761
2649,2.649000,-24.212290,-22.494053,-24.583369,0.371079,-1.629434,0.752151
2650,2.650000,-24.214079,-22.490218,-24.583369,0.369290,-1.689956,0.765912
2651,2.651000,-24.215835,-22.486509,-24.583369,0.367534,-1.748083,0.784901
2652,2.652000,-24.217552,-22.482930,-24.583369,0.365816,-1.803676,0.765571
2653,2.653000,-24.219233,-22.479484,-24.583369,0.364136,-1.856694,0.804391
2654,2.654000,-24.220870,-22.476174,-24.583369,0.362499,-1.907098,0.764971
2655,2.655000,-24.222467,-22.473003,-24.583369,0.360902,-1.954874,0.765722
2656,2.656000,-24.224019,-22.469975,-24.583369,0.359350,-1.999872,0.769001
2657,2.657000,-24.225525,-22.467091,-24.583369,0.357844,-2.042143,0.965569
2658,2.658000,-24.226983,-22.464354,-24.583369,0.356386,-2.081657,0.773681
2659,2.659000,-24.228394,-22.461767,-24.583369,0.354975,-2.118347,0.773551
2660,2.660000,-24.229753,-22.459330,-24.583369,0.353616,-2.152400,0.769232
2661,2.661000,-24.231061,-22.457049,-24.583369,0.352308,-2.186440,0.766741
2662,2.662000,-24.232316,-22.454921,-24.583369,0.351053,-2.218106,0.769181
2663,2.663000,-24.233516,-22.452949,-24.583369,0.349853,-2.246453,0.768411
2664,2.664000,-24.234662,-22.451137,-24.583369,0.348707,-2.271350,0.769621
2665,2.665000,-24.235751,-22.449483,-24.583369,0.347617,-2.292859,0.773341
2666,2.666000,-24.236783,-22.447990,-24.583369,0.346586,-2.311011,0.770391
2667,2.667000,-24.237756,-22.446659,-24.583369,0.345613,-2.325849,0.775101
2668,2.668000,-24.238671,-22.445487,-24.583369,0.344697,-2.337502,0.771121
2669,2.669000,-24.239527,-22.444480,-24.583369,0.343842,-2.345977,0.779781
2670,2.670000,-24.240321,-22.443633,-24.583369,0.343048,-2.351322,0.765171
2671,2.671000,-24.241055,-22.442948,-24.583369,0.342314,-2.353568,0.772231
2672,2.672000,-24.241726,-22.442426,-24.583369,0.341643,-2.352779,0.778761
2673,2.673000,-24.242337,-22.442064,-24.583369,0.341031,-2.349023,0.769452
2674,2.674000,-24.242886,-22.441860,-24.583369,0.340483,-2.342379,0.934849
2675,2.675000,-24.243371,-22.441818,-24.583369,0.339998,-2.332796,0.777671
2676,2.676000,-24.243794,-22.441934,-24.583369,0.339575,-2.320320,0.940759
2677,2.677000,-24.244154,-22.442205,-24.583369,0.339215,-2.305055,0.776731
2678,2.678000,-24.244451,-22.442634,-24.583369,0.338917,-2.287031,0.767131
2679,2.679000,-24.244687,-22.443214,-24.583369,0.338682,-2.266273,0.764051
2680,2.680000,-24.244860,-22.443947,-24.583369,0.338509,-2.242911,0.779261
2681,2.681000,-24.244969,-22.444830,-24.583369,0.338400,-2.216930,0.768171
2682,2.682000,-24.245017,-22.445859,-24.583369,0.338352,-2.188390,0.778841
2683,2.683000,-24.245003,-22.447034,-24.583369,0.338366,-2.157718,0.771571
2684,2.684000,-24.244928,-22.448351,-24.583369,0.338441,-2.125137,0.785881
2685,2.685000,-24.244791,-22.449807,-24.583369,0.338578,-2.090465,0.765111
2686,2.686000,-24.244595,-22.451402,-24.583369,0.338774,-2.053412,0.785081
2687,2.687000,-24.244339,-22.453130,-24.583369,0.339030,-2.013977,0.764801
2688,2.688000,-24.244025,-22.454990,-24.583369,0.339344,-1.972266,0.778412
2689,2.689000,-24.243651,-22.456976,-24.583369,0.339718,-1.928369,0.770251
2690,2.690000,-24.243220,-22.459088,-24.583369,0.340149,-1.882331,0.771441
2691,2.691000,-24.242734,-22.461321,-24.583369,0.340635,-1.834232,0.770261
2692,2.692000,-24.242192,-22.463671,-24.583369,0.341176,-1.784204,0.790970
2693,2.693000,-24.241596,-22.466135,-24.583369,0.341772,-1.732333,0.759342
2694,2.694000,-24.240946,-22.468706,-24.583369,0.342423,-1.678703,0.864430
2695,2.695000,-24.240246,-22.471386,-24.583369,0.343123,-1.623387,0.774501
2696,2.696000,-24.239493,-22.474167,-24.583369,0.343876,-1.566401,0.961379
2697,2.697000,-24.238690,-22.477044,-24.583369,0.344679,-1.507909,0.774651
2698,2.698000,-24.237842,-22.480017,-24.583369,0.345527,-1.447971,0.773002
2699,2.699000,-24.236943,-22.483077,-24.583369,0.346425,-1.386661,0.779561
2700,2.700000,-24.236001,-22.486222,-24.583369,0.347368,-1.324096,0.774211
2701,2.701000,-24.235016,-22.489446,-24.583369,0.348353,-1.260347,0.760531
2702,2.702000,-24.233986,-22.492747,-24.583369,0.349383,-1.195503,0.761291
2703,2.703000,-24.232917,-22.496118,-24.583369,0.350452,-1.129651,0.777271
2704,2.704000,-24.231807,-22.499555,-24.583369,0.351562,-1.062873,0.767791
2705,2.705000,-24.230660,-22.503054,-24.583369,0.352709,-0.995261,0.768741
2706,2.706000,-24.229476,-22.506609,-24.583369,0.353893,-0.926895,0.767701
2707,2.707000,-24.228259,-22.510215,-24.583369,0.355110,-0.857886,0.768621
2708,2.708000,-24.227009,-22.513869,-24.583369,0.356360,-0.788310,0.754651
2709,2.709000,-24.225728,-22.517566,-24.583369,0.357641,-0.718227,0.768731
2710,2.710000,-24.224418,-22.521299,-24.583369,0.358950,-0.647766,0.776311
2711,2.711000,-24.223081,-22.525064,-24.583369,0.360287,-0.577037,0.785611
2712,2.712000,-24.221719,-22.528858,-24.583369,0.361650,-0.506075,0.774591
2713,2.713000,-24.220332,-22.532673,-24.583369,0.363037,-0.434991,0.950059
2714,2.714000,-24.218924,-22.536506,-24.583369,0.364445,-0.363888,0.772521
2715,2.715000,-24.217496,-22.540353,-24.583369,0.365873,-0.292786,0.791551
2716,2.716000,-24.216050,-22.544207,-24.583369,0.367319,-0.221819,0.780111
2717,2.717000,-24.214586,-22.548065,-24.583369,0.368782,-0.151084,0.783161
2718,2.718000,-24.213111,-22.551920,-24.583369,0.370258,-0.080648,0.772311
2719,2.719000,-24.211622,-22.555769,-24.583369,0.371747,-0.010637,0.768841
2720,2.720000,-24.210123,-22.559606,-24.583369,0.373246,0.058759,0.767471
2721,2.721000,-24.208615,-22.563429,-24.583369,0.374754,0.125124,0.790211
2722,2.722000,-24.207101,-22.567230,-24.583369,0.376268,0.190368,0.760862
2723,2.723000,-24.205583,-22.571007,-24.583369,0.377786,0.259022,0.774221
2724,2.724000,-24.204059,-22.574755,-24.583369,0.379309,0.329185,0.758851
2725,2.725000,-24.202538,-22.578469,-24.583369,0.380831,0.400194,0.778341
2726,2.726000,-24.201015,-22.582146,-24.583369,0.382354,0.472720,0.775951
2727,2.727000,-24.199497,-22.585778,-24.583369,0.383872,0.543326,0.792141
2728,2.728000,-24.197982,-22.589362,-24.583369,0.385387,0.611795,0.772601
2729,2.729000,-24.196474,-22.592895,-24.583369,0.386894,0.678187,0.790371
2730,2.730000,-24.194975,-22.596369,-24.583369,0.388394,0.742497,0.764711
2731,2.731000,-24.193485,-22.599783,-24.583369,0.389884,0.804705,0.773481
2732,2.732000,-24.192008,-22.603131,-24.583369,0.391361,0.864952,0.766412
2733,2.733000,-24.190542,-22.606410,-24.583369,0.392826,0.923216,0.779991
2734,2.734000,-24.189094,-22.609617,-24.583369,0.394274,0.979513,0.827390
2735,2.735000,-24.187662,-22.612747,-24.583369,0.395707,1.033869,0.785792
2736,2.736000,-24.186248,-22.615798,-24.583369,0.397121,1.086267,0.770371
2737,2.737000,-24.184853,-22.618766,-24.583369,0.398516,1.136664,0.763281
2738,2.738000,-24.183482,-22.621646,-24.583369,0.399887,1.183285,0.756921
2739,2.739000,-24.182133,-22.624438,-24.583369,0.401236,1.237581,0.786020
2740,2.740000,-24.180808,-22.627138,-24.583369,0.402561,1.289635,0.783151
2741,2.741000,-24.179510,-22.629742,-24.583369,0.403859,1.337348,0.777011
2742,2.742000,-24.178238,-22.632247,-24.583369,0.405131,1.381384,0.770401
2743,2.743000,-24.176996,-22.634651,-24.583369,0.406372,1.422102,0.769521
2744,2.744000,-24.175784,-22.636951,-24.583369,0.407585,1.459405,0.767002
2745,2.745000,-24.174604,-22.639144,-24.583369,0.408765,1.492568,0.775631
2746,2.746000,-24.173455,-22.641230,-24.583369,0.409914,1.523208,0.777541
2747,2.747000,-24.172340,-22.643206,-24.583369,0.411029,1.551482,0.777331
2748,2.748000,-24.171261,-22.645070,-24.583369,0.412108,1.577385,0.773001
2749,2.749000,-24.170218,-22.646822,-24.583369,0.413151,1.601003,0.774172
2750,2.750000,-24.169210,-22.648460,-24.583369,0.414159,1.622280,0.769641
2751,2.751000,-24.168240,-22.649983,-24.583369,0.415129,1.641241,0.969899
2752,2.752000,-24.167310,-22.651390,-24.583369,0.416059,1.657857,0.774311
2753,2.753000,-24.166418,-22.652681,-24.583369,0.416951,1.672205,0.767051
2754,2.754000,-24.165566,-22.653854,-24.583369,0.417803,1.684275,0.859681
2755,2.755000,-24.164757,-22.654909,-24.583369,0.418612,1.693987,0.775181
2756,2.756000,-24.163988,-22.655847,-24.583369,0.419380,1.701447,0.779681
2757,2.757000,-24.163261,-22.656665,-24.583369,0.420108,1.706660,0.777521
2758,2.758000,-24.162578,-22.657366,-24.583369,0.420791,1.709647,0.778431
2759,2.759000,-24.161938,-22.657949,-24.583369,0.421431,1.710401,0.773361
2760,2.760000,-24.161340,-22.658415,-24.583369,0.422029,1.707546,0.757842
2761,2.761000,-24.160787,-22.658762,-24.583369,0.422582,1.702452,0.774771
2762,2.762000,-24.160280,-22.658994,-24.583369,0.423089,1.695222,0.781521
2763,2.763000,-24.159815,-22.659110,-24.583369,0.423554,1.685973,0.783891
2764,2.764000,-24.159397,-22.659112,-24.583369,0.423972,1.674732,0.779231
2765,2.765000,-24.159023,-22.658999,-24.583369,0.424346,1.661540,0.776001
2766,2.766000,-24.158693,-22.658773,-24.583369,0.424676,1.646403,0.766531
2767,2.767000,-24.158410,-22.658439,-24.583369,0.424959,1.629389,0.765421
2768,2.768000,-24.158171,-22.657995,-24.583369,0.425198,1.610508,0.770751
2769,2.769000,-24.157976,-22.657442,-24.583369,0.425393,1.589790,0.781171
2770,2.770000,-24.157828,-22.656782,-24.583369,0.425541,1.567280,0.781501
2771,2.771000,-24.157723,-22.656021,-24.583369,0.425645,1.543091,0.859210
2772,2.772000,-24.157664,-22.655155,-24.583369,0.425705,1.517189,0.769071
2773,2.773000,-24.157648,-22.654190,-24.583369,0.425721,1.489661,0.784331
2774,2.774000,-24.157676,-22.653127,-24.583369,0.425693,1.460543,0.780811
2775,2.775000,-24.157747,-22.651969,-24.583369,0.425622,1.429877,0.761092
2776,2.776000,-24.157862,-22.650717,-24.583369,0.425507,1.397783,0.775171
2777,2.777000,-24.158017,-22.649373,-24.583369,0.425352,1.364212,0.770271
2778,2.778000,-24.158217,-22.647943,-24.583369,0.425152,1.329248,0.773561
2779,2.779000,-24.158456,-22.646425,-24.583369,0.424913,1.292996,0.780751
2780,2.780000,-24.158736,-22.644825,-24.583369,0.424633,1.259465,0.787531
2781,2.781000,-24.159057,-22.643144,-24.583369,0.424312,1.228968,0.770911
2782,2.782000,-24.159417,-22.641387,-24.583369,0.423952,1.196970,0.768711
2783,2.783000,-24.159815,-22.639552,-24.583369,0.423554,1.163105,0.768141
2784,2.784000,-24.160251,-22.637644,-24.583369,0.423118,1.127432,0.768651
2785,2.785000,-24.160724,-22.635667,-24.583369,0.422645,1.090146,0.772052
2786,2.786000,-24.161232,-22.633621,-24.583369,0.422136,1.051360,0.782531
2787,2.787000,-24.161777,-22.631509,-24.583369,0.421592,1.011136,0.768611
2788,2.788000,-24.162354,-22.629337,-24.583369,0.421015,0.969624,0.772241
2789,2.789000,-24.162966,-22.627104,-24.583369,0.420403,0.926985,0.762451
2790,2.790000,-24.163609,-22.624816,-24.583369,0.419760,0.883249,0.767591
2791,2.791000,-24.164282,-22.622474,-24.583369,0.419087,0.838566,0.784981
2792,2.792000,-24.164987,-22.620084,-24.583369,0.418382,0.793018,0.957589
2793,2.793000,-24.165720,-22.617646,-24.583369,0.417649,0.746605,0.775001
2794,2.794000,-24.166481,-22.615164,-24.583369,0.416887,0.699507,0.775281
2795,2.795000,-24.167269,-22.612644,-24.583369,0.416100,0.651804,0.767162
2796,2.796000,-24.168081,-22.610086,-24.583369,0.415287,0.603499,0.760501
2797,2.797000,-24.168918,-22.607496,-24.583369,0.414451,0.554706,0.769101
2798,2.798000,-24.169779,-22.604876,-24.583369,0.413590,0.505541,0.776961
2799,2.799000,-24.170660,-22.602230,-24.583369,0.412709,0.456039,0.783752
2800,2.800000,-24.171561,-22.599561,-24.583369,0.411807,0.406242,0.776291
2801,2.801000,-24.172483,-22.596871,-24.583369,0.410885,0.355453,0.769391
2802,2.802000,-24.173423,-22.594167,-24.583369,0.409946,0.304613,0.768651
2803,2.803000,-24.174377,-22.591450,-24.583369,0.408992,0.255470,0.776801
2804,2.804000,-24.175349,-22.588725,-24.583369,0.408020,0.206738,0.765192
2805,2.805000,-24.176332,-22.585993,-24.583369,0.407037,0.157779,0.773941
2806,2.806000,-24.177331,-22.583259,-24.583369,0.406038,0.108815,0.769461
2807,2.807000,-24.178339,-22.580527,-24.583369,0.405030,0.063766,0.780491
2808,2.808000,-24.179358,-22.577798,-24.583369,0.404011,0.019138,0.771892
2809,2.809000,-24.180384,-22.575076,-24.583369,0.402985,-0.025653,0.901119
2810,2.810000,-24.181419,-22.572365,-24.583369,0.401950,-0.070685,0.769642
2811,2.811000,-24.182461,-22.569665,-24.583369,0.400908,-0.115873,0.774401
2812,2.812000,-24.183504,-22.566983,-24.583369,0.399865,-0.161052,0.853420
2813,2.813000,-24.184552,-22.564319,-24.583369,0.398816,-0.206044,0.770051
2814,2.814000,-24.185603,-22.561677,-24.583369,0.397766,-0.251007,0.783671
2815,2.815000,-24.186654,-22.559061,-24.583369,0.396714,-0.295524,0.794271
2816,2.816000,-24.187705,-22.556473,-24.583369,0.395664,-0.339499,0.775102
2817,2.817000,-24.188751,-22.553915,-24.583369,0.394618,-0.382920,0.771251
2818,2.818000,-24.189796,-22.551391,-24.583369,0.393573,-0.425676,0.767421
2819,2.819000,-24.190836,-22.548903,-24.583369,0.392533,-0.467721,0.762671
2820,2.820000,-24.191871,-22.546454,-24.583369,0.391498,-0.508977,0.770102
2821,2.821000,-24.192899,-22.544049,-24.583369,0.390470,-0.549402,0.786571
2822,2.822000,-24.193917,-22.541687,-24.583369,0.389452,-0.588912,0.771791
2823,2.823000,-24.194927,-22.539372,-24.583369,0.388441,-0.627482,0.783481
2824,2.824000,-24.195926,-22.537107,-24.583369,0.387442,-0.665072,0.767551
2825,2.825000,-24.196913,-22.534894,-24.583369,0.386456,-0.701618,0.759092
2826,2.826000,-24.197887,-22.532736,-24.583369,0.385482,-0.737090,0.760681
2827,2.827000,-24.198846,-22.530632,-24.583369,0.384523,-0.771463,0.787511
2828,2.828000,-24.199791,-22.528590,-24.583369,0.383578,-0.804647,0.772901
2829,2.829000,-24.200719,-22.526608,-24.583369,0.382649,-0.836628,0.865740
2830,2.830000,-24.201631,-22.524687,-24.583369,0.381738,-0.867381,0.772881
2831,2.831000,-24.202523,-22.522832,-24.583369,0.380846,-0.896891,0.781371
2832,2.832000,-24.203397,-22.521043,-24.583369,0.379972,-0.925075,0.785541
2833,2.833000,-24.204251,-22.519322,-24.583369,0.379118,-0.951944,0.769201
2834,2.834000,-24.205082,-22.517670,-24.583369,0.378287,-0.977498,0.775811
2835,2.835000,-24.205892,-22.516091,-24.583369,0.377477,-1.001666,0.785551
2836,2.836000,-24.206679,-22.514585,-24.583369,0.376690,-1.024408,0.782111
2837,2.837000,-24.207444,-22.513150,-24.583369,0.375925,-1.045765,0.767381
2838,2.838000,-24.208181,-22.511793,-24.583369,0.375187,-1.065709,0.769211
2839,2.839000,-24.208895,-22.510512,-24.583369,0.374474,-1.084173,0.783251
2840,2.840000,-24.209583,-22.509307,-24.583369,0.373786,-1.101221,0.759981
2841,2.841000,-24.210246,-22.508181,-24.583369,0.373123,-1.116784,0.771431
2842,2.842000,-24.210879,-22.507135,-24.583369,0.372489,-1.130833,0.771451
2843,2.843000,-24.211486,-22.506168,-24.583369,0.371883,-1.143437,0.766181
2844,2.844000,-24.212063,-22.505282,-24.583369,0.371306,-1.154524,0.782701
2845,2.845000,-24.212613,-22.504476,-24.583369,0.370756,-1.164149,0.773332
2846,2.846000,-24.213132,-22.503752,-24.583369,0.370237,-1.172289,0.777281
2847,2.847000,-24.213622,-22.503110,-24.583369,0.369747,-1.179197,0.765941
2848,2.848000,-24.214081,-22.502548,-24.583369,0.369288,-1.184629,0.766501
2849,2.849000,-24.214510,-22.502070,-24.583369,0.368859,-1.188574,0.767292
2850,2.850000,-24.214907,-22.501672,-24.583369,0.368461,-1.191131,0.968109
2851,2.851000,-24.215275,-22.501358,-24.583369,0.368094,-1.192232,0.783981
2852,2.852000,-24.215609,-22.501124,-24.583369,0.367760,-1.191843,0.776521
2853,2.853000,-24.215913,-22.500972,-24.583369,0.367456,-1.189969,0.777761
2854,2.854000,-24.216185,-22.500902,-24.583369,0.367184,-1.186631,0.766461
2855,2.855000,-24.216424,-22.500912,-24.583369,0.366945,-1.181849,0.762172
2856,2.856000,-24.216632,-22.501001,-24.583369,0.366737,-1.175654,0.777651
2857,2.857000,-24.216808,-22.501172,-24.583369,0.366561,-1.168020,0.771911
2858,2.858000,-24.216953,-22.501420,-24.583369,0.366416,-1.159086,0.769921
2859,2.859000,-24.217064,-22.501744,-24.583369,0.366305,-1.149055,0.784181
2860,2.860000,-24.217144,-22.502147,-24.583369,0.366224,-1.137631,0.762212
2861,2.861000,-24.217192,-22.502625,-24.583369,0.366177,-1.125129,0.763191
2862,2.862000,-24.217209,-22.503178,-24.583369,0.366160,-1.111294,0.786241
2863,2.863000,-24.217194,-22.503805,-24.583369,0.366175,-1.096047,0.802041
2864,2.864000,-24.217148,-22.504503,-24.583369,0.366221,-1.079470,0.777551
2865,2.865000,-24.217071,-22.505274,-24.583369,0.366298,-1.061534,0.773961
2866,2.866000,-24.216963,-22.506114,-24.583369,0.366405,-1.042336,0.786171
2867,2.867000,-24.216825,-22.507020,-24.583369,0.366544,-1.021949,0.865530
2868,2.868000,-24.216658,-22.507994,-24.583369,0.366711,-1.000395,0.776461
2869,2.869000,-24.216460,-22.509034,-24.583369,0.366909,-0.977698,0.888630
2870,2.870000,-24.216234,-22.510135,-24.583369,0.367135,-0.953889,0.763371
2871,2.871000,-24.215980,-22.511298,-24.583369,0.367389,-0.929028,0.764811
2872,2.872000,-24.215696,-22.512520,-24.583369,0.367672,-0.903170,0.765412
2873,2.873000,-24.215386,-22.513799,-24.583369,0.367983,-0.876346,0.769661
2874,2.874000,-24.215047,-22.515135,-24.583369,0.368321,-0.848601,0.780081
2875,2.875000,-24.214684,-22.516523,-24.583369,0.368685,-0.820014,0.774611
2876,2.876000,-24.214294,-22.517962,-24.583369,0.369074,-0.790598,0.774511
2877,2.877000,-24.213880,-22.519451,-24.583369,0.369489,-0.760395,0.757602
2878,2.878000,-24.213441,-22.520988,-24.583369,0.369928,-0.729736,0.798541
2879,2.879000,-24.212978,-22.522568,-24.583369,0.370391,-0.698474,0.776381
2880,2.880000,-24.212493,-22.524191,-24.583369,0.370876,-0.666709,0.775971
2881,2.881000,-24.211986,-22.525853,-24.583369,0.371383,-0.634533,0.779971
2882,2.882000,-24.211456,-22.527555,-24.583369,0.371912,-0.601769,0.766741
2883,2.883000,-24.210907,-22.529290,-24.583369,0.372462,-0.568518,0.770211
2884,2.884000,-24.210336,-22.531061,-24.583369,0.373032,-0.534769,0.757541
2885,2.885000,-24.209749,-22.532861,-24.583369,0.373620,-0.500553,0.812061
2886,2.886000,-24.209141,-22.534689,-24.583369,0.374228,-0.465975,0.775411
2887,2.887000,-24.208518,-22.536544,-24.583369,0.374851,-0.431054,0.870510
2888,2.888000,-24.207877,-22.538422,-24.583369,0.375491,-0.395801,0.779051
2889,2.889000,-24.207222,-22.540321,-24.583369,0.376147,-0.360306,0.910850
2890,2.890000,-24.206552,-22.542239,-24.583369,0.376816,-0.324621,0.768401
2891,2.891000,-24.205868,-22.544173,-24.583369,0.377501,-0.288740,0.778301
2892,2.892000,-24.205171,-22.546120,-24.583369,0.378198,-0.252745,0.762121
2893,2.893000,-24.204464,-22.548080,-24.583369,0.378905,-0.216662,0.776271
2894,2.894000,-24.203745,-22.550047,-24.583369,0.379624,-0.180539,0.768131
2895,2.895000,-24.203016,-22.552019,-24.583369,0.380353,-0.144491,0.772541
2896,2.896000,-24.202278,-22.553997,-24.583369,0.381090,-0.108536,0.772902
2897,2.897000,-24.201532,-22.555976,-24.583369,0.381837,-0.072595,0.779421
2898,2.898000,-24.200781,-22.557953,-24.583369,0.382588,-0.036790,0.770461
2899,2.899000,-24.200023,-22.559925,-24.583369,0.383346,-0.001225,0.772501
2900,2.900000,-24.199259,-22.561894,-24.583369,0.384109,0.034122,0.761081
2901,2.901000,-24.198491,-22.563853,-24.583369,0.384878,0.069172,0.765001
2902,2.902000,-24.197721,-22.565801,-24.583369,0.385648,0.103922,0.772481
2903,2.903000,-24.196949,-22.567737,-24.583369,0.386420,0.138376,0.788961
2904,2.904000,-24.196176,-22.569657,-24.583369,0.387193,0.172396,0.771062
2905,2.905000,-24.195402,-22.571561,-24.583369,0.387967,0.208599,0.773171
2906,2.906000,-24.194630,-22.573442,-24.583369,0.388739,0.244691,0.764061
2907,2.907000,-24.193860,-22.575302,-24.583369,0.389509,0.279898,0.916110
2908,2.908000,-24.193092,-22.577137,-24.583369,0.390277,0.314206,0.778031
2909,2.909000,-24.192327,-22.578947,-24.583369,0.391042,0.348060,0.788411
2910,2.910000,-24.191569,-22.580727,-24.583369,0.391800,0.382858,0.771861
2911,2.911000,-24.190814,-22.582473,-24.583369,0.392555,0.416453,0.776111
2912,2.912000,-24.190066,-22.584188,-24.583369,0.393303,0.448800,0.770472
2913,2.913000,-24.189325,-22.585866,-24.583369,0.394044,0.479895,0.755611
2914,2.914000,-24.188592,-22.587507,-24.583369,0.394776,0.509761,0.761821
2915,2.915000,-24.187870,-22.589109,-24.583369,0.395499,0.538417,0.780161
2916,2.916000,-24.187156,-22.590670,-24.583369,0.396212,0.565940,0.765802
2917,2.917000,-24.186453,-22.592186,-24.583369,0.396916,0.592267,0.777551
2918,2.918000,-24.185761,-22.593658,-24.583369,0.397608,0.617438,0.767501
2919,2.919000,-24.185082,-22.595082,-24.583369,0.398287,0.641418,0.781421
2920,2.920000,-24.184416,-22.596460,-24.583369,0.398953,0.664253,0.756642
2921,2.921000,-24.183763,-22.597788,-24.583369,0.399605,0.685966,0.769942
2922,2.922000,-24.183125,-22.599066,-24.583369,0.400244,0.706518,0.770341
2923,2.923000,-24.182502,-22.600292,-24.583369,0.400867,0.725932,0.779121
2924,2.924000,-24.181894,-22.601465,-24.583369,0.401475,0.744189,0.776731
2925,2.925000,-24.181301,-22.602583,-24.583369,0.402068,0.761289,0.802881
2926,2.926000,-24.180727,-22.603647,-24.583369,0.402641,0.777191,0.768441
2927,2.927000,-24.180171,-22.604654,-24.583369,0.403198,0.791986,0.763942
2928,2.928000,-24.179631,-22.605606,-24.583369,0.403738,0.805564,0.871840
2929,2.929000,-24.179112,-22.606499,-24.583369,0.404257,0.817985,0.768021
2930,2.930000,-24.178610,-22.607334,-24.583369,0.404759,0.829022,0.771971
2931,2.931000,-24.178129,-22.608111,-24.583369,0.405240,0.838459,0.770261
2932,2.932000,-24.177668,-22.608828,-24.583369,0.405701,0.846823,0.784371
2933,2.933000,-24.177227,-22.609487,-24.583369,0.406142,0.854130,0.774962
2934,2.934000,-24.176807,-22.610084,-24.583369,0.406562,0.860396,0.775581
2935,2.935000,-24.176407,-22.610622,-24.583369,0.406961,0.865574,0.762381
2936,2.936000,-24.176030,-22.611099,-24.583369,0.407339,0.869683,0.767461
2937,2.937000,-24.175675,-22.611517,-24.583369,0.407694,0.872746,0.768621
2938,2.938000,-24.175340,-22.611872,-24.583369,0.408029,0.874752,0.781921
2939,2.939000,-24.175029,-22.612169,-24.583369,0.408339,0.875662,0.781111
2940,2.940000,-24.174741,-22.612405,-24.583369,0.408628,0.875415,0.768651
2941,2.941000,-24.174474,-22.612581,-24.583369,0.408894,0.874086,0.783091
2942,2.942000,-24.174232,-22.612699,-24.583369,0.409137,0.871746,0.758002
2943,2.943000,-24.174012,-22.612755,-24.583369,0.409357,0.868351,0.779921
2944,2.944000,-24.173815,-22.612753,-24.583369,0.409554,0.863980,0.779231
2945,2.945000,-24.173641,-22.612692,-24.583369,0.409728,0.858593,0.860540
2946,2.946000,-24.173491,-22.612574,-24.583369,0.409878,0.852243,0.780821
2947,2.947000,-24.173365,-22.612398,-24.583369,0.410004,0.844897,0.918459
2948,2.948000,-24.173260,-22.612164,-24.583369,0.410108,0.836558,0.775721
2949,2.949000,-24.173180,-22.611876,-24.583369,0.410189,0.827280,0.767251
2950,2.950000,-24.173122,-22.611532,-24.583369,0.410247,0.817132,0.775021
2951,2.951000,-24.173088,-22.611135,-24.583369,0.410281,0.806039,0.756411
2952,2.952000,-24.173076,-22.610682,-24.583369,0.410293,0.794019,0.768891
2953,2.953000,-24.173086,-22.610178,-24.583369,0.410283,0.781114,0.769531
2954,2.954000,-24.173120,-22.609623,-24.583369,0.410248,0.767373,0.787711
2955,2.955000,-24.173175,-22.609017,-24.583369,0.410194,0.752803,0.772121
2956,2.956000,-24.173254,-22.608363,-24.583369,0.410115,0.737405,0.783931
2957,2.957000,-24.173353,-22.607660,-24.583369,0.410016,0.721209,0.760211
2958,2.958000,-24.173474,-22.606912,-24.583369,0.409895,0.704087,0.779342
2959,2.959000,-24.173616,-22.606116,-24.583369,0.409753,0.686242,0.766921
2960,2.960000,-24.173779,-22.605278,-24.583369,0.409589,0.667661,0.772751
2961,2.961000,-24.173962,-22.604395,-24.583369,0.409407,0.648400,0.771731
2962,2.962000,-24.174165,-22.603473,-24.583369,0.409203,0.628500,0.788601
2963,2.963000,-24.174389,-22.602510,-24.583369,0.408980,0.607982,0.768271
2964,2.964000,-24.174632,-22.601509,-24.583369,0.408737,0.586862,0.767341
2965,2.965000,-24.174893,-22.600473,-24.583369,0.408476,0.565225,0.771571
2966,2.966000,-24.175173,-22.599399,-24.583369,0.408196,0.543025,0.837671
2967,2.967000,-24.175470,-22.598294,-24.583369,0.407899,0.520345,0.772431
2968,2.968000,-24.175786,-22.597155,-24.583369,0.407583,0.496845,0.788891
2969,2.969000,-24.176117,-22.595987,-24.583369,0.407252,0.472609,0.770061
2970,2.970000,-24.176465,-22.594790,-24.583369,0.406903,0.448041,0.784471
2971,2.971000,-24.176829,-22.593567,-24.583369,0.406540,0.423112,0.758891
2972,2.972000,-24.177208,-22.592319,-24.583369,0.406161,0.397910,0.765312
2973,2.973000,-24.177603,-22.591047,-24.583369,0.405766,0.372484,0.778011
2974,2.974000,-24.178009,-22.589754,-24.583369,0.405360,0.346846,0.788661
2975,2.975000,-24.178431,-22.588443,-24.583369,0.404938,0.321017,0.771791
2976,2.976000,-24.178865,-22.587113,-24.583369,0.404504,0.295118,0.767621
2977,2.977000,-24.179310,-22.585767,-24.583369,0.404059,0.270769,0.781511
2978,2.978000,-24.179768,-22.584408,-24.583369,0.403601,0.246285,0.766011
2979,2.979000,-24.180237,-22.583035,-24.583369,0.403131,0.221506,0.777751
2980,2.980000,-24.180716,-22.581652,-24.583369,0.402653,0.196486,0.774811
2981,2.981000,-24.181204,-22.580259,-24.583369,0.402165,0.171255,0.819281
2982,2.982000,-24.181701,-22.578860,-24.583369,0.401668,0.145931,0.779851
2983,2.983000,-24.182206,-22.577455,-24.583369,0.401163,0.120872,0.803421
2984,2.984000,-24.182718,-22.576045,-24.583369,0.400650,0.097571,0.766011
2985,2.985000,-24.183238,-22.574634,-24.583369,0.400131,0.074175,0.771512
2986,2.986000,-24.183763,-22.573222,-24.583369,0.399605,0.050615,0.860410
2987,2.987000,-24.184295,-22.571810,-24.583369,0.399074,0.026858,0.770781
2988,2.988000,-24.184831,-22.570401,-24.583369,0.398538,0.003022,0.774721
2989,2.989000,-24.185370,-22.568997,-24.583369,0.397999,-0.020812,0.769951
2990,2.990000,-24.185913,-22.567597,-24.583369,0.397456,-0.044655,0.779011
2991,2.991000,-24.186458,-22.566206,-24.583369,0.396911,-0.068465,0.783280
2992,2.992000,-24.187006,-22.564823,-24.583369,0.396363,-0.092151,0.777331
2993,2.993000,-24.187556,-22.563451,-24.583369,0.395813,-0.115629,0.765701
2994,2.994000,-24.188106,-22.562090,-24.583369,0.395263,-0.138910,0.766431
2995,2.995000,-24.188654,-22.560743,-24.583369,0.394715,-0.162001,0.780021
2996,2.996000,-24.189204,-22.559411,-24.583369,0.394165,-0.184781,0.772382
2997,2.997000,-24.189750,-22.558097,-24.583369,0.393619,-0.207239,0.773941
2998,2.998000,-24.190295,-22.556799,-24.583369,0.393074,-0.229378,0.769751
2999,2.999000,-24.190838,-22.555522,-24.583369,0.392531,-0.251127,0.778171
3000,3.000000,-24.191377,-22.554265,4.618329,-28.809707,108.609932,0.776141
3001,3.001000,-24.191912,-22.546793,4.618329,-28.810241,108.678596,0.773651
3002,3.002000,-24.192440,-22.531484,4.618329,-28.810769,108.675331,0.766732
3003,3.003000,-24.192955,-22.508118,4.618329,-28.811285,108.669861,0.870350
3004,3.004000,-24.193449,-22.476829,4.618329,-28.811778,108.662643,0.779371
3005,3.005000,-24.193910,-22.437810,4.618329,-28.812239,108.653534,0.861170
3006,3.006000,-24.194323,-22.391226,4.618329,-28.812652,108.641708,0.810061
3007,3.007000,-24.194673,-22.337200,4.618329,-28.813002,108.626274,0.946239
3008,3.008000,-24.194938,-22.275827,4.618329,-28.813267,108.605843,0.888470
3009,3.009000,-24.195096,-22.207172,4.618329,-28.813426,108.576714,0.770711
3010,3.010000,-24.195124,-22.131288,4.618329,-28.813453,108.533104,0.764082
3011,3.011000,-24.194992,-22.048218,4.618329,-28.813322,108.472404,0.761221
3012,3.012000,-24.194671,-21.957991,4.618329,-28.813001,108.385719,0.763851
3013,3.013000,-24.194128,-21.860642,4.618329,-28.812458,108.260857,0.774102
3014,3.014000,-24.193327,-21.756196,4.618329,-28.811657,108.059364,0.779131
3015,3.015000,-24.192233,-21.644687,4.618329,-28.810562,107.763550,0.774341
3016,3.016000,-24.190802,-21.526151,4.618329,-28.809131,107.314911,0.773931
3017,3.017000,-24.188994,-21.400632,4.618329,-28.807323,106.637733,0.761301
3018,3.018000,-24.186764,-21.268191,4.618329,-28.805093,105.593323,0.771482
3019,3.019000,-24.184062,-21.128912,4.618329,-28.802392,103.898193,0.770561
3020,3.020000,-24.180842,-20.982920,4.618329,-28.799171,100.799370,0.779681
3021,3.021000,-24.177049,-20.830431,4.618329,-28.795379,95.512550,0.774271
3022,3.022000,-24.172630,-20.671807,4.618329,-28.790960,88.286758,0.890420
3023,3.023000,-24.167530,-20.507551,4.618329,-28.785859,81.747551,0.810501
3024,3.024000,-24.161690,-20.338162,4.618329,-28.780019,74.758469,0.852360
3025,3.025000,-24.155049,-20.164146,4.618329,-28.773379,69.034462,0.758282
3026,3.026000,-24.147548,-19.985931,4.618329,-28.765877,63.188038,0.767961
3027,3.027000,-24.139123,-19.803934,4.618329,-28.757452,58.126183,0.768491
3028,3.028000,-24.129713,-19.618508,4.618329,-28.748042,55.369335,0.776161
3029,3.029000,-24.119252,-19.429866,4.618329,-28.737582,53.515842,0.770672
3030,3.030000,-24.107677,-19.238131,4.618329,-28.726006,52.011211,0.768241
3031,3.031000,-24.094918,-19.043385,4.618329,-28.713247,50.641930,0.768581
3032,3.032000,-24.080913,-18.845701,4.618329,-28.699242,49.086395,0.769911
3033,3.033000,-24.065593,-18.645161,4.618329,-28.683922,47.497280,0.765692
3034,3.034000,-24.048889,-18.441861,4.618329,-28.667219,45.940907,0.791531
3035,3.035000,-24.030737,-18.235900,4.618329,-28.649066,44.475407,0.769771
3036,3.036000,-24.011064,-18.027372,4.618329,-28.629393,42.892689,0.776631
3037,3.037000,-23.989801,-17.816381,4.618329,-28.608131,40.932838,0.764171
3038,3.038000,-23.966883,-17.603052,4.618329,-28.585212,38.527962,0.786180
3039,3.039000,-23.942234,-17.387544,4.618329,-28.560564,36.454102,0.785461
3040,3.040000,-23.915790,-17.170008,4.618329,-28.534119,34.091888,0.773621
3041,3.041000,-23.887475,-16.950600,4.618329,-28.505804,31.116720,1.000038
3042,3.042000,-23.857224,-16.729517,4.618329,-28.475553,27.945391,0.866400
3043,3.043000,-23.824965,-16.506979,4.618329,-28.443294,24.570511,0.903559
3044,3.044000,-23.790628,-16.283217,4.618329,-28.408957,20.946331,0.780571
3045,3.045000,-23.754143,-16.058477,4.618329,-28.372472,17.479025,0.777841
3046,3.046000,-23.715440,-15.832998,4.618329,-28.333769,14.862998,0.771271
3047,3.047000,-23.674452,-15.606970,4.618329,-28.292781,11.660592,0.772621
3048,3.048000,-23.631111,-15.380599,4.618329,-28.249440,8.417743,0.767101
3049,3.049000,-23.585347,-15.154096,4.618329,-28.203676,3.716770,0.769382
3050,3.050000,-23.537095,-14.927761,4.618329,-28.155424,-0.110795,0.778021
3051,3.051000,-23.486288,-14.701863,4.618329,-28.104618,-3.312822,0.772981
3052,3.052000,-23.432864,-14.476624,4.618329,-28.051194,-6.864694,0.774001
3053,3.053000,-23.376756,-14.252272,4.618329,-27.995085,-9.769456,0.780641
3054,3.054000,-23.317904,-14.029004,4.618329,-27.936233,-11.935492,0.787732
3055,3.055000,-23.256244,-13.806958,4.618329,-27.874574,-13.256186,0.774711
3056,3.056000,-23.191718,-13.586220,4.618329,-27.810047,-15.500360,0.768911
3057,3.057000,-23.124268,-13.366906,4.618329,-27.742597,-18.341774,0.766741
3058,3.058000,-23.053837,-13.149185,4.618329,-27.672166,-21.433550,0.773421
3059,3.059000,-22.980370,-12.933253,4.618329,-27.598699,-24.145250,0.766472
3060,3.060000,-22.903813,-12.719290,4.618329,-27.522143,-26.486038,0.958689
3061,3.061000,-22.824115,-12.507450,4.618329,-27.442445,-28.640560,0.782141
3062,3.062000,-22.741224,-12.297870,4.618329,-27.359553,-31.407961,0.777181
3063,3.063000,-22.655095,-12.090714,4.618329,-27.273425,-33.621014,0.770601
3064,3.064000,-22.565680,-11.886127,4.618329,-27.184009,-35.341740,0.765372
3065,3.065000,-22.472936,-11.684215,4.618329,-27.091265,-36.998714,0.776531
3066,3.066000,-22.376820,-11.485075,4.618329,-26.995149,-39.895542,0.769211
3067,3.067000,-22.277294,-11.288872,4.618329,-26.895623,-42.417145,0.785251
3068,3.068000,-22.174318,-11.095767,4.618329,-26.792648,-45.246891,0.768831
3069,3.069000,-22.067860,-10.905939,4.618329,-26.686189,-48.312836,0.769522
3070,3.070000,-21.957883,-10.719582,4.618329,-26.576213,-51.326214,0.756111
3071,3.071000,-21.844362,-10.536891,4.618329,-26.462692,-53.829823,0.770801
3072,3.072000,-21.727265,-10.358030,4.618329,-26.345595,-56.598446,0.789601
3073,3.073000,-21.606571,-10.183167,4.618329,-26.224900,-59.756359,0.785161
3074,3.074000,-21.482251,-10.012498,4.618329,-26.100581,-62.329056,0.792571
3075,3.075000,-21.354291,-9.846186,4.618329,-25.972620,-64.604942,0.779111
3076,3.076000,-21.222673,-9.684375,4.618329,-25.841003,-68.181267,0.773451
3077,3.077000,-21.087381,-9.527270,4.618329,-25.705710,-71.953560,0.770031
3078,3.078000,-20.948404,-9.375112,4.618329,-25.566733,-76.761803,0.765851
3079,3.079000,-20.805736,-9.228202,4.618329,-25.424066,-81.980453,0.789471
3080,3.080000,-20.659371,-9.086883,4.618329,-25.277700,-86.688362,0.781141
3081,3.081000,-20.509306,-8.951473,4.618329,-25.127635,-90.106789,0.981579
3082,3.082000,-20.355545,-8.822207,4.618329,-24.973874,-92.417725,0.775741
3083,3.083000,-20.198094,-8.699230,4.618329,-24.816423,-94.152046,0.771492
3084,3.084000,-20.036958,-8.582636,4.618329,-24.655287,-95.373131,0.781781
3085,3.085000,-19.872152,-8.472475,4.618329,-24.490481,-96.314018,0.776591
3086,3.086000,-19.703692,-8.368776,4.618329,-24.322021,-97.108330,0.768741
3087,3.087000,-19.531597,-8.271555,4.618329,-24.149926,-97.604256,0.767841
3088,3.088000,-19.355890,-8.180818,4.618329,-23.974220,-97.823372,0.768702
3089,3.089000,-19.176600,-8.096548,4.618329,-23.794929,-97.994469,0.774501
3090,3.090000,-18.993752,-8.018727,4.618329,-23.612081,-98.097504,0.775941
3091,3.091000,-18.807385,-7.947335,4.618329,-23.425715,-97.999512,0.781361
3092,3.092000,-18.617535,-7.882339,4.618329,-23.235864,-97.670860,0.767441
3093,3.093000,-18.424242,-7.823693,4.618329,-23.042572,-97.093285,0.761202
3094,3.094000,-18.227550,-7.771337,4.618329,-22.845879,-96.211143,0.771131
3095,3.095000,-18.027507,-7.725188,4.618329,-22.645837,-94.930283,0.772481
3096,3.096000,-17.824166,-7.685138,4.618329,-22.442495,-92.810661,0.803511
3097,3.097000,-17.617580,-7.651027,4.618329,-22.235909,-89.152176,0.781891
3098,3.098000,-17.407808,-7.622593,4.618329,-22.026137,-83.970009,0.852290
3099,3.099000,-17.194907,-7.599466,4.618329,-21.813237,-78.247116,0.764461
3100,3.100000,-16.978947,-7.581222,4.618329,-21.597276,-73.325081,0.771481
3101,3.101000,-16.759990,-7.567478,4.618329,-21.378319,-70.097580,0.853910
3102,3.102000,-16.538106,-7.557964,4.618329,-21.156435,-67.274704,0.783651
3103,3.103000,-16.313367,-7.552468,4.618329,-20.931697,-65.146080,0.769082
3104,3.104000,-16.085850,-7.550835,4.618329,-20.704180,-63.546658,0.773831
3105,3.105000,-15.855628,-7.552949,4.618329,-20.473958,-61.663898,0.775641
3106,3.106000,-15.622782,-7.558689,4.618329,-20.241111,-59.739037,0.769751
3107,3.107000,-15.387393,-7.567926,4.618329,-20.005723,-57.716991,0.760212
3108,3.108000,-15.149544,-7.580520,4.618329,-19.767873,-55.455334,0.780001
3109,3.109000,-14.909319,-7.596316,4.618329,-19.527649,-53.339115,0.779751
3110,3.110000,-14.666807,-7.615158,4.618329,-19.285136,-51.531273,0.777371
3111,3.111000,-14.422096,-7.636914,4.618329,-19.040426,-49.813946,0.767241
3112,3.112000,-14.175278,-7.661457,4.618329,-18.793607,-48.294994,0.774002
3113,3.113000,-13.926445,-7.688679,4.618329,-18.544774,-46.736088,0.768381
3114,3.114000,-13.675691,-7.718468,4.618329,-18.294020,-45.017578,0.780681
3115,3.115000,-13.423112,-7.750707,4.618329,-18.041441,-43.113735,0.758991
3116,3.116000,-13.168805,-7.785260,4.618329,-17.787135,-41.024067,0.778971
3117,3.117000,-12.912870,-7.821981,4.618329,-17.531200,-38.829433,0.778071
3118,3.118000,-12.655407,-7.860714,4.618329,-17.273737,-36.944027,0.857580
3119,3.119000,-12.396517,-7.901320,4.618329,-17.014846,-35.387196,0.781171
3120,3.120000,-12.136301,-7.943682,4.618329,-16.754630,-34.015480,0.969999
3121,3.121000,-11.874865,-7.987701,4.618329,-16.493195,-32.539654,0.781351
3122,3.122000,-11.612313,-8.033279,4.618329,-16.230642,-31.043383,0.786661
3123,3.123000,-11.348749,-8.080311,4.618329,-15.967079,-29.449062,0.780571
3124,3.124000,-11.084282,-8.128688,4.618329,-15.702611,-27.700497,0.762222
3125,3.125000,-10.819017,-8.178291,4.618329,-15.437346,-26.090561,0.773181
3126,3.126000,-10.553062,-8.229005,4.618329,-15.171392,-24.363081,0.780591
3127,3.127000,-10.286528,-8.280710,4.618329,-14.904857,-22.490141,0.776501
3128,3.128000,-10.019521,-8.333280,4.618329,-14.637851,-20.810909,0.828541
3129,3.129000,-9.752153,-8.386593,4.618329,-14.370482,-19.309803,0.770421
3130,3.130000,-9.484533,-8.440544,4.618329,-14.102862,-18.072540,0.763741
3131,3.131000,-9.216771,-8.495046,4.618329,-13.835100,-16.924778,0.770091
3132,3.132000,-8.948977,-8.550022,4.618329,-13.567306,-16.062845,0.779921
3133,3.133000,-8.681263,-8.605413,4.618329,-13.299593,-15.114901,0.779061
3134,3.134000,-8.413740,-8.661162,4.618329,-13.032069,-14.055848,0.788451
3135,3.135000,-8.146517,-8.717200,4.618329,-12.764846,-12.683224,0.779781
3136,3.136000,-7.879707,-8.773439,4.618329,-12.498036,-10.991409,0.764531
3137,3.137000,-7.613419,-8.829771,4.618329,-12.231748,-8.982633,0.888320
3138,3.138000,-7.347765,-8.886058,4.618329,-11.966094,-6.788568,0.756612
3139,3.139000,-7.082855,-8.942152,4.618329,-11.701184,-4.242620,0.778361
3140,3.140000,-6.818799,-8.997879,4.618329,-11.437128,-1.323057,0.766261
3141,3.141000,-6.555706,-9.053042,4.618329,-11.174036,1.810308,0.778781
3142,3.142000,-6.293687,-9.107426,4.618329,-10.912016,4.474854,0.771091
3143,3.143000,-6.032848,-9.160842,4.618329,-10.651178,6.614276,0.787451
3144,3.144000,-5.773299,-9.213140,4.618329,-10.391628,8.755718,0.783321
3145,3.145000,-5.515146,-9.264179,4.618329,-10.133475,11.130609,0.759741
3146,3.146000,-5.258494,-9.313812,4.618329,-9.876824,13.087631,0.759281
3147,3.147000,-5.003450,-9.361908,4.618329,-9.621779,14.688404,0.772001
3148,3.148000,-4.750116,-9.408365,4.618329,-9.368445,16.412102,0.771402
3149,3.149000,-4.498595,-9.453080,4.618329,-9.116924,18.226566,0.781521
3150,3.150000,-4.248989,-9.495942,4.618329,-8.867318,20.715061,0.768431
3151,3.151000,-4.001397,-9.536800,4.618329,-8.619726,23.486366,0.773781
3152,3.152000,-3.755919,-9.575477,4.618329,-8.374249,26.456160,0.758352
3153,3.153000,-3.512652,-9.611776,4.618329,-8.130981,30.833527,0.764362
3154,3.154000,-3.271690,-9.645421,4.618329,-7.890020,34.137730,0.774501
3155,3.155000,-3.033129,-9.676174,4.618329,-7.651458,36.676617,0.789021
3156,3.156000,-2.797059,-9.703858,4.618329,-7.415388,39.147511,0.782701
3157,3.157000,-2.563571,-9.728317,4.618329,-7.181900,41.228943,0.777001
3158,3.158000,-2.332753,-9.749421,4.618329,-6.951082,43.227505,0.928710
3159,3.159000,-2.104690,-9.767054,4.618329,-6.723019,45.174122,0.767081
3160,3.160000,-1.879466,-9.781102,4.618329,-6.497795,47.128052,0.767911
3161,3.161000,-1.657162,-9.791453,4.618329,-6.275491,49.446613,0.770442
3162,3.162000,-1.437858,-9.797969,4.618329,-6.056187,51.511330,0.773941
3163,3.163000,-1.221630,-9.800523,4.618329,-5.839959,53.549351,0.777761
3164,3.164000,-1.008552,-9.798994,4.618329,-5.626881,56.345303,0.779241
3165,3.165000,-0.798695,-9.793216,4.618329,-5.417024,58.812599,0.767301
3166,3.166000,-0.592129,-9.783029,4.618329,-5.210458,61.114300,0.771992
3167,3.167000,-0.388920,-9.768291,4.618329,-5.007249,63.208614,0.768431
3168,3.168000,-0.189130,-9.748872,4.618329,-4.807460,65.068596,0.762211
3169,3.169000,0.007178,-9.724661,4.618329,-4.611151,66.624809,0.777641
3170,3.170000,0.199949,-9.695571,4.618329,-4.418381,67.623581,0.777091
3171,3.171000,0.389126,-9.661548,4.618329,-4.229203,68.190742,0.778031
3172,3.172000,0.574659,-9.622576,4.618329,-4.043671,68.429840,0.781051
3173,3.173000,0.756498,-9.578661,4.618329,-3.861831,68.490356,0.800461
3174,3.174000,0.934599,-9.529823,4.618329,-3.683731,68.372185,0.760041
3175,3.175000,1.108918,-9.476097,4.618329,-3.509411,68.074745,0.907090
3176,3.176000,1.279417,-9.417526,4.618329,-3.338912,67.490829,0.775751
3177,3.177000,1.446058,-9.354172,4.618329,-3.172271,66.564651,0.955259
3178,3.178000,1.608809,-9.286118,4.618329,-3.009520,65.555443,0.784891
3179,3.179000,1.767639,-9.213456,4.618329,-2.850690,64.896637,0.775752
3180,3.180000,1.922521,-9.136257,4.618329,-2.695808,64.548180,0.777531
3181,3.181000,2.073431,-9.054569,4.618329,-2.544899,64.490959,0.767541
3182,3.182000,2.220346,-8.968417,4.618329,-2.397983,64.660591,0.773051
3183,3.183000,2.363250,-8.877801,4.618329,-2.255080,65.224739,0.763231
3184,3.184000,2.502125,-8.782703,4.618329,-2.116204,65.830414,0.781162
3185,3.185000,2.636960,-8.683091,4.618329,-1.981369,66.484619,0.768921
3186,3.186000,2.767746,-8.578929,4.618329,-1.850583,66.975883,0.779271
3187,3.187000,2.894476,-8.470197,4.618329,-1.723853,67.279907,0.774301
3188,3.188000,3.017147,-8.356885,4.618329,-1.601182,67.300346,0.775011
3189,3.189000,3.135758,-8.239004,4.618329,-1.482571,66.879265,0.773062
3190,3.190000,3.250312,-8.116596,4.618329,-1.368017,66.272057,0.773431
3191,3.191000,3.360815,-7.989722,4.618329,-1.257514,65.533211,0.787441
3192,3.192000,3.467276,-7.858454,4.618329,-1.151054,64.566933,0.782701
3193,3.193000,3.569706,-7.722875,4.618329,-1.048624,63.323334,0.779681
3194,3.194000,3.668119,-7.583091,4.618329,-0.950210,62.097218,0.966569
3195,3.195000,3.762535,-7.439206,4.618329,-0.855795,60.823315,0.783511
3196,3.196000,3.852972,-7.291328,4.618329,-0.765358,59.259892,0.785791
3197,3.197000,3.939454,-7.139577,4.618329,-0.678876,57.515308,0.877440
3198,3.198000,4.022006,-6.984090,4.618329,-0.596323,55.120197,0.775181
3199,3.199000,4.100659,-6.825042,4.618329,-0.517671,52.794067,0.767651
3200,3.200000,4.175441,-6.662612,4.618329,-0.442888,50.870998,0.769841
3201,3.201000,4.246389,-6.496954,4.618329,-0.371941,49.251358,0.768851
3202,3.202000,4.313537,-6.328200,4.618329,-0.304792,47.374889,0.808480
3203,3.203000,4.376924,-6.156485,4.618329,-0.241405,44.937634,0.782901
3204,3.204000,4.436592,-5.981980,4.618329,-0.181738,42.264835,0.773291
3205,3.205000,4.492583,-5.804879,4.618329,-0.125747,39.395927,0.769681
3206,3.206000,4.544942,-5.625389,4.618329,-0.073387,36.088970,0.766071
3207,3.207000,4.593719,-5.443747,4.618329,-0.024610,32.033226,0.776281
3208,3.208000,4.638961,-5.260236,4.618329,0.020632,27.811853,0.780451
3209,3.209000,4.680721,-5.075160,4.618329,0.062392,24.083530,0.775092
3210,3.210000,4.719051,-4.888797,4.618329,0.100722,21.354677,0.770971
3211,3.211000,4.754007,-4.701356,4.618329,0.135677,18.123991,0.766231
3212,3.212000,4.785644,-4.513056,4.618329,0.167315,14.978620,0.777971
3213,3.213000,4.814021,-4.324116,4.618329,0.195692,12.986943,0.765472
3214,3.214000,4.839196,-4.134686,4.618329,0.220867,11.098555,0.863510
3215,3.215000,4.861230,-3.944894,4.618329,0.242901,10.073917,0.770101
3216,3.216000,4.880185,-3.754815,4.618329,0.261856,9.316225,0.779071
3217,3.217000,4.896123,-3.564496,4.618329,0.277794,8.488379,0.773381
3218,3.218000,4.909108,-3.373984,4.618329,0.290778,7.941143,0.771692
3219,3.219000,4.919204,-3.183314,4.618329,0.300875,7.577503,0.784471
3220,3.220000,4.926478,-2.992510,4.618329,0.308149,7.123261,0.763781
3221,3.221000,4.930997,-2.801597,4.618329,0.312668,6.556695,0.767391
3222,3.222000,4.932828,-2.610613,4.618329,0.314499,5.873671,0.763391
3223,3.223000,4.932041,-2.419604,4.618329,0.313712,5.045459,0.774131
3224,3.224000,4.928705,-2.228628,4.618329,0.310375,4.659626,0.768631
3225,3.225000,4.922890,-2.037721,4.618329,0.304561,4.594904,0.788851
3226,3.226000,4.914669,-1.846894,4.618329,0.296339,4.427873,0.777191
3227,3.227000,4.904112,-1.656159,4.618329,0.285783,4.141600,0.770371
3228,3.228000,4.891294,-1.465533,4.618329,0.272965,3.735713,0.761912
3229,3.229000,4.876287,-1.275047,4.618329,0.257958,3.222938,0.771661
3230,3.230000,4.859166,-1.084736,4.618329,0.240837,2.667272,0.770041
3231,3.231000,4.840007,-0.894643,4.618329,0.221678,2.488584,0.798611
3232,3.232000,4.818885,-0.704789,4.618329,0.200555,2.270440,0.772951
3233,3.233000,4.795875,-0.515191,4.618329,0.177545,1.938427,0.773331
3234,3.234000,4.771054,-0.325872,4.618329,0.152725,1.538679,0.759881
3235,3.235000,4.744501,-0.136861,4.618329,0.126172,0.175588,0.904599
3236,3.236000,4.716292,0.051757,4.618329,0.097962,-1.462017,0.763171
3237,3.237000,4.686506,0.239866,4.618329,0.068176,-3.123027,0.772941
3238,3.238000,4.655220,0.427343,4.618329,0.036891,-4.649215,0.784481
3239,3.239000,4.622515,0.614075,4.618329,0.004186,-5.943865,0.775621
3240,3.240000,4.588469,0.799964,4.618329,-0.029860,-7.203647,0.772301
3241,3.241000,4.553161,0.984922,4.618329,-0.065169,-8.500850,0.763772
3242,3.242000,4.516669,1.168861,4.618329,-0.101660,-9.609419,0.765831
3243,3.243000,4.479075,1.351703,4.618329,-0.139255,-10.476406,0.782151
3244,3.244000,4.440455,1.533389,4.618329,-0.177874,-11.363242,0.768001
3245,3.245000,4.400891,1.713861,4.618329,-0.217438,-12.682202,0.771112
3246,3.246000,4.360460,1.893039,4.618329,-0.257869,-13.974193,0.774321
3247,3.247000,4.319243,2.070835,4.618329,-0.299087,-15.447737,0.769921
3248,3.248000,4.277315,2.247153,4.618329,-0.341014,-16.902903,0.770421
3249,3.249000,4.234758,2.421892,4.618329,-0.383571,-19.132980,0.772551
3250,3.250000,4.191648,2.594909,4.618329,-0.426681,-21.301224,0.775821
3251,3.251000,4.148064,2.766056,4.618329,-0.470266,-23.278191,0.780391
3252,3.252000,4.104080,2.935192,4.618329,-0.514249,-25.309610,0.900540
3253,3.253000,4.059776,3.102182,4.618329,-0.558554,-27.532276,0.771901
3254,3.254000,4.015225,3.266876,4.618329,-0.603104,-29.696169,0.931079
3255,3.255000,3.970503,3.429132,4.618329,-0.647826,-31.640196,0.782321
3256,3.256000,3.925685,3.588818,4.618329,-0.692645,-33.369785,0.776312
3257,3.257000,3.880842,3.745819,4.618329,-0.737487,-34.975010,0.762431
3258,3.258000,3.836049,3.900032,4.618329,-0.782281,-36.620705,0.765261
3259,3.259000,3.791374,4.051357,4.618329,-0.826955,-38.120770,0.774731
3260,3.260000,3.746891,4.199699,4.618329,-0.871439,-39.718880,0.775041
3261,3.261000,3.702666,4.344959,4.618329,-0.915664,-42.102165,0.773941
3262,3.262000,3.658768,4.486993,4.618329,-0.959562,-44.466206,0.772001
3263,3.263000,3.615263,4.625646,4.618329,-1.003067,-46.883034,0.760241
3264,3.264000,3.572216,4.760759,4.618329,-1.046113,-49.134113,0.763892
3265,3.265000,3.529692,4.892181,4.618329,-1.088638,-51.010574,0.761601
3266,3.266000,3.487752,5.019787,4.618329,-1.130578,-52.777485,0.780801
3267,3.267000,3.446456,5.143467,4.618329,-1.171873,-54.295357,0.781061
3268,3.268000,3.405865,5.263127,4.618329,-1.212465,-55.719139,0.765511
3269,3.269000,3.366034,5.378684,4.618329,-1.252295,-57.507488,0.763882
3270,3.270000,3.327020,5.490035,4.618329,-1.291309,-60.333019,0.784251
3271,3.271000,3.288877,5.597011,4.618329,-1.329453,-62.934803,0.764821
3272,3.272000,3.251655,5.699440,4.618329,-1.366674,-65.095352,0.869700
3273,3.273000,3.215405,5.797177,4.618329,-1.402924,-67.112656,0.769091
3274,3.274000,3.180175,5.890092,4.618329,-1.438154,-68.876083,0.778181
3275,3.275000,3.146011,5.978076,4.618329,-1.472319,-70.723915,0.772331
3276,3.276000,3.112955,6.061019,4.618329,-1.505374,-72.524361,0.775161
3277,3.277000,3.081050,6.138815,4.618329,-1.537279,-73.769188,0.774471
3278,3.278000,3.050334,6.211388,4.618329,-1.567995,-74.323059,0.778791
3279,3.279000,3.020844,6.278711,4.618329,-1.597485,-74.285797,0.764361
3280,3.280000,2.992615,6.340802,4.618329,-1.625715,-73.890785,0.784541
3281,3.281000,2.965678,6.397709,4.618329,-1.652651,-73.881203,0.765691
3282,3.282000,2.940065,6.449461,4.618329,-1.678265,-73.437141,0.769881
3283,3.283000,2.915801,6.496107,4.618329,-1.702529,-72.391518,0.778031
3284,3.284000,2.892912,6.537730,4.618329,-1.725417,-71.086357,0.774091
3285,3.285000,2.871422,6.574438,4.618329,-1.746908,-70.002373,0.759291
3286,3.286000,2.851350,6.606329,4.618329,-1.766980,-68.951447,0.765031
3287,3.287000,2.832715,6.633493,4.618329,-1.785614,-68.642578,0.769371
3288,3.288000,2.815534,6.655976,4.618329,-1.802796,-68.409050,0.766772
3289,3.289000,2.799820,6.673804,4.618329,-1.818510,-68.193398,0.782981
3290,3.290000,2.785585,6.687001,4.618329,-1.832745,-67.920486,0.777741
3291,3.291000,2.772838,6.695592,4.618329,-1.845491,-67.284004,0.779371
3292,3.292000,2.761588,6.699625,4.618329,-1.856741,-65.948143,0.767211
3293,3.293000,2.751839,6.699195,4.618329,-1.866490,-64.423180,0.899260
3294,3.294000,2.743595,6.694418,4.618329,-1.874734,-63.657848,0.762311
3295,3.295000,2.736857,6.685373,4.618329,-1.881473,-62.795269,0.774152
3296,3.296000,2.731623,6.672130,4.618329,-1.886707,-61.671368,0.778791
3297,3.297000,2.727890,6.654773,4.618329,-1.890439,-60.195057,0.786761
3298,3.298000,2.725654,6.633410,4.618329,-1.892675,-58.249660,0.766731
3299,3.299000,2.724908,6.608181,4.618329,-1.893421,-56.143887,0.768511
3300,3.300000,2.725642,6.579242,4.618329,-1.892687,-54.038643,0.767822
3301,3.301000,2.727846,6.546753,4.618329,-1.890483,-52.471127,0.772671
3302,3.302000,2.731507,6.510839,4.618329,-1.886822,-51.243847,0.783661
3303,3.303000,2.736611,6.471598,4.618329,-1.881718,-50.045692,0.791591
3304,3.304000,2.743142,6.429117,4.618329,-1.875187,-48.458935,0.778621
3305,3.305000,2.751083,6.383506,4.618329,-1.867247,-46.555050,0.776251
3306,3.306000,2.760413,6.334895,4.618329,-1.857916,-44.485374,0.766732
3307,3.307000,2.771113,6.283433,4.618329,-1.847217,-42.475971,0.773501
3308,3.308000,2.783159,6.229268,4.618329,-1.835170,-39.502270,0.784231
3309,3.309000,2.796529,6.172601,4.618329,-1.821801,-37.166172,0.789711
3310,3.310000,2.811196,6.113611,4.618329,-1.807133,-35.543457,0.869210
3311,3.311000,2.827135,6.052424,4.618329,-1.791194,-34.482300,0.782481
3312,3.312000,2.844318,5.989125,4.618329,-1.774011,-33.426342,0.902430
3313,3.313000,2.862716,5.923784,4.618329,-1.755613,-32.277847,0.784551
3314,3.314000,2.882299,5.856475,4.618329,-1.736030,-31.031260,0.775131
3315,3.315000,2.903037,5.787282,4.618329,-1.715293,-29.685253,0.774531
3316,3.316000,2.924895,5.716298,4.618329,-1.693434,-28.354996,0.760662
3317,3.317000,2.947843,5.643614,4.618329,-1.670486,-27.430283,0.769941
3318,3.318000,2.971845,5.569303,4.618329,-1.646484,-26.432751,0.772371
3319,3.319000,2.996866,5.493434,4.618329,-1.621463,-25.319019,0.782751
3320,3.320000,3.022871,5.416084,4.618329,-1.595459,-24.131035,0.779821
3321,3.321000,3.049821,5.337334,4.618329,-1.568508,-22.874586,0.770522
3322,3.322000,3.077681,5.257273,4.618329,-1.540649,-21.556471,0.753941
3323,3.323000,3.106410,5.175993,4.618329,-1.511919,-20.460827,0.768191
3324,3.324000,3.135970,5.093577,4.618329,-1.482359,-19.238335,0.763032
3325,3.325000,3.166321,5.010108,4.618329,-1.452009,-17.827139,0.793071
3326,3.326000,3.197421,4.925683,4.618329,-1.420908,-16.950773,0.784091
3327,3.327000,3.229231,4.840372,4.618329,-1.389098,-16.118427,0.780651
3328,3.328000,3.261708,4.754231,4.618329,-1.356621,-15.168867,0.771791
3329,3.329000,3.294810,4.667326,4.618329,-1.323519,-14.055766,0.764542
3330,3.330000,3.328494,4.579728,4.618329,-1.289836,-12.652778,0.855820
3331,3.331000,3.362716,4.491532,4.618329,-1.255613,-10.745488,0.777041
3332,3.332000,3.397434,4.402866,4.618329,-1.220896,-9.074990,0.968709
3333,3.333000,3.432602,4.313851,4.618329,-1.185727,-7.359192,0.765741
3334,3.334000,3.468178,4.224609,4.618329,-1.150152,-5.306706,0.769171
3335,3.335000,3.504116,4.135278,4.618329,-1.114214,-3.275084,0.773212
3336,3.336000,3.540371,4.046000,4.618329,-1.077958,-1.051238,0.777151
3337,3.337000,3.576900,3.956928,4.618329,-1.041429,1.336370,0.781381
3338,3.338000,3.613657,3.868224,4.618329,-1.004673,4.166757,0.768021
3339,3.339000,3.650597,3.780079,4.618329,-0.967732,6.719925,0.768281
3340,3.340000,3.687676,3.692672,4.618329,-0.930653,8.918302,0.769872
3341,3.341000,3.724850,3.606158,4.618329,-0.893479,10.841057,0.787911
3342,3.342000,3.762075,3.520669,4.618329,-0.856254,12.721151,0.775831
3343,3.343000,3.799307,3.436327,4.618329,-0.819022,14.349599,0.779901
3344,3.344000,3.836502,3.353238,4.618329,-0.781827,15.791283,0.776741
3345,3.345000,3.873618,3.271496,4.618329,-0.744711,16.876732,0.762041
3346,3.346000,3.910613,3.191168,4.618329,-0.707716,17.883022,0.769671
3347,3.347000,3.947444,3.112314,4.618329,-0.670885,19.193359,0.801501
3348,3.348000,3.984072,3.035009,4.618329,-0.634258,20.410591,0.783131
3349,3.349000,4.020454,2.959331,4.618329,-0.597875,21.801630,0.897789
3350,3.350000,4.056552,2.885364,4.618329,-0.561778,23.189802,0.770111
3351,3.351000,4.092326,2.813199,4.618329,-0.526004,24.551348,0.776201
3352,3.352000,4.127738,2.742922,4.618329,-0.490591,26.042042,0.769901
3353,3.353000,4.162751,2.674629,4.618329,-0.455579,27.631172,0.765781
3354,3.354000,4.197327,2.608423,4.618329,-0.421003,29.790771,0.778551
3355,3.355000,4.231431,2.544438,4.618329,-0.386899,31.962479,0.774441
3356,3.356000,4.265028,2.482821,4.618329,-0.353301,33.880428,0.774701
3357,3.357000,4.298084,2.423703,4.618329,-0.320245,35.475636,0.774361
3358,3.358000,4.330567,2.367191,4.618329,-0.287762,36.703152,0.766991
3359,3.359000,4.362446,2.313366,4.618329,-0.255883,37.867943,0.775351
3360,3.360000,4.393689,2.262296,4.618329,-0.224640,38.981403,0.777191
3361,3.361000,4.424268,2.214046,4.618329,-0.194061,39.970524,0.765531
3362,3.362000,4.454154,2.168673,4.618329,-0.164175,40.843239,0.772711
3363,3.363000,4.483322,2.126226,4.618329,-0.135008,41.678265,0.767602
3364,3.364000,4.511745,2.086749,4.618329,-0.106584,42.378387,0.772131
3365,3.365000,4.539400,2.050283,4.618329,-0.078929,42.941383,0.765981
3366,3.366000,4.566264,2.016853,4.618329,-0.052065,43.409641,0.782431
3367,3.367000,4.592317,1.986484,4.618329,-0.026013,44.251728,0.772731
3368,3.368000,4.617537,1.959215,4.618329,-0.000792,45.159554,0.775922
3369,3.369000,4.641907,1.935099,4.618329,0.023578,46.317352,0.772531
3370,3.370000,4.665410,1.914205,4.618329,0.047080,47.187393,0.952019
3371,3.371000,4.688030,1.896588,4.618329,0.069700,47.650997,0.777911
3372,3.372000,4.709752,1.882276,4.618329,0.091423,47.968811,0.781881
3373,3.373000,4.730566,1.871284,4.618329,0.112236,48.210270,0.770071
3374,3.374000,4.750458,1.863615,4.618329,0.132129,48.244026,0.768641
3375,3.375000,4.769421,1.859262,4.618329,0.151091,48.156528,0.766701
3376,3.376000,4.787445,1.858207,4.618329,0.169116,48.391491,0.764201
3377,3.377000,4.804525,1.860451,4.618329,0.186196,48.479572,0.784291
3378,3.378000,4.820655,1.865990,4.618329,0.202326,48.442200,0.780512
3379,3.379000,4.835832,1.874814,4.618329,0.217503,48.249470,0.779471
3380,3.380000,4.850055,1.886901,4.618329,0.231725,47.782475,0.771821
3381,3.381000,4.863322,1.902212,4.618329,0.244992,46.781021,0.766581
3382,3.382000,4.875634,1.920673,4.618329,0.257305,45.259167,0.754222
3383,3.383000,4.886995,1.942172,4.618329,0.268666,43.382885,0.778641
3384,3.384000,4.897408,1.966569,4.618329,0.279079,41.015972,0.776241
3385,3.385000,4.906879,1.993693,4.618329,0.288550,37.804714,0.799691
3386,3.386000,4.915414,2.023316,4.618329,0.297085,34.661152,0.768481
3387,3.387000,4.923021,2.055205,4.618329,0.304692,32.033928,0.887760
3388,3.388000,4.929710,2.089157,4.618329,0.311380,29.469149,0.770511
3389,3.389000,4.935489,2.124988,4.618329,0.317160,27.069012,0.768542
3390,3.390000,4.940371,2.162525,4.618329,0.322041,25.440561,0.867320
3391,3.391000,4.944367,2.201645,4.618329,0.326037,24.005932,0.772232
3392,3.392000,4.947490,2.242250,4.618329,0.329161,22.699936,0.775961
3393,3.393000,4.949754,2.284253,4.618329,0.331425,21.397913,0.774351
3394,3.394000,4.951174,2.327571,4.618329,0.332845,20.248013,0.767491
3395,3.395000,4.951764,2.372127,4.618329,0.333434,19.294209,0.783661
3396,3.396000,4.951541,2.417854,4.618329,0.333211,18.643650,0.779691
3397,3.397000,4.950521,2.464709,4.618329,0.332191,17.940777,0.759961
3398,3.398000,4.948721,2.512646,4.618329,0.330392,17.085220,0.771651
3399,3.399000,4.946161,2.561612,4.618329,0.327832,16.220812,0.777971
3400,3.400000,4.942858,2.611547,4.618329,0.324529,15.539634,0.771092
3401,3.401000,4.938832,2.662403,4.618329,0.320503,14.876760,0.787681
3402,3.402000,4.934102,2.714133,4.618329,0.315773,14.146844,0.777731
3403,3.403000,4.928690,2.766687,4.618329,0.310360,13.282501,0.766791
3404,3.404000,4.922615,2.820008,4.618329,0.304285,12.347652,0.772291
3405,3.405000,4.915899,2.874029,4.618329,0.297570,11.374697,0.783670
3406,3.406000,4.908565,2.928683,4.618329,0.290236,10.524792,0.767241
3407,3.407000,4.900635,2.983908,4.618329,0.282305,9.530917,0.867530
3408,3.408000,4.892130,3.039634,4.618329,0.273801,8.422502,0.774951
3409,3.409000,4.883076,3.095787,4.618329,0.264747,7.214791,0.781491
3410,3.410000,4.873494,3.152282,4.618329,0.255165,5.965420,0.759982
3411,3.411000,4.863409,3.209032,4.618329,0.245080,4.780150,0.755651
3412,3.412000,4.852846,3.265953,4.618329,0.234516,3.598864,0.771091
3413,3.413000,4.841827,3.322963,4.618329,0.223497,2.456449,0.775451
3414,3.414000,4.830378,3.379983,4.618329,0.212048,1.682648,0.778211
3415,3.415000,4.818523,3.436955,4.618329,0.200193,0.911368,0.785201
3416,3.416000,4.806286,3.493830,4.618329,0.187957,-0.005307,0.771831
3417,3.417000,4.793694,3.550548,4.618329,0.175365,-0.953382,0.771541
3418,3.418000,4.780770,3.607048,4.618329,0.162441,-1.835292,0.765022
3419,3.419000,4.767540,3.663270,4.618329,0.149211,-2.720264,0.773371
3420,3.420000,4.754028,3.719155,4.618329,0.135699,-3.676612,0.774971
3421,3.421000,4.740260,3.774640,4.618329,0.121930,-4.754545,0.778861
3422,3.422000,4.726260,3.829654,4.618329,0.107930,-5.919875,0.782161
3423,3.423000,4.712052,3.884119,4.618329,0.093723,-6.824779,0.765842
3424,3.424000,4.697662,3.937969,4.618329,0.079333,-7.627746,0.795511
3425,3.425000,4.683115,3.991152,4.618329,0.064786,-8.359354,0.770341
3426,3.426000,4.668433,4.043619,4.618329,0.050104,-8.942717,0.777261
3427,3.427000,4.653642,4.095333,4.618329,0.035313,-9.417723,0.779451
3428,3.428000,4.638765,4.146263,4.618329,0.020436,-9.778663,0.933989
3429,3.429000,4.623825,4.196390,4.618329,0.005496,-10.196520,0.767171
3430,3.430000,4.608847,4.245689,4.618329,-0.009482,-10.637973,0.777341
3431,3.431000,4.593852,4.294135,4.618329,-0.024477,-11.067630,0.777701
3432,3.432000,4.578865,4.341704,4.618329,-0.039464,-11.479634,0.775221
3433,3.433000,4.563906,4.388368,4.618329,-0.054423,-11.818552,0.762382
3434,3.434000,4.548998,4.434108,4.618329,-0.069331,-12.100891,0.774011
3435,3.435000,4.534163,4.478906,4.618329,-0.084166,-12.353951,0.776501
3436,3.436000,4.519422,4.522748,4.618329,-0.098908,-12.587055,0.794661
3437,3.437000,4.504796,4.565623,4.618329,-0.113534,-12.810362,0.779381
3438,3.438000,4.490305,4.607517,4.618329,-0.128024,-13.200397,0.765711
3439,3.439000,4.475970,4.648409,4.618329,-0.142359,-13.616271,0.767772
3440,3.440000,4.461810,4.688275,4.618329,-0.156519,-13.965921,0.764741
3441,3.441000,4.447845,4.727090,4.618329,-0.170484,-14.296910,0.769431
3442,3.442000,4.434093,4.764834,4.618329,-0.184236,-14.606064,0.779161
3443,3.443000,4.420574,4.801490,4.618329,-0.197755,-14.897023,0.792291
3444,3.444000,4.407304,4.837038,4.618329,-0.211026,-15.168321,0.772681
3445,3.445000,4.394301,4.871466,4.618329,-0.224028,-15.509348,0.874020
3446,3.446000,4.381582,4.904751,4.618329,-0.236747,-15.884932,0.770531
3447,3.447000,4.369164,4.936874,4.618329,-0.249165,-16.246901,0.905860
3448,3.448000,4.357062,4.967811,4.618329,-0.261267,-16.711723,0.765121
3449,3.449000,4.345292,4.997535,4.618329,-0.273037,-17.195297,0.764861
3450,3.450000,4.333869,5.026016,4.618329,-0.284461,-17.617558,0.769671
3451,3.451000,4.322806,5.053227,4.618329,-0.295524,-17.982220,0.778562
3452,3.452000,4.312117,5.079144,4.618329,-0.306212,-18.315811,0.774571
3453,3.453000,4.301816,5.103750,4.618329,-0.316513,-18.750969,0.770701
3454,3.454000,4.291915,5.127018,4.618329,-0.326414,-19.178280,0.778601
3455,3.455000,4.282426,5.148925,4.618329,-0.335904,-19.643284,0.766341
3456,3.456000,4.273359,5.169441,4.618329,-0.344970,-20.039812,0.771172
3457,3.457000,4.264726,5.188543,4.618329,-0.353604,-20.347723,0.773051
3458,3.458000,4.256536,5.206212,4.618329,-0.361793,-20.574923,0.796531
3459,3.459000,4.248798,5.222437,4.618329,-0.369531,-20.720829,0.771601
3460,3.460000,4.241521,5.237211,4.618329,-0.376808,-20.796247,0.774321
3461,3.461000,4.234714,5.250536,4.618329,-0.383615,-20.818748,0.766151
3462,3.462000,4.228382,5.262413,4.618329,-0.389947,-20.814194,0.775461
3463,3.463000,4.222532,5.272848,4.618329,-0.395797,-20.787540,0.781391
3464,3.464000,4.217171,5.281850,4.618329,-0.401158,-20.791677,0.770361
3465,3.465000,4.212303,5.289422,4.618329,-0.406026,-20.888189,0.860700
3466,3.466000,4.207933,5.295565,4.618329,-0.410397,-20.996590,0.772221
3467,3.467000,4.204064,5.300274,4.618329,-0.414265,-21.180813,0.787261
3468,3.468000,4.200699,5.303542,4.618329,-0.417630,-21.472792,0.763391
3469,3.469000,4.197841,5.305353,4.618329,-0.420488,-21.993109,0.764212
3470,3.470000,4.195492,5.305677,4.618329,-0.422838,-22.600815,0.761761
3471,3.471000,4.193651,5.304475,4.618329,-0.424678,-23.167839,0.778031
3472,3.472000,4.192321,5.301708,4.618329,-0.426009,-23.597549,0.782641
3473,3.473000,4.191498,5.297349,4.618329,-0.426831,-23.860083,0.785741
3474,3.474000,4.191184,5.291381,4.618329,-0.427145,-24.043610,0.774641
3475,3.475000,4.191375,5.283795,4.618329,-0.426954,-24.128607,0.777791
3476,3.476000,4.192070,5.274591,4.618329,-0.426260,-24.120548,0.756632
3477,3.477000,4.193262,5.263774,4.618329,-0.425067,-24.079102,0.769231
3478,3.478000,4.194950,5.251353,4.618329,-0.423379,-23.924562,0.782871
3479,3.479000,4.197128,5.237344,4.618329,-0.421202,-23.665936,0.783741
3480,3.480000,4.199789,5.221770,4.618329,-0.418540,-23.306662,0.791431
3481,3.481000,4.202928,5.204661,4.618329,-0.415401,-22.927349,0.774851
3482,3.482000,4.206536,5.186050,4.618329,-0.411793,-22.542677,0.773212
3483,3.483000,4.210607,5.165967,4.618329,-0.407722,-22.200352,0.772001
3484,3.484000,4.215131,5.144442,4.618329,-0.403198,-21.848125,0.784001
3485,3.485000,4.220099,5.121505,4.618329,-0.398230,-21.497757,0.772051
3486,3.486000,4.225501,5.097182,4.618329,-0.392828,-21.104765,0.887250
3487,3.487000,4.231327,5.071504,4.618329,-0.387002,-20.658751,0.771231
3488,3.488000,4.237564,5.044505,4.618329,-0.380765,-20.038158,0.767952
3489,3.489000,4.244201,5.016228,4.618329,-0.374128,-19.352987,0.773771
3490,3.490000,4.251226,4.986724,4.618329,-0.367103,-18.603359,0.776081
3491,3.491000,4.258626,4.956048,4.618329,-0.359703,-17.667486,0.759711
3492,3.492000,4.266386,4.924266,4.618329,-0.351943,-17.004005,0.772561
3493,3.493000,4.274492,4.891431,4.618329,-0.343837,-16.298162,0.774281
3494,3.494000,4.282931,4.857596,4.618329,-0.335398,-15.475652,0.767361
3495,3.495000,4.291687,4.822815,4.618329,-0.326643,-14.579574,0.790541
3496,3.496000,4.300743,4.787153,4.618329,-0.317586,-13.548188,0.778061
3497,3.497000,4.310085,4.750681,4.618329,-0.308244,-12.419920,0.761052
3498,3.498000,4.319695,4.713479,4.618329,-0.298634,-11.086532,0.759591
3499,3.499000,4.329557,4.675636,4.618329,-0.288772,-9.872371,0.786281
3500,3.500000,4.339654,4.637243,4.618329,-0.278675,-8.882401,0.773611
3501,3.501000,4.349969,4.598371,4.618329,-0.268360,-7.675034,0.788051
3502,3.502000,4.360483,4.559102,4.618329,-0.257846,-6.310224,0.785861
3503,3.503000,4.371179,4.519527,4.618329,-0.247150,-4.910878,0.881070
3504,3.504000,4.382039,4.479742,4.618329,-0.236290,-3.482599,0.770192
3505,3.505000,4.393045,4.439847,4.618329,-0.225284,-2.027536,0.766161
3506,3.506000,4.404179,4.399940,4.618329,-0.214150,-0.622974,0.862090
3507,3.507000,4.415422,4.360120,4.618329,-0.202907,0.737240,0.776501
3508,3.508000,4.426756,4.320478,4.618329,-0.191574,2.050591,0.769231
3509,3.509000,4.438163,4.281104,4.618329,-0.180167,3.349747,0.771931
3510,3.510000,4.449624,4.242085,4.618329,-0.168706,4.570521,0.777401
3511,3.511000,4.461121,4.203502,4.618329,-0.157208,5.757473,0.765531
3512,3.512000,4.472638,4.165434,4.618329,-0.145691,6.884255,0.771441
3513,3.513000,4.484155,4.127955,4.618329,-0.134174,8.018005,0.763582
3514,3.514000,4.495656,4.091139,4.618329,-0.122674,9.118344,0.772051
3515,3.515000,4.507123,4.055057,4.618329,-0.111207,10.084660,0.773681
3516,3.516000,4.518538,4.019774,4.618329,-0.099791,10.969502,0.777971
3517,3.517000,4.529886,3.985347,4.618329,-0.088443,11.860934,0.768962
3518,3.518000,4.541151,3.951831,4.618329,-0.077179,12.646843,0.773701
3519,3.519000,4.552315,3.919277,4.618329,-0.066015,13.349049,0.773091
3520,3.520000,4.563363,3.887729,4.618329,-0.054966,14.038704,0.779281
3521,3.521000,4.574281,3.857229,4.618329,-0.044048,14.640681,0.780711
3522,3.522000,4.585053,3.827814,4.618329,-0.033276,15.118872,0.771861
3523,3.523000,4.595665,3.799514,4.618329,-0.022664,15.476321,0.852260
3524,3.524000,4.606104,3.772349,4.618329,-0.012226,15.713551,0.782731
3525,3.525000,4.616355,3.746330,4.618329,-0.001975,15.926590,0.957469
3526,3.526000,4.626406,3.721467,4.618329,0.008076,16.127384,0.788541
3527,3.527000,4.636244,3.697767,4.618329,0.017915,16.342133,0.777011
3528,3.528000,4.645858,3.675239,4.618329,0.027529,16.641331,0.759042
3529,3.529000,4.655235,3.653900,4.618329,0.036906,16.917019,0.765291
3530,3.530000,4.664366,3.633764,4.618329,0.046037,17.193724,0.795311
3531,3.531000,4.673240,3.614847,4.618329,0.054910,17.615639,0.774211
3532,3.532000,4.681846,3.597173,4.618329,0.063517,18.052504,0.768441
3533,3.533000,4.690176,3.580769,4.618329,0.071847,18.375191,0.768761
3534,3.534000,4.698220,3.565655,4.618329,0.079891,18.636129,0.786971
3535,3.535000,4.705971,3.551848,4.618329,0.087642,18.839207,0.763761
3536,3.536000,4.713421,3.539357,4.618329,0.095092,18.934998,0.773831
3537,3.537000,4.720562,3.528187,4.618329,0.102233,18.950258,0.773831
3538,3.538000,4.727389,3.518335,4.618329,0.109059,18.929218,0.772031
3539,3.539000,4.733894,3.509794,4.618329,0.115565,18.871464,0.772112
3540,3.540000,4.740074,3.502556,4.618329,0.121745,18.752085,0.780771
3541,3.541000,4.745924,3.496608,4.618329,0.127594,18.611916,0.762221
3542,3.542000,4.751438,3.491937,4.618329,0.133109,18.535805,0.778081
3543,3.543000,4.756614,3.488533,4.618329,0.138285,18.547192,0.770391
3544,3.544000,4.761449,3.486390,4.618329,0.143120,18.488926,0.789950
3545,3.545000,4.765940,3.485502,4.618329,0.147611,18.334112,0.774892
3546,3.546000,4.770085,3.485858,4.618329,0.151756,18.109119,0.788491
3547,3.547000,4.773884,3.487439,4.618329,0.155555,17.880859,0.771441
3548,3.548000,4.777334,3.490225,4.618329,0.159005,17.637711,0.776411
3549,3.549000,4.780437,3.494197,4.618329,0.162108,17.356388,0.767301
3550,3.550000,4.783193,3.499331,4.618329,0.164864,17.036089,0.766032
3551,3.551000,4.785602,3.505603,4.618329,0.167273,16.694408,0.765631
3552,3.552000,4.787666,3.512987,4.618329,0.169337,16.349403,0.769741
3553,3.553000,4.789388,3.521454,4.618329,0.171058,16.031906,0.763702
3554,3.554000,4.790768,3.530980,4.618329,0.172439,15.698697,0.778351
3555,3.555000,4.791811,3.541539,4.618329,0.173482,15.298390,0.769811
3556,3.556000,4.792520,3.553103,4.618329,0.174191,14.817363,0.774581
3557,3.557000,4.792900,3.565636,4.618329,0.174570,14.276730,0.773101
3558,3.558000,4.792953,3.579099,4.618329,0.174624,13.772103,0.780601
3559,3.559000,4.792686,3.593454,4.618329,0.174357,13.243155,0.778851
3560,3.560000,4.792103,3.608663,4.618329,0.173774,12.643248,0.780171
3561,3.561000,4.791211,3.624683,4.618329,0.172881,12.005652,0.868080
3562,3.562000,4.790015,3.641467,4.618329,0.171686,11.373816,0.775701
3563,3.563000,4.788522,3.658970,4.618329,0.170193,10.849734,0.761281
3564,3.564000,4.786739,3.677154,4.618329,0.168409,10.371552,0.849151
3565,3.565000,4.784673,3.695983,4.618329,0.166343,9.894301,0.772711
3566,3.566000,4.782331,3.715423,4.618329,0.164001,9.305573,0.779561
3567,3.567000,4.779722,3.735436,4.618329,0.161392,8.665085,0.778901
3568,3.568000,4.776853,3.755977,4.618329,0.158524,7.990029,0.778891
3569,3.569000,4.773733,3.776999,4.618329,0.155404,7.289437,0.767121
3570,3.570000,4.770371,3.798453,4.618329,0.152042,6.689316,0.762542
3571,3.571000,4.766776,3.820296,4.618329,0.148446,6.113204,0.765061
3572,3.572000,4.762956,3.842486,4.618329,0.144627,5.525522,0.780841
3573,3.573000,4.758922,3.864982,4.618329,0.140593,4.927584,0.797331
3574,3.574000,4.754683,3.887746,4.618329,0.136353,4.363870,0.775521
3575,3.575000,4.750247,3.910738,4.618329,0.131918,3.859043,0.780741
3576,3.576000,4.745627,3.933921,4.618329,0.127297,3.379659,0.768792
3577,3.577000,4.740830,3.957265,4.618329,0.122501,2.897213,0.773051
3578,3.578000,4.735867,3.980736,4.618329,0.117538,2.422927,0.772431
3579,3.579000,4.730750,4.004303,4.618329,0.112421,1.951488,0.816261
3580,3.580000,4.725487,4.027934,4.618329,0.107158,1.477431,0.953219
3581,3.581000,4.720090,4.051597,4.618329,0.101761,1.050439,0.787251
3582,3.582000,4.714568,4.075264,4.618329,0.096239,0.722655,0.921389
3583,3.583000,4.708933,4.098910,4.618329,0.090604,0.386012,0.794701
3584,3.584000,4.703194,4.122516,4.618329,0.084865,0.036809,0.784881
3585,3.585000,4.697363,4.146057,4.618329,0.079033,-0.325687,0.772341
3586,3.586000,4.691449,4.169511,4.618329,0.073120,-0.685334,0.777591
3587,3.587000,4.685463,4.192853,4.618329,0.067134,-1.041549,0.761261
3588,3.588000,4.679417,4.216061,4.618329,0.061088,-1.448436,0.770481
3589,3.589000,4.673319,4.239107,4.618329,0.054990,-1.895665,0.788062
3590,3.590000,4.667181,4.261962,4.618329,0.048852,-2.342815,0.780731
3591,3.591000,4.661014,4.284596,4.618329,0.042685,-2.775729,0.770481
3592,3.592000,4.654827,4.306978,4.618329,0.036498,-3.192319,0.776241
3593,3.593000,4.648630,4.329082,4.618329,0.030301,-3.590041,0.764721
3594,3.594000,4.642435,4.350880,4.618329,0.024105,-3.965592,0.776382
3595,3.595000,4.636250,4.372348,4.618329,0.017920,-4.341744,0.780071
3596,3.596000,4.630086,4.393462,4.618329,0.011756,-4.682611,0.770541
3597,3.597000,4.623952,4.414198,4.618329,0.005623,-5.001347,0.765771
3598,3.598000,4.617858,4.434537,4.618329,-0.000471,-5.305320,0.791031
3599,3.599000,4.611815,4.454460,4.618329,-0.006515,-5.596614,0.772951
3600,3.600000,4.605829,4.473947,4.618329,-0.012500,-5.873420,0.868031
3601,3.601000,4.599912,4.492983,4.618329,-0.018417,-6.139810,0.773861
3602,3.602000,4.594072,4.511550,4.618329,-0.024257,-6.423003,0.975179
3603,3.603000,4.588317,4.529631,4.618329,-0.030012,-6.743605,0.771741
3604,3.604000,4.582657,4.547206,4.618329,-0.035673,-7.075386,0.768131
3605,3.605000,4.577098,4.564254,4.618329,-0.041231,-7.381129,0.767292
3606,3.606000,4.571651,4.580756,4.618329,-0.046678,-7.666907,0.775711
3607,3.607000,4.566322,4.596692,4.618329,-0.052008,-7.933412,0.784471
3608,3.608000,4.561118,4.612047,4.618329,-0.057211,-8.177746,0.770321
3609,3.609000,4.556048,4.626805,4.618329,-0.062281,-8.377112,0.770171
3610,3.610000,4.551119,4.640954,4.618329,-0.067210,-8.564227,0.762542
3611,3.611000,4.546337,4.654484,4.618329,-0.071993,-8.751453,0.766851
3612,3.612000,4.541708,4.667384,4.618329,-0.076621,-8.927176,0.784951
3613,3.613000,4.537239,4.679645,4.618329,-0.081090,-9.090703,0.775281
3614,3.614000,4.532937,4.691256,4.618329,-0.085393,-9.245090,0.783201
3615,3.615000,4.528806,4.702210,4.618329,-0.089524,-9.392888,0.768602
3616,3.616000,4.524851,4.712499,4.618329,-0.093478,-9.527883,0.763861
3617,3.617000,4.521079,4.722115,4.618329,-0.097250,-9.649783,0.778271
3618,3.618000,4.517494,4.731053,4.618329,-0.100835,-9.764050,0.775651
3619,3.619000,4.514101,4.739306,4.618329,-0.104229,-9.875622,0.914880
3620,3.620000,4.510903,4.746868,4.618329,-0.107426,-9.997970,0.770371
3621,3.621000,4.507904,4.753735,4.618329,-0.110425,-10.122900,0.887150
3622,3.622000,4.505108,4.759899,4.618329,-0.113221,-10.232112,0.767231
3623,3.623000,4.502518,4.765354,4.618329,-0.115811,-10.323120,0.779661
3624,3.624000,4.500137,4.770097,4.618329,-0.118193,-10.400996,0.777271
3625,3.625000,4.497967,4.774123,4.618329,-0.120362,-10.464862,0.770001
3626,3.626000,4.496011,4.777431,4.618329,-0.122318,-10.514580,0.767221
3627,3.627000,4.494270,4.780020,4.618329,-0.124059,-10.550940,0.762251
3628,3.628000,4.492746,4.781888,4.618329,-0.125583,-10.573903,0.768461
3629,3.629000,4.491441,4.783035,4.618329,-0.126888,-10.582940,0.778311
3630,3.630000,4.490355,4.783465,4.618329,-0.127974,-10.580568,0.781061
3631,3.631000,4.489488,4.783179,4.618329,-0.128841,-10.595928,0.779951
3632,3.632000,4.488841,4.782179,4.618329,-0.129488,-10.596473,0.763831
3633,3.633000,4.488414,4.780466,4.618329,-0.129915,-10.581241,0.754742
3634,3.634000,4.488206,4.778043,4.618329,-0.130124,-10.570093,0.769621
3635,3.635000,4.488216,4.774913,4.618329,-0.130113,-10.550616,0.773301
3636,3.636000,4.488443,4.771079,4.618329,-0.129886,-10.513471,0.787531
3637,3.637000,4.488886,4.766546,4.618329,-0.129443,-10.455657,0.799191
3638,3.638000,4.489543,4.761319,4.618329,-0.128786,-10.384183,0.762762
3639,3.639000,4.490412,4.755405,4.618329,-0.127917,-10.320674,0.767841
3640,3.640000,4.491490,4.748811,4.618329,-0.126839,-10.238602,0.841310
3641,3.641000,4.492775,4.741544,4.618329,-0.125554,-10.137591,0.769622
3642,3.642000,4.494263,4.733612,4.618329,-0.124066,-10.022693,0.772081
3643,3.643000,4.495952,4.725025,4.618329,-0.122378,-9.909914,0.776971
3644,3.644000,4.497837,4.715794,4.618329,-0.120493,-9.793059,0.776151
3645,3.645000,4.499914,4.705927,4.618329,-0.118415,-9.666449,0.766321
3646,3.646000,4.502179,4.695436,4.618329,-0.116150,-9.515741,0.770641
3647,3.647000,4.504628,4.684331,4.618329,-0.113701,-9.348559,0.772051
3648,3.648000,4.507256,4.672625,4.618329,-0.111073,-9.150155,0.779091
3649,3.649000,4.510058,4.660335,4.618329,-0.108272,-8.933735,0.777851
3650,3.650000,4.513027,4.647475,4.618329,-0.105302,-8.666488,0.772961
3651,3.651000,4.516159,4.634066,4.618329,-0.102170,-8.300519,0.769041
3652,3.652000,4.519447,4.620134,4.618329,-0.098882,-7.864664,0.774231
3653,3.653000,4.522886,4.605708,4.618329,-0.095443,-7.404791,0.763721
3654,3.654000,4.526469,4.590825,4.618329,-0.091860,-6.923980,0.770431
3655,3.655000,4.530189,4.575516,4.618329,-0.088140,-6.425378,0.782982
3656,3.656000,4.534040,4.559820,4.618329,-0.084290,-5.906343,0.776531
3657,3.657000,4.538014,4.543773,4.618329,-0.080315,-5.373953,0.925379
3658,3.658000,4.542104,4.527412,4.618329,-0.076225,-4.804265,0.775471
3659,3.659000,4.546304,4.510777,4.618329,-0.072026,-4.219677,0.933859
3660,3.660000,4.550605,4.493909,4.618329,-0.067725,-3.631857,0.799041
3661,3.661000,4.554999,4.476849,4.618329,-0.063330,-3.043676,0.776791
3662,3.662000,4.559480,4.459638,4.618329,-0.058849,-2.457289,0.766591
3663,3.663000,4.564040,4.442314,4.618329,-0.054290,-1.882153,0.759542
3664,3.664000,4.568670,4.424920,4.618329,-0.049660,-1.342566,0.771271
3665,3.665000,4.573362,4.407491,4.618329,-0.044967,-0.811702,0.779441
3666,3.666000,4.578110,4.390064,4.618329,-0.040220,-0.288905,0.780381
3667,3.667000,4.582904,4.372672,4.618329,-0.035425,0.253678,0.776091
3668,3.668000,4.587737,4.355353,4.618329,-0.030592,0.814835,0.774861
3669,3.669000,4.592602,4.338144,4.618329,-0.025728,1.355511,0.767222
3670,3.670000,4.597489,4.321081,4.618329,-0.020841,1.943963,0.778161
3671,3.671000,4.602391,4.304203,4.618329,-0.015938,2.515121,0.781661
3672,3.672000,4.607301,4.287548,4.618329,-0.011028,3.072501,0.786951
3673,3.673000,4.612211,4.271154,4.618329,-0.006119,3.591715,0.777601
3674,3.674000,4.617112,4.255056,4.618329,-0.001217,4.047870,0.766602
3675,3.675000,4.621999,4.239284,4.618329,0.003670,4.476585,0.773031
3676,3.676000,4.626862,4.223865,4.618329,0.008533,4.824868,0.774671
3677,3.677000,4.631695,4.208824,4.618329,0.013366,5.139694,0.857050
3678,3.678000,4.636491,4.194178,4.618329,0.018162,5.447786,0.770351
3679,3.679000,4.641243,4.179947,4.618329,0.022914,5.730082,0.944209
3680,3.680000,4.645944,4.166148,4.618329,0.027615,6.008238,0.773121
3681,3.681000,4.650587,4.152797,4.618329,0.032258,6.270983,0.766951
3682,3.682000,4.655167,4.139911,4.618329,0.036838,6.516438,0.782281
3683,3.683000,4.659676,4.127505,4.618329,0.041347,6.746278,0.782631
3684,3.684000,4.664110,4.115592,4.618329,0.045780,6.961845,0.775041
3685,3.685000,4.668460,4.104185,4.618329,0.050131,7.160800,0.759391
3686,3.686000,4.672724,4.093297,4.618329,0.054394,7.346039,0.766091
3687,3.687000,4.676894,4.082938,4.618329,0.058565,7.517979,0.771592
3688,3.688000,4.680966,4.073118,4.618329,0.062637,7.677330,0.778801
3689,3.689000,4.684935,4.063846,4.618329,0.066605,7.823496,0.779791
3690,3.690000,4.688796,4.055131,4.618329,0.070466,7.953250,0.775271
3691,3.691000,4.692544,4.046979,4.618329,0.074215,8.047510,0.790871
3692,3.692000,4.696176,4.039396,4.618329,0.077847,8.116032,0.760802
3693,3.693000,4.699687,4.032384,4.618329,0.081358,8.154782,0.760451
3694,3.694000,4.703074,4.025945,4.618329,0.084744,8.184577,0.792371
3695,3.695000,4.706332,4.020078,4.618329,0.088003,8.206067,0.782891
3696,3.696000,4.709461,4.014783,4.618329,0.091131,8.219037,0.901680
3697,3.697000,4.712454,4.010059,4.618329,0.094125,8.222886,0.771181
3698,3.698000,4.715311,4.005904,4.618329,0.096982,8.217054,0.991759
3699,3.699000,4.718029,4.002317,4.618329,0.099700,8.201044,0.770171
3700,3.700000,4.720605,3.999293,4.618329,0.102276,8.174423,0.778221
3701,3.701000,4.723038,3.996831,4.618329,0.104709,8.136912,0.773291
3702,3.702000,4.725326,3.994926,4.618329,0.106996,8.087663,0.762762
3703,3.703000,4.727466,3.993573,4.618329,0.109137,8.026342,0.773431
3704,3.704000,4.729459,3.992766,4.618329,0.111130,7.953623,0.763811
3705,3.705000,4.731304,3.992500,4.618329,0.112974,7.869491,0.769972
3706,3.706000,4.732998,3.992766,4.618329,0.114669,7.773936,0.772671
3707,3.707000,4.734542,3.993556,4.618329,0.116213,7.666946,0.779421
3708,3.708000,4.735937,3.994863,4.618329,0.117607,7.547460,0.774931
3709,3.709000,4.737181,3.996675,4.618329,0.118852,7.416342,0.781551
3710,3.710000,4.738275,3.998984,4.618329,0.119945,7.274220,0.768861
3711,3.711000,4.739219,4.001778,4.618329,0.120890,7.120367,0.776572
3712,3.712000,4.740015,4.005045,4.618329,0.121685,6.956177,0.775791
3713,3.713000,4.740662,4.008773,4.618329,0.122333,6.782057,0.802261
3714,3.714000,4.741163,4.012948,4.618329,0.122834,6.598456,0.765551
3715,3.715000,4.741518,4.017557,4.618329,0.123189,6.405878,0.755482
3716,3.716000,4.741729,4.022585,4.618329,0.123400,6.225734,0.785100
3717,3.717000,4.741799,4.028019,4.618329,0.123469,6.049110,0.802530
3718,3.718000,4.741728,4.033846,4.618329,0.123398,5.882365,0.780052
3719,3.719000,4.741519,4.040053,4.618329,0.123189,5.704656,0.776861
3720,3.720000,4.741174,4.046627,4.618329,0.122845,5.515919,0.772531
3721,3.721000,4.740696,4.053555,4.618329,0.122367,5.315550,0.766971
3722,3.722000,4.740087,4.060822,4.618329,0.121758,5.117089,0.760272
3723,3.723000,4.739351,4.068414,4.618329,0.121022,4.913919,0.764231
3724,3.724000,4.738490,4.076317,4.618329,0.120161,4.700992,0.775531
3725,3.725000,4.737508,4.084515,4.618329,0.119178,4.480359,0.787801
3726,3.726000,4.736407,4.092992,4.618329,0.118078,4.250782,0.776001
3727,3.727000,4.735192,4.101732,4.618329,0.116862,4.013147,0.775071
3728,3.728000,4.733865,4.110719,4.618329,0.115536,3.768451,0.768092
3729,3.729000,4.732431,4.119934,4.618329,0.114102,3.528167,0.753681
3730,3.730000,4.730893,4.129362,4.618329,0.112564,3.295105,0.776241
3731,3.731000,4.729256,4.138985,4.618329,0.110927,3.055015,0.779171
3732,3.732000,4.727523,4.148786,4.618329,0.109194,2.808753,0.781821
3733,3.733000,4.725699,4.158749,4.618329,0.107369,2.556248,0.784501
3734,3.734000,4.723787,4.168855,4.618329,0.105458,2.295598,0.835900
3735,3.735000,4.721793,4.179088,4.618329,0.103463,2.032455,0.775161
3736,3.736000,4.719720,4.189429,4.618329,0.101390,1.769020,0.993489
3737,3.737000,4.717572,4.199859,4.618329,0.099243,1.506263,0.770561
3738,3.738000,4.715356,4.210361,4.618329,0.097027,1.243725,0.771362
3739,3.739000,4.713074,4.220916,4.618329,0.094745,0.982865,0.764581
3740,3.740000,4.710732,4.231507,4.618329,0.092403,0.782527,0.767911
3741,3.741000,4.708335,4.242119,4.618329,0.090006,0.588887,0.786981
3742,3.742000,4.705886,4.252740,4.618329,0.087557,0.397839,0.783091
3743,3.743000,4.703391,4.263356,4.618329,0.085062,0.199909,0.773141
3744,3.744000,4.700855,4.273955,4.618329,0.082525,-0.002193,0.763012
3745,3.745000,4.698281,4.284524,4.618329,0.079952,-0.207539,0.762391
3746,3.746000,4.695675,4.295049,4.618329,0.077346,-0.415038,0.770791
3747,3.747000,4.693042,4.305516,4.618329,0.074713,-0.623635,0.780351
3748,3.748000,4.690386,4.315911,4.618329,0.072057,-0.835953,0.781142
3749,3.749000,4.687712,4.326220,4.618329,0.069383,-1.055459,0.780561
3750,3.750000,4.685024,4.336429,4.618329,0.066695,-1.273435,0.768971
3751,3.751000,4.682328,4.346523,4.618329,0.063998,-1.488270,0.770721
3752,3.752000,4.679627,4.356487,4.618329,0.061298,-1.697917,0.778431
3753,3.753000,4.676927,4.366308,4.618329,0.058597,-1.903174,0.931780
3754,3.754000,4.674231,4.375972,4.618329,0.055902,-2.103690,0.774551
3755,3.755000,4.671545,4.385466,4.618329,0.053215,-2.299089,0.956529
3756,3.756000,4.668871,4.394776,4.618329,0.050542,-2.489042,0.765791
3757,3.757000,4.666216,4.403892,4.618329,0.047887,-2.672953,0.769902
3758,3.758000,4.663583,4.412801,4.618329,0.045254,-2.849491,0.779111
3759,3.759000,4.660976,4.421491,4.618329,0.042647,-3.018964,0.794201
3760,3.760000,4.658399,4.429952,4.618329,0.040070,-3.181937,0.773371
3761,3.761000,4.655857,4.438173,4.618329,0.037528,-3.338249,0.755141
3762,3.762000,4.653353,4.446145,4.618329,0.035024,-3.487735,0.763811
3763,3.763000,4.650890,4.453858,4.618329,0.032560,-3.630159,0.768661
3764,3.764000,4.648473,4.461303,4.618329,0.030143,-3.765415,0.770551
3765,3.765000,4.646104,4.468472,4.618329,0.027775,-3.892275,0.779502
3766,3.766000,4.643788,4.475358,4.618329,0.025459,-4.010516,0.773251
3767,3.767000,4.641528,4.481952,4.618329,0.023198,-4.120588,0.770831
3768,3.768000,4.639326,4.488249,4.618329,0.020996,-4.221519,0.761661
3769,3.769000,4.637186,4.494242,4.618329,0.018857,-4.309339,0.766932
3770,3.770000,4.635111,4.499927,4.618329,0.016782,-4.389854,0.780981
3771,3.771000,4.633103,4.505299,4.618329,0.014774,-4.463980,0.792531
3772,3.772000,4.631166,4.510353,4.618329,0.012836,-4.531874,0.778611
3773,3.773000,4.629301,4.515088,4.618329,0.010971,-4.593438,0.853100
3774,3.774000,4.627511,4.519498,4.618329,0.009181,-4.648507,0.762182
3775,3.775000,4.625798,4.523582,4.618329,0.007469,-4.696995,0.764841
3776,3.776000,4.624165,4.527336,4.618329,0.005836,-4.738746,0.775661
3777,3.777000,4.622612,4.530760,4.618329,0.004283,-4.773731,0.782951
3778,3.778000,4.621143,4.533852,4.618329,0.002814,-4.801889,0.774022
3779,3.779000,4.619758,4.536611,4.618329,0.001429,-4.822891,0.770681
3780,3.780000,4.618460,4.539036,4.618329,0.000130,-4.837006,0.765531
3781,3.781000,4.617248,4.541128,4.618329,-0.001081,-4.844302,0.768211
3782,3.782000,4.616125,4.542886,4.618329,-0.002204,-4.844820,0.768232
3783,3.783000,4.615092,4.544312,4.618329,-0.003238,-4.839960,0.809290
3784,3.784000,4.614149,4.545408,4.618329,-0.004181,-4.828929,0.774012
3785,3.785000,4.613297,4.546174,4.618329,-0.005033,-4.811135,0.768191
3786,3.786000,4.612537,4.546614,4.618329,-0.005792,-4.786922,0.770291
3787,3.787000,4.611869,4.546728,4.618329,-0.006461,-4.756539,0.773661
3788,3.788000,4.611293,4.546522,4.618329,-0.007036,-4.719540,0.789041
3789,3.789000,4.610810,4.545998,4.618329,-0.007520,-4.676028,0.769822
3790,3.790000,4.610419,4.545159,4.618329,-0.007910,-4.626090,0.783861
3791,3.791000,4.610121,4.544010,4.618329,-0.008209,-4.569862,0.773211
3792,3.792000,4.609914,4.542557,4.618329,-0.008415,-4.507447,0.768811
3793,3.793000,4.609799,4.540803,4.618329,-0.008530,-4.439047,0.767371
3794,3.794000,4.609775,4.538755,4.618329,-0.008554,-4.364746,0.888819
3795,3.795000,4.609842,4.536418,4.618329,-0.008488,-4.284712,0.777652
3796,3.796000,4.609997,4.533799,4.618329,-0.008332,-4.208465,0.779231
3797,3.797000,4.610241,4.530904,4.618329,-0.008088,-4.129764,0.760101
3798,3.798000,4.610572,4.527738,4.618329,-0.007757,-4.040767,0.766171
3799,3.799000,4.610989,4.524308,4.618329,-0.007340,-3.940695,0.774122
3800,3.800000,4.611490,4.520623,4.618329,-0.006839,-3.833846,0.783361
3801,3.801000,4.612075,4.516690,4.618329,-0.006254,-3.720944,0.783511
3802,3.802000,4.612741,4.512516,4.618329,-0.005589,-3.602517,0.769571
3803,3.803000,4.613486,4.508112,4.618329,-0.004843,-3.479537,0.763071
3804,3.804000,4.614309,4.503486,4.618329,-0.004020,-3.351615,0.760572
3805,3.805000,4.615209,4.498647,4.618329,-0.003121,-3.228306,0.793901
3806,3.806000,4.616182,4.493605,4.618329,-0.002148,-3.099714,0.773781
3807,3.807000,4.617226,4.488368,4.618329,-0.001104,-2.965592,0.782171
3808,3.808000,4.618340,4.482946,4.618329,0.000010,-2.826255,0.765951
3809,3.809000,4.619521,4.477350,4.618329,0.001191,-2.682149,0.778321
3810,3.810000,4.620766,4.471589,4.618329,0.002437,-2.533751,0.772311
3811,3.811000,4.622074,4.465674,4.618329,0.003744,-2.381518,0.868380
3812,3.812000,4.623440,4.459616,4.618329,0.005111,-2.225925,0.773301
3813,3.813000,4.624864,4.453425,4.618329,0.006535,-2.058921,0.932149
3814,3.814000,4.626342,4.447114,4.618329,0.008012,-1.886187,0.774902
3815,3.815000,4.627871,4.440694,4.618329,0.009541,-1.702960,0.770391
3816,3.816000,4.629448,4.434178,4.618329,0.011119,-1.520434,0.773061
3817,3.817000,4.631071,4.427580,4.618329,0.012742,-1.339452,0.774461
3818,3.818000,4.632736,4.420910,4.618329,0.014407,-1.160204,0.774331
3819,3.819000,4.634441,4.414183,4.618329,0.016112,-0.982746,0.762902
3820,3.820000,4.636183,4.407409,4.618329,0.017854,-0.807126,0.754911
3821,3.821000,4.637958,4.400602,4.618329,0.019629,-0.632676,0.774421
3822,3.822000,4.639764,4.393772,4.618329,0.021434,-0.459979,0.771711
3823,3.823000,4.641596,4.386932,4.618329,0.023267,-0.289414,0.782431
3824,3.824000,4.643453,4.380094,4.618329,0.025124,-0.121239,0.780841
3825,3.825000,4.645332,4.373269,4.618329,0.027002,0.044402,0.776151
3826,3.826000,4.647227,4.366466,4.618329,0.028898,0.205897,0.758851
3827,3.827000,4.649139,4.359699,4.618329,0.030809,0.380073,0.769592
3828,3.828000,4.651061,4.352977,4.618329,0.032732,0.553635,0.764301
3829,3.829000,4.652993,4.346314,4.618329,0.034663,0.722497,0.791561
3830,3.830000,4.654930,4.339719,4.618329,0.036600,0.875984,0.784781
3831,3.831000,4.656869,4.333203,4.618329,0.038540,1.020436,0.861620
3832,3.832000,4.658808,4.326777,4.618329,0.040479,1.161196,0.768282
3833,3.833000,4.660744,4.320448,4.618329,0.042414,1.339229,0.860340
3834,3.834000,4.662673,4.314229,4.618329,0.044343,1.504595,0.768001
3835,3.835000,4.664592,4.308130,4.618329,0.046263,1.658677,0.776961
3836,3.836000,4.666500,4.302162,4.618329,0.048171,1.803562,0.787591
3837,3.837000,4.668392,4.296334,4.618329,0.050063,1.940572,0.777331
3838,3.838000,4.670267,4.290655,4.618329,0.051938,2.070867,0.766841
3839,3.839000,4.672121,4.285133,4.618329,0.053792,2.193282,0.765991
3840,3.840000,4.673952,4.279777,4.618329,0.055623,2.308368,0.765571
3841,3.841000,4.675758,4.274593,4.618329,0.057428,2.410454,0.777871
3842,3.842000,4.677535,4.269588,4.618329,0.059205,2.499980,0.793641
3843,3.843000,4.679281,4.264768,4.618329,0.060952,2.583978,0.782631
3844,3.844000,4.680995,4.260137,4.618329,0.062666,2.663151,0.763621
3845,3.845000,4.682673,4.255700,4.618329,0.064344,2.737484,0.770311
3846,3.846000,4.684314,4.251461,4.618329,0.065985,2.806850,0.768142
3847,3.847000,4.685916,4.247424,4.618329,0.067586,2.871097,0.776401
3848,3.848000,4.687476,4.243594,4.618329,0.069146,2.930150,0.785221
3849,3.849000,4.688992,4.239973,4.618329,0.070663,2.983981,0.769141
3850,3.850000,4.690463,4.236564,4.618329,0.072134,3.032514,0.768801
3851,3.851000,4.691887,4.233371,4.618329,0.073558,3.075729,0.772211
3852,3.852000,4.693263,4.230395,4.618329,0.074934,3.113602,0.831520
3853,3.853000,4.694588,4.227637,4.618329,0.076259,3.146164,0.781081
3854,3.854000,4.695862,4.225101,4.618329,0.077533,3.173392,0.786861
3855,3.855000,4.697083,4.222787,4.618329,0.078754,3.195297,0.762902
3856,3.856000,4.698249,4.220696,4.618329,0.079920,3.211917,0.760261
3857,3.857000,4.699361,4.218827,4.618329,0.081031,3.223306,0.770551
3858,3.858000,4.700415,4.217182,4.618329,0.082086,3.229609,0.775981
3859,3.859000,4.701413,4.215761,4.618329,0.083083,3.230699,0.783242
3860,3.860000,4.702351,4.214562,4.618329,0.084022,3.226642,0.784541
3861,3.861000,4.703231,4.213584,4.618329,0.084902,3.217519,0.771551
3862,3.862000,4.704052,4.212827,4.618329,0.085722,3.203361,0.765691
3863,3.863000,4.704811,4.212289,4.618329,0.086482,3.184236,0.773361
3864,3.864000,4.705511,4.211967,4.618329,0.087181,3.160235,0.775752
3865,3.865000,4.706149,4.211860,4.618329,0.087820,3.131469,0.785041
3866,3.866000,4.706726,4.211965,4.618329,0.088397,3.100120,0.807450
3867,3.867000,4.707242,4.212278,4.618329,0.088912,3.070194,0.773211
3868,3.868000,4.707696,4.212799,4.618329,0.089367,3.035380,0.766651
3869,3.869000,4.708088,4.213523,4.618329,0.089759,2.995375,0.822731
3870,3.870000,4.708420,4.214447,4.618329,0.090090,2.955960,0.773571
3871,3.871000,4.708690,4.215568,4.618329,0.090360,2.914297,0.988258
3872,3.872000,4.708899,4.216884,4.618329,0.090570,2.867233,0.785912
3873,3.873000,4.709048,4.218388,4.618329,0.090719,2.814747,0.773121
3874,3.874000,4.709137,4.220080,4.618329,0.090808,2.757058,0.771461
3875,3.875000,4.709167,4.221952,4.618329,0.090837,2.694453,0.779051
3876,3.876000,4.709138,4.224001,4.618329,0.090808,2.627225,0.780201
3877,3.877000,4.709051,4.226222,4.618329,0.090722,2.555650,0.774122
3878,3.878000,4.708907,4.228609,4.618329,0.090578,2.480023,0.760761
3879,3.879000,4.708707,4.231157,4.618329,0.090377,2.400550,0.774281
3880,3.880000,4.708452,4.233860,4.618329,0.090122,2.317527,0.768741
3881,3.881000,4.708142,4.236712,4.618329,0.089813,2.231189,0.774611
3882,3.882000,4.707780,4.239706,4.618329,0.089451,2.141743,0.775681
3883,3.883000,4.707366,4.242836,4.618329,0.089037,2.049459,0.796221
3884,3.884000,4.706902,4.246095,4.618329,0.088573,1.954569,0.768761
3885,3.885000,4.706389,4.249477,4.618329,0.088059,1.857299,0.764531
3886,3.886000,4.705827,4.252974,4.618329,0.087498,1.757905,0.778451
3887,3.887000,4.705220,4.256580,4.618329,0.086891,1.656534,0.783940
3888,3.888000,4.704568,4.260287,4.618329,0.086239,1.553128,0.898729
3889,3.889000,4.703873,4.264088,4.618329,0.085543,1.448149,0.778701
3890,3.890000,4.703136,4.267976,4.618329,0.084807,1.341997,0.900170
3891,3.891000,4.702359,4.271943,4.618329,0.084030,1.234928,0.774931
3892,3.892000,4.701544,4.275982,4.618329,0.083215,1.127170,0.772841
3893,3.893000,4.700693,4.280085,4.618329,0.082364,1.021805,0.786911
3894,3.894000,4.699807,4.284244,4.618329,0.081478,0.937509,0.772201
3895,3.895000,4.698889,4.288455,4.618329,0.080560,0.852000,0.790081
3896,3.896000,4.697939,4.292710,4.618329,0.079610,0.764265,0.784831
3897,3.897000,4.696961,4.297004,4.618329,0.078631,0.674253,0.776661
3898,3.898000,4.695954,4.301332,4.618329,0.077625,0.582262,0.773691
3899,3.899000,4.694923,4.305686,4.618329,0.076594,0.488687,0.771762
3900,3.900000,4.693868,4.310060,4.618329,0.075539,0.392127,0.790921
3901,3.901000,4.692792,4.314449,4.618329,0.074463,0.301874,0.777731
3902,3.902000,4.691697,4.318845,4.618329,0.073367,0.210856,0.773921
3903,3.903000,4.690584,4.323243,4.618329,0.072254,0.119020,0.767501
3904,3.904000,4.689455,4.327636,4.618329,0.071126,0.026553,0.773372
3905,3.905000,4.688313,4.332018,4.618329,0.069983,-0.066306,0.777031
3906,3.906000,4.687159,4.336383,4.618329,0.068830,-0.159252,0.796821
3907,3.907000,4.685996,4.340724,4.618329,0.067666,-0.252160,0.967539
3908,3.908000,4.684825,4.345036,4.618329,0.066495,-0.347148,0.767231
3909,3.909000,4.683648,4.349312,4.618329,0.065319,-0.441025,0.761661
3910,3.910000,4.682468,4.353546,4.618329,0.064138,-0.534021,0.851951
3911,3.911000,4.681286,4.357731,4.618329,0.062956,-0.626086,0.800871
3912,3.912000,4.680104,4.361862,4.618329,0.061775,-0.716733,0.789291
3913,3.913000,4.678924,4.365932,4.618329,0.060595,-0.805445,0.775381
3914,3.914000,4.677748,4.369936,4.618329,0.059419,-0.892076,0.773121
3915,3.915000,4.676578,4.373867,4.618329,0.058249,-0.976464,0.772831
3916,3.916000,4.675416,4.377721,4.618329,0.057086,-1.058449,0.770851
3917,3.917000,4.674263,4.381493,4.618329,0.055933,-1.137915,0.781512
3918,3.918000,4.673121,4.385176,4.618329,0.054791,-1.214763,0.783341
3919,3.919000,4.671992,4.388766,4.618329,0.053663,-1.288928,0.779221
3920,3.920000,4.670877,4.392258,4.618329,0.052548,-1.360271,0.784501
3921,3.921000,4.669779,4.395648,4.618329,0.051450,-1.428717,0.781841
3922,3.922000,4.668699,4.398932,4.618329,0.050370,-1.494181,0.768861
3923,3.923000,4.667638,4.402105,4.618329,0.049309,-1.556553,0.788070
3924,3.924000,4.666598,4.405163,4.618329,0.048269,-1.615789,0.814721
3925,3.925000,4.665581,4.408103,4.618329,0.047251,-1.671736,0.831560
3926,3.926000,4.664587,4.410922,4.618329,0.046257,-1.724377,0.955400
3927,3.927000,4.663618,4.413615,4.618329,0.045289,-1.773461,0.809790
3928,3.928000,4.662676,4.416181,4.618329,0.044347,-1.819015,0.953019
3929,3.929000,4.661762,4.418616,4.618329,0.043432,-1.861220,0.824881
3930,3.930000,4.660876,4.420919,4.618329,0.042547,-1.900058,0.813511
3931,3.931000,4.660020,4.423086,4.618329,0.041691,-1.935539,0.813680
3932,3.932000,4.659196,4.425116,4.618329,0.040867,-1.967625,0.821821
3933,3.933000,4.658404,4.427007,4.618329,0.040074,-1.996302,0.837920
3934,3.934000,4.657645,4.428757,4.618329,0.039315,-2.021404,0.823701
3935,3.935000,4.656919,4.430366,4.618329,0.038590,-2.042968,0.825060
3936,3.936000,4.656229,4.431832,4.618329,0.037900,-2.061127,0.813371
3937,3.937000,4.655574,4.433155,4.618329,0.037245,-2.075888,0.802261
3938,3.938000,4.654956,4.434333,4.618329,0.036627,-2.087309,0.802611
3939,3.939000,4.654374,4.435367,4.618329,0.036045,-2.095379,0.813060
3940,3.940000,4.653830,4.436257,4.618329,0.035501,-2.100121,0.816221
3941,3.941000,4.653325,4.437001,4.618329,0.034995,-2.101532,0.817471
3942,3.942000,4.652857,4.437602,4.618329,0.034527,-2.099646,0.826440
3943,3.943000,4.652428,4.438059,4.618329,0.034099,-2.094536,0.813461
3944,3.944000,4.652038,4.438373,4.618329,0.033709,-2.086237,0.821701
3945,3.945000,4.651688,4.438545,4.618329,0.033359,-2.074827,0.914299
3946,3.946000,4.651378,4.438578,4.618329,0.033048,-2.060331,0.822781
3947,3.947000,4.651107,4.438470,4.618329,0.032777,-2.042819,0.900570
3948,3.948000,4.650876,4.438225,4.618329,0.032546,-2.022337,0.821250
3949,3.949000,4.650684,4.437844,4.618329,0.032355,-1.998944,0.804881
3950,3.950000,4.650532,4.437329,4.618329,0.032203,-1.972704,0.804551
3951,3.951000,4.650420,4.436682,4.618329,0.032090,-1.943702,0.816561
3952,3.952000,4.650347,4.435906,4.618329,0.032017,-1.912007,0.815770
3953,3.953000,4.650313,4.435003,4.618329,0.031983,-1.877697,0.815601
3954,3.954000,4.650317,4.433976,4.618329,0.031988,-1.840851,0.804331
3955,3.955000,4.650360,4.432828,4.618329,0.032031,-1.801407,0.817600
3956,3.956000,4.650441,4.431562,4.618329,0.032112,-1.759609,0.827051
3957,3.957000,4.650560,4.430180,4.618329,0.032231,-1.715542,0.821991
3958,3.958000,4.650716,4.428687,4.618329,0.032386,-1.669324,0.816300
3959,3.959000,4.650907,4.427085,4.618329,0.032578,-1.621029,0.804221
3960,3.960000,4.651135,4.425379,4.618329,0.032805,-1.570765,0.806031
3961,3.961000,4.651397,4.423571,4.618329,0.033068,-1.518613,0.801481
3962,3.962000,4.651694,4.421666,4.618329,0.033364,-1.464653,0.811920
3963,3.963000,4.652023,4.419669,4.618329,0.033694,-1.408999,0.823481
3964,3.964000,4.652386,4.417581,4.618329,0.034057,-1.351738,0.817651
3965,3.965000,4.652780,4.415409,4.618329,0.034451,-1.292990,0.804300
3966,3.966000,4.653205,4.413156,4.618329,0.034876,-1.232862,0.814011
3967,3.967000,4.653660,4.410826,4.618329,0.035331,-1.171421,0.816531
3968,3.968000,4.654144,4.408424,4.618329,0.035815,-1.108790,0.816491
3969,3.969000,4.654655,4.405955,4.618329,0.036326,-1.044747,0.800800
3970,3.970000,4.655194,4.403422,4.618329,0.036864,-0.979698,0.795821
3971,3.971000,4.655757,4.400830,4.618329,0.037428,-0.913799,0.808281
3972,3.972000,4.656346,4.398185,4.618329,0.038016,-0.847113,0.800651
3973,3.973000,4.656957,4.395490,4.618329,0.038628,-0.779800,0.811881
3974,3.974000,4.657591,4.392750,4.618329,0.039262,-0.711982,0.819670
3975,3.975000,4.658245,4.389971,4.618329,0.039916,-0.643740,0.818441
3976,3.976000,4.658920,4.387156,4.618329,0.040591,-0.575187,0.803411
3977,3.977000,4.659613,4.384311,4.618329,0.041283,-0.506432,0.806351
3978,3.978000,4.660323,4.381440,4.618329,0.041993,-0.437573,0.792470
3979,3.979000,4.661048,4.378548,4.618329,0.042719,-0.368682,0.800791
3980,3.980000,4.661789,4.375640,4.618329,0.043459,-0.299893,0.815221
3981,3.981000,4.662542,4.372720,4.618329,0.044213,-0.231296,0.798741
3982,3.982000,4.663308,4.369794,4.618329,0.044979,-0.163004,0.895090
3983,3.983000,4.664084,4.366864,4.618329,0.045755,-0.095073,0.997458
3984,3.984000,4.664870,4.363938,4.618329,0.046540,-0.027623,0.807111
3985,3.985000,4.665663,4.361018,4.618329,0.047334,0.038494,0.821191
3986,3.986000,4.666463,4.358109,4.618329,0.048134,0.102020,0.833990
3987,3.987000,4.667269,4.355216,4.618329,0.048940,0.164935,0.801201
3988,3.988000,4.668078,4.352343,4.618329,0.049749,0.227289,0.796851
3989,3.989000,4.668890,4.349494,4.618329,0.050561,0.292933,0.797591
3990,3.990000,4.669704,4.346673,4.618329,0.051375,0.363614,0.796141
3991,3.991000,4.670518,4.343885,4.618329,0.052188,0.433401,0.802351
3992,3.992000,4.671330,4.341134,4.618329,0.053001,0.500765,0.801411
3993,3.993000,4.672140,4.338425,4.618329,0.053810,0.565435,0.793141
3994,3.994000,4.672946,4.335763,4.618329,0.054616,0.627684,0.806400
3995,3.995000,4.673747,4.333151,4.618329,0.055418,0.683117,0.806611
3996,3.996000,4.674542,4.330593,4.618329,0.056212,0.735637,0.808561
3997,3.997000,4.675329,4.328093,4.618329,0.057000,0.786442,0.810781
3998,3.998000,4.676108,4.325653,4.618329,0.057779,0.835661,0.804681
3999,3.999000,4.676877,4.323277,4.618329,0.058548,0.883231,0.788621
4000,4.000000,4.677635,4.320968,19.752207,-15.074572,104.359016,0.811681
4001,4.001000,4.678381,4.324655,19.752207,-15.073826,108.506218,0.802801
4002,4.002000,4.679117,4.336108,19.752207,-15.073090,108.451080,0.817221
4003,4.003000,4.679845,4.355601,19.752207,-15.072362,108.360260,0.809650
4004,4.004000,4.680573,4.383001,19.752207,-15.071634,108.225456,0.813511
4005,4.005000,4.681311,4.418115,19.752207,-15.070896,107.988617,0.802751
4006,4.006000,4.682071,4.460762,19.752207,-15.070136,107.569038,0.839760
4007,4.007000,4.682869,4.510791,19.752207,-15.069338,106.882957,0.970969
4008,4.008000,4.683721,4.568065,19.752207,-15.068486,105.714546,0.945210
4009,4.009000,4.684650,4.632437,19.752207,-15.067557,103.479874,0.795430
4010,4.010000,4.685677,4.703715,19.752207,-15.066530,98.928841,0.794741
4011,4.011000,4.686828,4.781565,19.752207,-15.065379,91.005165,0.797381
4012,4.012000,4.688133,4.865435,19.752207,-15.064074,83.175453,0.813611
4013,4.013000,4.689619,4.954732,19.752207,-15.062588,77.871239,0.803701
4014,4.014000,4.691321,5.049012,19.752207,-15.060886,75.852074,0.797671
4015,4.015000,4.693270,5.148070,19.752207,-15.058937,74.013588,0.801321
4016,4.016000,4.695502,5.251778,19.752207,-15.056705,72.294563,0.796200
4017,4.017000,4.698055,5.360032,19.752207,-15.054152,70.294167,0.799881
4018,4.018000,4.700967,5.472710,19.752207,-15.051240,68.479195,1.345575
4019,4.019000,4.704278,5.589697,19.752207,-15.047929,67.037384,0.967619
4020,4.020000,4.708029,5.710895,19.752207,-15.044178,65.555733,0.958369
4021,4.021000,4.712264,5.836207,19.752207,-15.039943,63.760918,0.797671
4022,4.022000,4.717025,5.965515,19.752207,-15.035182,61.641888,0.808780
4023,4.023000,4.722359,6.098677,19.752207,-15.029847,59.560291,0.804720
4024,4.024000,4.728313,6.235548,19.752207,-15.023894,57.725349,0.797561
4025,4.025000,4.734933,6.375992,19.752207,-15.017274,56.187645,0.788521
4026,4.026000,4.742269,6.519900,19.752207,-15.009937,54.831379,0.788171
4027,4.027000,4.750372,6.667173,19.752207,-15.001835,53.339500,0.781781
4028,4.028000,4.759290,6.817713,19.752207,-14.992917,51.453304,0.786121
4029,4.029000,4.769077,6.971394,19.752207,-14.983130,49.200058,0.795140
4030,4.030000,4.779784,7.128063,19.752207,-14.972423,46.639835,0.798151
4031,4.031000,4.791466,7.287545,19.752207,-14.960741,43.621975,0.802141
4032,4.032000,4.804176,7.449632,19.752207,-14.948031,39.872608,0.792081
4033,4.033000,4.817968,7.614068,19.752207,-14.934239,36.006626,0.803161
4034,4.034000,4.832898,7.780579,19.752207,-14.919309,31.590483,0.804181
4035,4.035000,4.849022,7.948861,19.752207,-14.903185,26.281523,0.785431
4036,4.036000,4.866395,8.118552,19.752207,-14.885812,21.067669,1.103867
4037,4.037000,4.885073,8.289287,19.752207,-14.867134,16.655090,0.877020
4038,4.038000,4.905111,8.460745,19.752207,-14.847096,12.150636,1.092848
4039,4.039000,4.926566,8.632619,19.752207,-14.825641,7.568357,0.808370
4040,4.040000,4.949492,8.804604,19.752207,-14.802715,2.125840,0.792121
4041,4.041000,4.973945,8.976342,19.752207,-14.778262,-3.319870,0.782810
4042,4.042000,4.999978,9.147466,19.752207,-14.752229,-7.763855,0.782002
4043,4.043000,5.027645,9.317665,19.752207,-14.724562,-11.106463,0.785661
4044,4.044000,5.056998,9.486708,19.752207,-14.695209,-13.297647,0.806470
4045,4.045000,5.088089,9.654448,19.752207,-14.664118,-17.463074,0.794700
4046,4.046000,5.120968,9.820652,19.752207,-14.631239,-22.195847,0.792471
4047,4.047000,5.155685,9.985017,19.752207,-14.596522,-26.059677,0.784572
4048,4.048000,5.192287,10.147282,19.752207,-14.559920,-29.693638,0.855720
4049,4.049000,5.230822,10.307204,19.752207,-14.521385,-32.941540,0.776291
4050,4.050000,5.271334,10.464572,19.752207,-14.480873,-35.618587,0.779011
4051,4.051000,5.313868,10.619214,19.752207,-14.438339,-37.825329,0.795011
4052,4.052000,5.358463,10.770995,19.752207,-14.393744,-41.246483,0.792941
4053,4.053000,5.405162,10.919716,19.752207,-14.347045,-44.507538,0.786981
4054,4.054000,5.454001,11.065171,19.752207,-14.298206,-47.412277,0.787071
4055,4.055000,5.505018,11.207171,19.752207,-14.247188,-50.209484,0.877790
4056,4.056000,5.558247,11.345538,19.752207,-14.193960,-52.905476,0.800901
4057,4.057000,5.613720,11.480104,19.752207,-14.138487,-55.228565,0.965079
4058,4.058000,5.671467,11.610724,19.752207,-14.080740,-58.137600,0.786231
4059,4.059000,5.731516,11.737225,19.752207,-14.020691,-60.789810,0.780161
4060,4.060000,5.793893,11.859439,19.752207,-13.958314,-63.845943,0.780761
4061,4.061000,5.858621,11.977180,19.752207,-13.893586,-67.644066,0.832111
4062,4.062000,5.925721,12.090210,19.752207,-13.826486,-71.256981,0.786321
4063,4.063000,5.995212,12.198294,19.752207,-13.756995,-76.087700,0.799091
4064,4.064000,6.067109,12.301126,19.752207,-13.685098,-82.744362,0.794151
4065,4.065000,6.141425,12.398281,19.752207,-13.610782,-87.973450,0.786751
4066,4.066000,6.218170,12.489390,19.752207,-13.534037,-91.448036,0.796681
4067,4.067000,6.297352,12.574201,19.752207,-13.454855,-93.388847,0.779371
4068,4.068000,6.378975,12.652586,19.752207,-13.373232,-94.921249,0.780191
4069,4.069000,6.463039,12.724473,19.752207,-13.289168,-96.062782,0.786971
4070,4.070000,6.549542,12.789819,19.752207,-13.202665,-96.813667,0.786541
4071,4.071000,6.638479,12.848609,19.752207,-13.113728,-96.909004,0.787191
4072,4.072000,6.729840,12.900864,19.752207,-13.022367,-96.278557,0.794961
4073,4.073000,6.823615,12.946658,19.752207,-12.928592,-95.033684,0.869380
4074,4.074000,6.919787,12.986102,19.752207,-12.832420,-92.974892,0.790101
4075,4.075000,7.018339,13.019366,19.752207,-12.733868,-89.585419,0.947409
4076,4.076000,7.119250,13.046701,19.752207,-12.632957,-84.537300,0.786571
4077,4.077000,7.222494,13.068472,19.752207,-12.529713,-78.767128,0.780481
4078,4.078000,7.328045,13.085105,19.752207,-12.424162,-73.065300,0.783361
4079,4.079000,7.435874,13.097033,19.752207,-12.316333,-69.372253,0.782502
4080,4.080000,7.545948,13.104565,19.752207,-12.206259,-66.148003,0.793801
4081,4.081000,7.658233,13.107945,19.752207,-12.093974,-63.168591,0.784111
4082,4.082000,7.772691,13.107386,19.752207,-11.979516,-61.282284,0.801071
4083,4.083000,7.889284,13.103027,19.752207,-11.862923,-59.371784,0.788281
4084,4.084000,8.007972,13.094998,19.752207,-11.744235,-57.278118,0.776571
4085,4.085000,8.128710,13.083435,19.752207,-11.623497,-55.108852,0.784201
4086,4.086000,8.251453,13.068483,19.752207,-11.500754,-53.154884,0.791561
4087,4.087000,8.376156,13.050279,19.752207,-11.376051,-51.379078,0.793621
4088,4.088000,8.502768,13.028953,19.752207,-11.249439,-49.489223,0.785741
4089,4.089000,8.631239,13.004633,19.752207,-11.120968,-47.687450,0.784281
4090,4.090000,8.761517,12.977449,19.752207,-10.990690,-45.747150,0.795451
4091,4.091000,8.893547,12.947535,19.752207,-10.858660,-43.643147,0.797551
4092,4.092000,9.027275,12.915038,19.752207,-10.724932,-41.375336,0.805770
4093,4.093000,9.162643,12.880119,19.752207,-10.589564,-39.189716,0.769332
4094,4.094000,9.299593,12.842934,19.752207,-10.452614,-37.433006,0.939889
4095,4.095000,9.438064,12.803616,19.752207,-10.314143,-35.837433,0.787731
4096,4.096000,9.577995,12.762278,19.752207,-10.174212,-34.666740,0.787861
4097,4.097000,9.719324,12.719009,19.752207,-10.032883,-33.401264,0.788981
4098,4.098000,9.861988,12.673893,19.752207,-9.890219,-31.902607,0.790301
4099,4.099000,10.005921,12.627030,19.752207,-9.746286,-30.156563,0.780691
4100,4.100000,10.151058,12.578537,19.752207,-9.601149,-28.231689,0.779111
4101,4.101000,10.297332,12.528549,19.752207,-9.454875,-26.711428,0.771012
4102,4.102000,10.444676,12.477180,19.752207,-9.307531,-25.199154,0.779631
4103,4.103000,10.593020,12.424536,19.752207,-9.159187,-23.697990,0.797421
4104,4.104000,10.742295,12.370723,19.752207,-9.009912,-22.048855,0.780051
4105,4.105000,10.892432,12.315853,19.752207,-8.859775,-20.627888,0.779861
4106,4.106000,11.043359,12.260027,19.752207,-8.708848,-19.186373,0.789761
4107,4.107000,11.195004,12.203345,19.752207,-8.557203,-17.920589,0.784771
4108,4.108000,11.347296,12.145897,19.752207,-8.404911,-16.987486,0.781051
4109,4.109000,11.500164,12.087749,19.752207,-8.252043,-16.401075,0.799601
4110,4.110000,11.653532,12.028944,19.752207,-8.098675,-15.790095,0.783751
4111,4.111000,11.807328,11.969519,19.752207,-7.944879,-15.117825,0.807771
4112,4.112000,11.961479,11.909515,19.752207,-7.790728,-14.388822,0.776731
4113,4.113000,12.115909,11.848979,19.752207,-7.636297,-13.592551,0.786451
4114,4.114000,12.270546,11.787963,19.752207,-7.481661,-12.633809,0.880430
4115,4.115000,12.425315,11.726531,19.752207,-7.326892,-11.712770,0.789211
4116,4.116000,12.580139,11.664747,19.752207,-7.172068,-10.734811,0.773751
4117,4.117000,12.734945,11.602679,19.752207,-7.017262,-9.702613,0.760542
4118,4.118000,12.889657,11.540397,19.752207,-6.862550,-8.814574,0.778971
4119,4.119000,13.044201,11.477963,19.752207,-6.708006,-7.891106,0.782841
4120,4.120000,13.198500,11.415440,19.752207,-6.553707,-6.854441,0.797501
4121,4.121000,13.352482,11.352897,19.752207,-6.399725,-5.756265,0.795571
4122,4.122000,13.506070,11.290408,19.752207,-6.246137,-4.624091,0.773701
4123,4.123000,13.659189,11.228047,19.752207,-6.093018,-3.464267,0.775961
4124,4.124000,13.811764,11.165894,19.752207,-5.940443,-2.246317,0.762492
4125,4.125000,13.963723,11.104031,19.752207,-5.788484,-0.822832,0.774431
4126,4.126000,14.114990,11.042549,19.752207,-5.637217,0.888575,0.785071
4127,4.127000,14.265491,10.981562,19.752207,-5.486716,3.058044,0.791861
4128,4.128000,14.415155,10.921214,19.752207,-5.337052,5.098042,0.782391
4129,4.129000,14.563906,10.861644,19.752207,-5.188300,7.023088,0.801391
4130,4.130000,14.711676,10.802989,19.752207,-5.040531,8.910896,0.906799
4131,4.131000,14.858390,10.745374,19.752207,-4.893817,10.853306,0.784511
4132,4.132000,15.003979,10.688928,19.752207,-4.748228,13.002357,0.771091
4133,4.133000,15.148373,10.633790,19.752207,-4.603834,14.976270,0.870270
4134,4.134000,15.291501,10.580092,19.752207,-4.460706,16.675341,0.766191
4135,4.135000,15.433299,10.527946,19.752207,-4.318908,18.186398,0.773201
4136,4.136000,15.573695,10.477450,19.752207,-4.178512,20.241444,0.786281
4137,4.137000,15.712626,10.428730,19.752207,-4.039580,22.913185,0.788561
4138,4.138000,15.850029,10.381951,19.752207,-3.902178,25.892056,0.796891
4139,4.139000,15.985836,10.337309,19.752207,-3.766371,29.318287,0.777431
4140,4.140000,16.119988,10.295029,19.752207,-3.632219,32.438030,0.768222
4141,4.141000,16.252420,10.255328,19.752207,-3.499787,34.971012,0.766221
4142,4.142000,16.383078,10.218380,19.752207,-3.369129,37.139622,0.782561
4143,4.143000,16.511900,10.184328,19.752207,-3.240307,39.740196,0.790071
4144,4.144000,16.638833,10.153329,19.752207,-3.113374,41.994419,0.791581
4145,4.145000,16.763820,10.125527,19.752207,-2.988387,44.349483,0.785551
4146,4.146000,16.886809,10.101068,19.752207,-2.865398,46.627514,0.770841
4147,4.147000,17.007750,10.080092,19.752207,-2.744457,48.471889,0.770851
4148,4.148000,17.126595,10.062716,19.752207,-2.625612,49.966591,0.782951
4149,4.149000,17.243298,10.049029,19.752207,-2.508909,51.189625,0.969829
4150,4.150000,17.357811,10.039100,19.752207,-2.394396,52.247448,0.772381
4151,4.151000,17.470092,10.032982,19.752207,-2.282115,53.161022,0.980769
4152,4.152000,17.580104,10.030718,19.752207,-2.172103,54.221905,0.773101
4153,4.153000,17.687808,10.032360,19.752207,-2.064399,55.157383,0.772891
4154,4.154000,17.793165,10.037957,19.752207,-1.959042,55.983730,0.784201
4155,4.155000,17.896144,10.047547,19.752207,-1.856063,56.378262,0.844451
4156,4.156000,17.996713,10.061148,19.752207,-1.755494,56.609879,0.773731
4157,4.157000,18.094843,10.078759,19.752207,-1.657364,56.693310,0.769951
4158,4.158000,18.190505,10.100367,19.752207,-1.561702,56.551598,0.761801
4159,4.159000,18.283677,10.125948,19.752207,-1.468530,56.670322,0.772932
4160,4.160000,18.374334,10.155489,19.752207,-1.377873,57.039738,0.778971
4161,4.161000,18.462459,10.188995,19.752207,-1.289748,57.921494,0.787101
4162,4.162000,18.548033,10.226508,19.752207,-1.204174,58.770641,0.779661
4163,4.163000,18.631040,10.268074,19.752207,-1.121167,59.432560,0.772581
4164,4.164000,18.711467,10.313734,19.752207,-1.040740,59.828579,0.766132
4165,4.165000,18.789304,10.363505,19.752207,-0.962903,60.024403,0.768701
4166,4.166000,18.864542,10.417390,19.752207,-0.887665,60.052048,0.788561
4167,4.167000,18.937174,10.475377,19.752207,-0.815033,59.901985,0.797251
4168,4.168000,19.007199,10.537440,19.752207,-0.745008,59.535480,0.900000
4169,4.169000,19.074615,10.603541,19.752207,-0.677592,58.875614,0.769961
4170,4.170000,19.139421,10.673620,19.752207,-0.612786,57.762302,0.771951
4171,4.171000,19.201622,10.747589,19.752207,-0.550585,56.254299,0.869920
4172,4.172000,19.261224,10.825329,19.752207,-0.490983,54.281246,0.780551
4173,4.173000,19.318236,10.906690,19.752207,-0.433971,52.586674,0.770142
4174,4.174000,19.372665,10.991533,19.752207,-0.379542,50.843044,0.757121
4175,4.175000,19.424527,11.079722,19.752207,-0.327680,48.757977,0.771151
4176,4.176000,19.473832,11.171101,19.752207,-0.278375,47.198921,0.767352
4177,4.177000,19.520602,11.265546,19.752207,-0.231605,45.050560,0.781081
4178,4.178000,19.564851,11.362903,19.752207,-0.187356,42.720661,0.779151
4179,4.179000,19.606603,11.463005,19.752207,-0.145604,40.154118,0.783491
4180,4.180000,19.645876,11.565666,19.752207,-0.106331,37.368587,0.758451
4181,4.181000,19.682698,11.670686,19.752207,-0.069509,35.221676,0.771101
4182,4.182000,19.717091,11.777900,19.752207,-0.035116,33.431377,0.773581
4183,4.183000,19.749086,11.887172,19.752207,-0.003121,31.652895,0.781171
4184,4.184000,19.778708,11.998376,19.752207,0.026501,29.652061,0.784371
4185,4.185000,19.805991,12.111374,19.752207,0.053784,26.903955,0.772871
4186,4.186000,19.830964,12.225986,19.752207,0.078757,24.167751,0.765702
4187,4.187000,19.853663,12.342014,19.752207,0.101456,21.543571,0.761421
4188,4.188000,19.874119,12.459272,19.752207,0.121912,18.604788,0.869320
4189,4.189000,19.892371,12.577551,19.752207,0.140164,16.222397,0.779361
4190,4.190000,19.908454,12.696678,19.752207,0.156247,15.142583,0.858130
4191,4.191000,19.922405,12.816560,19.752207,0.170198,14.532157,0.778482
4192,4.192000,19.934266,12.937153,19.752207,0.182059,13.960843,0.772341
4193,4.193000,19.944072,13.058425,19.752207,0.191865,13.324819,0.766201
4194,4.194000,19.951869,13.180343,19.752207,0.199662,12.700198,0.767081
4195,4.195000,19.957695,13.302868,19.752207,0.205488,12.296797,0.772872
4196,4.196000,19.961595,13.425973,19.752207,0.209388,12.370614,0.774361
4197,4.197000,19.963610,13.549658,19.752207,0.211403,12.441790,0.774881
4198,4.198000,19.963787,13.673930,19.752207,0.211580,12.416002,0.771971
4199,4.199000,19.962169,13.798791,19.752207,0.209962,12.291325,0.776191
4200,4.200000,19.958801,13.924234,19.752207,0.206594,12.066794,0.764302
4201,4.201000,19.953733,14.050241,19.752207,0.201526,11.738293,0.762711
4202,4.202000,19.947013,14.176789,19.752207,0.194806,11.351344,0.771411
4203,4.203000,19.938683,14.303846,19.752207,0.186476,11.275163,0.779621
4204,4.204000,19.928800,14.431399,19.752207,0.176593,11.126204,0.770741
4205,4.205000,19.917407,14.559436,19.752207,0.165200,10.865744,0.774731
4206,4.206000,19.904559,14.687936,19.752207,0.152352,10.498738,0.772831
4207,4.207000,19.890305,14.816871,19.752207,0.138098,10.022731,0.775621
4208,4.208000,19.874698,14.946208,19.752207,0.122491,9.430520,0.776411
4209,4.209000,19.857788,15.075899,19.752207,0.105581,8.717776,0.882080
4210,4.210000,19.839630,15.205895,19.752207,0.087423,7.880611,0.758002
4211,4.211000,19.820278,15.336135,19.752207,0.068071,6.908378,0.767271
4212,4.212000,19.799784,15.466547,19.752207,0.047577,5.798151,0.775461
4213,4.213000,19.778204,15.597051,19.752207,0.025997,4.567467,0.776461
4214,4.214000,19.755591,15.727562,19.752207,0.003384,3.330453,0.790501
4215,4.215000,19.732002,15.857988,19.752207,-0.020205,2.098845,0.800810
4216,4.216000,19.707491,15.988243,19.752207,-0.044716,1.053133,0.755692
4217,4.217000,19.682114,16.118249,19.752207,-0.070093,-0.774331,0.761811
4218,4.218000,19.655929,16.247891,19.752207,-0.096278,-3.068849,0.772631
4219,4.219000,19.628987,16.377011,19.752207,-0.123220,-5.304047,0.781441
4220,4.220000,19.601350,16.505453,19.752207,-0.150857,-7.265965,0.790220
4221,4.221000,19.573070,16.633073,19.752207,-0.179137,-8.837554,0.767871
4222,4.222000,19.544206,16.759759,19.752207,-0.208001,-10.128592,0.764451
4223,4.223000,19.514810,16.885419,19.752207,-0.237397,-11.043237,0.763161
4224,4.224000,19.484942,17.009995,19.752207,-0.267265,-11.837420,0.775692
4225,4.225000,19.454655,17.133437,19.752207,-0.297552,-12.982433,0.792160
4226,4.226000,19.424004,17.255681,19.752207,-0.328203,-14.096253,0.875960
4227,4.227000,19.393045,17.376654,19.752207,-0.359162,-15.133744,0.775541
4228,4.228000,19.361831,17.496291,19.752207,-0.390376,-16.722393,0.779171
4229,4.229000,19.330419,17.614493,19.752207,-0.421788,-18.485886,0.885170
4230,4.230000,19.298858,17.731144,19.752207,-0.453349,-20.553673,0.774891
4231,4.231000,19.267207,17.846108,19.752207,-0.485000,-22.518421,0.773341
4232,4.232000,19.235513,17.959246,19.752207,-0.516694,-24.300011,0.762062
4233,4.233000,19.203832,18.070437,19.752207,-0.548375,-25.681389,0.770201
4234,4.234000,19.172213,18.179585,19.752207,-0.579994,-26.796019,0.773471
4235,4.235000,19.140707,18.286617,19.752207,-0.611500,-28.092480,0.782611
4236,4.236000,19.109363,18.391457,19.752207,-0.642844,-29.248903,0.775031
4237,4.237000,19.078230,18.494031,19.752207,-0.673977,-30.259365,0.773031
4238,4.238000,19.047357,18.594280,19.752207,-0.704850,-31.215879,0.765701
4239,4.239000,19.016790,18.692145,19.752207,-0.735417,-32.335880,0.765351
4240,4.240000,18.986575,18.787561,19.752207,-0.765632,-33.463482,0.771552
4241,4.241000,18.956758,18.880458,19.752207,-0.795449,-34.498226,0.812230
4242,4.242000,18.927381,18.970775,19.752207,-0.824826,-35.429234,0.773561
4243,4.243000,18.898490,19.058451,19.752207,-0.853717,-36.315838,0.775742
4244,4.244000,18.870122,19.143436,19.752207,-0.882085,-37.166420,0.766491
4245,4.245000,18.842322,19.225676,19.752207,-0.909885,-38.363617,0.760031
4246,4.246000,18.815126,19.305108,19.752207,-0.937081,-39.535526,0.858530
4247,4.247000,18.788573,19.381654,19.752207,-0.963634,-40.617634,0.767592
4248,4.248000,18.762702,19.455247,19.752207,-0.989505,-41.525433,0.956169
4249,4.249000,18.737547,19.525831,19.752207,-1.014660,-42.270741,0.770671
4250,4.250000,18.713141,19.593361,19.752207,-1.039066,-42.931973,0.770901
4251,4.251000,18.689518,19.657802,19.752207,-1.062689,-43.531281,0.772901
4252,4.252000,18.666709,19.719122,19.752207,-1.085498,-44.061199,0.784051
4253,4.253000,18.644746,19.777296,19.752207,-1.107461,-44.510212,0.775881
4254,4.254000,18.623655,19.832303,19.752207,-1.128552,-45.072132,0.766901
4255,4.255000,18.603465,19.884115,19.752207,-1.148742,-45.636192,0.771431
4256,4.256000,18.584202,19.932705,19.752207,-1.168005,-46.305408,0.766741
4257,4.257000,18.565887,19.978039,19.752207,-1.186320,-47.179966,0.769931
4258,4.258000,18.548547,20.020065,19.752207,-1.203660,-48.192692,0.793041
4259,4.259000,18.532199,20.058725,19.752207,-1.220008,-49.064495,0.784301
4260,4.260000,18.516867,20.093964,19.752207,-1.235340,-49.913586,0.770511
4261,4.261000,18.502564,20.125733,19.752207,-1.249643,-50.641743,0.768941
4262,4.262000,18.489312,20.153986,19.752207,-1.262895,-51.367535,0.776201
4263,4.263000,18.477120,20.178687,19.752207,-1.275087,-52.078762,0.781571
4264,4.264000,18.466006,20.199796,19.752207,-1.286201,-52.747658,0.766421
4265,4.265000,18.455979,20.217276,19.752207,-1.296228,-53.332817,0.913199
4266,4.266000,18.447048,20.231099,19.752207,-1.305159,-53.806557,0.780402
4267,4.267000,18.439224,20.241242,19.752207,-1.312983,-54.141617,0.960829
4268,4.268000,18.432512,20.247689,19.752207,-1.319695,-54.345379,0.768391
4269,4.269000,18.426915,20.250442,19.752207,-1.325292,-54.316006,0.766541
4270,4.270000,18.422437,20.249508,19.752207,-1.329770,-53.961700,0.776811
4271,4.271000,18.419080,20.244923,19.752207,-1.333127,-53.252895,0.774371
4272,4.272000,18.416844,20.236747,19.752207,-1.335363,-52.198902,0.781730
4273,4.273000,18.415723,20.225061,19.752207,-1.336484,-51.134254,0.768701
4274,4.274000,18.415718,20.209956,19.752207,-1.336489,-50.251801,0.768401
4275,4.275000,18.416820,20.191508,19.752207,-1.335387,-49.342358,0.768151
4276,4.276000,18.419024,20.169791,19.752207,-1.333183,-48.357243,0.768322
4277,4.277000,18.422320,20.144883,19.752207,-1.329887,-47.199852,0.770551
4278,4.278000,18.426698,20.116871,19.752207,-1.325509,-45.866249,0.775421
4279,4.279000,18.432147,20.085851,19.752207,-1.320060,-44.458569,0.772991
4280,4.280000,18.438654,20.051933,19.752207,-1.313553,-43.021984,0.767632
4281,4.281000,18.446203,20.015219,19.752207,-1.306004,-41.121956,0.766291
4282,4.282000,18.454780,19.975846,19.752207,-1.297427,-39.027809,0.778051
4283,4.283000,18.464366,19.933963,19.752207,-1.287841,-37.286961,0.778551
4284,4.284000,18.474945,19.889706,19.752207,-1.277262,-35.759117,0.774471
4285,4.285000,18.486494,19.843185,19.752207,-1.265713,-34.310619,0.758132
4286,4.286000,18.498994,19.794510,19.752207,-1.253213,-32.797508,0.832750
4287,4.287000,18.512423,19.743784,19.752207,-1.239783,-31.075172,0.774212
4288,4.288000,18.526758,19.691126,19.752207,-1.225449,-29.447811,0.776791
4289,4.289000,18.541976,19.636652,19.752207,-1.210231,-28.018120,0.781161
4290,4.290000,18.558049,19.580467,19.752207,-1.194158,-27.036232,0.775831
4291,4.291000,18.574956,19.522643,19.752207,-1.177251,-25.966621,0.765861
4292,4.292000,18.592665,19.463254,19.752207,-1.159542,-24.812675,0.761492
4293,4.293000,18.611150,19.402378,19.752207,-1.141057,-23.628527,0.761291
4294,4.294000,18.630384,19.340096,19.752207,-1.121823,-22.426374,0.789341
4295,4.295000,18.650337,19.276489,19.752207,-1.101870,-21.184090,0.785061
4296,4.296000,18.670980,19.211645,19.752207,-1.081227,-20.185560,0.779171
4297,4.297000,18.692281,19.145640,19.752207,-1.059926,-19.096636,0.769181
4298,4.298000,18.714209,19.078544,19.752207,-1.037998,-17.915968,0.760792
4299,4.299000,18.736732,19.010442,19.752207,-1.015475,-17.072342,0.762581
4300,4.300000,18.759820,18.941394,19.752207,-0.992387,-16.471640,0.776081
4301,4.301000,18.783435,18.871446,19.752207,-0.968772,-15.747466,0.783091
4302,4.302000,18.807549,18.800642,19.752207,-0.944658,-14.980892,0.787711
4303,4.303000,18.832126,18.729038,19.752207,-0.920081,-14.125461,0.862411
4304,4.304000,18.857129,18.656686,19.752207,-0.895078,-13.046058,0.769491
4305,4.305000,18.882528,18.583662,19.752207,-0.869679,-11.375520,0.992519
4306,4.306000,18.908284,18.510074,19.752207,-0.843923,-9.679936,0.772681
4307,4.307000,18.934364,18.436043,19.752207,-0.817843,-8.252683,0.768621
4308,4.308000,18.960730,18.361674,19.752207,-0.791477,-6.487139,0.771641
4309,4.309000,18.987347,18.287090,19.752207,-0.764860,-4.699195,0.768262
4310,4.310000,19.014178,18.212413,19.752207,-0.738029,-2.952650,0.769841
4311,4.311000,19.041189,18.137764,19.752207,-0.711018,-1.071824,0.780971
4312,4.312000,19.068343,18.063272,19.752207,-0.683864,1.183670,0.775371
4313,4.313000,19.095600,17.989088,19.752207,-0.656607,3.645820,0.782931
4314,4.314000,19.122930,17.915378,19.752207,-0.629277,5.860518,0.763442
4315,4.315000,19.150291,17.842298,19.752207,-0.601916,8.041726,0.764391
4316,4.316000,19.177651,17.769999,19.752207,-0.574556,9.861463,0.769271
4317,4.317000,19.204974,17.698606,19.752207,-0.547233,11.423710,0.775071
4318,4.318000,19.232223,17.628225,19.752207,-0.519984,12.956954,0.777501
4319,4.319000,19.259364,17.558951,19.752207,-0.492843,14.385312,0.795540
4320,4.320000,19.286364,17.490876,19.752207,-0.465843,15.679851,0.776541
4321,4.321000,19.313186,17.424086,19.752207,-0.439021,16.723450,0.762871
4322,4.322000,19.339800,17.358641,19.752207,-0.412407,17.554457,0.920129
4323,4.323000,19.366172,17.294594,19.752207,-0.386035,18.794161,0.772162
4324,4.324000,19.392268,17.232017,19.752207,-0.359939,19.978264,0.773591
4325,4.325000,19.418057,17.170983,19.752207,-0.334150,21.284670,0.881320
4326,4.326000,19.443510,17.111574,19.752207,-0.308697,22.707218,0.769491
4327,4.327000,19.468594,17.053881,19.752207,-0.283613,24.146778,0.770221
4328,4.328000,19.493281,16.997998,19.752207,-0.258926,25.568466,0.762532
4329,4.329000,19.517544,16.944019,19.752207,-0.234663,26.742462,0.789471
4330,4.330000,19.541352,16.892019,19.752207,-0.210855,27.747623,0.767941
4331,4.331000,19.564681,16.842067,19.752207,-0.187526,28.785393,0.785761
4332,4.332000,19.587500,16.794223,19.752207,-0.164707,29.723749,0.763561
4333,4.333000,19.609791,16.748543,19.752207,-0.142416,30.765446,0.771392
4334,4.334000,19.631523,16.705089,19.752207,-0.120684,31.911745,0.772221
4335,4.335000,19.652677,16.663930,19.752207,-0.099530,33.047619,0.767481
4336,4.336000,19.673230,16.625138,19.752207,-0.078977,34.066013,0.776631
4337,4.337000,19.693160,16.588778,19.752207,-0.059047,34.994068,0.781851
4338,4.338000,19.712447,16.554905,19.752207,-0.039760,35.839371,0.768502
4339,4.339000,19.731073,16.523571,19.752207,-0.021134,36.594955,0.770961
4340,4.340000,19.749021,16.494820,19.752207,-0.003186,37.269073,0.779041
4341,4.341000,19.766270,16.468687,19.752207,0.014063,37.957355,0.769211
4342,4.342000,19.782811,16.445214,19.752207,0.030604,38.609680,0.861960
4343,4.343000,19.798627,16.424435,19.752207,0.046420,39.033768,0.776222
4344,4.344000,19.813704,16.406371,19.752207,0.061497,39.411308,0.955619
4345,4.345000,19.828031,16.391040,19.752207,0.075824,39.862270,0.767741
4346,4.346000,19.841599,16.378462,19.752207,0.089392,40.199982,0.774511
4347,4.347000,19.854395,16.368654,19.752207,0.102188,40.394981,0.777341
4348,4.348000,19.866416,16.361619,19.752207,0.114209,40.549011,0.778261
4349,4.349000,19.877652,16.357359,19.752207,0.125445,40.479946,0.776022
4350,4.350000,19.888099,16.355863,19.752207,0.135892,40.751400,0.768641
4351,4.351000,19.897753,16.357137,19.752207,0.145546,40.904022,0.768241
4352,4.352000,19.906610,16.361182,19.752207,0.154403,40.823528,0.771311
4353,4.353000,19.914670,16.367990,19.752207,0.162463,40.304272,0.767632
4354,4.354000,19.921930,16.377520,19.752207,0.169723,39.506611,0.779881
4355,4.355000,19.928395,16.389710,19.752207,0.176188,38.526356,0.773241
4356,4.356000,19.934064,16.404484,19.752207,0.181857,37.337322,0.768601
4357,4.357000,19.938943,16.421750,19.752207,0.186736,36.139309,0.767832
4358,4.358000,19.943034,16.441416,19.752207,0.190827,34.963123,0.767051
4359,4.359000,19.946343,16.463389,19.752207,0.194136,34.117237,0.772681
4360,4.360000,19.948881,16.487599,19.752207,0.196674,33.221718,0.767341
4361,4.361000,19.950650,16.513978,19.752207,0.198443,32.185570,0.762522
4362,4.362000,19.951662,16.542455,19.752207,0.199455,30.930689,0.771241
4363,4.363000,19.951929,16.572940,19.752207,0.199722,29.747538,0.775301
4364,4.364000,19.951457,16.605348,19.752207,0.199250,28.504076,0.771791
4365,4.365000,19.950262,16.639584,19.752207,0.198055,27.041294,0.789001
4366,4.366000,19.948356,16.675552,19.752207,0.196149,25.375746,0.778511
4367,4.367000,19.945752,16.713128,19.752207,0.193545,23.598881,0.766081
4368,4.368000,19.942465,16.752192,19.752207,0.190258,21.709234,0.764101
4369,4.369000,19.938511,16.792606,19.752207,0.186304,19.984024,0.764401
4370,4.370000,19.933904,16.834246,19.752207,0.181697,18.685619,0.777631
4371,4.371000,19.928662,16.877013,19.752207,0.176455,17.435005,0.785411
4372,4.372000,19.922801,16.920822,19.752207,0.170594,16.289143,0.774901
4373,4.373000,19.916342,16.965594,19.752207,0.164135,15.331494,0.756301
4374,4.374000,19.909301,17.011261,19.752207,0.157094,14.209554,0.765061
4375,4.375000,19.901698,17.057750,19.752207,0.149491,13.120914,0.770171
4376,4.376000,19.893553,17.104990,19.752207,0.141346,11.947913,0.773401
4377,4.377000,19.884883,17.152900,19.752207,0.132676,10.997931,0.796191
4378,4.378000,19.875712,17.201411,19.752207,0.123505,10.013606,0.781281
4379,4.379000,19.866058,17.250461,19.752207,0.113851,9.016085,0.756142
4380,4.380000,19.855944,17.299976,19.752207,0.103737,7.969387,0.876029
4381,4.381000,19.845391,17.349891,19.752207,0.093184,6.796059,0.759412
4382,4.382000,19.834420,17.400125,19.752207,0.082213,5.473924,0.969399
4383,4.383000,19.823055,17.450589,19.752207,0.070848,4.000805,0.779441
4384,4.384000,19.811315,17.501180,19.752207,0.059108,2.807219,0.780751
4385,4.385000,19.799224,17.551815,19.752207,0.047017,1.741308,0.775851
4386,4.386000,19.786805,17.602417,19.752207,0.034598,0.935409,0.766562
4387,4.387000,19.774081,17.652930,19.752207,0.021874,0.110764,0.776721
4388,4.388000,19.761073,17.703300,19.752207,0.008866,-0.775401,0.761631
4389,4.389000,19.747805,17.753473,19.752207,-0.004402,-1.560446,0.763961
4390,4.390000,19.734300,17.803394,19.752207,-0.017907,-2.247367,0.778311
4391,4.391000,19.720580,17.853020,19.752207,-0.031627,-2.753003,0.774622
4392,4.392000,19.706667,17.902315,19.752207,-0.045540,-3.225564,0.768991
4393,4.393000,19.692585,17.951250,19.752207,-0.059622,-3.692597,0.780391
4394,4.394000,19.678356,17.999799,19.752207,-0.073851,-4.174961,0.772321
4395,4.395000,19.664002,18.047931,19.752207,-0.088205,-4.669898,0.773102
4396,4.396000,19.649548,18.095616,19.752207,-0.102659,-5.174039,0.764112
4397,4.397000,19.635011,18.142820,19.752207,-0.117196,-5.688837,0.781171
4398,4.398000,19.620418,18.189511,19.752207,-0.131789,-6.207486,0.773121
4399,4.399000,19.605790,18.235654,19.752207,-0.146417,-6.722652,0.962609
4400,4.400000,19.591148,18.281218,19.752207,-0.161059,-7.227933,0.776201
4401,4.401000,19.576512,18.326168,19.752207,-0.175695,-7.718097,0.965099
4402,4.402000,19.561906,18.370473,19.752207,-0.190301,-8.194900,0.774422
4403,4.403000,19.547351,18.414101,19.752207,-0.204856,-8.670220,0.774331
4404,4.404000,19.532866,18.457024,19.752207,-0.219341,-9.095280,0.765491
4405,4.405000,19.518471,18.499210,19.752207,-0.233736,-9.494252,0.771301
4406,4.406000,19.504187,18.540641,19.752207,-0.248020,-9.862687,0.777411
4407,4.407000,19.490037,18.581287,19.752207,-0.262170,-10.190804,0.795831
4408,4.408000,19.476037,18.621133,19.752207,-0.276170,-10.554309,0.772682
4409,4.409000,19.462206,18.660155,19.752207,-0.290001,-10.916948,0.766341
4410,4.410000,19.448566,18.698333,19.752207,-0.303641,-11.262068,0.771401
4411,4.411000,19.435133,18.735643,19.752207,-0.317074,-11.594090,0.778771
4412,4.412000,19.421925,18.772068,19.752207,-0.330282,-11.870481,0.774532
4413,4.413000,19.408961,18.807588,19.752207,-0.343246,-12.133552,0.787411
4414,4.414000,19.396259,18.842192,19.752207,-0.355948,-12.610894,0.768611
4415,4.415000,19.383833,18.875851,19.752207,-0.368374,-13.115772,0.777641
4416,4.416000,19.371702,18.908532,19.752207,-0.380505,-13.606941,0.767671
4417,4.417000,19.359881,18.940203,19.752207,-0.392326,-14.068699,0.782741
4418,4.418000,19.348386,18.970837,19.752207,-0.403821,-14.527820,0.775411
4419,4.419000,19.337232,19.000401,19.752207,-0.414975,-14.987076,0.859420
4420,4.420000,19.326433,19.028869,19.752207,-0.425774,-15.473558,0.763091
4421,4.421000,19.316004,19.056211,19.752207,-0.436203,-15.926902,0.930500
4422,4.422000,19.305957,19.082398,19.752207,-0.446250,-16.339514,0.772771
4423,4.423000,19.296306,19.107406,19.752207,-0.455901,-16.918049,0.779731
4424,4.424000,19.287064,19.131199,19.752207,-0.465143,-17.509811,0.784171
4425,4.425000,19.278241,19.153742,19.752207,-0.473966,-18.040558,0.776511
4426,4.426000,19.269849,19.175000,19.752207,-0.482358,-18.691242,0.763562
4427,4.427000,19.261900,19.194932,19.752207,-0.490307,-19.275784,0.765181
4428,4.428000,19.254401,19.213503,19.752207,-0.497806,-19.839561,0.775881
4429,4.429000,19.247364,19.230676,19.752207,-0.504843,-20.335724,0.778341
4430,4.430000,19.240797,19.246421,19.752207,-0.511410,-20.781429,0.788481
4431,4.431000,19.234706,19.260710,19.752207,-0.517501,-21.160896,0.773581
4432,4.432000,19.229102,19.273525,19.752207,-0.523105,-21.456795,0.770172
4433,4.433000,19.223987,19.284846,19.752207,-0.528220,-21.738163,0.762961
4434,4.434000,19.219370,19.294663,19.752207,-0.532837,-22.014015,0.761141
4435,4.435000,19.215257,19.302960,19.752207,-0.536950,-22.306599,0.770632
4436,4.436000,19.211649,19.309723,19.752207,-0.540558,-22.567711,0.786921
4437,4.437000,19.208551,19.314942,19.752207,-0.543656,-22.847847,0.771751
4438,4.438000,19.205968,19.318599,19.752207,-0.546239,-23.156925,0.902730
4439,4.439000,19.203900,19.320679,19.752207,-0.548307,-23.484152,0.772131
4440,4.440000,19.202349,19.321167,19.752207,-0.549858,-23.886288,0.785461
4441,4.441000,19.201316,19.320037,19.752207,-0.550891,-24.244196,0.775491
4442,4.442000,19.200802,19.317271,19.752207,-0.551405,-24.508183,0.768941
4443,4.443000,19.200804,19.312853,19.752207,-0.551403,-24.661581,0.761442
4444,4.444000,19.201321,19.306774,19.752207,-0.550885,-24.709316,0.764351
4445,4.445000,19.202351,19.299039,19.752207,-0.549856,-24.650967,0.766781
4446,4.446000,19.203891,19.289655,19.752207,-0.548316,-24.503626,0.783331
4447,4.447000,19.205935,19.278636,19.752207,-0.546272,-24.358791,0.777621
4448,4.448000,19.208483,19.266000,19.752207,-0.543724,-24.243057,0.780922
4449,4.449000,19.211526,19.251761,19.752207,-0.540681,-24.053894,0.764471
4450,4.450000,19.215057,19.235937,19.752207,-0.537150,-23.892340,0.766871
4451,4.451000,19.219071,19.218546,19.752207,-0.533136,-23.662811,0.763732
4452,4.452000,19.223561,19.199604,19.752207,-0.528646,-23.372257,0.795491
4453,4.453000,19.228516,19.179139,19.752207,-0.523691,-23.098795,0.778391
4454,4.454000,19.233929,19.157171,19.752207,-0.518278,-22.813374,0.803051
4455,4.455000,19.239789,19.133727,19.752207,-0.512418,-22.467072,0.765781
4456,4.456000,19.246087,19.108832,19.752207,-0.506120,-22.082836,0.768221
4457,4.457000,19.252809,19.082519,19.752207,-0.499398,-21.667385,0.774781
4458,4.458000,19.259947,19.054816,19.752207,-0.492260,-21.286983,0.770641
4459,4.459000,19.267484,19.025757,19.752207,-0.484723,-20.766375,0.826050
4460,4.460000,19.275410,18.995378,19.752207,-0.476797,-19.987970,0.787861
4461,4.461000,19.283712,18.963733,19.752207,-0.468495,-18.959398,0.768602
4462,4.462000,19.292373,18.930897,19.752207,-0.459834,-17.805656,0.768151
4463,4.463000,19.301380,18.896951,19.752207,-0.450827,-16.832554,0.769011
4464,4.464000,19.310716,18.861970,19.752207,-0.441491,-16.114786,0.760031
4465,4.465000,19.320367,18.826011,19.752207,-0.431840,-15.343154,0.775261
4466,4.466000,19.330315,18.789130,19.752207,-0.421892,-14.535414,0.777581
4467,4.467000,19.340545,18.751379,19.752207,-0.411662,-13.701516,0.762501
4468,4.468000,19.351036,18.712820,19.752207,-0.401171,-12.818901,0.762172
4469,4.469000,19.361775,18.673512,19.752207,-0.390432,-11.763968,0.777511
4470,4.470000,19.372742,18.633524,19.752207,-0.379465,-10.556561,0.766691
4471,4.471000,19.383920,18.592943,19.752207,-0.368287,-9.612606,0.776771
4472,4.472000,19.395287,18.551837,19.752207,-0.356920,-8.600614,0.783921
4473,4.473000,19.406828,18.510275,19.752207,-0.345379,-7.418812,0.767042
4474,4.474000,19.418522,18.468338,19.752207,-0.333685,-6.148114,0.765111
4475,4.475000,19.430350,18.426114,19.752207,-0.321857,-4.842145,0.800081
4476,4.476000,19.442294,18.383688,19.752207,-0.309913,-3.363446,0.767871
4477,4.477000,19.454332,18.341165,19.752207,-0.297875,-1.933210,0.858990
4478,4.478000,19.466447,18.298644,19.752207,-0.285760,-0.476486,0.768142
4479,4.479000,19.478617,18.256221,19.752207,-0.273590,0.982646,0.950919
4480,4.480000,19.490824,18.214001,19.752207,-0.261383,2.580086,0.770211
4481,4.481000,19.503050,18.172089,19.752207,-0.249157,4.164034,0.775631
4482,4.482000,19.515273,18.130590,19.752207,-0.236934,5.638811,0.775431
4483,4.483000,19.527473,18.089609,19.752207,-0.224734,7.056240,0.811810
4484,4.484000,19.539634,18.049239,19.752207,-0.212573,8.426682,0.764312
4485,4.485000,19.551734,18.009571,19.752207,-0.200473,9.628246,0.759191
4486,4.486000,19.563759,17.970687,19.752207,-0.188448,10.481410,0.763011
4487,4.487000,19.575686,17.932643,19.752207,-0.176521,11.409821,0.780281
4488,4.488000,19.587499,17.895493,19.752207,-0.164708,12.308690,0.796791
4489,4.489000,19.599182,17.859299,19.752207,-0.153025,13.107133,0.787291
4490,4.490000,19.610714,17.824103,19.752207,-0.141492,13.918270,0.756652
4491,4.491000,19.622083,17.789959,19.752207,-0.130124,14.617476,0.759311
4492,4.492000,19.633269,17.756911,19.752207,-0.118937,15.210139,0.757902
4493,4.493000,19.644259,17.724991,19.752207,-0.107948,15.714642,0.770981
4494,4.494000,19.655036,17.694235,19.752207,-0.097171,16.110321,0.791691
4495,4.495000,19.665583,17.664660,19.752207,-0.086624,16.484701,0.788361
4496,4.496000,19.675890,17.636290,19.752207,-0.076317,16.794945,0.901240
4497,4.497000,19.685942,17.609138,19.752207,-0.066265,17.090237,0.789101
4498,4.498000,19.695723,17.583221,19.752207,-0.056484,17.425667,0.778931
4499,4.499000,19.705224,17.558553,19.752207,-0.046983,17.873817,0.770321
4500,4.500000,19.714431,17.535163,19.752207,-0.037776,18.348885,0.761021
4501,4.501000,19.723331,17.513078,19.752207,-0.028876,18.796951,0.780321
4502,4.502000,19.731914,17.492324,19.752207,-0.020292,19.161188,0.763952
4503,4.503000,19.740172,17.472927,19.752207,-0.012035,19.482262,0.774771
4504,4.504000,19.748092,17.454904,19.752207,-0.004115,19.682823,0.772221
4505,4.505000,19.755665,17.438264,19.752207,0.003458,19.850956,0.773871
4506,4.506000,19.762884,17.423013,19.752207,0.010677,20.088650,0.779481
4507,4.507000,19.769740,17.409167,19.752207,0.017533,20.283882,0.771411
4508,4.508000,19.776225,17.396731,19.752207,0.024018,20.433430,0.764521
4509,4.509000,19.782335,17.385712,19.752207,0.030128,20.580357,0.768581
4510,4.510000,19.788060,17.376117,19.752207,0.035853,20.768335,0.771432
4511,4.511000,19.793396,17.367952,19.752207,0.041189,20.947662,0.794500
4512,4.512000,19.798341,17.361226,19.752207,0.046135,21.068022,0.782231
4513,4.513000,19.802887,17.355943,19.752207,0.050680,21.187304,0.790771
4514,4.514000,19.807033,17.352109,19.752207,0.054826,21.252136,0.756981
4515,4.515000,19.810776,17.349724,19.752207,0.058569,21.260506,0.758771
4516,4.516000,19.814112,17.348785,19.752207,0.061905,21.243092,0.774272
4517,4.517000,19.817041,17.349285,19.752207,0.064834,21.165197,0.910489
4518,4.518000,19.819561,17.351218,19.752207,0.067354,21.039469,0.788411
4519,4.519000,19.821673,17.354568,19.752207,0.069466,20.834843,0.776781
4520,4.520000,19.823379,17.359319,19.752207,0.071172,20.634432,0.761762
4521,4.521000,19.824677,17.365450,19.752207,0.072470,20.371206,0.771251
4522,4.522000,19.825572,17.372943,19.752207,0.073365,20.062159,0.771191
4523,4.523000,19.826062,17.381771,19.752207,0.073855,19.673618,0.777001
4524,4.524000,19.826154,17.391902,19.752207,0.073947,19.233091,0.785001
4525,4.525000,19.825850,17.403305,19.752207,0.073643,18.779490,0.785111
4526,4.526000,19.825155,17.415942,19.752207,0.072948,18.249763,0.771161
4527,4.527000,19.824073,17.429775,19.752207,0.071866,17.653959,0.763591
4528,4.528000,19.822609,17.444761,19.752207,0.070402,17.000727,0.775881
4529,4.529000,19.820772,17.460849,19.752207,0.068565,16.556488,0.766452
4530,4.530000,19.818564,17.478005,19.752207,0.066357,16.146444,0.785021
4531,4.531000,19.815996,17.496197,19.752207,0.063789,15.681846,0.771061
4532,4.532000,19.813073,17.515392,19.752207,0.060866,15.147523,0.765101
4533,4.533000,19.809803,17.535551,19.752207,0.057596,14.462326,0.777081
4534,4.534000,19.806195,17.556629,19.752207,0.053988,13.650609,0.882710
4535,4.535000,19.802259,17.578569,19.752207,0.050052,12.817978,0.773532
4536,4.536000,19.798002,17.601310,19.752207,0.045795,11.964812,0.778131
4537,4.537000,19.793436,17.624791,19.752207,0.041229,11.198400,0.853330
4538,4.538000,19.788569,17.648956,19.752207,0.036362,10.516875,0.761141
4539,4.539000,19.783414,17.673753,19.752207,0.031207,9.884576,0.767062
4540,4.540000,19.777981,17.699141,19.752207,0.025774,9.166808,0.778511
4541,4.541000,19.772277,17.725070,19.752207,0.020071,8.421094,0.778441
4542,4.542000,19.766320,17.751487,19.752207,0.014113,7.645512,0.778841
4543,4.543000,19.760118,17.778340,19.752207,0.007911,6.853421,0.768781
4544,4.544000,19.753682,17.805576,19.752207,0.001475,5.987938,0.759241
4545,4.545000,19.747026,17.833134,19.752207,-0.005181,5.117239,0.760731
4546,4.546000,19.740162,17.860953,19.752207,-0.012045,4.255578,0.769731
4547,4.547000,19.733101,17.888976,19.752207,-0.019106,3.429194,0.779291
4548,4.548000,19.725858,17.917142,19.752207,-0.026349,2.722997,0.778571
4549,4.549000,19.718444,17.945403,19.752207,-0.033763,2.154970,0.769751
4550,4.550000,19.710872,17.973721,19.752207,-0.041335,1.598104,0.762782
4551,4.551000,19.703154,18.002058,19.752207,-0.049053,1.019468,0.758511
4552,4.552000,19.695306,18.030376,19.752207,-0.056901,0.528949,0.772131
4553,4.553000,19.687337,18.058645,19.752207,-0.064870,0.043586,0.777531
4554,4.554000,19.679264,18.086829,19.752207,-0.072943,-0.421281,0.900730
4555,4.555000,19.671097,18.114903,19.752207,-0.081110,-0.879947,0.767281
4556,4.556000,19.662849,18.142835,19.752207,-0.089358,-1.316354,0.961839
4557,4.557000,19.654535,18.170595,19.752207,-0.097672,-1.734770,0.770241
4558,4.558000,19.646167,18.198158,19.752207,-0.106040,-2.144971,0.772211
4559,4.559000,19.637755,18.225496,19.752207,-0.114452,-2.558203,0.773551
4560,4.560000,19.629318,18.252581,19.752207,-0.122889,-2.975278,0.762451
4561,4.561000,19.620862,18.279389,19.752207,-0.131345,-3.387089,0.763692
4562,4.562000,19.612405,18.305891,19.752207,-0.139802,-3.811228,0.763801
4563,4.563000,19.603958,18.332060,19.752207,-0.148249,-4.231069,0.774581
4564,4.564000,19.595531,18.357868,19.752207,-0.156676,-4.678494,0.771551
4565,4.565000,19.587138,18.383287,19.752207,-0.165069,-5.129991,0.776672
4566,4.566000,19.578792,18.408285,19.752207,-0.173415,-5.569882,0.763421
4567,4.567000,19.570502,18.432835,19.752207,-0.181705,-5.990844,0.768641
4568,4.568000,19.562283,18.456909,19.752207,-0.189924,-6.395318,0.770431
4569,4.569000,19.554145,18.480480,19.752207,-0.198062,-6.783387,0.776562
4570,4.570000,19.546101,18.503525,19.752207,-0.206106,-7.150402,0.776651
4571,4.571000,19.538159,18.526019,19.752207,-0.214048,-7.486040,0.800011
4572,4.572000,19.530332,18.547940,19.752207,-0.221875,-7.828576,0.769501
4573,4.573000,19.522631,18.569269,19.752207,-0.229576,-8.184459,0.754451
4574,4.574000,19.515065,18.589984,19.752207,-0.237142,-8.479890,0.767162
4575,4.575000,19.507644,18.610063,19.752207,-0.244563,-8.762708,0.902479
4576,4.576000,19.500378,18.629493,19.752207,-0.251829,-9.031964,0.774612
4577,4.577000,19.493278,18.648254,19.752207,-0.258929,-9.284078,0.790311
4578,4.578000,19.486352,18.666335,19.752207,-0.265855,-9.525604,0.768881
4579,4.579000,19.479611,18.683718,19.752207,-0.272596,-9.756558,0.766051
4580,4.580000,19.473059,18.700392,19.752207,-0.279148,-9.976797,0.758092
4581,4.581000,19.466708,18.716344,19.752207,-0.285498,-10.183711,0.772521
4582,4.582000,19.460566,18.731562,19.752207,-0.291641,-10.377440,0.771291
4583,4.583000,19.454640,18.746035,19.752207,-0.297567,-10.560417,0.779481
4584,4.584000,19.448935,18.759751,19.752207,-0.303272,-10.734307,0.769522
4585,4.585000,19.443462,18.772703,19.752207,-0.308745,-10.898016,0.760631
4586,4.586000,19.438223,18.784883,19.752207,-0.313984,-11.055724,0.775621
4587,4.587000,19.433229,18.796281,19.752207,-0.318978,-11.208843,0.766711
4588,4.588000,19.428482,18.806887,19.752207,-0.323725,-11.372120,0.761862
4589,4.589000,19.423989,18.816696,19.752207,-0.328218,-11.535533,0.770721
4590,4.590000,19.419756,18.825697,19.752207,-0.332451,-11.729892,0.769761
4591,4.591000,19.415786,18.833881,19.752207,-0.336421,-11.907123,0.783981
4592,4.592000,19.412086,18.841236,19.752207,-0.340121,-12.066102,0.873670
4593,4.593000,19.408655,18.847755,19.752207,-0.343552,-12.206920,0.776031
4594,4.594000,19.405501,18.853429,19.752207,-0.346706,-12.329978,0.898410
4595,4.595000,19.402626,18.858251,19.752207,-0.349581,-12.435712,0.778631
4596,4.596000,19.400032,18.862220,19.752207,-0.352175,-12.524558,0.760502
4597,4.597000,19.397722,18.865329,19.752207,-0.354485,-12.596792,0.771411
4598,4.598000,19.395698,18.867578,19.752207,-0.356509,-12.652662,0.771801
4599,4.599000,19.393960,18.868963,19.752207,-0.358247,-12.692296,0.815111
4600,4.600000,19.392512,18.869487,19.752207,-0.359695,-12.722229,0.785041
4601,4.601000,19.391351,18.869147,19.752207,-0.360856,-12.756056,0.771261
4602,4.602000,19.390480,18.867948,19.752207,-0.361727,-12.820300,0.783131
4603,4.603000,19.389900,18.865884,19.752207,-0.362307,-12.891151,0.762892
4604,4.604000,19.389606,18.862957,19.752207,-0.362601,-12.954691,0.769751
4605,4.605000,19.389601,18.859161,19.752207,-0.362606,-13.023504,0.776761
4606,4.606000,19.389881,18.854496,19.752207,-0.362326,-13.065836,0.788641
4607,4.607000,19.390446,18.848961,19.752207,-0.361761,-13.101542,0.773851
4608,4.608000,19.391293,18.842554,19.752207,-0.360914,-13.113640,0.781261
4609,4.609000,19.392420,18.835276,19.752207,-0.359787,-13.097068,0.766241
4610,4.610000,19.393824,18.827135,19.752207,-0.358383,-13.052201,0.773781
4611,4.611000,19.395500,18.818131,19.752207,-0.356707,-13.009212,0.776741
4612,4.612000,19.397445,18.808271,19.752207,-0.354762,-12.949556,0.868570
4613,4.613000,19.399657,18.797565,19.752207,-0.352550,-12.894900,0.775211
4614,4.614000,19.402127,18.786017,19.752207,-0.350080,-12.873702,0.907409
4615,4.615000,19.404853,18.773630,19.752207,-0.347354,-12.827825,0.773341
4616,4.616000,19.407829,18.760411,19.752207,-0.344378,-12.750563,0.781471
4617,4.617000,19.411049,18.746364,19.752207,-0.341158,-12.636545,0.797311
4618,4.618000,19.414509,18.731504,19.752207,-0.337698,-12.482165,0.775411
4619,4.619000,19.418199,18.715838,19.752207,-0.334008,-12.295435,0.763751
4620,4.620000,19.422112,18.699386,19.752207,-0.330095,-12.076251,0.765531
4621,4.621000,19.426243,18.682161,19.752207,-0.325964,-11.824260,0.774971
4622,4.622000,19.430584,18.664185,19.752207,-0.321623,-11.497871,0.782321
4623,4.623000,19.435126,18.645481,19.752207,-0.317081,-11.133745,0.775231
4624,4.624000,19.439859,18.626076,19.752207,-0.312348,-10.830692,0.788631
4625,4.625000,19.444778,18.605995,19.752207,-0.307429,-10.446037,0.766711
4626,4.626000,19.449874,18.585264,19.752207,-0.302333,-10.007590,0.761652
4627,4.627000,19.455135,18.563916,19.752207,-0.297072,-9.533044,0.774751
4628,4.628000,19.460551,18.541986,19.752207,-0.291656,-8.960839,0.783141
4629,4.629000,19.466116,18.519512,19.752207,-0.286091,-8.326784,0.792601
4630,4.630000,19.471816,18.496538,19.752207,-0.280391,-7.453964,0.781531
4631,4.631000,19.477644,18.473128,19.752207,-0.274563,-6.523973,0.859520
4632,4.632000,19.483586,18.449343,19.752207,-0.268621,-5.462721,0.772282
4633,4.633000,19.489634,18.425260,19.752207,-0.262573,-4.365106,0.768811
4634,4.634000,19.495776,18.400955,19.752207,-0.256431,-3.336182,0.774961
4635,4.635000,19.502002,18.376501,19.752207,-0.250205,-2.346882,0.780611
4636,4.636000,19.508301,18.351970,19.752207,-0.243906,-1.410894,0.782951
4637,4.637000,19.514662,18.327426,19.752207,-0.237545,-0.557479,0.767592
4638,4.638000,19.521072,18.302926,19.752207,-0.231135,0.264753,0.764841
4639,4.639000,19.527521,18.278527,19.752207,-0.224686,1.098594,0.767111
4640,4.640000,19.534000,18.254283,19.752207,-0.218207,1.983934,0.766571
4641,4.641000,19.540493,18.230251,19.752207,-0.211714,2.909431,0.774551
4642,4.642000,19.546996,18.206494,19.752207,-0.205211,3.704300,0.776061
4643,4.643000,19.553491,18.183065,19.752207,-0.198716,4.419842,0.770971
4644,4.644000,19.559973,18.160011,19.752207,-0.192234,5.076087,0.766892
4645,4.645000,19.566429,18.137378,19.752207,-0.185778,5.674821,0.770612
4646,4.646000,19.572848,18.115202,19.752207,-0.179359,6.209953,0.770011
4647,4.647000,19.579220,18.093518,19.752207,-0.172986,6.682247,0.780701
4648,4.648000,19.585535,18.072354,19.752207,-0.166672,7.122646,0.780351
4649,4.649000,19.591785,18.051739,19.752207,-0.160422,7.536453,0.778961
4650,4.650000,19.597957,18.031698,19.752207,-0.154250,7.973199,0.766291
4651,4.651000,19.604047,18.012256,19.752207,-0.148160,8.423659,0.775742
4652,4.652000,19.610038,17.993440,19.752207,-0.142169,8.840770,0.815140
4653,4.653000,19.615928,17.975280,19.752207,-0.136279,9.195807,0.779031
4654,4.654000,19.621706,17.957795,19.752207,-0.130501,9.508709,0.767171
4655,4.655000,19.627363,17.941005,19.752207,-0.124844,9.765776,0.767101
4656,4.656000,19.632892,17.924926,19.752207,-0.119315,9.991609,0.767161
4657,4.657000,19.638283,17.909571,19.752207,-0.113924,10.176732,0.773042
4658,4.658000,19.643532,17.894947,19.752207,-0.108675,10.346022,0.771031
4659,4.659000,19.648631,17.881066,19.752207,-0.103576,10.494197,0.774361
4660,4.660000,19.653571,17.867934,19.752207,-0.098636,10.623728,0.765051
4661,4.661000,19.658348,17.855557,19.752207,-0.093859,10.773492,0.759852
4662,4.662000,19.662953,17.843943,19.752207,-0.089253,10.922960,0.768181
4663,4.663000,19.667385,17.833100,19.752207,-0.084822,11.070991,0.778611
4664,4.664000,19.671635,17.823032,19.752207,-0.080572,11.189780,0.774381
4665,4.665000,19.675697,17.813750,19.752207,-0.076510,11.300217,0.786641
4666,4.666000,19.679570,17.805256,19.752207,-0.072637,11.404978,0.762411
4667,4.667000,19.683246,17.797559,19.752207,-0.068961,11.492082,0.758751
4668,4.668000,19.686723,17.790657,19.752207,-0.065484,11.562106,0.777691
4669,4.669000,19.689996,17.784558,19.752207,-0.062211,11.615468,0.778011
4670,4.670000,19.693063,17.779259,19.752207,-0.059144,11.651917,0.861810
4671,4.671000,19.695919,17.774763,19.752207,-0.056288,11.672420,0.795601
4672,4.672000,19.698564,17.771068,19.752207,-0.053643,11.679471,0.852541
4673,4.673000,19.700994,17.768172,19.752207,-0.051213,11.670314,0.760121
4674,4.674000,19.703209,17.766073,19.752207,-0.048998,11.645659,0.764471
4675,4.675000,19.705205,17.764767,19.752207,-0.047002,11.632312,0.766922
4676,4.676000,19.706983,17.764251,19.752207,-0.045224,11.600644,0.764411
4677,4.677000,19.708540,17.764519,19.752207,-0.043667,11.545863,0.798681
4678,4.678000,19.709877,17.765566,19.752207,-0.042330,11.467447,0.765501
4679,4.679000,19.710994,17.767386,19.752207,-0.041213,11.370387,0.770961
4680,4.680000,19.711892,17.769968,19.752207,-0.040315,11.252935,0.763432
4681,4.681000,19.712570,17.773303,19.752207,-0.039637,11.121858,0.775311
4682,4.682000,19.713027,17.777381,19.752207,-0.039180,10.998896,0.769031
4683,4.683000,19.713270,17.782189,19.752207,-0.038937,10.857338,0.786061
4684,4.684000,19.713297,17.787717,19.752207,-0.038910,10.696476,0.770251
4685,4.685000,19.713111,17.793951,19.752207,-0.039096,10.527229,0.775052
4686,4.686000,19.712713,17.800878,19.752207,-0.039494,10.348594,0.784051
4687,4.687000,19.712107,17.808484,19.752207,-0.040100,10.157038,0.787941
4688,4.688000,19.711294,17.816755,19.752207,-0.040913,9.901034,0.777861
4689,4.689000,19.710282,17.825672,19.752207,-0.041925,9.631074,0.770601
4690,4.690000,19.709068,17.835214,19.752207,-0.043139,9.343730,0.759191
4691,4.691000,19.707660,17.845358,19.752207,-0.044546,9.029724,0.801351
4692,4.692000,19.706064,17.856083,19.752207,-0.046143,8.692432,0.774181
4693,4.693000,19.704280,17.867365,19.752207,-0.047927,8.239828,0.775971
4694,4.694000,19.702314,17.879173,19.752207,-0.049893,7.791372,0.783311
4695,4.695000,19.700173,17.891471,19.752207,-0.052034,7.321409,0.781231
4696,4.696000,19.697861,17.904226,19.752207,-0.054346,6.821047,0.761331
4697,4.697000,19.695382,17.917403,19.752207,-0.056825,6.335952,0.757682
4698,4.698000,19.692743,17.930968,19.752207,-0.059464,5.861072,0.780131
4699,4.699000,19.689950,17.944886,19.752207,-0.062257,5.383788,0.776071
4700,4.700000,19.687009,17.959125,19.752207,-0.065198,4.906110,0.786521
4701,4.701000,19.683926,17.973650,19.752207,-0.068281,4.427011,0.787831
4702,4.702000,19.680707,17.988427,19.752207,-0.071500,3.950611,0.767571
4703,4.703000,19.677358,18.003426,19.752207,-0.074849,3.476512,0.761012
4704,4.704000,19.673887,18.018611,19.752207,-0.078320,3.009293,0.760211
4705,4.705000,19.670299,18.033953,19.752207,-0.081908,2.570198,0.766611
4706,4.706000,19.666603,18.049420,19.752207,-0.085604,2.156274,0.797421
4707,4.707000,19.662803,18.064985,19.752207,-0.089404,1.764571,0.783161
4708,4.708000,19.658908,18.080619,19.752207,-0.093299,1.419891,0.864980
4709,4.709000,19.654925,18.096299,19.752207,-0.097282,1.072156,0.761031
4710,4.710000,19.650861,18.112005,19.752207,-0.101346,0.737625,0.769041
4711,4.711000,19.646722,18.127713,19.752207,-0.105485,0.446564,0.869130
4712,4.712000,19.642516,18.143404,19.752207,-0.109691,0.150976,0.784801
4713,4.713000,19.638250,18.159057,19.752207,-0.113957,-0.150454,0.767132
4714,4.714000,19.633932,18.174654,19.752207,-0.118275,-0.455030,0.766491
4715,4.715000,19.629568,18.190173,19.752207,-0.122639,-0.761071,0.775351
4716,4.716000,19.625165,18.205596,19.752207,-0.127042,-1.060436,0.771881
4717,4.717000,19.620731,18.220904,19.752207,-0.131476,-1.346266,0.774941
4718,4.718000,19.616271,18.236074,19.752207,-0.135936,-1.608868,0.776401
4719,4.719000,19.611795,18.251092,19.752207,-0.140412,-1.860676,0.764881
4720,4.720000,19.607308,18.265941,19.752207,-0.144899,-2.101387,0.764261
4721,4.721000,19.602817,18.280603,19.752207,-0.149390,-2.350904,0.792011
4722,4.722000,19.598331,18.295065,19.752207,-0.153876,-2.600114,0.779661
4723,4.723000,19.593854,18.309309,19.752207,-0.158353,-2.847692,0.779711
4724,4.724000,19.589394,18.323319,19.752207,-0.162813,-3.094744,0.792171
4725,4.725000,19.584958,18.337081,19.752207,-0.167249,-3.338703,0.780781
4726,4.726000,19.580551,18.350575,19.752207,-0.171656,-3.578011,0.771421
4727,4.727000,19.576181,18.363790,19.752207,-0.176026,-3.811913,0.768531
4728,4.728000,19.571854,18.376709,19.752207,-0.180353,-4.039764,0.853451
4729,4.729000,19.567575,18.389318,19.752207,-0.184632,-4.261100,0.799681
4730,4.730000,19.563351,18.401602,19.752207,-0.188856,-4.475443,0.868700
4731,4.731000,19.559188,18.413546,19.752207,-0.193019,-4.681988,0.777631
4732,4.732000,19.555091,18.425141,19.752207,-0.197116,-4.879721,0.765931
4733,4.733000,19.551066,18.436371,19.752207,-0.201141,-5.068092,0.766071
4734,4.734000,19.547120,18.447228,19.752207,-0.205087,-5.248219,0.769501
4735,4.735000,19.543256,18.457695,19.752207,-0.208951,-5.417229,0.772751
4736,4.736000,19.539481,18.467768,19.752207,-0.212726,-5.577935,0.784311
4737,4.737000,19.535798,18.477432,19.752207,-0.216409,-5.730493,0.770741
4738,4.738000,19.532212,18.486682,19.752207,-0.219995,-5.874751,0.772432
4739,4.739000,19.528730,18.495509,19.752207,-0.223477,-6.010632,0.773581
4740,4.740000,19.525352,18.503903,19.752207,-0.226854,-6.137960,0.768311
4741,4.741000,19.522088,18.511857,19.752207,-0.230119,-6.256586,0.773711
4742,4.742000,19.518937,18.519365,19.752207,-0.233270,-6.366445,0.774641
4743,4.743000,19.515905,18.526422,19.752207,-0.236302,-6.467458,0.771711
4744,4.744000,19.512995,18.533020,19.752207,-0.239212,-6.559530,0.771091
4745,4.745000,19.510212,18.539155,19.752207,-0.241995,-6.642585,0.786631
4746,4.746000,19.507556,18.544824,19.752207,-0.244651,-6.717141,0.770171
4747,4.747000,19.505033,18.550024,19.752207,-0.247174,-6.781827,0.774661
4748,4.748000,19.502646,18.554748,19.752207,-0.249561,-6.837609,0.774211
4749,4.749000,19.500393,18.558997,19.752207,-0.251814,-6.883469,0.782561
4750,4.750000,19.498281,18.562769,19.752207,-0.253926,-6.921790,0.766142
4751,4.751000,19.496311,18.566061,19.752207,-0.255896,-6.951808,0.783781
4752,4.752000,19.494483,18.568875,19.752207,-0.257724,-6.973350,0.776551
4753,4.753000,19.492800,18.571209,19.752207,-0.259407,-6.986375,0.782091
4754,4.754000,19.491265,18.573064,19.752207,-0.260942,-6.993347,0.754872
4755,4.755000,19.489876,18.574442,19.752207,-0.262330,-6.993933,0.755681
4756,4.756000,19.488637,18.575341,19.752207,-0.263570,-6.985359,0.765741
4757,4.757000,19.487546,18.575767,19.752207,-0.264661,-6.967474,0.773891
4758,4.758000,19.486605,18.575721,19.752207,-0.265602,-6.940369,0.779451
4759,4.759000,19.485814,18.575207,19.752207,-0.266393,-6.903273,0.792291
4760,4.760000,19.485174,18.574226,19.752207,-0.267033,-6.855975,0.770041
4761,4.761000,19.484684,18.572785,19.752207,-0.267523,-6.797544,0.756281
4762,4.762000,19.484344,18.570890,19.752207,-0.267863,-6.729495,0.761322
4763,4.763000,19.484153,18.568544,19.752207,-0.268054,-6.653298,0.774431
4764,4.764000,19.484110,18.565757,19.752207,-0.268097,-6.572182,0.794581
4765,4.765000,19.484214,18.562533,19.752207,-0.267993,-6.491258,0.785451
4766,4.766000,19.484465,18.558881,19.752207,-0.267742,-6.399928,0.858020
4767,4.767000,19.484861,18.554807,19.752207,-0.267346,-6.307504,0.776391
4768,4.768000,19.485399,18.550317,19.752207,-0.266808,-6.222520,0.769452
4769,4.769000,19.486079,18.545422,19.752207,-0.266128,-6.146783,0.862110
4770,4.770000,19.486899,18.540127,19.752207,-0.265308,-6.084129,0.776201
4771,4.771000,19.487855,18.534435,19.752207,-0.264352,-6.011653,0.787161
4772,4.772000,19.488948,18.528353,19.752207,-0.263259,-5.923531,0.770551
4773,4.773000,19.490170,18.521890,19.752207,-0.262037,-5.825296,0.770622
4774,4.774000,19.491523,18.515050,19.752207,-0.260684,-5.714980,0.773391
4775,4.775000,19.493001,18.507844,19.752207,-0.259206,-5.589825,0.782261
4776,4.776000,19.494605,18.500281,19.752207,-0.257602,-5.454578,0.765791
4777,4.777000,19.496328,18.492368,19.752207,-0.255879,-5.317142,0.780021
4778,4.778000,19.498167,18.484121,19.752207,-0.254040,-5.165272,0.774071
4779,4.779000,19.500118,18.475547,19.752207,-0.252089,-4.999264,0.769081
4780,4.780000,19.502179,18.466661,19.752207,-0.250028,-4.815229,0.777351
4781,4.781000,19.504345,18.457473,19.752207,-0.247862,-4.615815,0.770651
4782,4.782000,19.506612,18.448001,19.752207,-0.245595,-4.403122,0.773971
4783,4.783000,19.508977,18.438258,19.752207,-0.243230,-4.168437,0.785692
4784,4.784000,19.511434,18.428262,19.752207,-0.240773,-3.923239,0.763531
4785,4.785000,19.513979,18.418029,19.752207,-0.238228,-3.666650,0.770361
4786,4.786000,19.516608,18.407578,19.752207,-0.235599,-3.402144,0.861980
4787,4.787000,19.519315,18.396928,19.752207,-0.232892,-3.131824,0.780961
4788,4.788000,19.522096,18.386099,19.752207,-0.230111,-2.859345,0.786741
4789,4.789000,19.524948,18.375109,19.752207,-0.227259,-2.583427,0.792750
4790,4.790000,19.527863,18.363978,19.752207,-0.224344,-2.281930,0.761571
4791,4.791000,19.530835,18.352725,19.752207,-0.221372,-1.958343,0.758201
4792,4.792000,19.533865,18.341373,19.752207,-0.218342,-1.635827,0.770392
4793,4.793000,19.536942,18.329945,19.752207,-0.215265,-1.316001,0.775451
4794,4.794000,19.540061,18.318463,19.752207,-0.212146,-1.004232,0.778531
4795,4.795000,19.543220,18.306949,19.752207,-0.208987,-0.702503,0.784081
4796,4.796000,19.546413,18.295423,19.752207,-0.205794,-0.404186,0.766681
4797,4.797000,19.549632,18.283906,19.752207,-0.202575,-0.111064,0.753892
4798,4.798000,19.552875,18.272416,19.752207,-0.199332,0.176533,0.765401
4799,4.799000,19.556136,18.260973,19.752207,-0.196071,0.460291,0.772791
4800,4.800000,19.559408,18.249596,19.752207,-0.192799,0.729663,0.788531
4801,4.801000,19.562686,18.238304,19.752207,-0.189521,0.989656,0.773111
4802,4.802000,19.565968,18.227115,19.752207,-0.186239,1.287489,0.780821
4803,4.803000,19.569245,18.216045,19.752207,-0.182962,1.659790,0.770081
4804,4.804000,19.572513,18.205118,19.752207,-0.179694,2.007981,0.759491
4805,4.805000,19.575768,18.194362,19.752207,-0.176439,2.325634,0.771672
4806,4.806000,19.579004,18.183796,19.752207,-0.173203,2.643940,0.778931
4807,4.807000,19.582216,18.173441,19.752207,-0.169991,2.944246,0.914719
4808,4.808000,19.585398,18.163319,19.752207,-0.166809,3.226020,0.771561
4809,4.809000,19.588549,18.153446,19.752207,-0.163658,3.490000,0.772721
4810,4.810000,19.591662,18.143841,19.752207,-0.160545,3.736820,0.771481
4811,4.811000,19.594730,18.134518,19.752207,-0.157477,3.967909,0.792971
4812,4.812000,19.597753,18.125493,19.752207,-0.154454,4.183764,0.775441
4813,4.813000,19.600724,18.116780,19.752207,-0.151483,4.389546,0.761611
4814,4.814000,19.603640,18.108389,19.752207,-0.148567,4.572306,0.771301
4815,4.815000,19.606497,18.100334,19.752207,-0.145710,4.736867,0.763491
4816,4.816000,19.609289,18.092626,19.752207,-0.142918,4.880502,0.765071
4817,4.817000,19.612014,18.085270,19.752207,-0.140193,5.000220,0.772411
4818,4.818000,19.614669,18.078276,19.752207,-0.137538,5.109580,0.791421
4819,4.819000,19.617249,18.071649,19.752207,-0.134958,5.209527,0.759921
4820,4.820000,19.619753,18.065393,19.752207,-0.132454,5.300320,0.773121
4821,4.821000,19.622176,18.059514,19.752207,-0.130031,5.381907,0.766942
4822,4.822000,19.624513,18.054017,19.752207,-0.127694,5.453927,0.789591
4823,4.823000,19.626765,18.048905,19.752207,-0.125442,5.516829,0.781141
4824,4.824000,19.628929,18.044178,19.752207,-0.123278,5.570306,0.884440
4825,4.825000,19.631000,18.039844,19.752207,-0.121207,5.614239,0.773751
4826,4.826000,19.632979,18.035902,19.752207,-0.119228,5.648624,0.892840
4827,4.827000,19.634861,18.032352,19.752207,-0.117346,5.673562,0.757551
4828,4.828000,19.636645,18.029196,19.752207,-0.115562,5.688998,0.770151
4829,4.829000,19.638331,18.026433,19.752207,-0.113876,5.695040,0.778251
4830,4.830000,19.639914,18.024065,19.752207,-0.112293,5.691767,0.784731
4831,4.831000,19.641396,18.022086,19.752207,-0.110811,5.679272,0.771181
4832,4.832000,19.642772,18.020498,19.752207,-0.109435,5.657650,0.777891
4833,4.833000,19.644046,18.019296,19.752207,-0.108161,5.629442,0.770601
4834,4.834000,19.645212,18.018476,19.752207,-0.106995,5.600903,0.763302
4835,4.835000,19.646272,18.018039,19.752207,-0.105935,5.563090,0.769541
4836,4.836000,19.647227,18.017978,19.752207,-0.104980,5.524202,0.782361
4837,4.837000,19.648074,18.018290,19.752207,-0.104133,5.479011,0.774581
4838,4.838000,19.648812,18.018971,19.752207,-0.103395,5.423707,0.763861
4839,4.839000,19.649443,18.020018,19.752207,-0.102764,5.358278,0.778681
4840,4.840000,19.649968,18.021422,19.752207,-0.102239,5.283030,0.783411
4841,4.841000,19.650386,18.023179,19.752207,-0.101821,5.198317,0.778601
4842,4.842000,19.650697,18.025282,19.752207,-0.101510,5.104495,0.768271
4843,4.843000,19.650902,18.027726,19.752207,-0.101305,5.001935,0.772091
4844,4.844000,19.651002,18.030499,19.752207,-0.101205,4.891062,0.866640
4845,4.845000,19.650999,18.033593,19.752207,-0.101208,4.777350,0.777391
4846,4.846000,19.650893,18.037003,19.752207,-0.101314,4.659191,0.862620
4847,4.847000,19.650685,18.040717,19.752207,-0.101522,4.533338,0.786081
4848,4.848000,19.650377,18.044725,19.752207,-0.101830,4.404363,0.774361
4849,4.849000,19.649971,18.049019,19.752207,-0.102236,4.271160,0.768602
4850,4.850000,19.649467,18.053590,19.752207,-0.102740,4.130817,0.766051
4851,4.851000,19.648868,18.058426,19.752207,-0.103339,3.983601,0.774221
4852,4.852000,19.648176,18.063516,19.752207,-0.104031,3.829624,0.791121
4853,4.853000,19.647394,18.068851,19.752207,-0.104813,3.668746,0.787881
4854,4.854000,19.646523,18.074417,19.752207,-0.105684,3.502510,0.774231
4855,4.855000,19.645566,18.080202,19.752207,-0.106641,3.317815,0.773521
4856,4.856000,19.644524,18.086196,19.752207,-0.107683,3.106051,0.767501
4857,4.857000,19.643400,18.092382,19.752207,-0.108807,2.896519,0.766201
4858,4.858000,19.642198,18.098745,19.752207,-0.110009,2.689795,0.789191
4859,4.859000,19.640919,18.105271,19.752207,-0.111288,2.486098,0.788251
4860,4.860000,19.639569,18.111944,19.752207,-0.112638,2.285308,0.782441
4861,4.861000,19.638146,18.118750,19.752207,-0.114061,2.087254,0.769152
4862,4.862000,19.636656,18.125678,19.752207,-0.115551,1.891660,0.769871
4863,4.863000,19.635102,18.132713,19.752207,-0.117105,1.698431,0.958859
4864,4.864000,19.633486,18.139838,19.752207,-0.118721,1.515742,0.769311
4865,4.865000,19.631813,18.147046,19.752207,-0.120394,1.351730,0.778121
4866,4.866000,19.630083,18.154324,19.752207,-0.122124,1.183880,0.763951
4867,4.867000,19.628304,18.161657,19.752207,-0.123903,1.008691,0.785581
4868,4.868000,19.626473,18.169039,19.752207,-0.125734,0.854353,0.774071
4869,4.869000,19.624600,18.176455,19.752207,-0.127607,0.716073,0.778341
4870,4.870000,19.622683,18.183897,19.752207,-0.129524,0.576693,0.784061
4871,4.871000,19.620728,18.191355,19.752207,-0.131479,0.435473,0.783171
4872,4.872000,19.618738,18.198822,19.752207,-0.133469,0.292124,0.761572
4873,4.873000,19.616717,18.206286,19.752207,-0.135490,0.148021,0.762831
4874,4.874000,19.614666,18.213738,19.752207,-0.137541,0.002904,0.770591
4875,4.875000,19.612591,18.221169,19.752207,-0.139616,-0.139476,0.779821
4876,4.876000,19.610494,18.228569,19.752207,-0.141713,-0.277094,0.779352
4877,4.877000,19.608379,18.235929,19.752207,-0.143828,-0.414490,0.785101
4878,4.878000,19.606249,18.243239,19.752207,-0.145958,-0.551815,0.772151
4879,4.879000,19.604108,18.250491,19.752207,-0.148099,-0.684253,0.760271
4880,4.880000,19.601958,18.257676,19.752207,-0.150249,-0.814231,0.780351
4881,4.881000,19.599805,18.264785,19.752207,-0.152402,-0.943581,0.787251
4882,4.882000,19.597650,18.271810,19.752207,-0.154557,-1.072115,0.781732
4883,4.883000,19.595497,18.278741,19.752207,-0.156710,-1.199477,0.785441
4884,4.884000,19.593349,18.285571,19.752207,-0.158858,-1.325310,0.886439
4885,4.885000,19.591207,18.292292,19.752207,-0.161000,-1.449272,0.773751
4886,4.886000,19.589080,18.298895,19.752207,-0.163127,-1.571071,0.783241
4887,4.887000,19.586966,18.305373,19.752207,-0.165241,-1.692475,0.766011
4888,4.888000,19.584871,18.311717,19.752207,-0.167336,-1.813762,0.781741
4889,4.889000,19.582796,18.317920,19.752207,-0.169411,-1.931632,0.770171
4890,4.890000,19.580744,18.323975,19.752207,-0.171463,-2.045673,0.776661
4891,4.891000,19.578720,18.329875,19.752207,-0.173487,-2.156017,0.772371
4892,4.892000,19.576724,18.335610,19.752207,-0.175483,-2.262744,0.771351
4893,4.893000,19.574762,18.341175,19.752207,-0.177445,-2.365355,0.774411
4894,4.894000,19.572834,18.346566,19.752207,-0.179373,-2.463428,0.765942
4895,4.895000,19.570942,18.351772,19.752207,-0.181265,-2.556815,0.777341
4896,4.896000,19.569093,18.356793,19.752207,-0.183114,-2.645448,0.770011
4897,4.897000,19.567285,18.361616,19.752207,-0.184922,-2.729225,0.774171
4898,4.898000,19.565521,18.366244,19.752207,-0.186686,-2.808128,0.773441
4899,4.899000,19.563806,18.370666,19.752207,-0.188401,-2.882115,0.778771
4900,4.900000,19.562140,18.374882,19.752207,-0.190067,-2.951099,0.771461
4901,4.901000,19.560525,18.378885,19.752207,-0.191682,-3.015079,0.874800
4902,4.902000,19.558962,18.382674,19.752207,-0.193245,-3.074026,0.765131
4903,4.903000,19.557456,18.386243,19.752207,-0.194751,-3.127931,0.946109
4904,4.904000,19.556008,18.389589,19.752207,-0.196199,-3.176608,0.776052
4905,4.905000,19.554618,18.392711,19.752207,-0.197589,-3.219747,0.789531
4906,4.906000,19.553288,18.395607,19.752207,-0.198919,-3.258110,0.784041
4907,4.907000,19.552021,18.398274,19.752207,-0.200186,-3.291736,0.778141
4908,4.908000,19.550815,18.400709,19.752207,-0.201392,-3.320520,0.765041
4909,4.909000,19.549677,18.402915,19.752207,-0.202530,-3.344531,0.755752
4910,4.910000,19.548602,18.404887,19.752207,-0.203605,-3.363492,0.765961
4911,4.911000,19.547597,18.406626,19.752207,-0.204610,-3.376924,0.771491
4912,4.912000,19.546658,18.408132,19.752207,-0.205549,-3.385379,0.780641
4913,4.913000,19.545788,18.409405,19.752207,-0.206419,-3.389002,0.776191
4914,4.914000,19.544988,18.410445,19.752207,-0.207219,-3.387775,0.770852
4915,4.915000,19.544258,18.411253,19.752207,-0.207949,-3.381703,0.765961
4916,4.916000,19.543598,18.411830,19.752207,-0.208609,-3.370922,0.757791
4917,4.917000,19.543010,18.412179,19.752207,-0.209197,-3.355476,0.762402
4918,4.918000,19.542495,18.412298,19.752207,-0.209712,-3.335443,0.794841
4919,4.919000,19.542049,18.412192,19.752207,-0.210158,-3.310911,0.769511
4920,4.920000,19.541677,18.411864,19.752207,-0.210530,-3.281970,0.768361
4921,4.921000,19.541374,18.411314,19.752207,-0.210833,-3.248657,0.854261
4922,4.922000,19.541146,18.410548,19.752207,-0.211061,-3.211088,0.770411
4923,4.923000,19.540989,18.409564,19.752207,-0.211218,-3.179586,0.954219
4924,4.924000,19.540901,18.408371,19.752207,-0.211306,-3.146766,0.773481
4925,4.925000,19.540886,18.406969,19.752207,-0.211321,-3.121383,0.758071
4926,4.926000,19.540941,18.405360,19.752207,-0.211266,-3.091520,0.770221
4927,4.927000,19.541065,18.403547,19.752207,-0.211142,-3.055639,0.772621
4928,4.928000,19.541258,18.401532,19.752207,-0.210949,-3.013834,0.775901
4929,4.929000,19.541521,18.399321,19.752207,-0.210686,-2.966346,0.780651
4930,4.930000,19.541849,18.396915,19.752207,-0.210358,-2.913466,0.764772
4931,4.931000,19.542245,18.394318,19.752207,-0.209962,-2.855434,0.765901
4932,4.932000,19.542706,18.391536,19.752207,-0.209501,-2.792528,0.763801
4933,4.933000,19.543231,18.388573,19.752207,-0.208976,-2.725001,0.771302
4934,4.934000,19.543820,18.385437,19.752207,-0.208387,-2.653119,0.775851
4935,4.935000,19.544468,18.382127,19.752207,-0.207738,-2.577063,0.825440
4936,4.936000,19.545177,18.378654,19.752207,-0.207030,-2.496982,0.760611
4937,4.937000,19.545946,18.375024,19.752207,-0.206261,-2.413188,0.775191
4938,4.938000,19.546770,18.371240,19.752207,-0.205437,-2.325830,0.768651
4939,4.939000,19.547651,18.367311,19.752207,-0.204556,-2.235085,0.776281
4940,4.940000,19.548585,18.363242,19.752207,-0.203622,-2.141198,0.904380
4941,4.941000,19.549571,18.359040,19.752207,-0.202636,-2.044325,0.785121
4942,4.942000,19.550607,18.354711,19.752207,-0.201600,-1.944683,0.843751
4943,4.943000,19.551691,18.350266,19.752207,-0.200516,-1.842502,0.775071
4944,4.944000,19.552822,18.345709,19.752207,-0.199385,-1.737967,0.770061
4945,4.945000,19.553995,18.341047,19.752207,-0.198212,-1.631256,0.774591
4946,4.946000,19.555211,18.336290,19.752207,-0.196996,-1.522565,0.776082
4947,4.947000,19.556467,18.331444,19.752207,-0.195740,-1.412123,0.769741
4948,4.948000,19.557760,18.326516,19.752207,-0.194447,-1.300083,0.770261
4949,4.949000,19.559089,18.321516,19.752207,-0.193118,-1.185780,0.771401
4950,4.950000,19.560451,18.316450,19.752207,-0.191756,-1.073792,0.776252
4951,4.951000,19.561843,18.311327,19.752207,-0.190364,-0.961149,0.789961
4952,4.952000,19.563263,18.306153,19.752207,-0.188944,-0.847779,0.774831
4953,4.953000,19.564711,18.300940,19.752207,-0.187496,-0.734062,0.779211
4954,4.954000,19.566182,18.295691,19.752207,-0.186025,-0.619743,0.772951
4955,4.955000,19.567674,18.290417,19.752207,-0.184533,-0.504972,0.783271
4956,4.956000,19.569185,18.285123,19.752207,-0.183022,-0.389961,0.774441
4957,4.957000,19.570713,18.279820,19.752207,-0.181493,-0.274880,0.799981
4958,4.958000,19.572254,18.274514,19.752207,-0.179953,-0.159911,0.798701
4959,4.959000,19.573808,18.269212,19.752207,-0.178399,-0.045229,0.779201
4960,4.960000,19.575370,18.263924,19.752207,-0.176837,0.068959,0.777221
4961,4.961000,19.576938,18.258656,19.752207,-0.175269,0.182493,0.757231
4962,4.962000,19.578510,18.253416,19.752207,-0.173697,0.295234,0.760151
4963,4.963000,19.580086,18.248211,19.752207,-0.172121,0.407003,0.776271
4964,4.964000,19.581659,18.243051,19.752207,-0.170548,0.517654,0.780291
4965,4.965000,19.583230,18.237940,19.752207,-0.168977,0.626986,0.787241
4966,4.966000,19.584796,18.232886,19.752207,-0.167411,0.734930,0.764051
4967,4.967000,19.586353,18.227898,19.752207,-0.165854,0.841707,0.769341
4968,4.968000,19.587900,18.222981,19.752207,-0.164307,0.951257,0.762251
4969,4.969000,19.589435,18.218143,19.752207,-0.162772,1.059285,0.772691
4970,4.970000,19.590955,18.213391,19.752207,-0.161252,1.193640,0.789031
4971,4.971000,19.592457,18.208734,19.752207,-0.159750,1.326571,0.775141
4972,4.972000,19.593941,18.204180,19.752207,-0.158266,1.465636,0.771682
4973,4.973000,19.595403,18.199739,19.752207,-0.156804,1.595894,0.761001
4974,4.974000,19.596842,18.195421,19.752207,-0.155365,1.717834,0.771771
4975,4.975000,19.598255,18.191230,19.752207,-0.153952,1.832491,0.771941
4976,4.976000,19.599641,18.187177,19.752207,-0.152566,1.939943,0.778091
4977,4.977000,19.600997,18.183268,19.752207,-0.151210,2.040096,0.779651
4978,4.978000,19.602322,18.179508,19.752207,-0.149885,2.133338,0.939359
4979,4.979000,19.603613,18.175905,19.752207,-0.148594,2.219919,0.771581
4980,4.980000,19.604870,18.172464,19.752207,-0.147337,2.299970,0.775532
4981,4.981000,19.606089,18.169189,19.752207,-0.146118,2.373720,0.868190
4982,4.982000,19.607270,18.166085,19.752207,-0.144937,2.441372,0.777511
4983,4.983000,19.608411,18.163155,19.752207,-0.143796,2.503008,0.760041
4984,4.984000,19.609512,18.160404,19.752207,-0.142695,2.558700,0.758352
4985,4.985000,19.610569,18.157834,19.752207,-0.141638,2.608575,0.763951
4986,4.986000,19.611584,18.155449,19.752207,-0.140623,2.652714,0.773641
4987,4.987000,19.612552,18.153249,19.752207,-0.139655,2.691184,0.779841
4988,4.988000,19.613474,18.151240,19.752207,-0.138733,2.724109,0.799921
4989,4.989000,19.614350,18.149419,19.752207,-0.137857,2.751501,0.782481
4990,4.990000,19.615176,18.147792,19.752207,-0.137031,2.773495,0.762812
4991,4.991000,19.615955,18.146356,19.752207,-0.136252,2.790128,0.756251
4992,4.992000,19.616682,18.145113,19.752207,-0.135525,2.801539,0.776971
4993,4.993000,19.617360,18.144063,19.752207,-0.134847,2.807772,0.774791
4994,4.994000,19.617985,18.143206,19.752207,-0.134222,2.808923,0.776251
4995,4.995000,19.618561,18.142540,19.752207,-0.133646,2.805059,0.774401
4996,4.996000,19.619081,18.142067,19.752207,-0.133126,2.796279,0.764031
4997,4.997000,19.619551,18.141785,19.752207,-0.132656,2.782628,0.755492
4998,4.998000,19.619968,18.141691,19.752207,-0.132239,2.764226,0.883090
4999,4.999000,19.620331,18.141783,19.752207,-0.131876,2.741264,0.771061
5000,5.000000,19.620642,18.142062,-6.920419,26.541061,-102.561386,0.813861
5001,5.001000,19.620900,18.136490,-6.920419,26.541319,-102.493721,0.775461
5002,5.002000,19.621103,18.123511,-6.920419,26.541522,-102.496758,0.772961
5003,5.003000,19.621245,18.102909,-6.920419,26.541663,-102.500420,0.768731
5004,5.004000,19.621320,18.074817,-6.920419,26.541739,-102.504341,0.773262
5005,5.005000,19.621317,18.039416,-6.920419,26.541735,-102.508400,0.767341
5006,5.006000,19.621224,17.996867,-6.920419,26.541643,-102.512596,0.791051
5007,5.007000,19.621025,17.947289,-6.920419,26.541443,-102.517014,1.060218
5008,5.008000,19.620700,17.890767,-6.920419,26.541119,-102.521667,1.027398
5009,5.009000,19.620232,17.827367,-6.920419,26.540651,-102.526581,0.772281
5010,5.010000,19.619597,17.757134,-6.920419,26.540016,-102.531822,0.777351
5011,5.011000,19.618769,17.680109,-6.920419,26.539188,-102.537376,0.777511
5012,5.012000,19.617721,17.596312,-6.920419,26.538139,-102.543304,0.793411
5013,5.013000,19.616421,17.505771,-6.920419,26.536840,-102.549629,0.773151
5014,5.014000,19.614840,17.408504,-6.920419,26.535258,-102.556328,0.783461
5015,5.015000,19.612939,17.304528,-6.920419,26.533358,-102.562813,0.803121
5016,5.016000,19.610685,17.193859,-6.920419,26.531104,-102.569511,1.084117
5017,5.017000,19.608037,17.076509,-6.920419,26.528456,-102.576683,0.916449
5018,5.018000,19.604952,16.952492,-6.920419,26.525370,-102.584938,1.100708
5019,5.019000,19.601384,16.821820,-6.920419,26.521803,-102.594376,0.777971
5020,5.020000,19.597293,16.684506,-6.920419,26.517712,-102.605888,0.788801
5021,5.021000,19.592626,16.540562,-6.920419,26.513045,-102.618172,0.763471
5022,5.022000,19.587333,16.389999,-6.920419,26.507752,-102.631279,0.764762
5023,5.023000,19.581360,16.232827,-6.920419,26.501779,-102.647255,0.784001
5024,5.024000,19.574655,16.069058,-6.920419,26.495073,-102.667831,0.770731
5025,5.025000,19.567157,15.898701,-6.920419,26.487575,-102.684929,0.775321
5026,5.026000,19.558810,15.721769,-6.920419,26.479229,-102.699089,0.779131
5027,5.027000,19.549550,15.538269,-6.920419,26.469969,-102.710182,0.777151
5028,5.028000,19.539315,15.348214,-6.920419,26.459734,-102.715347,0.763821
5029,5.029000,19.528038,15.151612,-6.920419,26.448457,-102.709877,0.762521
5030,5.030000,19.515652,14.948477,-6.920419,26.436070,-102.684639,0.772251
5031,5.031000,19.502089,14.738821,-6.920419,26.422507,-102.607132,0.780061
5032,5.032000,19.487274,14.522659,-6.920419,26.407693,-102.406868,0.780762
5033,5.033000,19.471136,14.300013,-6.920419,26.391555,-101.900093,0.775241
5034,5.034000,19.453598,14.070926,-6.920419,26.374016,-100.483543,0.784241
5035,5.035000,19.434584,13.835500,-6.920419,26.355003,-97.780098,1.021438
5036,5.036000,19.414015,13.593918,-6.920419,26.334434,-90.661598,0.871300
5037,5.037000,19.391809,13.346642,-6.920419,26.312227,-77.413109,0.889430
5038,5.038000,19.367884,13.094547,-6.920419,26.288303,-62.924702,0.765152
5039,5.039000,19.342157,12.838678,-6.920419,26.262575,-53.013660,0.770471
5040,5.040000,19.314542,12.579837,-6.920419,26.234961,-46.310642,0.765191
5041,5.041000,19.284957,12.318559,-6.920419,26.205376,-40.064373,0.764871
5042,5.042000,19.253315,12.055273,-6.920419,26.173733,-35.840500,0.770692
5043,5.043000,19.219531,11.790267,-6.920419,26.139949,-29.969139,0.774851
5044,5.044000,19.183522,11.523892,-6.920419,26.103941,-23.920876,0.773721
5045,5.045000,19.145201,11.256527,-6.920419,26.065620,-18.243200,0.773141
5046,5.046000,19.104485,10.988547,-6.920419,26.024903,-14.117587,0.764212
5047,5.047000,19.061291,10.720232,-6.920419,25.981709,-7.736352,0.767561
5048,5.048000,19.015535,10.451974,-6.920419,25.935954,-0.659507,0.767951
5049,5.049000,18.967137,10.184231,-6.920419,25.887555,7.451824,0.768942
5050,5.050000,18.916013,9.917540,-6.920419,25.836431,14.721977,0.769331
5051,5.051000,18.862085,9.652405,-6.920419,25.782503,21.608509,0.777681
5052,5.052000,18.805275,9.389297,-6.920419,25.725693,31.797037,0.769781
5053,5.053000,18.745507,9.128862,-6.920419,25.665926,41.879795,0.769742
5054,5.054000,18.682705,8.871786,-6.920419,25.603124,53.339428,0.764631
5055,5.055000,18.616799,8.618836,-6.920419,25.537218,63.574986,0.778641
5056,5.056000,18.547718,8.370723,-6.920419,25.468137,71.459084,0.773401
5057,5.057000,18.475397,8.128005,-6.920419,25.395816,78.788559,0.770932
5058,5.058000,18.399770,7.891157,-6.920419,25.320188,86.499542,0.755511
5059,5.059000,18.320777,7.660665,-6.920419,25.241195,94.433495,0.764401
5060,5.060000,18.238362,7.437026,-6.920419,25.158781,99.646049,0.766892
5061,5.061000,18.152471,7.220589,-6.920419,25.072889,102.761681,0.768791
5062,5.062000,18.063055,7.011545,-6.920419,24.983474,104.623611,0.773721
5063,5.063000,17.970069,6.809977,-6.920419,24.890487,105.623985,0.801691
5064,5.064000,17.873470,6.615901,-6.920419,24.793888,106.223816,0.763711
5065,5.065000,17.773219,6.429298,-6.920419,24.693638,106.640450,0.754112
5066,5.066000,17.669286,6.250142,-6.920419,24.589705,106.944756,0.764291
5067,5.067000,17.561637,6.078405,-6.920419,24.482056,107.146400,0.777021
5068,5.068000,17.450251,5.914060,-6.920419,24.370669,107.278290,0.774231
5069,5.069000,17.335100,5.757078,-6.920419,24.255519,107.349892,0.786931
5070,5.070000,17.216171,5.607432,-6.920419,24.136590,107.389122,0.764591
5071,5.071000,17.093448,5.465096,-6.920419,24.013867,107.443810,0.771941
5072,5.072000,16.966922,5.330045,-6.920419,23.887341,107.478714,0.765931
5073,5.073000,16.836585,5.202255,-6.920419,23.757004,107.484650,0.952100
5074,5.074000,16.702435,5.081703,-6.920419,23.622854,107.436012,0.769561
5075,5.075000,16.564476,4.968363,-6.920419,23.484894,107.388054,0.961589
5076,5.076000,16.422712,4.862208,-6.920419,23.343130,107.352928,0.766341
5077,5.077000,16.277152,4.763213,-6.920419,23.197570,107.283470,0.765452
5078,5.078000,16.127810,4.671351,-6.920419,23.048228,107.158554,0.776991
5079,5.079000,15.974703,4.586593,-6.920419,22.895121,106.970383,0.778461
5080,5.080000,15.817852,4.508904,-6.920419,22.738271,106.685257,0.773251
5081,5.081000,15.657285,4.438245,-6.920419,22.577703,106.240974,0.761751
5082,5.082000,15.493026,4.374563,-6.920419,22.413444,105.596504,0.756952
5083,5.083000,15.325111,4.317795,-6.920419,22.245529,104.628258,0.768131
5084,5.084000,15.153574,4.267856,-6.920419,22.073992,103.046822,0.775761
5085,5.085000,14.978458,4.224619,-6.920419,21.898877,100.296486,0.780771
5086,5.086000,14.799802,4.187884,-6.920419,21.720221,95.736473,0.788090
5087,5.087000,14.617658,4.157328,-6.920419,21.538077,89.061348,0.775211
5088,5.088000,14.432075,4.132481,-6.920419,21.352494,83.116219,0.764711
5089,5.089000,14.243108,4.112882,-6.920419,21.163526,76.781563,0.767301
5090,5.090000,14.050811,4.098062,-6.920419,20.971229,71.214493,0.772091
5091,5.091000,13.855246,4.087600,-6.920419,20.775665,66.719261,0.791821
5092,5.092000,13.656475,4.081155,-6.920419,20.576893,63.697971,0.784421
5093,5.093000,13.454563,4.078493,-6.920419,20.374982,62.160854,0.857580
5094,5.094000,13.249578,4.079494,-6.920419,20.169997,60.979179,0.767311
5095,5.095000,13.041590,4.084085,-6.920419,19.962008,59.700539,0.857221
5096,5.096000,12.830670,4.092193,-6.920419,19.751089,58.292477,0.768411
5097,5.097000,12.616894,4.103733,-6.920419,19.537312,56.804207,0.772181
5098,5.098000,12.400337,4.118607,-6.920419,19.320756,55.592823,0.770781
5099,5.099000,12.181080,4.136728,-6.920419,19.101498,54.473827,0.776442
5100,5.100000,11.959201,4.158013,-6.920419,18.879620,53.657444,0.774481
5101,5.101000,11.734786,4.182401,-6.920419,18.655204,52.948933,0.769701
5102,5.102000,11.507918,4.209838,-6.920419,18.428336,52.163097,0.779741
5103,5.103000,11.278684,4.240266,-6.920419,18.199102,51.290253,0.777631
5104,5.104000,11.047173,4.273622,-6.920419,17.967591,50.337109,0.768102
5105,5.105000,10.813476,4.309834,-6.920419,17.733895,49.520138,0.774751
5106,5.106000,10.577685,4.348838,-6.920419,17.498104,48.719105,0.771161
5107,5.107000,10.339895,4.390570,-6.920419,17.260313,47.981380,0.783881
5108,5.108000,10.100199,4.434972,-6.920419,17.020618,47.166401,0.782101
5109,5.109000,9.858698,4.481981,-6.920419,16.779116,46.576427,0.776102
5110,5.110000,9.615488,4.531548,-6.920419,16.535907,46.020744,0.795170
5111,5.111000,9.370672,4.583629,-6.920419,16.291091,45.414280,0.769192
5112,5.112000,9.124349,4.638175,-6.920419,16.044767,44.672619,0.779261
5113,5.113000,8.876625,4.695132,-6.920419,15.797043,43.886127,0.775441
5114,5.114000,8.627602,4.754440,-6.920419,15.548021,43.036316,0.786521
5115,5.115000,8.377388,4.816034,-6.920419,15.297807,42.012230,0.782061
5116,5.116000,8.126089,4.879839,-6.920419,15.046508,40.761257,0.771642
5117,5.117000,7.873815,4.945764,-6.920419,14.794233,39.345219,0.759611
5118,5.118000,7.620673,5.013707,-6.920419,14.541091,37.658642,0.759181
5119,5.119000,7.366775,5.083546,-6.920419,14.287193,36.058666,0.782781
5120,5.120000,7.112231,5.155162,-6.920419,14.032650,34.464859,0.786200
5121,5.121000,6.857155,5.228438,-6.920419,13.777573,32.689808,0.791370
5122,5.122000,6.601659,5.303249,-6.920419,13.522077,30.503723,0.783671
5123,5.123000,6.345856,5.379445,-6.920419,13.266275,28.495352,0.783041
5124,5.124000,6.089862,5.456882,-6.920419,13.010281,26.745857,0.766571
5125,5.125000,5.833791,5.535431,-6.920419,12.754209,24.613131,0.771781
5126,5.126000,5.577758,5.614948,-6.920419,12.498177,22.308126,0.780841
5127,5.127000,5.321879,5.695277,-6.920419,12.242297,19.858803,0.789511
5128,5.128000,5.066269,5.776250,-6.920419,11.986688,16.740025,0.803921
5129,5.129000,4.811046,5.857658,-6.920419,11.731464,14.247018,0.788531
5130,5.130000,4.556324,5.939320,-6.920419,11.476742,11.162905,0.774641
5131,5.131000,4.302219,6.021031,-6.920419,11.222637,7.381512,0.813691
5132,5.132000,4.048847,6.102539,-6.920419,10.969266,2.897399,0.774401
5133,5.133000,3.796325,6.183544,-6.920419,10.716743,-0.934270,0.925930
5134,5.134000,3.544765,6.263770,-6.920419,10.465184,-4.584294,0.777871
5135,5.135000,3.294284,6.342966,-6.920419,10.214702,-7.263617,0.775231
5136,5.136000,3.044994,6.420942,-6.920419,9.965412,-9.826955,0.785121
5137,5.137000,2.797008,6.497532,-6.920419,9.717427,-11.525842,0.789341
5138,5.138000,2.550438,6.572624,-6.920419,9.470857,-13.401764,0.779732
5139,5.139000,2.305395,6.646113,-6.920419,9.225814,-15.956923,0.783261
5140,5.140000,2.061988,6.717847,-6.920419,8.982407,-18.874891,0.765491
5141,5.141000,1.820326,6.787645,-6.920419,8.740745,-21.562159,0.770371
5142,5.142000,1.580516,6.855329,-6.920419,8.500935,-24.408722,0.777341
5143,5.143000,1.342664,6.920716,-6.920419,8.263082,-27.811642,0.789851
5144,5.144000,1.106874,6.983586,-6.920419,8.027292,-30.884254,0.790151
5145,5.145000,0.873248,7.043735,-6.920419,7.793666,-33.749416,0.789351
5146,5.146000,0.641888,7.100974,-6.920419,7.562306,-36.260410,0.779571
5147,5.147000,0.412892,7.155138,-6.920419,7.333311,-39.000233,0.765111
5148,5.148000,0.186359,7.206059,-6.920419,7.106777,-43.901688,0.769301
5149,5.149000,-0.037618,7.253439,-6.920419,6.882801,-48.788403,0.789551
5150,5.150000,-0.258944,7.296954,-6.920419,6.661474,-53.442383,0.894160
5151,5.151000,-0.477530,7.336284,-6.920419,6.442889,-58.618019,0.787631
5152,5.152000,-0.693286,7.371089,-6.920419,6.227132,-62.475212,0.881580
5153,5.153000,-0.906128,7.401101,-6.920419,6.014290,-65.355667,0.777091
5154,5.154000,-1.115972,7.426127,-6.920419,5.804446,-67.601982,0.772062
5155,5.155000,-1.322739,7.446034,-6.920419,5.597680,-71.275200,0.784681
5156,5.156000,-1.526350,7.460619,-6.920419,5.394068,-74.393883,0.769311
5157,5.157000,-1.726732,7.469689,-6.920419,5.193686,-76.906960,0.776311
5158,5.158000,-1.923814,7.473088,-6.920419,4.996604,-78.757843,0.779791
5159,5.159000,-2.117528,7.470708,-6.920419,4.802891,-80.078453,0.773821
5160,5.160000,-2.307809,7.462483,-6.920419,4.612610,-80.784035,0.776891
5161,5.161000,-2.494595,7.448390,-6.920419,4.425823,-81.508049,0.777931
5162,5.162000,-2.677829,7.428411,-6.920419,4.242589,-81.909477,0.774971
5163,5.163000,-2.857456,7.402550,-6.920419,4.062963,-82.372650,0.763191
5164,5.164000,-3.033424,7.370804,-6.920419,3.886994,-82.474220,0.780372
5165,5.165000,-3.205686,7.333191,-6.920419,3.714733,-82.220009,0.773421
5166,5.166000,-3.374196,7.289751,-6.920419,3.546222,-81.617409,0.776511
5167,5.167000,-3.538914,7.240547,-6.920419,3.381504,-80.660255,0.782201
5168,5.168000,-3.699802,7.185669,-6.920419,3.220616,-79.345665,0.789071
5169,5.169000,-3.856825,7.125229,-6.920419,3.063593,-77.764168,0.779071
5170,5.170000,-4.009952,7.059359,-6.920419,2.910466,-76.022530,0.854000
5171,5.171000,-4.159155,6.988204,-6.920419,2.761263,-73.918816,0.764001
5172,5.172000,-4.304410,6.911928,-6.920419,2.616009,-71.652901,0.878940
5173,5.173000,-4.445695,6.830708,-6.920419,2.474724,-69.402428,0.779561
5174,5.174000,-4.582992,6.744723,-6.920419,2.337427,-67.467857,0.784021
5175,5.175000,-4.716285,6.654128,-6.920419,2.204134,-65.929512,0.781491
5176,5.176000,-4.845562,6.559051,-6.920419,2.074856,-64.682945,0.772352
5177,5.177000,-4.970815,6.459594,-6.920419,1.949603,-63.405685,0.772181
5178,5.178000,-5.092037,6.355856,-6.920419,1.828381,-61.904011,0.773501
5179,5.179000,-5.209225,6.247945,-6.920419,1.711194,-60.446537,0.777891
5180,5.180000,-5.322378,6.135974,-6.920419,1.598041,-59.264225,0.776951
5181,5.181000,-5.431498,6.020041,-6.920419,1.488921,-58.007984,0.773832
5182,5.182000,-5.536591,5.900241,-6.920419,1.383827,-56.496426,0.774301
5183,5.183000,-5.637665,5.776688,-6.920419,1.282753,-55.169247,0.790221
5184,5.184000,-5.734731,5.649488,-6.920419,1.185688,-54.020897,0.777491
5185,5.185000,-5.827802,5.518732,-6.920419,1.092617,-53.140636,0.766461
5186,5.186000,-5.916893,5.384498,-6.920419,1.003525,-52.055054,0.774892
5187,5.187000,-6.002025,5.246867,-6.920419,0.918394,-50.886486,0.774791
5188,5.188000,-6.083217,5.105928,-6.920419,0.837201,-49.725552,0.771101
5189,5.189000,-6.160494,4.961774,-6.920419,0.759925,-48.621941,0.960119
5190,5.190000,-6.233882,4.814492,-6.920419,0.686537,-47.646130,0.824131
5191,5.191000,-6.303409,4.664163,-6.920419,0.617010,-46.613468,0.876480
5192,5.192000,-6.369107,4.510868,-6.920419,0.551312,-45.508209,0.773151
5193,5.193000,-6.431009,4.354693,-6.920419,0.489410,-44.315788,0.784261
5194,5.194000,-6.489151,4.195729,-6.920419,0.431268,-43.211842,0.758032
5195,5.195000,-6.543571,4.034065,-6.920419,0.376848,-41.689720,0.764501
5196,5.196000,-6.594310,3.869813,-6.920419,0.326109,-39.974606,0.778281
5197,5.197000,-6.641410,3.703099,-6.920419,0.279009,-38.362545,0.780821
5198,5.198000,-6.684915,3.534050,-6.920419,0.235504,-36.742626,0.772141
5199,5.199000,-6.724873,3.362788,-6.920419,0.195546,-35.535660,0.772262
5200,5.200000,-6.761332,3.189414,-6.920419,0.159087,-34.954651,0.766941
5201,5.201000,-6.794343,3.013981,-6.920419,0.126076,-34.366856,0.758081
5202,5.202000,-6.823958,2.836537,-6.920419,0.096460,-33.749203,0.772441
5203,5.203000,-6.850233,2.657125,-6.920419,0.070186,-33.015923,0.776861
5204,5.204000,-6.873222,2.475800,-6.920419,0.047196,-32.139923,0.769591
5205,5.205000,-6.892986,2.292627,-6.920419,0.027433,-31.143379,0.780261
5206,5.206000,-6.909582,2.107680,-6.920419,0.010837,-30.038536,0.774131
5207,5.207000,-6.923073,1.921043,-6.920419,-0.002655,-29.147568,0.770212
5208,5.208000,-6.933523,1.732789,-6.920419,-0.013105,-28.407825,0.779611
5209,5.209000,-6.940996,1.542979,-6.920419,-0.020578,-27.772898,0.767111
5210,5.210000,-6.945559,1.351666,-6.920419,-0.025140,-27.108513,0.759171
5211,5.211000,-6.947279,1.158899,-6.920419,-0.026861,-26.393051,0.774132
5212,5.212000,-6.946226,0.964735,-6.920419,-0.025808,-25.622009,0.774321
5213,5.213000,-6.942472,0.769230,-6.920419,-0.022054,-24.886229,0.773351
5214,5.214000,-6.936088,0.572444,-6.920419,-0.015670,-24.121265,0.766871
5215,5.215000,-6.927149,0.374434,-6.920419,-0.006730,-23.261030,0.763632
5216,5.216000,-6.915728,0.175266,-6.920419,0.004690,-22.288923,0.781961
5217,5.217000,-6.901904,-0.024989,-6.920419,0.018515,-21.124630,0.763611
5218,5.218000,-6.885752,-0.226246,-6.920419,0.034667,-20.001406,0.770511
5219,5.219000,-6.867352,-0.428420,-6.920419,0.053067,-18.762844,0.776171
5220,5.220000,-6.846783,-0.631419,-6.920419,0.073635,-17.475246,0.768711
5221,5.221000,-6.824127,-0.835150,-6.920419,0.096292,-16.728939,0.768061
5222,5.222000,-6.799464,-1.039549,-6.920419,0.120955,-16.012966,0.762191
5223,5.223000,-6.772878,-1.244562,-6.920419,0.147541,-15.253422,0.773532
5224,5.224000,-6.744452,-1.450137,-6.920419,0.175967,-14.250287,0.762171
5225,5.225000,-6.714271,-1.656206,-6.920419,0.206148,-12.906024,0.772251
5226,5.226000,-6.682419,-1.862677,-6.920419,0.238000,-11.011995,0.773321
5227,5.227000,-6.648983,-2.069423,-6.920419,0.271436,-9.075224,0.954479
5228,5.228000,-6.614049,-2.276303,-6.920419,0.306370,-7.210615,0.764741
5229,5.229000,-6.577704,-2.483182,-6.920419,0.342715,-4.908067,0.886380
5230,5.230000,-6.540035,-2.689900,-6.920419,0.380383,-2.618665,0.763291
5231,5.231000,-6.501131,-2.896295,-6.920419,0.419287,-0.144727,0.768131
5232,5.232000,-6.461080,-3.102195,-6.920419,0.459339,2.721294,0.778821
5233,5.233000,-6.419970,-3.307404,-6.920419,0.500449,5.414827,0.782511
5234,5.234000,-6.377889,-3.511734,-6.920419,0.542529,7.831610,0.770301
5235,5.235000,-6.334927,-3.715012,-6.920419,0.585491,10.361077,0.771041
5236,5.236000,-6.291171,-3.917068,-6.920419,0.629247,12.906940,0.768301
5237,5.237000,-6.246711,-4.117730,-6.920419,0.673708,15.520564,0.764272
5238,5.238000,-6.201633,-4.316825,-6.920419,0.718786,17.661304,0.768111
5239,5.239000,-6.156026,-4.514204,-6.920419,0.764393,20.011869,0.766431
5240,5.240000,-6.109977,-4.709715,-6.920419,0.810442,23.442245,0.770882
5241,5.241000,-6.063572,-4.903142,-6.920419,0.856846,27.302460,0.771021
5242,5.242000,-6.016898,-5.094229,-6.920419,0.903520,31.931137,0.767991
5243,5.243000,-5.970040,-5.282666,-6.920419,0.950379,36.293301,0.772821
5244,5.244000,-5.923082,-5.468149,-6.920419,0.997337,40.938084,0.768122
5245,5.245000,-5.876107,-5.650362,-6.920419,1.044312,44.697094,0.768881
5246,5.246000,-5.829198,-5.829041,-6.920419,1.091220,47.674377,0.766911
5247,5.247000,-5.782436,-6.003980,-6.920419,1.137983,50.110455,0.895560
5248,5.248000,-5.735899,-6.175025,-6.920419,1.184519,52.159275,0.774721
5249,5.249000,-5.689667,-6.342051,-6.920419,1.230752,54.512550,0.950549
5250,5.250000,-5.643815,-6.504922,-6.920419,1.276604,57.202702,0.772112
5251,5.251000,-5.598417,-6.663480,-6.920419,1.322001,60.258499,0.763071
5252,5.252000,-5.553549,-6.817537,-6.920419,1.366870,63.377949,0.756531
5253,5.253000,-5.509279,-6.966890,-6.920419,1.411140,65.948555,0.759822
5254,5.254000,-5.465678,-7.111371,-6.920419,1.454741,68.590042,0.769331
5255,5.255000,-5.422812,-7.250814,-6.920419,1.497606,70.799232,0.789431
5256,5.256000,-5.380748,-7.385077,-6.920419,1.539670,73.425591,0.780711
5257,5.257000,-5.339548,-7.514005,-6.920419,1.580870,76.330795,0.765561
5258,5.258000,-5.299273,-7.637417,-6.920419,1.621145,78.942490,0.763541
5259,5.259000,-5.259981,-7.755147,-6.920419,1.660437,81.205040,0.761251
5260,5.260000,-5.221729,-7.867052,-6.920419,1.698689,83.315895,0.771501
5261,5.261000,-5.184570,-7.973003,-6.920419,1.735848,85.056633,0.786281
5262,5.262000,-5.148556,-8.072897,-6.920419,1.771863,86.798759,0.775271
5263,5.263000,-5.113734,-8.166636,-6.920419,1.806685,88.412323,0.777621
5264,5.264000,-5.080151,-8.254130,-6.920419,1.840268,89.318230,0.909369
5265,5.265000,-5.047850,-8.335330,-6.920419,1.872569,89.414825,0.914279
5266,5.266000,-5.016871,-8.410243,-6.920419,1.903548,88.902946,0.886650
5267,5.267000,-4.987252,-8.478925,-6.920419,1.933166,88.017021,0.985619
5268,5.268000,-4.959028,-8.541461,-6.920419,1.961390,87.653862,0.776721
5269,5.269000,-4.932232,-8.597912,-6.920419,1.988187,87.127144,0.772771
5270,5.270000,-4.906892,-8.648336,-6.920419,2.013526,86.303307,0.761921
5271,5.271000,-4.883037,-8.692807,-6.920419,2.037382,85.057198,0.783942
5272,5.272000,-4.860689,-8.731423,-6.920419,2.059729,82.731133,0.775821
5273,5.273000,-4.839871,-8.764353,-6.920419,2.080547,79.614815,0.779241
5274,5.274000,-4.820602,-8.791825,-6.920419,2.099817,76.194572,0.767501
5275,5.275000,-4.802898,-8.814096,-6.920419,2.117520,73.157753,0.773281
5276,5.276000,-4.786774,-8.831406,-6.920419,2.133645,71.338417,0.768912
5277,5.277000,-4.772240,-8.843912,-6.920419,2.148179,70.512527,0.763451
5278,5.278000,-4.759307,-8.851694,-6.920419,2.161112,70.508934,0.775171
5279,5.279000,-4.747982,-8.854764,-6.920419,2.172436,70.611168,0.777171
5280,5.280000,-4.738270,-8.853113,-6.920419,2.182149,70.266731,0.766852
5281,5.281000,-4.730172,-8.846756,-6.920419,2.190246,69.397774,0.768521
5282,5.282000,-4.723691,-8.835746,-6.920419,2.196728,68.064568,0.767181
5283,5.283000,-4.718824,-8.820179,-6.920419,2.201595,66.604271,0.785311
5284,5.284000,-4.715566,-8.800167,-6.920419,2.204852,65.151016,0.767061
5285,5.285000,-4.713913,-8.775821,-6.920419,2.206505,63.153675,0.881860
5286,5.286000,-4.713855,-8.747288,-6.920419,2.206563,60.885647,0.769791
5287,5.287000,-4.715382,-8.714736,-6.920419,2.205036,58.128815,0.853540
5288,5.288000,-4.718483,-8.678362,-6.920419,2.201936,55.196354,0.775251
5289,5.289000,-4.723141,-8.638381,-6.920419,2.197278,52.825714,0.777861
5290,5.290000,-4.729342,-8.594979,-6.920419,2.191076,51.125927,0.779641
5291,5.291000,-4.737067,-8.548292,-6.920419,2.183351,49.642216,0.776901
5292,5.292000,-4.746298,-8.498427,-6.920419,2.174121,48.076164,0.757241
5293,5.293000,-4.757012,-8.445494,-6.920419,2.163406,46.480061,0.769122
5294,5.294000,-4.769187,-8.389603,-6.920419,2.151231,44.954453,0.772351
5295,5.295000,-4.782799,-8.330864,-6.920419,2.137620,43.414944,0.782251
5296,5.296000,-4.797821,-8.269383,-6.920419,2.122598,41.724174,0.778701
5297,5.297000,-4.814226,-8.205280,-6.920419,2.106193,39.992931,0.775051
5298,5.298000,-4.831984,-8.138678,-6.920419,2.088434,38.357319,0.760242
5299,5.299000,-4.851068,-8.069694,-6.920419,2.069351,36.926342,0.778081
5300,5.300000,-4.871443,-7.998436,-6.920419,2.048976,35.780285,0.767121
5301,5.301000,-4.893078,-7.924988,-6.920419,2.027341,34.467915,0.770062
5302,5.302000,-4.915938,-7.849440,-6.920419,2.004481,32.924305,0.787601
5303,5.303000,-4.939989,-7.771900,-6.920419,1.980430,31.235529,0.775411
5304,5.304000,-4.965193,-7.692482,-6.920419,1.955225,29.322170,0.764281
5305,5.305000,-4.991514,-7.611321,-6.920419,1.928904,27.500406,0.757212
5306,5.306000,-5.018914,-7.528550,-6.920419,1.901505,25.766439,0.823520
5307,5.307000,-5.047352,-7.444294,-6.920419,1.873067,23.252382,0.789061
5308,5.308000,-5.076788,-7.358720,-6.920419,1.843630,20.275623,0.775551
5309,5.309000,-5.107183,-7.272033,-6.920419,1.813236,17.828053,0.772772
5310,5.310000,-5.138492,-7.184415,-6.920419,1.781926,15.567254,0.768661
5311,5.311000,-5.170675,-7.096028,-6.920419,1.749744,13.032758,0.779361
5312,5.312000,-5.203688,-7.007045,-6.920419,1.716730,10.633633,0.767691
5313,5.313000,-5.237488,-6.917634,-6.920419,1.682931,8.040410,0.763721
5314,5.314000,-5.272030,-6.827970,-6.920419,1.648388,5.004360,0.781371
5315,5.315000,-5.307270,-6.738256,-6.920419,1.613148,1.907874,0.776991
5316,5.316000,-5.343165,-6.648705,-6.920419,1.577253,-0.283708,0.774021
5317,5.317000,-5.379669,-6.559478,-6.920419,1.540750,-2.219490,0.771612
5318,5.318000,-5.416737,-6.470708,-6.920419,1.503682,-4.330438,0.769661
5319,5.319000,-5.454324,-6.382531,-6.920419,1.466095,-5.918707,0.778781
5320,5.320000,-5.492386,-6.295055,-6.920419,1.428032,-7.346303,0.779841
5321,5.321000,-5.530878,-6.208370,-6.920419,1.389541,-8.596409,0.775001
5322,5.322000,-5.569756,-6.122557,-6.920419,1.350663,-9.751488,0.775952
5323,5.323000,-5.608974,-6.037684,-6.920419,1.311444,-10.733478,0.951459
5324,5.324000,-5.648490,-5.953814,-6.920419,1.271928,-11.492409,0.768011
5325,5.325000,-5.688259,-5.870993,-6.920419,1.232160,-12.139798,0.909150
5326,5.326000,-5.728237,-5.789259,-6.920419,1.192182,-12.718843,0.776791
5327,5.327000,-5.768381,-5.708642,-6.920419,1.152037,-13.544573,0.771211
5328,5.328000,-5.808649,-5.629190,-6.920419,1.111770,-14.189225,0.771381
5329,5.329000,-5.848998,-5.550944,-6.920419,1.071421,-14.766123,0.773662
5330,5.330000,-5.889385,-5.473939,-6.920419,1.031033,-15.594143,0.773361
5331,5.331000,-5.929770,-5.398224,-6.920419,0.990649,-16.562515,0.781651
5332,5.332000,-5.970110,-5.323861,-6.920419,0.950309,-17.483418,0.774661
5333,5.333000,-6.010365,-5.250909,-6.920419,0.910053,-18.584997,0.769382
5334,5.334000,-6.050496,-5.179440,-6.920419,0.869923,-19.948286,0.770861
5335,5.335000,-6.090462,-5.109542,-6.920419,0.829957,-21.026405,0.764331
5336,5.336000,-6.130224,-5.041290,-6.920419,0.790194,-21.972923,0.764891
5337,5.337000,-6.169745,-4.974748,-6.920419,0.750674,-22.861820,0.770231
5338,5.338000,-6.208986,-4.909973,-6.920419,0.711433,-23.705853,0.801831
5339,5.339000,-6.247911,-4.847017,-6.920419,0.672508,-24.535021,0.785421
5340,5.340000,-6.286484,-4.785930,-6.920419,0.633935,-25.248755,0.764571
5341,5.341000,-6.324669,-4.726756,-6.920419,0.595750,-25.891706,0.767091
5342,5.342000,-6.362432,-4.669532,-6.920419,0.557986,-26.479170,0.756482
5343,5.343000,-6.399740,-4.614294,-6.920419,0.520679,-27.030247,0.852160
5344,5.344000,-6.436559,-4.561070,-6.920419,0.483859,-27.616974,0.770901
5345,5.345000,-6.472858,-4.509895,-6.920419,0.447560,-28.262209,0.847691
5346,5.346000,-6.508607,-4.460803,-6.920419,0.411812,-28.914467,0.767891
5347,5.347000,-6.543774,-4.413834,-6.920419,0.376644,-29.532211,0.783701
5348,5.348000,-6.578331,-4.369025,-6.920419,0.342087,-30.091854,0.770801
5349,5.349000,-6.612251,-4.326407,-6.920419,0.308168,-30.571030,0.766232
5350,5.350000,-6.645505,-4.286009,-6.920419,0.274913,-30.975742,0.757391
5351,5.351000,-6.678069,-4.247852,-6.920419,0.242350,-31.346535,0.767011
5352,5.352000,-6.709917,-4.211953,-6.920419,0.210502,-31.672974,0.768571
5353,5.353000,-6.741025,-4.178329,-6.920419,0.179394,-31.959316,0.771702
5354,5.354000,-6.771371,-4.146991,-6.920419,0.149048,-32.207802,0.773301
5355,5.355000,-6.800932,-4.117949,-6.920419,0.119486,-32.444008,0.780061
5356,5.356000,-6.829690,-4.091212,-6.920419,0.090729,-32.674767,0.772631
5357,5.357000,-6.857623,-4.066789,-6.920419,0.062795,-32.898922,0.763581
5358,5.358000,-6.884714,-4.044688,-6.920419,0.035704,-33.082111,0.757702
5359,5.359000,-6.910945,-4.024914,-6.920419,0.009473,-33.381126,0.774661
5360,5.360000,-6.936301,-4.007479,-6.920419,-0.015882,-33.935253,0.779751
5361,5.361000,-6.960766,-3.992413,-6.920419,-0.040347,-34.499439,0.779891
5362,5.362000,-6.984326,-3.979748,-6.920419,-0.063908,-34.947277,0.762032
5363,5.363000,-7.006970,-3.969511,-6.920419,-0.086551,-35.345791,0.762051
5364,5.364000,-7.028685,-3.961725,-6.920419,-0.108267,-35.680229,0.825291
5365,5.365000,-7.049462,-3.956407,-6.920419,-0.129044,-35.984379,0.768161
5366,5.366000,-7.069291,-3.953570,-6.920419,-0.148873,-36.185825,0.779181
5367,5.367000,-7.088165,-3.953221,-6.920419,-0.167747,-36.312920,0.782391
5368,5.368000,-7.106078,-3.955363,-6.920419,-0.185659,-36.362446,0.767311
5369,5.369000,-7.123023,-3.959990,-6.920419,-0.202605,-36.373905,0.770111
5370,5.370000,-7.138997,-3.967095,-6.920419,-0.218579,-36.306477,0.765311
5371,5.371000,-7.153998,-3.976666,-6.920419,-0.233579,-36.118332,0.768452
5372,5.372000,-7.168022,-3.988684,-6.920419,-0.247604,-35.830868,0.789691
5373,5.373000,-7.181071,-4.003119,-6.920419,-0.260653,-35.421551,0.772831
5374,5.374000,-7.193145,-4.019938,-6.920419,-0.272727,-34.861370,0.774741
5375,5.375000,-7.204246,-4.039094,-6.920419,-0.283828,-34.172665,0.774481
5376,5.376000,-7.214377,-4.060532,-6.920419,-0.293959,-33.376194,0.772682
5377,5.377000,-7.223542,-4.084191,-6.920419,-0.303124,-32.562019,0.773661
5378,5.378000,-7.231748,-4.110005,-6.920419,-0.311329,-32.002472,0.768221
5379,5.379000,-7.239001,-4.137925,-6.920419,-0.318582,-31.505259,0.778811
5380,5.380000,-7.245307,-4.167911,-6.920419,-0.324888,-30.914150,0.774371
5381,5.381000,-7.250677,-4.199917,-6.920419,-0.330258,-30.410681,0.950339
5382,5.382000,-7.255119,-4.233903,-6.920419,-0.334701,-29.988895,0.776581
5383,5.383000,-7.258645,-4.269836,-6.920419,-0.338227,-29.603786,0.905620
5384,5.384000,-7.261267,-4.307685,-6.920419,-0.340849,-29.142696,0.779351
5385,5.385000,-7.262998,-4.347415,-6.920419,-0.342579,-28.504490,0.771961
5386,5.386000,-7.263851,-4.388981,-6.920419,-0.343432,-27.959023,0.765441
5387,5.387000,-7.263841,-4.432337,-6.920419,-0.343423,-27.333094,0.760402
5388,5.388000,-7.262984,-4.477440,-6.920419,-0.342566,-26.604336,0.771651
5389,5.389000,-7.261297,-4.524232,-6.920419,-0.340879,-25.739494,0.774901
5390,5.390000,-7.258797,-4.572654,-6.920419,-0.338379,-24.566671,0.776012
5391,5.391000,-7.255502,-4.622620,-6.920419,-0.335084,-22.860542,0.778061
5392,5.392000,-7.251433,-4.674015,-6.920419,-0.331015,-21.167805,0.776801
5393,5.393000,-7.246610,-4.726713,-6.920419,-0.326191,-19.901545,0.760061
5394,5.394000,-7.241051,-4.780614,-6.920419,-0.320632,-18.722403,0.766391
5395,5.395000,-7.234780,-4.835631,-6.920419,-0.314361,-17.620451,0.776931
5396,5.396000,-7.227818,-4.891685,-6.920419,-0.307399,-17.084297,0.777801
5397,5.397000,-7.220189,-4.948733,-6.920419,-0.299770,-16.530983,0.774811
5398,5.398000,-7.211915,-5.006738,-6.920419,-0.291496,-15.916512,0.786941
5399,5.399000,-7.203020,-5.065661,-6.920419,-0.282602,-15.252605,0.770101
5400,5.400000,-7.193530,-5.125459,-6.920419,-0.273111,-14.488317,0.762132
5401,5.401000,-7.183468,-5.186081,-6.920419,-0.263049,-13.651165,0.860380
5402,5.402000,-7.172860,-5.247469,-6.920419,-0.252441,-12.750702,0.782111
5403,5.403000,-7.161733,-5.309561,-6.920419,-0.241314,-11.629546,0.862370
5404,5.404000,-7.150112,-5.372280,-6.920419,-0.229693,-10.428945,0.765922
5405,5.405000,-7.138024,-5.435542,-6.920419,-0.217606,-9.368932,0.773481
5406,5.406000,-7.125497,-5.499270,-6.920419,-0.205078,-8.337764,0.790901
5407,5.407000,-7.112557,-5.563389,-6.920419,-0.192138,-7.121586,0.786291
5408,5.408000,-7.099233,-5.627819,-6.920419,-0.178814,-5.820681,0.764191
5409,5.409000,-7.085552,-5.692469,-6.920419,-0.165133,-4.509156,0.757282
5410,5.410000,-7.071543,-5.757249,-6.920419,-0.151124,-3.167879,0.766761
5411,5.411000,-7.057234,-5.822066,-6.920419,-0.136815,-1.811324,0.779591
5412,5.412000,-7.042652,-5.886827,-6.920419,-0.122234,-0.277872,0.774411
5413,5.413000,-7.027828,-5.951429,-6.920419,-0.107409,1.448805,0.778681
5414,5.414000,-7.012789,-6.015754,-6.920419,-0.092370,3.443513,0.771371
5415,5.415000,-6.997563,-6.079670,-6.920419,-0.077144,5.345443,0.783011
5416,5.416000,-6.982180,-6.143044,-6.920419,-0.061761,7.276400,0.763341
5417,5.417000,-6.966667,-6.205742,-6.920419,-0.046248,8.971318,0.761802
5418,5.418000,-6.951052,-6.267646,-6.920419,-0.030633,10.440011,0.788581
5419,5.419000,-6.935363,-6.328658,-6.920419,-0.014945,11.938113,0.778781
5420,5.420000,-6.919629,-6.388678,-6.920419,0.000790,13.161008,0.772541
5421,5.421000,-6.903875,-6.447626,-6.920419,0.016544,14.339037,0.773251
5422,5.422000,-6.888129,-6.505426,-6.920419,0.032290,15.385129,0.794631
5423,5.423000,-6.872416,-6.562015,-6.920419,0.048002,16.334875,0.760582
5424,5.424000,-6.856764,-6.617331,-6.920419,0.063655,17.096590,0.779451
5425,5.425000,-6.841196,-6.671329,-6.920419,0.079222,18.040462,0.770311
5426,5.426000,-6.825740,-6.723953,-6.920419,0.094679,19.087814,0.775961
5427,5.427000,-6.810417,-6.775140,-6.920419,0.110001,20.035252,0.771141
5428,5.428000,-6.795253,-6.824827,-6.920419,0.125165,21.166563,0.771181
5429,5.429000,-6.780270,-6.872946,-6.920419,0.140148,22.453941,0.757911
5430,5.430000,-6.765492,-6.919413,-6.920419,0.154927,23.664436,0.794931
5431,5.431000,-6.750939,-6.964149,-6.920419,0.169479,24.688210,0.773591
5432,5.432000,-6.736634,-7.007085,-6.920419,0.183784,25.673145,0.777901
5433,5.433000,-6.722597,-7.048159,-6.920419,0.197822,26.581520,0.772561
5434,5.434000,-6.708847,-7.087313,-6.920419,0.211572,27.224789,0.768111
5435,5.435000,-6.695402,-7.124507,-6.920419,0.225016,27.770084,0.768201
5436,5.436000,-6.682283,-7.159712,-6.920419,0.238136,28.211266,0.766932
5437,5.437000,-6.669505,-7.192903,-6.920419,0.250914,28.573322,0.782711
5438,5.438000,-6.657084,-7.224063,-6.920419,0.263334,28.874662,0.778311
5439,5.439000,-6.645038,-7.253182,-6.920419,0.275381,29.215181,0.948709
5440,5.440000,-6.633379,-7.280242,-6.920419,0.287040,29.758799,0.770441
5441,5.441000,-6.622122,-7.305218,-6.920419,0.298296,30.245743,0.901689
5442,5.442000,-6.611281,-7.328079,-6.920419,0.309138,30.741631,0.795441
5443,5.443000,-6.600866,-7.348800,-6.920419,0.319553,31.152973,0.781631
5444,5.444000,-6.590889,-7.367355,-6.920419,0.329530,31.447598,0.771462
5445,5.445000,-6.581359,-7.383729,-6.920419,0.339059,31.406143,0.762771
5446,5.446000,-6.572288,-7.397927,-6.920419,0.348131,31.148340,0.772751
5447,5.447000,-6.563681,-7.409973,-6.920419,0.356737,30.913664,0.772031
5448,5.448000,-6.555547,-7.419891,-6.920419,0.364871,30.763090,0.784941
5449,5.449000,-6.547892,-7.427704,-6.920419,0.372526,30.444416,0.789121
5450,5.450000,-6.540722,-7.433437,-6.920419,0.379696,29.907518,0.772851
5451,5.451000,-6.534041,-7.437133,-6.920419,0.386377,29.170507,0.769041
5452,5.452000,-6.527853,-7.438846,-6.920419,0.392566,28.531620,0.759221
5453,5.453000,-6.522159,-7.438630,-6.920419,0.398259,27.892288,0.769922
5454,5.454000,-6.516963,-7.436537,-6.920419,0.403455,27.282845,0.788501
5455,5.455000,-6.512265,-7.432613,-6.920419,0.408153,26.491285,0.778651
5456,5.456000,-6.508065,-7.426916,-6.920419,0.412353,25.663033,0.770571
5457,5.457000,-6.504364,-7.419509,-6.920419,0.416055,24.864935,0.767811
5458,5.458000,-6.501158,-7.410450,-6.920419,0.419260,24.007217,0.779451
5459,5.459000,-6.498446,-7.399803,-6.920419,0.421972,23.022655,0.847320
5460,5.460000,-6.496226,-7.387638,-6.920419,0.424192,21.875919,0.773821
5461,5.461000,-6.494493,-7.374036,-6.920419,0.425925,20.822084,0.861210
5462,5.462000,-6.493243,-7.359075,-6.920419,0.427175,20.175640,0.767191
5463,5.463000,-6.492471,-7.342808,-6.920419,0.427947,19.559000,0.773701
5464,5.464000,-6.492172,-7.325279,-6.920419,0.428247,18.899574,0.772041
5465,5.465000,-6.492338,-7.306533,-6.920419,0.428080,18.144932,0.781271
5466,5.466000,-6.492964,-7.286622,-6.920419,0.427455,17.277557,0.783351
5467,5.467000,-6.494042,-7.265605,-6.920419,0.426377,16.475517,0.765841
5468,5.468000,-6.495563,-7.243539,-6.920419,0.424855,15.889565,0.766831
5469,5.469000,-6.497520,-7.220470,-6.920419,0.422898,15.253627,0.764332
5470,5.470000,-6.499903,-7.196442,-6.920419,0.420516,14.584868,0.763791
5471,5.471000,-6.502703,-7.171501,-6.920419,0.417716,13.879657,0.793511
5472,5.472000,-6.505908,-7.145694,-6.920419,0.414510,13.085008,0.780611
5473,5.473000,-6.509511,-7.119079,-6.920419,0.410908,12.195004,0.766462
5474,5.474000,-6.513498,-7.091716,-6.920419,0.406920,11.263188,0.764191
5475,5.475000,-6.517860,-7.063670,-6.920419,0.402558,10.421004,0.770161
5476,5.476000,-6.522584,-7.035003,-6.920419,0.397834,9.648192,0.782311
5477,5.477000,-6.527658,-7.005771,-6.920419,0.392760,8.842487,0.776641
5478,5.478000,-6.533070,-6.976029,-6.920419,0.387348,7.999674,0.777782
5479,5.479000,-6.538808,-6.945834,-6.920419,0.381610,7.161209,0.766261
5480,5.480000,-6.544858,-6.915244,-6.920419,0.375561,6.259747,0.785221
5481,5.481000,-6.551207,-6.884322,-6.920419,0.369212,5.221254,0.760651
5482,5.482000,-6.557842,-6.853137,-6.920419,0.362577,4.279860,0.770542
5483,5.483000,-6.564749,-6.821756,-6.920419,0.355670,3.479321,0.779231
5484,5.484000,-6.571914,-6.790235,-6.920419,0.348504,2.699563,0.780741
5485,5.485000,-6.579324,-6.758629,-6.920419,0.341094,1.995333,0.782511
5486,5.486000,-6.586965,-6.726984,-6.920419,0.333454,1.397834,0.806801
5487,5.487000,-6.594822,-6.695342,-6.920419,0.325596,0.804282,0.763121
5488,5.488000,-6.602881,-6.663741,-6.920419,0.317537,0.271907,0.766112
5489,5.489000,-6.611129,-6.632216,-6.920419,0.309289,-0.266762,0.770731
5490,5.490000,-6.619550,-6.600802,-6.920419,0.300868,-0.817224,0.777121
5491,5.491000,-6.628132,-6.569533,-6.920419,0.292287,-1.308232,0.778071
5492,5.492000,-6.636858,-6.538444,-6.920419,0.283560,-1.784940,0.769021
5493,5.493000,-6.645715,-6.507566,-6.920419,0.274703,-2.253260,0.768141
5494,5.494000,-6.654690,-6.476928,-6.920419,0.265729,-2.704447,0.764021
5495,5.495000,-6.663766,-6.446560,-6.920419,0.256652,-3.189425,0.763751
5496,5.496000,-6.672932,-6.416494,-6.920419,0.247487,-3.723287,0.781711
5497,5.497000,-6.682171,-6.386764,-6.920419,0.238247,-4.192350,0.936369
5498,5.498000,-6.691472,-6.357403,-6.920419,0.228947,-4.627314,0.768031
5499,5.499000,-6.700819,-6.328438,-6.920419,0.219600,-5.037438,0.896690
5500,5.500000,-6.710199,-6.299897,-6.920419,0.210220,-5.425119,0.777331
5501,5.501000,-6.719599,-6.271805,-6.920419,0.200820,-5.787905,0.784811
5502,5.502000,-6.729005,-6.244185,-6.920419,0.191414,-6.092503,0.778811
5503,5.503000,-6.738403,-6.217057,-6.920419,0.182016,-6.345619,0.758282
5504,5.504000,-6.747781,-6.190435,-6.920419,0.172637,-6.589779,0.773251
5505,5.505000,-6.757127,-6.164336,-6.920419,0.163292,-6.827938,0.768221
5506,5.506000,-6.766426,-6.138771,-6.920419,0.153992,-7.060466,0.772012
5507,5.507000,-6.775668,-6.113757,-6.920419,0.144751,-7.286826,0.784541
5508,5.508000,-6.784839,-6.089304,-6.920419,0.135580,-7.512588,0.770161
5509,5.509000,-6.793928,-6.065428,-6.920419,0.126491,-7.727531,0.763751
5510,5.510000,-6.802922,-6.042140,-6.920419,0.117496,-7.916553,0.755322
5511,5.511000,-6.811811,-6.019454,-6.920419,0.108607,-8.099688,0.769721
5512,5.512000,-6.820583,-5.997378,-6.920419,0.099835,-8.276584,0.774101
5513,5.513000,-6.829227,-5.975923,-6.920419,0.091191,-8.448005,0.785141
5514,5.514000,-6.837733,-5.955100,-6.920419,0.082685,-8.615689,0.780332
5515,5.515000,-6.846089,-5.934917,-6.920419,0.074329,-8.824091,0.771251
5516,5.516000,-6.854287,-5.915386,-6.920419,0.066132,-9.028682,0.760541
5517,5.517000,-6.862315,-5.896520,-6.920419,0.058104,-9.215569,0.849211
5518,5.518000,-6.870164,-5.878330,-6.920419,0.050254,-9.393785,0.779181
5519,5.519000,-6.877826,-5.860826,-6.920419,0.042593,-9.567739,0.865970
5520,5.520000,-6.885290,-5.844019,-6.920419,0.035128,-9.771662,0.771201
5521,5.521000,-6.892549,-5.827920,-6.920419,0.027869,-9.960029,0.777591
5522,5.522000,-6.899595,-5.812539,-6.920419,0.020824,-10.126770,0.766552
5523,5.523000,-6.906418,-5.797888,-6.920419,0.014001,-10.275197,0.774171
5524,5.524000,-6.913012,-5.783974,-6.920419,0.007407,-10.409339,0.775191
5525,5.525000,-6.919368,-5.770804,-6.920419,0.001050,-10.530236,0.775811
5526,5.526000,-6.925482,-5.758384,-6.920419,-0.005063,-10.673987,0.783911
5527,5.527000,-6.931345,-5.746721,-6.920419,-0.010926,-10.829610,0.777101
5528,5.528000,-6.936951,-5.735824,-6.920419,-0.016532,-10.988973,0.772702
5529,5.529000,-6.942295,-5.725701,-6.920419,-0.021877,-11.165323,0.773331
5530,5.530000,-6.947371,-5.716362,-6.920419,-0.026953,-11.423392,0.779531
5531,5.531000,-6.952175,-5.707822,-6.920419,-0.031756,-11.658296,0.767061
5532,5.532000,-6.956700,-5.700095,-6.920419,-0.036282,-11.844213,0.770352
5533,5.533000,-6.960943,-5.693193,-6.920419,-0.040525,-11.982690,0.782461
5534,5.534000,-6.964901,-5.687123,-6.920419,-0.044482,-12.078426,0.778921
5535,5.535000,-6.968568,-5.681890,-6.920419,-0.048150,-12.136298,0.780431
5536,5.536000,-6.971943,-5.677496,-6.920419,-0.051525,-12.244767,0.771271
5537,5.537000,-6.975023,-5.673944,-6.920419,-0.054604,-12.336072,0.777321
5538,5.538000,-6.977805,-5.671238,-6.920419,-0.057386,-12.397827,0.786951
5539,5.539000,-6.980287,-5.669379,-6.920419,-0.059868,-12.502830,0.765811
5540,5.540000,-6.982468,-5.668372,-6.920419,-0.062049,-12.601803,0.770851
5541,5.541000,-6.984347,-5.668222,-6.920419,-0.063928,-12.750571,0.776431
5542,5.542000,-6.985922,-5.668934,-6.920419,-0.065504,-12.867882,0.791911
5543,5.543000,-6.987194,-5.670516,-6.920419,-0.066776,-12.971028,0.784851
5544,5.544000,-6.988163,-5.672972,-6.920419,-0.067745,-13.093967,0.763641
5545,5.545000,-6.988830,-5.676308,-6.920419,-0.068411,-13.181376,0.754971
5546,5.546000,-6.989195,-5.680529,-6.920419,-0.068776,-13.233127,0.762282
5547,5.547000,-6.989260,-5.685635,-6.920419,-0.068841,-13.310170,0.769211
5548,5.548000,-6.989026,-5.691630,-6.920419,-0.068608,-13.399567,0.779281
5549,5.549000,-6.988496,-5.698515,-6.920419,-0.068078,-13.508436,0.804721
5550,5.550000,-6.987673,-5.706296,-6.920419,-0.067254,-13.575634,0.767491
5551,5.551000,-6.986560,-5.714976,-6.920419,-0.066141,-13.636479,0.774132
5552,5.552000,-6.985159,-5.724557,-6.920419,-0.064741,-13.652617,0.758771
5553,5.553000,-6.983477,-5.735036,-6.920419,-0.063058,-13.624902,0.761401
5554,5.554000,-6.981515,-5.746411,-6.920419,-0.061096,-13.554511,0.778891
5555,5.555000,-6.979280,-5.758674,-6.920419,-0.058861,-13.442431,0.949260
5556,5.556000,-6.976776,-5.771815,-6.920419,-0.056358,-13.291717,0.771071
5557,5.557000,-6.974010,-5.785820,-6.920419,-0.053591,-13.101893,0.901060
5558,5.558000,-6.970987,-5.800674,-6.920419,-0.050568,-12.792606,0.769061
5559,5.559000,-6.967713,-5.816355,-6.920419,-0.047295,-12.376932,0.781861
5560,5.560000,-6.964197,-5.832830,-6.920419,-0.043778,-11.882016,0.772121
5561,5.561000,-6.960443,-5.850064,-6.920419,-0.040025,-11.313387,0.766871
5562,5.562000,-6.956461,-5.868015,-6.920419,-0.036042,-10.719086,0.764861
5563,5.563000,-6.952258,-5.886639,-6.920419,-0.031840,-10.117391,0.770431
5564,5.564000,-6.947842,-5.905891,-6.920419,-0.027424,-9.646861,0.767622
5565,5.565000,-6.943222,-5.925735,-6.920419,-0.022804,-9.148929,0.774341
5566,5.566000,-6.938407,-5.946136,-6.920419,-0.017988,-8.619693,0.770691
5567,5.567000,-6.933405,-5.967056,-6.920419,-0.012986,-8.025832,0.759041
5568,5.568000,-6.928226,-5.988456,-6.920419,-0.007807,-7.336592,0.751532
5569,5.569000,-6.922880,-6.010287,-6.920419,-0.002461,-6.617941,0.780351
5570,5.570000,-6.917375,-6.032500,-6.920419,0.003044,-5.854436,0.784771
5571,5.571000,-6.911722,-6.055041,-6.920419,0.008696,-5.082807,0.788361
5572,5.572000,-6.905933,-6.077857,-6.920419,0.014486,-4.310950,0.776471
5573,5.573000,-6.900015,-6.100892,-6.920419,0.020404,-3.537109,0.772311
5574,5.574000,-6.893980,-6.124094,-6.920419,0.026438,-2.740462,0.760692
5575,5.575000,-6.887839,-6.147408,-6.920419,0.032580,-1.927418,0.853230
5576,5.576000,-6.881601,-6.170779,-6.920419,0.038818,-1.134181,0.760701
5577,5.577000,-6.875278,-6.194152,-6.920419,0.045141,-0.367897,0.858880
5578,5.578000,-6.868880,-6.217474,-6.920419,0.051538,0.453419,0.780321
5579,5.579000,-6.862418,-6.240692,-6.920419,0.058001,1.266319,0.772261
5580,5.580000,-6.855902,-6.263749,-6.920419,0.064516,2.191639,0.765211
5581,5.581000,-6.849343,-6.286586,-6.920419,0.071075,3.083433,0.768441
5582,5.582000,-6.842752,-6.309141,-6.920419,0.077667,4.034767,0.757161
5583,5.583000,-6.836139,-6.331351,-6.920419,0.084280,4.907283,0.769801
5584,5.584000,-6.829514,-6.353156,-6.920419,0.090905,5.661515,0.775411
5585,5.585000,-6.822887,-6.374505,-6.920419,0.097531,6.289458,0.770482
5586,5.586000,-6.816269,-6.395355,-6.920419,0.104149,6.855890,0.772631
5587,5.587000,-6.809669,-6.415670,-6.920419,0.110749,7.363681,0.767901
5588,5.588000,-6.803097,-6.435420,-6.920419,0.117321,7.669509,0.768822
5589,5.589000,-6.796563,-6.454583,-6.920419,0.123856,7.925775,0.762871
5590,5.590000,-6.790075,-6.473148,-6.920419,0.130344,8.157887,0.773541
5591,5.591000,-6.783642,-6.491101,-6.920419,0.136777,8.386849,0.785401
5592,5.592000,-6.777273,-6.508433,-6.920419,0.143145,8.612594,0.776841
5593,5.593000,-6.770977,-6.525129,-6.920419,0.149441,8.832946,0.776852
5594,5.594000,-6.764762,-6.541180,-6.920419,0.155657,9.045878,0.774481
5595,5.595000,-6.758636,-6.556573,-6.920419,0.161783,9.255204,0.776411
5596,5.596000,-6.752605,-6.571296,-6.920419,0.167813,9.450964,0.775711
5597,5.597000,-6.746679,-6.585337,-6.920419,0.173739,9.633069,0.767681
5598,5.598000,-6.740864,-6.598686,-6.920419,0.179555,9.797821,0.765661
5599,5.599000,-6.735166,-6.611335,-6.920419,0.185252,9.948323,0.773361
5600,5.600000,-6.729593,-6.623274,-6.920419,0.190826,10.085744,0.767001
5601,5.601000,-6.724150,-6.634497,-6.920419,0.196268,10.211992,0.771472
5602,5.602000,-6.718843,-6.644996,-6.920419,0.201575,10.323010,0.770531
5603,5.603000,-6.713679,-6.654768,-6.920419,0.206740,10.395296,0.766681
5604,5.604000,-6.708662,-6.663807,-6.920419,0.211756,10.423234,0.770091
5605,5.605000,-6.703797,-6.672115,-6.920419,0.216621,10.433064,0.775982
5606,5.606000,-6.699089,-6.679692,-6.920419,0.221329,10.427593,0.778691
5607,5.607000,-6.694543,-6.686543,-6.920419,0.225876,10.404261,0.773671
5608,5.608000,-6.690162,-6.692669,-6.920419,0.230257,10.361519,0.788821
5609,5.609000,-6.685950,-6.698078,-6.920419,0.234469,10.310923,0.758461
5610,5.610000,-6.681910,-6.702774,-6.920419,0.238508,10.252277,0.758522
5611,5.611000,-6.678046,-6.706763,-6.920419,0.242372,10.184905,0.774661
5612,5.612000,-6.674361,-6.710052,-6.920419,0.246058,10.106773,0.784221
5613,5.613000,-6.670855,-6.712649,-6.920419,0.249563,10.017883,0.788471
5614,5.614000,-6.667533,-6.714561,-6.920419,0.252885,9.911761,0.875420
5615,5.615000,-6.664396,-6.715798,-6.920419,0.256023,9.758248,0.970539
5616,5.616000,-6.661445,-6.716370,-6.920419,0.258974,9.577046,0.786541
5617,5.617000,-6.658681,-6.716293,-6.920419,0.261738,9.368070,0.770541
5618,5.618000,-6.656106,-6.715583,-6.920419,0.264313,9.156299,0.775661
5619,5.619000,-6.653719,-6.714255,-6.920419,0.266700,8.943535,0.772021
5620,5.620000,-6.651522,-6.712328,-6.920419,0.268897,8.734458,0.774771
5621,5.621000,-6.649514,-6.709816,-6.920419,0.270905,8.542403,0.764981
5622,5.622000,-6.647695,-6.706735,-6.920419,0.272724,8.362473,0.766622
5623,5.623000,-6.646064,-6.703098,-6.920419,0.274354,8.176821,0.775361
5624,5.624000,-6.644622,-6.698920,-6.920419,0.275797,7.983044,0.779881
5625,5.625000,-6.643366,-6.694215,-6.920419,0.277053,7.775746,0.768031
5626,5.626000,-6.642296,-6.688997,-6.920419,0.278123,7.556662,0.770692
5627,5.627000,-6.641409,-6.683283,-6.920419,0.279009,7.277823,0.770761
5628,5.628000,-6.640705,-6.677093,-6.920419,0.279713,6.970910,0.789221
5629,5.629000,-6.640181,-6.670449,-6.920419,0.280238,6.667839,0.770311
5630,5.630000,-6.639835,-6.663372,-6.920419,0.280584,6.372532,0.801121
5631,5.631000,-6.639664,-6.655885,-6.920419,0.280754,6.084773,0.778331
5632,5.632000,-6.639666,-6.648009,-6.920419,0.280752,5.803925,0.763821
5633,5.633000,-6.639838,-6.639764,-6.920419,0.280580,5.529223,0.841461
5634,5.634000,-6.640177,-6.631170,-6.920419,0.280241,5.276527,0.766651
5635,5.635000,-6.640680,-6.622245,-6.920419,0.279739,5.045863,0.854480
5636,5.636000,-6.641343,-6.613005,-6.920419,0.279076,4.835431,0.785701
5637,5.637000,-6.642162,-6.603465,-6.920419,0.278256,4.622292,0.774671
5638,5.638000,-6.643135,-6.593641,-6.920419,0.277284,4.403265,0.770851
5639,5.639000,-6.644256,-6.583546,-6.920419,0.276163,4.194097,0.770091
5640,5.640000,-6.645522,-6.573197,-6.920419,0.274897,3.995460,0.763851
5641,5.641000,-6.646929,-6.562607,-6.920419,0.273490,3.790717,0.764052
5642,5.642000,-6.648472,-6.551789,-6.920419,0.271946,3.579247,0.775031
5643,5.643000,-6.650148,-6.540760,-6.920419,0.270271,3.361563,0.790081
5644,5.644000,-6.651951,-6.529534,-6.920419,0.268468,3.138630,0.769371
5645,5.645000,-6.653876,-6.518126,-6.920419,0.266543,2.905740,0.767692
5646,5.646000,-6.655919,-6.506553,-6.920419,0.264499,2.664800,0.764081
5647,5.647000,-6.658076,-6.494832,-6.920419,0.262343,2.422241,0.785311
5648,5.648000,-6.660340,-6.482979,-6.920419,0.260079,2.179270,0.781901
5649,5.649000,-6.662707,-6.471011,-6.920419,0.257711,1.936499,0.769541
5650,5.650000,-6.665172,-6.458947,-6.920419,0.255246,1.694345,0.771142
5651,5.651000,-6.667730,-6.446801,-6.920419,0.252689,1.442293,0.768281
5652,5.652000,-6.670375,-6.434592,-6.920419,0.250044,1.208348,0.774871
5653,5.653000,-6.673102,-6.422335,-6.920419,0.247317,1.006903,0.789631
5654,5.654000,-6.675905,-6.410045,-6.920419,0.244514,0.804429,0.777801
5655,5.655000,-6.678779,-6.397737,-6.920419,0.241639,0.598987,0.772502
5656,5.656000,-6.681720,-6.385421,-6.920419,0.238699,0.390570,0.767701
5657,5.657000,-6.684720,-6.373115,-6.920419,0.235698,0.191753,0.767571
5658,5.658000,-6.687775,-6.360829,-6.920419,0.232644,0.006942,0.770121
5659,5.659000,-6.690879,-6.348578,-6.920419,0.229539,-0.180439,0.766601
5660,5.660000,-6.694028,-6.336372,-6.920419,0.226391,-0.370873,0.783341
5661,5.661000,-6.697214,-6.324227,-6.920419,0.223205,-0.562948,0.775361
5662,5.662000,-6.700433,-6.312152,-6.920419,0.219985,-0.756534,0.770601
5663,5.663000,-6.703679,-6.300163,-6.920419,0.216739,-0.950751,0.763341
5664,5.664000,-6.706947,-6.288271,-6.920419,0.213472,-1.144875,0.773691
5665,5.665000,-6.710231,-6.276489,-6.920419,0.210187,-1.338243,0.770701
5666,5.666000,-6.713527,-6.264831,-6.920419,0.206892,-1.530213,0.780181
5667,5.667000,-6.716828,-6.253309,-6.920419,0.203591,-1.720207,0.785980
5668,5.668000,-6.720129,-6.241935,-6.920419,0.200289,-1.903848,0.760571
5669,5.669000,-6.723425,-6.230722,-6.920419,0.196993,-2.075838,0.773721
5670,5.670000,-6.726711,-6.219681,-6.920419,0.193707,-2.250331,0.772521
5671,5.671000,-6.729982,-6.208824,-6.920419,0.190436,-2.429111,0.956119
5672,5.672000,-6.733233,-6.198161,-6.920419,0.187186,-2.604745,0.774361
5673,5.673000,-6.736458,-6.187704,-6.920419,0.183960,-2.774577,0.894900
5674,5.674000,-6.739653,-6.177464,-6.920419,0.180766,-2.963306,0.783001
5675,5.675000,-6.742813,-6.167453,-6.920419,0.177605,-3.151534,0.769051
5676,5.676000,-6.745933,-6.157683,-6.920419,0.174485,-3.353643,0.772661
5677,5.677000,-6.749009,-6.148168,-6.920419,0.171410,-3.546915,0.768961
5678,5.678000,-6.752036,-6.138919,-6.920419,0.168383,-3.729775,0.782951
5679,5.679000,-6.755010,-6.129949,-6.920419,0.165408,-3.902090,0.767531
5680,5.680000,-6.757927,-6.121269,-6.920419,0.162492,-4.064400,0.770361
5681,5.681000,-6.760781,-6.112889,-6.920419,0.159637,-4.219300,0.764491
5682,5.682000,-6.763570,-6.104819,-6.920419,0.156848,-4.365284,0.769711
5683,5.683000,-6.766290,-6.097067,-6.920419,0.154129,-4.502476,0.774311
5684,5.684000,-6.768936,-6.089643,-6.920419,0.151482,-4.630354,0.775011
5685,5.685000,-6.771505,-6.082552,-6.920419,0.148913,-4.748650,0.768031
5686,5.686000,-6.773995,-6.075804,-6.920419,0.146424,-4.856567,0.766272
5687,5.687000,-6.776401,-6.069404,-6.920419,0.144018,-4.965700,0.773861
5688,5.688000,-6.778719,-6.063357,-6.920419,0.141700,-5.076455,0.775491
5689,5.689000,-6.780948,-6.057672,-6.920419,0.139470,-5.194587,0.787141
5690,5.690000,-6.783085,-6.052353,-6.920419,0.137334,-5.299851,0.768462
5691,5.691000,-6.785126,-6.047409,-6.920419,0.135292,-5.391276,0.851900
5692,5.692000,-6.787070,-6.042843,-6.920419,0.133349,-5.470087,0.767691
5693,5.693000,-6.788913,-6.038659,-6.920419,0.131505,-5.536612,0.852380
5694,5.694000,-6.790655,-6.034863,-6.920419,0.129764,-5.592681,0.775631
5695,5.695000,-6.792292,-6.031456,-6.920419,0.128126,-5.637189,0.786991
5696,5.696000,-6.793824,-6.028440,-6.920419,0.126595,-5.670287,0.779031
5697,5.697000,-6.795248,-6.025817,-6.920419,0.125171,-5.692384,0.765771
5698,5.698000,-6.796562,-6.023585,-6.920419,0.123856,-5.711004,0.756522
5699,5.699000,-6.797767,-6.021746,-6.920419,0.122651,-5.724697,0.760591
5700,5.700000,-6.798860,-6.020299,-6.920419,0.121558,-5.727449,0.767431
5701,5.701000,-6.799841,-6.019243,-6.920419,0.120577,-5.719116,0.781821
5702,5.702000,-6.800710,-6.018577,-6.920419,0.119709,-5.700067,0.783191
5703,5.703000,-6.801464,-6.018297,-6.920419,0.118954,-5.680549,0.761081
5704,5.704000,-6.802106,-6.018402,-6.920419,0.118313,-5.651587,0.767031
5705,5.705000,-6.802632,-6.018889,-6.920419,0.117786,-5.612028,0.755342
5706,5.706000,-6.803046,-6.019753,-6.920419,0.117373,-5.562105,0.770821
5707,5.707000,-6.803344,-6.020989,-6.920419,0.117074,-5.502202,0.792251
5708,5.708000,-6.803530,-6.022594,-6.920419,0.116888,-5.431350,0.786751
5709,5.709000,-6.803603,-6.024562,-6.920419,0.116815,-5.349257,0.763791
5710,5.710000,-6.803563,-6.026884,-6.920419,0.116855,-5.258356,0.778041
5711,5.711000,-6.803413,-6.029555,-6.920419,0.117006,-5.159792,0.758671
5712,5.712000,-6.803151,-6.032566,-6.920419,0.117267,-5.060382,0.839731
5713,5.713000,-6.802781,-6.035909,-6.920419,0.117638,-4.968678,0.768431
5714,5.714000,-6.802302,-6.039579,-6.920419,0.118116,-4.867554,0.782441
5715,5.715000,-6.801718,-6.043565,-6.920419,0.118701,-4.756547,0.768021
5716,5.716000,-6.801029,-6.047861,-6.920419,0.119390,-4.636138,0.772161
5717,5.717000,-6.800236,-6.052456,-6.920419,0.120183,-4.506833,0.766512
5718,5.718000,-6.799343,-6.057343,-6.920419,0.121076,-4.369417,0.773191
5719,5.719000,-6.798351,-6.062510,-6.920419,0.122068,-4.224992,0.766931
5720,5.720000,-6.797262,-6.067947,-6.920419,0.123157,-4.082979,0.773001
5721,5.721000,-6.796078,-6.073643,-6.920419,0.124340,-3.927597,0.762792
5722,5.722000,-6.794803,-6.079588,-6.920419,0.125615,-3.746627,0.769591
5723,5.723000,-6.793439,-6.085768,-6.920419,0.126980,-3.553086,0.777751
5724,5.724000,-6.791988,-6.092169,-6.920419,0.128431,-3.357385,0.776222
5725,5.725000,-6.790453,-6.098778,-6.920419,0.129965,-3.159925,0.773221
5726,5.726000,-6.788838,-6.105580,-6.920419,0.131581,-2.962607,0.760891
5727,5.727000,-6.787144,-6.112562,-6.920419,0.133274,-2.764098,0.774691
5728,5.728000,-6.785376,-6.119708,-6.920419,0.135042,-2.564472,0.778541
5729,5.729000,-6.783537,-6.127006,-6.920419,0.136882,-2.363894,0.771202
5730,5.730000,-6.781630,-6.134440,-6.920419,0.138789,-2.161183,0.869620
5731,5.731000,-6.779657,-6.141999,-6.920419,0.140762,-1.946191,0.978899
5732,5.732000,-6.777623,-6.149665,-6.920419,0.142796,-1.732483,0.778221
5733,5.733000,-6.775531,-6.157424,-6.920419,0.144888,-1.521195,0.773301
5734,5.734000,-6.773384,-6.165262,-6.920419,0.147034,-1.311905,0.759431
5735,5.735000,-6.771187,-6.173164,-6.920419,0.149232,-1.104691,0.766232
5736,5.736000,-6.768942,-6.181117,-6.920419,0.151476,-0.899654,0.790721
5737,5.737000,-6.766654,-6.189106,-6.920419,0.153764,-0.696886,0.779071
5738,5.738000,-6.764326,-6.197117,-6.920419,0.156092,-0.496523,0.778001
5739,5.739000,-6.761962,-6.205137,-6.920419,0.158457,-0.298695,0.768742
5740,5.740000,-6.759565,-6.213152,-6.920419,0.160854,-0.103608,0.770591
5741,5.741000,-6.757139,-6.221149,-6.920419,0.163279,0.114026,0.770471
5742,5.742000,-6.754689,-6.229115,-6.920419,0.165729,0.328539,0.775701
5743,5.743000,-6.752217,-6.237033,-6.920419,0.168202,0.536622,0.777951
5744,5.744000,-6.749727,-6.244891,-6.920419,0.170691,0.737824,0.766222
5745,5.745000,-6.747224,-6.252675,-6.920419,0.173194,0.916398,0.765901
5746,5.746000,-6.744710,-6.260373,-6.920419,0.175708,1.086993,0.766641
5747,5.747000,-6.742190,-6.267972,-6.920419,0.178229,1.294350,0.784441
5748,5.748000,-6.739667,-6.275461,-6.920419,0.180752,1.504498,0.777532
5749,5.749000,-6.737144,-6.282825,-6.920419,0.183274,1.704127,0.875549
5750,5.750000,-6.734626,-6.290052,-6.920419,0.185793,1.884912,0.776311
5751,5.751000,-6.732115,-6.297128,-6.920419,0.188304,2.042742,0.855900
5752,5.752000,-6.729615,-6.304044,-6.920419,0.190803,2.190533,0.770561
5753,5.753000,-6.727130,-6.310790,-6.920419,0.193289,2.331000,0.777202
5754,5.754000,-6.724662,-6.317356,-6.920419,0.195757,2.464867,0.774151
5755,5.755000,-6.722215,-6.323736,-6.920419,0.198203,2.592352,0.775331
5756,5.756000,-6.719792,-6.329920,-6.920419,0.200626,2.711374,0.757631
5757,5.757000,-6.717397,-6.335902,-6.920419,0.203021,2.810118,0.763582
5758,5.758000,-6.715032,-6.341675,-6.920419,0.205387,2.907616,0.771261
5759,5.759000,-6.712699,-6.347233,-6.920419,0.207719,3.002962,0.776951
5760,5.760000,-6.710403,-6.352572,-6.920419,0.210016,3.096954,0.778681
5761,5.761000,-6.708145,-6.357685,-6.920419,0.212274,3.184438,0.764862
5762,5.762000,-6.705928,-6.362567,-6.920419,0.214491,3.263601,0.767001
5763,5.763000,-6.703755,-6.367213,-6.920419,0.216663,3.335300,0.763101
5764,5.764000,-6.701628,-6.371620,-6.920419,0.218791,3.400038,0.765182
5765,5.765000,-6.699549,-6.375783,-6.920419,0.220869,3.458105,0.774271
5766,5.766000,-6.697522,-6.379699,-6.920419,0.222897,3.509525,0.786711
5767,5.767000,-6.695547,-6.383366,-6.920419,0.224872,3.554416,0.771511
5768,5.768000,-6.693626,-6.386781,-6.920419,0.226792,3.592739,0.774321
5769,5.769000,-6.691763,-6.389943,-6.920419,0.228656,3.624338,0.761622
5770,5.770000,-6.689958,-6.392850,-6.920419,0.230460,3.649572,0.834170
5771,5.771000,-6.688213,-6.395501,-6.920419,0.232206,3.668611,0.768841
5772,5.772000,-6.686530,-6.397896,-6.920419,0.233889,3.681668,0.767012
5773,5.773000,-6.684909,-6.400035,-6.920419,0.235509,3.688639,0.778221
5774,5.774000,-6.683354,-6.401917,-6.920419,0.237065,3.689528,0.765551
5775,5.775000,-6.681864,-6.403544,-6.920419,0.238555,3.684418,0.764502
5776,5.776000,-6.680441,-6.404916,-6.920419,0.239978,3.673491,0.777261
5777,5.777000,-6.679085,-6.406035,-6.920419,0.241334,3.656723,0.765201
5778,5.778000,-6.677798,-6.406904,-6.920419,0.242621,3.634253,0.784081
5779,5.779000,-6.676580,-6.407523,-6.920419,0.243838,3.599759,0.772861
5780,5.780000,-6.675433,-6.407898,-6.920419,0.244986,3.532518,0.768251
5781,5.781000,-6.674356,-6.408031,-6.920419,0.246063,3.462683,0.766921
5782,5.782000,-6.673350,-6.407929,-6.920419,0.247069,3.394154,0.771911
5783,5.783000,-6.672415,-6.407598,-6.920419,0.248004,3.326331,0.767601
5784,5.784000,-6.671551,-6.407043,-6.920419,0.248867,3.259186,0.867480
5785,5.785000,-6.670759,-6.406269,-6.920419,0.249659,3.190881,0.774251
5786,5.786000,-6.670039,-6.405282,-6.920419,0.250380,3.111131,0.778252
5787,5.787000,-6.669390,-6.404087,-6.920419,0.251029,3.030246,0.902849
5788,5.788000,-6.668812,-6.402691,-6.920419,0.251607,2.956382,0.780991
5789,5.789000,-6.668305,-6.401099,-6.920419,0.252114,2.886934,0.876070
5790,5.790000,-6.667868,-6.399317,-6.920419,0.252550,2.816489,0.788281
5791,5.791000,-6.667502,-6.397350,-6.920419,0.252917,2.744170,0.768631
5792,5.792000,-6.667205,-6.395203,-6.920419,0.253214,2.669693,0.779431
5793,5.793000,-6.666976,-6.392881,-6.920419,0.253443,2.593321,0.763281
5794,5.794000,-6.666815,-6.390391,-6.920419,0.253603,2.523989,0.779951
5795,5.795000,-6.666722,-6.387737,-6.920419,0.253697,2.452015,0.786451
5796,5.796000,-6.666695,-6.384924,-6.920419,0.253724,2.376752,0.781171
5797,5.797000,-6.666732,-6.381959,-6.920419,0.253686,2.302000,0.765961
5798,5.798000,-6.666834,-6.378847,-6.920419,0.253585,2.229359,0.764541
5799,5.799000,-6.666998,-6.375592,-6.920419,0.253420,2.153109,0.771332
5800,5.800000,-6.667225,-6.372201,-6.920419,0.253194,2.073067,0.774551
5801,5.801000,-6.667511,-6.368678,-6.920419,0.252907,1.989523,0.780141
5802,5.802000,-6.667856,-6.365032,-6.920419,0.252562,1.902864,0.777911
5803,5.803000,-6.668259,-6.361266,-6.920419,0.252159,1.813542,0.770992
5804,5.804000,-6.668719,-6.357388,-6.920419,0.251700,1.721848,0.769391
5805,5.805000,-6.669232,-6.353404,-6.920419,0.251187,1.628119,0.776301
5806,5.806000,-6.669798,-6.349322,-6.920419,0.250620,1.531951,0.771511
5807,5.807000,-6.670416,-6.345147,-6.920419,0.250003,1.434095,0.852831
5808,5.808000,-6.671082,-6.340886,-6.920419,0.249336,1.335076,0.771162
5809,5.809000,-6.671797,-6.336547,-6.920419,0.248622,1.235200,0.856910
5810,5.810000,-6.672557,-6.332138,-6.920419,0.247862,1.137824,0.786821
5811,5.811000,-6.673361,-6.327664,-6.920419,0.247058,1.059529,0.779341
5812,5.812000,-6.674207,-6.323130,-6.920419,0.246212,0.979392,0.789401
5813,5.813000,-6.675093,-6.318544,-6.920419,0.245325,0.896454,0.778721
5814,5.814000,-6.676018,-6.313910,-6.920419,0.244401,0.810746,0.776061
5815,5.815000,-6.676978,-6.309234,-6.920419,0.243440,0.722749,0.772071
5816,5.816000,-6.677973,-6.304522,-6.920419,0.242446,0.631551,0.759081
5817,5.817000,-6.679000,-6.299781,-6.920419,0.241419,0.530256,0.765532
5818,5.818000,-6.680056,-6.295017,-6.920419,0.240362,0.428496,0.778671
5819,5.819000,-6.681141,-6.290237,-6.920419,0.239277,0.327393,0.775751
5820,5.820000,-6.682252,-6.285448,-6.920419,0.238167,0.229403,0.768591
5821,5.821000,-6.683386,-6.280657,-6.920419,0.237033,0.139592,0.764582
5822,5.822000,-6.684541,-6.275871,-6.920419,0.235877,0.051829,0.756691
5823,5.823000,-6.685717,-6.271095,-6.920419,0.234702,-0.038147,0.782941
5824,5.824000,-6.686909,-6.266335,-6.920419,0.233510,-0.128384,0.783181
5825,5.825000,-6.688117,-6.261597,-6.920419,0.232302,-0.218561,0.780302
5826,5.826000,-6.689337,-6.256887,-6.920419,0.231082,-0.308361,0.774821
5827,5.827000,-6.690569,-6.252212,-6.920419,0.229850,-0.397476,0.765461
5828,5.828000,-6.691809,-6.247577,-6.920419,0.228610,-0.485678,0.767281
5829,5.829000,-6.693056,-6.242988,-6.920419,0.227363,-0.572732,0.764622
5830,5.830000,-6.694307,-6.238450,-6.920419,0.226111,-0.658451,0.773991
5831,5.831000,-6.695561,-6.233970,-6.920419,0.224857,-0.742675,0.777711
5832,5.832000,-6.696816,-6.229553,-6.920419,0.223602,-0.825244,0.776231
5833,5.833000,-6.698069,-6.225204,-6.920419,0.222350,-0.905997,0.765122
5834,5.834000,-6.699318,-6.220929,-6.920419,0.221100,-0.985050,0.772561
5835,5.835000,-6.700562,-6.216734,-6.920419,0.219856,-1.062277,0.765981
5836,5.836000,-6.701799,-6.212621,-6.920419,0.218620,-1.137304,0.778481
5837,5.837000,-6.703026,-6.208598,-6.920419,0.217393,-1.210017,0.775591
5838,5.838000,-6.704241,-6.204667,-6.920419,0.216177,-1.280270,0.767491
5839,5.839000,-6.705444,-6.200835,-6.920419,0.214975,-1.347723,0.777571
5840,5.840000,-6.706631,-6.197105,-6.920419,0.213787,-1.412234,0.768921
5841,5.841000,-6.707802,-6.193481,-6.920419,0.212617,-1.474273,0.788961
5842,5.842000,-6.708955,-6.189967,-6.920419,0.211464,-1.540879,0.775961
5843,5.843000,-6.710087,-6.186567,-6.920419,0.210331,-1.604403,0.768402
5844,5.844000,-6.711198,-6.183285,-6.920419,0.209221,-1.669889,0.766761
5845,5.845000,-6.712285,-6.180125,-6.920419,0.208133,-1.733161,0.941529
5846,5.846000,-6.713348,-6.177092,-6.920419,0.207070,-1.791848,0.763752
5847,5.847000,-6.714385,-6.174189,-6.920419,0.206034,-1.845823,0.903849
5848,5.848000,-6.715393,-6.171419,-6.920419,0.205025,-1.895231,0.782971
5849,5.849000,-6.716373,-6.168785,-6.920419,0.204045,-1.940198,0.781281
5850,5.850000,-6.717322,-6.166290,-6.920419,0.203096,-1.980165,0.766881
5851,5.851000,-6.718241,-6.163936,-6.920419,0.202178,-2.015285,0.763631
5852,5.852000,-6.719126,-6.161725,-6.920419,0.201293,-2.046163,0.767112
5853,5.853000,-6.719978,-6.159660,-6.920419,0.200441,-2.073524,0.780891
5854,5.854000,-6.720794,-6.157740,-6.920419,0.199624,-2.099986,0.779891
5855,5.855000,-6.721575,-6.155968,-6.920419,0.198843,-2.125661,0.774161
5856,5.856000,-6.722319,-6.154344,-6.920419,0.198099,-2.147547,0.760751
5857,5.857000,-6.723026,-6.152870,-6.920419,0.197392,-2.165422,0.764561
5858,5.858000,-6.723694,-6.151547,-6.920419,0.196724,-2.179320,0.759291
5859,5.859000,-6.724324,-6.150375,-6.920419,0.196095,-2.189323,0.780681
5860,5.860000,-6.724913,-6.149354,-6.920419,0.195505,-2.195497,0.771512
5861,5.861000,-6.725463,-6.148485,-6.920419,0.194956,-2.197929,0.777741
5862,5.862000,-6.725971,-6.147767,-6.920419,0.194447,-2.196715,0.773801
5863,5.863000,-6.726439,-6.147198,-6.920419,0.193980,-2.191973,0.777741
5864,5.864000,-6.726865,-6.146781,-6.920419,0.193554,-2.183743,0.765272
5865,5.865000,-6.727249,-6.146511,-6.920419,0.193170,-2.175545,0.855430
5866,5.866000,-6.727591,-6.146389,-6.920419,0.192828,-2.164958,0.768111
5867,5.867000,-6.727891,-6.146414,-6.920419,0.192528,-2.150652,0.857360
5868,5.868000,-6.728148,-6.146584,-6.920419,0.192270,-2.132629,0.765112
5869,5.869000,-6.728363,-6.146897,-6.920419,0.192055,-2.111022,0.766961
5870,5.870000,-6.728536,-6.147352,-6.920419,0.191882,-2.085933,0.773221
5871,5.871000,-6.728667,-6.147947,-6.920419,0.191752,-2.056766,0.780811
5872,5.872000,-6.728755,-6.148678,-6.920419,0.191663,-2.024110,0.766932
5873,5.873000,-6.728802,-6.149545,-6.920419,0.191616,-1.987860,0.767351
5874,5.874000,-6.728807,-6.150543,-6.920419,0.191611,-1.947783,0.764021
5875,5.875000,-6.728772,-6.151670,-6.920419,0.191647,-1.904860,0.764172
5876,5.876000,-6.728695,-6.152922,-6.920419,0.191723,-1.858653,0.767371
5877,5.877000,-6.728579,-6.154295,-6.920419,0.191840,-1.809964,0.777801
5878,5.878000,-6.728422,-6.155787,-6.920419,0.191996,-1.758703,0.780771
5879,5.879000,-6.728227,-6.157393,-6.920419,0.192192,-1.705443,0.764591
5880,5.880000,-6.727993,-6.159110,-6.920419,0.192426,-1.650265,0.774451
5881,5.881000,-6.727721,-6.160932,-6.920419,0.192698,-1.593302,0.770551
5882,5.882000,-6.727412,-6.162857,-6.920419,0.193006,-1.534557,0.793641
5883,5.883000,-6.727067,-6.164880,-6.920419,0.193351,-1.474205,0.785081
5884,5.884000,-6.726687,-6.166996,-6.920419,0.193731,-1.412330,0.771561
5885,5.885000,-6.726273,-6.169201,-6.920419,0.194146,-1.349043,0.777651
5886,5.886000,-6.725825,-6.171490,-6.920419,0.194594,-1.284481,0.767072
5887,5.887000,-6.725344,-6.173860,-6.920419,0.195074,-1.218734,0.771521
5888,5.888000,-6.724832,-6.176304,-6.920419,0.195586,-1.149513,0.774111
5889,5.889000,-6.724290,-6.178819,-6.920419,0.196129,-1.076184,0.779241
5890,5.890000,-6.723718,-6.181399,-6.920419,0.196700,-1.002599,0.786491
5891,5.891000,-6.723118,-6.184038,-6.920419,0.197301,-0.929110,0.767561
5892,5.892000,-6.722491,-6.186733,-6.920419,0.197928,-0.855177,0.761691
5893,5.893000,-6.721838,-6.189477,-6.920419,0.198580,-0.777115,0.763931
5894,5.894000,-6.721161,-6.192266,-6.920419,0.199258,-0.700437,0.771051
5895,5.895000,-6.720460,-6.195093,-6.920419,0.199958,-0.624898,0.785751
5896,5.896000,-6.719737,-6.197954,-6.920419,0.200682,-0.550261,0.784371
5897,5.897000,-6.718993,-6.200843,-6.920419,0.201425,-0.476505,0.769101
5898,5.898000,-6.718230,-6.203755,-6.920419,0.202189,-0.403587,0.761461
5899,5.899000,-6.717448,-6.206686,-6.920419,0.202970,-0.331488,0.772402
5900,5.900000,-6.716650,-6.209630,-6.920419,0.203768,-0.260223,0.768861
5901,5.901000,-6.715836,-6.212583,-6.920419,0.204582,-0.189817,0.786751
5902,5.902000,-6.715008,-6.215540,-6.920419,0.205410,-0.120316,0.779511
5903,5.903000,-6.714167,-6.218496,-6.920419,0.206251,-0.051761,0.950839
5904,5.904000,-6.713315,-6.221446,-6.920419,0.207103,0.019216,0.767151
5905,5.905000,-6.712453,-6.224386,-6.920419,0.207966,0.095746,0.908179
5906,5.906000,-6.711582,-6.227311,-6.920419,0.208837,0.170368,0.782801
5907,5.907000,-6.710703,-6.230216,-6.920419,0.209715,0.242205,0.774681
5908,5.908000,-6.709819,-6.233095,-6.920419,0.210600,0.311174,0.771301
5909,5.909000,-6.708929,-6.235944,-6.920419,0.211489,0.377532,0.759171
5910,5.910000,-6.708037,-6.238760,-6.920419,0.212382,0.441482,0.765972
5911,5.911000,-6.707142,-6.241537,-6.920419,0.213276,0.499850,0.773881
5912,5.912000,-6.706247,-6.244271,-6.920419,0.214172,0.553689,0.786111
5913,5.913000,-6.705352,-6.246960,-6.920419,0.215066,0.606083,0.778001
5914,5.914000,-6.704459,-6.249599,-6.920419,0.215959,0.657220,0.774981
5915,5.915000,-6.703569,-6.252186,-6.920419,0.216849,0.707057,0.764802
5916,5.916000,-6.702684,-6.254717,-6.920419,0.217734,0.755486,0.772491
5917,5.917000,-6.701804,-6.257190,-6.920419,0.218614,0.802442,0.771761
5918,5.918000,-6.700931,-6.259601,-6.920419,0.219487,0.847792,0.785561
5919,5.919000,-6.700066,-6.261947,-6.920419,0.220352,0.891462,0.783971
5920,5.920000,-6.699210,-6.264226,-6.920419,0.221208,0.933409,0.780691
5921,5.921000,-6.698365,-6.266436,-6.920419,0.222054,0.973516,0.771661
5922,5.922000,-6.697531,-6.268572,-6.920419,0.222888,1.011759,0.765801
5923,5.923000,-6.696708,-6.270634,-6.920419,0.223710,1.048075,0.854520
5924,5.924000,-6.695900,-6.272619,-6.920419,0.224519,1.084920,0.772142
5925,5.925000,-6.695106,-6.274525,-6.920419,0.225313,1.126145,0.866110
5926,5.926000,-6.694327,-6.276348,-6.920419,0.226092,1.163964,0.770771
5927,5.927000,-6.693564,-6.278088,-6.920419,0.226854,1.197789,0.773411
5928,5.928000,-6.692819,-6.279741,-6.920419,0.227599,1.227733,0.774621
5929,5.929000,-6.692092,-6.281306,-6.920419,0.228327,1.254042,0.773212
5930,5.930000,-6.691384,-6.282782,-6.920419,0.229035,1.276956,0.776121
5931,5.931000,-6.690695,-6.284166,-6.920419,0.229724,1.296752,0.766891
5932,5.932000,-6.690026,-6.285459,-6.920419,0.230393,1.313590,0.774021
5933,5.933000,-6.689379,-6.286659,-6.920419,0.231040,1.327620,0.774412
5934,5.934000,-6.688753,-6.287765,-6.920419,0.231666,1.338962,0.768411
5935,5.935000,-6.688150,-6.288777,-6.920419,0.232269,1.347723,0.777421
5936,5.936000,-6.687569,-6.289695,-6.920419,0.232849,1.354012,0.777721
5937,5.937000,-6.687012,-6.290518,-6.920419,0.233406,1.357862,0.771111
5938,5.938000,-6.686479,-6.291248,-6.920419,0.233940,1.359499,0.754821
5939,5.939000,-6.685970,-6.291883,-6.920419,0.234448,1.359316,0.762351
5940,5.940000,-6.685486,-6.292424,-6.920419,0.234932,1.356707,0.776902
5941,5.941000,-6.685028,-6.292871,-6.920419,0.235391,1.351734,0.772071
5942,5.942000,-6.684594,-6.293227,-6.920419,0.235825,1.344582,0.778571
5943,5.943000,-6.684186,-6.293489,-6.920419,0.236232,1.335320,0.772581
5944,5.944000,-6.683805,-6.293661,-6.920419,0.236614,1.324035,0.775681
5945,5.945000,-6.683449,-6.293743,-6.920419,0.236970,1.310798,0.761162
5946,5.946000,-6.683120,-6.293735,-6.920419,0.237299,1.293580,0.764901
5947,5.947000,-6.682817,-6.293640,-6.920419,0.237602,1.276491,0.781531
5948,5.948000,-6.682541,-6.293460,-6.920419,0.237878,1.259042,0.781891
5949,5.949000,-6.682290,-6.293194,-6.920419,0.238128,1.239996,0.775541
5950,5.950000,-6.682067,-6.292845,-6.920419,0.238351,1.219236,0.762471
5951,5.951000,-6.681870,-6.292415,-6.920419,0.238549,1.196746,0.762611
5952,5.952000,-6.681700,-6.291905,-6.920419,0.238719,1.172686,0.762732
5953,5.953000,-6.681555,-6.291318,-6.920419,0.238864,1.147060,0.779361
5954,5.954000,-6.681437,-6.290654,-6.920419,0.238982,1.120105,0.780021
5955,5.955000,-6.681344,-6.289917,-6.920419,0.239075,1.095994,0.785051
5956,5.956000,-6.681277,-6.289107,-6.920419,0.239141,1.076060,0.766561
5957,5.957000,-6.681236,-6.288228,-6.920419,0.239183,1.054528,0.772811
5958,5.958000,-6.681219,-6.287279,-6.920419,0.239199,1.030851,0.761341
5959,5.959000,-6.681227,-6.286264,-6.920419,0.239191,1.005065,0.789851
5960,5.960000,-6.681260,-6.285183,-6.920419,0.239159,0.977298,0.779221
5961,5.961000,-6.681316,-6.284039,-6.920419,0.239102,0.947734,0.973309
5962,5.962000,-6.681396,-6.282834,-6.920419,0.239022,0.916527,0.764212
5963,5.963000,-6.681499,-6.281571,-6.920419,0.238919,0.883829,0.898979
5964,5.964000,-6.681625,-6.280252,-6.920419,0.238794,0.849772,0.775211
5965,5.965000,-6.681772,-6.278878,-6.920419,0.238646,0.814456,0.773731
5966,5.966000,-6.681941,-6.277454,-6.920419,0.238477,0.778001,0.778921
5967,5.967000,-6.682131,-6.275980,-6.920419,0.238287,0.739995,0.760241
5968,5.968000,-6.682341,-6.274462,-6.920419,0.238077,0.701139,0.766921
5969,5.969000,-6.682571,-6.272900,-6.920419,0.237848,0.661496,0.769701
5970,5.970000,-6.682820,-6.271297,-6.920419,0.237599,0.620120,0.769961
5971,5.971000,-6.683087,-6.269657,-6.920419,0.237332,0.578460,0.786262
5972,5.972000,-6.683372,-6.267983,-6.920419,0.237047,0.536585,0.777641
5973,5.973000,-6.683674,-6.266277,-6.920419,0.236745,0.494593,0.758481
5974,5.974000,-6.683992,-6.264543,-6.920419,0.236427,0.450586,0.758232
5975,5.975000,-6.684325,-6.262784,-6.920419,0.236093,0.403969,0.767631
5976,5.976000,-6.684673,-6.261002,-6.920419,0.235745,0.357753,0.770031
5977,5.977000,-6.685036,-6.259201,-6.920419,0.235383,0.311756,0.780041
5978,5.978000,-6.685411,-6.257384,-6.920419,0.235008,0.266117,0.792601
5979,5.979000,-6.685799,-6.255554,-6.920419,0.234620,0.221173,0.774251
5980,5.980000,-6.686199,-6.253715,-6.920419,0.234220,0.177144,0.757031
5981,5.981000,-6.686609,-6.251870,-6.920419,0.233810,0.135995,0.870460
5982,5.982000,-6.687029,-6.250020,-6.920419,0.233390,0.095933,0.774111
5983,5.983000,-6.687458,-6.248170,-6.920419,0.232960,0.058373,0.863420
5984,5.984000,-6.687896,-6.246321,-6.920419,0.232522,0.020895,0.779492
5985,5.985000,-6.688342,-6.244476,-6.920419,0.232077,-0.016596,0.771461
5986,5.986000,-6.688794,-6.242637,-6.920419,0.231625,-0.054012,0.764561
5987,5.987000,-6.689252,-6.240807,-6.920419,0.231167,-0.091254,0.769801
5988,5.988000,-6.689715,-6.238989,-6.920419,0.230704,-0.128226,0.766211
5989,5.989000,-6.690182,-6.237185,-6.920419,0.230236,-0.164788,0.765851
5990,5.990000,-6.690653,-6.235397,-6.920419,0.229765,-0.200850,0.774631
5991,5.991000,-6.691127,-6.233628,-6.920419,0.229292,-0.236383,0.773862
5992,5.992000,-6.691602,-6.231880,-6.920419,0.228817,-0.271254,0.766281
5993,5.993000,-6.692078,-6.230155,-6.920419,0.228340,-0.305490,0.764951
5994,5.994000,-6.692554,-6.228456,-6.920419,0.227864,-0.340177,0.775381
5995,5.995000,-6.693031,-6.226785,-6.920419,0.227388,-0.374044,0.767362
5996,5.996000,-6.693506,-6.225143,-6.920419,0.226913,-0.406970,0.775221
5997,5.997000,-6.693978,-6.223534,-6.920419,0.226440,-0.438902,0.769401
5998,5.998000,-6.694448,-6.221960,-6.920419,0.225970,-0.469757,0.779041
5999,5.999000,-6.694915,-6.220421,-6.920419,0.225504,-0.499522,0.773031
6000,6.000000,-6.695377,-6.218921,43.268777,-49.964154,108.662529,0.800150
6001,6.001000,-6.695834,-6.211205,43.268777,-49.964611,108.682556,0.772481
6002,6.002000,-6.696283,-6.195653,43.268777,-49.965060,108.681435,0.808900
6003,6.003000,-6.696719,-6.172039,43.268777,-49.965496,108.679832,0.760932
6004,6.004000,-6.697132,-6.140502,43.268777,-49.965909,108.677780,0.769851
6005,6.005000,-6.697511,-6.101233,43.268777,-49.966288,108.675201,0.768411
6006,6.006000,-6.697842,-6.054396,43.268777,-49.966619,108.672005,0.817590
6007,6.007000,-6.698107,-6.000116,43.268777,-49.966884,108.668037,0.995069
6008,6.008000,-6.698286,-5.938485,43.268777,-49.967063,108.663216,0.925489
6009,6.009000,-6.698358,-5.869570,43.268777,-49.967135,108.657280,0.771141
6010,6.010000,-6.698297,-5.793421,43.268777,-49.967074,108.650192,0.775021
6011,6.011000,-6.698075,-5.710076,43.268777,-49.966852,108.642799,0.770611
6012,6.012000,-6.697662,-5.619565,43.268777,-49.966439,108.634224,0.774291
6013,6.013000,-6.697026,-5.521914,43.268777,-49.965803,108.624008,0.771082
6014,6.014000,-6.696130,-5.417143,43.268777,-49.964907,108.611816,0.767361
6015,6.015000,-6.694938,-5.305272,43.268777,-49.963715,108.597076,0.774831
6016,6.016000,-6.693409,-5.186318,43.268777,-49.962186,108.578369,0.785231
6017,6.017000,-6.691500,-5.060298,43.268777,-49.960277,108.552788,0.793491
6018,6.018000,-6.689166,-4.927228,43.268777,-49.957943,108.521049,0.793140
6019,6.019000,-6.686360,-4.787124,43.268777,-49.955137,108.481224,1.288696
6020,6.020000,-6.683031,-4.640002,43.268777,-49.951809,108.430756,0.976029
6021,6.021000,-6.679128,-4.485880,43.268777,-49.947905,108.368240,0.994188
6022,6.022000,-6.674594,-4.324774,43.268777,-49.943372,108.287567,0.790251
6023,6.023000,-6.669375,-4.156703,43.268777,-49.938152,108.178825,0.779921
6024,6.024000,-6.663409,-3.981686,43.268777,-49.932186,108.032814,0.777192
6025,6.025000,-6.656636,-3.799745,43.268777,-49.925413,107.845268,0.756631
6026,6.026000,-6.648991,-3.610907,43.268777,-49.917768,107.596642,0.757552
6027,6.027000,-6.640409,-3.415198,43.268777,-49.909186,107.270943,0.766041
6028,6.028000,-6.630821,-3.212654,43.268777,-49.899598,106.842354,0.767591
6029,6.029000,-6.620156,-3.003316,43.268777,-49.888933,106.272438,0.787141
6030,6.030000,-6.608343,-2.787233,43.268777,-49.877120,105.503227,0.773401
6031,6.031000,-6.595308,-2.564468,43.268777,-49.864085,104.457802,0.782292
6032,6.032000,-6.580971,-2.335104,43.268777,-49.849748,102.820152,0.761831
6033,6.033000,-6.565257,-2.099261,43.268777,-49.834034,100.435524,0.758821
6034,6.034000,-6.548084,-1.857107,43.268777,-49.816861,96.986259,0.773742
6035,6.035000,-6.529370,-1.608887,43.268777,-49.798147,92.301384,0.783831
6036,6.036000,-6.509031,-1.354928,43.268777,-49.777808,87.363701,0.791731
6037,6.037000,-6.486981,-1.095592,43.268777,-49.755758,82.779877,1.115047
6038,6.038000,-6.463135,-0.831219,43.268777,-49.731912,77.993156,0.858690
6039,6.039000,-6.437403,-0.562154,43.268777,-49.706180,72.679527,1.131217
6040,6.040000,-6.409696,-0.288765,43.268777,-49.678473,68.301247,0.778012
6041,6.041000,-6.379926,-0.011373,43.268777,-49.648703,63.659275,0.778011
6042,6.042000,-6.348000,0.269705,43.268777,-49.616777,58.851521,0.768301
6043,6.043000,-6.313827,0.554142,43.268777,-49.582604,55.784885,0.768571
6044,6.044000,-6.277316,0.841710,43.268777,-49.546093,53.570473,0.758351
6045,6.045000,-6.238375,1.132257,43.268777,-49.507152,51.172047,0.764661
6046,6.046000,-6.196910,1.425638,43.268777,-49.465687,48.714062,0.787921
6047,6.047000,-6.152829,1.721701,43.268777,-49.421607,46.353371,0.776712
6048,6.048000,-6.106041,2.020297,43.268777,-49.374818,44.160130,0.767471
6049,6.049000,-6.056450,2.321286,43.268777,-49.325228,42.029675,0.769721
6050,6.050000,-6.003966,2.624531,43.268777,-49.272743,40.279335,0.769451
6051,6.051000,-5.948496,2.929916,43.268777,-49.217273,38.760838,0.764382
6052,6.052000,-5.889947,3.237344,43.268777,-49.158725,37.118053,0.775191
6053,6.053000,-5.828228,3.546715,43.268777,-49.097005,35.375080,0.774931
6054,6.054000,-5.763246,3.857920,43.268777,-49.032023,33.502941,0.786591
6055,6.055000,-5.694911,4.170841,43.268777,-48.963689,31.349497,0.774621
6056,6.056000,-5.623133,4.485338,43.268777,-48.891910,29.079319,0.770012
6057,6.057000,-5.547820,4.801264,43.268777,-48.816597,26.802757,0.774101
6058,6.058000,-5.468884,5.118464,43.268777,-48.737661,24.193708,0.881820
6059,6.059000,-5.386236,5.436770,43.268777,-48.655013,21.515179,0.764161
6060,6.060000,-5.299788,5.756002,43.268777,-48.568565,18.724804,0.766171
6061,6.061000,-5.209454,6.075976,43.268777,-48.478231,15.900853,0.768011
6062,6.062000,-5.115147,6.396503,43.268777,-48.383925,12.892882,0.789121
6063,6.063000,-5.016784,6.717385,43.268777,-48.285561,9.635749,0.807331
6064,6.064000,-4.914280,7.038410,43.268777,-48.183057,4.506801,0.778851
6065,6.065000,-4.807554,7.359254,43.268777,-48.076331,-0.272497,0.771271
6066,6.066000,-4.696525,7.679586,43.268777,-47.965302,-4.297268,0.761391
6067,6.067000,-4.581114,7.999125,43.268777,-47.849891,-8.098491,0.771912
6068,6.068000,-4.461244,8.317612,43.268777,-47.730021,-10.934957,0.772301
6069,6.069000,-4.336841,8.634859,43.268777,-47.605618,-12.632740,0.788451
6070,6.070000,-4.207829,8.950755,43.268777,-47.476607,-14.401849,0.794221
6071,6.071000,-4.074140,9.265210,43.268777,-47.342917,-16.781462,0.775261
6072,6.072000,-3.935703,9.578093,43.268777,-47.204480,-19.913170,0.765672
6073,6.073000,-3.792451,9.889223,43.268777,-47.061228,-23.104069,0.769461
6074,6.074000,-3.644320,10.198400,43.268777,-46.913098,-25.789015,0.773591
6075,6.075000,-3.491248,10.505445,43.268777,-46.760025,-28.116179,0.883410
6076,6.076000,-3.333174,10.810212,43.268777,-46.601951,-30.759813,0.785301
6077,6.077000,-3.170042,11.112544,43.268777,-46.438819,-33.117924,0.928440
6078,6.078000,-3.001797,11.412292,43.268777,-46.270574,-35.771690,0.778371
6079,6.079000,-2.828386,11.709302,43.268777,-46.097163,-39.324833,0.777111
6080,6.080000,-2.649761,12.003357,43.268777,-45.918538,-42.242558,0.777731
6081,6.081000,-2.465874,12.294267,43.268777,-45.734651,-45.514324,0.765642
6082,6.082000,-2.276683,12.581827,43.268777,-45.545460,-48.728603,0.776001
6083,6.083000,-2.082146,12.865835,43.268777,-45.350924,-52.033333,0.806121
6084,6.084000,-1.882227,13.146083,43.268777,-45.151005,-55.607185,0.786881
6085,6.085000,-1.676892,13.422350,43.268777,-44.945669,-59.386314,0.775911
6086,6.086000,-1.466108,13.694398,43.268777,-44.734885,-62.528622,0.771021
6087,6.087000,-1.249849,13.962023,43.268777,-44.518626,-65.134087,0.809521
6088,6.088000,-1.028090,14.225066,43.268777,-44.296867,-67.696083,0.804051
6089,6.089000,-0.800812,14.483373,43.268777,-44.069589,-70.706108,0.793831
6090,6.090000,-0.567996,14.736777,43.268777,-43.836773,-74.042656,0.812951
6091,6.091000,-0.329629,14.985078,43.268777,-43.598406,-79.806747,0.813140
6092,6.092000,-0.085703,15.227931,43.268777,-43.354480,-86.796814,0.818371
6093,6.093000,0.163789,15.464885,43.268777,-43.104988,-91.354347,0.809461
6094,6.094000,0.418849,15.695607,43.268777,-42.849928,-94.214012,0.815630
6095,6.095000,0.679474,15.919899,43.268777,-42.589303,-96.272964,0.809351
6096,6.096000,0.945658,16.137642,43.268777,-42.323119,-97.758369,1.020738
6097,6.097000,1.217389,16.348772,43.268777,-42.051388,-98.836723,0.813690
6098,6.098000,1.494652,16.553257,43.268777,-41.774125,-99.693184,0.821601
6099,6.099000,1.777429,16.751082,43.268777,-41.491348,-100.365227,0.807371
6100,6.100000,2.065694,16.942240,43.268777,-41.203083,-101.025208,0.802001
6101,6.101000,2.359421,17.126723,43.268777,-40.909356,-101.495735,0.797501
6102,6.102000,2.658577,17.304537,43.268777,-40.610200,-101.822998,0.797670
6103,6.103000,2.963125,17.475686,43.268777,-40.305653,-102.023338,0.814261
6104,6.104000,3.273024,17.640190,43.268777,-39.995753,-102.150200,0.810301
6105,6.105000,3.588229,17.798066,43.268777,-39.680548,-102.242599,0.812251
6106,6.106000,3.908691,17.949339,43.268777,-39.360086,-102.313011,0.803531
6107,6.107000,4.234357,18.094030,43.268777,-39.034420,-102.365990,0.807630
6108,6.108000,4.565170,18.232164,43.268777,-38.703608,-102.406212,0.803081
6109,6.109000,4.901065,18.363761,43.268777,-38.367712,-102.434639,0.812951
6110,6.110000,5.241980,18.488844,43.268777,-38.026797,-102.450249,0.808721
6111,6.111000,5.587843,18.607438,43.268777,-37.680934,-102.454353,0.804881
6112,6.112000,5.938580,18.719564,43.268777,-37.330197,-102.443520,0.812140
6113,6.113000,6.294114,18.825246,43.268777,-36.974663,-102.428055,0.887410
6114,6.114000,6.654362,18.924508,43.268777,-36.614415,-102.405510,0.803531
6115,6.115000,7.019239,19.017374,43.268777,-36.249538,-102.374809,0.968479
6116,6.116000,7.388655,19.103868,43.268777,-35.880122,-102.334602,0.800671
6117,6.117000,7.762516,19.184014,43.268777,-35.506261,-102.284859,0.813101
6118,6.118000,8.140725,19.257838,43.268777,-35.128052,-102.212105,0.805550
6119,6.119000,8.523180,19.325366,43.268777,-34.745597,-102.105202,0.803640
6120,6.120000,8.909778,19.386625,43.268777,-34.358999,-101.972450,0.804241
6121,6.121000,9.300407,19.441645,43.268777,-33.968370,-101.808052,0.793721
6122,6.122000,9.694958,19.490459,43.268777,-33.573819,-101.599815,0.800411
6123,6.123000,10.093314,19.533100,43.268777,-33.175463,-101.322746,0.808281
6124,6.124000,10.495354,19.569607,43.268777,-32.773423,-100.939171,0.805921
6125,6.125000,10.900957,19.600025,43.268777,-32.367820,-100.411522,0.807530
6126,6.126000,11.309996,19.624411,43.268777,-31.958781,-99.715569,0.803951
6127,6.127000,11.722340,19.642828,43.268777,-31.546437,-98.775566,0.821601
6128,6.128000,12.137858,19.655362,43.268777,-31.130919,-97.444763,0.806201
6129,6.129000,12.556413,19.662118,43.268777,-30.712364,-95.516075,0.804461
6130,6.130000,12.977866,19.663244,43.268777,-30.290911,-92.585167,0.805460
6131,6.131000,13.402073,19.658954,43.268777,-29.866705,-88.262871,0.798651
6132,6.132000,13.828889,19.649556,43.268777,-29.439888,-82.701210,0.799211
6133,6.133000,14.258168,19.635447,43.268777,-29.010610,-76.028618,0.985359
6134,6.134000,14.689756,19.617104,43.268777,-28.579021,-70.124313,0.798601
6135,6.135000,15.123502,19.594979,43.268777,-28.145275,-66.083000,0.811391
6136,6.136000,15.559251,19.569397,43.268777,-27.709526,-63.006641,0.812770
6137,6.137000,15.996844,19.540589,43.268777,-27.271933,-60.465466,0.801660
6138,6.138000,16.436125,19.508735,43.268777,-26.832653,-57.845562,0.827891
6139,6.139000,16.876930,19.474003,43.268777,-26.391848,-54.965443,0.801731
6140,6.140000,17.319099,19.436584,43.268777,-25.949678,-52.157703,0.798331
6141,6.141000,17.762467,19.396661,43.268777,-25.506310,-49.628937,0.807980
6142,6.142000,18.206870,19.354413,43.268777,-25.061907,-46.943756,0.797071
6143,6.143000,18.652140,19.310019,43.268777,-24.616637,-44.360065,0.796891
6144,6.144000,19.098112,19.263657,43.268777,-24.170665,-41.498890,0.803161
6145,6.145000,19.544615,19.215520,43.268777,-23.724162,-38.494095,0.807281
6146,6.146000,19.991482,19.165810,43.268777,-23.277295,-35.695351,0.805111
6147,6.147000,20.438542,19.114727,43.268777,-22.830235,-33.716022,0.804951
6148,6.148000,20.885626,19.062413,43.268777,-22.383151,-31.751459,0.797101
6149,6.149000,21.332559,19.008999,43.268777,-21.936218,-29.789154,0.796011
6150,6.150000,21.779173,18.954617,43.268777,-21.489604,-27.589504,0.879399
6151,6.151000,22.225296,18.899405,43.268777,-21.043482,-25.425867,0.798491
6152,6.152000,22.670754,18.843508,43.268777,-20.598023,-23.058941,0.798910
6153,6.153000,23.115377,18.787084,43.268777,-20.153400,-20.824566,0.797140
6154,6.154000,23.558994,18.730284,43.268777,-19.709783,-18.653179,0.796411
6155,6.155000,24.001430,18.673254,43.268777,-19.267347,-17.004295,0.816381
6156,6.156000,24.442517,18.616111,43.268777,-18.826260,-15.729181,0.800531
6157,6.157000,24.882082,18.558935,43.268777,-18.386695,-14.222555,0.798391
6158,6.158000,25.319955,18.501821,43.268777,-17.948822,-12.094199,0.797061
6159,6.159000,25.755965,18.444897,43.268777,-17.512812,-9.567219,0.797841
6160,6.160000,26.189945,18.388322,43.268777,-17.078832,-6.604290,0.789621
6161,6.161000,26.621724,18.332298,43.268777,-16.647053,-3.566283,0.801870
6162,6.162000,27.051137,18.277024,43.268777,-16.217640,-0.433725,0.793321
6163,6.163000,27.478013,18.222718,43.268777,-15.790764,3.117702,0.799960
6164,6.164000,27.902192,18.169613,43.268777,-15.366585,6.248295,0.830701
6165,6.165000,28.323505,18.117924,43.268777,-14.945272,9.607021,0.792981
6166,6.166000,28.741791,18.067870,43.268777,-14.526986,13.004615,0.794411
6167,6.167000,29.156893,18.019677,43.268777,-14.111885,15.482199,0.801711
6168,6.168000,29.568647,17.973511,43.268777,-13.700130,17.802929,0.925199
6169,6.169000,29.976894,17.929521,43.268777,-13.291883,20.714813,0.784331
6170,6.170000,30.381484,17.887880,43.268777,-12.887293,24.090502,0.790121
6171,6.171000,30.782262,17.848792,43.268777,-12.486515,28.227833,0.951649
6172,6.172000,31.179072,17.812524,43.268777,-12.089705,33.099178,0.792011
6173,6.173000,31.571771,17.779389,43.268777,-11.697006,36.738773,0.794971
6174,6.174000,31.960210,17.749642,43.268777,-11.308567,40.287426,0.791601
6175,6.175000,32.344245,17.723514,43.268777,-10.924532,43.170929,0.799381
6176,6.176000,32.723733,17.701193,43.268777,-10.545044,46.480667,0.802030
6177,6.177000,33.098540,17.682877,43.268777,-10.170237,49.833393,0.795221
6178,6.178000,33.468531,17.668767,43.268777,-9.800246,53.321995,0.790111
6179,6.179000,33.833571,17.659082,43.268777,-9.435206,57.718719,0.785511
6180,6.180000,34.193532,17.654087,43.268777,-9.075245,62.311569,0.796971
6181,6.181000,34.548292,17.654077,43.268777,-8.720485,66.611275,0.797651
6182,6.182000,34.897725,17.659333,43.268777,-8.371053,70.131294,0.793231
6183,6.183000,35.241717,17.670084,43.268777,-8.027060,73.371490,0.796751
6184,6.184000,35.580149,17.686529,43.268777,-7.688628,77.603111,0.795671
6185,6.185000,35.912916,17.708918,43.268777,-7.355861,81.684898,0.795891
6186,6.186000,36.239908,17.737504,43.268777,-7.028869,85.791077,0.801551
6187,6.187000,36.561026,17.772542,43.268777,-6.707751,89.878815,0.792321
6188,6.188000,36.876171,17.814284,43.268777,-6.392606,93.783760,0.792951
6189,6.189000,37.185251,17.862972,43.268777,-6.083527,97.081993,1.007439
6190,6.190000,37.488176,17.918810,43.268777,-5.780601,99.096962,0.788131
6191,6.191000,37.784863,17.981916,43.268777,-5.483914,100.423584,0.787591
6192,6.192000,38.075231,18.052349,43.268777,-5.193546,101.399956,0.791811
6193,6.193000,38.359210,18.130134,43.268777,-4.909567,102.048286,0.792311
6194,6.194000,38.636727,18.215276,43.268777,-4.632050,102.413979,0.789111
6195,6.195000,38.907718,18.307757,43.268777,-4.361059,102.598068,0.793101
6196,6.196000,39.172125,18.407551,43.268777,-4.096652,102.544701,0.777971
6197,6.197000,39.429893,18.514618,43.268777,-3.838884,102.241341,0.799051
6198,6.198000,39.680974,18.628900,43.268777,-3.587803,101.613388,0.794201
6199,6.199000,39.925318,18.750326,43.268777,-3.343460,100.654388,0.793371
6200,6.200000,40.162885,18.878797,43.268777,-3.105892,99.260994,0.788051
6201,6.201000,40.393647,19.014185,43.268777,-2.875131,97.439964,0.790431
6202,6.202000,40.617567,19.156336,43.268777,-2.651210,95.593513,0.789391
6203,6.203000,40.834624,19.305089,43.268777,-2.434153,93.941475,0.788011
6204,6.204000,41.044796,19.460297,43.268777,-2.223981,92.589516,0.781951
6205,6.205000,41.248062,19.621829,43.268777,-2.020715,91.504143,0.791821
6206,6.206000,41.444417,19.789587,43.268777,-1.824361,90.697395,0.784811
6207,6.207000,41.633852,19.963485,43.268777,-1.634925,90.546249,0.791731
6208,6.208000,41.816365,20.143488,43.268777,-1.452412,90.795784,1.018229
6209,6.209000,41.991959,20.329588,43.268777,-1.276818,91.749702,0.793161
6210,6.210000,42.160640,20.521829,43.268777,-1.108137,92.539597,0.792181
6211,6.211000,42.322420,20.720255,43.268777,-0.946357,93.017357,0.791401
6212,6.212000,42.477319,20.924884,43.268777,-0.791458,93.192070,0.791120
6213,6.213000,42.625349,21.135711,43.268777,-0.643428,93.040108,0.783812
6214,6.214000,42.766546,21.352710,43.268777,-0.502231,92.499947,0.780141
6215,6.215000,42.900934,21.575818,43.268777,-0.367843,91.518898,0.787851
6216,6.216000,43.028549,21.804945,43.268777,-0.240228,90.070427,0.799941
6217,6.217000,43.149430,22.039965,43.268777,-0.119347,88.518074,0.790491
6218,6.218000,43.263620,22.280740,43.268777,-0.005157,87.175560,0.789781
6219,6.219000,43.371168,22.527144,43.268777,0.102391,85.917755,0.791281
6220,6.220000,43.472129,22.779060,43.268777,0.203352,84.472710,0.787901
6221,6.221000,43.566553,23.036369,43.268777,0.297776,82.846077,0.775421
6222,6.222000,43.654509,23.298933,43.268777,0.385732,80.867790,0.779091
6223,6.223000,43.736058,23.566598,43.268777,0.467281,77.951378,0.793701
6224,6.224000,43.811268,23.839151,43.268777,0.542491,75.315979,0.791061
6225,6.225000,43.880216,24.116379,43.268777,0.611439,71.899590,0.972739
6226,6.226000,43.942971,24.398030,43.268777,0.674194,67.312042,0.784631
6227,6.227000,43.999624,24.683778,43.268777,0.730847,61.977654,0.819161
6228,6.228000,44.050253,24.973233,43.268777,0.781476,56.758411,0.783201
6229,6.229000,44.094950,25.266004,43.268777,0.826173,52.429691,0.778991
6230,6.230000,44.133800,25.561758,43.268777,0.865023,48.436657,0.772201
6231,6.231000,44.166903,25.860198,43.268777,0.898125,43.716206,0.774431
6232,6.232000,44.194350,26.160994,43.268777,0.925573,38.968929,0.781111
6233,6.233000,44.216247,26.463810,43.268777,0.947470,35.827526,0.785471
6234,6.234000,44.232694,26.768403,43.268777,0.963917,33.813087,0.784501
6235,6.235000,44.243793,27.074615,43.268777,0.975016,31.926125,0.785941
6236,6.236000,44.249657,27.382322,43.268777,0.980880,30.293531,0.779021
6237,6.237000,44.250395,27.691412,43.268777,0.981618,28.608133,0.770521
6238,6.238000,44.246116,28.001778,43.268777,0.977339,27.285988,0.788531
6239,6.239000,44.236933,28.313323,43.268777,0.968155,25.887146,0.784651
6240,6.240000,44.222968,28.625955,43.268777,0.954191,24.581108,0.780991
6241,6.241000,44.204335,28.939580,43.268777,0.935558,23.152197,0.783691
6242,6.242000,44.181161,29.254100,43.268777,0.912383,21.479439,0.796601
6243,6.243000,44.153560,29.569392,43.268777,0.884783,19.843866,0.784261
6244,6.244000,44.121659,29.885342,43.268777,0.852882,18.887272,0.791501
6245,6.245000,44.085586,30.201867,43.268777,0.816809,17.886013,0.780711
6246,6.246000,44.045465,30.518894,43.268777,0.776688,16.975111,0.910969
6247,6.247000,44.001428,30.836354,43.268777,0.732650,16.740091,0.802071
6248,6.248000,43.953606,31.154224,43.268777,0.684829,16.396152,0.914050
6249,6.249000,43.902130,31.472474,43.268777,0.633353,16.020557,0.801591
6250,6.250000,43.847134,31.791081,43.268777,0.578357,15.664609,0.797690
6251,6.251000,43.788753,32.110017,43.268777,0.519975,15.162682,0.793731
6252,6.252000,43.727120,32.429246,43.268777,0.458343,14.574721,0.796801
6253,6.253000,43.662377,32.748725,43.268777,0.393600,13.418041,0.798841
6254,6.254000,43.594663,33.068368,43.268777,0.325885,12.056680,0.784581
6255,6.255000,43.524110,33.388085,43.268777,0.255333,10.149226,0.780362
6256,6.256000,43.450867,33.707735,43.268777,0.182089,6.839301,0.774341
6257,6.257000,43.375072,34.027097,43.268777,0.106295,2.468936,0.784741
6258,6.258000,43.296866,34.345869,43.268777,0.028089,-1.270437,0.785141
6259,6.259000,43.216396,34.663763,43.268777,-0.052381,-4.469701,0.784301
6260,6.260000,43.133799,34.980547,43.268777,-0.134978,-6.899513,0.783601
6261,6.261000,43.049224,35.296030,43.268777,-0.219553,-9.255887,0.787651
6262,6.262000,42.962815,35.610059,43.268777,-0.305962,-10.805723,0.776461
6263,6.263000,42.874716,35.922516,43.268777,-0.394061,-12.679108,0.862611
6264,6.264000,42.785067,36.233293,43.268777,-0.483711,-14.998935,0.768131
6265,6.265000,42.694013,36.542243,43.268777,-0.574764,-17.044374,0.812391
6266,6.266000,42.601703,36.849233,43.268777,-0.667074,-20.249470,0.786761
6267,6.267000,42.508273,37.154054,43.268777,-0.760504,-24.034864,0.800640
6268,6.268000,42.413873,37.456460,43.268777,-0.854904,-28.208332,0.788831
6269,6.269000,42.318640,37.756166,43.268777,-0.950137,-32.138641,0.780641
6270,6.270000,42.222720,38.052893,43.268777,-1.046057,-36.039898,0.780271
6271,6.271000,42.126250,38.346376,43.268777,-1.142527,-40.557877,0.771901
6272,6.272000,42.029374,38.636314,43.268777,-1.239403,-45.881496,0.769711
6273,6.273000,41.932229,38.922359,43.268777,-1.336548,-50.980095,0.774701
6274,6.274000,41.834950,39.204155,43.268777,-1.433827,-56.179020,0.778591
6275,6.275000,41.737678,39.481355,43.268777,-1.531100,-61.728336,0.783931
6276,6.276000,41.640545,39.753593,43.268777,-1.628232,-66.273262,0.844820
6277,6.277000,41.543683,40.020547,43.268777,-1.725094,-71.035271,0.775771
6278,6.278000,41.447224,40.281918,43.268777,-1.821553,-75.531586,0.770292
6279,6.279000,41.351294,40.537405,43.268777,-1.917483,-79.938377,0.768391
6280,6.280000,41.256019,40.786731,43.268777,-2.012758,-84.513512,0.776591
6281,6.281000,41.161524,41.029605,43.268777,-2.107253,-91.276131,0.775551
6282,6.282000,41.067930,41.265609,43.268777,-2.200847,-95.381294,0.957919
6283,6.283000,40.975353,41.494448,43.268777,-2.293424,-97.767784,0.790501
6284,6.284000,40.883914,41.715954,43.268777,-2.384863,-99.279945,0.781321
6285,6.285000,40.793718,41.930050,43.268777,-2.475059,-100.303078,0.779731
6286,6.286000,40.704874,42.136704,43.268777,-2.563903,-100.978691,0.796021
6287,6.287000,40.617496,42.335903,43.268777,-2.651281,-101.447762,0.766691
6288,6.288000,40.531678,42.527657,43.268777,-2.737099,-101.787766,0.770091
6289,6.289000,40.447523,42.711977,43.268777,-2.821254,-102.025154,0.784821
6290,6.290000,40.365124,42.888875,43.268777,-2.903653,-102.192299,0.778681
6291,6.291000,40.284579,43.058373,43.268777,-2.984198,-102.318367,0.786051
6292,6.292000,40.205973,43.220484,43.268777,-3.062804,-102.412285,0.785541
6293,6.293000,40.129393,43.375226,43.268777,-3.139384,-102.483780,0.776101
6294,6.294000,40.054924,43.522618,43.268777,-3.213853,-102.539909,0.772361
6295,6.295000,39.982640,43.662678,43.268777,-3.286137,-102.579987,0.779371
6296,6.296000,39.912624,43.795422,43.268777,-3.356153,-102.608727,0.780931
6297,6.297000,39.844940,43.920869,43.268777,-3.423837,-102.629326,0.787541
6298,6.298000,39.779664,44.039038,43.268777,-3.489113,-102.641197,0.776901
6299,6.299000,39.716860,44.149947,43.268777,-3.551917,-102.647209,0.782141
6300,6.300000,39.656587,44.253615,43.268777,-3.612190,-102.650093,0.780201
6301,6.301000,39.598906,44.350058,43.268777,-3.669871,-102.651161,0.771451
6302,6.302000,39.543869,44.439301,43.268777,-3.724909,-102.651100,0.765602
6303,6.303000,39.491532,44.521359,43.268777,-3.777245,-102.650269,0.865850
6304,6.304000,39.441942,44.596248,43.268777,-3.826835,-102.649956,0.773581
6305,6.305000,39.395138,44.663997,43.268777,-3.873639,-102.653282,0.779231
6306,6.306000,39.351165,44.724615,43.268777,-3.917612,-102.658348,0.795371
6307,6.307000,39.310061,44.778126,43.268777,-3.958716,-102.663063,0.793071
6308,6.308000,39.271860,44.824544,43.268777,-3.996917,-102.666771,0.780561
6309,6.309000,39.236589,44.863896,43.268777,-4.032189,-102.670654,0.776821
6310,6.310000,39.204272,44.896193,43.268777,-4.064506,-102.675995,0.764952
6311,6.311000,39.174939,44.921461,43.268777,-4.093838,-102.682411,0.779751
6312,6.312000,39.148606,44.939711,43.268777,-4.120172,-102.689903,0.772311
6313,6.313000,39.125287,44.950967,43.268777,-4.143490,-102.697327,0.771101
6314,6.314000,39.104998,44.955246,43.268777,-4.163779,-102.702919,0.776732
6315,6.315000,39.087745,44.952566,43.268777,-4.181032,-102.699997,0.779471
6316,6.316000,39.073531,44.942949,43.268777,-4.195246,-102.677284,0.768701
6317,6.317000,39.062361,44.926413,43.268777,-4.206416,-102.620232,0.763971
6318,6.318000,39.054229,44.902982,43.268777,-4.214548,-102.503433,0.784061
6319,6.319000,39.049134,44.872683,43.268777,-4.219643,-102.281685,0.774281
6320,6.320000,39.047065,44.835551,43.268777,-4.221713,-101.868698,0.786491
6321,6.321000,39.048010,44.791629,43.268777,-4.220767,-101.174164,0.780531
6322,6.322000,39.051948,44.740983,43.268777,-4.216829,-99.893707,0.783561
6323,6.323000,39.058864,44.683719,43.268777,-4.209913,-97.230774,0.858320
6324,6.324000,39.068733,44.620024,43.268777,-4.200044,-91.676544,0.760502
6325,6.325000,39.081530,44.550278,43.268777,-4.187247,-81.509773,0.764081
6326,6.326000,39.097222,44.475163,43.268777,-4.171555,-74.597488,0.770901
6327,6.327000,39.115780,44.395249,43.268777,-4.152997,-71.894188,0.777411
6328,6.328000,39.137165,44.310825,43.268777,-4.131612,-69.854118,0.773371
6329,6.329000,39.161344,44.222043,43.268777,-4.107433,-68.702194,0.774441
6330,6.330000,39.188272,44.128985,43.268777,-4.080505,-67.246475,0.772511
6331,6.331000,39.217905,44.031740,43.268777,-4.050872,-65.504112,0.768772
6332,6.332000,39.250201,43.930404,43.268777,-4.018576,-63.519695,0.765161
6333,6.333000,39.285110,43.825113,43.268777,-3.983667,-61.636490,0.780661
6334,6.334000,39.322584,43.715997,43.268777,-3.946193,-59.842476,0.775491
6335,6.335000,39.362568,43.603187,43.268777,-3.906209,-58.105518,0.775121
6336,6.336000,39.405007,43.486810,43.268777,-3.863770,-56.066242,0.784961
6337,6.337000,39.449848,43.367005,43.268777,-3.818930,-53.991058,0.805180
6338,6.338000,39.497027,43.243925,43.268777,-3.771750,-52.291080,0.803641
6339,6.339000,39.546485,43.117700,43.268777,-3.722293,-50.400978,0.963659
6340,6.340000,39.598158,42.988463,43.268777,-3.670619,-48.276585,0.799391
6341,6.341000,39.651984,42.856367,43.268777,-3.616793,-45.892193,0.999268
6342,6.342000,39.707896,42.721577,43.268777,-3.560882,-43.305256,0.795371
6343,6.343000,39.765822,42.584276,43.268777,-3.502955,-40.633778,0.817831
6344,6.344000,39.825696,42.444660,43.268777,-3.443081,-38.216801,0.815161
6345,6.345000,39.887444,42.302903,43.268777,-3.381333,-36.354122,0.811531
6346,6.346000,39.950996,42.159151,43.268777,-3.317781,-34.991978,0.816260
6347,6.347000,40.016275,42.013501,43.268777,-3.252502,-33.730602,0.815501
6348,6.348000,40.083208,41.866044,43.268777,-3.185569,-32.319649,0.814831
6349,6.349000,40.151714,41.716869,43.268777,-3.117063,-30.785711,0.815820
6350,6.350000,40.221724,41.566086,43.268777,-3.047053,-28.836624,0.810821
6351,6.351000,40.293151,41.413817,43.268777,-2.975627,-27.126163,0.805411
6352,6.352000,40.365916,41.260189,43.268777,-2.902861,-25.291510,0.813861
6353,6.353000,40.439938,41.105328,43.268777,-2.828839,-23.358814,0.809310
6354,6.354000,40.515142,40.949378,43.268777,-2.753635,-21.013054,0.810911
6355,6.355000,40.591435,40.792489,43.268777,-2.677342,-18.860720,0.819471
6356,6.356000,40.668743,40.634817,43.268777,-2.600034,-17.007563,0.825770
6357,6.357000,40.746976,40.476504,43.268777,-2.521801,-15.765642,0.818991
6358,6.358000,40.826052,40.317633,43.268777,-2.442725,-14.348546,0.922939
6359,6.359000,40.905883,40.158302,43.268777,-2.362894,-12.603772,0.817980
6360,6.360000,40.986387,39.998623,43.268777,-2.282390,-10.194850,1.034208
6361,6.361000,41.067479,39.838752,43.268777,-2.201298,-8.117494,0.810381
6362,6.362000,41.149069,39.678837,43.268777,-2.119708,-5.817366,0.818741
6363,6.363000,41.231072,39.519031,43.268777,-2.037705,-3.594458,0.806341
6364,6.364000,41.313403,39.359494,43.268777,-1.955374,-1.453681,0.799911
6365,6.365000,41.395977,39.200372,43.268777,-1.872800,1.020785,0.799270
6366,6.366000,41.478701,39.041829,43.268777,-1.790076,3.861881,0.813850
6367,6.367000,41.561496,38.884055,43.268777,-1.707281,7.156433,0.816251
6368,6.368000,41.644275,38.727265,43.268777,-1.624502,10.266201,0.805251
6369,6.369000,41.726951,38.571683,43.268777,-1.541826,13.019771,0.808281
6370,6.370000,41.809435,38.417495,43.268777,-1.459342,15.631311,0.829340
6371,6.371000,41.891650,38.264885,43.268777,-1.377127,17.712650,0.818061
6372,6.372000,41.973507,38.113986,43.268777,-1.295270,20.283802,0.804241
6373,6.373000,42.054923,37.964961,43.268777,-1.213854,23.429482,0.811860
6374,6.374000,42.135819,37.818013,43.268777,-1.132958,27.067036,0.793931
6375,6.375000,42.216112,37.673373,43.268777,-1.052665,31.545864,0.797920
6376,6.376000,42.295721,37.531340,43.268777,-0.973056,35.303326,0.807831
6377,6.377000,42.374565,37.392175,43.268777,-0.894212,38.661457,0.809941
6378,6.378000,42.452573,37.256110,43.268777,-0.816204,42.139164,0.943629
6379,6.379000,42.529662,37.123372,43.268777,-0.739115,45.148041,0.808871
6380,6.380000,42.605757,36.994162,43.268777,-0.663020,47.632046,0.816731
6381,6.381000,42.680790,36.868641,43.268777,-0.587987,50.058701,0.804661
6382,6.382000,42.754686,36.746954,43.268777,-0.514091,52.682758,0.798870
6383,6.383000,42.827376,36.629263,43.268777,-0.441401,56.340748,0.798470
6384,6.384000,42.898789,36.515783,43.268777,-0.369988,59.605579,0.790351
6385,6.385000,42.968867,36.406735,43.268777,-0.299910,62.325817,0.791451
6386,6.386000,43.037538,36.302295,43.268777,-0.231239,64.658173,0.795391
6387,6.387000,43.104743,36.202619,43.268777,-0.164034,66.550644,0.804061
6388,6.388000,43.170422,36.107812,43.268777,-0.098355,68.501350,0.800851
6389,6.389000,43.234520,36.017995,43.268777,-0.034257,70.551041,0.802361
6390,6.390000,43.296982,35.933277,43.268777,0.028205,72.337837,0.798041
6391,6.391000,43.357754,35.853770,43.268777,0.088977,73.991226,0.804441
6392,6.392000,43.416787,35.779563,43.268777,0.148010,75.331032,0.789101
6393,6.393000,43.474031,35.710736,43.268777,0.205254,76.425323,0.813190
6394,6.394000,43.529448,35.647341,43.268777,0.260671,77.239105,0.797421
6395,6.395000,43.582990,35.589418,43.268777,0.314213,77.788811,0.891960
6396,6.396000,43.634616,35.536986,43.268777,0.365839,78.118942,0.812711
6397,6.397000,43.684295,35.490045,43.268777,0.415518,78.098228,0.963859
6398,6.398000,43.731987,35.448579,43.268777,0.463210,77.777916,0.805941
6399,6.399000,43.777664,35.412543,43.268777,0.508887,77.038795,0.802581
6400,6.400000,43.821295,35.381872,43.268777,0.552518,75.902550,0.799780
6401,6.401000,43.862857,35.356464,43.268777,0.594080,74.204155,0.801420
6402,6.402000,43.902325,35.336189,43.268777,0.633548,72.691559,0.798161
6403,6.403000,43.939676,35.320920,43.268777,0.670899,72.236397,0.795381
6404,6.404000,43.974892,35.310589,43.268777,0.706115,72.548988,0.791171
6405,6.405000,44.007961,35.305193,43.268777,0.739184,73.018944,0.793201
6406,6.406000,44.038864,35.304756,43.268777,0.770087,73.600983,0.797431
6407,6.407000,44.067595,35.309315,43.268777,0.798818,74.334709,0.813951
6408,6.408000,44.094141,35.318908,43.268777,0.825363,74.626808,0.795751
6409,6.409000,44.118500,35.333559,43.268777,0.849723,74.414291,0.800801
6410,6.410000,44.140668,35.353244,43.268777,0.871891,73.829491,0.795831
6411,6.411000,44.160643,35.377914,43.268777,0.891866,72.755959,0.794471
6412,6.412000,44.178429,35.407482,43.268777,0.909651,71.167656,0.787321
6413,6.413000,44.194032,35.441828,43.268777,0.925255,69.183128,0.784231
6414,6.414000,44.207453,35.480791,43.268777,0.938676,67.128830,0.798111
6415,6.415000,44.218710,35.524217,43.268777,0.949932,65.303596,0.798571
6416,6.416000,44.227807,35.571950,43.268777,0.959030,63.471195,0.889220
6417,6.417000,44.234761,35.623852,43.268777,0.965983,61.780678,0.801840
6418,6.418000,44.239593,35.679791,43.268777,0.970816,59.680733,0.795771
6419,6.419000,44.242315,35.739614,43.268777,0.973538,58.297832,0.791211
6420,6.420000,44.242950,35.803210,43.268777,0.974173,56.720173,0.794251
6421,6.421000,44.241522,35.870460,43.268777,0.972745,55.338093,0.789711
6422,6.422000,44.238056,35.941261,43.268777,0.969279,54.383839,0.786061
6423,6.423000,44.232578,36.015536,43.268777,0.963801,53.451618,0.794271
6424,6.424000,44.225116,36.093219,43.268777,0.956339,52.483295,0.790871
6425,6.425000,44.215704,36.174236,43.268777,0.946927,51.486423,0.798131
6426,6.426000,44.204373,36.258513,43.268777,0.935596,50.500278,0.794391
6427,6.427000,44.191157,36.345977,43.268777,0.922379,49.482460,0.806341
6428,6.428000,44.176093,36.436553,43.268777,0.907315,48.332767,0.792141
6429,6.429000,44.159215,36.530157,43.268777,0.890438,47.157810,0.780071
6430,6.430000,44.140572,36.626698,43.268777,0.871795,46.032917,0.784751
6431,6.431000,44.120198,36.726095,43.268777,0.851421,44.694126,0.796201
6432,6.432000,44.098140,36.828243,43.268777,0.829363,43.274258,0.793811
6433,6.433000,44.074439,36.933042,43.268777,0.805662,41.650864,0.799311
6434,6.434000,44.049143,37.040375,43.268777,0.780366,40.169880,0.947059
6435,6.435000,44.022301,37.150126,43.268777,0.753524,38.465263,0.797011
6436,6.436000,43.993962,37.262179,43.268777,0.725185,36.583969,0.787411
6437,6.437000,43.964176,37.376393,43.268777,0.695399,34.856888,0.789891
6438,6.438000,43.932996,37.492643,43.268777,0.664219,32.796421,0.784652
6439,6.439000,43.900474,37.610785,43.268777,0.631697,30.520576,0.788460
6440,6.440000,43.866661,37.730658,43.268777,0.597884,28.081242,0.797281
6441,6.441000,43.831619,37.852089,43.268777,0.562842,26.001297,0.793781
6442,6.442000,43.795398,37.974926,43.268777,0.526621,23.808121,0.797551
6443,6.443000,43.758058,38.099014,43.268777,0.489281,21.110010,0.794891
6444,6.444000,43.719658,38.224167,43.268777,0.450881,18.576300,0.790351
6445,6.445000,43.680255,38.350211,43.268777,0.411478,16.006758,0.792401
6446,6.446000,43.639909,38.476966,43.268777,0.371132,14.169391,0.780371
6447,6.447000,43.598679,38.604294,43.268777,0.329902,12.410417,0.783071
6448,6.448000,43.556629,38.732073,43.268777,0.287851,10.821400,0.793561
6449,6.449000,43.513814,38.860197,43.268777,0.245036,8.874725,0.800430
6450,6.450000,43.470302,38.988543,43.268777,0.201525,5.972445,0.804651
6451,6.451000,43.426148,39.116927,43.268777,0.157371,2.476043,0.786521
6452,6.452000,43.381421,39.245113,43.268777,0.112643,-0.813445,0.789931
6453,6.453000,43.336181,39.372868,43.268777,0.067404,-4.237324,0.936930
6454,6.454000,43.290487,39.499950,43.268777,0.021710,-7.044189,0.791921
6455,6.455000,43.244400,39.626162,43.268777,-0.024377,-9.112170,0.785581
6456,6.456000,43.197986,39.751356,43.268777,-0.070791,-10.655169,1.042518
6457,6.457000,43.151308,39.875426,43.268777,-0.117469,-11.681272,1.037778
6458,6.458000,43.104422,39.998308,43.268777,-0.164355,-12.559385,0.787421
6459,6.459000,43.057390,40.119961,43.268777,-0.211388,-13.609408,0.784331
6460,6.460000,43.010275,40.240322,43.268777,-0.258502,-14.835475,0.778461
6461,6.461000,42.963136,40.359328,43.268777,-0.305641,-16.430050,0.788991
6462,6.462000,42.916032,40.476876,43.268777,-0.352745,-18.225348,0.786161
6463,6.463000,42.869023,40.592856,43.268777,-0.399754,-20.542988,0.790911
6464,6.464000,42.822165,40.707115,43.268777,-0.446612,-22.744553,0.794961
6465,6.465000,42.775518,40.819505,43.268777,-0.493259,-24.815897,0.791821
6466,6.466000,42.729138,40.929881,43.268777,-0.539640,-26.622482,0.782781
6467,6.467000,42.683082,41.038119,43.268777,-0.585696,-28.750919,0.782040
6468,6.468000,42.637405,41.144086,43.268777,-0.631372,-30.765146,0.782771
6469,6.469000,42.592158,41.247649,43.268777,-0.676619,-32.502357,1.103487
6470,6.470000,42.547400,41.348691,43.268777,-0.721377,-34.116051,0.864220
6471,6.471000,42.503181,41.447111,43.268777,-0.765596,-35.983402,0.887500
6472,6.472000,42.459550,41.542795,43.268777,-0.809227,-38.214760,0.887520
6473,6.473000,42.416561,41.635600,43.268777,-0.852216,-40.023743,0.791591
6474,6.474000,42.374258,41.725410,43.268777,-0.894519,-41.534283,0.787701
6475,6.475000,42.332689,41.812127,43.268777,-0.936088,-42.822315,0.798001
6476,6.476000,42.291903,41.895667,43.268777,-0.976874,-43.889503,0.787011
6477,6.477000,42.251940,41.975969,43.268777,-1.016838,-44.684002,0.782101
6478,6.478000,42.212847,42.052990,43.268777,-1.055930,-45.617764,0.785141
6479,6.479000,42.174666,42.126688,43.268777,-1.094111,-46.614208,0.779492
6480,6.480000,42.137431,42.197001,43.268777,-1.131346,-47.366974,0.774501
6481,6.481000,42.101187,42.263892,43.268777,-1.167590,-47.893734,0.784631
6482,6.482000,42.065971,42.327338,43.268777,-1.202807,-48.270435,0.784091
6483,6.483000,42.031809,42.387317,43.268777,-1.236968,-48.533649,0.797881
6484,6.484000,41.998744,42.443830,43.268777,-1.270033,-48.711872,0.806411
6485,6.485000,41.966806,42.496874,43.268777,-1.301971,-49.081417,0.784771
6486,6.486000,41.936026,42.546437,43.268777,-1.332751,-49.583374,0.781291
6487,6.487000,41.906428,42.592503,43.268777,-1.362350,-50.125637,0.787641
6488,6.488000,41.878041,42.635041,43.268777,-1.390736,-50.653114,0.960599
6489,6.489000,41.850895,42.674025,43.268777,-1.417882,-51.078140,0.777121
6490,6.490000,41.825005,42.709436,43.268777,-1.443772,-51.460232,0.781401
6491,6.491000,41.800399,42.741258,43.268777,-1.468378,-51.770046,0.786561
6492,6.492000,41.777098,42.769473,43.268777,-1.491679,-52.178326,0.790451
6493,6.493000,41.755115,42.794072,43.268777,-1.513662,-52.551174,0.789101
6494,6.494000,41.734471,42.815034,43.268777,-1.534306,-52.755161,0.790491
6495,6.495000,41.715179,42.832359,43.268777,-1.553598,-52.818356,0.785891
6496,6.496000,41.697253,42.846046,43.268777,-1.571524,-52.770233,0.777011
6497,6.497000,41.680700,42.856114,43.268777,-1.588077,-52.611160,0.788061
6498,6.498000,41.665537,42.862582,43.268777,-1.603240,-52.297962,0.784121
6499,6.499000,41.651764,42.865482,43.268777,-1.617013,-51.877285,0.787731
6500,6.500000,41.639391,42.864857,43.268777,-1.629386,-51.623280,0.785271
6501,6.501000,41.628418,42.860735,43.268777,-1.640359,-51.447361,0.783351
6502,6.502000,41.618856,42.853146,43.268777,-1.649921,-51.352234,0.787771
6503,6.503000,41.610694,42.842102,43.268777,-1.658083,-51.430347,0.774511
6504,6.504000,41.603942,42.827608,43.268777,-1.664835,-51.404133,0.769711
6505,6.505000,41.598588,42.809679,43.268777,-1.670190,-51.254955,0.782532
6506,6.506000,41.594633,42.788325,43.268777,-1.674144,-50.988029,0.787291
6507,6.507000,41.592068,42.763575,43.268777,-1.676709,-50.601711,0.805850
6508,6.508000,41.590886,42.735466,43.268777,-1.677891,-50.092686,0.801710
6509,6.509000,41.591074,42.704037,43.268777,-1.677703,-49.482464,0.876630
6510,6.510000,41.592628,42.669343,43.268777,-1.676149,-48.716572,0.792381
6511,6.511000,41.595528,42.631445,43.268777,-1.673249,-47.544750,0.770392
6512,6.512000,41.599759,42.590430,43.268777,-1.669018,-46.136738,0.769591
6513,6.513000,41.605308,42.546403,43.268777,-1.663469,-44.914814,0.777521
6514,6.514000,41.612156,42.499466,43.268777,-1.656621,-43.612530,0.784131
6515,6.515000,41.620287,42.449714,43.268777,-1.648490,-42.362438,0.786651
6516,6.516000,41.629672,42.397248,43.268777,-1.639105,-41.018219,0.783131
6517,6.517000,41.640296,42.342166,43.268777,-1.628481,-39.470051,0.776672
6518,6.518000,41.652133,42.284578,43.268777,-1.616644,-36.848240,1.156606
6519,6.519000,41.665155,42.224656,43.268777,-1.603623,-34.849731,1.270236
6520,6.520000,41.679341,42.162563,43.268777,-1.589436,-32.905865,1.249696
6521,6.521000,41.694658,42.098438,43.268777,-1.574120,-30.898243,1.300766
6522,6.522000,41.711084,42.032427,43.268777,-1.557693,-28.815536,0.948859
6523,6.523000,41.728583,41.964675,43.268777,-1.540194,-27.179937,1.241006
6524,6.524000,41.747127,41.895308,43.268777,-1.521650,-25.806187,0.862130
6525,6.525000,41.766685,41.824417,43.268777,-1.502092,-24.533934,0.861710
6526,6.526000,41.787224,41.752099,43.268777,-1.481553,-23.246712,0.897250
6527,6.527000,41.808711,41.678436,43.268777,-1.460066,-21.948524,0.786721
6528,6.528000,41.831111,41.603516,43.268777,-1.437666,-20.673103,0.783341
6529,6.529000,41.854388,41.527427,43.268777,-1.414389,-19.609283,0.782181
6530,6.530000,41.878509,41.450243,43.268777,-1.390268,-18.475428,0.780182
6531,6.531000,41.903436,41.372047,43.268777,-1.365341,-17.313093,0.782991
6532,6.532000,41.929131,41.292909,43.268777,-1.339646,-16.678743,0.782441
6533,6.533000,41.955557,41.212887,43.268777,-1.313220,-16.008524,0.770391
6534,6.534000,41.982680,41.132021,43.268777,-1.286097,-15.265086,0.779811
6535,6.535000,42.010455,41.050362,43.268777,-1.258322,-14.498543,0.782521
6536,6.536000,42.038844,40.967960,43.268777,-1.229933,-13.615174,0.787100
6537,6.537000,42.067811,40.884874,43.268777,-1.200966,-12.579021,0.785821
6538,6.538000,42.097311,40.801173,43.268777,-1.171466,-11.170134,0.787421
6539,6.539000,42.127306,40.716954,43.268777,-1.141471,-9.800429,0.783031
6540,6.540000,42.157758,40.632310,43.268777,-1.111019,-8.618979,0.777621
6541,6.541000,42.188620,40.547336,43.268777,-1.080157,-7.239730,0.789531
6542,6.542000,42.219851,40.462119,43.268777,-1.048926,-5.705403,0.808431
6543,6.543000,42.251414,40.376766,43.268777,-1.017364,-4.033650,0.782111
6544,6.544000,42.283263,40.291392,43.268777,-0.985514,-2.358872,0.955529
6545,6.545000,42.315358,40.206113,43.268777,-0.953419,-0.695674,0.783321
6546,6.546000,42.347658,40.121043,43.268777,-0.921119,1.239540,0.784241
6547,6.547000,42.380115,40.036315,43.268777,-0.888662,3.496228,0.786301
6548,6.548000,42.412695,39.952078,43.268777,-0.856082,5.520171,0.779121
6549,6.549000,42.445350,39.868473,43.268777,-0.823427,7.361630,0.768192
6550,6.550000,42.478039,39.785630,43.268777,-0.790738,9.109728,0.781971
6551,6.551000,42.510722,39.703664,43.268777,-0.758055,10.470406,0.779151
6552,6.552000,42.543360,39.622672,43.268777,-0.725417,12.027961,0.777081
6553,6.553000,42.575912,39.542752,43.268777,-0.692865,13.431816,0.777721
6554,6.554000,42.608332,39.463993,43.268777,-0.660445,14.757007,0.775322
6555,6.555000,42.640588,39.386477,43.268777,-0.628190,15.910495,0.775811
6556,6.556000,42.672635,39.310286,43.268777,-0.596142,16.889259,0.766871
6557,6.557000,42.704433,39.235472,43.268777,-0.564344,17.827446,0.767051
6558,6.558000,42.735951,39.162102,43.268777,-0.532826,19.201904,0.772852
6559,6.559000,42.767148,39.090248,43.268777,-0.501630,20.373964,0.787741
6560,6.560000,42.797982,39.019993,43.268777,-0.470795,21.598831,0.773661
6561,6.561000,42.828425,38.951411,43.268777,-0.440353,22.919161,0.777111
6562,6.562000,42.858436,38.884588,43.268777,-0.410341,24.057964,0.776681
6563,6.563000,42.887984,38.819599,43.268777,-0.380793,25.156441,0.772961
6564,6.564000,42.917033,38.756512,43.268777,-0.351744,26.093639,0.976189
6565,6.565000,42.945549,38.695388,43.268777,-0.323228,26.918827,0.770621
6566,6.566000,42.973501,38.636280,43.268777,-0.295276,27.707037,0.775732
6567,6.567000,43.000860,38.579224,43.268777,-0.267918,28.587662,0.784211
6568,6.568000,43.027593,38.524282,43.268777,-0.241184,29.447264,0.778401
6569,6.569000,43.053671,38.471498,43.268777,-0.215107,30.246487,0.772621
6570,6.570000,43.079065,38.420924,43.268777,-0.189712,31.079548,0.778631
6571,6.571000,43.103753,38.372607,43.268777,-0.165024,31.968519,0.764761
6572,6.572000,43.127703,38.326602,43.268777,-0.141074,32.799438,0.761921
6573,6.573000,43.150895,38.282954,43.268777,-0.117882,33.534100,0.768671
6574,6.574000,43.173298,38.241717,43.268777,-0.095479,34.187859,0.767392
6575,6.575000,43.194898,38.202918,43.268777,-0.073879,34.775185,0.774421
6576,6.576000,43.215666,38.166598,43.268777,-0.053112,35.315792,0.769981
6577,6.577000,43.235586,38.132782,43.268777,-0.033191,35.793530,0.770651
6578,6.578000,43.254639,38.101493,43.268777,-0.014138,36.193222,0.765461
6579,6.579000,43.272804,38.072755,43.268777,0.004026,36.511990,0.894620
6580,6.580000,43.290067,38.046578,43.268777,0.021290,36.820889,1.034388
6581,6.581000,43.306408,38.022973,43.268777,0.037631,37.029587,0.856590
6582,6.582000,43.321820,38.001953,43.268777,0.053043,37.186172,1.110327
6583,6.583000,43.336283,37.983515,43.268777,0.067506,37.265789,0.774041
6584,6.584000,43.349793,37.967656,43.268777,0.081016,37.262318,0.766461
6585,6.585000,43.362330,37.954367,43.268777,0.093553,37.167515,0.774321
6586,6.586000,43.373894,37.943641,43.268777,0.105117,36.979763,0.774281
6587,6.587000,43.384470,37.935448,43.268777,0.115693,37.033512,0.768831
6588,6.588000,43.394056,37.929782,43.268777,0.125279,37.157162,0.771031
6589,6.589000,43.402645,37.926647,43.268777,0.133868,37.333530,0.762921
6590,6.590000,43.410234,37.926043,43.268777,0.141457,37.475113,0.753722
6591,6.591000,43.416818,37.927979,43.268777,0.148041,37.702610,0.762281
6592,6.592000,43.422395,37.932460,43.268777,0.153618,38.074490,0.773001
6593,6.593000,43.426968,37.939505,43.268777,0.158191,38.302265,0.774601
6594,6.594000,43.430536,37.949122,43.268777,0.161759,38.469814,0.775021
6595,6.595000,43.433101,37.961324,43.268777,0.164324,38.689831,0.767381
6596,6.596000,43.434665,37.976115,43.268777,0.165888,38.863819,0.769602
6597,6.597000,43.435239,37.993498,43.268777,0.166462,38.886848,0.760301
6598,6.598000,43.434822,38.013469,43.268777,0.166045,38.786007,0.786591
6599,6.599000,43.433426,38.036019,43.268777,0.164649,38.661236,0.778731
6600,6.600000,43.431056,38.061127,43.268777,0.162278,38.437866,0.764981
6601,6.601000,43.427726,38.088772,43.268777,0.158949,38.077290,0.778741
6602,6.602000,43.423443,38.118920,43.268777,0.154666,37.543953,0.856930
6603,6.603000,43.418225,38.151531,43.268777,0.149448,36.757877,0.779171
6604,6.604000,43.412081,38.186543,43.268777,0.143304,35.789806,0.763912
6605,6.605000,43.405026,38.223880,43.268777,0.136249,34.692173,0.767291
6606,6.606000,43.397075,38.263461,43.268777,0.128298,33.622845,0.768971
6607,6.607000,43.388251,38.305200,43.268777,0.119474,32.469997,0.785631
6608,6.608000,43.378569,38.349012,43.268777,0.109792,31.125845,0.779151
6609,6.609000,43.368047,38.394799,43.268777,0.099270,29.813156,0.768072
6610,6.610000,43.356706,38.442463,43.268777,0.087928,28.445061,0.774981
6611,6.611000,43.344565,38.491903,43.268777,0.075788,27.055378,0.765891
6612,6.612000,43.331649,38.543020,43.268777,0.062872,25.656210,0.761091
6613,6.613000,43.317982,38.595712,43.268777,0.049205,24.098942,0.767972
6614,6.614000,43.303587,38.649872,43.268777,0.034810,22.442104,0.776791
6615,6.615000,43.288486,38.705384,43.268777,0.019709,20.672939,0.774441
6616,6.616000,43.272708,38.762119,43.268777,0.003931,19.449226,0.770401
6617,6.617000,43.256278,38.819988,43.268777,-0.012499,18.049099,0.773341
6618,6.618000,43.239223,38.878892,43.268777,-0.029554,16.551178,0.914069
6619,6.619000,43.221567,38.938727,43.268777,-0.047210,15.347367,0.842241
6620,6.620000,43.203340,38.999414,43.268777,-0.065437,14.024152,0.768581
6621,6.621000,43.184575,39.060858,43.268777,-0.084203,12.854046,0.978589
6622,6.622000,43.165293,39.122979,43.268777,-0.103484,11.788320,0.785711
6623,6.623000,43.145526,39.185704,43.268777,-0.123251,10.809509,0.775181
6624,6.624000,43.125309,39.248965,43.268777,-0.143468,9.799040,0.774411
6625,6.625000,43.104665,39.312694,43.268777,-0.164112,8.734239,0.774581
6626,6.626000,43.083624,39.376823,43.268777,-0.185153,7.575877,0.771181
6627,6.627000,43.062225,39.441272,43.268777,-0.206552,6.083572,0.768631
6628,6.628000,43.040488,39.505947,43.268777,-0.228289,4.563422,0.764232
6629,6.629000,43.018454,39.570739,43.268777,-0.250323,3.081578,0.770381
6630,6.630000,42.996147,39.635543,43.268777,-0.272630,1.545089,0.771861
6631,6.631000,42.973600,39.700256,43.268777,-0.295177,0.312193,0.775141
6632,6.632000,42.950845,39.764791,43.268777,-0.317932,-0.781689,0.770122
6633,6.633000,42.927913,39.829070,43.268777,-0.340864,-1.763321,0.774371
6634,6.634000,42.904837,39.893028,43.268777,-0.363940,-2.710442,0.763321
6635,6.635000,42.881645,39.956607,43.268777,-0.387132,-3.658512,0.770571
6636,6.636000,42.858372,40.019741,43.268777,-0.410406,-4.596251,0.786061
6637,6.637000,42.835046,40.082378,43.268777,-0.433731,-5.518619,1.166967
6638,6.638000,42.811697,40.144451,43.268777,-0.457080,-6.393338,0.883260
6639,6.639000,42.788359,40.205905,43.268777,-0.480418,-7.215383,0.888000
6640,6.640000,42.765061,40.266687,43.268777,-0.503716,-7.899890,0.869390
6641,6.641000,42.741835,40.326752,43.268777,-0.526942,-8.560477,0.775591
6642,6.642000,42.718704,40.386058,43.268777,-0.550073,-9.205331,0.773641
6643,6.643000,42.695707,40.444569,43.268777,-0.573070,-9.820010,0.775631
6644,6.644000,42.672867,40.502240,43.268777,-0.595910,-10.343620,0.781731
6645,6.645000,42.650211,40.559043,43.268777,-0.618566,-10.826046,0.777041
6646,6.646000,42.627774,40.614948,43.268777,-0.641003,-11.243820,0.769371
6647,6.647000,42.605583,40.669928,43.268777,-0.663194,-11.569574,0.771571
6648,6.648000,42.583658,40.723965,43.268777,-0.685119,-11.851774,0.774361
6649,6.649000,42.562037,40.777046,43.268777,-0.706740,-12.136037,0.774531
6650,6.650000,42.540740,40.829153,43.268777,-0.728037,-12.411526,0.778531
6651,6.651000,42.519792,40.880274,43.268777,-0.748985,-12.859544,0.776671
6652,6.652000,42.499227,40.930383,43.268777,-0.769551,-13.443391,0.776822
6653,6.653000,42.479060,40.979445,43.268777,-0.789717,-14.101962,0.765711
6654,6.654000,42.459325,41.027416,43.268777,-0.809453,-14.748195,0.764291
6655,6.655000,42.440040,41.074258,43.268777,-0.828738,-15.341069,0.794061
6656,6.656000,42.421229,41.119928,43.268777,-0.847548,-16.023184,1.151007
6657,6.657000,42.402917,41.164386,43.268777,-0.865860,-17.084045,0.911200
6658,6.658000,42.385128,41.207563,43.268777,-0.883649,-18.089289,1.018848
6659,6.659000,42.367882,41.249391,43.268777,-0.900895,-19.440182,0.772591
6660,6.660000,42.351203,41.289788,43.268777,-0.917574,-20.735380,0.769132
6661,6.661000,42.335104,41.328662,43.268777,-0.933673,-22.126892,0.776851
6662,6.662000,42.319613,41.365924,43.268777,-0.949164,-23.385761,0.779371
6663,6.663000,42.304744,41.401485,43.268777,-0.964033,-24.459667,0.771871
6664,6.664000,42.290516,41.435274,43.268777,-0.978261,-25.424484,0.764292
6665,6.665000,42.276945,41.467233,43.268777,-0.991832,-26.412010,0.759441
6666,6.666000,42.264053,41.497299,43.268777,-1.004724,-27.323431,0.757901
6667,6.667000,42.251847,41.525416,43.268777,-1.016930,-28.340885,0.771392
6668,6.668000,42.240349,41.551524,43.268777,-1.028428,-29.370253,0.771761
6669,6.669000,42.229567,41.575563,43.268777,-1.039210,-30.241695,0.775411
6670,6.670000,42.219517,41.597474,43.268777,-1.049260,-31.007126,0.767981
6671,6.671000,42.210207,41.617213,43.268777,-1.058570,-31.742130,0.767141
6672,6.672000,42.201652,41.634736,43.268777,-1.067125,-32.388393,0.760671
6673,6.673000,42.193859,41.650009,43.268777,-1.074918,-32.905788,0.769601
6674,6.674000,42.186834,41.663000,43.268777,-1.081943,-33.321156,0.781841
6675,6.675000,42.180588,41.673692,43.268777,-1.088189,-33.641834,0.926529
6676,6.676000,42.175124,41.682073,43.268777,-1.093653,-33.923481,0.775441
6677,6.677000,42.170449,41.688124,43.268777,-1.098329,-34.257236,0.871051
6678,6.678000,42.166566,41.691840,43.268777,-1.102212,-34.552319,0.775091
6679,6.679000,42.163475,41.693206,43.268777,-1.105302,-34.798119,0.790111
6680,6.680000,42.161183,41.692212,43.268777,-1.107594,-34.961872,0.763671
6681,6.681000,42.159688,41.688855,43.268777,-1.109090,-35.051132,0.770241
6682,6.682000,42.158987,41.683135,43.268777,-1.109790,-35.032040,0.766132
6683,6.683000,42.159083,41.675058,43.268777,-1.109694,-34.941895,0.768531
6684,6.684000,42.159968,41.664642,43.268777,-1.108809,-34.787212,0.774951
6685,6.685000,42.161638,41.651901,43.268777,-1.107140,-34.564762,0.772891
6686,6.686000,42.164093,41.636861,43.268777,-1.104684,-34.283031,0.767102
6687,6.687000,42.167324,41.619546,43.268777,-1.101453,-33.972088,0.764251
6688,6.688000,42.171319,41.599984,43.268777,-1.097458,-33.597633,0.770021
6689,6.689000,42.176077,41.578213,43.268777,-1.092700,-33.146206,0.776742
6690,6.690000,42.181585,41.554266,43.268777,-1.087192,-32.604633,0.775641
6691,6.691000,42.187831,41.528185,43.268777,-1.080946,-31.975319,0.780731
6692,6.692000,42.194808,41.500021,43.268777,-1.073969,-31.270927,0.773791
6693,6.693000,42.202496,41.469832,43.268777,-1.066281,-30.542782,0.769831
6694,6.694000,42.210890,41.437668,43.268777,-1.057887,-29.738312,1.173677
6695,6.695000,42.219967,41.403592,43.268777,-1.048810,-28.829868,0.867260
6696,6.696000,42.229718,41.367673,43.268777,-1.039060,-27.848524,0.999409
6697,6.697000,42.240123,41.329980,43.268777,-1.028654,-26.906008,0.777691
6698,6.698000,42.251164,41.290587,43.268777,-1.017613,-25.670031,0.778051
6699,6.699000,42.262827,41.249582,43.268777,-1.005950,-24.008190,0.773791
6700,6.700000,42.275090,41.207074,43.268777,-0.993687,-22.189487,0.769711
6701,6.701000,42.287931,41.163197,43.268777,-0.980846,-20.658958,0.772351
6702,6.702000,42.301335,41.118067,43.268777,-0.967442,-19.429363,0.772211
6703,6.703000,42.315279,41.071775,43.268777,-0.953498,-18.096502,0.784741
6704,6.704000,42.329742,41.024415,43.268777,-0.939035,-16.885786,0.769521
6705,6.705000,42.344700,40.976074,43.268777,-0.924077,-16.190907,0.772971
6706,6.706000,42.360130,40.926797,43.268777,-0.908647,-15.444007,0.765961
6707,6.707000,42.376010,40.876643,43.268777,-0.892767,-14.617599,0.773101
6708,6.708000,42.392317,40.825659,43.268777,-0.876460,-13.719454,0.795421
6709,6.709000,42.409024,40.773907,43.268777,-0.859753,-12.773913,0.771861
6710,6.710000,42.426109,40.721448,43.268777,-0.842668,-11.722492,0.776222
6711,6.711000,42.443547,40.668357,43.268777,-0.825230,-10.500559,0.775851
6712,6.712000,42.461312,40.614712,43.268777,-0.807465,-9.526918,0.777731
6713,6.713000,42.479375,40.560587,43.268777,-0.789403,-8.535341,0.858920
6714,6.714000,42.497717,40.506051,43.268777,-0.771060,-7.413786,0.775191
6715,6.715000,42.516309,40.451181,43.268777,-0.752468,-6.190254,0.885880
6716,6.716000,42.535119,40.396054,43.268777,-0.733658,-4.977180,0.776921
6717,6.717000,42.554131,40.340760,43.268777,-0.714646,-3.791403,0.777041
6718,6.718000,42.573310,40.285381,43.268777,-0.695467,-2.601928,0.774971
6719,6.719000,42.592629,40.229995,43.268777,-0.676148,-1.441528,0.776771
6720,6.720000,42.612068,40.174681,43.268777,-0.656709,-0.231463,0.769751
6721,6.721000,42.631596,40.119520,43.268777,-0.637182,1.127681,0.770341
6722,6.722000,42.651185,40.064606,43.268777,-0.617593,2.692450,0.772631
6723,6.723000,42.670811,40.010039,43.268777,-0.597966,4.212282,0.778551
6724,6.724000,42.690445,39.955927,43.268777,-0.578333,5.538145,0.779871
6725,6.725000,42.710064,39.902358,43.268777,-0.558713,7.023159,0.780771
6726,6.726000,42.729636,39.849434,43.268777,-0.539141,8.306778,0.773272
6727,6.727000,42.749143,39.797241,43.268777,-0.519634,9.480346,0.781821
6728,6.728000,42.768551,39.745858,43.268777,-0.500226,10.420418,0.771611
6729,6.729000,42.787840,39.695345,43.268777,-0.480938,11.510508,0.768851
6730,6.730000,42.806981,39.645772,43.268777,-0.461796,12.596231,0.775861
6731,6.731000,42.825952,39.597206,43.268777,-0.442825,13.608643,0.773991
6732,6.732000,42.844732,39.549715,43.268777,-0.424045,14.532739,0.768741
6733,6.733000,42.863289,39.503355,43.268777,-0.405488,15.282755,0.774591
6734,6.734000,42.881608,39.458174,43.268777,-0.387169,15.931487,0.961559
6735,6.735000,42.899663,39.414214,43.268777,-0.369114,16.488188,0.774081
6736,6.736000,42.917429,39.371509,43.268777,-0.351348,16.911501,0.762921
6737,6.737000,42.934890,39.330077,43.268777,-0.333887,17.282673,0.780761
6738,6.738000,42.952017,39.289943,43.268777,-0.316760,17.592922,0.771541
6739,6.739000,42.968799,39.251120,43.268777,-0.299978,18.040569,0.779351
6740,6.740000,42.985208,39.213629,43.268777,-0.283569,18.485615,0.777152
6741,6.741000,43.001228,39.177497,43.268777,-0.267549,18.936373,0.779481
6742,6.742000,43.016842,39.142749,43.268777,-0.251935,19.348715,0.777111
6743,6.743000,43.032033,39.109410,43.268777,-0.236745,19.727217,0.768681
6744,6.744000,43.046775,39.077507,43.268777,-0.222002,20.065125,0.761872
6745,6.745000,43.061061,39.047051,43.268777,-0.207716,20.372562,0.774851
6746,6.746000,43.074871,39.018060,43.268777,-0.193906,20.659389,0.794721
6747,6.747000,43.088190,38.990555,43.268777,-0.180587,20.977337,0.783251
6748,6.748000,43.101000,38.964546,43.268777,-0.167777,21.270809,0.777011
6749,6.749000,43.113295,38.940053,43.268777,-0.155482,21.541718,0.777641
6750,6.750000,43.125056,38.917086,43.268777,-0.143721,21.767521,0.859861
6751,6.751000,43.136271,38.895656,43.268777,-0.132506,21.944912,1.093537
6752,6.752000,43.146930,38.875777,43.268777,-0.121847,22.036541,0.902290
6753,6.753000,43.157022,38.857445,43.268777,-0.111756,22.140362,1.021328
6754,6.754000,43.166533,38.840666,43.268777,-0.102245,22.265705,0.779611
6755,6.755000,43.175460,38.825439,43.268777,-0.093317,22.439808,0.780771
6756,6.756000,43.183789,38.811771,43.268777,-0.084988,22.610392,0.767211
6757,6.757000,43.191514,38.799672,43.268777,-0.077263,22.863964,0.777651
6758,6.758000,43.198631,38.789150,43.268777,-0.070146,23.155403,0.774661
6759,6.759000,43.205130,38.780226,43.268777,-0.063647,23.558887,0.778712
6760,6.760000,43.211007,38.772914,43.268777,-0.057770,23.992603,0.778061
6761,6.761000,43.216256,38.767249,43.268777,-0.052521,24.457283,0.776901
6762,6.762000,43.220874,38.763256,43.268777,-0.047904,24.914375,0.773411
6763,6.763000,43.224856,38.760958,43.268777,-0.043922,25.323513,0.767921
6764,6.764000,43.228206,38.760388,43.268777,-0.040571,25.669121,0.772042
6765,6.765000,43.230914,38.761559,43.268777,-0.037863,25.873119,0.770961
6766,6.766000,43.232987,38.764486,43.268777,-0.035790,25.975456,0.770091
6767,6.767000,43.234418,38.769168,43.268777,-0.034359,26.027653,0.775221
6768,6.768000,43.235217,38.775605,43.268777,-0.033560,26.121050,0.771821
6769,6.769000,43.235377,38.783795,43.268777,-0.033400,26.131210,0.777171
6770,6.770000,43.234910,38.793733,43.268777,-0.033867,26.052023,0.853330
6771,6.771000,43.233813,38.805409,43.268777,-0.034964,25.915995,0.772791
6772,6.772000,43.232092,38.818806,43.268777,-0.036685,25.643120,0.772812
6773,6.773000,43.229753,38.833905,43.268777,-0.039024,25.094971,0.774051
6774,6.774000,43.226806,38.850659,43.268777,-0.041972,24.436411,0.771971
6775,6.775000,43.223250,38.869025,43.268777,-0.045527,23.694763,0.768571
6776,6.776000,43.219098,38.888935,43.268777,-0.049679,22.996214,0.772452
6777,6.777000,43.214361,38.910345,43.268777,-0.054416,22.289583,0.767791
6778,6.778000,43.209044,38.933188,43.268777,-0.059733,21.518349,0.777841
6779,6.779000,43.203159,38.957418,43.268777,-0.065618,20.668766,0.780631
6780,6.780000,43.196719,38.982967,43.268777,-0.072058,20.055655,0.781771
6781,6.781000,43.189728,39.009789,43.268777,-0.079049,19.490519,0.783941
6782,6.782000,43.182208,39.037837,43.268777,-0.086569,18.893261,0.778991
6783,6.783000,43.174165,39.067070,43.268777,-0.094612,18.191528,0.778491
6784,6.784000,43.165614,39.097444,43.268777,-0.103163,17.434265,0.769911
6785,6.785000,43.156571,39.128900,43.268777,-0.112206,16.732071,0.770521
6786,6.786000,43.147046,39.161388,43.268777,-0.121731,16.239138,0.776971
6787,6.787000,43.137060,39.194873,43.268777,-0.131717,15.649587,0.783392
6788,6.788000,43.126624,39.229308,43.268777,-0.142153,14.971967,0.782821
6789,6.789000,43.115757,39.264654,43.268777,-0.153020,14.215762,0.777491
6790,6.790000,43.104473,39.300850,43.268777,-0.164304,13.404824,0.782111
6791,6.791000,43.092794,39.337843,43.268777,-0.175983,12.597928,0.776841
6792,6.792000,43.080732,39.375576,43.268777,-0.188045,11.727754,0.859340
6793,6.793000,43.068308,39.413989,43.268777,-0.200469,10.996307,0.776662
6794,6.794000,43.055535,39.453024,43.268777,-0.213242,10.239497,0.775071
6795,6.795000,43.042442,39.492632,43.268777,-0.226335,9.452922,0.783881
6796,6.796000,43.029037,39.532756,43.268777,-0.239740,8.682847,0.784861
6797,6.797000,43.015346,39.573344,43.268777,-0.253431,7.866896,0.776811
6798,6.798000,43.001385,39.614339,43.268777,-0.267392,6.980806,0.776621
6799,6.799000,42.987175,39.655679,43.268777,-0.281602,6.056633,0.770622
6800,6.800000,42.972736,39.697305,43.268777,-0.296041,5.102996,0.768231
6801,6.801000,42.958092,39.739147,43.268777,-0.310685,4.129036,0.774751
6802,6.802000,42.943257,39.781142,43.268777,-0.325520,3.269428,0.780721
6803,6.803000,42.928251,39.823227,43.268777,-0.340526,2.431177,0.778421
6804,6.804000,42.913102,39.865342,43.268777,-0.355675,1.652910,0.772452
6805,6.805000,42.897823,39.907436,43.268777,-0.370954,0.885923,0.774661
6806,6.806000,42.882438,39.949462,43.268777,-0.386339,0.293799,0.766181
6807,6.807000,42.866967,39.991372,43.268777,-0.401810,-0.287257,0.775772
6808,6.808000,42.851432,40.033135,43.268777,-0.417345,-0.885609,0.889439
6809,6.809000,42.835849,40.074707,43.268777,-0.432928,-1.492975,0.772602
6810,6.810000,42.820245,40.116054,43.268777,-0.448532,-2.106466,0.775761
6811,6.811000,42.804635,40.157134,43.268777,-0.464142,-2.739321,0.884920
6812,6.812000,42.789042,40.197907,43.268777,-0.479735,-3.371266,0.778621
6813,6.813000,42.773486,40.238328,43.268777,-0.495291,-4.016928,0.788551
6814,6.814000,42.757988,40.278360,43.268777,-0.510789,-4.660572,0.763791
6815,6.815000,42.742566,40.317954,43.268777,-0.526211,-5.373043,0.768382
6816,6.816000,42.727239,40.357067,43.268777,-0.541538,-6.109704,0.775581
6817,6.817000,42.712028,40.395651,43.268777,-0.556749,-6.800238,0.773241
6818,6.818000,42.696950,40.433658,43.268777,-0.571827,-7.459738,0.777471
6819,6.819000,42.682030,40.471043,43.268777,-0.586747,-8.050676,0.780681
6820,6.820000,42.667280,40.507772,43.268777,-0.601497,-8.553555,0.771901
6821,6.821000,42.652725,40.543808,43.268777,-0.616052,-9.015697,0.765041
6822,6.822000,42.638378,40.579127,43.268777,-0.630399,-9.430169,0.769461
6823,6.823000,42.624257,40.613698,43.268777,-0.644521,-9.806698,0.773032
6824,6.824000,42.610381,40.647501,43.268777,-0.658396,-10.169709,0.785701
6825,6.825000,42.596765,40.680518,43.268777,-0.672012,-10.517296,0.776161
6826,6.826000,42.583429,40.712722,43.268777,-0.685348,-10.850667,0.787501
6827,6.827000,42.570390,40.744100,43.268777,-0.698387,-11.184339,0.778871
6828,6.828000,42.557659,40.774628,43.268777,-0.711118,-11.457183,0.925490
6829,6.829000,42.545255,40.804295,43.268777,-0.723522,-11.712466,1.534612
6830,6.830000,42.533193,40.833080,43.268777,-0.735584,-11.968639,0.944759
6831,6.831000,42.521486,40.860975,43.268777,-0.747291,-12.415301,0.784231
6832,6.832000,42.510148,40.887951,43.268777,-0.758629,-12.903478,0.779401
6833,6.833000,42.499196,40.913981,43.268777,-0.769581,-13.420479,0.783611
6834,6.834000,42.488640,40.939030,43.268777,-0.780137,-13.913385,0.780521
6835,6.835000,42.478493,40.963066,43.268777,-0.790284,-14.359479,0.791591
6836,6.836000,42.468771,40.986056,43.268777,-0.800006,-14.757923,0.770671
6837,6.837000,42.459482,41.007984,43.268777,-0.809295,-15.152403,0.767561
6838,6.838000,42.450637,41.028820,43.268777,-0.818141,-15.546405,0.779591
6839,6.839000,42.442246,41.048542,43.268777,-0.826531,-15.943412,0.783641
6840,6.840000,42.434323,41.067131,43.268777,-0.834454,-16.351587,0.781721
6841,6.841000,42.426871,41.084554,43.268777,-0.841906,-16.971313,0.779371
6842,6.842000,42.419908,41.100783,43.268777,-0.848870,-17.596193,0.778691
6843,6.843000,42.413436,41.115772,43.268777,-0.855341,-18.338753,0.783021
6844,6.844000,42.407463,41.129480,43.268777,-0.861314,-18.977362,0.785591
6845,6.845000,42.401995,41.141860,43.268777,-0.866782,-19.578165,0.778512
6846,6.846000,42.397043,41.152877,43.268777,-0.871734,-20.155479,1.011948
6847,6.847000,42.392611,41.162494,43.268777,-0.876166,-20.667246,0.798211
6848,6.848000,42.388704,41.170676,43.268777,-0.880073,-21.067261,1.084848
6849,6.849000,42.385323,41.177404,43.268777,-0.883454,-21.396618,0.797711
6850,6.850000,42.382475,41.182656,43.268777,-0.886302,-21.660101,0.782831
6851,6.851000,42.380163,41.186427,43.268777,-0.888614,-21.872103,0.787021
6852,6.852000,42.378387,41.188698,43.268777,-0.890390,-22.079071,0.785531
6853,6.853000,42.377147,41.189466,43.268777,-0.891630,-22.286299,0.781521
6854,6.854000,42.376450,41.188725,43.268777,-0.892327,-22.436941,0.776761
6855,6.855000,42.376290,41.186464,43.268777,-0.892487,-22.586391,0.776591
6856,6.856000,42.376672,41.182684,43.268777,-0.892105,-22.741653,0.797001
6857,6.857000,42.377588,41.177377,43.268777,-0.891189,-22.856609,0.781541
6858,6.858000,42.379039,41.170536,43.268777,-0.889738,-22.948374,0.781321
6859,6.859000,42.381023,41.162166,43.268777,-0.887754,-22.996075,0.780261
6860,6.860000,42.383537,41.152262,43.268777,-0.885240,-23.047192,0.781091
6861,6.861000,42.386569,41.140828,43.268777,-0.882208,-23.036398,0.782201
6862,6.862000,42.390124,41.127871,43.268777,-0.878653,-22.960224,0.773741
6863,6.863000,42.394188,41.113398,43.268777,-0.874589,-22.822830,0.772861
6864,6.864000,42.398761,41.097422,43.268777,-0.870016,-22.626057,0.869580
6865,6.865000,42.403833,41.079964,43.268777,-0.864944,-22.374735,0.781782
6866,6.866000,42.409392,41.061041,43.268777,-0.859385,-22.077908,0.782791
6867,6.867000,42.415434,41.040684,43.268777,-0.853343,-21.746304,0.998998
6868,6.868000,42.421950,41.018916,43.268777,-0.846827,-21.401127,0.786081
6869,6.869000,42.428923,40.995765,43.268777,-0.839854,-21.057020,0.781201
6870,6.870000,42.436351,40.971262,43.268777,-0.832426,-20.667118,0.780111
6871,6.871000,42.444216,40.945437,43.268777,-0.824561,-20.178146,0.781861
6872,6.872000,42.452511,40.918325,43.268777,-0.816266,-19.612736,0.771521
6873,6.873000,42.461220,40.889969,43.268777,-0.807557,-18.915686,0.778721
6874,6.874000,42.470331,40.860415,43.268777,-0.798446,-18.000816,0.776591
6875,6.875000,42.479829,40.829734,43.268777,-0.788948,-16.921604,0.780211
6876,6.876000,42.489698,40.798001,43.268777,-0.779079,-16.325146,0.779181
6877,6.877000,42.499927,40.765267,43.268777,-0.768850,-15.670022,0.774021
6878,6.878000,42.510500,40.731580,43.268777,-0.758277,-14.933201,0.778801
6879,6.879000,42.521397,40.696989,43.268777,-0.747380,-14.160529,0.776822
6880,6.880000,42.532606,40.661550,43.268777,-0.736171,-13.256178,0.774521
6881,6.881000,42.544108,40.625323,43.268777,-0.724669,-12.327624,0.776601
6882,6.882000,42.555890,40.588379,43.268777,-0.712887,-11.416774,0.776721
6883,6.883000,42.567928,40.550775,43.268777,-0.700849,-10.627612,0.888060
6884,6.884000,42.580205,40.512570,43.268777,-0.688572,-9.765840,0.777731
6885,6.885000,42.592708,40.473830,43.268777,-0.676069,-8.833411,0.781541
6886,6.886000,42.605415,40.434611,43.268777,-0.663362,-7.846236,0.768282
6887,6.887000,42.618311,40.394982,43.268777,-0.650466,-6.707736,0.770241
6888,6.888000,42.631370,40.355018,43.268777,-0.637407,-5.527027,0.773321
6889,6.889000,42.644580,40.314809,43.268777,-0.624197,-4.340917,0.780411
6890,6.890000,42.657919,40.274429,43.268777,-0.610858,-3.161715,0.788441
6891,6.891000,42.671364,40.233964,43.268777,-0.597413,-2.063131,0.795341
6892,6.892000,42.684902,40.193491,43.268777,-0.583875,-1.049783,0.779792
6893,6.893000,42.698511,40.153077,43.268777,-0.570266,-0.034504,0.778251
6894,6.894000,42.712171,40.112789,43.268777,-0.556606,1.038619,0.782711
6895,6.895000,42.725866,40.072699,43.268777,-0.542911,2.293339,0.783631
6896,6.896000,42.739571,40.032890,43.268777,-0.529206,3.566003,0.782031
6897,6.897000,42.753272,39.993449,43.268777,-0.515505,4.655326,0.785421
6898,6.898000,42.766946,39.954448,43.268777,-0.501831,5.683336,0.792931
6899,6.899000,42.780576,39.915960,43.268777,-0.488201,6.683883,0.786091
6900,6.900000,42.794140,39.878046,43.268777,-0.474637,7.573316,0.775701
6901,6.901000,42.807627,39.840770,43.268777,-0.461150,8.413697,0.770341
6902,6.902000,42.821014,39.804181,43.268777,-0.447763,9.220458,0.782131
6903,6.903000,42.834281,39.768336,43.268777,-0.434496,9.918919,0.862660
6904,6.904000,42.847412,39.733277,43.268777,-0.421365,10.394925,0.785361
6905,6.905000,42.860393,39.699030,43.268777,-0.408384,10.832693,0.791911
6906,6.906000,42.873207,39.665627,43.268777,-0.395570,11.347293,0.774521
6907,6.907000,42.885829,39.633095,43.268777,-0.382948,11.777719,0.776721
6908,6.908000,42.898253,39.601454,43.268777,-0.370524,12.181345,0.779652
6909,6.909000,42.910459,39.570735,43.268777,-0.358319,12.561313,0.768851
6910,6.910000,42.922432,39.540959,43.268777,-0.346345,12.918425,0.779531
6911,6.911000,42.934152,39.512142,43.268777,-0.334625,13.262053,0.778691
6912,6.912000,42.945614,39.484306,43.268777,-0.323164,13.580817,0.783231
6913,6.913000,42.956798,39.457470,43.268777,-0.311979,13.833163,0.779182
6914,6.914000,42.967692,39.431649,43.268777,-0.301085,14.055115,0.777731
6915,6.915000,42.978282,39.406852,43.268777,-0.290495,14.263593,0.780151
6916,6.916000,42.988555,39.383089,43.268777,-0.280222,14.459677,0.774731
6917,6.917000,42.998500,39.360376,43.268777,-0.270277,14.643279,0.773181
6918,6.918000,43.008103,39.338717,43.268777,-0.260674,14.810657,0.794571
6919,6.919000,43.017358,39.318121,43.268777,-0.251419,14.995313,0.781382
6920,6.920000,43.026247,39.298593,43.268777,-0.242530,15.197284,0.791451
6921,6.921000,43.034765,39.280148,43.268777,-0.234013,15.388587,0.780511
6922,6.922000,43.042903,39.262796,43.268777,-0.225874,15.589124,0.785461
6923,6.923000,43.050648,39.246547,43.268777,-0.218129,15.812055,0.773171
6924,6.924000,43.057994,39.231411,43.268777,-0.210783,16.014950,0.856020
6925,6.925000,43.064934,39.217403,43.268777,-0.203844,16.196255,0.779861
6926,6.926000,43.071456,39.204524,43.268777,-0.197321,16.415323,0.780792
6927,6.927000,43.077559,39.192797,43.268777,-0.191218,16.663990,0.791361
6928,6.928000,43.083232,39.182227,43.268777,-0.185546,16.893623,0.780771
6929,6.929000,43.088470,39.172829,43.268777,-0.180307,17.118261,0.778871
6930,6.930000,43.093269,39.164615,43.268777,-0.175509,17.315331,0.774631
6931,6.931000,43.097623,39.157597,43.268777,-0.171154,17.565598,0.775351
6932,6.932000,43.101530,39.151788,43.268777,-0.167247,17.831316,0.773511
6933,6.933000,43.104986,39.147202,43.268777,-0.163791,18.051760,0.779501
6934,6.934000,43.107988,39.143848,43.268777,-0.160789,18.253548,0.780051
6935,6.935000,43.110532,39.141745,43.268777,-0.158245,18.423771,0.782991
6936,6.936000,43.112615,39.140891,43.268777,-0.156162,18.556337,0.778691
6937,6.937000,43.114244,39.141301,43.268777,-0.154533,18.639908,0.785261
6938,6.938000,43.115409,39.142967,43.268777,-0.153368,18.764595,0.794791
6939,6.939000,43.116116,39.145904,43.268777,-0.152662,18.909897,0.772951
6940,6.940000,43.116365,39.150112,43.268777,-0.152412,19.028812,0.779741
6941,6.941000,43.116153,39.155593,43.268777,-0.152624,19.033745,0.776412
6942,6.942000,43.115491,39.162348,43.268777,-0.153287,18.873924,0.772311
6943,6.943000,43.114370,39.170363,43.268777,-0.154407,18.645752,0.776711
6944,6.944000,43.112806,39.179621,43.268777,-0.155971,18.369972,1.209366
6945,6.945000,43.110791,39.190095,43.268777,-0.157986,18.063759,0.867500
6946,6.946000,43.108339,39.201761,43.268777,-0.160438,17.716206,0.802670
6947,6.947000,43.105450,39.214589,43.268777,-0.163327,17.325832,0.781442
6948,6.948000,43.102131,39.228549,43.268777,-0.166646,16.959711,0.782001
6949,6.949000,43.098388,39.243613,43.268777,-0.170389,16.632168,0.769791
6950,6.950000,43.094228,39.259753,43.268777,-0.174549,16.257969,0.774861
6951,6.951000,43.089659,39.276941,43.268777,-0.179118,15.811383,0.773431
6952,6.952000,43.084686,39.295144,43.268777,-0.184091,15.340591,0.773361
6953,6.953000,43.079321,39.314326,43.268777,-0.189456,14.876114,0.781112
6954,6.954000,43.073570,39.334455,43.268777,-0.195207,14.429156,0.781991
6955,6.955000,43.067444,39.355495,43.268777,-0.201333,13.965596,0.772681
6956,6.956000,43.060952,39.377413,43.268777,-0.207826,13.489729,0.763791
6957,6.957000,43.054104,39.400175,43.268777,-0.214673,12.981712,0.770811
6958,6.958000,43.046912,39.423743,43.268777,-0.221865,12.476684,0.776341
6959,6.959000,43.039385,39.448082,43.268777,-0.229392,11.945729,0.780941
6960,6.960000,43.031537,39.473149,43.268777,-0.237240,11.395768,1.017038
6961,6.961000,43.023379,39.498912,43.268777,-0.245398,10.951115,0.884900
6962,6.962000,43.014919,39.525331,43.268777,-0.253858,10.524349,1.171477
6963,6.963000,43.006177,39.552382,43.268777,-0.262600,10.066585,0.783101
6964,6.964000,42.997161,39.580028,43.268777,-0.271616,9.592136,0.781821
6965,6.965000,42.987882,39.608240,43.268777,-0.280895,8.999427,0.773941
6966,6.966000,42.978361,39.636974,43.268777,-0.290416,8.381038,0.775801
6967,6.967000,42.968604,39.666187,43.268777,-0.300173,7.703212,0.780931
6968,6.968000,42.958628,39.695833,43.268777,-0.310149,6.998212,0.766841
6969,6.969000,42.948451,39.725862,43.268777,-0.320326,6.272814,0.776391
6970,6.970000,42.938083,39.756226,43.268777,-0.330694,5.618607,0.770842
6971,6.971000,42.927537,39.786873,43.268777,-0.341240,4.932408,0.787761
6972,6.972000,42.916831,39.817756,43.268777,-0.351946,4.225935,0.774231
6973,6.973000,42.905981,39.848830,43.268777,-0.362796,3.497862,0.773351
6974,6.974000,42.895002,39.880044,43.268777,-0.373775,2.856998,0.775991
6975,6.975000,42.883903,39.911353,43.268777,-0.384874,2.243167,0.770872
6976,6.976000,42.872705,39.942714,43.268777,-0.396072,1.617419,0.768351
6977,6.977000,42.861425,39.974089,43.268777,-0.407352,0.983855,0.791911
6978,6.978000,42.850073,40.005429,43.268777,-0.418704,0.391275,0.942259
6979,6.979000,42.838666,40.036701,43.268777,-0.430111,-0.127343,0.779061
6980,6.980000,42.827219,40.067864,43.268777,-0.441558,-0.647687,0.781551
6981,6.981000,42.815751,40.098886,43.268777,-0.453026,-1.173527,0.883029
6982,6.982000,42.804273,40.129735,43.268777,-0.464504,-1.707659,0.776121
6983,6.983000,42.792802,40.160375,43.268777,-0.475975,-2.246191,0.781281
6984,6.984000,42.781351,40.190769,43.268777,-0.487426,-2.785417,0.769901
6985,6.985000,42.769938,40.220884,43.268777,-0.498839,-3.327018,0.772101
6986,6.986000,42.758576,40.250680,43.268777,-0.510201,-3.859278,0.772141
6987,6.987000,42.747282,40.280125,43.268777,-0.521495,-4.382996,0.779741
6988,6.988000,42.736067,40.309184,43.268777,-0.532710,-4.889080,0.778391
6989,6.989000,42.724947,40.337823,43.268777,-0.543830,-5.367101,0.784571
6990,6.990000,42.713937,40.366015,43.268777,-0.554840,-5.828519,0.774241
6991,6.991000,42.703053,40.393725,43.268777,-0.565724,-6.269965,0.774971
6992,6.992000,42.692306,40.420926,43.268777,-0.576471,-6.708507,0.765101
6993,6.993000,42.681709,40.447591,43.268777,-0.587068,-7.172889,0.773041
6994,6.994000,42.671276,40.473693,43.268777,-0.597502,-7.608052,0.771571
6995,6.995000,42.661020,40.499200,43.268777,-0.607757,-8.011849,0.782251
6996,6.996000,42.650956,40.524089,43.268777,-0.617821,-8.368426,0.775092
6997,6.997000,42.641093,40.548337,43.268777,-0.627684,-8.689239,0.773331
6998,6.998000,42.631449,40.571921,43.268777,-0.637328,-8.993726,0.857530
6999,6.999000,42.622030,40.594830,43.268777,-0.646747,-9.278630,0.769341
7000,7.000000,42.612847,40.617038,16.634676,25.978170,-102.534431,0.787241
7001,7.001000,42.603916,40.633209,16.634676,25.969240,-102.479790,0.777631
7002,7.002000,42.595245,40.641965,16.634676,25.960569,-102.482323,0.780042
7003,7.003000,42.586837,40.643119,16.634676,25.952161,-102.485329,0.794220
7004,7.004000,42.578699,40.636791,16.634676,25.944023,-102.488533,0.785201
7005,7.005000,42.570827,40.623151,16.634676,25.936151,-102.491875,0.779921
7006,7.006000,42.563225,40.602340,16.634676,25.928549,-102.495354,0.772171
7007,7.007000,42.555883,40.574469,16.634676,25.921207,-102.498947,0.785501
7008,7.008000,42.548793,40.539611,16.634676,25.914117,-102.502678,0.781941
7009,7.009000,42.541949,40.497834,16.634676,25.907273,-102.506615,0.780021
7010,7.010000,42.535338,40.449179,16.634676,25.900661,-102.510757,0.786541
7011,7.011000,42.528941,40.393677,16.634676,25.894265,-102.515152,0.786771
7012,7.012000,42.522739,40.331359,16.634676,25.888063,-102.519768,0.784191
7013,7.013000,42.516719,40.262247,16.634676,25.882042,-102.524803,0.787131
7014,7.014000,42.510848,40.186361,16.634676,25.876172,-102.530556,0.776541
7015,7.015000,42.505107,40.103712,16.634676,25.870431,-102.536644,0.777921
7016,7.016000,42.499469,40.014325,16.634676,25.864793,-102.543144,0.886190
7017,7.017000,42.493899,39.918207,16.634676,25.859223,-102.550079,1.149957
7018,7.018000,42.488363,39.815375,16.634676,25.853687,-102.557625,0.783631
7019,7.019000,42.482834,39.705846,16.634676,25.848158,-102.564880,0.876050
7020,7.020000,42.477264,39.589631,16.634676,25.842588,-102.571892,0.787560
7021,7.021000,42.471619,39.466739,16.634676,25.836942,-102.580040,0.783762
7022,7.022000,42.465854,39.337184,16.634676,25.831178,-102.589287,0.792351
7023,7.023000,42.459922,39.200983,16.634676,25.825246,-102.599907,0.801250
7024,7.024000,42.453782,39.058143,16.634676,25.819105,-102.611290,0.783741
7025,7.025000,42.447379,38.908678,16.634676,25.812702,-102.623268,0.780801
7026,7.026000,42.440658,38.752601,16.634676,25.805981,-102.636284,0.774951
7027,7.027000,42.433571,38.589923,16.634676,25.798895,-102.654648,0.792191
7028,7.028000,42.426058,38.420651,16.634676,25.791382,-102.674278,0.789071
7029,7.029000,42.418063,38.244801,16.634676,25.783387,-102.692543,0.784141
7030,7.030000,42.409519,38.062383,16.634676,25.774842,-102.706696,0.787651
7031,7.031000,42.400370,37.873406,16.634676,25.765693,-102.715355,0.778951
7032,7.032000,42.390545,37.677881,16.634676,25.755868,-102.717148,0.778952
7033,7.033000,42.379978,37.475820,16.634676,25.745302,-102.707329,0.773321
7034,7.034000,42.368596,37.267237,16.634676,25.733919,-102.671768,0.783061
7035,7.035000,42.356336,37.052144,16.634676,25.721659,-102.571342,1.098597
7036,7.036000,42.343112,36.830559,16.634676,25.708436,-102.330757,0.899010
7037,7.037000,42.328858,36.602506,16.634676,25.694181,-101.750084,0.851500
7038,7.038000,42.313493,36.368039,16.634676,25.678817,-100.227806,0.775482
7039,7.039000,42.296933,36.127258,16.634676,25.662257,-96.962090,0.789731
7040,7.040000,42.279100,35.880387,16.634676,25.644423,-90.007072,0.781581
7041,7.041000,42.259910,35.627885,16.634676,25.625234,-77.088585,0.783821
7042,7.042000,42.239280,35.370613,16.634676,25.604603,-62.995010,0.786401
7043,7.043000,42.217119,35.109577,16.634676,25.582443,-53.244202,0.783371
7044,7.044000,42.193343,34.845573,16.634676,25.558667,-46.586315,0.773191
7045,7.045000,42.167863,34.579120,16.634676,25.533187,-40.748264,0.772852
7046,7.046000,42.140590,34.310636,16.634676,25.505914,-37.123383,0.791050
7047,7.047000,42.111439,34.040358,16.634676,25.476763,-33.244896,0.786681
7048,7.048000,42.080317,33.768520,16.634676,25.445641,-27.882427,0.789941
7049,7.049000,42.047140,33.495436,16.634676,25.412463,-22.634960,0.784421
7050,7.050000,42.011817,33.221439,16.634676,25.377141,-17.602491,0.779531
7051,7.051000,41.974265,32.946865,16.634676,25.339589,-13.913964,0.782811
7052,7.052000,41.934394,32.671961,16.634676,25.299717,-8.495399,0.772031
7053,7.053000,41.892115,32.397066,16.634676,25.257438,-2.331932,0.798831
7054,7.054000,41.847350,32.122578,16.634676,25.212673,4.679040,1.103648
7055,7.055000,41.800006,31.848957,16.634676,25.165330,12.233304,0.885890
7056,7.056000,41.750006,31.576716,16.634676,25.115330,17.523609,1.114257
7057,7.057000,41.697270,31.306240,16.634676,25.062594,26.049660,0.772121
7058,7.058000,41.641710,31.038063,16.634676,25.007034,35.035427,0.774961
7059,7.059000,41.583254,30.772789,16.634676,24.948577,45.057514,0.785291
7060,7.060000,41.521823,30.511087,16.634676,24.887147,55.349270,0.785992
7061,7.061000,41.457343,30.253657,16.634676,24.822666,64.702934,0.792541
7062,7.062000,41.389744,30.001145,16.634676,24.755068,71.855553,0.801370
7063,7.063000,41.318956,29.754053,16.634676,24.684280,79.454613,0.799371
7064,7.064000,41.244917,29.512861,16.634676,24.610241,86.381302,0.780181
7065,7.065000,41.167562,29.278023,16.634676,24.532885,93.730705,0.771121
7066,7.066000,41.086832,29.049986,16.634676,24.452156,99.118904,0.795271
7067,7.067000,41.002671,28.829108,16.634676,24.367994,102.306046,0.781551
7068,7.068000,40.915029,28.615593,16.634676,24.280353,104.205925,0.799641
7069,7.069000,40.823860,28.409528,16.634676,24.189183,105.442780,0.793231
7070,7.070000,40.729122,28.210944,16.634676,24.094445,106.227097,0.780771
7071,7.071000,40.630767,28.019842,16.634676,23.996090,106.709908,0.801891
7072,7.072000,40.528768,27.836204,16.634676,23.894092,107.033813,0.874510
7073,7.073000,40.423091,27.660005,16.634676,23.788415,107.237236,0.774441
7074,7.074000,40.313709,27.491216,16.634676,23.679033,107.365860,0.774551
7075,7.075000,40.200595,27.329812,16.634676,23.565918,107.445534,0.876420
7076,7.076000,40.083734,27.175764,16.634676,23.449057,107.480431,0.783811
7077,7.077000,39.963102,27.029043,16.634676,23.328426,107.517616,0.786291
7078,7.078000,39.838697,26.889625,16.634676,23.204021,107.533180,0.784962
7079,7.079000,39.710508,26.757486,16.634676,23.075832,107.523994,0.789031
7080,7.080000,39.578528,26.632600,16.634676,22.943852,107.480576,0.785011
7081,7.081000,39.442761,26.514939,16.634676,22.808085,107.425766,0.804521
7082,7.082000,39.303207,26.404480,16.634676,22.668530,107.391281,0.797430
7083,7.083000,39.159875,26.301196,16.634676,22.525199,107.346909,0.793821
7084,7.084000,39.012780,26.205061,16.634676,22.378104,107.253929,0.789291
7085,7.085000,38.861936,26.116048,16.634676,22.227259,107.111702,0.804081
7086,7.086000,38.707362,26.034127,16.634676,22.072685,106.908897,0.785971
7087,7.087000,38.549079,25.959263,16.634676,21.914402,106.598419,0.791631
7088,7.088000,38.387118,25.891412,16.634676,21.752442,106.157265,0.782691
7089,7.089000,38.221510,25.830526,16.634676,21.586833,105.545769,0.785801
7090,7.090000,38.052288,25.776540,16.634676,21.417612,104.662483,0.786281
7091,7.091000,37.879488,25.729376,16.634676,21.244812,103.411865,0.854450
7092,7.092000,37.703160,25.688927,16.634676,21.068483,101.348747,0.803341
7093,7.093000,37.523342,25.655039,16.634676,20.888665,98.117790,0.787021
7094,7.094000,37.340088,25.627476,16.634676,20.705411,93.144432,0.886100
7095,7.095000,37.153449,25.605884,16.634676,20.518773,87.818993,0.789281
7096,7.096000,36.963481,25.589867,16.634676,20.328805,84.335152,0.782611
7097,7.097000,36.770245,25.579127,16.634676,20.135568,80.498604,0.783941
7098,7.098000,36.573802,25.573379,16.634676,19.939125,76.882011,0.778631
7099,7.099000,36.374220,25.572358,16.634676,19.739544,74.512383,0.783441
7100,7.100000,36.171565,25.575876,16.634676,19.536889,72.630455,0.782301
7101,7.101000,35.965908,25.583790,16.634676,19.331232,70.715492,0.793131
7102,7.102000,35.757324,25.595972,16.634676,19.122648,68.751991,0.791251
7103,7.103000,35.545886,25.612287,16.634676,18.911209,66.541092,0.785801
7104,7.104000,35.331674,25.632583,16.634676,18.696997,64.610512,0.791311
7105,7.105000,35.114771,25.656721,16.634676,18.480094,63.058762,0.780581
7106,7.106000,34.895259,25.684580,16.634676,18.260582,61.557751,0.773721
7107,7.107000,34.673220,25.716053,16.634676,18.038543,59.929916,0.782781
7108,7.108000,34.448746,25.751026,16.634676,17.814069,58.147045,0.785981
7109,7.109000,34.221925,25.789372,16.634676,17.587249,56.355068,0.793441
7110,7.110000,33.992847,25.830959,16.634676,17.358171,54.944687,0.828351
7111,7.111000,33.761611,25.875682,16.634676,17.126935,53.685223,0.787831
7112,7.112000,33.528306,25.923442,16.634676,16.893629,52.643650,0.999568
7113,7.113000,33.293037,25.974161,16.634676,16.658360,51.531574,0.793221
7114,7.114000,33.055892,26.027761,16.634676,16.421216,50.331066,0.786431
7115,7.115000,32.816983,26.084154,16.634676,16.182306,49.184742,0.786441
7116,7.116000,32.576403,26.143258,16.634676,15.941726,47.904045,0.779201
7117,7.117000,32.334262,26.204979,16.634676,15.699586,46.561871,0.788671
7118,7.118000,32.090667,26.269220,16.634676,15.455991,45.339031,0.786291
7119,7.119000,31.845719,26.335890,16.634676,15.211043,44.180309,0.795811
7120,7.120000,31.599529,26.404902,16.634676,14.964852,42.949459,0.794201
7121,7.121000,31.352204,26.476165,16.634676,14.717528,41.334763,0.790351
7122,7.122000,31.103858,26.549570,16.634676,14.469182,39.710957,0.788951
7123,7.123000,30.854601,26.624999,16.634676,14.219925,37.924290,0.780831
7124,7.124000,30.604544,26.702326,16.634676,13.969868,36.162098,0.785081
7125,7.125000,30.353805,26.781421,16.634676,13.719128,34.438148,0.805491
7126,7.126000,30.102495,26.862161,16.634676,13.467818,32.593967,0.789671
7127,7.127000,29.850730,26.944415,16.634676,13.216054,30.360489,0.789331
7128,7.128000,29.598625,27.028034,16.634676,12.963948,28.377842,0.793401
7129,7.129000,29.346301,27.112873,16.634676,12.711624,26.324070,0.784251
7130,7.130000,29.093867,27.198787,16.634676,12.459191,23.672230,0.781891
7131,7.131000,28.841450,27.285602,16.634676,12.206774,20.597485,0.922610
7132,7.132000,28.589160,27.373108,16.634676,11.954484,17.298393,0.783191
7133,7.133000,28.337120,27.461076,16.634676,11.702443,14.409731,0.787731
7134,7.134000,28.085444,27.549300,16.634676,11.450768,11.202106,0.786571
7135,7.135000,27.834254,27.637560,16.634676,11.199577,7.740276,0.792941
7136,7.136000,27.583664,27.725623,16.634676,10.948988,3.721807,0.795251
7137,7.137000,27.333796,27.813222,16.634676,10.699119,0.275536,0.789151
7138,7.138000,27.084763,27.900112,16.634676,10.450087,-3.246050,0.787901
7139,7.139000,26.836684,27.986056,16.634676,10.202008,-5.987123,0.785891
7140,7.140000,26.589674,28.070865,16.634676,9.954997,-8.619536,0.780661
7141,7.141000,26.343847,28.154366,16.634676,9.709170,-11.081657,0.782281
7142,7.142000,26.099319,28.236402,16.634676,9.464643,-13.019794,0.789941
7143,7.143000,25.856204,28.316848,16.634676,9.221527,-15.325764,0.800831
7144,7.144000,25.614611,28.395565,16.634676,8.979935,-18.339304,0.797381
7145,7.145000,25.374653,28.472371,16.634676,8.739977,-20.970623,0.788551
7146,7.146000,25.136442,28.547090,16.634676,8.501765,-23.834726,0.794991
7147,7.147000,24.900081,28.619539,16.634676,8.265405,-26.778496,0.780861
7148,7.148000,24.665681,28.689527,16.634676,8.031005,-29.988848,0.783801
7149,7.149000,24.433345,28.756845,16.634676,7.798669,-32.843742,0.789282
7150,7.150000,24.203180,28.821305,16.634676,7.568504,-35.540985,0.913879
7151,7.151000,23.975284,28.882732,16.634676,7.340607,-37.848148,0.787851
7152,7.152000,23.749760,28.940977,16.634676,7.115083,-42.363232,0.789421
7153,7.153000,23.526703,28.995768,16.634676,6.892026,-46.769253,0.788141
7154,7.154000,23.306211,29.046821,16.634676,6.671534,-51.164742,0.797301
7155,7.155000,23.088377,29.093833,16.634676,6.453701,-55.175457,0.788081
7156,7.156000,22.873291,29.136535,16.634676,6.238615,-59.398445,0.774011
7157,7.157000,22.661045,29.174654,16.634676,6.026368,-62.505791,0.778262
7158,7.158000,22.451723,29.207979,16.634676,5.817047,-64.846756,0.781621
7159,7.159000,22.245409,29.236365,16.634676,5.610732,-66.919044,0.787841
7160,7.160000,22.042182,29.259694,16.634676,5.407505,-70.228973,0.795431
7161,7.161000,21.842120,29.277783,16.634676,5.207444,-73.682892,0.791121
7162,7.162000,21.645300,29.290423,16.634676,5.010623,-76.794304,0.787391
7163,7.163000,21.451792,29.297413,16.634676,4.817116,-79.372902,0.799561
7164,7.164000,21.261663,29.298595,16.634676,4.626987,-80.835678,0.782731
7165,7.165000,21.074981,29.293879,16.634676,4.440304,-81.631310,0.786081
7166,7.166000,20.891805,29.283231,16.634676,4.257129,-81.938347,0.791911
7167,7.167000,20.712195,29.266657,16.634676,4.077519,-81.864799,0.784111
7168,7.168000,20.536207,29.244196,16.634676,3.901530,-81.773727,0.796891
7169,7.169000,20.363890,29.215888,16.634676,3.729213,-81.361908,0.947939
7170,7.170000,20.195293,29.181789,16.634676,3.560617,-80.770035,0.787591
7171,7.171000,20.030462,29.141965,16.634676,3.395786,-80.003227,0.799281
7172,7.172000,19.869439,29.096497,16.634676,3.234762,-79.044235,0.786701
7173,7.173000,19.712262,29.045472,16.634676,3.077586,-78.281441,0.775281
7174,7.174000,19.558964,28.988969,16.634676,2.924287,-77.272362,0.776172
7175,7.175000,19.409577,28.927081,16.634676,2.774901,-75.923912,0.777911
7176,7.176000,19.264132,28.859912,16.634676,2.629455,-74.231606,0.788871
7177,7.177000,19.122651,28.787601,16.634676,2.487975,-72.109085,0.785711
7178,7.178000,18.985158,28.710304,16.634676,2.350482,-70.042732,0.778721
7179,7.179000,18.851669,28.628193,16.634676,2.216992,-68.188271,0.797221
7180,7.180000,18.722203,28.541416,16.634676,2.087526,-66.649803,0.776601
7181,7.181000,18.596768,28.450101,16.634676,1.962091,-65.158264,0.768702
7182,7.182000,18.475377,28.354366,16.634676,1.840700,-63.749012,0.780461
7183,7.183000,18.358036,28.254322,16.634676,1.723359,-62.502815,0.784741
7184,7.184000,18.244747,28.150070,16.634676,1.610070,-61.076214,0.780691
7185,7.185000,18.135510,28.041714,16.634676,1.500833,-59.492817,0.790221
7186,7.186000,18.030325,27.929376,16.634676,1.395648,-57.723248,0.778181
7187,7.187000,17.929187,27.813188,16.634676,1.294510,-55.758739,0.779551
7188,7.188000,17.832085,27.693296,16.634676,1.197409,-53.802586,0.976848
7189,7.189000,17.739012,27.569849,16.634676,1.104336,-52.619682,0.773742
7190,7.190000,17.649953,27.442954,16.634676,1.015277,-51.284782,0.772491
7191,7.191000,17.564894,27.312711,16.634676,0.930217,-50.188591,0.780891
7192,7.192000,17.483812,27.179206,16.634676,0.849136,-49.375206,0.777041
7193,7.193000,17.406689,27.042508,16.634676,0.772013,-48.803997,0.785741
7194,7.194000,17.333502,26.902669,16.634676,0.698826,-48.203739,0.795031
7195,7.195000,17.264225,26.759732,16.634676,0.629549,-47.556438,0.789321
7196,7.196000,17.198828,26.613752,16.634676,0.564151,-46.923042,0.780061
7197,7.197000,17.137281,26.464780,16.634676,0.502605,-46.275928,0.765872
7198,7.198000,17.079551,26.312870,16.634676,0.444874,-45.609936,0.774731
7199,7.199000,17.025601,26.158079,16.634676,0.390924,-45.049931,0.797771
7200,7.200000,16.975395,26.000457,16.634676,0.340719,-44.462215,0.783971
7201,7.201000,16.928892,25.840055,16.634676,0.294216,-43.579533,0.782881
7202,7.202000,16.886050,25.676944,16.634676,0.251373,-42.250507,0.782661
7203,7.203000,16.846822,25.511218,16.634676,0.212146,-40.966461,0.797401
7204,7.204000,16.811163,25.342980,16.634676,0.176487,-39.706615,0.769452
7205,7.205000,16.779024,25.172334,16.634676,0.144348,-38.536243,0.807890
7206,7.206000,16.750353,24.999373,16.634676,0.115676,-37.340336,0.782841
7207,7.207000,16.725096,24.824191,16.634676,0.090420,-36.227280,0.802880
7208,7.208000,16.703200,24.646876,16.634676,0.068524,-35.664486,0.867800
7209,7.209000,16.684609,24.467481,16.634676,0.049932,-35.245243,0.780841
7210,7.210000,16.669259,24.286046,16.634676,0.034583,-34.755310,0.778821
7211,7.211000,16.657095,24.102605,16.634676,0.022418,-34.186516,0.775961
7212,7.212000,16.648052,23.917203,16.634676,0.013375,-33.528049,0.782551
7213,7.213000,16.642063,23.729894,16.634676,0.007387,-32.756947,0.776522
7214,7.214000,16.639067,23.540732,16.634676,0.004390,-31.901615,0.776251
7215,7.215000,16.638991,23.349789,16.634676,0.004315,-31.098265,0.774591
7216,7.216000,16.641770,23.157125,16.634676,0.007093,-30.237473,0.777861
7217,7.217000,16.647331,22.962811,16.634676,0.012655,-29.319496,0.785781
7218,7.218000,16.655602,22.766918,16.634676,0.020926,-28.186634,0.791651
7219,7.219000,16.666509,22.569527,16.634676,0.031832,-27.275414,0.775802
7220,7.220000,16.679974,22.370714,16.634676,0.045298,-26.235382,0.774871
7221,7.221000,16.695924,22.170557,16.634676,0.061248,-25.024750,0.775801
7222,7.222000,16.714281,21.969143,16.634676,0.079604,-23.657557,0.780811
7223,7.223000,16.734961,21.766571,16.634676,0.100284,-22.068760,0.782061
7224,7.224000,16.757886,21.562958,16.634676,0.123210,-20.362064,0.912820
7225,7.225000,16.782975,21.358427,16.634676,0.148299,-18.756279,0.784041
7226,7.226000,16.810146,21.153096,16.634676,0.175469,-17.231787,0.772561
7227,7.227000,16.839311,20.947079,16.634676,0.204634,-16.390175,0.892560
7228,7.228000,16.870388,20.740445,16.634676,0.235712,-15.565951,0.765381
7229,7.229000,16.903292,20.533254,16.634676,0.268616,-14.701024,0.775482
7230,7.230000,16.937935,20.325562,16.634676,0.303259,-13.784975,0.786141
7231,7.231000,16.974229,20.117433,16.634676,0.339553,-12.652809,0.780561
7232,7.232000,17.012089,19.908939,16.634676,0.377412,-11.038589,0.776911
7233,7.233000,17.051424,19.700192,16.634676,0.416747,-9.054225,0.769561
7234,7.234000,17.092144,19.491326,16.634676,0.457467,-7.113528,0.769921
7235,7.235000,17.134161,19.282481,16.634676,0.499485,-4.961139,0.769491
7236,7.236000,17.177386,19.073809,16.634676,0.542710,-2.747378,0.784831
7237,7.237000,17.221724,18.865464,16.634676,0.587048,-0.239664,0.776531
7238,7.238000,17.267089,18.657623,16.634676,0.632412,2.560960,0.769601
7239,7.239000,17.313387,18.450474,16.634676,0.678711,5.336624,0.775602
7240,7.240000,17.360529,18.244212,16.634676,0.725853,7.993212,0.795801
7241,7.241000,17.408421,18.039025,16.634676,0.773744,10.648176,0.775441
7242,7.242000,17.456975,17.835091,16.634676,0.822298,13.106582,0.780411
7243,7.243000,17.506099,17.632581,16.634676,0.871423,15.354733,0.768211
7244,7.244000,17.555705,17.431647,16.634676,0.921029,17.446177,0.859251
7245,7.245000,17.605699,17.232426,16.634676,0.971022,19.943722,0.777861
7246,7.246000,17.655995,17.035077,16.634676,1.021318,23.701529,0.773791
7247,7.247000,17.706502,16.839840,16.634676,1.071826,27.625742,0.775341
7248,7.248000,17.757133,16.646976,16.634676,1.122456,31.543409,0.789871
7249,7.249000,17.807801,16.456757,16.634676,1.173124,35.040634,0.769172
7250,7.250000,17.858419,16.269425,16.634676,1.223743,38.883678,0.762081
7251,7.251000,17.908901,16.085239,16.634676,1.274225,42.749748,0.774351
7252,7.252000,17.959165,15.904452,16.634676,1.324488,46.108677,0.776001
7253,7.253000,18.009126,15.727294,16.634676,1.374449,48.679005,0.782292
7254,7.254000,18.058703,15.553936,16.634676,1.424026,50.715710,0.782731
7255,7.255000,18.107817,15.384509,16.634676,1.473140,52.548561,0.774021
7256,7.256000,18.156390,15.219118,16.634676,1.521713,55.989368,0.773491
7257,7.257000,18.204344,15.057960,16.634676,1.569668,59.574123,0.758742
7258,7.258000,18.251604,14.901263,16.634676,1.616928,63.464527,0.770541
7259,7.259000,18.298099,14.749281,16.634676,1.663423,66.772133,0.805351
7260,7.260000,18.343757,14.602241,16.634676,1.709081,69.351555,0.789631
7261,7.261000,18.388508,14.460315,16.634676,1.753832,72.111717,0.779281
7262,7.262000,18.432287,14.323673,16.634676,1.797610,74.787956,0.778651
7263,7.263000,18.475026,14.192480,16.634676,1.840350,77.198730,0.770091
7264,7.264000,18.516667,14.066885,16.634676,1.881990,79.370934,0.764062
7265,7.265000,18.557148,13.947018,16.634676,1.922471,81.385246,0.926539
7266,7.266000,18.596413,13.832999,16.634676,1.961736,83.148819,0.775601
7267,7.267000,18.634404,13.724930,16.634676,1.999727,84.555031,0.775511
7268,7.268000,18.671072,13.622889,16.634676,2.036395,85.537300,0.773841
7269,7.269000,18.706367,13.526924,16.634676,2.071690,85.961159,0.778241
7270,7.270000,18.740241,13.437047,16.634676,2.105565,85.741615,0.775912
7271,7.271000,18.772650,13.353223,16.634676,2.137974,85.453094,0.779801
7272,7.272000,18.803553,13.275408,16.634676,2.168877,85.225647,0.764521
7273,7.273000,18.832913,13.203557,16.634676,2.198237,84.744576,0.769911
7274,7.274000,18.860690,13.137615,16.634676,2.226013,84.357155,0.772601
7275,7.275000,18.886853,13.077536,16.634676,2.252176,83.812492,0.777621
7276,7.276000,18.911371,13.023263,16.634676,2.276695,83.346634,0.791911
7277,7.277000,18.934217,12.974744,16.634676,2.299540,83.019920,0.779461
7278,7.278000,18.955363,12.931940,16.634676,2.320687,82.177223,0.777931
7279,7.279000,18.974786,12.894783,16.634676,2.340110,80.644035,0.770542
7280,7.280000,18.992470,12.863160,16.634676,2.357793,78.433640,0.803340
7281,7.281000,19.008394,12.836908,16.634676,2.373718,76.500847,0.779741
7282,7.282000,19.022545,12.815868,16.634676,2.387868,75.276024,0.777021
7283,7.283000,19.034909,12.799928,16.634676,2.400233,73.918922,0.784291
7284,7.284000,19.045477,12.788983,16.634676,2.410801,73.622673,0.784281
7285,7.285000,19.054240,12.782988,16.634676,2.419564,74.059639,0.868970
7286,7.286000,19.061195,12.781957,16.634676,2.426519,73.760460,0.789031
7287,7.287000,19.066336,12.785878,16.634676,2.431660,72.690529,0.787741
7288,7.288000,19.069668,12.794681,16.634676,2.434991,70.961807,0.788551
7289,7.289000,19.071188,12.808243,16.634676,2.436511,69.341202,0.776942
7290,7.290000,19.070902,12.826436,16.634676,2.436226,67.273651,0.780451
7291,7.291000,19.068818,12.849106,16.634676,2.434141,64.939720,0.780451
7292,7.292000,19.064943,12.876076,16.634676,2.430267,62.907887,0.778031
7293,7.293000,19.059289,12.907189,16.634676,2.424613,61.333347,0.784221
7294,7.294000,19.051872,12.942315,16.634676,2.417195,59.738331,0.770801
7295,7.295000,19.042702,12.981336,16.634676,2.408026,58.740208,0.764062
7296,7.296000,19.031800,13.024169,16.634676,2.397123,57.687862,0.790641
7297,7.297000,19.019183,13.070738,16.634676,2.384506,56.399632,1.065877
7298,7.298000,19.004873,13.120951,16.634676,2.370197,55.223614,0.802890
7299,7.299000,18.988896,13.174724,16.634676,2.354219,54.218044,0.792172
7300,7.300000,18.971272,13.231976,16.634676,2.336596,53.151234,0.798310
7301,7.301000,18.952032,13.292630,16.634676,2.317355,51.947582,1.104927
7302,7.302000,18.931201,13.356599,16.634676,2.296525,50.533634,0.880810
7303,7.303000,18.908814,13.423780,16.634676,2.274137,49.048325,1.027498
7304,7.304000,18.884898,13.494064,16.634676,2.250221,47.593952,0.785591
7305,7.305000,18.859489,13.567343,16.634676,2.224813,46.137554,0.791221
7306,7.306000,18.832624,13.643505,16.634676,2.197948,44.589809,0.785311
7307,7.307000,18.804337,13.722441,16.634676,2.169661,43.258453,0.787712
7308,7.308000,18.774667,13.804048,16.634676,2.139990,41.757809,0.774881
7309,7.309000,18.743654,13.888218,16.634676,2.108978,40.356358,0.763211
7310,7.310000,18.711341,13.974850,16.634676,2.076664,38.780701,0.779501
7311,7.311000,18.677767,14.063830,16.634676,2.043091,36.965244,0.782501
7312,7.312000,18.642979,14.155032,16.634676,2.008303,35.290512,0.776231
7313,7.313000,18.607018,14.248333,16.634676,1.972342,33.333302,0.776691
7314,7.314000,18.569935,14.343595,16.634676,1.935259,31.102283,0.781171
7315,7.315000,18.531773,14.440663,16.634676,1.897097,28.388367,0.776121
7316,7.316000,18.492583,14.539350,16.634676,1.857907,26.072311,0.774151
7317,7.317000,18.452415,14.639484,16.634676,1.817739,23.434544,0.786100
7318,7.318000,18.411316,14.740880,16.634676,1.776640,19.902668,0.817430
7319,7.319000,18.369338,14.843304,16.634676,1.734661,16.512259,0.969899
7320,7.320000,18.326533,14.946513,16.634676,1.691857,14.059029,0.775581
7321,7.321000,18.282951,15.050322,16.634676,1.648275,11.104705,0.778302
7322,7.322000,18.238649,15.154530,16.634676,1.603973,7.880426,0.879220
7323,7.323000,18.193676,15.258924,16.634676,1.558999,4.144698,0.775131
7324,7.324000,18.148086,15.363254,16.634676,1.513409,0.825028,0.775621
7325,7.325000,18.101934,15.467284,16.634676,1.467258,-1.982476,0.766431
7326,7.326000,18.055272,15.570816,16.634676,1.420596,-4.521881,0.766162
7327,7.327000,18.008154,15.673679,16.634676,1.373478,-6.482415,0.771581
7328,7.328000,17.960633,15.775737,16.634676,1.325957,-8.350943,0.799201
7329,7.329000,17.912762,15.876875,16.634676,1.278085,-10.155831,0.773491
7330,7.330000,17.864595,15.976980,16.634676,1.229919,-11.297002,0.775631
7331,7.331000,17.816185,16.075974,16.634676,1.181508,-12.055691,0.775861
7332,7.332000,17.767583,16.173816,16.634676,1.132906,-12.629905,0.765211
7333,7.333000,17.718843,16.270477,16.634676,1.084166,-13.472978,0.766601
7334,7.334000,17.670015,16.365914,16.634676,1.035339,-14.289310,0.772991
7335,7.335000,17.621150,16.460081,16.634676,0.986474,-15.328738,0.779602
7336,7.336000,17.572301,16.552919,16.634676,0.937624,-16.464005,0.798880
7337,7.337000,17.523516,16.644355,16.634676,0.888840,-17.713438,0.771301
7338,7.338000,17.474846,16.734310,16.634676,0.840170,-19.232117,0.776691
7339,7.339000,17.426340,16.822684,16.634676,0.791663,-20.951359,0.865560
7340,7.340000,17.378047,16.909368,16.634676,0.743370,-22.473175,0.772771
7341,7.341000,17.330015,16.994252,16.634676,0.695339,-23.759764,0.870931
7342,7.342000,17.282291,17.077249,16.634676,0.647615,-24.841721,0.773271
7343,7.343000,17.234920,17.158291,16.634676,0.600244,-25.862270,0.776301
7344,7.344000,17.187949,17.237313,16.634676,0.553273,-26.848713,0.783111
7345,7.345000,17.141424,17.314253,16.634676,0.506747,-28.012779,0.780291
7346,7.346000,17.095385,17.389045,16.634676,0.460708,-29.158730,0.777871
7347,7.347000,17.049878,17.461618,16.634676,0.415202,-30.368168,0.765001
7348,7.348000,17.004943,17.531895,16.634676,0.370266,-31.429447,0.766751
7349,7.349000,16.960623,17.599809,16.634676,0.325947,-32.371738,0.787311
7350,7.350000,16.916956,17.665302,16.634676,0.282280,-33.196384,0.776251
7351,7.351000,16.873981,17.728325,16.634676,0.239304,-33.965458,0.784011
7352,7.352000,16.831734,17.788832,16.634676,0.197058,-34.671806,0.786781
7353,7.353000,16.790254,17.846784,16.634676,0.155578,-35.355610,0.767701
7354,7.354000,16.749576,17.902143,16.634676,0.114899,-36.090923,0.766651
7355,7.355000,16.709732,17.954870,16.634676,0.075055,-37.029968,0.782951
7356,7.356000,16.670755,18.004911,16.634676,0.036079,-38.131084,0.777812
7357,7.357000,16.632679,18.052200,16.634676,-0.001998,-39.172955,0.774281
7358,7.358000,16.595531,18.096672,16.634676,-0.039146,-40.051601,0.780691
7359,7.359000,16.559339,18.138271,16.634676,-0.075337,-40.750637,0.772211
7360,7.360000,16.524135,18.176955,16.634676,-0.110541,-41.484219,0.785631
7361,7.361000,16.489943,18.212684,16.634676,-0.144733,-42.195732,0.760422
7362,7.362000,16.456786,18.245419,16.634676,-0.177891,-42.750786,0.763781
7363,7.363000,16.424687,18.275131,16.634676,-0.209989,-43.177135,0.787861
7364,7.364000,16.393670,18.301798,16.634676,-0.241007,-43.812237,0.782751
7365,7.365000,16.363754,18.325391,16.634676,-0.270923,-44.616375,0.774641
7366,7.366000,16.334957,18.345868,16.634676,-0.299719,-45.411373,0.780051
7367,7.367000,16.307299,18.363180,16.634676,-0.327378,-46.035053,0.772321
7368,7.368000,16.280792,18.377293,16.634676,-0.353884,-46.612411,0.764671
7369,7.369000,16.255452,18.388176,16.634676,-0.379224,-47.069664,0.774061
7370,7.370000,16.231292,18.395803,16.634676,-0.403384,-47.369297,0.772382
7371,7.371000,16.208322,18.400166,16.634676,-0.426354,-47.791676,0.778631
7372,7.372000,16.186553,18.401249,16.634676,-0.448124,-48.233082,0.770721
7373,7.373000,16.165991,18.399029,16.634676,-0.468686,-48.539326,0.775831
7374,7.374000,16.146642,18.393498,16.634676,-0.488034,-48.637775,0.776832
7375,7.375000,16.128512,18.384655,16.634676,-0.506165,-48.492634,0.778331
7376,7.376000,16.111602,18.372517,16.634676,-0.523075,-48.071079,0.777981
7377,7.377000,16.095916,18.357125,16.634676,-0.538760,-47.330692,0.874210
7378,7.378000,16.081452,18.338537,16.634676,-0.553225,-46.223923,0.773261
7379,7.379000,16.068208,18.316841,16.634676,-0.566469,-44.852055,0.973769
7380,7.380000,16.056180,18.292141,16.634676,-0.578497,-43.770054,0.783711
7381,7.381000,16.045366,18.264530,16.634676,-0.589310,-42.846004,0.782861
7382,7.382000,16.035758,18.234086,16.634676,-0.598919,-41.926685,0.769881
7383,7.383000,16.027346,18.200881,16.634676,-0.607330,-41.053097,0.770461
7384,7.384000,16.020123,18.164982,16.634676,-0.614553,-40.134888,0.759361
7385,7.385000,16.014080,18.126460,16.634676,-0.620596,-39.106709,0.772231
7386,7.386000,16.009202,18.085388,16.634676,-0.625475,-38.065998,0.778561
7387,7.387000,16.005476,18.041844,16.634676,-0.629200,-36.807743,0.783511
7388,7.388000,16.002891,17.995919,16.634676,-0.631786,-35.608700,0.772761
7389,7.389000,16.001426,17.947703,16.634676,-0.633251,-34.727592,0.769602
7390,7.390000,16.001067,17.897268,16.634676,-0.633609,-33.781284,0.770451
7391,7.391000,16.001796,17.844680,16.634676,-0.632880,-32.747852,0.763761
7392,7.392000,16.003593,17.790015,16.634676,-0.631084,-31.263605,0.769121
7393,7.393000,16.006436,17.733374,16.634676,-0.628241,-29.671986,0.775971
7394,7.394000,16.010305,17.674870,16.634676,-0.624371,-28.180853,0.769621
7395,7.395000,16.015178,17.614616,16.634676,-0.619498,-27.177429,0.771221
7396,7.396000,16.021032,17.552688,16.634676,-0.613645,-26.017933,0.955309
7397,7.397000,16.027840,17.489172,16.634676,-0.606837,-24.813303,0.771802
7398,7.398000,16.035577,17.424151,16.634676,-0.599100,-23.633347,0.781691
7399,7.399000,16.044219,17.357708,16.634676,-0.590458,-22.568367,0.861790
7400,7.400000,16.053736,17.289919,16.634676,-0.580940,-21.511860,0.760671
7401,7.401000,16.064103,17.220859,16.634676,-0.570574,-20.459633,0.775962
7402,7.402000,16.075289,17.150602,16.634676,-0.559387,-19.468534,0.774661
7403,7.403000,16.087266,17.079218,16.634676,-0.547411,-18.442968,0.789881
7404,7.404000,16.100002,17.006778,16.634676,-0.534674,-17.353878,0.783881
7405,7.405000,16.113470,16.933359,16.634676,-0.521207,-16.808462,0.777541
7406,7.406000,16.127636,16.859005,16.634676,-0.507041,-16.270960,0.770772
7407,7.407000,16.142469,16.783752,16.634676,-0.492207,-15.658575,0.765411
7408,7.408000,16.157936,16.707642,16.634676,-0.476740,-14.996584,0.767911
7409,7.409000,16.174004,16.630717,16.634676,-0.460672,-14.261269,0.780071
7410,7.410000,16.190641,16.553028,16.634676,-0.444036,-13.401361,0.789191
7411,7.411000,16.207812,16.474633,16.634676,-0.426865,-12.335449,0.779701
7412,7.412000,16.225481,16.395606,16.634676,-0.409195,-10.952322,0.765011
7413,7.413000,16.243617,16.316041,16.634676,-0.391059,-9.734224,0.774671
7414,7.414000,16.262184,16.236027,16.634676,-0.372493,-8.642686,0.763712
7415,7.415000,16.281144,16.155643,16.634676,-0.353532,-7.308454,0.778181
7416,7.416000,16.300463,16.074980,16.634676,-0.334213,-5.773915,0.864860
7417,7.417000,16.320105,15.994143,16.634676,-0.314571,-4.125006,0.769781
7418,7.418000,16.340034,15.913246,16.634676,-0.294642,-2.365666,0.783401
7419,7.419000,16.360216,15.832408,16.634676,-0.274461,-0.377745,0.769672
7420,7.420000,16.380609,15.751767,16.634676,-0.254068,1.730233,0.773701
7421,7.421000,16.401183,15.671466,16.634676,-0.233493,4.082900,0.764591
7422,7.422000,16.421897,15.591666,16.634676,-0.212779,6.243130,0.773362
7423,7.423000,16.442719,15.512519,16.634676,-0.191957,8.358293,0.769631
7424,7.424000,16.463611,15.434170,16.634676,-0.171066,10.086640,0.773731
7425,7.425000,16.484537,15.356739,16.634676,-0.150140,11.726572,0.774971
7426,7.426000,16.505463,15.280335,16.634676,-0.129214,13.273141,0.770602
7427,7.427000,16.526353,15.205058,16.634676,-0.108323,14.773609,0.769311
7428,7.428000,16.547173,15.131005,16.634676,-0.087503,16.155146,0.762501
7429,7.429000,16.567891,15.058264,16.634676,-0.066786,17.235199,0.790951
7430,7.430000,16.588470,14.986904,16.634676,-0.046206,18.567945,0.771002
7431,7.431000,16.608879,14.917005,16.634676,-0.025798,19.975952,0.787351
7432,7.432000,16.629084,14.848655,16.634676,-0.005592,21.470856,0.799891
7433,7.433000,16.649056,14.781952,16.634676,0.014379,22.896160,0.773911
7434,7.434000,16.668762,14.716986,16.634676,0.034086,24.225410,0.777931
7435,7.435000,16.688174,14.653845,16.634676,0.053497,25.562267,0.762021
7436,7.436000,16.707259,14.592614,16.634676,0.072583,26.818027,0.773242
7437,7.437000,16.725989,14.533374,16.634676,0.091313,28.099270,0.901619
7438,7.438000,16.744339,14.476205,16.634676,0.109662,29.615192,0.772271
7439,7.439000,16.762280,14.421202,16.634676,0.127603,31.151375,0.777191
7440,7.440000,16.779785,14.368461,16.634676,0.145109,32.751118,0.776541
7441,7.441000,16.796830,14.318087,16.634676,0.162154,34.014668,0.766771
7442,7.442000,16.813392,14.270165,16.634676,0.178715,35.130947,0.756222
7443,7.443000,16.829446,14.224765,16.634676,0.194770,35.987640,0.765601
7444,7.444000,16.844969,14.181939,16.634676,0.210293,36.754665,0.767131
7445,7.445000,16.859945,14.141730,16.634676,0.225268,37.525173,0.782611
7446,7.446000,16.874349,14.104179,16.634676,0.239673,38.355518,0.775271
7447,7.447000,16.888165,14.069333,16.634676,0.253489,39.099709,0.770661
7448,7.448000,16.901377,14.037232,16.634676,0.266700,39.758308,0.767691
7449,7.449000,16.913965,14.007915,16.634676,0.279288,40.324875,0.759112
7450,7.450000,16.925917,13.981411,16.634676,0.291241,40.794209,0.766621
7451,7.451000,16.937218,13.957743,16.634676,0.302542,41.073341,0.784491
7452,7.452000,16.947858,13.936925,16.634676,0.313181,41.099117,0.779901
7453,7.453000,16.957821,13.918949,16.634676,0.323145,40.924549,0.782511
7454,7.454000,16.967102,13.903795,16.634676,0.332425,40.820084,0.944369
7455,7.455000,16.975691,13.891444,16.634676,0.341014,40.795853,0.777041
7456,7.456000,16.983578,13.881882,16.634676,0.348901,40.740211,1.048998
7457,7.457000,16.990760,13.875096,16.634676,0.356083,40.433601,0.815651
7458,7.458000,16.997230,13.871060,16.634676,0.362553,40.302792,0.848540
7459,7.459000,17.002986,13.869754,16.634676,0.368309,40.369377,0.916830
7460,7.460000,17.008023,13.871172,16.634676,0.373347,40.298550,0.776701
7461,7.461000,17.012343,13.875305,16.634676,0.377667,39.936184,0.770511
7462,7.462000,17.015944,13.882125,16.634676,0.381268,39.327972,0.778382
7463,7.463000,17.018830,13.891585,16.634676,0.384154,38.498699,0.782891
7464,7.464000,17.020999,13.903623,16.634676,0.386322,37.469921,0.767041
7465,7.465000,17.022457,13.918159,16.634676,0.387781,36.615540,0.775771
7466,7.466000,17.023210,13.935123,16.634676,0.388534,35.671261,0.764342
7467,7.467000,17.023263,13.954442,16.634676,0.388587,34.592579,0.768621
7468,7.468000,17.022621,13.976036,16.634676,0.387944,33.549030,0.780711
7469,7.469000,17.021294,13.999827,16.634676,0.386618,32.481243,0.786321
7470,7.470000,17.019291,14.025735,16.634676,0.384615,31.170813,0.764221
7471,7.471000,17.016622,14.053666,16.634676,0.381946,29.777401,0.768081
7472,7.472000,17.013299,14.083521,16.634676,0.378623,28.284769,0.785831
7473,7.473000,17.009333,14.115193,16.634676,0.374656,26.788548,0.769871
7474,7.474000,17.004734,14.148572,16.634676,0.370058,25.141901,0.773901
7475,7.475000,16.999521,14.183543,16.634676,0.364845,23.029631,0.826870
7476,7.476000,16.993705,14.219960,16.634676,0.359029,20.782589,0.760841
7477,7.477000,16.987304,14.257667,16.634676,0.352627,19.216282,0.769081
7478,7.478000,16.980330,14.296540,16.634676,0.345654,17.935183,0.772431
7479,7.479000,16.972803,14.336487,16.634676,0.338127,16.560955,0.802131
7480,7.480000,16.964738,14.377413,16.634676,0.330062,15.493945,0.778171
7481,7.481000,16.956155,14.419247,16.634676,0.321478,14.335546,0.769922
7482,7.482000,16.947069,14.461910,16.634676,0.312392,13.168182,0.758711
7483,7.483000,16.937500,14.505327,16.634676,0.302823,11.878111,0.759971
7484,7.484000,16.927466,14.549411,16.634676,0.292790,10.860164,0.775211
7485,7.485000,16.916989,14.594089,16.634676,0.282312,9.806673,0.767371
7486,7.486000,16.906088,14.639293,16.634676,0.271411,8.684174,0.775471
7487,7.487000,16.894780,14.684944,16.634676,0.260104,7.481223,0.785041
7488,7.488000,16.883090,14.730964,16.634676,0.248414,6.139382,0.767091
7489,7.489000,16.871037,14.777263,16.634676,0.236360,4.736890,0.764581
7490,7.490000,16.858640,14.823742,16.634676,0.223964,3.468581,0.774061
7491,7.491000,16.845922,14.870316,16.634676,0.211246,2.193141,0.771311
7492,7.492000,16.832904,14.916894,16.634676,0.198227,1.224570,0.967179
7493,7.493000,16.819607,14.963409,16.634676,0.184931,0.392749,0.774901
7494,7.494000,16.806053,15.009803,16.634676,0.171376,-0.320188,0.892739
7495,7.495000,16.792263,15.056032,16.634676,0.157586,-0.961878,0.779441
7496,7.496000,16.778259,15.102054,16.634676,0.143583,-1.474608,0.771631
7497,7.497000,16.764061,15.147836,16.634676,0.129384,-2.001290,0.771231
7498,7.498000,16.749693,15.193348,16.634676,0.115017,-2.524584,0.773421
7499,7.499000,16.735174,15.238555,16.634676,0.100498,-3.020740,0.763652
7500,7.500000,16.720527,15.283429,16.634676,0.085850,-3.528303,0.771031
7501,7.501000,16.705772,15.327937,16.634676,0.071095,-4.045548,0.791491
7502,7.502000,16.690932,15.372044,16.634676,0.056255,-4.568379,0.774591
7503,7.503000,16.676026,15.415720,16.634676,0.041350,-5.101592,0.779691
7504,7.504000,16.661077,15.458926,16.634676,0.026400,-5.635056,0.773611
7505,7.505000,16.646103,15.501632,16.634676,0.011427,-6.196966,0.760531
7506,7.506000,16.631126,15.543796,16.634676,-0.003550,-6.773455,0.770411
7507,7.507000,16.616168,15.585383,16.634676,-0.018508,-7.343293,0.767892
7508,7.508000,16.601248,15.626356,16.634676,-0.033429,-7.837874,0.770241
7509,7.509000,16.586385,15.666682,16.634676,-0.048291,-8.310263,0.776711
7510,7.510000,16.571601,15.706329,16.634676,-0.063075,-8.724371,0.773441
7511,7.511000,16.556913,15.745271,16.634676,-0.077763,-9.083401,0.764492
7512,7.512000,16.542341,15.783488,16.634676,-0.092336,-9.419526,0.847700
7513,7.513000,16.527903,15.820957,16.634676,-0.106773,-9.773656,0.761511
7514,7.514000,16.513620,15.857657,16.634676,-0.121057,-10.160904,0.861901
7515,7.515000,16.499509,15.893567,16.634676,-0.135168,-10.545114,0.790951
7516,7.516000,16.485587,15.928662,16.634676,-0.149089,-10.931042,0.776541
7517,7.517000,16.471870,15.962919,16.634676,-0.162806,-11.323682,0.777131
7518,7.518000,16.458381,15.996313,16.634676,-0.176296,-11.643638,0.767151
7519,7.519000,16.445130,16.028825,16.634676,-0.189546,-11.909273,0.768581
7520,7.520000,16.432137,16.060437,16.634676,-0.202539,-12.242856,0.758151
7521,7.521000,16.419416,16.091132,16.634676,-0.215260,-12.730666,0.797041
7522,7.522000,16.406985,16.120879,16.634676,-0.227691,-13.222715,0.772371
7523,7.523000,16.394858,16.149651,16.634676,-0.239818,-13.731939,0.787481
7524,7.524000,16.383049,16.177411,16.634676,-0.251628,-14.223563,0.771991
7525,7.525000,16.371571,16.204129,16.634676,-0.263106,-14.728957,0.767501
7526,7.526000,16.360439,16.229774,16.634676,-0.274237,-15.196089,0.764711
7527,7.527000,16.349668,16.254315,16.634676,-0.285008,-15.621732,0.770741
7528,7.528000,16.339266,16.277726,16.634676,-0.295411,-16.004019,0.776701
7529,7.529000,16.329249,16.299983,16.634676,-0.305427,-16.352505,0.770801
7530,7.530000,16.319627,16.321067,16.634676,-0.315049,-16.819204,0.788331
7531,7.531000,16.310411,16.340951,16.634676,-0.324265,-17.312996,0.880090
7532,7.532000,16.301611,16.359606,16.634676,-0.333066,-17.760071,0.793141
7533,7.533000,16.293237,16.377004,16.634676,-0.341439,-18.214279,0.786962
7534,7.534000,16.285299,16.393117,16.634676,-0.349378,-18.723339,0.760051
7535,7.535000,16.277806,16.407912,16.634676,-0.356871,-19.161394,0.762821
7536,7.536000,16.270762,16.421368,16.634676,-0.363914,-19.599960,0.769251
7537,7.537000,16.264180,16.433454,16.634676,-0.370497,-19.964537,0.771902
7538,7.538000,16.258061,16.444150,16.634676,-0.376615,-20.280317,0.773221
7539,7.539000,16.252416,16.453439,16.634676,-0.382260,-20.581833,0.780151
7540,7.540000,16.247246,16.461302,16.634676,-0.387431,-20.899857,0.770241
7541,7.541000,16.242559,16.467728,16.634676,-0.392118,-21.135595,0.759472
7542,7.542000,16.238356,16.472700,16.634676,-0.396320,-21.383793,0.765151
7543,7.543000,16.234644,16.476207,16.634676,-0.400032,-21.659943,0.773021
7544,7.544000,16.231422,16.478236,16.634676,-0.403254,-21.958261,0.784101
7545,7.545000,16.228693,16.478772,16.634676,-0.405983,-22.419790,0.779701
7546,7.546000,16.226458,16.477790,16.634676,-0.408218,-22.826572,0.773571
7547,7.547000,16.224720,16.475263,16.634676,-0.409956,-23.115818,0.775651
7548,7.548000,16.223473,16.471175,16.634676,-0.411203,-23.300331,0.759911
7549,7.549000,16.222722,16.465517,16.634676,-0.411954,-23.389301,0.774101
7550,7.550000,16.222461,16.458283,16.634676,-0.412216,-23.382505,0.868041
7551,7.551000,16.222688,16.449484,16.634676,-0.411988,-23.310968,0.771021
7552,7.552000,16.223402,16.439126,16.634676,-0.411275,-23.207157,0.958199
7553,7.553000,16.224597,16.427225,16.634676,-0.410079,-23.020702,0.782551
7554,7.554000,16.226270,16.413797,16.634676,-0.408406,-22.851559,0.774691
7555,7.555000,16.228413,16.398859,16.634676,-0.406263,-22.614920,0.765952
7556,7.556000,16.231022,16.382432,16.634676,-0.403654,-22.411053,0.764751
7557,7.557000,16.234091,16.364537,16.634676,-0.400585,-22.243044,0.762381
7558,7.558000,16.237608,16.345191,16.634676,-0.397068,-22.043451,0.762392
7559,7.559000,16.241570,16.324408,16.634676,-0.393106,-21.790749,0.768691
7560,7.560000,16.245964,16.302210,16.634676,-0.388713,-21.542637,0.769371
7561,7.561000,16.250782,16.278620,16.634676,-0.383894,-21.255051,0.773672
7562,7.562000,16.256016,16.253659,16.634676,-0.378661,-20.920019,0.772691
7563,7.563000,16.261652,16.227353,16.634676,-0.373024,-20.540958,0.770051
7564,7.564000,16.267680,16.199733,16.634676,-0.366996,-20.111359,0.762721
7565,7.565000,16.274087,16.170830,16.634676,-0.360590,-19.629253,0.767812
7566,7.566000,16.280861,16.140681,16.634676,-0.353816,-18.917343,0.772741
7567,7.567000,16.287988,16.109338,16.634676,-0.346688,-17.745262,0.772631
7568,7.568000,16.295455,16.076875,16.634676,-0.339221,-16.815769,0.775001
7569,7.569000,16.303248,16.043372,16.634676,-0.331428,-16.114639,0.769901
7570,7.570000,16.311352,16.008879,16.634676,-0.323324,-15.366604,0.848510
7571,7.571000,16.319752,15.973453,16.634676,-0.314925,-14.566186,0.768771
7572,7.572000,16.328430,15.937148,16.634676,-0.306247,-13.703897,0.966969
7573,7.573000,16.337372,15.900028,16.634676,-0.297304,-12.783101,0.765212
7574,7.574000,16.346560,15.862151,16.634676,-0.288116,-11.670165,0.772831
7575,7.575000,16.355979,15.823597,16.634676,-0.278697,-10.446211,0.776751
7576,7.576000,16.365611,15.784449,16.634676,-0.269065,-9.477592,0.780601
7577,7.577000,16.375438,15.744781,16.634676,-0.259238,-8.457809,0.765132
7578,7.578000,16.385443,15.704662,16.634676,-0.249234,-7.244902,0.771491
7579,7.579000,16.395606,15.664173,16.634676,-0.239070,-5.978642,0.769881
7580,7.580000,16.405911,15.623402,16.634676,-0.228765,-4.585779,0.774511
7581,7.581000,16.416341,15.582443,16.634676,-0.218336,-3.169943,0.762771
7582,7.582000,16.426875,15.541395,16.634676,-0.207802,-1.793835,0.767501
7583,7.583000,16.437494,15.500351,16.634676,-0.197182,-0.433391,0.773841
7584,7.584000,16.448180,15.459407,16.634676,-0.186497,0.999003,0.766582
7585,7.585000,16.458917,15.418659,16.634676,-0.175760,2.554013,0.761631
7586,7.586000,16.469683,15.378210,16.634676,-0.164993,4.053564,0.762151
7587,7.587000,16.480463,15.338161,16.634676,-0.154214,5.470207,0.769712
7588,7.588000,16.491236,15.298613,16.634676,-0.143441,6.746174,0.767441
7589,7.589000,16.501985,15.259648,16.634676,-0.132692,8.010922,0.771761
7590,7.590000,16.512693,15.221351,16.634676,-0.121984,9.120130,0.782571
7591,7.591000,16.523339,15.183797,16.634676,-0.111337,10.006359,0.789921
7592,7.592000,16.533911,15.147042,16.634676,-0.100766,10.737409,0.763731
7593,7.593000,16.544390,15.111133,16.634676,-0.090287,11.657519,0.781181
7594,7.594000,16.554756,15.076123,16.634676,-0.079920,12.514607,0.778801
7595,7.595000,16.564998,15.042068,16.634676,-0.069678,13.278658,0.774771
7596,7.596000,16.575097,15.009015,16.634676,-0.059580,14.044463,0.771762
7597,7.597000,16.585038,14.977010,16.634676,-0.049638,14.658743,0.780571
7598,7.598000,16.594807,14.946095,16.634676,-0.039870,15.219440,0.782251
7599,7.599000,16.604388,14.916303,16.634676,-0.030288,15.687930,0.756381
7600,7.600000,16.613768,14.887661,16.634676,-0.020909,16.077744,0.761432
7601,7.601000,16.622932,14.860192,16.634676,-0.011745,16.442776,0.765681
7602,7.602000,16.631869,14.833914,16.634676,-0.002807,16.740131,0.766581
7603,7.603000,16.640564,14.808844,16.634676,0.005888,17.037853,0.781892
7604,7.604000,16.649008,14.784996,16.634676,0.014331,17.343672,0.771761
7605,7.605000,16.657187,14.762388,16.634676,0.022511,17.768757,0.773231
7606,7.606000,16.665090,14.741042,16.634676,0.030413,18.153269,0.762441
7607,7.607000,16.672709,14.720982,16.634676,0.038032,18.496489,0.767782
7608,7.608000,16.680031,14.702228,16.634676,0.045354,18.783489,0.906599
7609,7.609000,16.687047,14.684796,16.634676,0.052370,19.044569,0.776311
7610,7.610000,16.693751,14.668699,16.634676,0.059074,19.325289,0.984268
7611,7.611000,16.700134,14.653954,16.634676,0.065457,19.548685,0.770731
7612,7.612000,16.706185,14.640572,16.634676,0.071509,19.745987,0.843270
7613,7.613000,16.711902,14.628564,16.634676,0.077226,19.923002,0.777331
7614,7.614000,16.717276,14.617935,16.634676,0.082599,20.062145,0.767631
7615,7.615000,16.722303,14.608694,16.634676,0.087626,20.171581,0.768491
7616,7.616000,16.726974,14.600841,16.634676,0.092298,20.238295,0.765801
7617,7.617000,16.731289,14.594379,16.634676,0.096613,20.292355,0.767562
7618,7.618000,16.735242,14.589308,16.634676,0.100566,20.302670,0.769731
7619,7.619000,16.738832,14.585621,16.634676,0.104155,20.287567,0.773951
7620,7.620000,16.742052,14.583318,16.634676,0.107376,20.225864,0.774731
7621,7.621000,16.744904,14.582387,16.634676,0.110227,20.119896,0.780811
7622,7.622000,16.747386,14.582818,16.634676,0.112710,19.976288,0.759931
7623,7.623000,16.749495,14.584599,16.634676,0.114819,19.784595,0.759741
7624,7.624000,16.751235,14.587710,16.634676,0.116559,19.590914,0.775031
7625,7.625000,16.752603,14.592134,16.634676,0.117927,19.402512,0.773081
7626,7.626000,16.753602,14.597856,16.634676,0.118926,19.107019,0.779811
7627,7.627000,16.754234,14.604852,16.634676,0.119557,18.690403,0.965009
7628,7.628000,16.754498,14.613091,16.634676,0.119822,18.144459,0.769161
7629,7.629000,16.754401,14.622533,16.634676,0.119725,17.544153,0.982759
7630,7.630000,16.753945,14.633132,16.634676,0.119269,16.913036,0.772761
7631,7.631000,16.753134,14.644841,16.634676,0.118458,16.480093,0.762621
7632,7.632000,16.751971,14.657624,16.634676,0.117295,16.034986,0.768621
7633,7.633000,16.750463,14.671446,16.634676,0.115787,15.577643,0.777891
7634,7.634000,16.748616,14.686276,16.634676,0.113940,15.122659,0.767192
7635,7.635000,16.746435,14.702080,16.634676,0.111759,14.642344,0.776471
7636,7.636000,16.743925,14.718822,16.634676,0.109249,14.156690,0.766231
7637,7.637000,16.741096,14.736468,16.634676,0.106419,13.630572,0.780451
7638,7.638000,16.737954,14.754983,16.634676,0.103278,13.051714,0.775621
7639,7.639000,16.734505,14.774322,16.634676,0.099828,12.441386,0.768191
7640,7.640000,16.730760,14.794446,16.634676,0.096084,11.665190,0.764231
7641,7.641000,16.726725,14.815297,16.634676,0.092049,11.007010,0.775711
7642,7.642000,16.722412,14.836827,16.634676,0.087735,10.393001,0.772671
7643,7.643000,16.717827,14.858995,16.634676,0.083151,9.707845,0.767301
7644,7.644000,16.712983,14.881748,16.634676,0.078306,8.944420,0.956869
7645,7.645000,16.707888,14.905037,16.634676,0.073211,8.208625,0.776851
7646,7.646000,16.702551,14.928809,16.634676,0.067875,7.475076,0.879390
7647,7.647000,16.696985,14.953014,16.634676,0.062308,6.721723,0.763672
7648,7.648000,16.691198,14.977596,16.634676,0.056522,5.915747,0.953969
7649,7.649000,16.685204,15.002504,16.634676,0.050528,5.105164,0.780351
7650,7.650000,16.679011,15.027678,16.634676,0.044335,4.305756,0.778401
7651,7.651000,16.672633,15.053066,16.634676,0.037957,3.523262,0.797171
7652,7.652000,16.666080,15.078612,16.634676,0.031404,2.843693,0.774781
7653,7.653000,16.659364,15.104268,16.634676,0.024688,2.252908,0.768112
7654,7.654000,16.652496,15.129996,16.634676,0.017820,1.760450,0.770571
7655,7.655000,16.645489,15.155761,16.634676,0.010812,1.252191,0.769281
7656,7.656000,16.638351,15.181528,16.634676,0.003675,0.776821,0.764471
7657,7.657000,16.631099,15.207271,16.634676,-0.003577,0.381251,0.759121
7658,7.658000,16.623741,15.232959,16.634676,-0.010935,-0.033100,0.774201
7659,7.659000,16.616291,15.258569,16.634676,-0.018385,-0.441335,0.773711
7660,7.660000,16.608759,15.284075,16.634676,-0.025917,-0.842348,0.774452
7661,7.661000,16.601159,15.309447,16.634676,-0.033517,-1.234720,0.772111
7662,7.662000,16.593501,15.334663,16.634676,-0.041176,-1.631052,0.766681
7663,7.663000,16.585798,15.359695,16.634676,-0.048879,-2.030257,0.774561
7664,7.664000,16.578059,15.384520,16.634676,-0.056617,-2.430700,0.781651
7665,7.665000,16.570300,15.409108,16.634676,-0.064376,-2.833748,0.955879
7666,7.666000,16.562531,15.433434,16.634676,-0.072146,-3.235456,0.771241
7667,7.667000,16.554762,15.457473,16.634676,-0.079915,-3.640970,0.995188
7668,7.668000,16.547004,15.481194,16.634676,-0.087672,-4.071919,0.769302
7669,7.669000,16.539271,15.504574,16.634676,-0.095406,-4.504931,0.771741
7670,7.670000,16.531571,15.527581,16.634676,-0.103105,-4.926959,0.775191
7671,7.671000,16.523918,15.550189,16.634676,-0.110758,-5.335967,0.777651
7672,7.672000,16.516319,15.572370,16.634676,-0.118357,-5.726694,0.767111
7673,7.673000,16.508791,15.594099,16.634676,-0.125886,-6.100659,0.776831
7674,7.674000,16.501337,15.615353,16.634676,-0.133339,-6.456084,0.770001
7675,7.675000,16.493973,15.636106,16.634676,-0.140704,-6.817679,0.768111
7676,7.676000,16.486705,15.656337,16.634676,-0.147971,-7.171853,0.770331
7677,7.677000,16.479546,15.676025,16.634676,-0.155131,-7.513178,0.816331
7678,7.678000,16.472504,15.695146,16.634676,-0.162173,-7.838825,0.767341
7679,7.679000,16.465588,15.713683,16.634676,-0.169088,-8.142315,0.767121
7680,7.680000,16.458809,15.731613,16.634676,-0.175867,-8.396085,0.780901
7681,7.681000,16.452174,15.748922,16.634676,-0.182503,-8.629565,0.773291
7682,7.682000,16.445692,15.765598,16.634676,-0.188985,-8.853259,0.778151
7683,7.683000,16.439371,15.781625,16.634676,-0.195306,-9.067498,0.776181
7684,7.684000,16.433218,15.796993,16.634676,-0.201458,-9.272105,0.961299
7685,7.685000,16.427244,15.811688,16.634676,-0.207433,-9.466872,0.776391
7686,7.686000,16.421452,15.825702,16.634676,-0.213225,-9.649238,0.768891
7687,7.687000,16.415853,15.839023,16.634676,-0.218824,-9.818940,0.862040
7688,7.688000,16.410452,15.851641,16.634676,-0.224225,-9.978457,0.759641
7689,7.689000,16.405255,15.863550,16.634676,-0.229421,-10.128034,0.769302
7690,7.690000,16.400269,15.874738,16.634676,-0.234407,-10.267766,0.771941
7691,7.691000,16.395499,15.885201,16.634676,-0.239178,-10.398986,0.777001
7692,7.692000,16.390951,15.894931,16.634676,-0.243725,-10.527199,0.767431
7693,7.693000,16.386631,15.903921,16.634676,-0.248045,-10.661154,0.775382
7694,7.694000,16.382542,15.912164,16.634676,-0.252135,-10.798004,0.762631
7695,7.695000,16.378688,15.919655,16.634676,-0.255989,-10.922217,0.766441
7696,7.696000,16.375075,15.926386,16.634676,-0.259602,-11.033427,0.789601
7697,7.697000,16.371706,15.932352,16.634676,-0.262971,-11.136986,0.796121
7698,7.698000,16.368582,15.937546,16.634676,-0.266094,-11.230277,0.763782
7699,7.699000,16.365710,15.941967,16.634676,-0.268966,-11.310176,0.772401
7700,7.700000,16.363089,15.945609,16.634676,-0.271587,-11.412046,0.772971
7701,7.701000,16.360724,15.948471,16.634676,-0.273952,-11.499468,0.761741
7702,7.702000,16.358616,15.950546,16.634676,-0.276061,-11.562726,0.789431
7703,7.703000,16.356765,15.951833,16.634676,-0.277912,-11.602932,0.772091
7704,7.704000,16.355173,15.952330,16.634676,-0.279503,-11.622059,0.880030
7705,7.705000,16.353841,15.952040,16.634676,-0.280835,-11.652886,0.787161
7706,7.706000,16.352771,15.950963,16.634676,-0.281906,-11.662976,0.857420
7707,7.707000,16.351960,15.949098,16.634676,-0.282717,-11.667499,0.778731
7708,7.708000,16.351408,15.946449,16.634676,-0.283268,-11.697742,0.772092
7709,7.709000,16.351116,15.943019,16.634676,-0.283560,-11.707546,0.766501
7710,7.710000,16.351082,15.938805,16.634676,-0.283595,-11.718364,0.759271
7711,7.711000,16.351304,15.933810,16.634676,-0.283373,-11.741853,0.797851
7712,7.712000,16.351780,15.928037,16.634676,-0.282896,-11.739488,0.769411
7713,7.713000,16.352509,15.921485,16.634676,-0.282167,-11.710473,0.769311
7714,7.714000,16.353488,15.914158,16.634676,-0.281189,-11.661186,0.768081
7715,7.715000,16.354712,15.906063,16.634676,-0.279964,-11.624144,0.771451
7716,7.716000,16.356181,15.897204,16.634676,-0.278496,-11.585787,0.757501
7717,7.717000,16.357888,15.887585,16.634676,-0.276788,-11.556822,0.765531
7718,7.718000,16.359831,15.877212,16.634676,-0.274845,-11.489275,0.771232
7719,7.719000,16.362005,15.866091,16.634676,-0.272671,-11.395337,0.775961
7720,7.720000,16.364406,15.854228,16.634676,-0.270271,-11.291333,0.773101
7721,7.721000,16.367027,15.841637,16.634676,-0.267650,-11.178550,0.774051
7722,7.722000,16.369865,15.828321,16.634676,-0.264812,-11.061776,0.766902
7723,7.723000,16.372911,15.814296,16.634676,-0.261765,-10.916991,0.768861
7724,7.724000,16.376162,15.799571,16.634676,-0.258514,-10.743464,0.769821
7725,7.725000,16.379610,15.784159,16.634676,-0.255067,-10.540810,0.771431
7726,7.726000,16.383249,15.768077,16.634676,-0.251428,-10.308345,0.794211
7727,7.727000,16.387070,15.751343,16.634676,-0.247606,-10.044595,0.769251
7728,7.728000,16.391067,15.733976,16.634676,-0.243609,-9.734268,0.770231
7729,7.729000,16.395234,15.715999,16.634676,-0.239443,-9.325162,0.762591
7730,7.730000,16.399559,15.697440,16.634676,-0.235117,-8.879396,0.758102
7731,7.731000,16.404038,15.678334,16.634676,-0.230638,-8.404719,0.778871
7732,7.732000,16.408660,15.658712,16.634676,-0.226016,-7.832591,0.778641
7733,7.733000,16.413418,15.638618,16.634676,-0.221259,-7.173682,0.771231
7734,7.734000,16.418301,15.618095,16.634676,-0.216375,-6.414251,0.771061
7735,7.735000,16.423301,15.597198,16.634676,-0.211376,-5.570785,0.772221
7736,7.736000,16.428408,15.575985,16.634676,-0.206268,-4.726442,0.756281
7737,7.737000,16.433614,15.554518,16.634676,-0.201062,-3.854392,0.766232
7738,7.738000,16.438910,15.532858,16.634676,-0.195767,-2.978698,0.772971
7739,7.739000,16.444283,15.511064,16.634676,-0.190393,-2.134952,0.767401
7740,7.740000,16.449727,15.489196,16.634676,-0.184950,-1.368419,0.791071
7741,7.741000,16.455229,15.467308,16.634676,-0.179448,-0.642835,0.777171
7742,7.742000,16.460780,15.445448,16.634676,-0.173897,0.033980,0.775011
7743,7.743000,16.466372,15.423665,16.634676,-0.168304,0.704376,0.866790
7744,7.744000,16.471993,15.401998,16.634676,-0.162683,1.368636,0.758851
7745,7.745000,16.477635,15.380493,16.634676,-0.157041,2.174071,0.914770
7746,7.746000,16.483287,15.359203,16.634676,-0.151389,2.975546,0.769521
7747,7.747000,16.488941,15.338182,16.634676,-0.145736,3.748509,0.773621
7748,7.748000,16.494584,15.317480,16.634676,-0.140092,4.411835,0.788611
7749,7.749000,16.500209,15.297143,16.634676,-0.134468,4.996712,0.780601
7750,7.750000,16.505808,15.277209,16.634676,-0.128869,5.543898,0.766801
7751,7.751000,16.511369,15.257717,16.634676,-0.123307,6.096859,0.794201
7752,7.752000,16.516885,15.238698,16.634676,-0.117792,6.596394,0.764191
7753,7.753000,16.522347,15.220185,16.634676,-0.112329,7.058007,0.772801
7754,7.754000,16.527745,15.202210,16.634676,-0.106932,7.490199,0.768121
7755,7.755000,16.533072,15.184796,16.634676,-0.101604,7.882253,0.783531
7756,7.756000,16.538320,15.167970,16.634676,-0.096357,8.212893,0.774631
7757,7.757000,16.543478,15.151750,16.634676,-0.091198,8.501729,0.771822
7758,7.758000,16.548544,15.136155,16.634676,-0.086132,8.741201,0.769031
7759,7.759000,16.553506,15.121199,16.634676,-0.081170,8.954015,0.768741
7760,7.760000,16.558358,15.106893,16.634676,-0.076319,9.162386,0.781451
7761,7.761000,16.563094,15.093248,16.634676,-0.071582,9.348967,0.778642
7762,7.762000,16.567708,15.080276,16.634676,-0.066968,9.520331,0.775961
7763,7.763000,16.572192,15.067983,16.634676,-0.062484,9.670126,0.764121
7764,7.764000,16.576540,15.056379,16.634676,-0.058137,9.807794,0.786781
7765,7.765000,16.580747,15.045469,16.634676,-0.053929,9.956409,0.767022
7766,7.766000,16.584808,15.035265,16.634676,-0.049869,10.094970,0.763951
7767,7.767000,16.588718,15.025769,16.634676,-0.045959,10.198892,0.775781
7768,7.768000,16.592471,15.016991,16.634676,-0.042205,10.274443,0.772251
7769,7.769000,16.596064,15.008931,16.634676,-0.038613,10.335057,0.780111
7770,7.770000,16.599491,15.001592,16.634676,-0.035186,10.383538,0.774241
7771,7.771000,16.602750,14.994973,16.634676,-0.031926,10.420510,0.768551
7772,7.772000,16.605838,14.989079,16.634676,-0.028839,10.445190,0.758102
7773,7.773000,16.608749,14.983907,16.634676,-0.025927,10.457497,0.765781
7774,7.774000,16.611481,14.979455,16.634676,-0.023195,10.456966,0.765791
7775,7.775000,16.614034,14.975721,16.634676,-0.020643,10.443385,0.766912
7776,7.776000,16.616402,14.972702,16.634676,-0.018274,10.416352,0.778801
7777,7.777000,16.618586,14.970397,16.634676,-0.016090,10.375455,0.765561
7778,7.778000,16.620584,14.968797,16.634676,-0.014092,10.320364,0.774501
7779,7.779000,16.622394,14.967899,16.634676,-0.012282,10.250677,0.776532
7780,7.780000,16.624014,14.967695,16.634676,-0.010662,10.165904,0.769201
7781,7.781000,16.625447,14.968179,16.634676,-0.009229,10.065886,0.904590
7782,7.782000,16.626689,14.969340,16.634676,-0.007988,9.950106,0.768331
7783,7.783000,16.627740,14.971168,16.634676,-0.006936,9.818269,0.976909
7784,7.784000,16.628603,14.973656,16.634676,-0.006074,9.670361,0.779331
7785,7.785000,16.629277,14.976788,16.634676,-0.005399,9.506280,0.779041
7786,7.786000,16.629764,14.980553,16.634676,-0.004913,9.325979,0.766971
7787,7.787000,16.630063,14.984938,16.634676,-0.004614,9.128188,0.767191
7788,7.788000,16.630177,14.989924,16.634676,-0.004499,8.932921,0.759731
7789,7.789000,16.630109,14.995499,16.634676,-0.004568,8.737871,0.771261
7790,7.790000,16.629859,15.001648,16.634676,-0.004817,8.538057,0.773891
7791,7.791000,16.629429,15.008355,16.634676,-0.005247,8.319307,0.775271
7792,7.792000,16.628823,15.015604,16.634676,-0.005853,8.081583,0.776311
7793,7.793000,16.628044,15.023377,16.634676,-0.006632,7.827059,0.779541
7794,7.794000,16.627095,15.031655,16.634676,-0.007582,7.556499,0.771121
7795,7.795000,16.625978,15.040420,16.634676,-0.008698,7.270675,0.766591
7796,7.796000,16.624698,15.049649,16.634676,-0.009979,6.967007,0.776491
7797,7.797000,16.623256,15.059322,16.634676,-0.011420,6.634556,0.775921
7798,7.798000,16.621661,15.069416,16.634676,-0.013015,6.298754,0.783241
7799,7.799000,16.619913,15.079903,16.634676,-0.014763,5.965575,0.775101
7800,7.800000,16.618018,15.090763,16.634676,-0.016659,5.625203,0.768741
7801,7.801000,16.615980,15.101968,16.634676,-0.018696,5.198595,0.857930
7802,7.802000,16.613805,15.113493,16.634676,-0.020871,4.767738,0.762851
7803,7.803000,16.611496,15.125305,16.634676,-0.023180,4.341548,0.874610
7804,7.804000,16.609062,15.137374,16.634676,-0.025615,3.924609,0.774281
7805,7.805000,16.606502,15.149670,16.634676,-0.028175,3.518339,0.766461
7806,7.806000,16.603826,15.162166,16.634676,-0.030850,3.123831,0.780711
7807,7.807000,16.601039,15.174833,16.634676,-0.033637,2.752733,0.777381
7808,7.808000,16.598145,15.187646,16.634676,-0.036531,2.410500,0.770931
7809,7.809000,16.595150,15.200583,16.634676,-0.039526,2.074006,0.763901
7810,7.810000,16.592061,15.213618,16.634676,-0.042615,1.741395,0.763332
7811,7.811000,16.588882,15.226730,16.634676,-0.045795,1.422054,0.770061
7812,7.812000,16.585620,15.239899,16.634676,-0.049056,1.140020,0.760651
7813,7.813000,16.582282,15.253105,16.634676,-0.052394,0.856932,0.773841
7814,7.814000,16.578870,15.266327,16.634676,-0.055806,0.619921,0.779541
7815,7.815000,16.575394,15.279552,16.634676,-0.059283,0.390727,0.767121
7816,7.816000,16.571859,15.292763,16.634676,-0.062817,0.165958,0.764012
7817,7.817000,16.568270,15.305945,16.634676,-0.066407,-0.059842,0.765431
7818,7.818000,16.564633,15.319086,16.634676,-0.070044,-0.282647,0.780901
7819,7.819000,16.560955,15.332170,16.634676,-0.073722,-0.509181,0.774451
7820,7.820000,16.557243,15.345179,16.634676,-0.077434,-0.739057,0.774131
7821,7.821000,16.553500,15.358104,16.634676,-0.081177,-0.971032,0.768341
7822,7.822000,16.549733,15.370926,16.634676,-0.084944,-1.201283,0.790021
7823,7.823000,16.545949,15.383628,16.634676,-0.088728,-1.430255,0.756261
7824,7.824000,16.542153,15.396199,16.634676,-0.092523,-1.658667,0.769512
7825,7.825000,16.538352,15.408620,16.634676,-0.096324,-1.891906,0.770691
7826,7.826000,16.534551,15.420878,16.634676,-0.100125,-2.125827,0.778481
7827,7.827000,16.530755,15.432958,16.634676,-0.103921,-2.355898,0.773541
7828,7.828000,16.526971,15.444842,16.634676,-0.107705,-2.581779,0.773741
7829,7.829000,16.523204,15.456518,16.634676,-0.111472,-2.804361,0.767731
7830,7.830000,16.519460,15.467971,16.634676,-0.115217,-3.019101,0.756461
7831,7.831000,16.515744,15.479186,16.634676,-0.118932,-3.221201,0.769531
7832,7.832000,16.512061,15.490150,16.634676,-0.122616,-3.417433,0.780001
7833,7.833000,16.508417,15.500851,16.634676,-0.126259,-3.603715,0.771451
7834,7.834000,16.504816,15.511278,16.634676,-0.129861,-3.782281,0.774011
7835,7.835000,16.501264,15.521417,16.634676,-0.133412,-3.955534,0.764381
7836,7.836000,16.497765,15.531259,16.634676,-0.136911,-4.123169,0.758001
7837,7.837000,16.494325,15.540794,16.634676,-0.140352,-4.284774,0.760252
7838,7.838000,16.490949,15.550012,16.634676,-0.143728,-4.440004,0.790011
7839,7.839000,16.487640,15.558903,16.634676,-0.147037,-4.588508,0.773961
7840,7.840000,16.484402,15.567456,16.634676,-0.150274,-4.729187,0.857630
7841,7.841000,16.481240,15.575666,16.634676,-0.153437,-4.860695,0.776651
7842,7.842000,16.478159,15.583522,16.634676,-0.156517,-4.983432,0.858571
7843,7.843000,16.475162,15.591020,16.634676,-0.159514,-5.098923,0.781621
7844,7.844000,16.472253,15.598151,16.634676,-0.162424,-5.207246,0.763081
7845,7.845000,16.469434,15.604908,16.634676,-0.165243,-5.308194,0.758382
7846,7.846000,16.466712,15.611287,16.634676,-0.167965,-5.401765,0.770611
7847,7.847000,16.464086,15.617280,16.634676,-0.170591,-5.487748,0.775741
7848,7.848000,16.461562,15.622888,16.634676,-0.173115,-5.566538,0.769101
7849,7.849000,16.459142,15.628101,16.634676,-0.175534,-5.638365,0.790441
7850,7.850000,16.456829,15.632918,16.634676,-0.177848,-5.702309,0.770031
7851,7.851000,16.454624,15.637337,16.634676,-0.180052,-5.758361,0.754521
7852,7.852000,16.452532,15.641352,16.634676,-0.182144,-5.806491,0.778421
7853,7.853000,16.450553,15.644963,16.634676,-0.184123,-5.847383,0.773622
7854,7.854000,16.448690,15.648170,16.634676,-0.185986,-5.880278,0.771621
7855,7.855000,16.446945,15.650969,16.634676,-0.187731,-5.905108,0.779991
7856,7.856000,16.445318,15.653359,16.634676,-0.189358,-5.921829,0.773111
7857,7.857000,16.443814,15.655343,16.634676,-0.190863,-5.930502,0.772271
7858,7.858000,16.442429,15.656921,16.634676,-0.192248,-5.929541,0.762911
7859,7.859000,16.441169,15.658093,16.634676,-0.193508,-5.918849,0.770321
7860,7.860000,16.440031,15.658861,16.634676,-0.194645,-5.900324,0.771602
7861,7.861000,16.439019,15.659228,16.634676,-0.195658,-5.874151,0.782681
7862,7.862000,16.438131,15.659197,16.634676,-0.196546,-5.840405,0.770841
7863,7.863000,16.437368,15.658772,16.634676,-0.197309,-5.799159,0.771501
7864,7.864000,16.436731,15.657956,16.634676,-0.197946,-5.755137,0.765171
7865,7.865000,16.436218,15.656754,16.634676,-0.198458,-5.718279,0.756591
7866,7.866000,16.435831,15.655168,16.634676,-0.198846,-5.692150,0.770401
7867,7.867000,16.435568,15.653202,16.634676,-0.199109,-5.657083,0.774161
7868,7.868000,16.435428,15.650861,16.634676,-0.199249,-5.611393,0.775341
7869,7.869000,16.435412,15.648148,16.634676,-0.199264,-5.549421,0.777921
7870,7.870000,16.435518,15.645066,16.634676,-0.199158,-5.490023,0.770351
7871,7.871000,16.435745,15.641622,16.634676,-0.198931,-5.422921,0.763072
7872,7.872000,16.436092,15.637821,16.634676,-0.198584,-5.341828,0.762851
7873,7.873000,16.436557,15.633670,16.634676,-0.198120,-5.250329,0.779281
7874,7.874000,16.437137,15.629175,16.634676,-0.197539,-5.149376,0.772691
7875,7.875000,16.437834,15.624346,16.634676,-0.196843,-5.039463,0.772971
7876,7.876000,16.438641,15.619190,16.634676,-0.196035,-4.926796,0.804921
7877,7.877000,16.439560,15.613715,16.634676,-0.195116,-4.805820,0.774721
7878,7.878000,16.440586,15.607932,16.634676,-0.194090,-4.675477,0.916650
7879,7.879000,16.441718,15.601849,16.634676,-0.192958,-4.536168,0.769521
7880,7.880000,16.442955,15.595477,16.634676,-0.191722,-4.388282,0.963649
7881,7.881000,16.444290,15.588828,16.634676,-0.190386,-4.237024,0.762611
7882,7.882000,16.445724,15.581910,16.634676,-0.188952,-4.083667,0.769431
7883,7.883000,16.447251,15.574737,16.634676,-0.187426,-3.921607,0.772272
7884,7.884000,16.448871,15.567321,16.634676,-0.185805,-3.751197,0.778211
7885,7.885000,16.450579,15.559673,16.634676,-0.184098,-3.572974,0.783151
7886,7.886000,16.452370,15.551805,16.634676,-0.182306,-3.386982,0.766801
7887,7.887000,16.454243,15.543731,16.634676,-0.180433,-3.192771,0.762232
7888,7.888000,16.456195,15.535467,16.634676,-0.178481,-2.992494,0.760362
7889,7.889000,16.458220,15.527023,16.634676,-0.176456,-2.787026,0.778631
7890,7.890000,16.460315,15.518417,16.634676,-0.174361,-2.576994,0.783611
7891,7.891000,16.462477,15.509661,16.634676,-0.172199,-2.362989,0.782931
7892,7.892000,16.464700,15.500771,16.634676,-0.169976,-2.145528,0.769972
7893,7.893000,16.466983,15.491764,16.634676,-0.167693,-1.925227,0.771181
7894,7.894000,16.469321,15.482654,16.634676,-0.165355,-1.701753,0.771581
7895,7.895000,16.471708,15.473455,16.634676,-0.162968,-1.465499,0.762452
7896,7.896000,16.474143,15.464185,16.634676,-0.160533,-1.221241,0.782081
7897,7.897000,16.476619,15.454860,16.634676,-0.158057,-0.973819,0.779651
7898,7.898000,16.479133,15.445498,16.634676,-0.155544,-0.729332,0.853530
7899,7.899000,16.481680,15.436113,16.634676,-0.152996,-0.494341,0.776591
7900,7.900000,16.484257,15.426725,16.634676,-0.150420,-0.264775,0.862581
7901,7.901000,16.486857,15.417347,16.634676,-0.147819,-0.049972,0.772261
7902,7.902000,16.489480,15.407995,16.634676,-0.145196,0.161349,0.764601
7903,7.903000,16.492118,15.398680,16.634676,-0.142558,0.369851,0.765182
7904,7.904000,16.494769,15.389420,16.634676,-0.139908,0.575485,0.765011
7905,7.905000,16.497427,15.380227,16.634676,-0.137249,0.778078,0.772781
7906,7.906000,16.500089,15.371114,16.634676,-0.134587,0.977389,0.772441
7907,7.907000,16.502751,15.362094,16.634676,-0.131925,1.210841,0.775061
7908,7.908000,16.505408,15.353184,16.634676,-0.129268,1.483789,0.772081
7909,7.909000,16.508057,15.344399,16.634676,-0.126620,1.735404,0.762581
7910,7.910000,16.510691,15.335757,16.634676,-0.123985,1.974024,0.766502
7911,7.911000,16.513307,15.327276,16.634676,-0.121369,2.205784,0.770481
7912,7.912000,16.515905,15.318969,16.634676,-0.118772,2.428763,0.788441
7913,7.913000,16.518476,15.310853,16.634676,-0.116200,2.645309,0.779901
7914,7.914000,16.521019,15.302940,16.634676,-0.113658,2.853862,0.775821
7915,7.915000,16.523530,15.295244,16.634676,-0.111146,3.036296,0.777101
7916,7.916000,16.526005,15.287777,16.634676,-0.108672,3.210310,0.759531
7917,7.917000,16.528438,15.280552,16.634676,-0.106238,3.375134,0.766501
7918,7.918000,16.530830,15.273577,16.634676,-0.103846,3.528824,0.769501
7919,7.919000,16.533175,15.266861,16.634676,-0.101502,3.662009,0.788491
7920,7.920000,16.535470,15.260415,16.634676,-0.099207,3.786426,0.783831
7921,7.921000,16.537712,15.254244,16.634676,-0.096965,3.901241,0.770801
7922,7.922000,16.539897,15.248356,16.634676,-0.094779,4.009707,0.755462
7923,7.923000,16.542025,15.242756,16.634676,-0.092652,4.115551,0.763211
7924,7.924000,16.544091,15.237452,16.634676,-0.090585,4.211655,0.771341
7925,7.925000,16.546092,15.232447,16.634676,-0.088584,4.297078,0.771191
7926,7.926000,16.548029,15.227750,16.634676,-0.086648,4.371983,0.779501
7927,7.927000,16.549895,15.223360,16.634676,-0.084781,4.436745,0.774471
7928,7.928000,16.551690,15.219284,16.634676,-0.082987,4.491691,0.763451
7929,7.929000,16.553411,15.215524,16.634676,-0.081266,4.537064,0.754932
7930,7.930000,16.555057,15.212081,16.634676,-0.079620,4.573189,0.768541
7931,7.931000,16.556626,15.208958,16.634676,-0.078050,4.600326,0.769462
7932,7.932000,16.558117,15.206154,16.634676,-0.076560,4.618758,0.780691
7933,7.933000,16.559527,15.203672,16.634676,-0.075149,4.628612,0.765451
7934,7.934000,16.560856,15.201510,16.634676,-0.073821,4.630048,0.787221
7935,7.935000,16.562101,15.199666,16.634676,-0.072576,4.623338,0.781561
7936,7.936000,16.563262,15.198141,16.634676,-0.071415,4.608626,0.761212
7937,7.937000,16.564339,15.196930,16.634676,-0.070337,4.595294,0.859940
7938,7.938000,16.565330,15.196034,16.634676,-0.069347,4.574621,0.784901
7939,7.939000,16.566233,15.195450,16.634676,-0.068444,4.545590,0.859930
7940,7.940000,16.567051,15.195173,16.634676,-0.067626,4.518551,0.766542
7941,7.941000,16.567782,15.195202,16.634676,-0.066895,4.483616,0.773161
7942,7.942000,16.568424,15.195535,16.634676,-0.066253,4.439879,0.777251
7943,7.943000,16.568979,15.196167,16.634676,-0.065698,4.387470,0.773171
7944,7.944000,16.569445,15.197092,16.634676,-0.065232,4.326814,0.764952
7945,7.945000,16.569825,15.198306,16.634676,-0.064851,4.261770,0.765871
7946,7.946000,16.570117,15.199807,16.634676,-0.064559,4.191090,0.772281
7947,7.947000,16.570324,15.201585,16.634676,-0.064352,4.113028,0.778932
7948,7.948000,16.570444,15.203636,16.634676,-0.064233,4.027921,0.770931
7949,7.949000,16.570478,15.205953,16.634676,-0.064199,3.937610,0.777221
7950,7.950000,16.570428,15.208528,16.634676,-0.064248,3.844813,0.775161
7951,7.951000,16.570293,15.211357,16.634676,-0.064383,3.745707,0.763161
7952,7.952000,16.570078,15.214429,16.634676,-0.064598,3.640130,0.761752
7953,7.953000,16.569779,15.217738,16.634676,-0.064897,3.528269,0.788621
7954,7.954000,16.569402,15.221276,16.634676,-0.065274,3.410980,0.784591
7955,7.955000,16.568946,15.225033,16.634676,-0.065730,3.290964,0.777221
7956,7.956000,16.568413,15.229003,16.634676,-0.066263,3.172189,0.775642
7957,7.957000,16.567804,15.233173,16.634676,-0.066873,3.050164,0.764011
7958,7.958000,16.567121,15.237537,16.634676,-0.067556,2.923715,0.768731
7959,7.959000,16.566366,15.242086,16.634676,-0.068310,2.792905,0.774911
7960,7.960000,16.565541,15.246811,16.634676,-0.069135,2.658095,0.766852
7961,7.961000,16.564650,15.251700,16.634676,-0.070027,2.519754,0.777441
7962,7.962000,16.563690,15.256746,16.634676,-0.070986,2.378230,0.770881
7963,7.963000,16.562667,15.261936,16.634676,-0.072009,2.234417,0.766731
7964,7.964000,16.561585,15.267262,16.634676,-0.073092,2.088793,0.753402
7965,7.965000,16.560441,15.272715,16.634676,-0.074236,1.941671,0.771401
7966,7.966000,16.559240,15.278279,16.634676,-0.075436,1.793678,0.771181
7967,7.967000,16.557987,15.283950,16.634676,-0.076689,1.644157,0.783951
7968,7.968000,16.556679,15.289715,16.634676,-0.077997,1.493393,0.776751
7969,7.969000,16.555323,15.295563,16.634676,-0.079353,1.345271,0.765901
7970,7.970000,16.553921,15.301485,16.634676,-0.080755,1.213072,0.767222
7971,7.971000,16.552473,15.307472,16.634676,-0.082203,1.085318,0.762491
7972,7.972000,16.550986,15.313511,16.634676,-0.083690,0.949284,0.772961
7973,7.973000,16.549458,15.319599,16.634676,-0.085219,0.837911,0.783791
7974,7.974000,16.547894,15.325724,16.634676,-0.086783,0.718610,0.788151
7975,7.975000,16.546297,15.331879,16.634676,-0.088379,0.593714,0.903910
7976,7.976000,16.544670,15.338057,16.634676,-0.090007,0.463900,0.782661
7977,7.977000,16.543015,15.344249,16.634676,-0.091661,0.333225,0.962409
7978,7.978000,16.541335,15.350444,16.634676,-0.093341,0.202353,0.773521
7979,7.979000,16.539633,15.356635,16.634676,-0.095044,0.071757,0.779781
7980,7.980000,16.537911,15.362813,16.634676,-0.096765,-0.058124,0.758311
7981,7.981000,16.536173,15.368969,16.634676,-0.098503,-0.186343,0.767882
7982,7.982000,16.534421,15.375094,16.634676,-0.100255,-0.312400,0.772341
7983,7.983000,16.532659,15.381180,16.634676,-0.102017,-0.437192,0.778561
7984,7.984000,16.530888,15.387219,16.634676,-0.103788,-0.560608,0.771701
7985,7.985000,16.529112,15.393202,16.634676,-0.105564,-0.682390,0.772862
7986,7.986000,16.527333,15.399121,16.634676,-0.107343,-0.802279,0.758741
7987,7.987000,16.525556,15.404969,16.634676,-0.109121,-0.920114,0.771171
7988,7.988000,16.523780,15.410737,16.634676,-0.110897,-1.035697,0.768782
7989,7.989000,16.522011,15.416418,16.634676,-0.112666,-1.148744,0.771841
7990,7.990000,16.520250,15.422005,16.634676,-0.114426,-1.259122,0.776701
7991,7.991000,16.518502,15.427490,16.634676,-0.116175,-1.367870,0.783031
7992,7.992000,16.516765,15.432867,16.634676,-0.117911,-1.476736,0.767532
7993,7.993000,16.515046,15.438128,16.634676,-0.119631,-1.582057,0.762551
7994,7.994000,16.513343,15.443266,16.634676,-0.121333,-1.683454,0.768471
7995,7.995000,16.511663,15.448276,16.634676,-0.123013,-1.781104,0.861830
7996,7.996000,16.510007,15.453149,16.634676,-0.124670,-1.875144,0.765231
7997,7.997000,16.508376,15.457883,16.634676,-0.126300,-1.965350,0.904270
7998,7.998000,16.506773,15.462469,16.634676,-0.127904,-2.051248,0.772391
7999,7.999000,16.505202,15.466904,16.634676,-0.129475,-2.132793,0.769041
8000,8.000000,16.503661,15.471179,-1.716129,18.219790,-102.621368,0.790401
8001,8.001000,16.502155,15.469542,-1.716129,18.218284,-102.518127,0.773191
8002,8.002000,16.500685,15.460504,-1.716129,18.216814,-102.523056,0.763082
8003,8.003000,16.499246,15.443865,-1.716129,18.215375,-102.529030,0.772681
8004,8.004000,16.497832,15.419750,-1.716129,18.213961,-102.535553,0.769331
8005,8.005000,16.496437,15.388336,-1.716129,18.212566,-102.542496,0.774861
8006,8.006000,16.495049,15.349776,-1.716129,18.211177,-102.549904,0.794591
8007,8.007000,16.493654,15.304181,-1.716129,18.209782,-102.557838,1.014228
8008,8.008000,16.492236,15.251640,-1.716129,18.208365,-102.567009,0.863040
8009,8.009000,16.490776,15.192210,-1.716129,18.206905,-102.576088,0.773362
8010,8.010000,16.489255,15.125939,-1.716129,18.205384,-102.584595,0.770081
8011,8.011000,16.487648,15.052859,-1.716129,18.203777,-102.593681,0.769921
8012,8.012000,16.485927,14.973001,-1.716129,18.202056,-102.604248,0.776551
8013,8.013000,16.484067,14.886384,-1.716129,18.200196,-102.617378,1.166247
8014,8.014000,16.482035,14.793029,-1.716129,18.198164,-102.632530,0.900440
8015,8.015000,16.479798,14.692949,-1.716129,18.195927,-102.649200,1.096037
8016,8.016000,16.477323,14.586163,-1.716129,18.193451,-102.668442,0.763532
8017,8.017000,16.474567,14.472679,-1.716129,18.190695,-102.687355,0.762461
8018,8.018000,16.471493,14.352514,-1.716129,18.187622,-102.701324,0.770651
8019,8.019000,16.468057,14.225679,-1.716129,18.184186,-102.712173,0.776971
8020,8.020000,16.464217,14.092185,-1.716129,18.180346,-102.717323,0.772891
8021,8.021000,16.459921,13.952046,-1.716129,18.176050,-102.709557,0.770081
8022,8.022000,16.455124,13.805274,-1.716129,18.171253,-102.668633,0.771081
8023,8.023000,16.449771,13.651884,-1.716129,18.165900,-102.536896,0.762761
8024,8.024000,16.443810,13.491896,-1.716129,18.159939,-102.185219,0.762512
8025,8.025000,16.437185,13.325344,-1.716129,18.153314,-101.263359,0.773861
8026,8.026000,16.429836,13.152299,-1.716129,18.145965,-99.740868,0.770891
8027,8.027000,16.421703,12.972873,-1.716129,18.137831,-96.138824,0.771291
8028,8.028000,16.412724,12.787309,-1.716129,18.128853,-86.586388,0.784581
8029,8.029000,16.402836,12.596219,-1.716129,18.118965,-71.187950,0.775361
8030,8.030000,16.391969,12.400640,-1.716129,18.108098,-60.506130,0.762641
8031,8.031000,16.380061,12.201437,-1.716129,18.096190,-54.233929,0.780631
8032,8.032000,16.367039,11.999147,-1.716129,18.083168,-48.085712,1.088868
8033,8.033000,16.352835,11.794202,-1.716129,18.068964,-42.012325,0.823360
8034,8.034000,16.337380,11.587006,-1.716129,18.053509,-37.916500,0.852520
8035,8.035000,16.320606,11.377840,-1.716129,18.036734,-33.801273,0.774681
8036,8.036000,16.302437,11.166961,-1.716129,18.018566,-28.332668,0.780021
8037,8.037000,16.282807,10.954698,-1.716129,17.998936,-22.698389,0.774981
8038,8.038000,16.261646,10.741418,-1.716129,17.977775,-17.141422,0.776841
8039,8.039000,16.238881,10.527492,-1.716129,17.955010,-13.037894,0.764571
8040,8.040000,16.214442,10.313207,-1.716129,17.930571,-6.622687,0.772551
8041,8.041000,16.188260,10.098963,-1.716129,17.904389,-0.380069,0.766021
8042,8.042000,16.160267,9.885179,-1.716129,17.876396,6.812953,0.772572
8043,8.043000,16.130395,9.672332,-1.716129,17.846524,13.359371,0.772461
8044,8.044000,16.098575,9.460875,-1.716129,17.814704,18.880131,0.771211
8045,8.045000,16.064742,9.251189,-1.716129,17.780870,27.017691,0.768601
8046,8.046000,16.028830,9.043789,-1.716129,17.744959,35.752132,0.780841
8047,8.047000,15.990777,8.839256,-1.716129,17.706906,44.232952,0.762221
8048,8.048000,15.950522,8.638169,-1.716129,17.666651,53.129276,0.782551
8049,8.049000,15.908006,8.441128,-1.716129,17.624135,62.120724,0.791491
8050,8.050000,15.863167,8.248735,-1.716129,17.579296,68.736168,0.766962
8051,8.051000,15.815957,8.061456,-1.716129,17.532086,73.554443,0.768241
8052,8.052000,15.766320,7.879617,-1.716129,17.482449,79.265015,0.766221
8053,8.053000,15.714208,7.703554,-1.716129,17.430337,84.875450,0.913620
8054,8.054000,15.659573,7.533612,-1.716129,17.375702,90.813499,0.765191
8055,8.055000,15.602374,7.370157,-1.716129,17.318502,95.784157,0.762822
8056,8.056000,15.542568,7.213505,-1.716129,17.258697,99.074112,0.771191
8057,8.057000,15.480123,7.063870,-1.716129,17.196252,100.881065,0.759981
8058,8.058000,15.415001,6.921350,-1.716129,17.131130,101.733955,0.776371
8059,8.059000,15.347176,6.785967,-1.716129,17.063304,102.288712,0.777811
8060,8.060000,15.276618,6.657709,-1.716129,16.992747,102.580917,0.784441
8061,8.061000,15.203308,6.536553,-1.716129,16.919437,102.595528,0.758581
8062,8.062000,15.127225,6.422457,-1.716129,16.843354,102.541939,0.756302
8063,8.063000,15.048353,6.315382,-1.716129,16.764482,102.117996,0.797051
8064,8.064000,14.966681,6.215269,-1.716129,16.682810,101.572609,0.783151
8065,8.065000,14.882200,6.122049,-1.716129,16.598329,100.842125,0.776921
8066,8.066000,14.794905,6.035646,-1.716129,16.511034,99.658791,0.779391
8067,8.067000,14.704793,5.955958,-1.716129,16.420922,98.109108,0.771491
8068,8.068000,14.611865,5.882856,-1.716129,16.327994,96.049538,0.774671
8069,8.069000,14.516129,5.816178,-1.716129,16.232258,92.872246,0.764201
8070,8.070000,14.417590,5.755693,-1.716129,16.133719,88.700127,0.881340
8071,8.071000,14.316262,5.701096,-1.716129,16.032391,84.808853,0.774401
8072,8.072000,14.212158,5.652086,-1.716129,15.928287,80.658150,0.924250
8073,8.073000,14.105296,5.608351,-1.716129,15.821425,75.610115,0.771631
8074,8.074000,13.995696,5.569532,-1.716129,15.711825,70.714882,0.769631
8075,8.075000,13.883381,5.535269,-1.716129,15.599510,66.780014,0.775022
8076,8.076000,13.768378,5.505259,-1.716129,15.484507,63.233334,0.768391
8077,8.077000,13.650714,5.479244,-1.716129,15.366843,60.446457,0.763031
8078,8.078000,13.530419,5.457017,-1.716129,15.246548,57.921505,0.766252
8079,8.079000,13.407526,5.438402,-1.716129,15.123654,56.276684,0.773441
8080,8.080000,13.282070,5.423279,-1.716129,14.998199,55.754734,0.774001
8081,8.081000,13.154089,5.411602,-1.716129,14.870218,55.300823,0.775201
8082,8.082000,13.023620,5.403349,-1.716129,14.739749,54.658382,0.777631
8083,8.083000,12.890707,5.398486,-1.716129,14.606835,53.986462,0.766821
8084,8.084000,12.755390,5.396970,-1.716129,14.471519,53.249123,0.762101
8085,8.085000,12.617718,5.398750,-1.716129,14.333846,52.357258,0.762901
8086,8.086000,12.477735,5.403762,-1.716129,14.193864,51.388340,0.774091
8087,8.087000,12.335492,5.411934,-1.716129,14.051621,50.555981,0.795111
8088,8.088000,12.191041,5.423198,-1.716129,13.907170,49.859501,0.780741
8089,8.089000,12.044433,5.437497,-1.716129,13.760562,49.129650,0.773621
8090,8.090000,11.895725,5.454772,-1.716129,13.611854,48.462978,0.847870
8091,8.091000,11.744971,5.474971,-1.716129,13.461100,48.109737,0.982538
8092,8.092000,11.592233,5.498058,-1.716129,13.308362,47.812195,0.764222
8093,8.093000,11.437568,5.524004,-1.716129,13.153696,47.463127,0.770941
8094,8.094000,11.281038,5.552783,-1.716129,12.997167,47.058205,0.773161
8095,8.095000,11.122709,5.584359,-1.716129,12.838838,46.630630,0.777901
8096,8.096000,10.962645,5.618697,-1.716129,12.678774,46.134007,0.769342
8097,8.097000,10.800912,5.655756,-1.716129,12.517041,45.489536,0.771651
8098,8.098000,10.637578,5.695486,-1.716129,12.353707,44.771774,0.768751
8099,8.099000,10.472715,5.737828,-1.716129,12.188843,44.067287,0.765882
8100,8.100000,10.306391,5.782727,-1.716129,12.022520,43.324123,0.772751
8101,8.101000,10.138682,5.830121,-1.716129,11.854810,42.522182,0.778941
8102,8.102000,9.969659,5.879950,-1.716129,11.685788,41.651081,0.769421
8103,8.103000,9.799400,5.932146,-1.716129,11.515529,40.584881,0.767101
8104,8.104000,9.627980,5.986630,-1.716129,11.344109,39.253757,0.767831
8105,8.105000,9.455477,6.043306,-1.716129,11.171606,37.683949,0.772761
8106,8.106000,9.281971,6.102061,-1.716129,10.998100,36.241936,0.766451
8107,8.107000,9.107542,6.162785,-1.716129,10.823670,34.800228,0.794390
8108,8.108000,8.932270,6.225371,-1.716129,10.648399,33.057156,0.766892
8109,8.109000,8.756238,6.289697,-1.716129,10.472367,31.040913,0.940289
8110,8.110000,8.579530,6.355621,-1.716129,10.295658,28.974861,0.770651
8111,8.111000,8.402227,6.422996,-1.716129,10.118356,27.235117,0.909060
8112,8.112000,8.224417,6.491693,-1.716129,9.940546,25.377428,0.784521
8113,8.113000,8.046182,6.561582,-1.716129,9.762311,23.332560,0.769931
8114,8.114000,7.867610,6.632521,-1.716129,9.583739,21.135866,0.766482
8115,8.115000,7.688787,6.704362,-1.716129,9.404916,18.819016,0.758161
8116,8.116000,7.509798,6.776944,-1.716129,9.225927,16.145573,0.766981
8117,8.117000,7.330732,6.850085,-1.716129,9.046861,14.219826,0.774881
8118,8.118000,7.151675,6.923642,-1.716129,8.867804,11.677768,0.776331
8119,8.119000,6.972715,6.997449,-1.716129,8.688844,9.173119,0.774111
8120,8.120000,6.793939,7.071335,-1.716129,8.510068,5.428416,0.765772
8121,8.121000,6.615435,7.145058,-1.716129,8.331564,1.828685,0.766191
8122,8.122000,6.437289,7.218368,-1.716129,8.153418,-1.534327,0.768401
8123,8.123000,6.259590,7.291026,-1.716129,7.975719,-4.575643,0.773201
8124,8.124000,6.082423,7.362822,-1.716129,7.798552,-6.892566,0.775581
8125,8.125000,5.905874,7.433592,-1.716129,7.622003,-9.264224,0.798640
8126,8.126000,5.730030,7.503185,-1.716129,7.446159,-11.048609,0.783361
8127,8.127000,5.554974,7.571482,-1.716129,7.271103,-12.169646,0.771501
8128,8.128000,5.380791,7.638416,-1.716129,7.096920,-13.625338,0.762831
8129,8.129000,5.207564,7.703904,-1.716129,6.923693,-15.119158,0.758732
8130,8.130000,5.035376,7.767862,-1.716129,6.751505,-17.257072,0.775251
8131,8.131000,4.864309,7.830161,-1.716129,6.580438,-19.352566,0.771491
8132,8.132000,4.694442,7.890667,-1.716129,6.410570,-21.423626,0.778521
8133,8.133000,4.525855,7.949242,-1.716129,6.241984,-23.516947,0.771032
8134,8.134000,4.358627,8.005751,-1.716129,6.074756,-25.568764,0.768601
8135,8.135000,4.192835,8.060060,-1.716129,5.908963,-28.148432,0.762261
8136,8.136000,4.028554,8.112007,-1.716129,5.744683,-30.823801,0.771091
8137,8.137000,3.865860,8.161417,-1.716129,5.581989,-33.170124,0.762311
8138,8.138000,3.704824,8.208131,-1.716129,5.420953,-35.208439,0.767141
8139,8.139000,3.545520,8.252017,-1.716129,5.261649,-37.009064,0.772911
8140,8.140000,3.388016,8.292959,-1.716129,5.104145,-39.057720,0.768362
8141,8.141000,3.232380,8.330835,-1.716129,4.948509,-42.242031,0.775591
8142,8.142000,3.078680,8.365453,-1.716129,4.794809,-45.757393,0.768791
8143,8.143000,2.926980,8.396587,-1.716129,4.643109,-48.672157,0.771492
8144,8.144000,2.777342,8.424035,-1.716129,4.493471,-51.300640,0.766411
8145,8.145000,2.629827,8.447622,-1.716129,4.345956,-53.533878,0.780861
8146,8.146000,2.484494,8.467206,-1.716129,4.200623,-56.041492,0.770831
8147,8.147000,2.341398,8.482634,-1.716129,4.057527,-58.042210,0.778462
8148,8.148000,2.200595,8.493782,-1.716129,3.916724,-59.494427,0.868660
8149,8.149000,2.062135,8.500563,-1.716129,3.778264,-60.688034,0.958339
8150,8.150000,1.926068,8.502915,-1.716129,3.642197,-61.700958,0.760791
8151,8.151000,1.792441,8.500789,-1.716129,3.508570,-62.415806,0.766331
8152,8.152000,1.661298,8.494157,-1.716129,3.377427,-62.863728,0.769001
8153,8.153000,1.532682,8.483009,-1.716129,3.248811,-63.059399,0.772821
8154,8.154000,1.406631,8.467349,-1.716129,3.122760,-63.039211,0.781841
8155,8.155000,1.283183,8.447201,-1.716129,2.999312,-62.835274,0.784021
8156,8.156000,1.162372,8.422597,-1.716129,2.878501,-62.481438,0.766532
8157,8.157000,1.044230,8.393581,-1.716129,2.760359,-61.969151,0.755401
8158,8.158000,0.928787,8.360208,-1.716129,2.644916,-61.274826,0.760052
8159,8.159000,0.816069,8.322541,-1.716129,2.532198,-60.394279,0.771761
8160,8.160000,0.706101,8.280658,-1.716129,2.422230,-59.318737,0.775591
8161,8.161000,0.598905,8.234650,-1.716129,2.315034,-58.168186,0.766341
8162,8.162000,0.494500,8.184611,-1.716129,2.210629,-56.906391,0.763622
8163,8.163000,0.392904,8.130643,-1.716129,2.109033,-55.430405,0.763751
8164,8.164000,0.294131,8.072863,-1.716129,2.010260,-53.816925,0.776441
8165,8.165000,0.198194,8.011394,-1.716129,1.914323,-52.699703,0.786571
8166,8.166000,0.105103,7.946333,-1.716129,1.821232,-51.716682,0.785281
8167,8.167000,0.014866,7.877763,-1.716129,1.730995,-50.786900,0.955989
8168,8.168000,-0.072512,7.805759,-1.716129,1.643617,-50.182186,0.784691
8169,8.169000,-0.157028,7.730372,-1.716129,1.559101,-49.769249,0.866690
8170,8.170000,-0.238679,7.651643,-1.716129,1.477450,-49.417583,0.790711
8171,8.171000,-0.317468,7.569602,-1.716129,1.398661,-49.179340,0.780861
8172,8.172000,-0.393397,7.484271,-1.716129,1.322732,-48.864170,0.768731
8173,8.173000,-0.466471,7.395682,-1.716129,1.249657,-48.387917,0.762912
8174,8.174000,-0.536699,7.303871,-1.716129,1.179430,-47.780869,0.765461
8175,8.175000,-0.604089,7.208890,-1.716129,1.112040,-47.058575,0.770151
8176,8.176000,-0.668654,7.110796,-1.716129,1.047475,-46.064411,0.773942
8177,8.177000,-0.730407,7.009669,-1.716129,0.985722,-44.733051,0.779791
8178,8.178000,-0.789364,6.905608,-1.716129,0.926765,-43.183716,0.767771
8179,8.179000,-0.845543,6.798731,-1.716129,0.870586,-41.572857,0.768791
8180,8.180000,-0.898964,6.689163,-1.716129,0.817164,-40.111485,0.761022
8181,8.181000,-0.949649,6.577021,-1.716129,0.766480,-38.957718,0.771331
8182,8.182000,-0.997621,6.462398,-1.716129,0.718508,-37.814137,0.775971
8183,8.183000,-1.042905,6.345383,-1.716129,0.673223,-36.562145,0.780361
8184,8.184000,-1.085530,6.226068,-1.716129,0.630599,-35.456509,0.776332
8185,8.185000,-1.125523,6.104537,-1.716129,0.590606,-34.473625,0.768001
8186,8.186000,-1.162916,5.980868,-1.716129,0.553213,-33.325260,0.765881
8187,8.187000,-1.197741,5.855141,-1.716129,0.518388,-32.303814,0.767302
8188,8.188000,-1.230031,5.727436,-1.716129,0.486098,-31.316664,0.775471
8189,8.189000,-1.259823,5.597828,-1.716129,0.456306,-30.402756,0.778411
8190,8.190000,-1.287153,5.466385,-1.716129,0.428976,-29.404552,0.775841
8191,8.191000,-1.312059,5.333182,-1.716129,0.404069,-28.382603,0.771611
8192,8.192000,-1.334583,5.198293,-1.716129,0.381546,-27.597723,0.764122
8193,8.193000,-1.354765,5.061783,-1.716129,0.361364,-26.845129,0.763041
8194,8.194000,-1.372648,4.923707,-1.716129,0.343481,-26.167227,0.756552
8195,8.195000,-1.388277,4.784120,-1.716129,0.327852,-25.502811,0.779651
8196,8.196000,-1.401695,4.643070,-1.716129,0.314433,-24.769421,0.765221
8197,8.197000,-1.412952,4.500612,-1.716129,0.303177,-24.016438,0.764831
8198,8.198000,-1.422094,4.356802,-1.716129,0.294035,-23.302271,0.762462
8199,8.199000,-1.429170,4.211695,-1.716129,0.286959,-22.537025,0.771261
8200,8.200000,-1.434232,4.065348,-1.716129,0.281897,-21.706074,0.763331
8201,8.201000,-1.437330,3.917823,-1.716129,0.278799,-20.788952,0.779351
8202,8.202000,-1.438517,3.769187,-1.716129,0.277612,-19.921268,0.770481
8203,8.203000,-1.437847,3.619506,-1.716129,0.278282,-19.005753,0.772711
8204,8.204000,-1.435374,3.468849,-1.716129,0.280755,-17.893906,0.780371
8205,8.205000,-1.431154,3.317293,-1.716129,0.284975,-16.992619,0.771642
8206,8.206000,-1.425244,3.164909,-1.716129,0.290885,-16.391432,0.858610
8207,8.207000,-1.417700,3.011747,-1.716129,0.298429,-15.720485,0.983739
8208,8.208000,-1.408582,2.857853,-1.716129,0.307547,-14.977829,0.756941
8209,8.209000,-1.397948,2.703280,-1.716129,0.318181,-14.238130,0.760842
8210,8.210000,-1.385858,2.548080,-1.716129,0.330271,-13.435908,0.767241
8211,8.211000,-1.372373,2.392312,-1.716129,0.343756,-12.510760,0.772611
8212,8.212000,-1.357553,2.236040,-1.716129,0.358576,-11.247617,0.780031
8213,8.213000,-1.341461,2.079349,-1.716129,0.374668,-9.851733,0.768852
8214,8.214000,-1.324159,1.922340,-1.716129,0.391970,-8.489189,0.765461
8215,8.215000,-1.305709,1.765110,-1.716129,0.410420,-6.756668,0.755711
8216,8.216000,-1.286176,1.607780,-1.716129,0.429952,-4.827236,0.767722
8217,8.217000,-1.265624,1.450484,-1.716129,0.450505,-2.661086,0.762521
8218,8.218000,-1.244115,1.293373,-1.716129,0.472013,-0.396887,0.780701
8219,8.219000,-1.221716,1.136606,-1.716129,0.494413,2.027158,0.771731
8220,8.220000,-1.198489,0.980351,-1.716129,0.517640,4.663902,0.763751
8221,8.221000,-1.174501,0.824790,-1.716129,0.541628,7.030195,0.770551
8222,8.222000,-1.149815,0.670091,-1.716129,0.566314,9.141587,0.763522
8223,8.223000,-1.124497,0.516401,-1.716129,0.591632,11.157335,0.786661
8224,8.224000,-1.098610,0.363857,-1.716129,0.617519,13.018065,0.776131
8225,8.225000,-1.072219,0.212582,-1.716129,0.643910,14.800148,0.781781
8226,8.226000,-1.045388,0.062695,-1.716129,0.670741,16.414026,0.767201
8227,8.227000,-1.018180,-0.085700,-1.716129,0.697948,17.912376,0.772272
8228,8.228000,-0.990659,-0.232507,-1.716129,0.725469,19.895580,0.759351
8229,8.229000,-0.962888,-0.377602,-1.716129,0.753241,22.298695,0.758961
8230,8.230000,-0.934928,-0.520832,-1.716129,0.781201,24.896383,0.778251
8231,8.231000,-0.906840,-0.662024,-1.716129,0.809289,27.961945,0.774531
8232,8.232000,-0.878687,-0.800975,-1.716129,0.837442,31.653698,0.772591
8233,8.233000,-0.850527,-0.937439,-1.716129,0.865601,34.870892,0.783431
8234,8.234000,-0.822421,-1.071190,-1.716129,0.893708,37.831738,0.775321
8235,8.235000,-0.794426,-1.202024,-1.716129,0.921703,40.646969,0.764342
8236,8.236000,-0.766599,-1.329753,-1.716129,0.949530,42.909355,0.767841
8237,8.237000,-0.738995,-1.454225,-1.716129,0.977133,44.947853,0.772831
8238,8.238000,-0.711671,-1.575311,-1.716129,1.004458,46.694988,0.771831
8239,8.239000,-0.684679,-1.692905,-1.716129,1.031450,48.226509,0.770271
8240,8.240000,-0.658070,-1.806915,-1.716129,1.058059,49.481945,0.765771
8241,8.241000,-0.631896,-1.917270,-1.716129,1.084233,50.585232,0.774021
8242,8.242000,-0.606205,-2.023910,-1.716129,1.109924,51.541870,0.757312
8243,8.243000,-0.581045,-2.126784,-1.716129,1.135084,52.390835,0.782381
8244,8.244000,-0.556461,-2.225849,-1.716129,1.159668,53.225842,0.910950
8245,8.245000,-0.532498,-2.321065,-1.716129,1.183630,54.169430,0.765391
8246,8.246000,-0.509200,-2.412380,-1.716129,1.206929,55.277359,0.853070
8247,8.247000,-0.486606,-2.499735,-1.716129,1.229523,56.377594,0.781572
8248,8.248000,-0.464756,-2.583066,-1.716129,1.251373,57.285778,0.778251
8249,8.249000,-0.443688,-2.662317,-1.716129,1.272441,58.100464,0.764161
8250,8.250000,-0.423438,-2.737444,-1.716129,1.292691,58.764896,0.759101
8251,8.251000,-0.404040,-2.808411,-1.716129,1.312089,59.616928,0.760892
8252,8.252000,-0.385526,-2.875175,-1.716129,1.330603,60.313484,0.779441
8253,8.253000,-0.367928,-2.937699,-1.716129,1.348201,60.697411,0.771951
8254,8.254000,-0.351273,-2.995965,-1.716129,1.364856,60.938568,0.783991
8255,8.255000,-0.335588,-3.049967,-1.716129,1.380541,61.066807,0.770862
8256,8.256000,-0.320899,-3.099711,-1.716129,1.395230,60.972599,0.783151
8257,8.257000,-0.307228,-3.145215,-1.716129,1.408900,60.946774,0.760921
8258,8.258000,-0.294597,-3.186495,-1.716129,1.421532,60.670780,0.761221
8259,8.259000,-0.283025,-3.223583,-1.716129,1.433104,60.294369,0.769671
8260,8.260000,-0.272529,-3.256516,-1.716129,1.443599,60.092976,0.785551
8261,8.261000,-0.263125,-3.285324,-1.716129,1.453003,60.379974,0.770821
8262,8.262000,-0.254827,-3.310004,-1.716129,1.461302,61.290447,0.766862
8263,8.263000,-0.247646,-3.330512,-1.716129,1.468483,62.059547,0.769481
8264,8.264000,-0.241592,-3.346798,-1.716129,1.474537,62.655193,0.891560
8265,8.265000,-0.236673,-3.358824,-1.716129,1.479456,63.048382,0.767791
8266,8.266000,-0.232895,-3.366569,-1.716129,1.483234,63.167156,0.870130
8267,8.267000,-0.230263,-3.370030,-1.716129,1.485866,62.901215,0.770051
8268,8.268000,-0.228777,-3.369235,-1.716129,1.487351,62.228863,0.769031
8269,8.269000,-0.228440,-3.364239,-1.716129,1.487689,60.819004,0.765681
8270,8.270000,-0.229249,-3.355147,-1.716129,1.486880,58.997334,0.774481
8271,8.271000,-0.231199,-3.342098,-1.716129,1.484930,57.374126,0.784941
8272,8.272000,-0.234287,-3.325226,-1.716129,1.481842,56.005573,0.763752
8273,8.273000,-0.238505,-3.304644,-1.716129,1.477624,54.817463,0.762101
8274,8.274000,-0.243843,-3.280451,-1.716129,1.472286,53.671768,0.762152
8275,8.275000,-0.250292,-3.252733,-1.716129,1.465837,52.385612,0.770781
8276,8.276000,-0.257838,-3.221586,-1.716129,1.458291,50.830418,0.766621
8277,8.277000,-0.266469,-3.187120,-1.716129,1.449660,49.191528,0.789171
8278,8.278000,-0.276169,-3.149455,-1.716129,1.439960,47.544945,0.774281
8279,8.279000,-0.286920,-3.108713,-1.716129,1.429209,45.897411,0.759251
8280,8.280000,-0.298704,-3.065014,-1.716129,1.417425,44.058010,0.766831
8281,8.281000,-0.311502,-3.018491,-1.716129,1.404627,42.236576,0.768291
8282,8.282000,-0.325291,-2.969276,-1.716129,1.390838,40.216930,0.781341
8283,8.283000,-0.340051,-2.917512,-1.716129,1.376078,37.934143,0.782631
8284,8.284000,-0.355756,-2.863359,-1.716129,1.360373,36.196442,0.767721
8285,8.285000,-0.372381,-2.806950,-1.716129,1.343747,34.315258,0.766272
8286,8.286000,-0.389902,-2.748418,-1.716129,1.326227,32.184452,0.757151
8287,8.287000,-0.408289,-2.687908,-1.716129,1.307839,29.932640,0.774081
8288,8.288000,-0.427516,-2.625578,-1.716129,1.288613,27.674477,0.768472
8289,8.289000,-0.447553,-2.561586,-1.716129,1.268576,25.578743,0.784301
8290,8.290000,-0.468370,-2.496083,-1.716129,1.247759,23.544302,0.771421
8291,8.291000,-0.489936,-2.429211,-1.716129,1.226193,21.195040,0.770981
8292,8.292000,-0.512219,-2.361129,-1.716129,1.203910,19.119556,0.758632
8293,8.293000,-0.535188,-2.291984,-1.716129,1.180941,16.566900,0.762931
8294,8.294000,-0.558808,-2.221946,-1.716129,1.157320,14.349295,0.768271
8295,8.295000,-0.583048,-2.151174,-1.716129,1.133081,12.139811,0.781321
8296,8.296000,-0.607872,-2.079818,-1.716129,1.108257,10.131245,0.778521
8297,8.297000,-0.633247,-2.008020,-1.716129,1.082882,7.383041,0.766741
8298,8.298000,-0.659138,-1.935956,-1.716129,1.056991,3.644897,0.768061
8299,8.299000,-0.685509,-1.863872,-1.716129,1.030619,0.748499,0.758482
8300,8.300000,-0.712327,-1.791980,-1.716129,1.003802,-1.331638,0.771471
8301,8.301000,-0.739555,-1.720436,-1.716129,0.976574,-3.588548,0.791551
8302,8.302000,-0.767158,-1.649387,-1.716129,0.948971,-5.484652,0.775351
8303,8.303000,-0.795101,-1.578961,-1.716129,0.921028,-6.972381,0.863770
8304,8.304000,-0.823349,-1.509257,-1.716129,0.892780,-8.279826,0.986308
8305,8.305000,-0.851867,-1.440356,-1.716129,0.864262,-9.369887,0.776891
8306,8.306000,-0.880621,-1.372324,-1.716129,0.835508,-10.310558,0.772401
8307,8.307000,-0.909576,-1.305219,-1.716129,0.806553,-11.046960,0.773071
8308,8.308000,-0.938697,-1.239083,-1.716129,0.777431,-11.570491,0.755442
8309,8.309000,-0.967952,-1.173944,-1.716129,0.748177,-12.016759,0.769801
8310,8.310000,-0.997306,-1.109826,-1.716129,0.718823,-12.361168,0.766731
8311,8.311000,-1.026725,-1.046744,-1.716129,0.689404,-12.691762,0.774492
8312,8.312000,-1.056178,-0.984715,-1.716129,0.659951,-12.999451,0.781011
8313,8.313000,-1.085632,-0.923752,-1.716129,0.630497,-13.289601,0.781091
8314,8.314000,-1.115054,-0.863870,-1.716129,0.601075,-13.688602,0.758541
8315,8.315000,-1.144412,-0.805092,-1.716129,0.571717,-14.495843,0.764252
8316,8.316000,-1.173677,-0.747462,-1.716129,0.542452,-15.280597,0.765231
8317,8.317000,-1.202815,-0.691035,-1.716129,0.513314,-16.005239,0.772691
8318,8.318000,-1.231798,-0.635859,-1.716129,0.484331,-16.719425,0.779721
8319,8.319000,-1.260596,-0.581981,-1.716129,0.455533,-17.451002,0.776132
8320,8.320000,-1.289178,-0.529450,-1.716129,0.426951,-18.214336,0.777541
8321,8.321000,-1.317517,-0.478314,-1.716129,0.398612,-19.053875,0.759771
8322,8.322000,-1.345583,-0.428627,-1.716129,0.370546,-19.877663,0.764301
8323,8.323000,-1.373351,-0.380442,-1.716129,0.342778,-20.604300,0.767942
8324,8.324000,-1.400791,-0.333805,-1.716129,0.315338,-21.251629,0.783861
8325,8.325000,-1.427879,-0.288759,-1.716129,0.288250,-21.813904,0.781871
8326,8.326000,-1.454589,-0.245338,-1.716129,0.261540,-22.341303,0.765151
8327,8.327000,-1.480896,-0.203572,-1.716129,0.235233,-22.842949,0.766852
8328,8.328000,-1.506776,-0.163489,-1.716129,0.209353,-23.288979,0.758221
8329,8.329000,-1.532205,-0.125115,-1.716129,0.183924,-23.669466,0.769082
8330,8.330000,-1.557161,-0.088471,-1.716129,0.158968,-23.998993,0.775521
8331,8.331000,-1.581623,-0.053574,-1.716129,0.134506,-24.285936,0.784481
8332,8.332000,-1.605568,-0.020437,-1.716129,0.110561,-24.533155,0.768531
8333,8.333000,-1.628978,0.010929,-1.716129,0.087151,-24.751831,0.767072
8334,8.334000,-1.651832,0.040514,-1.716129,0.064296,-24.943724,0.767641
8335,8.335000,-1.674113,0.068312,-1.716129,0.042016,-25.108503,0.764211
8336,8.336000,-1.695803,0.094316,-1.716129,0.020326,-25.258854,0.777001
8337,8.337000,-1.716884,0.118523,-1.716129,-0.000755,-25.403572,0.779451
8338,8.338000,-1.737341,0.140927,-1.716129,-0.021212,-25.548923,0.769871
8339,8.339000,-1.757159,0.161525,-1.716129,-0.041030,-25.696218,0.786411
8340,8.340000,-1.776324,0.180312,-1.716129,-0.060195,-25.790436,0.759802
8341,8.341000,-1.794822,0.197286,-1.716129,-0.078693,-25.927652,0.922869
8342,8.342000,-1.812641,0.212444,-1.716129,-0.096512,-26.047295,0.768921
8343,8.343000,-1.829769,0.225783,-1.716129,-0.113640,-26.332142,0.888080
8344,8.344000,-1.846196,0.237290,-1.716129,-0.130067,-26.916908,0.763132
8345,8.345000,-1.861911,0.246932,-1.716129,-0.145783,-27.530636,0.770101
8346,8.346000,-1.876907,0.254672,-1.716129,-0.160778,-28.202461,0.775231
8347,8.347000,-1.891176,0.260467,-1.716129,-0.175047,-28.872112,0.772201
8348,8.348000,-1.904709,0.264274,-1.716129,-0.188580,-29.441591,0.786712
8349,8.349000,-1.917502,0.266055,-1.716129,-0.201373,-29.815403,0.766961
8350,8.350000,-1.929549,0.265789,-1.716129,-0.213420,-30.027401,0.760651
8351,8.351000,-1.940847,0.263466,-1.716129,-0.224718,-30.080278,0.776901
8352,8.352000,-1.951392,0.259087,-1.716129,-0.235263,-29.975386,0.775412
8353,8.353000,-1.961182,0.252666,-1.716129,-0.245053,-29.736935,0.776031
8354,8.354000,-1.970217,0.244229,-1.716129,-0.254088,-29.355579,0.783511
8355,8.355000,-1.978496,0.233807,-1.716129,-0.262367,-28.818153,0.771701
8356,8.356000,-1.986021,0.221446,-1.716129,-0.269892,-28.328262,0.770452
8357,8.357000,-1.992793,0.207188,-1.716129,-0.276664,-28.137478,0.760291
8358,8.358000,-1.998816,0.191058,-1.716129,-0.282687,-27.929787,0.780411
8359,8.359000,-2.004092,0.173076,-1.716129,-0.287963,-27.760490,0.773401
8360,8.360000,-2.008628,0.153259,-1.716129,-0.292499,-27.622316,0.784502
8361,8.361000,-2.012428,0.131619,-1.716129,-0.296299,-27.544588,0.859150
8362,8.362000,-2.015499,0.108167,-1.716129,-0.299370,-27.380205,1.002128
8363,8.363000,-2.017848,0.082918,-1.716129,-0.301719,-27.129669,0.774361
8364,8.364000,-2.019485,0.055890,-1.716129,-0.303356,-26.793802,0.773261
8365,8.365000,-2.020418,0.027112,-1.716129,-0.304289,-26.383251,0.777811
8366,8.366000,-2.020657,-0.003384,-1.716129,-0.304528,-25.883032,0.762752
8367,8.367000,-2.020214,-0.035560,-1.716129,-0.304085,-25.293564,0.774601
8368,8.368000,-2.019100,-0.069371,-1.716129,-0.302971,-24.465736,0.765091
8369,8.369000,-2.017328,-0.104755,-1.716129,-0.301199,-23.557705,0.776941
8370,8.370000,-2.014912,-0.141645,-1.716129,-0.298783,-22.613708,0.769521
8371,8.371000,-2.011864,-0.179971,-1.716129,-0.295736,-21.751713,0.770851
8372,8.372000,-2.008202,-0.219667,-1.716129,-0.292073,-21.031479,0.766121
8373,8.373000,-2.003940,-0.260676,-1.716129,-0.287811,-20.189405,0.761802
8374,8.374000,-1.999095,-0.302939,-1.716129,-0.282966,-18.974501,0.788521
8375,8.375000,-1.993683,-0.346374,-1.716129,-0.277554,-17.653753,0.801041
8376,8.376000,-1.987722,-0.390888,-1.716129,-0.271593,-16.976702,0.768211
8377,8.377000,-1.981231,-0.436421,-1.716129,-0.265102,-16.318876,0.796731
8378,8.378000,-1.974228,-0.482927,-1.716129,-0.258099,-15.590705,0.770461
8379,8.379000,-1.966733,-0.530357,-1.716129,-0.250604,-14.820564,0.768521
8380,8.380000,-1.958765,-0.578658,-1.716129,-0.242636,-13.949976,0.911079
8381,8.381000,-1.950344,-0.627770,-1.716129,-0.234215,-13.023607,0.773681
8382,8.382000,-1.941492,-0.677631,-1.716129,-0.225363,-11.950570,0.855941
8383,8.383000,-1.932229,-0.728167,-1.716129,-0.216100,-10.759866,0.776021
8384,8.384000,-1.922577,-0.779294,-1.716129,-0.206448,-9.699983,0.768041
8385,8.385000,-1.912557,-0.830936,-1.716129,-0.196428,-8.689027,0.771671
8386,8.386000,-1.902193,-0.883021,-1.716129,-0.186064,-7.537643,0.771071
8387,8.387000,-1.891506,-0.935471,-1.716129,-0.175377,-6.256887,0.776141
8388,8.388000,-1.880519,-0.988200,-1.716129,-0.164390,-4.973612,0.761761
8389,8.389000,-1.869254,-1.041117,-1.716129,-0.153125,-3.708833,0.766462
8390,8.390000,-1.857736,-1.094136,-1.716129,-0.141607,-2.475639,0.766221
8391,8.391000,-1.845987,-1.147171,-1.716129,-0.129858,-1.226945,0.776741
8392,8.392000,-1.834030,-1.200138,-1.716129,-0.117902,0.117379,0.785991
8393,8.393000,-1.821890,-1.252945,-1.716129,-0.105761,1.470091,0.789281
8394,8.394000,-1.809588,-1.305501,-1.716129,-0.093459,3.246768,0.769312
8395,8.395000,-1.797148,-1.357691,-1.716129,-0.081019,4.871759,0.763141
8396,8.396000,-1.784594,-1.409401,-1.716129,-0.068465,6.464962,0.776761
8397,8.397000,-1.771948,-1.460521,-1.716129,-0.055820,7.928690,0.787701
8398,8.398000,-1.759234,-1.510951,-1.716129,-0.043105,9.328556,0.779501
8399,8.399000,-1.746474,-1.560597,-1.716129,-0.030345,10.553384,0.771151
8400,8.400000,-1.733690,-1.609377,-1.716129,-0.017561,11.673556,0.765012
8401,8.401000,-1.720905,-1.657219,-1.716129,-0.004776,12.662699,0.790061
8402,8.402000,-1.708140,-1.704057,-1.716129,0.007989,13.551011,0.752381
8403,8.403000,-1.695417,-1.749838,-1.716129,0.020712,14.453485,0.766201
8404,8.404000,-1.682756,-1.794505,-1.716129,0.033373,15.311868,0.769692
8405,8.405000,-1.670178,-1.838006,-1.716129,0.045951,16.110834,0.775571
8406,8.406000,-1.657703,-1.880290,-1.716129,0.058426,16.771410,0.771381
8407,8.407000,-1.645350,-1.921317,-1.716129,0.070779,17.371014,0.780171
8408,8.408000,-1.633140,-1.961051,-1.716129,0.082989,18.226641,0.764541
8409,8.409000,-1.621090,-1.999442,-1.716129,0.095039,19.081045,0.756141
8410,8.410000,-1.609218,-2.036436,-1.716129,0.106911,19.978521,0.766672
8411,8.411000,-1.597542,-2.071975,-1.716129,0.118586,20.800566,0.768551
8412,8.412000,-1.586079,-2.106008,-1.716129,0.130050,21.438553,0.771831
8413,8.413000,-1.574845,-2.138490,-1.716129,0.141284,21.991505,0.778321
8414,8.414000,-1.563856,-2.169390,-1.716129,0.152273,22.363678,0.767232
8415,8.415000,-1.553126,-2.198686,-1.716129,0.163003,22.728956,0.758111
8416,8.416000,-1.542670,-2.226358,-1.716129,0.173459,23.090004,0.785081
8417,8.417000,-1.532501,-2.252390,-1.716129,0.183628,23.557737,0.772271
8418,8.418000,-1.522633,-2.276757,-1.716129,0.193496,24.093803,0.764611
8419,8.419000,-1.513078,-2.299428,-1.716129,0.203051,24.619041,0.871020
8420,8.420000,-1.503846,-2.320372,-1.716129,0.212283,24.900406,0.928369
8421,8.421000,-1.494949,-2.339570,-1.716129,0.221180,25.121624,0.767341
8422,8.422000,-1.486397,-2.357013,-1.716129,0.229732,25.235107,0.764131
8423,8.423000,-1.478199,-2.372698,-1.716129,0.237930,25.260239,0.769361
8424,8.424000,-1.470363,-2.386627,-1.716129,0.245766,25.095573,0.767942
8425,8.425000,-1.462898,-2.398818,-1.716129,0.253231,24.794863,0.774921
8426,8.426000,-1.455810,-2.409296,-1.716129,0.260319,24.507401,0.765951
8427,8.427000,-1.449105,-2.418089,-1.716129,0.267024,24.205383,0.765202
8428,8.428000,-1.442789,-2.425223,-1.716129,0.273340,23.829271,0.796881
8429,8.429000,-1.436866,-2.430730,-1.716129,0.279263,23.611080,0.766791
8430,8.430000,-1.431341,-2.434633,-1.716129,0.284788,23.413971,0.767201
8431,8.431000,-1.426217,-2.436949,-1.716129,0.289912,23.078836,0.769172
8432,8.432000,-1.421496,-2.437703,-1.716129,0.294633,22.665192,0.766421
8433,8.433000,-1.417181,-2.436926,-1.716129,0.298948,22.386513,0.769821
8434,8.434000,-1.413272,-2.434645,-1.716129,0.302857,22.010836,0.776761
8435,8.435000,-1.409770,-2.430886,-1.716129,0.306359,21.588152,0.778301
8436,8.436000,-1.406675,-2.425682,-1.716129,0.309454,21.124352,0.767711
8437,8.437000,-1.403986,-2.419069,-1.716129,0.312143,20.526875,0.762951
8438,8.438000,-1.401701,-2.411089,-1.716129,0.314428,19.897224,0.766372
8439,8.439000,-1.399818,-2.401790,-1.716129,0.316310,19.211922,0.781931
8440,8.440000,-1.398336,-2.391222,-1.716129,0.317793,18.582603,0.960859
8441,8.441000,-1.397249,-2.379433,-1.716129,0.318880,17.943268,0.777081
8442,8.442000,-1.396555,-2.366471,-1.716129,0.319574,17.259556,0.783821
8443,8.443000,-1.396248,-2.352384,-1.716129,0.319881,16.601883,0.770652
8444,8.444000,-1.396325,-2.337221,-1.716129,0.319804,16.011488,0.767431
8445,8.445000,-1.396778,-2.321025,-1.716129,0.319351,15.320691,0.760431
8446,8.446000,-1.397603,-2.303845,-1.716129,0.318526,14.656476,0.767282
8447,8.447000,-1.398793,-2.285728,-1.716129,0.317336,13.999420,0.775401
8448,8.448000,-1.400340,-2.266722,-1.716129,0.315789,13.266416,0.776251
8449,8.449000,-1.402238,-2.246877,-1.716129,0.313891,12.580327,0.773111
8450,8.450000,-1.404478,-2.226242,-1.716129,0.311651,11.881183,0.769272
8451,8.451000,-1.407052,-2.204868,-1.716129,0.309077,11.157504,0.768961
8452,8.452000,-1.409952,-2.182805,-1.716129,0.306177,10.559834,0.776041
8453,8.453000,-1.413168,-2.160096,-1.716129,0.302961,9.941196,0.768741
8454,8.454000,-1.416691,-2.136784,-1.716129,0.299437,9.266370,0.776031
8455,8.455000,-1.420512,-2.112916,-1.716129,0.295616,8.563358,0.769761
8456,8.456000,-1.424621,-2.088539,-1.716129,0.291508,7.740108,0.771831
8457,8.457000,-1.429007,-2.063710,-1.716129,0.287122,6.951976,0.768971
8458,8.458000,-1.433659,-2.038484,-1.716129,0.282470,6.188120,0.763142
8459,8.459000,-1.438568,-2.012916,-1.716129,0.277561,5.419701,0.818880
8460,8.460000,-1.443722,-1.987058,-1.716129,0.272407,4.624526,0.766942
8461,8.461000,-1.449109,-1.960965,-1.716129,0.267020,3.850923,0.767681
8462,8.462000,-1.454720,-1.934691,-1.716129,0.261409,3.116262,0.771771
8463,8.463000,-1.460541,-1.908285,-1.716129,0.255588,2.401516,0.777641
8464,8.464000,-1.466562,-1.881798,-1.716129,0.249567,1.756433,0.761442
8465,8.465000,-1.472771,-1.855273,-1.716129,0.243358,1.314481,0.768341
8466,8.466000,-1.479156,-1.828742,-1.716129,0.236973,0.901414,0.772401
8467,8.467000,-1.485705,-1.802231,-1.716129,0.230424,0.552599,0.760602
8468,8.468000,-1.492407,-1.775763,-1.716129,0.223722,0.303494,0.767991
8469,8.469000,-1.499250,-1.749353,-1.716129,0.216879,0.053154,0.774101
8470,8.470000,-1.506221,-1.723015,-1.716129,0.209908,-0.218856,0.778372
8471,8.471000,-1.513309,-1.696767,-1.716129,0.202820,-0.536877,0.772141
8472,8.472000,-1.520502,-1.670627,-1.716129,0.195627,-0.900355,0.775111
8473,8.473000,-1.527788,-1.644618,-1.716129,0.188341,-1.292679,0.755652
8474,8.474000,-1.535155,-1.618768,-1.716129,0.180974,-1.686314,0.774921
8475,8.475000,-1.542590,-1.593102,-1.716129,0.173538,-2.077476,0.784641
8476,8.476000,-1.550083,-1.567646,-1.716129,0.166045,-2.464289,0.768491
8477,8.477000,-1.557622,-1.542428,-1.716129,0.158507,-2.832996,0.851151
8478,8.478000,-1.565194,-1.517472,-1.716129,0.150935,-3.159158,0.779791
8479,8.479000,-1.572788,-1.492800,-1.716129,0.143340,-3.508923,0.858850
8480,8.480000,-1.580393,-1.468434,-1.716129,0.135736,-3.841423,0.767151
8481,8.481000,-1.587997,-1.444396,-1.716129,0.128132,-4.160474,0.763152
8482,8.482000,-1.595589,-1.420707,-1.716129,0.120540,-4.480280,0.778751
8483,8.483000,-1.603157,-1.397388,-1.716129,0.112972,-4.794538,0.770411
8484,8.484000,-1.610691,-1.374458,-1.716129,0.105438,-5.098917,0.775151
8485,8.485000,-1.618179,-1.351937,-1.716129,0.097949,-5.402807,0.773452
8486,8.486000,-1.625612,-1.329845,-1.716129,0.090517,-5.757010,0.766881
8487,8.487000,-1.632978,-1.308204,-1.716129,0.083151,-6.110727,0.766531
8488,8.488000,-1.640267,-1.287037,-1.716129,0.075862,-6.452822,0.762272
8489,8.489000,-1.647469,-1.266365,-1.716129,0.068660,-6.807538,0.771031
8490,8.490000,-1.654574,-1.246213,-1.716129,0.061555,-7.148580,0.770571
8491,8.491000,-1.661571,-1.226601,-1.716129,0.054557,-7.466839,0.774821
8492,8.492000,-1.668453,-1.207550,-1.716129,0.047676,-7.763185,0.766531
8493,8.493000,-1.675209,-1.189080,-1.716129,0.040920,-8.009646,0.766541
8494,8.494000,-1.681831,-1.171205,-1.716129,0.034298,-8.226130,0.767981
8495,8.495000,-1.688309,-1.153938,-1.716129,0.027820,-8.425653,0.763392
8496,8.496000,-1.694636,-1.137291,-1.716129,0.021493,-8.614283,0.771741
8497,8.497000,-1.700802,-1.121275,-1.716129,0.015327,-8.828015,0.774281
8498,8.498000,-1.706801,-1.105901,-1.716129,0.009328,-9.069095,0.769802
8499,8.499000,-1.712624,-1.091183,-1.716129,0.003505,-9.326838,0.773451
8500,8.500000,-1.718264,-1.077137,-1.716129,-0.002135,-9.574828,0.768441
8501,8.501000,-1.723715,-1.063777,-1.716129,-0.007586,-9.814058,0.762261
8502,8.502000,-1.728969,-1.051120,-1.716129,-0.012840,-10.038043,0.775811
8503,8.503000,-1.734020,-1.039177,-1.716129,-0.017891,-10.243872,0.774461
8504,8.504000,-1.738862,-1.027962,-1.716129,-0.022733,-10.432104,0.767691
8505,8.505000,-1.743490,-1.017485,-1.716129,-0.027361,-10.603460,0.787851
8506,8.506000,-1.747897,-1.007756,-1.716129,-0.031768,-10.758565,0.776881
8507,8.507000,-1.752079,-0.998783,-1.716129,-0.035950,-10.898594,0.769891
8508,8.508000,-1.756032,-0.990573,-1.716129,-0.039903,-11.024040,0.759881
8509,8.509000,-1.759750,-0.983133,-1.716129,-0.043621,-11.170952,0.769191
8510,8.510000,-1.763231,-0.976469,-1.716129,-0.047102,-11.346271,0.766071
8511,8.511000,-1.766469,-0.970592,-1.716129,-0.050341,-11.495681,0.772041
8512,8.512000,-1.769463,-0.965508,-1.716129,-0.053334,-11.627273,0.770361
8513,8.513000,-1.772209,-0.961227,-1.716129,-0.056080,-11.770320,0.782231
8514,8.514000,-1.774705,-0.957753,-1.716129,-0.058576,-11.902697,0.763611
8515,8.515000,-1.776949,-0.955096,-1.716129,-0.060820,-12.005301,0.758171
8516,8.516000,-1.778938,-0.953258,-1.716129,-0.062809,-12.078514,0.854931
8517,8.517000,-1.780672,-0.952245,-1.716129,-0.064544,-12.120629,0.770551
8518,8.518000,-1.782150,-0.952055,-1.716129,-0.066021,-12.180203,0.888900
8519,8.519000,-1.783371,-0.952690,-1.716129,-0.067242,-12.211255,0.788701
8520,8.520000,-1.784335,-0.954150,-1.716129,-0.068206,-12.213025,0.772171
8521,8.521000,-1.785041,-0.956433,-1.716129,-0.068913,-12.233237,0.772041
8522,8.522000,-1.785492,-0.959537,-1.716129,-0.069363,-12.224166,0.755991
8523,8.523000,-1.785687,-0.963460,-1.716129,-0.069558,-12.184726,0.760421
8524,8.524000,-1.785628,-0.968196,-1.716129,-0.069499,-12.112364,0.791931
8525,8.525000,-1.785317,-0.973738,-1.716129,-0.069188,-12.058830,0.778271
8526,8.526000,-1.784756,-0.980081,-1.716129,-0.068627,-11.993129,0.768581
8527,8.527000,-1.783947,-0.987216,-1.716129,-0.067818,-11.947645,0.771261
8528,8.528000,-1.782893,-0.995139,-1.716129,-0.066765,-11.881299,0.773411
8529,8.529000,-1.781598,-1.003843,-1.716129,-0.065469,-11.858541,0.765542
8530,8.530000,-1.780065,-1.013324,-1.716129,-0.063937,-11.796618,0.793111
8531,8.531000,-1.778298,-1.023575,-1.716129,-0.062170,-11.689454,0.781791
8532,8.532000,-1.776302,-1.034589,-1.716129,-0.060173,-11.538751,0.781351
8533,8.533000,-1.774080,-1.046354,-1.716129,-0.057951,-11.345022,0.777471
8534,8.534000,-1.771639,-1.058853,-1.716129,-0.055510,-11.119792,0.771661
8535,8.535000,-1.768983,-1.072070,-1.716129,-0.052854,-10.862283,0.783131
8536,8.536000,-1.766118,-1.085985,-1.716129,-0.049989,-10.482989,0.802910
8537,8.537000,-1.763051,-1.100571,-1.716129,-0.046922,-10.124002,0.960950
8538,8.538000,-1.759787,-1.115800,-1.716129,-0.043658,-9.739304,0.758081
8539,8.539000,-1.756333,-1.131643,-1.716129,-0.040204,-9.329618,0.776101
8540,8.540000,-1.752696,-1.148071,-1.716129,-0.036567,-8.889760,0.772831
8541,8.541000,-1.748883,-1.165052,-1.716129,-0.032754,-8.423043,0.778301
8542,8.542000,-1.744903,-1.182551,-1.716129,-0.028774,-7.863011,0.794681
8543,8.543000,-1.740761,-1.200531,-1.716129,-0.024632,-7.261376,0.773981
8544,8.544000,-1.736468,-1.218949,-1.716129,-0.020339,-6.640589,0.776131
8545,8.545000,-1.732029,-1.237760,-1.716129,-0.015900,-5.997890,0.768471
8546,8.546000,-1.727455,-1.256918,-1.716129,-0.011326,-5.343349,0.772122
8547,8.547000,-1.722753,-1.276379,-1.716129,-0.006624,-4.682899,0.779301
8548,8.548000,-1.717932,-1.296096,-1.716129,-0.001803,-4.018302,0.785421
8549,8.549000,-1.713001,-1.316023,-1.716129,0.003127,-3.305427,0.773381
8550,8.550000,-1.707969,-1.336110,-1.716129,0.008160,-2.589347,0.769701
8551,8.551000,-1.702845,-1.356309,-1.716129,0.013284,-1.884365,0.779331
8552,8.552000,-1.697638,-1.376572,-1.716129,0.018491,-1.193104,0.777721
8553,8.553000,-1.692356,-1.396850,-1.716129,0.023773,-0.517082,0.777141
8554,8.554000,-1.687010,-1.417098,-1.716129,0.029119,0.187556,0.782161
8555,8.555000,-1.681608,-1.437269,-1.716129,0.034521,0.912763,0.774531
8556,8.556000,-1.676160,-1.457314,-1.716129,0.039969,1.647269,0.775322
8557,8.557000,-1.670674,-1.477184,-1.716129,0.045454,2.444664,0.769581
8558,8.558000,-1.665161,-1.496825,-1.716129,0.050968,3.159714,0.767781
8559,8.559000,-1.659627,-1.516190,-1.716129,0.056501,3.839616,0.788641
8560,8.560000,-1.654084,-1.535231,-1.716129,0.062045,4.521264,0.776371
8561,8.561000,-1.648539,-1.553904,-1.716129,0.067590,5.150504,0.769091
8562,8.562000,-1.643001,-1.572167,-1.716129,0.073128,5.613605,0.771171
8563,8.563000,-1.637479,-1.589989,-1.716129,0.078650,5.994274,0.769801
8564,8.564000,-1.631980,-1.607346,-1.716129,0.084149,6.284646,0.776531
8565,8.565000,-1.626514,-1.624220,-1.716129,0.089615,6.566278,0.791111
8566,8.566000,-1.621088,-1.640595,-1.716129,0.095041,6.818014,0.770901
8567,8.567000,-1.615710,-1.656459,-1.716129,0.100419,7.055646,0.769051
8568,8.568000,-1.610387,-1.671797,-1.716129,0.105742,7.291074,0.773312
8569,8.569000,-1.605128,-1.686597,-1.716129,0.111001,7.522612,0.768591
8570,8.570000,-1.599938,-1.700844,-1.716129,0.116191,7.740157,0.777951
8571,8.571000,-1.594825,-1.714527,-1.716129,0.121304,7.945164,0.809011
8572,8.572000,-1.589796,-1.727632,-1.716129,0.126333,8.136614,0.779961
8573,8.573000,-1.584858,-1.740150,-1.716129,0.131271,8.314198,0.957959
8574,8.574000,-1.580015,-1.752069,-1.716129,0.136114,8.478935,0.764592
8575,8.575000,-1.575275,-1.763381,-1.716129,0.140854,8.630635,0.896999
8576,8.576000,-1.570643,-1.774077,-1.716129,0.145486,8.769105,0.767962
8577,8.577000,-1.566125,-1.784149,-1.716129,0.150004,8.894252,0.792351
8578,8.578000,-1.561725,-1.793590,-1.716129,0.154404,9.007742,0.777991
8579,8.579000,-1.557449,-1.802395,-1.716129,0.158680,9.095046,0.776681
8580,8.580000,-1.553301,-1.810559,-1.716129,0.162828,9.148256,0.770641
8581,8.581000,-1.549286,-1.818081,-1.716129,0.166843,9.166795,0.781401
8582,8.582000,-1.545408,-1.824961,-1.716129,0.170721,9.176161,0.768221
8583,8.583000,-1.541670,-1.831201,-1.716129,0.174459,9.177479,0.774751
8584,8.584000,-1.538076,-1.836802,-1.716129,0.178053,9.170417,0.773761
8585,8.585000,-1.534630,-1.841767,-1.716129,0.181499,9.154281,0.772732
8586,8.586000,-1.531334,-1.846099,-1.716129,0.184795,9.128301,0.771081
8587,8.587000,-1.528191,-1.849802,-1.716129,0.187938,9.091822,0.779421
8588,8.588000,-1.525204,-1.852881,-1.716129,0.190925,9.044248,0.781471
8589,8.589000,-1.522374,-1.855339,-1.716129,0.193755,8.985188,0.775381
8590,8.590000,-1.519703,-1.857183,-1.716129,0.196426,8.914261,0.767312
8591,8.591000,-1.517194,-1.858418,-1.716129,0.198935,8.831203,0.768541
8592,8.592000,-1.514846,-1.859054,-1.716129,0.201282,8.734334,0.774631
8593,8.593000,-1.512663,-1.859097,-1.716129,0.203466,8.624877,0.865840
8594,8.594000,-1.510643,-1.858557,-1.716129,0.205486,8.502485,0.975939
8595,8.595000,-1.508787,-1.857444,-1.716129,0.207341,8.367127,0.796611
8596,8.596000,-1.507097,-1.855768,-1.716129,0.209032,8.219612,0.767772
8597,8.597000,-1.505571,-1.853542,-1.716129,0.210558,8.060158,0.774141
8598,8.598000,-1.504210,-1.850777,-1.716129,0.211919,7.861744,0.761351
8599,8.599000,-1.503012,-1.847488,-1.716129,0.213117,7.624981,0.771891
8600,8.600000,-1.501978,-1.843692,-1.716129,0.214151,7.369703,0.809120
8601,8.601000,-1.501106,-1.839410,-1.716129,0.215023,7.107319,0.782962
8602,8.602000,-1.500394,-1.834659,-1.716129,0.215735,6.860073,0.772181
8603,8.603000,-1.499842,-1.829459,-1.716129,0.216287,6.620017,0.768931
8604,8.604000,-1.499448,-1.823828,-1.716129,0.216681,6.380200,0.772451
8605,8.605000,-1.499209,-1.817784,-1.716129,0.216920,6.140044,0.763501
8606,8.606000,-1.499124,-1.811342,-1.716129,0.217005,5.918099,0.784332
8607,8.607000,-1.499190,-1.804521,-1.716129,0.216939,5.695676,0.779341
8608,8.608000,-1.499405,-1.797335,-1.716129,0.216724,5.483744,0.773521
8609,8.609000,-1.499766,-1.789800,-1.716129,0.216363,5.264305,0.792011
8610,8.610000,-1.500270,-1.781931,-1.716129,0.215859,5.036280,0.774641
8611,8.611000,-1.500915,-1.773745,-1.716129,0.215214,4.802031,0.768652
8612,8.612000,-1.501696,-1.765258,-1.716129,0.214433,4.554379,0.870910
8613,8.613000,-1.502611,-1.756488,-1.716129,0.213517,4.332995,0.768571
8614,8.614000,-1.503657,-1.747449,-1.716129,0.212472,4.128854,0.857380
8615,8.615000,-1.504829,-1.738158,-1.716129,0.211300,3.916744,0.770321
8616,8.616000,-1.506123,-1.728629,-1.716129,0.210006,3.696523,0.769631
8617,8.617000,-1.507537,-1.718878,-1.716129,0.208592,3.468681,0.782181
8618,8.618000,-1.509065,-1.708919,-1.716129,0.207064,3.236000,0.783071
8619,8.619000,-1.510704,-1.698769,-1.716129,0.205425,2.999565,0.777921
8620,8.620000,-1.512449,-1.688446,-1.716129,0.203680,2.760313,0.762851
8621,8.621000,-1.514296,-1.677965,-1.716129,0.201832,2.519007,0.765731
8622,8.622000,-1.516242,-1.667343,-1.716129,0.199887,2.276302,0.770141
8623,8.623000,-1.518280,-1.656597,-1.716129,0.197849,2.032323,0.789162
8624,8.624000,-1.520407,-1.645745,-1.716129,0.195722,1.786159,0.775531
8625,8.625000,-1.522617,-1.634803,-1.716129,0.193512,1.540364,0.767801
8626,8.626000,-1.524907,-1.623788,-1.716129,0.191222,1.295698,0.770261
8627,8.627000,-1.527271,-1.612716,-1.716129,0.188858,1.071551,0.765142
8628,8.628000,-1.529705,-1.601604,-1.716129,0.186424,0.876906,0.771371
8629,8.629000,-1.532203,-1.590465,-1.716129,0.183926,0.670604,0.803361
8630,8.630000,-1.534761,-1.579312,-1.716129,0.181367,0.463938,0.783721
8631,8.631000,-1.537375,-1.568160,-1.716129,0.178754,0.278104,0.799201
8632,8.632000,-1.540037,-1.557021,-1.716129,0.176091,0.092356,0.770151
8633,8.633000,-1.542745,-1.545907,-1.716129,0.173384,-0.097426,0.779091
8634,8.634000,-1.545493,-1.534831,-1.716129,0.170636,-0.292848,0.761302
8635,8.635000,-1.548276,-1.523806,-1.716129,0.167853,-0.490528,0.788781
8636,8.636000,-1.551089,-1.512844,-1.716129,0.165040,-0.689298,0.784271
8637,8.637000,-1.553928,-1.501960,-1.716129,0.162201,-0.888177,0.775121
8638,8.638000,-1.556786,-1.491166,-1.716129,0.159343,-1.086380,0.777321
8639,8.639000,-1.559660,-1.480476,-1.716129,0.156469,-1.284806,0.775731
8640,8.640000,-1.562544,-1.469903,-1.716129,0.153585,-1.488651,0.774351
8641,8.641000,-1.565434,-1.459461,-1.716129,0.150695,-1.689173,0.800391
8642,8.642000,-1.568325,-1.449162,-1.716129,0.147804,-1.884126,0.784391
8643,8.643000,-1.571212,-1.439019,-1.716129,0.144917,-2.082241,0.775451
8644,8.644000,-1.574091,-1.429046,-1.716129,0.142038,-2.289013,0.778961
8645,8.645000,-1.576957,-1.419257,-1.716129,0.139172,-2.499356,0.771481
8646,8.646000,-1.579805,-1.409664,-1.716129,0.136324,-2.701779,0.770211
8647,8.647000,-1.582630,-1.400281,-1.716129,0.133499,-2.895185,0.793881
8648,8.648000,-1.585430,-1.391121,-1.716129,0.130699,-3.068975,0.787151
8649,8.649000,-1.588198,-1.382195,-1.716129,0.127930,-3.234048,0.760191
8650,8.650000,-1.590932,-1.373514,-1.716129,0.125197,-3.392162,0.865030
8651,8.651000,-1.593627,-1.365087,-1.716129,0.122502,-3.543846,0.771332
8652,8.652000,-1.596279,-1.356925,-1.716129,0.119850,-3.689588,0.825050
8653,8.653000,-1.598884,-1.349035,-1.716129,0.117245,-3.828245,0.789270
8654,8.654000,-1.601439,-1.341428,-1.716129,0.114690,-3.959576,0.782541
8655,8.655000,-1.603939,-1.334109,-1.716129,0.112190,-4.083424,0.769221
8656,8.656000,-1.606382,-1.327088,-1.716129,0.109747,-4.199658,0.770311
8657,8.657000,-1.608763,-1.320372,-1.716129,0.107366,-4.307867,0.764171
8658,8.658000,-1.611080,-1.313965,-1.716129,0.105049,-4.408700,0.767691
8659,8.659000,-1.613330,-1.307875,-1.716129,0.102799,-4.511250,0.792651
8660,8.660000,-1.615509,-1.302108,-1.716129,0.100620,-4.604463,0.780191
8661,8.661000,-1.617615,-1.296668,-1.716129,0.098514,-4.689021,0.779481
8662,8.662000,-1.619646,-1.291560,-1.716129,0.096483,-4.764890,0.771921
8663,8.663000,-1.621597,-1.286790,-1.716129,0.094532,-4.832176,0.763631
8664,8.664000,-1.623468,-1.282360,-1.716129,0.092661,-4.895639,0.762981
8665,8.665000,-1.625255,-1.278273,-1.716129,0.090873,-4.954991,0.775911
8666,8.666000,-1.626958,-1.274533,-1.716129,0.089171,-5.005443,0.772122
8667,8.667000,-1.628573,-1.271141,-1.716129,0.087556,-5.046765,0.787361
8668,8.668000,-1.630099,-1.268101,-1.716129,0.086030,-5.079066,0.779301
8669,8.669000,-1.631535,-1.265413,-1.716129,0.084594,-5.101094,0.777721
8670,8.670000,-1.632879,-1.263077,-1.716129,0.083250,-5.112821,0.873420
8671,8.671000,-1.634129,-1.261093,-1.716129,0.082000,-5.115777,0.964449
8672,8.672000,-1.635285,-1.259461,-1.716129,0.080844,-5.110871,0.774642
8673,8.673000,-1.636346,-1.258179,-1.716129,0.079783,-5.098318,0.761011
8674,8.674000,-1.637310,-1.257244,-1.716129,0.078819,-5.078267,0.763821
8675,8.675000,-1.638177,-1.256656,-1.716129,0.077952,-5.050844,0.774731
8676,8.676000,-1.638947,-1.256410,-1.716129,0.077182,-5.016175,0.793470
8677,8.677000,-1.639619,-1.256504,-1.716129,0.076510,-4.974359,0.778771
8678,8.678000,-1.640193,-1.256933,-1.716129,0.075936,-4.925579,0.775251
8679,8.679000,-1.640669,-1.257693,-1.716129,0.075460,-4.869957,0.761731
8680,8.680000,-1.641047,-1.258780,-1.716129,0.075082,-4.807665,0.755242
8681,8.681000,-1.641327,-1.260188,-1.716129,0.074802,-4.738872,0.763541
8682,8.682000,-1.641510,-1.261912,-1.716129,0.074619,-4.663730,0.784951
8683,8.683000,-1.641596,-1.263946,-1.716129,0.074532,-4.582428,0.788621
8684,8.684000,-1.641587,-1.266283,-1.716129,0.074542,-4.495148,0.774852
8685,8.685000,-1.641482,-1.268917,-1.716129,0.074646,-4.410679,0.766371
8686,8.686000,-1.641284,-1.271841,-1.716129,0.074845,-4.331597,0.760181
8687,8.687000,-1.640992,-1.275048,-1.716129,0.075137,-4.245122,0.768772
8688,8.688000,-1.640609,-1.278532,-1.716129,0.075520,-4.150240,0.784111
8689,8.689000,-1.640135,-1.282286,-1.716129,0.075994,-4.048973,0.940729
8690,8.690000,-1.639572,-1.286303,-1.716129,0.076557,-3.940471,0.763931
8691,8.691000,-1.638922,-1.290574,-1.716129,0.077206,-3.823776,0.865120
8692,8.692000,-1.638187,-1.295090,-1.716129,0.077941,-3.700406,0.771191
8693,8.693000,-1.637369,-1.299844,-1.716129,0.078760,-3.571289,0.776521
8694,8.694000,-1.636469,-1.304824,-1.716129,0.079660,-3.447761,0.785391
8695,8.695000,-1.635489,-1.310023,-1.716129,0.080639,-3.317940,0.769131
8696,8.696000,-1.634433,-1.315431,-1.716129,0.081696,-3.181643,0.771772
8697,8.697000,-1.633302,-1.321037,-1.716129,0.082827,-3.031833,0.773621
8698,8.698000,-1.632098,-1.326832,-1.716129,0.084031,-2.861794,0.774461
8699,8.699000,-1.630824,-1.332803,-1.716129,0.085305,-2.678752,0.785591
8700,8.700000,-1.629483,-1.338938,-1.716129,0.086646,-2.485567,0.771872
8701,8.701000,-1.628078,-1.345222,-1.716129,0.088051,-2.293064,0.762271
8702,8.702000,-1.626610,-1.351643,-1.716129,0.089518,-2.102111,0.767621
8703,8.703000,-1.625084,-1.358185,-1.716129,0.091045,-1.912847,0.771972
8704,8.704000,-1.623502,-1.364838,-1.716129,0.092627,-1.725191,0.770641
8705,8.705000,-1.621866,-1.371586,-1.716129,0.094263,-1.539071,0.797281
8706,8.706000,-1.620180,-1.378417,-1.716129,0.095949,-1.354462,0.790641
8707,8.707000,-1.618447,-1.385319,-1.716129,0.097681,-1.171397,0.768951
8708,8.708000,-1.616671,-1.392279,-1.716129,0.099458,-0.989958,0.772192
8709,8.709000,-1.614853,-1.399284,-1.716129,0.101276,-0.810250,0.768301
8710,8.710000,-1.612998,-1.406323,-1.716129,0.103131,-0.632381,0.774821
8711,8.711000,-1.611108,-1.413383,-1.716129,0.105021,-0.456511,0.789911
8712,8.712000,-1.609186,-1.420452,-1.716129,0.106943,-0.282781,0.790451
8713,8.713000,-1.607237,-1.427519,-1.716129,0.108892,-0.111322,0.769562
8714,8.714000,-1.605263,-1.434571,-1.716129,0.110866,0.065527,0.765841
8715,8.715000,-1.603267,-1.441598,-1.716129,0.112862,0.252883,0.762911
8716,8.716000,-1.601253,-1.448587,-1.716129,0.114876,0.435615,0.771941
8717,8.717000,-1.599224,-1.455525,-1.716129,0.116905,0.612823,0.793931
8718,8.718000,-1.597182,-1.462400,-1.716129,0.118947,0.775673,0.782771
8719,8.719000,-1.595132,-1.469203,-1.716129,0.120997,0.926028,0.783401
8720,8.720000,-1.593076,-1.475921,-1.716129,0.123052,1.070296,0.772881
8721,8.721000,-1.591018,-1.482546,-1.716129,0.125111,1.223807,0.766211
8722,8.722000,-1.588961,-1.489069,-1.716129,0.127168,1.401381,0.764842
8723,8.723000,-1.586907,-1.495478,-1.716129,0.129222,1.566393,0.784791
8724,8.724000,-1.584860,-1.501761,-1.716129,0.131269,1.718543,0.774331
8725,8.725000,-1.582822,-1.507909,-1.716129,0.133306,1.861993,0.788241
8726,8.726000,-1.580798,-1.513912,-1.716129,0.135331,1.997245,0.776261
8727,8.727000,-1.578789,-1.519762,-1.716129,0.137340,2.124902,0.927000
8728,8.728000,-1.576798,-1.525450,-1.716129,0.139331,2.245390,0.774231
8729,8.729000,-1.574828,-1.530968,-1.716129,0.141301,2.359015,0.841721
8730,8.730000,-1.572881,-1.536310,-1.716129,0.143247,2.460706,0.770531
8731,8.731000,-1.570962,-1.541470,-1.716129,0.145167,2.547040,0.762131
8732,8.732000,-1.569071,-1.546441,-1.716129,0.147058,2.627989,0.767272
8733,8.733000,-1.567211,-1.551220,-1.716129,0.148918,2.704172,0.758921
8734,8.734000,-1.565385,-1.555801,-1.716129,0.150744,2.776160,0.773211
8735,8.735000,-1.563595,-1.560181,-1.716129,0.152534,2.843498,0.783251
8736,8.736000,-1.561843,-1.564355,-1.716129,0.154286,2.906000,0.780161
8737,8.737000,-1.560131,-1.568321,-1.716129,0.155998,2.963538,0.772042
8738,8.738000,-1.558462,-1.572074,-1.716129,0.157667,3.015977,0.764311
8739,8.739000,-1.556837,-1.575612,-1.716129,0.159292,3.063234,0.772961
8740,8.740000,-1.555257,-1.578933,-1.716129,0.160871,3.105277,0.784821
8741,8.741000,-1.553726,-1.582034,-1.716129,0.162403,3.142059,0.784322
8742,8.742000,-1.552244,-1.584914,-1.716129,0.163885,3.173583,0.772061
8743,8.743000,-1.550813,-1.587570,-1.716129,0.165316,3.199842,0.768251
8744,8.744000,-1.549435,-1.590002,-1.716129,0.166694,3.220851,0.780971
8745,8.745000,-1.548110,-1.592209,-1.716129,0.168019,3.236597,0.762782
8746,8.746000,-1.546840,-1.594190,-1.716129,0.169289,3.247148,0.782171
8747,8.747000,-1.545627,-1.595946,-1.716129,0.170502,3.252486,0.864120
8748,8.748000,-1.544471,-1.597477,-1.716129,0.171658,3.252699,0.771271
8749,8.749000,-1.543372,-1.598784,-1.716129,0.172757,3.247808,0.858581
8750,8.750000,-1.542333,-1.599867,-1.716129,0.173796,3.237915,0.769371
8751,8.751000,-1.541354,-1.600728,-1.716129,0.174775,3.223020,0.769971
8752,8.752000,-1.540435,-1.601368,-1.716129,0.175694,3.203232,0.803671
8753,8.753000,-1.539577,-1.601789,-1.716129,0.176552,3.178632,0.767751
8754,8.754000,-1.538781,-1.601995,-1.716129,0.177348,3.149319,0.772111
8755,8.755000,-1.538046,-1.601986,-1.716129,0.178083,3.115386,0.774082
8756,8.756000,-1.537373,-1.601768,-1.716129,0.178756,3.076914,0.763221
8757,8.757000,-1.536762,-1.601341,-1.716129,0.179366,3.034063,0.775941
8758,8.758000,-1.536214,-1.600711,-1.716129,0.179915,2.986923,0.787291
8759,8.759000,-1.535728,-1.599880,-1.716129,0.180401,2.935640,0.782422
8760,8.760000,-1.535303,-1.598854,-1.716129,0.180826,2.881237,0.760401
8761,8.761000,-1.534941,-1.597635,-1.716129,0.181188,2.831573,0.757511
8762,8.762000,-1.534640,-1.596229,-1.716129,0.181489,2.777702,0.772781
8763,8.763000,-1.534400,-1.594639,-1.716129,0.181729,2.719090,0.772051
8764,8.764000,-1.534220,-1.592869,-1.716129,0.181909,2.661496,0.798651
8765,8.765000,-1.534101,-1.590925,-1.716129,0.182028,2.603171,0.780101
8766,8.766000,-1.534041,-1.588811,-1.716129,0.182088,2.539869,0.765501
8767,8.767000,-1.534039,-1.586531,-1.716129,0.182090,2.471537,0.759462
8768,8.768000,-1.534095,-1.584090,-1.716129,0.182034,2.398493,0.773701
8769,8.769000,-1.534208,-1.581494,-1.716129,0.181921,2.321015,0.764531
8770,8.770000,-1.534377,-1.578748,-1.716129,0.181752,2.239450,0.785291
8771,8.771000,-1.534601,-1.575859,-1.716129,0.181528,2.154330,0.782842
8772,8.772000,-1.534878,-1.572832,-1.716129,0.181251,2.066031,0.765271
8773,8.773000,-1.535208,-1.569674,-1.716129,0.180921,1.973817,0.765981
8774,8.774000,-1.535588,-1.566392,-1.716129,0.180540,1.878939,0.763862
8775,8.775000,-1.536019,-1.562992,-1.716129,0.180110,1.781967,0.777751
8776,8.776000,-1.536499,-1.559482,-1.716129,0.179630,1.683548,0.788311
8777,8.777000,-1.537025,-1.555868,-1.716129,0.179104,1.584000,0.785791
8778,8.778000,-1.537597,-1.552157,-1.716129,0.178532,1.483079,0.767101
8779,8.779000,-1.538213,-1.548357,-1.716129,0.177916,1.379546,0.770042
8780,8.780000,-1.538871,-1.544475,-1.716129,0.177258,1.273867,0.765961
8781,8.781000,-1.539570,-1.540518,-1.716129,0.176559,1.165969,0.759701
8782,8.782000,-1.540309,-1.536493,-1.716129,0.175820,1.063362,0.785221
8783,8.783000,-1.541084,-1.532409,-1.716129,0.175045,0.980873,0.779731
8784,8.784000,-1.541896,-1.528270,-1.716129,0.174233,0.897343,0.769401
8785,8.785000,-1.542741,-1.524084,-1.716129,0.173388,0.811601,0.958109
8786,8.786000,-1.543618,-1.519854,-1.716129,0.172511,0.723493,0.769962
8787,8.787000,-1.544526,-1.515588,-1.716129,0.171603,0.633261,0.839740
8788,8.788000,-1.545462,-1.511291,-1.716129,0.170667,0.541391,0.783651
8789,8.789000,-1.546425,-1.506970,-1.716129,0.169704,0.448375,0.767191
8790,8.790000,-1.547412,-1.502631,-1.716129,0.168717,0.350543,0.762432
8791,8.791000,-1.548421,-1.498280,-1.716129,0.167708,0.248758,0.772521
8792,8.792000,-1.549452,-1.493925,-1.716129,0.166677,0.155134,0.765451
8793,8.793000,-1.550501,-1.489572,-1.716129,0.165627,0.062073,0.783592
8794,8.794000,-1.551568,-1.485228,-1.716129,0.164561,-0.030687,0.777521
8795,8.795000,-1.552649,-1.480898,-1.716129,0.163480,-0.123032,0.773341
8796,8.796000,-1.553743,-1.476589,-1.716129,0.162386,-0.214805,0.762851
8797,8.797000,-1.554849,-1.472307,-1.716129,0.161280,-0.305730,0.773582
8798,8.798000,-1.555963,-1.468058,-1.716129,0.160166,-0.395599,0.772831
8799,8.799000,-1.557085,-1.463848,-1.716129,0.159044,-0.484041,0.790681
8800,8.800000,-1.558212,-1.459683,-1.716129,0.157917,-0.570733,0.772391
8801,8.801000,-1.559343,-1.455568,-1.716129,0.156786,-0.656697,0.770801
8802,8.802000,-1.560475,-1.451510,-1.716129,0.155654,-0.741840,0.767541
8803,8.803000,-1.561607,-1.447514,-1.716129,0.154522,-0.825038,0.760851
8804,8.804000,-1.562736,-1.443585,-1.716129,0.153393,-0.905903,0.768491
8805,8.805000,-1.563862,-1.439729,-1.716129,0.152267,-0.984583,0.902700
8806,8.806000,-1.564982,-1.435950,-1.716129,0.151147,-1.060907,0.990169
8807,8.807000,-1.566094,-1.432255,-1.716129,0.150035,-1.134790,0.775011
8808,8.808000,-1.567198,-1.428647,-1.716129,0.148931,-1.206130,0.770731
8809,8.809000,-1.568290,-1.425130,-1.716129,0.147839,-1.274819,0.772072
8810,8.810000,-1.569370,-1.421711,-1.716129,0.146759,-1.340775,0.767321
8811,8.811000,-1.570435,-1.418391,-1.716129,0.145694,-1.403910,0.798221
8812,8.812000,-1.571485,-1.415177,-1.716129,0.144644,-1.463895,0.768571
8813,8.813000,-1.572518,-1.412071,-1.716129,0.143611,-1.520487,0.763502
8814,8.814000,-1.573532,-1.409076,-1.716129,0.142597,-1.574057,0.772061
8815,8.815000,-1.574526,-1.406197,-1.716129,0.141603,-1.624176,0.772461
8816,8.816000,-1.575498,-1.403436,-1.716129,0.140631,-1.671209,0.772951
8817,8.817000,-1.576447,-1.400795,-1.716129,0.139682,-1.715143,0.784772
8818,8.818000,-1.577372,-1.398279,-1.716129,0.138756,-1.755953,0.778371
8819,8.819000,-1.578272,-1.395888,-1.716129,0.137857,-1.793626,0.775091
8820,8.820000,-1.579145,-1.393626,-1.716129,0.136983,-1.828086,0.767151
8821,8.821000,-1.579991,-1.391494,-1.716129,0.136138,-1.859360,0.773461
8822,8.822000,-1.580808,-1.389493,-1.716129,0.135321,-1.887409,0.787891
8823,8.823000,-1.581595,-1.387626,-1.716129,0.134534,-1.912232,0.779361
8824,8.824000,-1.582352,-1.385894,-1.716129,0.133777,-1.933814,0.923119
8825,8.825000,-1.583076,-1.384297,-1.716129,0.133053,-1.952197,0.763872
8826,8.826000,-1.583769,-1.382837,-1.716129,0.132360,-1.967338,0.947319
8827,8.827000,-1.584428,-1.381514,-1.716129,0.131701,-1.979308,0.782901
8828,8.828000,-1.585054,-1.380328,-1.716129,0.131075,-1.988096,0.826161
8829,8.829000,-1.585645,-1.379280,-1.716129,0.130484,-1.993728,0.774521
8830,8.830000,-1.586200,-1.378370,-1.716129,0.129929,-1.996244,0.773551
8831,8.831000,-1.586721,-1.377598,-1.716129,0.129408,-1.995672,0.775491
8832,8.832000,-1.587205,-1.376962,-1.716129,0.128924,-1.992053,0.771111
8833,8.833000,-1.587652,-1.376463,-1.716129,0.128476,-1.985435,0.775611
8834,8.834000,-1.588063,-1.376099,-1.716129,0.128066,-1.975860,0.789771
8835,8.835000,-1.588437,-1.375870,-1.716129,0.127692,-1.963369,0.783831
8836,8.836000,-1.588774,-1.375774,-1.716129,0.127355,-1.948061,0.762351
8837,8.837000,-1.589073,-1.375810,-1.716129,0.127056,-1.930798,0.782051
8838,8.838000,-1.589335,-1.375977,-1.716129,0.126794,-1.910895,0.773171
8839,8.839000,-1.589559,-1.376271,-1.716129,0.126570,-1.888227,0.774881
8840,8.840000,-1.589745,-1.376693,-1.716129,0.126384,-1.862873,0.792141
8841,8.841000,-1.589894,-1.377239,-1.716129,0.126234,-1.834857,0.777801
8842,8.842000,-1.590006,-1.377907,-1.716129,0.126123,-1.804300,0.768472
8843,8.843000,-1.590081,-1.378695,-1.716129,0.126048,-1.771284,0.977108
8844,8.844000,-1.590119,-1.379601,-1.716129,0.126010,-1.736090,0.981038
8845,8.845000,-1.590121,-1.380621,-1.716129,0.126008,-1.699178,0.802431
8846,8.846000,-1.590086,-1.381752,-1.716129,0.126043,-1.660016,0.767272
8847,8.847000,-1.590016,-1.382993,-1.716129,0.126113,-1.618659,0.771431
8848,8.848000,-1.589910,-1.384339,-1.716129,0.126219,-1.575182,0.776051
8849,8.849000,-1.589770,-1.385788,-1.716129,0.126359,-1.529710,0.766431
8850,8.850000,-1.589596,-1.387335,-1.716129,0.126533,-1.482335,0.775882
8851,8.851000,-1.589388,-1.388978,-1.716129,0.126741,-1.433153,0.791791
8852,8.852000,-1.589147,-1.390713,-1.716129,0.126982,-1.382265,0.760641
8853,8.853000,-1.588874,-1.392537,-1.716129,0.127254,-1.329777,0.761531
8854,8.854000,-1.588570,-1.394444,-1.716129,0.127558,-1.275806,0.766972
8855,8.855000,-1.588236,-1.396433,-1.716129,0.127893,-1.220438,0.782061
8856,8.856000,-1.587871,-1.398497,-1.716129,0.128258,-1.163764,0.769251
8857,8.857000,-1.587478,-1.400635,-1.716129,0.128651,-1.105902,0.782341
8858,8.858000,-1.587057,-1.402840,-1.716129,0.129072,-1.046948,0.778031
8859,8.859000,-1.586609,-1.405110,-1.716129,0.129520,-0.987018,0.775401
8860,8.860000,-1.586134,-1.407440,-1.716129,0.129995,-0.926189,0.777761
8861,8.861000,-1.585635,-1.409825,-1.716129,0.130494,-0.864588,0.783991
8862,8.862000,-1.585112,-1.412262,-1.716129,0.131017,-0.802303,0.937569
8863,8.863000,-1.584566,-1.414745,-1.716129,0.131563,-0.739441,1.148797
8864,8.864000,-1.583998,-1.417271,-1.716129,0.132131,-0.676093,0.776041
8865,8.865000,-1.583409,-1.419836,-1.716129,0.132720,-0.612368,0.763352
8866,8.866000,-1.582801,-1.422434,-1.716129,0.133328,-0.548356,0.746391
8867,8.867000,-1.582174,-1.425061,-1.716129,0.133955,-0.484181,0.761941
8868,8.868000,-1.581530,-1.427713,-1.716129,0.134599,-0.418628,0.763461
8869,8.869000,-1.580870,-1.430386,-1.716129,0.135259,-0.350864,0.767911
8870,8.870000,-1.580195,-1.433074,-1.716129,0.135934,-0.283621,0.756451
8871,8.871000,-1.579506,-1.435774,-1.716129,0.136623,-0.217503,0.765891
8872,8.872000,-1.578805,-1.438480,-1.716129,0.137324,-0.152321,0.764022
8873,8.873000,-1.578092,-1.441189,-1.716129,0.138037,-0.088082,0.977069
8874,8.874000,-1.577370,-1.443895,-1.716129,0.138759,-0.024697,0.794790
8875,8.875000,-1.576639,-1.446595,-1.716129,0.139490,0.037821,0.749591
8876,8.876000,-1.575900,-1.449284,-1.716129,0.140229,0.104027,0.739302
8877,8.877000,-1.575155,-1.451958,-1.716129,0.140974,0.175020,0.742291
8878,8.878000,-1.574405,-1.454612,-1.716129,0.141724,0.243751,0.756122
8879,8.879000,-1.573650,-1.457242,-1.716129,0.142478,0.309745,0.757981
8880,8.880000,-1.572894,-1.459843,-1.716129,0.143235,0.372985,0.765392
8881,8.881000,-1.572135,-1.462411,-1.716129,0.143994,0.433610,0.850390
8882,8.882000,-1.571377,-1.464942,-1.716129,0.144752,0.491737,0.762071
8883,8.883000,-1.570619,-1.467433,-1.716129,0.145510,0.542975,0.855391
8884,8.884000,-1.569863,-1.469878,-1.716129,0.146266,0.592097,0.766691
8885,8.885000,-1.569111,-1.472276,-1.716129,0.147018,0.640015,0.759071
8886,8.886000,-1.568363,-1.474624,-1.716129,0.147766,0.686668,0.770131
8887,8.887000,-1.567620,-1.476918,-1.716129,0.148509,0.732053,0.765841
8888,8.888000,-1.566884,-1.479156,-1.716129,0.149245,0.775816,0.762301
8889,8.889000,-1.566155,-1.481335,-1.716129,0.149974,0.817006,0.763711
8890,8.890000,-1.565435,-1.483452,-1.716129,0.150694,0.856024,0.758611
8891,8.891000,-1.564725,-1.485505,-1.716129,0.151404,0.893157,0.764922
8892,8.892000,-1.564025,-1.487492,-1.716129,0.152104,0.928631,0.767041
8893,8.893000,-1.563336,-1.489410,-1.716129,0.152792,0.962420,0.767141
8894,8.894000,-1.562661,-1.491257,-1.716129,0.153468,0.994463,0.774631
8895,8.895000,-1.561998,-1.493032,-1.716129,0.154130,1.024751,0.772412
8896,8.896000,-1.561350,-1.494732,-1.716129,0.154778,1.053218,0.763221
8897,8.897000,-1.560717,-1.496356,-1.716129,0.155411,1.079837,0.777471
8898,8.898000,-1.560100,-1.497902,-1.716129,0.156029,1.104573,0.756322
8899,8.899000,-1.559500,-1.499369,-1.716129,0.156629,1.130164,0.780321
8900,8.900000,-1.558917,-1.500755,-1.716129,0.157212,1.157211,0.771041
8901,8.901000,-1.558352,-1.502059,-1.716129,0.157777,1.181142,0.771071
8902,8.902000,-1.557806,-1.503279,-1.716129,0.158323,1.201744,0.772501
8903,8.903000,-1.557280,-1.504414,-1.716129,0.158849,1.221588,0.774651
8904,8.904000,-1.556773,-1.505464,-1.716129,0.159356,1.238304,0.765721
8905,8.905000,-1.556287,-1.506426,-1.716129,0.159842,1.251935,0.764352
8906,8.906000,-1.555822,-1.507301,-1.716129,0.160307,1.262580,0.765961
8907,8.907000,-1.555379,-1.508088,-1.716129,0.160750,1.270356,0.770831
8908,8.908000,-1.554957,-1.508787,-1.716129,0.161172,1.275434,0.763822
8909,8.909000,-1.554558,-1.509397,-1.716129,0.161571,1.277955,0.760891
8910,8.910000,-1.554182,-1.509919,-1.716129,0.161947,1.277996,0.762941
8911,8.911000,-1.553829,-1.510353,-1.716129,0.162300,1.275681,0.762792
8912,8.912000,-1.553499,-1.510700,-1.716129,0.162630,1.271068,0.767681
8913,8.913000,-1.553192,-1.510960,-1.716129,0.162937,1.267429,0.766461
8914,8.914000,-1.552910,-1.511133,-1.716129,0.163219,1.262058,0.769662
8915,8.915000,-1.552651,-1.511220,-1.716129,0.163478,1.254277,0.773041
8916,8.916000,-1.552417,-1.511222,-1.716129,0.163712,1.244051,0.769791
8917,8.917000,-1.552206,-1.511141,-1.716129,0.163923,1.231470,0.774391
8918,8.918000,-1.552020,-1.510976,-1.716129,0.164109,1.216679,0.777011
8919,8.919000,-1.551858,-1.510729,-1.716129,0.164271,1.199755,0.765261
8920,8.920000,-1.551720,-1.510402,-1.716129,0.164409,1.180843,0.902450
8921,8.921000,-1.551606,-1.509996,-1.716129,0.164523,1.160038,0.781371
8922,8.922000,-1.551516,-1.509513,-1.716129,0.164613,1.137432,0.856310
8923,8.923000,-1.551450,-1.508955,-1.716129,0.164679,1.113122,0.779022
8924,8.924000,-1.551407,-1.508323,-1.716129,0.164722,1.090338,0.767871
8925,8.925000,-1.551388,-1.507619,-1.716129,0.164741,1.068803,0.770811
8926,8.926000,-1.551392,-1.506845,-1.716129,0.164737,1.045710,0.759492
8927,8.927000,-1.551419,-1.506003,-1.716129,0.164710,1.020898,0.777331
8928,8.928000,-1.551469,-1.505094,-1.716129,0.164660,0.994410,0.769391
8929,8.929000,-1.551540,-1.504121,-1.716129,0.164589,0.966321,0.777481
8930,8.930000,-1.551634,-1.503085,-1.716129,0.164495,0.936725,0.774532
8931,8.931000,-1.551749,-1.501989,-1.716129,0.164380,0.905731,0.775671
8932,8.932000,-1.551885,-1.500834,-1.716129,0.164244,0.873429,0.768271
8933,8.933000,-1.552041,-1.499625,-1.716129,0.164087,0.839909,0.760252
8934,8.934000,-1.552218,-1.498361,-1.716129,0.163911,0.805247,0.771251
8935,8.935000,-1.552414,-1.497048,-1.716129,0.163715,0.769535,0.779811
8936,8.936000,-1.552629,-1.495685,-1.716129,0.163500,0.732853,0.782931
8937,8.937000,-1.552863,-1.494278,-1.716129,0.163266,0.695289,0.780121
8938,8.938000,-1.553114,-1.492827,-1.716129,0.163015,0.656496,0.792071
8939,8.939000,-1.553383,-1.491337,-1.716129,0.162746,0.616826,0.776501
8940,8.940000,-1.553668,-1.489809,-1.716129,0.162461,0.575972,0.763801
8941,8.941000,-1.553969,-1.488247,-1.716129,0.162160,0.534304,0.775331
8942,8.942000,-1.554285,-1.486653,-1.716129,0.161844,0.492158,0.775471
8943,8.943000,-1.554616,-1.485030,-1.716129,0.161513,0.449777,0.769762
8944,8.944000,-1.554960,-1.483382,-1.716129,0.161169,0.407216,0.771171
8945,8.945000,-1.555318,-1.481711,-1.716129,0.160811,0.364548,0.769301
8946,8.946000,-1.555688,-1.480021,-1.716129,0.160441,0.319823,0.760072
8947,8.947000,-1.556070,-1.478314,-1.716129,0.160059,0.273111,0.772171
8948,8.948000,-1.556463,-1.476594,-1.716129,0.159666,0.226815,0.776881
8949,8.949000,-1.556866,-1.474863,-1.716129,0.159263,0.184830,0.760291
8950,8.950000,-1.557279,-1.473125,-1.716129,0.158850,0.145216,0.769762
8951,8.951000,-1.557700,-1.471382,-1.716129,0.158429,0.105771,0.767581
8952,8.952000,-1.558128,-1.469638,-1.716129,0.158000,0.066417,0.768531
8953,8.953000,-1.558564,-1.467894,-1.716129,0.157564,0.027137,0.760272
8954,8.954000,-1.559007,-1.466153,-1.716129,0.157122,-0.011963,0.772541
8955,8.955000,-1.559454,-1.464419,-1.716129,0.156675,-0.050829,0.778501
8956,8.956000,-1.559907,-1.462693,-1.716129,0.156222,-0.089261,0.793321
8957,8.957000,-1.560363,-1.460978,-1.716129,0.155766,-0.127117,0.772222
8958,8.958000,-1.560823,-1.459277,-1.716129,0.155306,-0.164448,0.774571
8959,8.959000,-1.561285,-1.457592,-1.716129,0.154844,-0.201010,0.859420
8960,8.960000,-1.561749,-1.455925,-1.716129,0.154380,-0.236878,0.927130
8961,8.961000,-1.562213,-1.454279,-1.716129,0.153916,-0.272062,0.772301
8962,8.962000,-1.562678,-1.452657,-1.716129,0.153451,-0.306510,0.765321
8963,8.963000,-1.563142,-1.451060,-1.716129,0.152987,-0.340115,0.768031
8964,8.964000,-1.563604,-1.449490,-1.716129,0.152525,-0.372718,0.774881
8965,8.965000,-1.564065,-1.447951,-1.716129,0.152064,-0.404430,0.772111
8966,8.966000,-1.564522,-1.446443,-1.716129,0.151606,-0.435216,0.772761
8967,8.967000,-1.564977,-1.444969,-1.716129,0.151152,-0.465035,0.771952
8968,8.968000,-1.565427,-1.443531,-1.716129,0.150702,-0.493867,0.768961
8969,8.969000,-1.565872,-1.442131,-1.716129,0.150257,-0.521785,0.762041
8970,8.970000,-1.566311,-1.440770,-1.716129,0.149818,-0.548573,0.772551
8971,8.971000,-1.566744,-1.439450,-1.716129,0.149384,-0.574205,0.774811
8972,8.972000,-1.567171,-1.438173,-1.716129,0.148958,-0.598649,0.778671
8973,8.973000,-1.567590,-1.436939,-1.716129,0.148539,-0.621884,0.765981
8974,8.974000,-1.568001,-1.435752,-1.716129,0.148128,-0.643877,0.773341
8975,8.975000,-1.568404,-1.434612,-1.716129,0.147725,-0.664609,0.769792
8976,8.976000,-1.568797,-1.433519,-1.716129,0.147332,-0.684047,0.781041
8977,8.977000,-1.569181,-1.432477,-1.716129,0.146948,-0.702220,0.770081
8978,8.978000,-1.569554,-1.431484,-1.716129,0.146575,-0.719060,0.777501
8979,8.979000,-1.569917,-1.430544,-1.716129,0.146212,-0.734577,0.775372
8980,8.980000,-1.570269,-1.429655,-1.716129,0.145860,-0.748764,0.781391
8981,8.981000,-1.570609,-1.428821,-1.716129,0.145520,-0.761612,0.761981
8982,8.982000,-1.570937,-1.428039,-1.716129,0.145192,-0.773122,0.766381
8983,8.983000,-1.571253,-1.427313,-1.716129,0.144876,-0.783289,0.771051
8984,8.984000,-1.571556,-1.426641,-1.716129,0.144573,-0.792097,0.767851
8985,8.985000,-1.571845,-1.426025,-1.716129,0.144283,-0.799562,0.768501
8986,8.986000,-1.572122,-1.425465,-1.716129,0.144007,-0.805697,0.774232
8987,8.987000,-1.572385,-1.424961,-1.716129,0.143744,-0.810493,0.767791
8988,8.988000,-1.572633,-1.424513,-1.716129,0.143495,-0.813959,0.772511
8989,8.989000,-1.572868,-1.424121,-1.716129,0.143261,-0.816124,0.767652
8990,8.990000,-1.573088,-1.423786,-1.716129,0.143041,-0.816968,0.764891
8991,8.991000,-1.573293,-1.423507,-1.716129,0.142835,-0.816530,0.773691
8992,8.992000,-1.573484,-1.423284,-1.716129,0.142645,-0.814816,0.772672
8993,8.993000,-1.573660,-1.423116,-1.716129,0.142469,-0.811844,0.767021
8994,8.994000,-1.573820,-1.423004,-1.716129,0.142309,-0.807687,0.776641
8995,8.995000,-1.573965,-1.422947,-1.716129,0.142164,-0.802549,0.763961
8996,8.996000,-1.574095,-1.422944,-1.716129,0.142033,-0.796242,0.779462
8997,8.997000,-1.574210,-1.422995,-1.716129,0.141919,-0.788712,0.915119
8998,8.998000,-1.574310,-1.423099,-1.716129,0.141819,-0.780032,0.774841
8999,8.999000,-1.574394,-1.423256,-1.716129,0.141735,-0.770203,0.836620
9000,9.000000,-1.574462,-1.423464,-9.709423,8.134961,-101.446358,0.802661
9001,9.001000,-1.574516,-1.429492,-9.709423,8.134907,-102.654610,0.769791
9002,9.002000,-1.574556,-1.442901,-9.709423,8.134867,-102.671043,0.767281
9003,9.003000,-1.574589,-1.463917,-9.709423,8.134834,-102.690193,0.773562
9004,9.004000,-1.574620,-1.492418,-9.709423,8.134803,-102.706612,0.766701
9005,9.005000,-1.574662,-1.528225,-9.709423,8.134761,-102.715614,0.772631
9006,9.006000,-1.574726,-1.571187,-9.709423,8.134697,-102.709755,0.802191
9007,9.007000,-1.574829,-1.621185,-9.709423,8.134594,-102.664742,0.827681
9008,9.008000,-1.574988,-1.678131,-9.709423,8.134435,-102.486794,0.986449
9009,9.009000,-1.575224,-1.741952,-9.709423,8.134199,-101.945976,0.863070
9010,9.010000,-1.575561,-1.812566,-9.709423,8.133862,-101.040924,0.773911
9011,9.011000,-1.576023,-1.889879,-9.709423,8.133400,-99.090981,0.803211
9012,9.012000,-1.576640,-1.973736,-9.709423,8.132783,-94.088104,0.784851
9013,9.013000,-1.577440,-2.063797,-9.709423,8.131983,-83.979759,0.761851
9014,9.014000,-1.578457,-2.159389,-9.709423,8.130966,-73.992310,0.782792
9015,9.015000,-1.579725,-2.259767,-9.709423,8.129698,-67.935005,0.798791
9016,9.016000,-1.581280,-2.364410,-9.709423,8.128143,-63.201538,1.378944
9017,9.017000,-1.583160,-2.472949,-9.709423,8.126263,-57.631527,1.119557
9018,9.018000,-1.585403,-2.585010,-9.709423,8.124020,-53.525471,0.869660
9019,9.019000,-1.588049,-2.700301,-9.709423,8.121374,-49.452816,0.775082
9020,9.020000,-1.591140,-2.818551,-9.709423,8.118283,-44.857830,0.767431
9021,9.021000,-1.594717,-2.939466,-9.709423,8.114705,-39.993465,0.762141
9022,9.022000,-1.598824,-3.062724,-9.709423,8.110599,-36.705700,0.765192
9023,9.023000,-1.603503,-3.188089,-9.709423,8.105920,-33.391361,0.773751
9024,9.024000,-1.608798,-3.315342,-9.709423,8.100625,-28.753590,0.770831
9025,9.025000,-1.614755,-3.444195,-9.709423,8.094668,-23.618685,0.768561
9026,9.026000,-1.621417,-3.574306,-9.709423,8.088006,-17.945551,0.761802
9027,9.027000,-1.628830,-3.705294,-9.709423,8.080593,-13.195679,0.763921
9028,9.028000,-1.637039,-3.836821,-9.709423,8.072384,-6.681235,0.765651
9029,9.029000,-1.646090,-3.968461,-9.709423,8.063333,0.258010,0.764722
9030,9.030000,-1.656026,-4.099744,-9.709423,8.053397,7.895811,0.766251
9031,9.031000,-1.666892,-4.230152,-9.709423,8.042531,13.880820,0.770741
9032,9.032000,-1.678733,-4.359253,-9.709423,8.030690,18.736237,0.803701
9033,9.033000,-1.691590,-4.486706,-9.709423,8.017833,26.069166,0.771412
9034,9.034000,-1.705506,-4.612055,-9.709423,8.003917,34.196106,1.163296
9035,9.035000,-1.720522,-4.734766,-9.709423,7.988901,40.394672,0.868630
9036,9.036000,-1.736678,-4.854396,-9.709423,7.972745,44.550053,1.087368
9037,9.037000,-1.754010,-4.970652,-9.709423,7.955413,47.626263,0.774801
9038,9.038000,-1.772557,-5.083336,-9.709423,7.936866,49.918972,0.772522
9039,9.039000,-1.792352,-5.192320,-9.709423,7.917071,51.702114,0.764771
9040,9.040000,-1.813428,-5.297516,-9.709423,7.895995,53.194798,0.755031
9041,9.041000,-1.835817,-5.398858,-9.709423,7.873606,54.547287,0.768262
9042,9.042000,-1.859547,-5.496286,-9.709423,7.849876,55.992577,0.770651
9043,9.043000,-1.884647,-5.589731,-9.709423,7.824776,57.973614,0.774091
9044,9.044000,-1.911141,-5.679091,-9.709423,7.798282,59.402493,0.779751
9045,9.045000,-1.939054,-5.764280,-9.709423,7.770369,60.444241,0.769482
9046,9.046000,-1.968406,-5.845240,-9.709423,7.741017,61.279697,0.767501
9047,9.047000,-1.999217,-5.921929,-9.709423,7.710206,61.862148,0.760871
9048,9.048000,-2.031505,-5.994327,-9.709423,7.677918,62.151379,0.794521
9049,9.049000,-2.065285,-6.062429,-9.709423,7.644138,61.987690,0.768611
9050,9.050000,-2.100571,-6.126259,-9.709423,7.608852,61.348175,0.772241
9051,9.051000,-2.137373,-6.185879,-9.709423,7.572050,60.464832,0.781751
9052,9.052000,-2.175701,-6.241365,-9.709423,7.533722,59.541424,0.767322
9053,9.053000,-2.215562,-6.292802,-9.709423,7.493861,58.407139,0.757781
9054,9.054000,-2.256961,-6.340285,-9.709423,7.452462,57.107319,0.763481
9055,9.055000,-2.299902,-6.383917,-9.709423,7.409521,56.031826,0.799511
9056,9.056000,-2.344385,-6.423792,-9.709423,7.365038,55.854134,0.770361
9057,9.057000,-2.390411,-6.459944,-9.709423,7.319012,55.709419,0.772352
9058,9.058000,-2.437977,-6.492391,-9.709423,7.271446,55.486294,0.767811
9059,9.059000,-2.487078,-6.521155,-9.709423,7.222344,55.134907,0.769541
9060,9.060000,-2.537709,-6.546261,-9.709423,7.171714,54.801151,0.765162
9061,9.061000,-2.589862,-6.567741,-9.709423,7.119561,54.816349,0.765971
9062,9.062000,-2.643525,-6.585606,-9.709423,7.065898,54.680004,0.767601
9063,9.063000,-2.698689,-6.599870,-9.709423,7.010734,54.442303,0.790651
9064,9.064000,-2.755340,-6.610556,-9.709423,6.954083,54.208569,0.767532
9065,9.065000,-2.813461,-6.617690,-9.709423,6.895962,53.891331,0.760571
9066,9.066000,-2.873036,-6.621300,-9.709423,6.836387,53.344952,0.766931
9067,9.067000,-2.934047,-6.621433,-9.709423,6.775376,52.658802,0.760842
9068,9.068000,-2.996472,-6.618143,-9.709423,6.712951,51.933533,0.767791
9069,9.069000,-3.060290,-6.611491,-9.709423,6.649133,51.511806,0.766461
9070,9.070000,-3.125475,-6.601522,-9.709423,6.583948,51.054630,0.773852
9071,9.071000,-3.192004,-6.588275,-9.709423,6.517419,50.528652,0.801431
9072,9.072000,-3.259847,-6.571795,-9.709423,6.449576,49.928066,0.782331
9073,9.073000,-3.328977,-6.552129,-9.709423,6.380446,49.246773,0.849990
9074,9.074000,-3.399363,-6.529332,-9.709423,6.310060,48.478085,0.765291
9075,9.075000,-3.470972,-6.503464,-9.709423,6.238451,47.415493,0.853670
9076,9.076000,-3.543772,-6.474604,-9.709423,6.165651,46.306564,0.765681
9077,9.077000,-3.617726,-6.442838,-9.709423,6.091697,45.161701,0.762071
9078,9.078000,-3.692799,-6.408252,-9.709423,6.016624,44.032223,0.769271
9079,9.079000,-3.768951,-6.370935,-9.709423,5.940472,42.827938,0.775161
9080,9.080000,-3.846145,-6.330977,-9.709423,5.863278,41.477146,0.764881
9081,9.081000,-3.924339,-6.288475,-9.709423,5.785084,39.975521,0.756582
9082,9.082000,-4.003491,-6.243539,-9.709423,5.705931,38.300949,0.762821
9083,9.083000,-4.083559,-6.196289,-9.709423,5.625864,36.824314,0.780171
9084,9.084000,-4.164498,-6.146837,-9.709423,5.544925,35.533661,0.792321
9085,9.085000,-4.246262,-6.095280,-9.709423,5.463161,34.230396,0.765871
9086,9.086000,-4.328806,-6.041710,-9.709423,5.380617,32.323540,0.767661
9087,9.087000,-4.412081,-5.986256,-9.709423,5.297342,30.005543,0.768111
9088,9.088000,-4.496039,-5.929076,-9.709423,5.213384,28.401810,0.757512
9089,9.089000,-4.580632,-5.870296,-9.709423,5.128791,26.783764,0.778851
9090,9.090000,-4.665809,-5.810032,-9.709423,5.043614,24.912773,0.797111
9091,9.091000,-4.751520,-5.748411,-9.709423,4.957903,22.607063,0.778831
9092,9.092000,-4.837712,-5.685587,-9.709423,4.871711,20.518837,0.780161
9093,9.093000,-4.924335,-5.621711,-9.709423,4.785088,18.373215,0.772712
9094,9.094000,-5.011335,-5.556932,-9.709423,4.698088,16.044872,0.786791
9095,9.095000,-5.098659,-5.491409,-9.709423,4.610764,13.872773,0.759771
9096,9.096000,-5.186255,-5.425294,-9.709423,4.523168,10.923677,0.761741
9097,9.097000,-5.274068,-5.358782,-9.709423,4.435355,8.065818,0.770902
9098,9.098000,-5.362044,-5.292072,-9.709423,4.347379,4.594918,0.771351
9099,9.099000,-5.450130,-5.225397,-9.709423,4.259293,1.146466,0.765991
9100,9.100000,-5.538272,-5.158996,-9.709423,4.171151,-1.800462,0.765742
9101,9.101000,-5.626414,-5.093080,-9.709423,4.083009,-4.396216,0.771321
9102,9.102000,-5.714505,-5.027829,-9.709423,3.994918,-6.432122,0.759921
9103,9.103000,-5.802489,-4.963384,-9.709423,3.906934,-8.202058,0.773392
9104,9.104000,-5.890314,-4.899856,-9.709423,3.819109,-9.662044,0.770241
9105,9.105000,-5.977927,-4.837340,-9.709423,3.731496,-10.837497,0.763281
9106,9.106000,-6.065276,-4.775905,-9.709423,3.644147,-11.569677,0.769771
9107,9.107000,-6.152309,-4.715592,-9.709423,3.557114,-12.200747,0.764901
9108,9.108000,-6.238974,-4.656434,-9.709423,3.470449,-12.765548,0.756951
9109,9.109000,-6.325220,-4.598455,-9.709423,3.384203,-13.384391,0.778761
9110,9.110000,-6.410997,-4.541687,-9.709423,3.298426,-14.413869,0.786452
9111,9.111000,-6.496256,-4.486186,-9.709423,3.213167,-15.690049,0.776061
9112,9.112000,-6.580947,-4.432029,-9.709423,3.128476,-17.190399,0.869400
9113,9.113000,-6.665023,-4.379315,-9.709423,3.044400,-18.707584,0.942179
9114,9.114000,-6.748435,-4.328144,-9.709423,2.960988,-20.371170,0.776601
9115,9.115000,-6.831136,-4.278627,-9.709423,2.878287,-22.084515,0.776472
9116,9.116000,-6.913082,-4.230878,-9.709423,2.796341,-23.689222,0.771071
9117,9.117000,-6.994225,-4.185005,-9.709423,2.715198,-24.981424,0.763931
9118,9.118000,-7.074523,-4.141094,-9.709423,2.634900,-26.055330,0.767031
9119,9.119000,-7.153932,-4.099216,-9.709423,2.555491,-27.144972,0.776561
9120,9.120000,-7.232410,-4.059434,-9.709423,2.477012,-28.279949,0.767851
9121,9.121000,-7.309917,-4.021816,-9.709423,2.399506,-29.302219,0.781711
9122,9.122000,-7.386412,-3.986423,-9.709423,2.323011,-30.319693,0.764932
9123,9.123000,-7.461855,-3.953316,-9.709423,2.247568,-31.441177,0.769141
9124,9.124000,-7.536210,-3.922562,-9.709423,2.173213,-32.929489,0.758591
9125,9.125000,-7.609441,-3.894249,-9.709423,2.099982,-34.453228,0.769842
9126,9.126000,-7.681512,-3.868474,-9.709423,2.027910,-35.925655,0.766831
9127,9.127000,-7.752390,-3.845333,-9.709423,1.957033,-37.253971,0.785971
9128,9.128000,-7.822042,-3.824911,-9.709423,1.887381,-38.920010,0.777801
9129,9.129000,-7.890437,-3.807310,-9.709423,1.818986,-40.395737,0.770782
9130,9.130000,-7.957545,-3.792625,-9.709423,1.751878,-41.583492,0.756231
9131,9.131000,-8.023339,-3.780932,-9.709423,1.686084,-42.474007,0.768641
9132,9.132000,-8.087792,-3.772284,-9.709423,1.621631,-43.172062,0.761762
9133,9.133000,-8.150879,-3.766720,-9.709423,1.558544,-43.706295,0.978629
9134,9.134000,-8.212576,-3.764262,-9.709423,1.496847,-44.028362,0.770191
9135,9.135000,-8.272862,-3.764920,-9.709423,1.436561,-44.116894,0.777351
9136,9.136000,-8.331717,-3.768690,-9.709423,1.377706,-43.944996,0.769072
9137,9.137000,-8.389122,-3.775545,-9.709423,1.320301,-43.726528,0.770971
9138,9.138000,-8.445059,-3.785458,-9.709423,1.264364,-43.652203,0.761131
9139,9.139000,-8.499516,-3.798407,-9.709423,1.209907,-43.801750,0.765842
9140,9.140000,-8.552475,-3.814387,-9.709423,1.156948,-43.854424,0.761881
9141,9.141000,-8.603926,-3.833392,-9.709423,1.105497,-43.749691,0.767441
9142,9.142000,-8.653859,-3.855409,-9.709423,1.055564,-43.485989,0.774041
9143,9.143000,-8.702265,-3.880410,-9.709423,1.007158,-43.043221,0.773612
9144,9.144000,-8.749135,-3.908358,-9.709423,0.960288,-42.442142,0.762241
9145,9.145000,-8.794465,-3.939201,-9.709423,0.914958,-41.690727,0.772701
9146,9.146000,-8.838251,-3.972879,-9.709423,0.871172,-40.791100,0.760302
9147,9.147000,-8.880489,-4.009320,-9.709423,0.828934,-39.765865,0.766841
9148,9.148000,-8.921179,-4.048443,-9.709423,0.788244,-38.620667,0.772921
9149,9.149000,-8.960320,-4.090160,-9.709423,0.749103,-37.392460,0.768742
9150,9.150000,-8.997916,-4.134376,-9.709423,0.711507,-36.322685,0.802480
9151,9.151000,-9.033969,-4.181007,-9.709423,0.675454,-35.440250,0.764451
9152,9.152000,-9.068485,-4.229981,-9.709423,0.640938,-34.632557,0.843330
9153,9.153000,-9.101469,-4.281236,-9.709423,0.607954,-33.819271,0.760202
9154,9.154000,-9.132928,-4.334710,-9.709423,0.576495,-32.925335,0.771091
9155,9.155000,-9.162872,-4.390338,-9.709423,0.546551,-32.030346,0.771341
9156,9.156000,-9.191310,-4.448054,-9.709423,0.518113,-31.361965,0.781651
9157,9.157000,-9.218255,-4.507804,-9.709423,0.491168,-30.634800,0.766081
9158,9.158000,-9.243717,-4.569534,-9.709423,0.465706,-29.840050,0.772131
9159,9.159000,-9.267712,-4.633185,-9.709423,0.441711,-29.004852,0.781281
9160,9.160000,-9.290255,-4.698697,-9.709423,0.419168,-28.209812,0.760881
9161,9.161000,-9.311360,-4.766008,-9.709423,0.398063,-27.537497,0.770421
9162,9.162000,-9.331048,-4.835066,-9.709423,0.378375,-26.823298,0.777411
9163,9.163000,-9.349334,-4.905818,-9.709423,0.360089,-26.171844,0.769181
9164,9.164000,-9.366238,-4.978214,-9.709423,0.343185,-25.533676,0.775332
9165,9.165000,-9.381783,-5.052206,-9.709423,0.327640,-24.781418,0.774491
9166,9.166000,-9.395988,-5.127741,-9.709423,0.313435,-23.786001,0.756411
9167,9.167000,-9.408878,-5.204747,-9.709423,0.300545,-22.789387,0.782461
9168,9.168000,-9.420474,-5.283150,-9.709423,0.288949,-21.712135,0.786081
9169,9.169000,-9.430802,-5.362873,-9.709423,0.278620,-20.673813,0.768621
9170,9.170000,-9.439888,-5.443837,-9.709423,0.269535,-19.778717,0.860450
9171,9.171000,-9.447758,-5.525975,-9.709423,0.261665,-18.884958,0.976809
9172,9.172000,-9.454438,-5.609221,-9.709423,0.254985,-17.934090,0.773091
9173,9.173000,-9.459958,-5.693508,-9.709423,0.249465,-17.136818,0.774681
9174,9.174000,-9.464346,-5.778775,-9.709423,0.245077,-16.638985,0.780511
9175,9.175000,-9.467630,-5.864985,-9.709423,0.241793,-16.101742,0.763651
9176,9.176000,-9.469842,-5.952098,-9.709423,0.239581,-15.494794,0.766301
9177,9.177000,-9.471013,-6.040075,-9.709423,0.238410,-14.811170,0.768482
9178,9.178000,-9.471173,-6.128867,-9.709423,0.238250,-14.114570,0.775251
9179,9.179000,-9.470356,-6.218425,-9.709423,0.239067,-13.452847,0.771671
9180,9.180000,-9.468594,-6.308702,-9.709423,0.240829,-12.782842,0.776981
9181,9.181000,-9.465921,-6.399648,-9.709423,0.243502,-12.080124,0.772841
9182,9.182000,-9.462370,-6.491214,-9.709423,0.247053,-11.247293,0.761161
9183,9.183000,-9.457976,-6.583341,-9.709423,0.251447,-10.276782,0.763931
9184,9.184000,-9.452773,-6.675963,-9.709423,0.256649,-9.423757,0.769972
9185,9.185000,-9.446799,-6.769017,-9.709423,0.262624,-8.475421,0.766411
9186,9.186000,-9.440087,-6.862434,-9.709423,0.269336,-7.439246,0.772561
9187,9.187000,-9.432676,-6.956145,-9.709423,0.276747,-6.210202,0.776981
9188,9.188000,-9.424600,-7.050064,-9.709423,0.284823,-4.949798,0.761921
9189,9.189000,-9.415896,-7.144103,-9.709423,0.293527,-3.674556,0.768491
9190,9.190000,-9.406604,-7.238171,-9.709423,0.302819,-2.364844,0.784001
9191,9.191000,-9.396758,-7.332178,-9.709423,0.312665,-1.024123,0.793071
9192,9.192000,-9.386399,-7.426032,-9.709423,0.323024,0.404911,0.782291
9193,9.193000,-9.375561,-7.519633,-9.709423,0.333862,1.881926,0.766792
9194,9.194000,-9.364283,-7.612881,-9.709423,0.345140,3.587671,0.776451
9195,9.195000,-9.352604,-7.705663,-9.709423,0.356819,5.042369,0.760431
9196,9.196000,-9.340560,-7.797874,-9.709423,0.368863,6.658878,0.759592
9197,9.197000,-9.328190,-7.889407,-9.709423,0.381233,8.171933,0.767711
9198,9.198000,-9.315531,-7.980159,-9.709423,0.393892,9.557542,0.772591
9199,9.199000,-9.302619,-8.070035,-9.709423,0.406804,10.949270,0.763592
9200,9.200000,-9.289494,-8.158943,-9.709423,0.419929,12.413093,0.777371
9201,9.201000,-9.276189,-8.246787,-9.709423,0.433234,13.742988,0.771221
9202,9.202000,-9.262743,-8.333481,-9.709423,0.446680,15.059686,0.765701
9203,9.203000,-9.249192,-8.418936,-9.709423,0.460231,16.343584,0.768601
9204,9.204000,-9.235571,-8.503070,-9.709423,0.473852,17.449009,0.763781
9205,9.205000,-9.221915,-8.585809,-9.709423,0.487508,19.005085,0.768321
9206,9.206000,-9.208259,-8.667058,-9.709423,0.501164,20.637012,0.777991
9207,9.207000,-9.194637,-8.746711,-9.709423,0.514786,22.508270,0.775911
9208,9.208000,-9.181083,-8.824646,-9.709423,0.528340,24.198643,0.939719
9209,9.209000,-9.167629,-8.900746,-9.709423,0.541794,25.565500,0.763612
9210,9.210000,-9.154310,-8.974918,-9.709423,0.555113,26.955439,0.888250
9211,9.211000,-9.141154,-9.047072,-9.709423,0.568269,28.343901,0.771301
9212,9.212000,-9.128193,-9.117122,-9.709423,0.581230,29.838554,0.770601
9213,9.213000,-9.115457,-9.184973,-9.709423,0.593966,31.386833,0.776701
9214,9.214000,-9.102975,-9.250526,-9.709423,0.606448,33.245884,0.766902
9215,9.215000,-9.090775,-9.313666,-9.709423,0.618648,34.857960,0.785001
9216,9.216000,-9.078884,-9.374283,-9.709423,0.630539,36.301922,0.766261
9217,9.217000,-9.067328,-9.432283,-9.709423,0.642095,37.763828,0.759301
9218,9.218000,-9.056132,-9.487573,-9.709423,0.653291,39.276829,0.761652
9219,9.219000,-9.045321,-9.540062,-9.709423,0.664102,40.644169,0.783311
9220,9.220000,-9.034917,-9.589659,-9.709423,0.674506,41.856937,0.776121
9221,9.221000,-9.024941,-9.636291,-9.709423,0.684482,42.801640,0.781611
9222,9.222000,-9.015413,-9.679900,-9.709423,0.694010,43.536957,0.768322
9223,9.223000,-9.006353,-9.720444,-9.709423,0.703070,44.000813,0.766021
9224,9.224000,-8.997779,-9.757902,-9.709423,0.711644,44.325695,0.763231
9225,9.225000,-8.989707,-9.792262,-9.709423,0.719716,44.323921,0.773482
9226,9.226000,-8.982152,-9.823533,-9.709423,0.727271,44.250977,0.779141
9227,9.227000,-8.975129,-9.851736,-9.709423,0.734294,44.214603,0.794541
9228,9.228000,-8.968650,-9.876884,-9.709423,0.740773,44.087524,0.856060
9229,9.229000,-8.962725,-9.898997,-9.709423,0.746698,43.801678,0.983729
9230,9.230000,-8.957366,-9.918105,-9.709423,0.752057,43.263523,0.771051
9231,9.231000,-8.952582,-9.934251,-9.709423,0.756841,42.913456,0.776742
9232,9.232000,-8.948378,-9.947471,-9.709423,0.761045,43.069397,0.774661
9233,9.233000,-8.944762,-9.957772,-9.709423,0.764661,43.167423,0.765721
9234,9.234000,-8.941740,-9.965151,-9.709423,0.767683,43.047459,0.767711
9235,9.235000,-8.939313,-9.969619,-9.709423,0.770110,42.678837,0.768432
9236,9.236000,-8.937486,-9.971204,-9.709423,0.771937,41.963879,0.774511
9237,9.237000,-8.936258,-9.969960,-9.709423,0.773165,40.868011,0.775161
9238,9.238000,-8.935631,-9.965964,-9.709423,0.773792,39.809944,0.763992
9239,9.239000,-8.935603,-9.959304,-9.709423,0.773820,38.380692,0.763771
9240,9.240000,-8.936170,-9.950082,-9.709423,0.773253,36.570709,0.758081
9241,9.241000,-8.937332,-9.938431,-9.709423,0.772091,35.154247,0.775562
9242,9.242000,-8.939080,-9.924460,-9.709423,0.770343,33.504276,0.767241
9243,9.243000,-8.941412,-9.908292,-9.709423,0.768011,32.101658,0.778321
9244,9.244000,-8.944320,-9.890031,-9.709423,0.765103,30.701197,0.773481
9245,9.245000,-8.947795,-9.869778,-9.709423,0.761628,29.222439,0.787842
9246,9.246000,-8.951830,-9.847639,-9.709423,0.757593,27.561392,0.754581
9247,9.247000,-8.956416,-9.823726,-9.709423,0.753007,25.951132,0.768031
9248,9.248000,-8.961542,-9.798156,-9.709423,0.747881,24.200298,0.766572
9249,9.249000,-8.967197,-9.771050,-9.709423,0.742226,22.474176,0.773791
9250,9.250000,-8.973369,-9.742531,-9.709423,0.736054,20.842224,0.779981
9251,9.251000,-8.980046,-9.712713,-9.709423,0.729377,19.485214,0.775521
9252,9.252000,-8.987215,-9.681695,-9.709423,0.722208,18.261263,0.763842
9253,9.253000,-8.994861,-9.649563,-9.709423,0.714562,17.024092,0.759491
9254,9.254000,-9.002972,-9.616400,-9.709423,0.706451,15.883378,0.770781
9255,9.255000,-9.011531,-9.582285,-9.709423,0.697892,14.949087,0.773212
9256,9.256000,-9.020524,-9.547281,-9.709423,0.688899,13.873822,0.774371
9257,9.257000,-9.029934,-9.511459,-9.709423,0.679489,12.640340,0.770571
9258,9.258000,-9.039747,-9.474901,-9.709423,0.669676,11.229487,0.764452
9259,9.259000,-9.049944,-9.437701,-9.709423,0.659479,10.083224,0.766251
9260,9.260000,-9.060510,-9.399942,-9.709423,0.648913,8.954218,0.756331
9261,9.261000,-9.071426,-9.361702,-9.709423,0.637997,7.710806,0.774652
9262,9.262000,-9.082675,-9.323066,-9.709423,0.626748,6.398013,0.776391
9263,9.263000,-9.094240,-9.284121,-9.709423,0.615183,4.837563,0.766691
9264,9.264000,-9.106101,-9.244972,-9.709423,0.603322,2.751174,0.777571
9265,9.265000,-9.118242,-9.205757,-9.709423,0.591181,1.167912,0.766572
9266,9.266000,-9.130643,-9.166593,-9.709423,0.578780,-0.089175,0.951119
9267,9.267000,-9.143286,-9.127572,-9.709423,0.566137,-1.169491,0.760331
9268,9.268000,-9.156153,-9.088767,-9.709423,0.553270,-2.180748,0.893390
9269,9.269000,-9.169225,-9.050244,-9.709423,0.540198,-3.151519,0.762451
9270,9.270000,-9.182484,-9.012066,-9.709423,0.526939,-4.058114,0.772491
9271,9.271000,-9.195911,-8.974290,-9.709423,0.513512,-4.846782,0.773132
9272,9.272000,-9.209488,-8.936966,-9.709423,0.499935,-5.354523,0.777251
9273,9.273000,-9.223197,-8.900129,-9.709423,0.486226,-5.815517,0.765421
9274,9.274000,-9.237021,-8.863806,-9.709423,0.472402,-6.117440,0.778481
9275,9.275000,-9.250940,-8.828013,-9.709423,0.458483,-6.465083,0.763801
9276,9.276000,-9.264936,-8.792768,-9.709423,0.444487,-6.884776,0.758101
9277,9.277000,-9.278995,-8.758095,-9.709423,0.430428,-7.267128,0.771331
9278,9.278000,-9.293096,-8.724015,-9.709423,0.416326,-7.598383,0.770521
9279,9.279000,-9.307224,-8.690552,-9.709423,0.402199,-7.913960,0.771571
9280,9.280000,-9.321361,-8.657722,-9.709423,0.388062,-8.208585,0.778141
9281,9.281000,-9.335490,-8.625545,-9.709423,0.373933,-8.436383,0.765612
9282,9.282000,-9.349595,-8.594033,-9.709423,0.359828,-8.652620,0.761101
9283,9.283000,-9.363660,-8.563199,-9.709423,0.345763,-8.864478,0.795901
9284,9.284000,-9.377669,-8.533056,-9.709423,0.331754,-9.069690,0.783041
9285,9.285000,-9.391606,-8.503614,-9.709423,0.317817,-9.269830,0.766642
9286,9.286000,-9.405455,-8.474884,-9.709423,0.303968,-9.468254,0.870540
9287,9.287000,-9.419202,-8.446880,-9.709423,0.290221,-9.672193,0.769151
9288,9.288000,-9.432832,-8.419610,-9.709423,0.276591,-9.868038,0.870440
9289,9.289000,-9.446330,-8.393088,-9.709423,0.263093,-10.056550,0.767112
9290,9.290000,-9.459681,-8.367324,-9.709423,0.249742,-10.240897,0.765681
9291,9.291000,-9.472874,-8.342329,-9.709423,0.236549,-10.413201,0.771241
9292,9.292000,-9.485892,-8.318113,-9.709423,0.223531,-10.570472,0.778121
9293,9.293000,-9.498724,-8.294683,-9.709423,0.210699,-10.717454,0.768802
9294,9.294000,-9.511355,-8.272049,-9.709423,0.198068,-10.854871,0.775831
9295,9.295000,-9.523776,-8.250217,-9.709423,0.185647,-10.983027,0.767931
9296,9.296000,-9.535971,-8.229194,-9.709423,0.173452,-11.161644,0.759412
9297,9.297000,-9.547931,-8.208988,-9.709423,0.161492,-11.334485,0.758001
9298,9.298000,-9.559643,-8.189611,-9.709423,0.149780,-11.514742,0.772521
9299,9.299000,-9.571097,-8.171071,-9.709423,0.138326,-11.711977,0.770202
9300,9.300000,-9.582282,-8.153380,-9.709423,0.127141,-11.896514,0.769551
9301,9.301000,-9.593187,-8.136548,-9.709423,0.116236,-12.141712,0.764131
9302,9.302000,-9.603803,-8.120590,-9.709423,0.105619,-12.350852,0.771852
9303,9.303000,-9.614121,-8.105519,-9.709423,0.095302,-12.513268,0.780271
9304,9.304000,-9.624132,-8.091343,-9.709423,0.085291,-12.673819,0.769941
9305,9.305000,-9.633826,-8.078071,-9.709423,0.075597,-12.816958,0.761281
9306,9.306000,-9.643197,-8.065710,-9.709423,0.066226,-12.926323,0.768342
9307,9.307000,-9.652236,-8.054265,-9.709423,0.057187,-13.003322,0.799201
9308,9.308000,-9.660935,-8.043739,-9.709423,0.048488,-13.078418,0.775051
9309,9.309000,-9.669289,-8.034133,-9.709423,0.040134,-13.142017,0.766231
9310,9.310000,-9.677290,-8.025450,-9.709423,0.032133,-13.174895,0.760292
9311,9.311000,-9.684933,-8.017688,-9.709423,0.024490,-13.226274,0.786531
9312,9.312000,-9.692214,-8.010849,-9.709423,0.017209,-13.282909,0.767701
9313,9.313000,-9.699126,-8.004932,-9.709423,0.010297,-13.327369,0.769281
9314,9.314000,-9.705665,-7.999938,-9.709423,0.003758,-13.358219,0.773652
9315,9.315000,-9.711827,-7.995867,-9.709423,-0.002404,-13.487665,0.775231
9316,9.316000,-9.717609,-7.992724,-9.709423,-0.008186,-13.615473,0.760831
9317,9.317000,-9.723007,-7.990515,-9.709423,-0.013584,-13.703314,0.760532
9318,9.318000,-9.728019,-7.989243,-9.709423,-0.018596,-13.806067,0.768671
9319,9.319000,-9.732643,-7.988915,-9.709423,-0.023220,-13.866826,0.770491
9320,9.320000,-9.736877,-7.989532,-9.709423,-0.027454,-13.908463,0.771282
9321,9.321000,-9.740719,-7.991094,-9.709423,-0.031296,-14.003969,0.770811
9322,9.322000,-9.744170,-7.993604,-9.709423,-0.034747,-14.175233,0.790881
9323,9.323000,-9.747228,-7.997071,-9.709423,-0.037805,-14.313941,0.769881
9324,9.324000,-9.749894,-8.001501,-9.709423,-0.040471,-14.485878,0.760592
9325,9.325000,-9.752170,-8.006904,-9.709423,-0.042747,-14.657077,0.852910
9326,9.326000,-9.754055,-8.013291,-9.709423,-0.044632,-14.847110,0.769891
9327,9.327000,-9.755552,-8.020669,-9.709423,-0.046129,-14.992993,0.874100
9328,9.328000,-9.756661,-8.029048,-9.709423,-0.047238,-15.113704,0.770331
9329,9.329000,-9.757388,-8.038433,-9.709423,-0.047965,-15.183477,0.776971
9330,9.330000,-9.757735,-8.048828,-9.709423,-0.048312,-15.215811,0.769431
9331,9.331000,-9.757705,-8.060231,-9.709423,-0.048282,-15.258952,0.765841
9332,9.332000,-9.757302,-8.072642,-9.709423,-0.047879,-15.254745,0.764452
9333,9.333000,-9.756531,-8.086056,-9.709423,-0.047108,-15.250710,0.780921
9334,9.334000,-9.755397,-8.100471,-9.709423,-0.045974,-15.251460,0.781231
9335,9.335000,-9.753906,-8.115884,-9.709423,-0.044483,-15.217210,0.774561
9336,9.336000,-9.752065,-8.132289,-9.709423,-0.042642,-15.153712,0.765562
9337,9.337000,-9.749878,-8.149679,-9.709423,-0.040455,-15.023204,0.775111
9338,9.338000,-9.747354,-8.168042,-9.709423,-0.037931,-14.773245,0.756391
9339,9.339000,-9.744501,-8.187361,-9.709423,-0.035078,-14.484349,0.767272
9340,9.340000,-9.741326,-8.207611,-9.709423,-0.031903,-14.151301,0.773601
9341,9.341000,-9.737837,-8.228767,-9.709423,-0.028414,-13.771671,0.768981
9342,9.342000,-9.734043,-8.250799,-9.709423,-0.024620,-13.346841,0.774311
9343,9.343000,-9.729955,-8.273675,-9.709423,-0.020532,-12.876263,0.777221
9344,9.344000,-9.725581,-8.297359,-9.709423,-0.016158,-12.246838,0.765411
9345,9.345000,-9.720931,-8.321809,-9.709423,-0.011508,-11.549068,0.766471
9346,9.346000,-9.716016,-8.346973,-9.709423,-0.006593,-10.807412,0.767052
9347,9.347000,-9.710847,-8.372798,-9.709423,-0.001424,-10.022209,0.774161
9348,9.348000,-9.705435,-8.399226,-9.709423,0.003988,-9.422681,0.768841
9349,9.349000,-9.699792,-8.426212,-9.709423,0.009631,-8.793261,0.777341
9350,9.350000,-9.693928,-8.453713,-9.709423,0.015495,-8.117610,0.767901
9351,9.351000,-9.687857,-8.481680,-9.709423,0.021566,-7.276174,0.768621
9352,9.352000,-9.681590,-8.510059,-9.709423,0.027833,-6.398143,0.755032
9353,9.353000,-9.675140,-8.538787,-9.709423,0.034283,-5.508419,0.761181
9354,9.354000,-9.668519,-8.567804,-9.709423,0.040904,-4.615039,0.775401
9355,9.355000,-9.661740,-8.597046,-9.709423,0.047683,-3.646502,0.769022
9356,9.356000,-9.654816,-8.626445,-9.709423,0.054607,-2.695573,0.764471
9357,9.357000,-9.647761,-8.655939,-9.709423,0.061662,-1.717508,0.780971
9358,9.358000,-9.640587,-8.685459,-9.709423,0.068836,-0.763959,0.757062
9359,9.359000,-9.633307,-8.714939,-9.709423,0.076116,0.215648,0.769231
9360,9.360000,-9.625935,-8.744313,-9.709423,0.083488,1.214341,0.772811
9361,9.361000,-9.618484,-8.773515,-9.709423,0.090939,2.354005,0.787241
9362,9.362000,-9.610967,-8.802468,-9.709423,0.098456,3.425371,0.789791
9363,9.363000,-9.603396,-8.831098,-9.709423,0.106027,4.457262,0.779431
9364,9.364000,-9.595786,-8.859337,-9.709423,0.113637,5.427119,0.849601
9365,9.365000,-9.588149,-8.887117,-9.709423,0.121274,6.315884,0.947029
9366,9.366000,-9.580496,-8.914380,-9.709423,0.128927,7.132063,0.767041
9367,9.367000,-9.572842,-8.941073,-9.709423,0.136581,7.933476,0.766102
9368,9.368000,-9.565199,-8.967143,-9.709423,0.144224,8.702738,0.769441
9369,9.369000,-9.557578,-8.992541,-9.709423,0.151845,9.405013,0.772761
9370,9.370000,-9.549991,-9.017222,-9.709423,0.159432,9.966114,0.766932
9371,9.371000,-9.542450,-9.041149,-9.709423,0.166973,10.480716,0.767261
9372,9.372000,-9.534965,-9.064291,-9.709423,0.174458,10.937517,0.762871
9373,9.373000,-9.527549,-9.086621,-9.709423,0.181874,11.215680,0.763142
9374,9.374000,-9.520211,-9.108121,-9.709423,0.189212,11.407212,0.756411
9375,9.375000,-9.512963,-9.128783,-9.709423,0.196460,11.584875,0.767971
9376,9.376000,-9.505812,-9.148600,-9.709423,0.203611,11.775986,0.774171
9377,9.377000,-9.498771,-9.167564,-9.709423,0.210652,11.971951,0.770181
9378,9.378000,-9.491847,-9.185664,-9.709423,0.217576,12.160801,0.767471
9379,9.379000,-9.485050,-9.202890,-9.709423,0.224373,12.333461,0.770591
9380,9.380000,-9.478388,-9.219237,-9.709423,0.231035,12.465991,0.762031
9381,9.381000,-9.471871,-9.234693,-9.709423,0.237552,12.577177,0.779381
9382,9.382000,-9.465503,-9.249258,-9.709423,0.243920,12.680517,0.764241
9383,9.383000,-9.459295,-9.262925,-9.709423,0.250128,12.771961,0.769611
9384,9.384000,-9.453252,-9.275691,-9.709423,0.256171,12.853251,0.775791
9385,9.385000,-9.447383,-9.287553,-9.709423,0.262040,12.924174,0.780631
9386,9.386000,-9.441692,-9.298509,-9.709423,0.267731,12.943530,0.761031
9387,9.387000,-9.436186,-9.308559,-9.709423,0.273237,12.925037,0.767031
9388,9.388000,-9.430869,-9.317707,-9.709423,0.278554,12.890532,0.762491
9389,9.389000,-9.425748,-9.325959,-9.709423,0.283675,12.840039,0.779932
9390,9.390000,-9.420828,-9.333320,-9.709423,0.288595,12.770223,0.767421
9391,9.391000,-9.416112,-9.339799,-9.709423,0.293311,12.696665,0.769671
9392,9.392000,-9.411604,-9.345401,-9.709423,0.297819,12.609456,0.785641
9393,9.393000,-9.407307,-9.350137,-9.709423,0.302115,12.524241,0.758682
9394,9.394000,-9.403227,-9.354014,-9.709423,0.306196,12.428354,0.760161
9395,9.395000,-9.399364,-9.357041,-9.709423,0.310059,12.289689,0.772442
9396,9.396000,-9.395722,-9.359229,-9.709423,0.313701,12.101140,0.773421
9397,9.397000,-9.392302,-9.360593,-9.709423,0.317121,11.884139,0.774891
9398,9.398000,-9.389105,-9.361151,-9.709423,0.320318,11.657991,0.777531
9399,9.399000,-9.386135,-9.360919,-9.709423,0.323288,11.425605,0.770052
9400,9.400000,-9.383390,-9.359917,-9.709423,0.326033,11.149138,0.780071
9401,9.401000,-9.380872,-9.358166,-9.709423,0.328551,10.816306,0.772911
9402,9.402000,-9.378581,-9.355688,-9.709423,0.330842,10.518048,0.967109
9403,9.403000,-9.376518,-9.352509,-9.709423,0.332905,10.226340,0.773841
9404,9.404000,-9.374680,-9.348650,-9.709423,0.334743,9.945240,0.834891
9405,9.405000,-9.373069,-9.344132,-9.709423,0.336354,9.655230,0.769541
9406,9.406000,-9.371681,-9.338977,-9.709423,0.337742,9.351121,0.774701
9407,9.407000,-9.370517,-9.333205,-9.709423,0.338906,9.026444,0.771271
9408,9.408000,-9.369574,-9.326843,-9.709423,0.339849,8.693706,0.758291
9409,9.409000,-9.368851,-9.319912,-9.709423,0.340572,8.360976,0.762972
9410,9.410000,-9.368345,-9.312437,-9.709423,0.341078,8.029665,0.770521
9411,9.411000,-9.368054,-9.304442,-9.709423,0.341369,7.700551,0.769741
9412,9.412000,-9.367974,-9.295951,-9.709423,0.341449,7.374008,0.767621
9413,9.413000,-9.368103,-9.286989,-9.709423,0.341320,7.050345,0.775952
9414,9.414000,-9.368438,-9.277577,-9.709423,0.340985,6.729722,0.770411
9415,9.415000,-9.368974,-9.267738,-9.709423,0.340449,6.412233,0.759191
9416,9.416000,-9.369709,-9.257495,-9.709423,0.339714,6.097951,0.769682
9417,9.417000,-9.370638,-9.246871,-9.709423,0.338785,5.787499,0.768371
9418,9.418000,-9.371756,-9.235887,-9.709423,0.337667,5.497537,0.774411
9419,9.419000,-9.373061,-9.224563,-9.709423,0.336362,5.233877,0.778241
9420,9.420000,-9.374546,-9.212920,-9.709423,0.334876,4.987785,0.779251
9421,9.421000,-9.376209,-9.200974,-9.709423,0.333214,4.745104,0.777811
9422,9.422000,-9.378042,-9.188741,-9.709423,0.331381,4.508391,0.963339
9423,9.423000,-9.380042,-9.176240,-9.709423,0.329381,4.287388,0.762871
9424,9.424000,-9.382203,-9.163483,-9.709423,0.327220,4.053398,0.867010
9425,9.425000,-9.384519,-9.150489,-9.709423,0.324904,3.810158,0.766541
9426,9.426000,-9.386986,-9.137273,-9.709423,0.322437,3.562317,0.770671
9427,9.427000,-9.389598,-9.123854,-9.709423,0.319825,3.310549,0.777812
9428,9.428000,-9.392349,-9.110247,-9.709423,0.317074,3.055838,0.776091
9429,9.429000,-9.395232,-9.096472,-9.709423,0.314191,2.798935,0.765021
9430,9.430000,-9.398242,-9.082547,-9.709423,0.311181,2.540555,0.759262
9431,9.431000,-9.401374,-9.068488,-9.709423,0.308049,2.278190,0.781251
9432,9.432000,-9.404620,-9.054315,-9.709423,0.304803,1.999172,0.770501
9433,9.433000,-9.407974,-9.040046,-9.709423,0.301449,1.715176,0.768241
9434,9.434000,-9.411430,-9.025701,-9.709423,0.297993,1.426262,0.775212
9435,9.435000,-9.414983,-9.011300,-9.709423,0.294440,1.185503,0.784941
9436,9.436000,-9.418625,-8.996860,-9.709423,0.290798,0.955649,0.766051
9437,9.437000,-9.422349,-8.982398,-9.709423,0.287074,0.723123,0.766161
9438,9.438000,-9.426150,-8.967927,-9.709423,0.283273,0.485687,0.778862
9439,9.439000,-9.430021,-8.953465,-9.709423,0.279402,0.250379,0.773071
9440,9.440000,-9.433955,-8.939027,-9.709423,0.275468,0.031973,0.776371
9441,9.441000,-9.437946,-8.924628,-9.709423,0.271477,-0.178331,0.774691
9442,9.442000,-9.441987,-8.910281,-9.709423,0.267436,-0.391047,0.774172
9443,9.443000,-9.446071,-8.896003,-9.709423,0.263352,-0.608634,0.769681
9444,9.444000,-9.450192,-8.881805,-9.709423,0.259231,-0.829093,0.752991
9445,9.445000,-9.454343,-8.867703,-9.709423,0.255080,-1.050765,0.772092
9446,9.446000,-9.458518,-8.853712,-9.709423,0.250905,-1.272673,0.770441
9447,9.447000,-9.462711,-8.839846,-9.709423,0.246712,-1.487900,0.775431
9448,9.448000,-9.466914,-8.826120,-9.709423,0.242509,-1.693377,0.772622
9449,9.449000,-9.471121,-8.812547,-9.709423,0.238302,-1.898075,0.782821
9450,9.450000,-9.475327,-8.799142,-9.709423,0.234096,-2.102046,0.769401
9451,9.451000,-9.479525,-8.785917,-9.709423,0.229898,-2.304745,0.766131
9452,9.452000,-9.483707,-8.772885,-9.709423,0.225716,-2.507697,0.771682
9453,9.453000,-9.487870,-8.760059,-9.709423,0.221553,-2.731935,0.795521
9454,9.454000,-9.492005,-8.747455,-9.709423,0.217418,-2.954643,0.783701
9455,9.455000,-9.496108,-8.735085,-9.709423,0.213314,-3.176017,0.778561
9456,9.456000,-9.500172,-8.722966,-9.709423,0.209251,-3.401994,0.783971
9457,9.457000,-9.504193,-8.711111,-9.709423,0.205230,-3.622628,0.773021
9458,9.458000,-9.508163,-8.699537,-9.709423,0.201260,-3.830096,0.760972
9459,9.459000,-9.512077,-8.688253,-9.709423,0.197346,-4.027234,0.791951
9460,9.460000,-9.515931,-8.677276,-9.709423,0.193492,-4.214422,0.771491
9461,9.461000,-9.519717,-8.666615,-9.709423,0.189706,-4.392048,0.872700
9462,9.462000,-9.523433,-8.656283,-9.709423,0.185990,-4.560639,0.905050
9463,9.463000,-9.527072,-8.646290,-9.709423,0.182351,-4.721882,0.781261
9464,9.464000,-9.530630,-8.636644,-9.709423,0.178793,-4.874620,0.770952
9465,9.465000,-9.534101,-8.627357,-9.709423,0.175322,-5.030699,0.773011
9466,9.466000,-9.537482,-8.618436,-9.709423,0.171941,-5.195385,0.766551
9467,9.467000,-9.540769,-8.609893,-9.709423,0.168654,-5.372411,0.769681
9468,9.468000,-9.543956,-8.601737,-9.709423,0.165467,-5.554065,0.764961
9469,9.469000,-9.547039,-8.593981,-9.709423,0.162384,-5.717957,0.777431
9470,9.470000,-9.550016,-8.586633,-9.709423,0.159407,-5.864227,0.766661
9471,9.471000,-9.552881,-8.579704,-9.709423,0.156542,-5.994680,0.767982
9472,9.472000,-9.555633,-8.573201,-9.709423,0.153790,-6.110377,0.771591
9473,9.473000,-9.558266,-8.567130,-9.709423,0.151157,-6.212292,0.758591
9474,9.474000,-9.560779,-8.561499,-9.709423,0.148644,-6.301241,0.763912
9475,9.475000,-9.563168,-8.556309,-9.709423,0.146255,-6.377845,0.795321
9476,9.476000,-9.565431,-8.551568,-9.709423,0.143991,-6.443352,0.768161
9477,9.477000,-9.567566,-8.547276,-9.709423,0.141857,-6.497932,0.770321
9478,9.478000,-9.569569,-8.543435,-9.709423,0.139854,-6.564073,0.781712
9479,9.479000,-9.571439,-8.540049,-9.709423,0.137983,-6.628290,0.772451
9480,9.480000,-9.573174,-8.537122,-9.709423,0.136249,-6.692582,0.759601
9481,9.481000,-9.574773,-8.534655,-9.709423,0.134650,-6.740646,0.775362
9482,9.482000,-9.576233,-8.532651,-9.709423,0.133190,-6.773207,0.935259
9483,9.483000,-9.577554,-8.531112,-9.709423,0.131869,-6.791269,0.778361
9484,9.484000,-9.578735,-8.530036,-9.709423,0.130688,-6.794495,0.773451
9485,9.485000,-9.579774,-8.529423,-9.709423,0.129649,-6.791177,0.770481
9486,9.486000,-9.580672,-8.529271,-9.709423,0.128751,-6.780161,0.770461
9487,9.487000,-9.581428,-8.529578,-9.709423,0.127995,-6.755291,0.762591
9488,9.488000,-9.582042,-8.530341,-9.709423,0.127381,-6.716324,0.756142
9489,9.489000,-9.582513,-8.531556,-9.709423,0.126910,-6.670099,0.769461
9490,9.490000,-9.582842,-8.533218,-9.709423,0.126580,-6.616581,0.773461
9491,9.491000,-9.583030,-8.535323,-9.709423,0.126393,-6.549834,0.772782
9492,9.492000,-9.583078,-8.537864,-9.709423,0.126345,-6.470104,0.770161
9493,9.493000,-9.582986,-8.540835,-9.709423,0.126437,-6.387599,0.772111
9494,9.494000,-9.582755,-8.544229,-9.709423,0.126668,-6.311092,0.757772
9495,9.495000,-9.582387,-8.548038,-9.709423,0.127036,-6.220383,0.769801
9496,9.496000,-9.581883,-8.552257,-9.709423,0.127540,-6.114995,0.784011
9497,9.497000,-9.581245,-8.556877,-9.709423,0.128178,-5.994646,0.772452
9498,9.498000,-9.580475,-8.561889,-9.709423,0.128948,-5.857983,0.776491
9499,9.499000,-9.579574,-8.567282,-9.709423,0.129849,-5.718712,0.803191
9500,9.500000,-9.578546,-8.573045,-9.709423,0.130877,-5.579656,0.772391
9501,9.501000,-9.577393,-8.579168,-9.709423,0.132030,-5.427931,0.821621
9502,9.502000,-9.576116,-8.585640,-9.709423,0.133307,-5.257365,0.766561
9503,9.503000,-9.574720,-8.592448,-9.709423,0.134703,-5.043769,0.768991
9504,9.504000,-9.573206,-8.599576,-9.709423,0.136217,-4.811923,0.776541
9505,9.505000,-9.571579,-8.607009,-9.709423,0.137844,-4.575378,0.773011
9506,9.506000,-9.569840,-8.614729,-9.709423,0.139583,-4.335983,0.773791
9507,9.507000,-9.567995,-8.622719,-9.709423,0.141428,-4.093638,0.770201
9508,9.508000,-9.566045,-8.630960,-9.709423,0.143378,-3.847857,0.769552
9509,9.509000,-9.563995,-8.639435,-9.709423,0.145428,-3.599891,0.759001
9510,9.510000,-9.561850,-8.648129,-9.709423,0.147573,-3.353843,0.766361
9511,9.511000,-9.559611,-8.657021,-9.709423,0.149812,-3.106853,0.774402
9512,9.512000,-9.557285,-8.666095,-9.709423,0.152138,-2.859893,0.771141
9513,9.513000,-9.554874,-8.675334,-9.709423,0.154549,-2.612982,0.765141
9514,9.514000,-9.552382,-8.684721,-9.709423,0.157041,-2.366692,0.782232
9515,9.515000,-9.549815,-8.694239,-9.709423,0.159608,-2.121375,0.762081
9516,9.516000,-9.547176,-8.703871,-9.709423,0.162247,-1.876094,0.774791
9517,9.517000,-9.544470,-8.713599,-9.709423,0.164953,-1.624680,0.781851
9518,9.518000,-9.541701,-8.723408,-9.709423,0.167722,-1.364142,0.770552
9519,9.519000,-9.538874,-8.733279,-9.709423,0.170549,-1.106062,0.879620
9520,9.520000,-9.535993,-8.743194,-9.709423,0.173430,-0.851447,0.779601
9521,9.521000,-9.533062,-8.753136,-9.709423,0.176361,-0.600592,0.856600
9522,9.522000,-9.530088,-8.763087,-9.709423,0.179335,-0.353675,0.777301
9523,9.523000,-9.527074,-8.773033,-9.709423,0.182349,-0.110721,0.755072
9524,9.524000,-9.524023,-8.782955,-9.709423,0.185400,0.147734,0.768991
9525,9.525000,-9.520943,-8.792835,-9.709423,0.188480,0.414669,0.772021
9526,9.526000,-9.517837,-8.802658,-9.709423,0.191586,0.674024,0.770862
9527,9.527000,-9.514710,-8.812406,-9.709423,0.194713,0.909850,0.770901
9528,9.528000,-9.511564,-8.822061,-9.709423,0.197859,1.139808,0.775251
9529,9.529000,-9.508408,-8.831609,-9.709423,0.201015,1.417919,0.755452
9530,9.530000,-9.505244,-8.841031,-9.709423,0.204179,1.685082,0.761311
9531,9.531000,-9.502076,-8.850312,-9.709423,0.207347,1.937748,0.768721
9532,9.532000,-9.498910,-8.859431,-9.709423,0.210513,2.175623,0.771741
9533,9.533000,-9.495749,-8.868375,-9.709423,0.213674,2.395808,0.769411
9534,9.534000,-9.492599,-8.877128,-9.709423,0.216824,2.604670,0.775051
9535,9.535000,-9.489463,-8.885677,-9.709423,0.219960,2.810101,0.765352
9536,9.536000,-9.486345,-8.894010,-9.709423,0.223078,3.012122,0.775881
9537,9.537000,-9.483249,-8.902113,-9.709423,0.226174,3.188752,0.765361
9538,9.538000,-9.480180,-8.909973,-9.709423,0.229242,3.347692,0.771161
9539,9.539000,-9.477142,-8.917583,-9.709423,0.232281,3.496326,0.773461
9540,9.540000,-9.474137,-8.924932,-9.709423,0.235286,3.635794,0.784581
9541,9.541000,-9.471171,-8.932013,-9.709423,0.238252,3.759415,0.766351
9542,9.542000,-9.468246,-8.938815,-9.709423,0.241177,3.859251,0.767262
9543,9.543000,-9.465367,-8.945337,-9.709423,0.244056,3.952150,0.771531
9544,9.544000,-9.462536,-8.951571,-9.709423,0.246887,4.040183,0.770381
9545,9.545000,-9.459755,-8.957512,-9.709423,0.249668,4.122754,0.762882
9546,9.546000,-9.457030,-8.963157,-9.709423,0.252393,4.197815,0.779111
9547,9.547000,-9.454362,-8.968499,-9.709423,0.255061,4.238031,0.765821
9548,9.548000,-9.451754,-8.973539,-9.709423,0.257669,4.273144,0.783341
9549,9.549000,-9.449210,-8.978275,-9.709423,0.260213,4.303525,0.764542
9550,9.550000,-9.446731,-8.982705,-9.709423,0.262692,4.329535,0.760821
9551,9.551000,-9.444321,-8.986829,-9.709423,0.265102,4.352517,0.760301
9552,9.552000,-9.441981,-8.990647,-9.709423,0.267442,4.371934,0.774332
9553,9.553000,-9.439713,-8.994157,-9.709423,0.269710,4.386853,0.763681
9554,9.554000,-9.437521,-8.997360,-9.709423,0.271902,4.396999,0.772491
9555,9.555000,-9.435405,-9.000257,-9.709423,0.274018,4.402450,0.798301
9556,9.556000,-9.433368,-9.002848,-9.709423,0.276055,4.396904,0.762341
9557,9.557000,-9.431410,-9.005132,-9.709423,0.278013,4.376473,0.766192
9558,9.558000,-9.429535,-9.007115,-9.709423,0.279888,4.352282,0.859970
9559,9.559000,-9.427742,-9.008796,-9.709423,0.281681,4.326778,0.769381
9560,9.560000,-9.426032,-9.010179,-9.709423,0.283391,4.299046,0.879540
9561,9.561000,-9.424409,-9.011268,-9.709423,0.285014,4.248445,0.776461
9562,9.562000,-9.422871,-9.012066,-9.709423,0.286552,4.194624,0.773441
9563,9.563000,-9.421420,-9.012577,-9.709423,0.288003,4.139470,0.781641
9564,9.564000,-9.420058,-9.012807,-9.709423,0.289365,4.082818,0.761842
9565,9.565000,-9.418782,-9.012760,-9.709423,0.290641,4.021800,0.767631
9566,9.566000,-9.417596,-9.012441,-9.709423,0.291827,3.958831,0.772321
9567,9.567000,-9.416499,-9.011854,-9.709423,0.292924,3.893730,0.774951
9568,9.568000,-9.415490,-9.011006,-9.709423,0.293933,3.826224,0.770782
9569,9.569000,-9.414571,-9.009901,-9.709423,0.294852,3.756017,0.769981
9570,9.570000,-9.413741,-9.008547,-9.709423,0.295682,3.682970,0.767061
9571,9.571000,-9.412999,-9.006946,-9.709423,0.296424,3.606922,0.760962
9572,9.572000,-9.412346,-9.005105,-9.709423,0.297077,3.527766,0.759331
9573,9.573000,-9.411780,-9.003031,-9.709423,0.297643,3.445570,0.770281
9574,9.574000,-9.411303,-9.000730,-9.709423,0.298120,3.360368,0.785831
9575,9.575000,-9.410911,-8.998208,-9.709423,0.298512,3.270075,0.774571
9576,9.576000,-9.410606,-8.995472,-9.709423,0.298817,3.176471,0.784311
9577,9.577000,-9.410386,-8.992528,-9.709423,0.299037,3.086924,0.770321
9578,9.578000,-9.410250,-8.989384,-9.709423,0.299173,3.001086,0.762672
9579,9.579000,-9.410198,-8.986045,-9.709423,0.299225,2.912038,0.778701
9580,9.580000,-9.410227,-8.982519,-9.709423,0.299196,2.818533,0.763491
9581,9.581000,-9.410335,-8.978813,-9.709423,0.299088,2.720178,0.779561
9582,9.582000,-9.410524,-8.974933,-9.709423,0.298899,2.627308,0.766092
9583,9.583000,-9.410790,-8.970885,-9.709423,0.298633,2.532685,0.769211
9584,9.584000,-9.411132,-8.966677,-9.709423,0.298291,2.434297,0.767631
9585,9.585000,-9.411548,-8.962317,-9.709423,0.297875,2.339560,0.768332
9586,9.586000,-9.412037,-8.957811,-9.709423,0.297386,2.244393,0.771081
9587,9.587000,-9.412597,-8.953166,-9.709423,0.296826,2.144902,0.771591
9588,9.588000,-9.413226,-8.948388,-9.709423,0.296197,2.041177,0.775371
9589,9.589000,-9.413923,-8.943485,-9.709423,0.295500,1.933642,0.774561
9590,9.590000,-9.414683,-8.938465,-9.709423,0.294740,1.822901,0.771221
9591,9.591000,-9.415507,-8.933336,-9.709423,0.293916,1.709503,0.764571
9592,9.592000,-9.416392,-8.928106,-9.709423,0.293030,1.593901,0.760122
9593,9.593000,-9.417336,-8.922782,-9.709423,0.292087,1.476499,0.770721
9594,9.594000,-9.418336,-8.917373,-9.709423,0.291087,1.357660,0.769111
9595,9.595000,-9.419389,-8.911887,-9.709423,0.290034,1.237977,0.786221
9596,9.596000,-9.420495,-8.906334,-9.709423,0.288928,1.143929,0.773561
9597,9.597000,-9.421650,-8.900719,-9.709423,0.287773,1.049310,0.862510
9598,9.598000,-9.422851,-8.895050,-9.709423,0.286572,0.949244,0.934520
9599,9.599000,-9.424098,-8.889332,-9.709423,0.285325,0.836964,0.781231
9600,9.600000,-9.425386,-8.883574,-9.709423,0.284037,0.722091,0.759461
9601,9.601000,-9.426713,-8.877783,-9.709423,0.282710,0.605867,0.769152
9602,9.602000,-9.428077,-8.871967,-9.709423,0.281346,0.489048,0.766981
9603,9.603000,-9.429476,-8.866134,-9.709423,0.279947,0.372034,0.774551
9604,9.604000,-9.430906,-8.860292,-9.709423,0.278517,0.255158,0.768922
9605,9.605000,-9.432365,-8.854451,-9.709423,0.277058,0.144880,0.789361
9606,9.606000,-9.433850,-8.848615,-9.709423,0.275573,0.043673,0.756901
9607,9.607000,-9.435360,-8.842794,-9.709423,0.274063,-0.058030,0.767261
9608,9.608000,-9.436891,-8.836994,-9.709423,0.272532,-0.160643,0.770252
9609,9.609000,-9.438439,-8.831219,-9.709423,0.270983,-0.264038,0.769721
9610,9.610000,-9.440004,-8.825481,-9.709423,0.269419,-0.367780,0.770641
9611,9.611000,-9.441583,-8.819783,-9.709423,0.267840,-0.471469,0.784401
9612,9.612000,-9.443172,-8.814133,-9.709423,0.266251,-0.574738,0.772241
9613,9.613000,-9.444769,-8.808538,-9.709423,0.264654,-0.679260,0.761741
9614,9.614000,-9.446371,-8.803006,-9.709423,0.263052,-0.785749,0.772011
9615,9.615000,-9.447977,-8.797541,-9.709423,0.261446,-0.890811,0.772022
9616,9.616000,-9.449583,-8.792152,-9.709423,0.259840,-0.994285,0.772631
9617,9.617000,-9.451187,-8.786847,-9.709423,0.258236,-1.095367,0.769181
9618,9.618000,-9.452786,-8.781631,-9.709423,0.256637,-1.193691,0.779431
9619,9.619000,-9.454379,-8.776510,-9.709423,0.255044,-1.289124,0.770772
9620,9.620000,-9.455961,-8.771492,-9.709423,0.253461,-1.381566,0.761871
9621,9.621000,-9.457533,-8.766581,-9.709423,0.251890,-1.466897,0.774591
9622,9.622000,-9.459090,-8.761785,-9.709423,0.250333,-1.547517,0.765392
9623,9.623000,-9.460631,-8.757106,-9.709423,0.248792,-1.625726,0.771611
9624,9.624000,-9.462153,-8.752551,-9.709423,0.247270,-1.701599,0.766491
9625,9.625000,-9.463655,-8.748124,-9.709423,0.245768,-1.774996,0.775671
9626,9.626000,-9.465134,-8.743830,-9.709423,0.244289,-1.845759,0.766161
9627,9.627000,-9.466588,-8.739674,-9.709423,0.242835,-1.913690,0.765771
9628,9.628000,-9.468014,-8.735657,-9.709423,0.241409,-1.978053,0.764431
9629,9.629000,-9.469413,-8.731787,-9.709423,0.240010,-2.039353,0.785491
9630,9.630000,-9.470780,-8.728067,-9.709423,0.238643,-2.096976,0.767541
9631,9.631000,-9.472115,-8.724498,-9.709423,0.237308,-2.151181,0.778151
9632,9.632000,-9.473415,-8.721085,-9.709423,0.236008,-2.202156,0.768652
9633,9.633000,-9.474680,-8.717831,-9.709423,0.234743,-2.249971,0.767861
9634,9.634000,-9.475906,-8.714738,-9.709423,0.233516,-2.295762,0.772901
9635,9.635000,-9.477095,-8.711810,-9.709423,0.232328,-2.338016,0.929440
9636,9.636000,-9.478242,-8.709047,-9.709423,0.231181,-2.376640,0.768591
9637,9.637000,-9.479347,-8.706454,-9.709423,0.230076,-2.411557,0.839310
9638,9.638000,-9.480409,-8.704030,-9.709423,0.229014,-2.443125,0.776521
9639,9.639000,-9.481426,-8.701780,-9.709423,0.227997,-2.471239,0.767901
9640,9.640000,-9.482398,-8.699702,-9.709423,0.227025,-2.495522,0.774231
9641,9.641000,-9.483322,-8.697799,-9.709423,0.226101,-2.516560,0.770052
9642,9.642000,-9.484200,-8.696072,-9.709423,0.225223,-2.534370,0.772901
9643,9.643000,-9.485028,-8.694522,-9.709423,0.224395,-2.548304,0.768891
9644,9.644000,-9.485807,-8.693147,-9.709423,0.223616,-2.558375,0.773961
9645,9.645000,-9.486535,-8.691949,-9.709423,0.222888,-2.564606,0.764472
9646,9.646000,-9.487213,-8.690929,-9.709423,0.222210,-2.567023,0.775641
9647,9.647000,-9.487839,-8.690085,-9.709423,0.221584,-2.565690,0.766351
9648,9.648000,-9.488412,-8.689416,-9.709423,0.221011,-2.560680,0.760922
9649,9.649000,-9.488933,-8.688923,-9.709423,0.220490,-2.555943,0.758941
9650,9.650000,-9.489401,-8.688603,-9.709423,0.220022,-2.550715,0.774321
9651,9.651000,-9.489816,-8.688457,-9.709423,0.219607,-2.547012,0.769882
9652,9.652000,-9.490178,-8.688483,-9.709423,0.219245,-2.541697,0.788891
9653,9.653000,-9.490486,-8.688681,-9.709423,0.218937,-2.533979,0.777671
9654,9.654000,-9.490740,-8.689049,-9.709423,0.218683,-2.520485,0.768501
9655,9.655000,-9.490941,-8.689587,-9.709423,0.218482,-2.501281,0.919850
9656,9.656000,-9.491089,-8.690292,-9.709423,0.218334,-2.476627,0.765761
9657,9.657000,-9.491183,-8.691162,-9.709423,0.218240,-2.446925,0.857881
9658,9.658000,-9.491225,-8.692196,-9.709423,0.218198,-2.412490,0.775761
9659,9.659000,-9.491214,-8.693390,-9.709423,0.218209,-2.373614,0.774501
9660,9.660000,-9.491151,-8.694740,-9.709423,0.218272,-2.331304,0.771911
9661,9.661000,-9.491036,-8.696244,-9.709423,0.218387,-2.289016,0.769542
9662,9.662000,-9.490871,-8.697898,-9.709423,0.218552,-2.242683,0.779371
9663,9.663000,-9.490655,-8.699700,-9.709423,0.218768,-2.192206,0.758321
9664,9.664000,-9.490389,-8.701643,-9.709423,0.219034,-2.137836,0.771532
9665,9.665000,-9.490075,-8.703726,-9.709423,0.219348,-2.079785,0.767191
9666,9.666000,-9.489713,-8.705943,-9.709423,0.219710,-2.018314,0.766591
9667,9.667000,-9.489303,-8.708290,-9.709423,0.220120,-1.953644,0.771882
9668,9.668000,-9.488848,-8.710761,-9.709423,0.220575,-1.886015,0.783091
9669,9.669000,-9.488348,-8.713353,-9.709423,0.221075,-1.812556,0.763201
9670,9.670000,-9.487804,-8.716060,-9.709423,0.221619,-1.732069,0.767881
9671,9.671000,-9.487217,-8.718876,-9.709423,0.222206,-1.649939,0.763171
9672,9.672000,-9.486589,-8.721794,-9.709423,0.222834,-1.562446,0.791971
9673,9.673000,-9.485920,-8.724809,-9.709423,0.223503,-1.467870,0.786771
9674,9.674000,-9.485213,-8.727915,-9.709423,0.224209,-1.370832,0.783521
9675,9.675000,-9.484468,-8.731103,-9.709423,0.224955,-1.274573,0.774651
9676,9.676000,-9.483688,-8.734368,-9.709423,0.225735,-1.179345,0.783592
9677,9.677000,-9.482872,-8.737703,-9.709423,0.226551,-1.085073,0.759861
9678,9.678000,-9.482024,-8.741101,-9.709423,0.227399,-0.991662,0.768221
9679,9.679000,-9.481144,-8.744555,-9.709423,0.228279,-0.899012,0.771341
9680,9.680000,-9.480233,-8.748058,-9.709423,0.229190,-0.806618,0.782041
9681,9.681000,-9.479294,-8.751607,-9.709423,0.230129,-0.714782,0.786291
9682,9.682000,-9.478329,-8.755192,-9.709423,0.231094,-0.623529,0.778951
9683,9.683000,-9.477337,-8.758807,-9.709423,0.232086,-0.533073,0.777241
9684,9.684000,-9.476323,-8.762449,-9.709423,0.233100,-0.443483,0.792621
9685,9.685000,-9.475287,-8.766108,-9.709423,0.234136,-0.354896,0.793081
9686,9.686000,-9.474230,-8.769780,-9.709423,0.235193,-0.266728,0.803431
9687,9.687000,-9.473155,-8.773460,-9.709423,0.236268,-0.179247,0.806151
9688,9.688000,-9.472063,-8.777140,-9.709423,0.237360,-0.092708,0.807651
9689,9.689000,-9.470955,-8.780815,-9.709423,0.238468,-0.007469,0.828750
9690,9.690000,-9.469835,-8.784480,-9.709423,0.239588,0.087378,0.812871
9691,9.691000,-9.468702,-8.788127,-9.709423,0.240721,0.180815,0.826731
9692,9.692000,-9.467560,-8.791750,-9.709423,0.241863,0.271022,0.804850
9693,9.693000,-9.466410,-8.795346,-9.709423,0.243013,0.357912,0.816221
9694,9.694000,-9.465252,-8.798905,-9.709423,0.244171,0.435372,0.800751
9695,9.695000,-9.464090,-8.802423,-9.709423,0.245333,0.508328,0.816981
9696,9.696000,-9.462925,-8.805897,-9.709423,0.246498,0.579474,0.805461
9697,9.697000,-9.461758,-8.809320,-9.709423,0.247665,0.649121,0.806591
9698,9.698000,-9.460591,-8.812690,-9.709423,0.248832,0.717219,0.808570
9699,9.699000,-9.459425,-8.816000,-9.709423,0.249998,0.783671,0.818570
9700,9.700000,-9.458263,-8.819248,-9.709423,0.251160,0.848312,0.810441
9701,9.701000,-9.457106,-8.822427,-9.709423,0.252317,0.911011,0.821351
9702,9.702000,-9.455956,-8.825537,-9.709423,0.253467,0.971730,0.804581
9703,9.703000,-9.454812,-8.828570,-9.709423,0.254611,1.026854,0.798000
9704,9.704000,-9.453679,-8.831525,-9.709423,0.255744,1.090392,0.800321
9705,9.705000,-9.452557,-8.834398,-9.709423,0.256866,1.147782,0.807891
9706,9.706000,-9.451446,-8.837184,-9.709423,0.257977,1.201550,0.808861
9707,9.707000,-9.450350,-8.839880,-9.709423,0.259073,1.251637,0.814861
9708,9.708000,-9.449268,-8.842483,-9.709423,0.260155,1.298255,0.820220
9709,9.709000,-9.448202,-8.844991,-9.709423,0.261221,1.341558,0.826691
9710,9.710000,-9.447155,-8.847400,-9.709423,0.262268,1.381715,0.812421
9711,9.711000,-9.446126,-8.849709,-9.709423,0.263297,1.418817,0.806921
9712,9.712000,-9.445118,-8.851914,-9.709423,0.264305,1.452965,0.906259
9713,9.713000,-9.444130,-8.854014,-9.709423,0.265293,1.484151,0.996669
9714,9.714000,-9.443164,-8.856008,-9.709423,0.266259,1.512384,0.811741
9715,9.715000,-9.442223,-8.857893,-9.709423,0.267200,1.535998,0.807391
9716,9.716000,-9.441305,-8.859669,-9.709423,0.268118,1.553183,0.793391
9717,9.717000,-9.440413,-8.861334,-9.709423,0.269010,1.568092,0.812061
9718,9.718000,-9.439546,-8.862888,-9.709423,0.269877,1.581126,0.804381
9719,9.719000,-9.438707,-8.864330,-9.709423,0.270716,1.592285,0.810101
9720,9.720000,-9.437896,-8.865660,-9.709423,0.271527,1.601552,0.798821
9721,9.721000,-9.437113,-8.866877,-9.709423,0.272310,1.608769,0.815221
9722,9.722000,-9.436360,-8.867982,-9.709423,0.273063,1.613862,0.803600
9723,9.723000,-9.435637,-8.868975,-9.709423,0.273786,1.616626,0.797690
9724,9.724000,-9.434943,-8.869855,-9.709423,0.274480,1.616760,0.800671
9725,9.725000,-9.434282,-8.870624,-9.709423,0.275141,1.614223,0.798151
9726,9.726000,-9.433652,-8.871280,-9.709423,0.275771,1.609690,0.806381
9727,9.727000,-9.433054,-8.871827,-9.709423,0.276369,1.603285,0.814921
9728,9.728000,-9.432489,-8.872262,-9.709423,0.276934,1.594411,0.803881
9729,9.729000,-9.431956,-8.872589,-9.709423,0.277467,1.579022,0.811280
9730,9.730000,-9.431456,-8.872808,-9.709423,0.277967,1.562174,0.814670
9731,9.731000,-9.430990,-8.872919,-9.709423,0.278433,1.544276,0.816421
9732,9.732000,-9.430558,-8.872927,-9.709423,0.278865,1.525370,0.808991
9733,9.733000,-9.430160,-8.872831,-9.709423,0.279263,1.505358,0.789051
9734,9.734000,-9.429795,-8.872633,-9.709423,0.279628,1.484124,0.797431
9735,9.735000,-9.429464,-8.872336,-9.709423,0.279959,1.461597,0.811421
9736,9.736000,-9.429167,-8.871941,-9.709423,0.280256,1.437734,0.805261
9737,9.737000,-9.428904,-8.871449,-9.709423,0.280519,1.412455,0.812320
9738,9.738000,-9.428674,-8.870864,-9.709423,0.280749,1.385784,0.809941
9739,9.739000,-9.428479,-8.870186,-9.709423,0.280944,1.357707,0.809131
9740,9.740000,-9.428316,-8.869418,-9.709423,0.281107,1.328328,0.802661
9741,9.741000,-9.428187,-8.868564,-9.709423,0.281236,1.297636,0.804301
9742,9.742000,-9.428092,-8.867623,-9.709423,0.281331,1.265651,0.793121
9743,9.743000,-9.428028,-8.866599,-9.709423,0.281395,1.232422,0.790201
9744,9.744000,-9.427997,-8.865495,-9.709423,0.281426,1.202366,0.813840
9745,9.745000,-9.427998,-8.864313,-9.709423,0.281425,1.170999,0.809061
9746,9.746000,-9.428030,-8.863055,-9.709423,0.281393,1.137834,0.805451
9747,9.747000,-9.428093,-8.861723,-9.709423,0.281330,1.109140,0.814631
9748,9.748000,-9.428187,-8.860320,-9.709423,0.281236,1.080533,0.809881
9749,9.749000,-9.428310,-8.858849,-9.709423,0.281113,1.049908,0.805601
9750,9.750000,-9.428464,-8.857311,-9.709423,0.280959,1.017191,0.796991
9751,9.751000,-9.428646,-8.855707,-9.709423,0.280777,0.985557,0.961819
9752,9.752000,-9.428856,-8.854043,-9.709423,0.280567,0.952451,0.803221
9753,9.753000,-9.429093,-8.852317,-9.709423,0.280330,0.917352,0.797011
9754,9.754000,-9.429358,-8.850535,-9.709423,0.280065,0.880388,0.794780
9755,9.755000,-9.429648,-8.848698,-9.709423,0.279775,0.841718,0.800130
9756,9.756000,-9.429963,-8.846809,-9.709423,0.279460,0.801523,0.799821
9757,9.757000,-9.430304,-8.844872,-9.709423,0.279119,0.759964,0.798441
9758,9.758000,-9.430667,-8.842889,-9.709423,0.278756,0.716960,0.794001
9759,9.759000,-9.431053,-8.840862,-9.709423,0.278369,0.672261,0.806611
9760,9.760000,-9.431462,-8.838796,-9.709423,0.277961,0.626369,0.790921
9761,9.761000,-9.431891,-8.836693,-9.709423,0.277532,0.576433,0.793511
9762,9.762000,-9.432341,-8.834558,-9.709423,0.277082,0.523923,0.810961
9763,9.763000,-9.432810,-8.832393,-9.709423,0.276613,0.471436,0.793731
9764,9.764000,-9.433296,-8.830202,-9.709423,0.276127,0.419317,0.805631
9765,9.765000,-9.433800,-8.827989,-9.709423,0.275623,0.367630,0.809211
9766,9.766000,-9.434321,-8.825758,-9.709423,0.275102,0.316406,0.794401
9767,9.767000,-9.434857,-8.823512,-9.709423,0.274566,0.265630,0.813731
9768,9.768000,-9.435407,-8.821254,-9.709423,0.274016,0.215533,0.880650
9769,9.769000,-9.435970,-8.818988,-9.709423,0.273453,0.168490,0.914569
9770,9.770000,-9.436547,-8.816719,-9.709423,0.272876,0.122629,0.797781
9771,9.771000,-9.437133,-8.814447,-9.709423,0.272290,0.079308,0.784341
9772,9.772000,-9.437731,-8.812176,-9.709423,0.271692,0.035855,0.795111
9773,9.773000,-9.438337,-8.809910,-9.709423,0.271086,-0.007762,0.794241
9774,9.774000,-9.438952,-8.807651,-9.709423,0.270471,-0.051479,0.788901
9775,9.775000,-9.439574,-8.805402,-9.709423,0.269849,-0.095118,0.795541
9776,9.776000,-9.440202,-8.803166,-9.709423,0.269221,-0.138580,0.810991
9777,9.777000,-9.440835,-8.800945,-9.709423,0.268588,-0.181726,0.789961
9778,9.778000,-9.441472,-8.798744,-9.709423,0.267951,-0.224426,0.795871
9779,9.779000,-9.442112,-8.796565,-9.709423,0.267311,-0.266554,0.790331
9780,9.780000,-9.442755,-8.794409,-9.709423,0.266668,-0.308065,0.778861
9781,9.781000,-9.443398,-8.792281,-9.709423,0.266025,-0.348859,0.795521
9782,9.782000,-9.444042,-8.790181,-9.709423,0.265381,-0.388879,0.784691
9783,9.783000,-9.444685,-8.788115,-9.709423,0.264738,-0.428031,0.816571
9784,9.784000,-9.445325,-8.786084,-9.709423,0.264098,-0.466373,0.828151
9785,9.785000,-9.445964,-8.784089,-9.709423,0.263459,-0.503866,0.803571
9786,9.786000,-9.446597,-8.782136,-9.709423,0.262826,-0.540299,0.826470
9787,9.787000,-9.447227,-8.780224,-9.709423,0.262196,-0.575634,0.792121
9788,9.788000,-9.447851,-8.778356,-9.709423,0.261572,-0.609815,0.800131
9789,9.789000,-9.448468,-8.776536,-9.709423,0.260955,-0.642772,0.787801
9790,9.790000,-9.449078,-8.774764,-9.709423,0.260345,-0.674481,0.783321
9791,9.791000,-9.449680,-8.773043,-9.709423,0.259743,-0.704898,0.794811
9792,9.792000,-9.450273,-8.771374,-9.709423,0.259150,-0.734024,0.788551
9793,9.793000,-9.450856,-8.769761,-9.709423,0.258567,-0.761803,0.797141
9794,9.794000,-9.451428,-8.768203,-9.709423,0.257995,-0.788180,0.789671
9795,9.795000,-9.451989,-8.766703,-9.709423,0.257434,-0.813151,0.795131
9796,9.796000,-9.452538,-8.765263,-9.709423,0.256885,-0.836724,0.773782
9797,9.797000,-9.453073,-8.763883,-9.709423,0.256350,-0.858838,0.781611
9798,9.798000,-9.453596,-8.762566,-9.709423,0.255827,-0.879452,0.788261
9799,9.799000,-9.454104,-8.761312,-9.709423,0.255319,-0.898594,0.892180
9800,9.800000,-9.454597,-8.760122,-9.709423,0.254826,-0.916254,0.792691
9801,9.801000,-9.455075,-8.758998,-9.709423,0.254348,-0.932389,0.792081
9802,9.802000,-9.455537,-8.757939,-9.709423,0.253886,-0.947047,0.786411
9803,9.803000,-9.455982,-8.756949,-9.709423,0.253441,-0.960156,0.790151
9804,9.804000,-9.456411,-8.756026,-9.709423,0.253012,-0.971736,0.782801
9805,9.805000,-9.456821,-8.755171,-9.709423,0.252602,-0.981803,0.809291
9806,9.806000,-9.457215,-8.754385,-9.709423,0.252208,-0.990376,0.799711
9807,9.807000,-9.457589,-8.753669,-9.709423,0.251834,-0.997414,0.803831
9808,9.808000,-9.457945,-8.753021,-9.709423,0.251478,-1.002918,0.786181
9809,9.809000,-9.458281,-8.752444,-9.709423,0.251142,-1.006953,0.789951
9810,9.810000,-9.458599,-8.751936,-9.709423,0.250824,-1.009484,0.788041
9811,9.811000,-9.458896,-8.751498,-9.709423,0.250527,-1.010545,0.792441
9812,9.812000,-9.459173,-8.751130,-9.709423,0.250250,-1.010106,0.784851
9813,9.813000,-9.459430,-8.750832,-9.709423,0.249993,-1.008234,0.778231
9814,9.814000,-9.459668,-8.750601,-9.709423,0.249755,-1.004939,0.781061
9815,9.815000,-9.459884,-8.750440,-9.709423,0.249539,-1.000242,0.787641
9816,9.816000,-9.460079,-8.750347,-9.709423,0.249344,-0.996412,0.788772
9817,9.817000,-9.460253,-8.750321,-9.709423,0.249170,-0.991459,0.782281
9818,9.818000,-9.460407,-8.750362,-9.709423,0.249016,-0.984901,0.786921
9819,9.819000,-9.460540,-8.750470,-9.709423,0.248883,-0.976684,0.788841
9820,9.820000,-9.460652,-8.750643,-9.709423,0.248771,-0.966885,0.771891
9821,9.821000,-9.460743,-8.750882,-9.709423,0.248680,-0.955510,0.777251
9822,9.822000,-9.460813,-8.751183,-9.709423,0.248610,-0.942641,0.802861
9823,9.823000,-9.460862,-8.751549,-9.709423,0.248561,-0.928412,0.784401
9824,9.824000,-9.460891,-8.751976,-9.709423,0.248532,-0.912819,0.943720
9825,9.825000,-9.460899,-8.752462,-9.709423,0.248524,-0.895928,0.784671
9826,9.826000,-9.460887,-8.753009,-9.709423,0.248536,-0.877781,0.794141
9827,9.827000,-9.460854,-8.753612,-9.709423,0.248569,-0.858438,0.787921
9828,9.828000,-9.460802,-8.754272,-9.709423,0.248621,-0.837939,0.783011
9829,9.829000,-9.460731,-8.754988,-9.709423,0.248692,-0.816346,0.774501
9830,9.830000,-9.460639,-8.755755,-9.709423,0.248784,-0.793706,0.783821
9831,9.831000,-9.460529,-8.756574,-9.709423,0.248894,-0.770116,0.784592
9832,9.832000,-9.460400,-8.757443,-9.709423,0.249023,-0.745578,0.791261
9833,9.833000,-9.460253,-8.758360,-9.709423,0.249170,-0.720120,0.809420
9834,9.834000,-9.460088,-8.759322,-9.709423,0.249335,-0.693851,0.787042
9835,9.835000,-9.459905,-8.760329,-9.709423,0.249518,-0.666819,0.784471
9836,9.836000,-9.459705,-8.761377,-9.709423,0.249718,-0.639052,0.790241
9837,9.837000,-9.459488,-8.762466,-9.709423,0.249935,-0.609990,0.772871
9838,9.838000,-9.459255,-8.763593,-9.709423,0.250168,-0.578318,0.787161
9839,9.839000,-9.459007,-8.764755,-9.709423,0.250416,-0.546312,0.781451
9840,9.840000,-9.458743,-8.765950,-9.709423,0.250680,-0.514170,0.787021
9841,9.841000,-9.458465,-8.767177,-9.709423,0.250958,-0.481934,0.798811
9842,9.842000,-9.458172,-8.768433,-9.709423,0.251251,-0.449594,0.779801
9843,9.843000,-9.457865,-8.769715,-9.709423,0.251558,-0.417149,0.887889
9844,9.844000,-9.457546,-8.771022,-9.709423,0.251877,-0.384636,0.782512
9845,9.845000,-9.457215,-8.772351,-9.709423,0.252208,-0.352098,0.834190
9846,9.846000,-9.456871,-8.773699,-9.709423,0.252552,-0.319530,0.773451
9847,9.847000,-9.456516,-8.775065,-9.709423,0.252907,-0.286705,0.787481
9848,9.848000,-9.456151,-8.776446,-9.709423,0.253272,-0.252161,0.777462
9849,9.849000,-9.455775,-8.777841,-9.709423,0.253648,-0.217875,0.784851
9850,9.850000,-9.455390,-8.779245,-9.709423,0.254033,-0.184025,0.781731
9851,9.851000,-9.454997,-8.780658,-9.709423,0.254426,-0.150643,0.782941
9852,9.852000,-9.454595,-8.782077,-9.709423,0.254828,-0.117701,0.772311
9853,9.853000,-9.454186,-8.783499,-9.709423,0.255236,-0.085239,0.778341
9854,9.854000,-9.453771,-8.784923,-9.709423,0.255652,-0.053237,0.776392
9855,9.855000,-9.453348,-8.786346,-9.709423,0.256075,-0.021705,0.786501
9856,9.856000,-9.452921,-8.787767,-9.709423,0.256502,0.009371,0.783721
9857,9.857000,-9.452489,-8.789181,-9.709423,0.256934,0.039935,0.785871
9858,9.858000,-9.452052,-8.790590,-9.709423,0.257371,0.070998,0.779401
9859,9.859000,-9.451612,-8.791989,-9.709423,0.257811,0.104614,0.779191
9860,9.860000,-9.451170,-8.793377,-9.709423,0.258253,0.137335,0.776351
9861,9.861000,-9.450725,-8.794751,-9.709423,0.258698,0.168822,0.791881
9862,9.862000,-9.450279,-8.796111,-9.709423,0.259144,0.199066,0.966329
9863,9.863000,-9.449831,-8.797452,-9.709423,0.259592,0.228106,0.781811
9864,9.864000,-9.449384,-8.798773,-9.709423,0.260039,0.255966,0.844160
9865,9.865000,-9.448937,-8.800075,-9.709423,0.260485,0.282764,0.792061
9866,9.866000,-9.448492,-8.801352,-9.709423,0.260931,0.308541,0.782682
9867,9.867000,-9.448047,-8.802604,-9.709423,0.261376,0.333257,0.778731
9868,9.868000,-9.447606,-8.803830,-9.709423,0.261817,0.357028,0.774781
9869,9.869000,-9.447166,-8.805029,-9.709423,0.262257,0.379783,0.764141
9870,9.870000,-9.446730,-8.806198,-9.709423,0.262692,0.401568,0.782651
9871,9.871000,-9.446298,-8.807337,-9.709423,0.263125,0.422431,0.777481
9872,9.872000,-9.445872,-8.808442,-9.709423,0.263551,0.441374,0.781651
9873,9.873000,-9.445449,-8.809516,-9.709423,0.263974,0.458610,0.783071
9874,9.874000,-9.445033,-8.810555,-9.709423,0.264390,0.475143,0.776751
9875,9.875000,-9.444623,-8.811559,-9.709423,0.264800,0.491004,0.775691
9876,9.876000,-9.444219,-8.812526,-9.709423,0.265204,0.506164,0.773832
9877,9.877000,-9.443823,-8.813456,-9.709423,0.265600,0.520509,0.770311
9878,9.878000,-9.443434,-8.814348,-9.709423,0.265989,0.534032,0.774041
9879,9.879000,-9.443053,-8.815202,-9.709423,0.266370,0.546695,0.783841
9880,9.880000,-9.442681,-8.816015,-9.709423,0.266742,0.558488,0.787831
9881,9.881000,-9.442317,-8.816790,-9.709423,0.267106,0.569474,0.773601
9882,9.882000,-9.441964,-8.817522,-9.709423,0.267459,0.579582,0.873420
9883,9.883000,-9.441620,-8.818214,-9.709423,0.267803,0.588834,0.940749
9884,9.884000,-9.441285,-8.818864,-9.709423,0.268138,0.597184,0.776381
9885,9.885000,-9.440962,-8.819471,-9.709423,0.268461,0.604643,0.774461
9886,9.886000,-9.440649,-8.820036,-9.709423,0.268774,0.611194,0.779091
9887,9.887000,-9.440348,-8.820557,-9.709423,0.269075,0.616855,0.779971
9888,9.888000,-9.440057,-8.821035,-9.709423,0.269366,0.621566,0.787831
9889,9.889000,-9.439778,-8.821470,-9.709423,0.269645,0.625390,0.781671
9890,9.890000,-9.439512,-8.821861,-9.709423,0.269911,0.628331,0.792791
9891,9.891000,-9.439257,-8.822209,-9.709423,0.270166,0.630321,0.779432
9892,9.892000,-9.439015,-8.822512,-9.709423,0.270408,0.631393,0.769571
9893,9.893000,-9.438785,-8.822772,-9.709423,0.270638,0.631569,0.773701
9894,9.894000,-9.438568,-8.822988,-9.709423,0.270855,0.630844,0.778331
9895,9.895000,-9.438364,-8.823162,-9.709423,0.271059,0.629232,0.772112
9896,9.896000,-9.438173,-8.823292,-9.709423,0.271250,0.626782,0.786691
9897,9.897000,-9.437996,-8.823379,-9.709423,0.271427,0.622296,0.790901
9898,9.898000,-9.437831,-8.823424,-9.709423,0.271592,0.617508,0.786651
9899,9.899000,-9.437679,-8.823427,-9.709423,0.271744,0.612692,0.764371
9900,9.900000,-9.437540,-8.823388,-9.709423,0.271883,0.607143,0.771901
9901,9.901000,-9.437416,-8.823308,-9.709423,0.272007,0.600832,0.874140
9902,9.902000,-9.437305,-8.823189,-9.709423,0.272118,0.593775,0.773661
9903,9.903000,-9.437207,-8.823028,-9.709423,0.272216,0.585904,0.859130
9904,9.904000,-9.437122,-8.822829,-9.709423,0.272301,0.577263,0.774141
9905,9.905000,-9.437050,-8.822592,-9.709423,0.272373,0.567920,0.782792
9906,9.906000,-9.436992,-8.822317,-9.709423,0.272431,0.557874,0.767891
9907,9.907000,-9.436948,-8.822005,-9.709423,0.272475,0.547140,0.771901
9908,9.908000,-9.436916,-8.821656,-9.709423,0.272507,0.535716,0.764221
9909,9.909000,-9.436897,-8.821272,-9.709423,0.272526,0.523665,0.775221
9910,9.910000,-9.436891,-8.820855,-9.709423,0.272532,0.510945,0.773611
9911,9.911000,-9.436898,-8.820403,-9.709423,0.272525,0.496040,0.785981
9912,9.912000,-9.436916,-8.819920,-9.709423,0.272507,0.480625,0.777151
9913,9.913000,-9.436948,-8.819405,-9.709423,0.272475,0.464870,0.772402
9914,9.914000,-9.436991,-8.818860,-9.709423,0.272431,0.449624,0.764251
9915,9.915000,-9.437047,-8.818286,-9.709423,0.272376,0.434897,0.770921
9916,9.916000,-9.437114,-8.817685,-9.709423,0.272309,0.419664,0.769772
9917,9.917000,-9.437193,-8.817058,-9.709423,0.272230,0.403908,0.783101
9918,9.918000,-9.437283,-8.816404,-9.709423,0.272140,0.387561,0.776391
9919,9.919000,-9.437383,-8.815727,-9.709423,0.272040,0.370741,0.782021
9920,9.920000,-9.437494,-8.815026,-9.709423,0.271929,0.353499,0.771661
9921,9.921000,-9.437616,-8.814304,-9.709423,0.271807,0.335841,0.762942
9922,9.922000,-9.437748,-8.813560,-9.709423,0.271675,0.317799,0.768181
9923,9.923000,-9.437890,-8.812798,-9.709423,0.271533,0.299479,0.774431
9924,9.924000,-9.438040,-8.812017,-9.709423,0.271383,0.280905,0.777181
9925,9.925000,-9.438200,-8.811220,-9.709423,0.271223,0.262064,0.766311
9926,9.926000,-9.438369,-8.810407,-9.709423,0.271054,0.243045,0.777091
9927,9.927000,-9.438545,-8.809580,-9.709423,0.270878,0.223851,0.772671
9928,9.928000,-9.438731,-8.808740,-9.709423,0.270692,0.204530,0.762101
9929,9.929000,-9.438923,-8.807889,-9.709423,0.270500,0.185133,0.776651
9930,9.930000,-9.439123,-8.807029,-9.709423,0.270300,0.166450,0.764281
9931,9.931000,-9.439330,-8.806159,-9.709423,0.270093,0.148060,0.775581
9932,9.932000,-9.439543,-8.805282,-9.709423,0.269880,0.129537,0.771871
9933,9.933000,-9.439763,-8.804399,-9.709423,0.269660,0.110878,0.766851
9934,9.934000,-9.439987,-8.803510,-9.709423,0.269436,0.092616,0.756732
9935,9.935000,-9.440218,-8.802619,-9.709423,0.269205,0.075147,0.764831
9936,9.936000,-9.440454,-8.801724,-9.709423,0.268969,0.057564,0.761511
9937,9.937000,-9.440693,-8.800829,-9.709423,0.268730,0.039870,0.776782
9938,9.938000,-9.440937,-8.799933,-9.709423,0.268486,0.022111,0.785651
9939,9.939000,-9.441184,-8.799038,-9.709423,0.268239,0.004304,0.770031
9940,9.940000,-9.441435,-8.798146,-9.709423,0.267988,-0.013475,0.858130
9941,9.941000,-9.441689,-8.797257,-9.709423,0.267734,-0.031199,0.934230
9942,9.942000,-9.441946,-8.796374,-9.709423,0.267477,-0.048782,0.768941
9943,9.943000,-9.442204,-8.795495,-9.709423,0.267219,-0.066209,0.762082
9944,9.944000,-9.442464,-8.794624,-9.709423,0.266959,-0.083478,0.765281
9945,9.945000,-9.442725,-8.793761,-9.709423,0.266698,-0.100478,0.769241
9946,9.946000,-9.442987,-8.792907,-9.709423,0.266436,-0.117248,0.770442
9947,9.947000,-9.443250,-8.792065,-9.709423,0.266173,-0.133701,0.778451
9948,9.948000,-9.443512,-8.791233,-9.709423,0.265911,-0.149834,0.777781
9949,9.949000,-9.443774,-8.790413,-9.709423,0.265649,-0.165656,0.763941
9950,9.950000,-9.444035,-8.789608,-9.709423,0.265388,-0.181092,0.760972
9951,9.951000,-9.444296,-8.788817,-9.709423,0.265127,-0.196159,0.770611
9952,9.952000,-9.444555,-8.788042,-9.709423,0.264868,-0.210826,0.768171
9953,9.953000,-9.444812,-8.787283,-9.709423,0.264611,-0.225014,0.776311
9954,9.954000,-9.445066,-8.786541,-9.709423,0.264356,-0.238757,0.772421
9955,9.955000,-9.445318,-8.785819,-9.709423,0.264105,-0.252042,0.768831
9956,9.956000,-9.445568,-8.785115,-9.709423,0.263855,-0.264854,0.753612
9957,9.957000,-9.445814,-8.784431,-9.709423,0.263609,-0.277155,0.785031
9958,9.958000,-9.446056,-8.783768,-9.709423,0.263367,-0.288929,0.769581
9959,9.959000,-9.446295,-8.783126,-9.709423,0.263128,-0.300182,0.777941
9960,9.960000,-9.446529,-8.782507,-9.709423,0.262894,-0.310884,0.760521
9961,9.961000,-9.446759,-8.781911,-9.709423,0.262664,-0.321028,0.791921
9962,9.962000,-9.446983,-8.781338,-9.709423,0.262440,-0.330631,0.775321
9963,9.963000,-9.447203,-8.780789,-9.709423,0.262219,-0.339637,0.785381
9964,9.964000,-9.447418,-8.780265,-9.709423,0.262005,-0.348075,0.771702
9965,9.965000,-9.447626,-8.779765,-9.709423,0.261797,-0.355919,0.770281
9966,9.966000,-9.447829,-8.779291,-9.709423,0.261594,-0.363165,0.769281
9967,9.967000,-9.448026,-8.778844,-9.709423,0.261397,-0.369813,0.781961
9968,9.968000,-9.448216,-8.778422,-9.709423,0.261207,-0.375854,0.769962
9969,9.969000,-9.448400,-8.778028,-9.709423,0.261023,-0.381306,0.787741
9970,9.970000,-9.448576,-8.777660,-9.709423,0.260847,-0.386127,0.799771
9971,9.971000,-9.448746,-8.777319,-9.709423,0.260677,-0.390361,0.765242
9972,9.972000,-9.448909,-8.777006,-9.709423,0.260514,-0.393972,0.786381
9973,9.973000,-9.449065,-8.776720,-9.709423,0.260358,-0.396964,0.779671
9974,9.974000,-9.449212,-8.776462,-9.709423,0.260211,-0.399385,0.776431
9975,9.975000,-9.449352,-8.776231,-9.709423,0.260071,-0.401181,0.774561
9976,9.976000,-9.449485,-8.776029,-9.709423,0.259938,-0.402378,0.788990
9977,9.977000,-9.449609,-8.775855,-9.709423,0.259814,-0.402970,0.760991
9978,9.978000,-9.449726,-8.775708,-9.709423,0.259697,-0.402981,0.851930
9979,9.979000,-9.449834,-8.775588,-9.709423,0.259589,-0.402411,0.778131
9980,9.980000,-9.449935,-8.775497,-9.709423,0.259488,-0.401280,0.876430
9981,9.981000,-9.450026,-8.775432,-9.709423,0.259397,-0.399976,0.777321
9982,9.982000,-9.450110,-8.775395,-9.709423,0.259313,-0.398742,0.771831
9983,9.983000,-9.450186,-8.775385,-9.709423,0.259237,-0.396872,0.768901
9984,9.984000,-9.450252,-8.775402,-9.709423,0.259171,-0.394320,0.772762
9985,9.985000,-9.450311,-8.775446,-9.709423,0.259112,-0.391077,0.758331
9986,9.986000,-9.450362,-8.775516,-9.709423,0.259061,-0.387191,0.766711
9987,9.987000,-9.450403,-8.775611,-9.709423,0.259020,-0.382683,0.771342
9988,9.988000,-9.450437,-8.775733,-9.709423,0.258986,-0.377600,0.774681
9989,9.989000,-9.450461,-8.775880,-9.709423,0.258961,-0.371953,0.771301
9990,9.990000,-9.450479,-8.776051,-9.709423,0.258944,-0.365734,0.769921
9991,9.991000,-9.450487,-8.776247,-9.709423,0.258936,-0.359023,0.785082
9992,9.992000,-9.450488,-8.776466,-9.709423,0.258935,-0.351792,0.772531
9993,9.993000,-9.450480,-8.776708,-9.709423,0.258943,-0.344132,0.761571
9994,9.994000,-9.450465,-8.776973,-9.709423,0.258958,-0.336003,0.774861
9995,9.995000,-9.450441,-8.777260,-9.709423,0.258982,-0.327399,0.765802
9996,9.996000,-9.450410,-8.777568,-9.709423,0.259013,-0.318403,0.775541
9997,9.997000,-9.450371,-8.777897,-9.709423,0.259052,-0.308996,0.770821
9998,9.998000,-9.450325,-8.778245,-9.709423,0.259098,-0.299241,0.860781
9999,9.999000,-9.450271,-8.778613,-9.709423,0.259152,-0.289101,0.967859
