step,time_s,angle_q_deg,angle_th_deg,target_deg,error_q_deg,action_A,inference_ms
0,0.000000,-4.650385,2.725115,17.682226,-22.332611,106.894890,1.165108
1,0.001000,-4.647820,2.728087,17.682226,-22.330046,112.238373,0.898381
2,0.002000,-4.642691,2.735923,17.682226,-22.324917,112.151054,0.872752
3,0.003000,-4.634995,2.749624,17.682226,-22.317221,112.114334,1.116659
4,0.004000,-4.624731,2.769770,17.682226,-22.306957,112.115387,1.047060
5,0.005000,-4.611895,2.796718,17.682226,-22.294121,112.116791,0.836041
6,0.006000,-4.596481,2.830694,17.682226,-22.278707,112.119057,0.818471
7,0.007000,-4.578482,2.871844,17.682226,-22.260708,112.122826,0.813602
8,0.008000,-4.557890,2.920262,17.682226,-22.240116,112.130241,0.809852
9,0.009000,-4.534693,2.976006,17.682226,-22.216919,112.142540,0.810372
10,0.010000,-4.508879,3.039113,17.682226,-22.191105,112.162529,0.798752
11,0.011000,-4.480435,3.109605,17.682226,-22.162661,112.187546,0.804152
12,0.012000,-4.449344,3.187496,17.682226,-22.131570,112.215622,0.809432
13,0.013000,-4.415587,3.272791,17.682226,-22.097813,112.249657,0.807762
14,0.014000,-4.379147,3.365492,17.682226,-22.061373,112.282936,0.810302
15,0.015000,-4.340000,3.465599,17.682226,-22.022226,112.287399,0.808942
16,0.016000,-4.298125,3.573107,17.682226,-21.980351,111.789818,0.809712
17,0.017000,-4.253496,3.687982,17.682226,-21.935722,101.123367,1.034850
18,0.018000,-4.206087,3.809596,17.682226,-21.888313,65.246170,0.815012
19,0.019000,-4.155869,3.935728,17.682226,-21.838095,38.715546,0.802212
20,0.020000,-4.102813,4.064296,17.682226,-21.785039,21.849499,0.802242
21,0.021000,-4.046891,4.193873,17.682226,-21.729117,9.185375,0.827592
22,0.022000,-3.988075,4.323483,17.682226,-21.670301,2.914453,0.787712
23,0.023000,-3.926337,4.452650,17.682226,-21.608563,-1.801375,0.799592
24,0.024000,-3.861652,4.581111,17.682226,-21.543878,-7.126428,0.794663
25,0.025000,-3.793993,4.708605,17.682226,-21.476219,-13.784141,0.800072
26,0.026000,-3.723339,4.834775,17.682226,-21.405565,-21.512974,0.806262
27,0.027000,-3.649667,4.959167,17.682226,-21.331893,-30.308779,0.808122
28,0.028000,-3.572957,5.081229,17.682226,-21.255183,-37.946205,0.802392
29,0.029000,-3.493189,5.200448,17.682226,-21.175415,-46.891426,0.798232
30,0.030000,-3.410349,5.316250,17.682226,-21.092575,-56.164993,0.788302
31,0.031000,-3.324422,5.428025,17.682226,-21.006648,-64.992195,0.795642
32,0.032000,-3.235396,5.535182,17.682226,-20.917622,-73.156563,0.799182
33,0.033000,-3.143262,5.637175,17.682226,-20.825488,-79.653999,0.799252
34,0.034000,-3.048016,5.733566,17.682226,-20.730242,-85.047050,0.796412
35,0.035000,-2.949653,5.824013,17.682226,-20.631879,-91.129364,0.802722
36,0.036000,-2.848174,5.908150,17.682226,-20.530400,-93.450371,1.015749
37,0.037000,-2.743583,5.985822,17.682226,-20.425809,-93.311264,0.801601
38,0.038000,-2.635887,6.057061,17.682226,-20.318113,-92.361443,0.799622
39,0.039000,-2.525097,6.121990,17.682226,-20.207323,-91.338234,1.133589
40,0.040000,-2.411226,6.180744,17.682226,-20.093452,-89.626427,0.944200
41,0.041000,-2.294292,6.233490,17.682226,-19.976518,-87.108681,0.803282
42,0.042000,-2.174315,6.280443,17.682226,-19.856541,-84.007591,0.799802
43,0.043000,-2.051319,6.321853,17.682226,-19.733545,-80.598122,0.796982
44,0.044000,-1.925330,6.357989,17.682226,-19.607556,-77.057732,0.798322
45,0.045000,-1.796378,6.389129,17.682226,-19.478603,-72.469490,0.787672
46,0.046000,-1.664494,6.415604,17.682226,-19.346720,-66.284180,0.793722
47,0.047000,-1.529715,6.437849,17.682226,-19.211941,-59.971405,0.957460
48,0.048000,-1.392077,6.456325,17.682226,-19.074303,-54.934116,0.797762
49,0.049000,-1.251621,6.471422,17.682226,-18.933847,-50.028862,0.796732
50,0.050000,-1.108388,6.483496,17.682226,-18.790614,-45.637634,0.798222
51,0.051000,-0.962422,6.492863,17.682226,-18.644648,-41.742722,0.799972
52,0.052000,-0.813770,6.499798,17.682226,-18.495996,-38.652973,0.796842
53,0.053000,-0.662480,6.504521,17.682226,-18.344706,-36.608528,0.797272
54,0.054000,-0.508600,6.507179,17.682226,-18.190826,-34.980965,1.882931
55,0.055000,-0.352182,6.507876,17.682226,-18.034408,-33.604240,0.895911
56,0.056000,-0.193279,6.506699,17.682226,-17.875505,-32.353455,1.033620
57,0.057000,-0.031944,6.503723,17.682226,-17.714170,-31.200052,0.956960
58,0.058000,0.131766,6.499022,17.682226,-17.550460,-30.103228,0.794322
59,0.059000,0.297794,6.492666,17.682226,-17.384431,-29.177538,0.784582
60,0.060000,0.466083,6.484719,17.682226,-17.216143,-28.437418,0.782742
61,0.061000,0.636572,6.475234,17.682226,-17.045654,-27.731466,0.811502
62,0.062000,0.809199,6.464257,17.682226,-16.873027,-27.056963,0.807012
63,0.063000,0.983903,6.451838,17.682226,-16.698323,-26.429861,0.800482
64,0.064000,1.160620,6.438021,17.682226,-16.521606,-25.694567,0.797502
65,0.065000,1.339286,6.422858,17.682226,-16.342940,-24.825891,0.798352
66,0.066000,1.519833,6.406411,17.682226,-16.162393,-24.069315,0.788642
67,0.067000,1.702195,6.388738,17.682226,-15.980031,-23.433699,0.782342
68,0.068000,1.886304,6.369889,17.682226,-15.795922,-22.842262,0.779753
69,0.069000,2.072091,6.349909,17.682226,-15.610135,-22.276766,0.788802
70,0.070000,2.259486,6.328840,17.682226,-15.422740,-21.684307,0.796302
71,0.071000,2.448417,6.306726,17.682226,-15.233809,-21.222601,0.965241
72,0.072000,2.638812,6.283604,17.682226,-15.043414,-20.783991,0.793712
73,0.073000,2.830600,6.259507,17.682226,-14.851626,-20.316614,0.791292
74,0.074000,3.023705,6.234470,17.682226,-14.658521,-19.795158,0.819402
75,0.075000,3.218054,6.208531,17.682226,-14.464172,-19.223127,0.874902
76,0.076000,3.413571,6.181731,17.682226,-14.268655,-18.616377,0.791672
77,0.077000,3.610181,6.154117,17.682226,-14.072045,-17.977041,0.788672
78,0.078000,3.807807,6.125734,17.682226,-13.874419,-17.307606,0.778293
79,0.079000,4.006371,6.096632,17.682226,-13.675855,-16.563885,0.783132
80,0.080000,4.205796,6.066865,17.682226,-13.476430,-15.747224,0.783432
81,0.081000,4.406003,6.036491,17.682226,-13.276222,-14.907146,0.794422
82,0.082000,4.606915,6.005571,17.682226,-13.075311,-14.104599,0.812341
83,0.083000,4.808451,5.974164,17.682226,-12.873775,-13.200870,0.794202
84,0.084000,5.010532,5.942332,17.682226,-12.671694,-12.089990,0.807242
85,0.085000,5.213077,5.910152,17.682226,-12.469149,-10.958886,0.789302
86,0.086000,5.416007,5.877704,17.682226,-12.266218,-9.818801,0.782172
87,0.087000,5.619242,5.845068,17.682226,-12.062984,-8.684890,0.793432
88,0.088000,5.822700,5.812325,17.682226,-11.859526,-7.552326,0.801702
89,0.089000,6.026300,5.779552,17.682226,-11.655926,-6.500803,0.982060
90,0.090000,6.229962,5.746822,17.682226,-11.452264,-5.530228,0.798512
91,0.091000,6.433605,5.714203,17.682226,-11.248621,-4.569971,0.797182
92,0.092000,6.637149,5.681758,17.682226,-11.045077,-3.540772,0.794192
93,0.093000,6.840512,5.649556,17.682226,-10.841714,-2.424552,0.952721
94,0.094000,7.043613,5.617668,17.682226,-10.638613,-1.245072,0.808122
95,0.095000,7.246374,5.586174,17.682226,-10.435852,0.056896,0.797712
96,0.096000,7.448712,5.555161,17.682226,-10.233514,1.241904,0.787032
97,0.097000,7.650550,5.524707,17.682226,-10.031676,2.305718,0.783412
98,0.098000,7.851806,5.494887,17.682226,-9.830420,3.333297,0.788392
99,0.099000,8.052403,5.465767,17.682226,-9.629823,4.300150,0.787482
100,0.100000,8.252261,5.437409,17.682226,-9.429965,5.238198,0.802662
101,0.101000,8.451304,5.409874,17.682226,-9.230922,6.133296,0.797372
102,0.102000,8.649452,5.383217,17.682226,-9.032774,6.891548,0.789422
103,0.103000,8.846630,5.357487,17.682226,-8.835596,7.585828,0.791012
104,0.104000,9.042762,5.332725,17.682226,-8.639464,8.284436,0.782772
105,0.105000,9.237770,5.308974,17.682226,-8.444456,9.262773,0.784802
106,0.106000,9.431583,5.286289,17.682226,-8.250643,10.530297,0.791932
107,0.107000,9.624124,5.264750,17.682226,-8.058102,11.863975,0.789602
108,0.108000,9.815322,5.244443,17.682226,-7.866903,13.143041,0.799731
109,0.109000,10.005104,5.225455,17.682226,-7.677122,14.452085,0.793272
110,0.110000,10.193399,5.207870,17.682226,-7.488827,15.547734,0.790712
111,0.111000,10.380136,5.191761,17.682226,-7.302090,16.549902,0.788252
112,0.112000,10.565247,5.177191,17.682226,-7.116979,17.566801,0.904981
113,0.113000,10.748664,5.164221,17.682226,-6.933562,18.571718,0.785772
114,0.114000,10.930320,5.152912,17.682226,-6.751906,19.646494,0.786392
115,0.115000,11.110148,5.143328,17.682226,-6.572078,21.536459,0.787482
116,0.116000,11.288085,5.135581,17.682226,-6.394141,23.357019,0.791513
117,0.117000,11.464068,5.129791,17.682226,-6.218158,25.298199,0.788662
118,0.118000,11.638034,5.126086,17.682226,-6.044192,27.255575,0.794662
119,0.119000,11.809924,5.124594,17.682226,-5.872302,28.989319,0.785582
120,0.120000,11.979678,5.125430,17.682226,-5.702548,30.601379,0.794072
121,0.121000,12.147240,5.128698,17.682226,-5.534986,32.279747,0.775752
122,0.122000,12.312553,5.134500,17.682226,-5.369673,33.895786,0.780112
123,0.123000,12.475564,5.142938,17.682226,-5.206662,35.332314,0.796392
124,0.124000,12.636221,5.154098,17.682226,-5.046005,36.992943,0.779452
125,0.125000,12.794473,5.168080,17.682226,-4.887753,38.513653,0.785752
126,0.126000,12.950273,5.184975,17.682226,-4.731953,39.806618,0.795292
127,0.127000,13.103571,5.204863,17.682226,-4.578655,41.197983,0.790362
128,0.128000,13.254325,5.227825,17.682226,-4.427901,42.734783,0.781552
129,0.129000,13.402492,5.253948,17.682226,-4.279734,43.981632,0.773373
130,0.130000,13.548030,5.283308,17.682226,-4.134196,45.349899,0.778902
131,0.131000,13.690902,5.315985,17.682226,-3.991324,46.956585,0.850612
132,0.132000,13.831070,5.352071,17.682226,-3.851156,48.364441,0.790382
133,0.133000,13.968499,5.391651,17.682226,-3.713727,49.489391,0.783512
134,0.134000,14.103159,5.434793,17.682226,-3.579067,50.434628,0.789142
135,0.135000,14.235019,5.481547,17.682226,-3.447207,51.105209,0.786182
136,0.136000,14.364050,5.531947,17.682226,-3.318176,51.383232,0.779012
137,0.137000,14.490229,5.585998,17.682226,-3.191997,51.322994,0.771552
138,0.138000,14.613531,5.643679,17.682226,-3.068695,51.100742,0.783722
139,0.139000,14.733936,5.704958,17.682226,-2.948290,50.734325,0.774672
140,0.140000,14.851425,5.769789,17.682226,-2.830801,50.433754,0.784912
141,0.141000,14.965981,5.838134,17.682226,-2.716245,50.140533,0.785852
142,0.142000,15.077593,5.909953,17.682226,-2.604633,49.686867,0.780013
143,0.143000,15.186244,5.985202,17.682226,-2.495982,48.979309,0.784722
144,0.144000,15.291930,6.063820,17.682226,-2.390296,48.437984,0.773012
145,0.145000,15.394640,6.145752,17.682226,-2.287586,48.108410,0.772522
146,0.146000,15.494371,6.230960,17.682226,-2.187855,48.189491,0.890441
147,0.147000,15.591119,6.319432,17.682226,-2.091107,48.422947,0.782782
148,0.148000,15.684884,6.411172,17.682226,-1.997342,48.425350,0.781532
149,0.149000,15.775667,6.506175,17.682226,-1.906559,47.796844,0.790312
150,0.150000,15.863473,6.604396,17.682226,-1.818753,46.822937,0.854012
151,0.151000,15.948306,6.705760,17.682226,-1.733920,45.445084,0.790812
152,0.152000,16.030174,6.810160,17.682226,-1.652052,43.727253,0.778842
153,0.153000,16.109090,6.917466,17.682226,-1.573136,42.417007,0.771672
154,0.154000,16.185062,7.027563,17.682226,-1.497164,41.443169,0.774852
155,0.155000,16.258109,7.140366,17.682226,-1.424117,40.442997,0.787253
156,0.156000,16.328243,7.255797,17.682226,-1.353983,39.358231,0.781872
157,0.157000,16.395485,7.373771,17.682226,-1.286741,38.034748,0.789552
158,0.158000,16.459854,7.494193,17.682226,-1.222372,36.376606,0.799792
159,0.159000,16.521372,7.616943,17.682226,-1.160854,34.439293,0.777692
160,0.160000,16.580062,7.741880,17.682226,-1.102164,32.871872,0.788072
161,0.161000,16.635952,7.868880,17.682226,-1.046274,31.546717,0.776292
162,0.162000,16.689067,7.997838,17.682226,-0.993159,30.596085,0.774552
163,0.163000,16.739434,8.128678,17.682226,-0.942792,29.885008,0.779872
164,0.164000,16.787089,8.261344,17.682226,-0.895137,29.061968,0.782132
165,0.165000,16.832059,8.395778,17.682226,-0.850167,28.110498,0.932680
166,0.166000,16.874380,8.531912,17.682226,-0.807846,26.974899,0.786282
167,0.167000,16.914086,8.669667,17.682226,-0.768140,25.674923,0.779322
168,0.168000,16.951215,8.808948,17.682226,-0.731011,24.271101,0.774133
169,0.169000,16.985803,8.949652,17.682226,-0.696423,22.891361,0.909201
170,0.170000,17.017893,9.091677,17.682226,-0.664333,21.764454,0.771982
171,0.171000,17.047520,9.234934,17.682226,-0.634706,20.873240,0.777023
172,0.172000,17.074732,9.379353,17.682226,-0.607494,19.916937,0.781042
173,0.173000,17.099570,9.524866,17.682226,-0.582656,18.947874,0.783762
174,0.174000,17.122077,9.671404,17.682226,-0.560149,18.081869,0.783273
175,0.175000,17.142299,9.818900,17.682226,-0.539926,17.137701,0.780422
176,0.176000,17.160285,9.967288,17.682226,-0.521941,16.093647,0.774942
177,0.177000,17.176080,10.116495,17.682226,-0.506146,14.996940,0.770933
178,0.178000,17.189735,10.266439,17.682226,-0.492491,13.923736,0.775902
179,0.179000,17.201300,10.417044,17.682226,-0.480926,12.890561,0.780703
180,0.180000,17.210825,10.568232,17.682226,-0.471401,11.920360,0.788112
181,0.181000,17.218360,10.719933,17.682226,-0.463865,10.932750,0.778632
182,0.182000,17.223961,10.872076,17.682226,-0.458265,9.933713,0.787382
183,0.183000,17.227680,11.024588,17.682226,-0.454546,9.078036,0.776862
184,0.184000,17.229571,11.177407,17.682226,-0.452655,8.248940,0.945741
185,0.185000,17.229688,11.330474,17.682226,-0.452538,7.376024,0.771172
186,0.186000,17.228087,11.483726,17.682226,-0.454139,6.436185,0.767862
187,0.187000,17.224825,11.637100,17.682226,-0.457401,5.460195,0.777482
188,0.188000,17.219960,11.790525,17.682226,-0.462265,4.689612,0.777233
189,0.189000,17.213547,11.943946,17.682226,-0.468679,3.984149,0.862231
190,0.190000,17.205646,12.097309,17.682226,-0.476580,3.261360,0.781153
191,0.191000,17.196313,12.250567,17.682226,-0.485913,2.474279,0.770962
192,0.192000,17.185610,12.403665,17.682226,-0.496616,1.515190,0.771602
193,0.193000,17.173594,12.556538,17.682226,-0.508632,0.400790,0.764222
194,0.194000,17.160324,12.709111,17.682226,-0.521902,-0.704434,0.790012
195,0.195000,17.145863,12.861304,17.682226,-0.536363,-1.539935,0.773432
196,0.196000,17.130270,13.013056,17.682226,-0.551956,-2.414472,0.788972
197,0.197000,17.113602,13.164304,17.682226,-0.568623,-3.569062,0.775633
198,0.198000,17.095926,13.314977,17.682226,-0.586300,-4.844873,0.774192
199,0.199000,17.077298,13.464984,17.682226,-0.604928,-5.975185,0.779962
200,0.200000,17.057781,13.614246,17.682226,-0.624445,-7.152550,0.764372
201,0.201000,17.037436,13.762683,17.682226,-0.644790,-8.359132,0.773502
202,0.202000,17.016320,13.910213,17.682226,-0.665906,-9.592673,0.774442
203,0.203000,16.994499,14.056752,17.682226,-0.687727,-10.810785,0.778872
204,0.204000,16.972033,14.202218,17.682226,-0.710193,-12.050527,0.867492
205,0.205000,16.948980,14.346527,17.682226,-0.733246,-13.736321,0.777732
206,0.206000,16.925400,14.489572,17.682226,-0.756826,-15.434801,0.765763
207,0.207000,16.901356,14.631235,17.682226,-0.780870,-17.170492,0.762672
208,0.208000,16.876906,14.771399,17.682226,-0.805320,-18.763922,0.971741
209,0.209000,16.852109,14.909955,17.682226,-0.830117,-20.279188,0.767962
210,0.210000,16.827025,15.046801,17.682226,-0.855201,-22.046997,0.773883
211,0.211000,16.801710,15.181820,17.682226,-0.880516,-23.940208,0.772762
212,0.212000,16.776224,15.314891,17.682226,-0.906002,-25.920210,0.773713
213,0.213000,16.750624,15.445880,17.682226,-0.931602,-27.774748,0.783702
214,0.214000,16.724965,15.574665,17.682226,-0.957261,-29.532686,0.785432
215,0.215000,16.699302,15.701128,17.682226,-0.982924,-31.161266,0.770973
216,0.216000,16.673692,15.825162,17.682226,-1.008534,-32.765945,0.766152
217,0.217000,16.648187,15.946665,17.682226,-1.034039,-34.323792,0.775013
218,0.218000,16.622840,16.065537,17.682226,-1.059386,-35.810333,0.775992
219,0.219000,16.597705,16.181685,17.682226,-1.084521,-37.274368,0.781752
220,0.220000,16.572829,16.295016,17.682226,-1.109397,-38.675117,0.795082
221,0.221000,16.548264,16.405445,17.682226,-1.133962,-40.194477,0.781072
222,0.222000,16.524058,16.512877,17.682226,-1.158168,-41.981743,0.783202
223,0.223000,16.500258,16.617203,17.682226,-1.181968,-43.784134,0.869491
224,0.224000,16.476911,16.718307,17.682226,-1.205315,-45.495193,0.767672
225,0.225000,16.454062,16.816076,17.682226,-1.228164,-47.248089,0.778022
226,0.226000,16.431753,16.910401,17.682226,-1.250473,-49.038872,0.769872
227,0.227000,16.410025,17.001169,17.682226,-1.272201,-50.795853,0.788812
228,0.228000,16.388921,17.088266,17.682226,-1.293305,-52.258904,0.779062
229,0.229000,16.368478,17.171601,17.682226,-1.313748,-53.867359,0.773853
230,0.230000,16.348734,17.251075,17.682226,-1.333492,-55.666557,0.769212
231,0.231000,16.329724,17.326580,17.682226,-1.352502,-57.463890,0.768952
232,0.232000,16.311482,17.398003,17.682226,-1.370744,-59.112526,0.771312
233,0.233000,16.294040,17.465241,17.682226,-1.388186,-60.649925,0.789632
234,0.234000,16.277430,17.528200,17.682226,-1.404796,-61.934696,0.784693
235,0.235000,16.261678,17.586798,17.682226,-1.420548,-62.735428,0.785062
236,0.236000,16.246812,17.640994,17.682226,-1.435414,-63.025177,0.780352
237,0.237000,16.232858,17.690774,17.682226,-1.449368,-63.074326,0.776543
238,0.238000,16.219836,17.736155,17.682226,-1.462390,-62.893112,0.760512
239,0.239000,16.207769,17.777164,17.682226,-1.474457,-62.594448,0.767532
240,0.240000,16.196675,17.813840,17.682226,-1.485551,-62.190800,0.771522
241,0.241000,16.186573,17.846229,17.682226,-1.495653,-61.697563,0.775253
242,0.242000,16.177476,17.874380,17.682226,-1.504750,-60.993137,0.786462
243,0.243000,16.169397,17.898352,17.682226,-1.512829,-60.032150,0.785802
244,0.244000,16.162350,17.918224,17.682226,-1.519876,-58.823662,0.763462
245,0.245000,16.156343,17.934093,17.682226,-1.525883,-57.848633,0.762802
246,0.246000,16.151384,17.946040,17.682226,-1.530842,-56.433292,0.917171
247,0.247000,16.147477,17.954172,17.682226,-1.534749,-54.579704,0.776862
248,0.248000,16.144631,17.958622,17.682226,-1.537595,-52.466728,0.785252
249,0.249000,16.142845,17.959544,17.682226,-1.539381,-50.888851,0.777293
250,0.250000,16.142119,17.957069,17.682226,-1.540107,-49.582443,0.779932
251,0.251000,16.142457,17.951301,17.682226,-1.539769,-47.988258,0.782582
252,0.252000,16.143852,17.942352,17.682226,-1.538374,-46.194355,0.767982
253,0.253000,16.146303,17.930346,17.682226,-1.535923,-44.389603,0.765783
254,0.254000,16.149803,17.915419,17.682226,-1.532423,-43.220406,0.794132
255,0.255000,16.154347,17.897660,17.682226,-1.527879,-42.529205,0.771562
256,0.256000,16.159927,17.877131,17.682226,-1.522299,-41.867542,0.777283
257,0.257000,16.166532,17.853874,17.682226,-1.515694,-41.143654,0.777862
258,0.258000,16.174153,17.827939,17.682226,-1.508073,-40.428055,0.771863
259,0.259000,16.182777,17.799379,17.682226,-1.499449,-39.888405,0.772942
260,0.260000,16.192391,17.768232,17.682226,-1.489835,-39.061314,0.766522
261,0.261000,16.202981,17.734557,17.682226,-1.479245,-38.232071,0.865281
262,0.262000,16.214529,17.698413,17.682226,-1.467697,-37.394688,0.773293
263,0.263000,16.227022,17.659864,17.682226,-1.455204,-36.477036,0.774682
264,0.264000,16.240438,17.618975,17.682226,-1.441788,-35.264168,0.774102
265,0.265000,16.254757,17.575836,17.682226,-1.427469,-33.985180,0.976460
266,0.266000,16.269963,17.530538,17.682226,-1.412263,-32.559967,0.786822
267,0.267000,16.286031,17.483184,17.682226,-1.396195,-31.144854,0.770343
268,0.268000,16.302939,17.433880,17.682226,-1.379287,-29.742804,0.770562
269,0.269000,16.320662,17.382729,17.682226,-1.361564,-28.369665,0.762423
270,0.270000,16.339179,17.329829,17.682226,-1.343047,-27.312649,0.773862
271,0.271000,16.358460,17.275263,17.682226,-1.323766,-26.138586,0.777312
272,0.272000,16.378481,17.219110,17.682226,-1.303745,-24.873064,0.779492
273,0.273000,16.399216,17.161458,17.682226,-1.283010,-23.420324,0.775942
274,0.274000,16.420635,17.102409,17.682226,-1.261591,-21.905863,0.774642
275,0.275000,16.442709,17.042068,17.682226,-1.239517,-20.335394,0.765552
276,0.276000,16.465411,16.980545,17.682226,-1.216815,-18.646925,0.763753
277,0.277000,16.488708,16.917959,17.682226,-1.193518,-17.308891,0.778272
278,0.278000,16.512571,16.854409,17.682226,-1.169655,-16.147295,0.772933
279,0.279000,16.536969,16.789976,17.682226,-1.145257,-14.922261,0.785752
280,0.280000,16.561868,16.724746,17.682226,-1.120358,-13.739362,0.941451
281,0.281000,16.587239,16.658799,17.682226,-1.094987,-12.452006,0.793212
282,0.282000,16.613049,16.592218,17.682226,-1.069177,-11.183778,0.786632
283,0.283000,16.639263,16.525095,17.682226,-1.042963,-9.934529,0.777882
284,0.284000,16.665848,16.457510,17.682226,-1.016378,-8.733778,0.992490
285,0.285000,16.692772,16.389549,17.682226,-0.989454,-7.428051,0.775033
286,0.286000,16.720001,16.321301,17.682226,-0.962225,-6.076193,0.769972
287,0.287000,16.747497,16.252855,17.682226,-0.934728,-4.686303,0.768513
288,0.288000,16.775233,16.184306,17.682226,-0.906993,-3.333110,0.773252
289,0.289000,16.803169,16.115748,17.682226,-0.879057,-1.913222,0.774262
290,0.290000,16.831271,16.047277,17.682226,-0.850954,-0.492307,0.772612
291,0.291000,16.859507,15.978987,17.682226,-0.822718,1.021976,0.782942
292,0.292000,16.887843,15.910982,17.682226,-0.794383,2.358103,0.764422
293,0.293000,16.916241,15.843353,17.682226,-0.765985,3.509392,0.771222
294,0.294000,16.944668,15.776181,17.682226,-0.737558,4.633462,0.781183
295,0.295000,16.973092,15.709536,17.682226,-0.709134,5.759106,0.796912
296,0.296000,17.001478,15.643495,17.682226,-0.680748,6.883346,0.771372
297,0.297000,17.029791,15.578126,17.682226,-0.652435,7.996454,0.777802
298,0.298000,17.058001,15.513506,17.682226,-0.624225,9.053029,0.794392
299,0.299000,17.086072,15.449702,17.682226,-0.596154,10.141856,0.919381
300,0.300000,17.113971,15.386784,17.682226,-0.568255,11.530862,0.762613
301,0.301000,17.141666,15.324839,17.682226,-0.540560,12.926478,0.764242
302,0.302000,17.169127,15.263960,17.682226,-0.513099,14.592368,0.768433
303,0.303000,17.196321,15.204256,17.682226,-0.485905,16.447412,0.777062
304,0.304000,17.223218,15.145851,17.682226,-0.459007,18.176054,0.869721
305,0.305000,17.249786,15.088863,17.682226,-0.432440,19.757603,0.782292
306,0.306000,17.275997,15.033398,17.682226,-0.406229,21.294674,0.783782
307,0.307000,17.301822,14.979561,17.682226,-0.380404,23.308287,0.766923
308,0.308000,17.327230,14.927476,17.682226,-0.354996,25.522833,0.763002
309,0.309000,17.352196,14.877288,17.682226,-0.330030,27.616108,0.769543
310,0.310000,17.376693,14.829140,17.682226,-0.305533,29.374666,0.780892
311,0.311000,17.400694,14.783150,17.682226,-0.281532,30.947454,0.781723
312,0.312000,17.424175,14.739425,17.682226,-0.258051,32.606415,0.780992
313,0.313000,17.447112,14.698063,17.682226,-0.235114,34.086281,0.770522
314,0.314000,17.469481,14.659164,17.682226,-0.212745,35.561733,0.775612
315,0.315000,17.491262,14.622812,17.682226,-0.190964,36.797653,0.762252
316,0.316000,17.512434,14.589089,17.682226,-0.169792,37.747349,0.770512
317,0.317000,17.532978,14.558053,17.682226,-0.149248,38.485931,0.770862
318,0.318000,17.552874,14.529742,17.682226,-0.129352,39.282181,0.781282
319,0.319000,17.572108,14.504197,17.682226,-0.110118,40.031860,0.858811
320,0.320000,17.590660,14.481459,17.682226,-0.091566,40.640297,0.773262
321,0.321000,17.608518,14.461561,17.682226,-0.073708,41.187263,0.776192
322,0.322000,17.625669,14.444528,17.682226,-0.056557,41.725479,0.762572
323,0.323000,17.642100,14.430387,17.682226,-0.040126,42.424664,0.983940
324,0.324000,17.657801,14.419173,17.682226,-0.024425,43.268364,0.774262
325,0.325000,17.672761,14.410936,17.682226,-0.009465,44.127029,0.768392
326,0.326000,17.686975,14.405724,17.682226,0.004749,44.614227,0.777793
327,0.327000,17.700432,14.403568,17.682226,0.018206,44.831367,0.785742
328,0.328000,17.713131,14.404478,17.682226,0.030905,44.871914,0.778382
329,0.329000,17.725065,14.408448,17.682226,0.042839,44.705338,0.770053
330,0.330000,17.736232,14.415454,17.682226,0.054006,44.237625,0.778162
331,0.331000,17.746633,14.425459,17.682226,0.064407,43.392857,0.762193
332,0.332000,17.756265,14.438393,17.682226,0.074039,42.161751,0.778982
333,0.333000,17.765131,14.454166,17.682226,0.082905,40.765953,0.771033
334,0.334000,17.773233,14.472667,17.682226,0.091007,38.884125,0.773702
335,0.335000,17.780576,14.493759,17.682226,0.098350,36.289623,0.791792
336,0.336000,17.787163,14.517260,17.682226,0.104937,33.544361,0.779233
337,0.337000,17.793005,14.542965,17.682226,0.110779,31.319860,0.763562
338,0.338000,17.798104,14.570706,17.682226,0.115878,29.293690,0.908401
339,0.339000,17.802471,14.600327,17.682226,0.120245,27.482761,0.767203
340,0.340000,17.806115,14.631700,17.682226,0.123889,25.612656,0.767992
341,0.341000,17.809045,14.664694,17.682226,0.126820,23.677526,0.783193
342,0.342000,17.811276,14.699178,17.682226,0.129050,21.440771,0.783602
343,0.343000,17.812814,14.735001,17.682226,0.130588,19.568068,0.783112
344,0.344000,17.813675,14.772027,17.682226,0.131449,18.491890,0.771213
345,0.345000,17.813873,14.810174,17.682226,0.131647,17.425756,0.765972
346,0.346000,17.813419,14.849369,17.682226,0.131193,16.404646,0.768653
347,0.347000,17.812329,14.889549,17.682226,0.130103,15.479775,0.778942
348,0.348000,17.810616,14.930652,17.682226,0.128390,14.594516,0.772543
349,0.349000,17.808299,14.972622,17.682226,0.126073,13.878486,0.815002
350,0.350000,17.805393,15.015408,17.682226,0.123167,13.158810,0.778692
351,0.351000,17.801913,15.058965,17.682226,0.119687,12.416474,0.772702
352,0.352000,17.797876,15.103244,17.682226,0.115650,11.696700,0.768622
353,0.353000,17.793302,15.148195,17.682226,0.111076,11.047348,0.769592
354,0.354000,17.788207,15.193773,17.682226,0.105981,10.375628,0.771962
355,0.355000,17.782609,15.239935,17.682226,0.100383,9.820464,0.771802
356,0.356000,17.776527,15.286638,17.682226,0.094301,9.093818,0.776322
357,0.357000,17.769980,15.333836,17.682226,0.087754,8.263778,0.778952
358,0.358000,17.762988,15.381473,17.682226,0.080762,7.446140,0.772683
359,0.359000,17.755570,15.429493,17.682226,0.073344,6.667170,0.765812
360,0.360000,17.747748,15.477837,17.682226,0.065522,5.892954,0.767252
361,0.361000,17.739538,15.526454,17.682226,0.057312,5.110929,0.883001
362,0.362000,17.730964,15.575288,17.682226,0.048739,4.293041,0.779602
363,0.363000,17.722048,15.624287,17.682226,0.039822,3.373931,0.786742
364,0.364000,17.712805,15.673382,17.682226,0.030579,2.591909,0.769952
365,0.365000,17.703261,15.722523,17.682226,0.021035,1.941010,0.778182
366,0.366000,17.693436,15.771662,17.682226,0.011210,1.283047,0.772622
367,0.367000,17.683351,15.820755,17.682226,0.001125,0.608323,0.770923
368,0.368000,17.673026,15.869758,17.682226,-0.009200,-0.022911,0.773262
369,0.369000,17.662483,15.918628,17.682226,-0.019743,-0.608674,0.772293
370,0.370000,17.651746,15.967328,17.682226,-0.030480,-1.212634,0.773182
371,0.371000,17.640833,16.015813,17.682226,-0.041393,-1.830249,0.789782
372,0.372000,17.629767,16.064048,17.682226,-0.052459,-2.474758,0.777352
373,0.373000,17.618567,16.111989,17.682226,-0.063659,-3.149135,0.778532
374,0.374000,17.607258,16.159591,17.682226,-0.074968,-3.833316,0.765963
375,0.375000,17.595858,16.206808,17.682226,-0.086368,-4.521646,0.764822
376,0.376000,17.584389,16.253593,17.682226,-0.097837,-5.160002,0.894841
377,0.377000,17.572873,16.299905,17.682226,-0.109353,-5.780437,0.775832
378,0.378000,17.561330,16.345701,17.682226,-0.120896,-6.375834,0.769332
379,0.379000,17.549778,16.390943,17.682226,-0.132448,-6.977880,0.775572
380,0.380000,17.538242,16.435592,17.682226,-0.143984,-7.596722,0.996230
381,0.381000,17.526740,16.479607,17.682226,-0.155486,-8.226171,0.777102
382,0.382000,17.515291,16.522950,17.682226,-0.166935,-8.871680,0.774052
383,0.383000,17.503917,16.565575,17.682226,-0.178309,-9.600751,0.760113
384,0.384000,17.492634,16.607439,17.682226,-0.189592,-10.343806,0.768272
385,0.385000,17.481464,16.648492,17.682226,-0.200761,-11.066663,0.776342
386,0.386000,17.470423,16.688684,17.682226,-0.211802,-11.749440,0.774402
387,0.387000,17.459533,16.727973,17.682226,-0.222693,-12.602005,0.786832
388,0.388000,17.448809,16.766304,17.682226,-0.233417,-13.425501,0.785092
389,0.389000,17.438270,16.803621,17.682226,-0.243956,-14.155986,0.770172
390,0.390000,17.427933,16.839879,17.682226,-0.254293,-14.780110,0.764923
391,0.391000,17.417814,16.875034,17.682226,-0.264412,-15.265143,0.766322
392,0.392000,17.407929,16.909055,17.682226,-0.274297,-15.731328,0.768032
393,0.393000,17.398295,16.941917,17.682226,-0.283931,-16.199783,0.768922
394,0.394000,17.388927,16.973592,17.682226,-0.293299,-16.633200,0.781682
395,0.395000,17.379838,17.004055,17.682226,-0.302388,-16.979502,0.952900
396,0.396000,17.371044,17.033286,17.682226,-0.311182,-17.335497,0.778952
397,0.397000,17.362559,17.061266,17.682226,-0.319667,-17.719852,0.772902
398,0.398000,17.354394,17.087972,17.682226,-0.327832,-18.113708,0.768552
399,0.399000,17.346563,17.113384,17.682226,-0.335663,-18.505239,0.987161
400,0.400000,17.339077,17.137477,17.682226,-0.343149,-18.874929,0.769252
401,0.401000,17.331948,17.160232,17.682226,-0.350278,-19.241907,0.761923
402,0.402000,17.325186,17.181626,17.682226,-0.357040,-19.591387,0.771562
403,0.403000,17.318804,17.201638,17.682226,-0.363422,-19.886406,0.778212
404,0.404000,17.312807,17.220252,17.682226,-0.369419,-20.161856,0.775222
405,0.405000,17.307204,17.237454,17.682226,-0.375022,-20.442923,0.776992
406,0.406000,17.302008,17.253230,17.682226,-0.380218,-20.690584,0.774982
407,0.407000,17.297222,17.267567,17.682226,-0.385004,-20.908064,0.777062
408,0.408000,17.292854,17.280452,17.682226,-0.389372,-21.015947,0.776563
409,0.409000,17.288911,17.291882,17.682226,-0.393315,-21.090612,0.781432
410,0.410000,17.285399,17.301858,17.682226,-0.396827,-21.169456,0.784902
411,0.411000,17.282320,17.310378,17.682226,-0.399906,-21.187601,0.782933
412,0.412000,17.279680,17.317446,17.682226,-0.402546,-21.242769,0.769002
413,0.413000,17.277484,17.323062,17.682226,-0.404742,-21.276644,0.775433
414,0.414000,17.275732,17.327230,17.682226,-0.406494,-21.275248,0.937260
415,0.415000,17.274428,17.329954,17.682226,-0.407798,-21.228045,0.769832
416,0.416000,17.273572,17.331240,17.682226,-0.408654,-21.088932,0.766942
417,0.417000,17.273166,17.331101,17.682226,-0.409060,-20.849649,0.785852
418,0.418000,17.273209,17.329558,17.682226,-0.409017,-20.561131,0.981150
419,0.419000,17.273700,17.326633,17.682226,-0.408526,-20.223944,0.769053
420,0.420000,17.274641,17.322355,17.682226,-0.407585,-19.863111,0.772842
421,0.421000,17.276028,17.316753,17.682226,-0.406198,-19.616629,0.776932
422,0.422000,17.277857,17.309853,17.682226,-0.404369,-19.409414,0.775432
423,0.423000,17.280126,17.301668,17.682226,-0.402100,-19.151430,0.772433
424,0.424000,17.282832,17.292222,17.682226,-0.399394,-18.925493,0.761812
425,0.425000,17.285969,17.281531,17.682226,-0.396257,-18.715580,0.777402
426,0.426000,17.289534,17.269616,17.682226,-0.392691,-18.477121,0.780422
427,0.427000,17.293522,17.256493,17.682226,-0.388704,-18.397673,0.782082
428,0.428000,17.297924,17.242172,17.682226,-0.384302,-18.547436,0.772553
429,0.429000,17.302736,17.226649,17.682226,-0.379490,-18.546373,0.772992
430,0.430000,17.307949,17.209923,17.682226,-0.374277,-18.398638,0.765133
431,0.431000,17.313555,17.192003,17.682226,-0.368671,-18.102852,0.766622
432,0.432000,17.319546,17.172909,17.682226,-0.362680,-17.741899,0.784512
433,0.433000,17.325915,17.152673,17.682226,-0.356310,-17.314188,0.960440
434,0.434000,17.332650,17.131323,17.682226,-0.349576,-16.851366,0.775682
435,0.435000,17.339741,17.108900,17.682226,-0.342484,-16.334272,0.772282
436,0.436000,17.347180,17.085438,17.682226,-0.335046,-15.850521,0.775202
437,0.437000,17.354952,17.060978,17.682226,-0.327274,-15.418893,0.785422
438,0.438000,17.363048,17.035550,17.682226,-0.319178,-14.945449,0.866921
439,0.439000,17.371456,17.009193,17.682226,-0.310770,-14.428613,0.757882
440,0.440000,17.380163,16.981942,17.682226,-0.302063,-13.905555,0.768082
441,0.441000,17.389156,16.953834,17.682226,-0.293070,-13.361257,0.923680
442,0.442000,17.398423,16.924910,17.682226,-0.283803,-12.809123,0.772533
443,0.443000,17.407948,16.895209,17.682226,-0.274278,-12.251779,0.777452
444,0.444000,17.417720,16.864770,17.682226,-0.264506,-11.692830,0.787103
445,0.445000,17.427721,16.833635,17.682226,-0.254505,-11.095132,0.770752
446,0.446000,17.437939,16.801845,17.682226,-0.244287,-10.486783,0.778453
447,0.447000,17.448359,16.769443,17.682226,-0.233867,-9.879769,0.765342
448,0.448000,17.458964,16.736472,17.682226,-0.223262,-9.261651,0.765942
449,0.449000,17.469739,16.702973,17.682226,-0.212487,-8.677262,0.771462
450,0.450000,17.480669,16.668993,17.682226,-0.201557,-8.117579,0.771182
451,0.451000,17.491737,16.634565,17.682226,-0.190489,-7.528054,0.778672
452,0.452000,17.502928,16.599733,17.682226,-0.179298,-6.869159,0.959680
453,0.453000,17.514224,16.564542,17.682226,-0.168002,-6.178516,0.781092
454,0.454000,17.525608,16.529037,17.682226,-0.156618,-5.457890,0.791482
455,0.455000,17.537066,16.493269,17.682226,-0.145160,-4.701356,0.774602
456,0.456000,17.548578,16.457291,17.682226,-0.133648,-3.892898,0.988580
457,0.457000,17.560128,16.421156,17.682226,-0.122098,-3.042700,0.772682
458,0.458000,17.571700,16.384924,17.682226,-0.110526,-2.189342,0.766863
459,0.459000,17.583277,16.348652,17.682226,-0.098949,-1.396791,0.771872
460,0.460000,17.594839,16.312397,17.682226,-0.087387,-0.645464,0.770513
461,0.461000,17.606373,16.276209,17.682226,-0.075853,0.087170,0.774152
462,0.462000,17.617858,16.240137,17.682226,-0.064368,0.898443,0.767863
463,0.463000,17.629280,16.204238,17.682226,-0.052946,1.710915,0.786822
464,0.464000,17.640622,16.168560,17.682226,-0.041604,2.468666,0.761073
465,0.465000,17.651864,16.133158,17.682226,-0.030362,3.234174,0.771562
466,0.466000,17.662992,16.098083,17.682226,-0.019234,4.059405,0.769412
467,0.467000,17.673989,16.063386,17.682226,-0.008237,4.893791,0.778532
468,0.468000,17.684838,16.029126,17.682226,0.002613,5.744534,0.772082
469,0.469000,17.695524,15.995355,17.682226,0.013298,6.580508,0.776732
470,0.470000,17.706031,15.962133,17.682226,0.023805,7.392781,0.768442
471,0.471000,17.716341,15.929511,17.682226,0.034115,8.132852,0.770123
472,0.472000,17.726441,15.897537,17.682226,0.044215,8.790354,0.863701
473,0.473000,17.736316,15.866256,17.682226,0.054090,9.544312,0.772112
474,0.474000,17.745952,15.835717,17.682226,0.063726,10.315040,0.774632
475,0.475000,17.755331,15.805964,17.682226,0.073105,11.235426,0.786183
476,0.476000,17.764443,15.777059,17.682226,0.082217,12.359933,0.875821
477,0.477000,17.773271,15.749072,17.682226,0.091045,13.570064,0.779652
478,0.478000,17.781805,15.722086,17.682226,0.099579,14.869479,0.776272
479,0.479000,17.790030,15.696186,17.682226,0.107804,16.123526,0.764093
480,0.480000,17.797934,15.671458,17.682226,0.115709,17.268747,0.773132
481,0.481000,17.805507,15.647979,17.682226,0.123281,18.529545,0.782362
482,0.482000,17.812735,15.625830,17.682226,0.130510,19.733923,0.791272
483,0.483000,17.819612,15.605092,17.682226,0.137386,20.838587,0.789702
484,0.484000,17.826124,15.585836,17.682226,0.143898,21.771622,0.782822
485,0.485000,17.832263,15.568122,17.682226,0.150037,23.047718,0.769633
486,0.486000,17.838021,15.552028,17.682226,0.155795,24.441778,0.763032
487,0.487000,17.843389,15.537642,17.682226,0.161163,25.702654,0.768973
488,0.488000,17.848363,15.525051,17.682226,0.166138,26.533962,0.772562
489,0.489000,17.852933,15.514307,17.682226,0.170707,27.019474,0.776293
490,0.490000,17.857096,15.505443,17.682226,0.174870,27.244383,0.778262
491,0.491000,17.860846,15.498466,17.682226,0.178620,27.297728,0.913531
492,0.492000,17.864179,15.493372,17.682226,0.181953,26.778454,0.778013
493,0.493000,17.867092,15.490121,17.682226,0.184866,26.114016,0.773922
494,0.494000,17.869585,15.488656,17.682226,0.187359,25.385120,0.766192
495,0.495000,17.871654,15.488916,17.682226,0.189428,24.491350,0.777052
496,0.496000,17.873300,15.490828,17.682226,0.191075,23.580103,0.770942
497,0.497000,17.874523,15.494323,17.682226,0.192297,22.803976,0.772382
498,0.498000,17.875324,15.499338,17.682226,0.193098,22.474363,0.778262
499,0.499000,17.875703,15.505837,17.682226,0.193477,22.457178,0.775822
500,0.500000,17.875664,15.513817,-19.247459,37.123123,-109.869255,0.768722
501,0.501000,17.875208,15.515690,-19.247459,37.122667,-110.191437,0.766653
502,0.502000,17.874337,15.509481,-19.247459,37.121796,-110.189209,0.781382
503,0.503000,17.873051,15.494913,-19.247459,37.120511,-110.185120,0.767173
504,0.504000,17.871342,15.472147,-19.247459,37.118801,-110.181030,0.777662
505,0.505000,17.869202,15.441420,-19.247459,37.116662,-110.166283,0.780043
506,0.506000,17.866624,15.402927,-19.247459,37.114083,-110.134224,0.768632
507,0.507000,17.863593,15.356820,-19.247459,37.111053,-110.069527,0.777682
508,0.508000,17.860093,15.303210,-19.247459,37.107552,-109.960976,0.762252
509,0.509000,17.856105,15.242184,-19.247459,37.103565,-109.774437,0.769722
510,0.510000,17.851610,15.173810,-19.247459,37.099069,-109.400948,0.769222
511,0.511000,17.846584,15.098157,-19.247459,37.094044,-108.654228,0.773303
512,0.512000,17.841001,15.015305,-19.247459,37.088460,-107.270409,0.776372
513,0.513000,17.834831,14.925370,-19.247459,37.082291,-104.516388,0.765882
514,0.514000,17.828047,14.828554,-19.247459,37.075506,-99.217842,0.911711
515,0.515000,17.820612,14.725220,-19.247459,37.068072,-89.966560,0.761092
516,0.516000,17.812495,14.615995,-19.247459,37.059954,-75.326149,0.766353
517,0.517000,17.803656,14.501876,-19.247459,37.051116,-60.816593,0.768502
518,0.518000,17.794060,14.383926,-19.247459,37.041519,-55.126595,0.775353
519,0.519000,17.783663,14.262705,-19.247459,37.031122,-50.487595,0.772872
520,0.520000,17.772427,14.138557,-19.247459,37.019887,-46.431564,0.775372
521,0.521000,17.760310,14.011742,-19.247459,37.007770,-43.372856,0.787282
522,0.522000,17.747270,13.882443,-19.247459,36.994729,-41.338814,0.767802
523,0.523000,17.733266,13.750777,-19.247459,36.980726,-39.569908,0.769253
524,0.524000,17.718252,13.616832,-19.247459,36.965711,-37.888062,0.775842
525,0.525000,17.702187,13.480694,-19.247459,36.949647,-36.284431,0.785442
526,0.526000,17.685025,13.342452,-19.247459,36.932484,-34.713768,0.773712
527,0.527000,17.666723,13.202193,-19.247459,36.914183,-33.380737,0.772282
528,0.528000,17.647235,13.060000,-19.247459,36.894694,-32.238838,0.776942
529,0.529000,17.626517,12.915944,-19.247459,36.873977,-31.067400,0.934471
530,0.530000,17.604524,12.770094,-19.247459,36.851983,-29.880222,0.775902
531,0.531000,17.581207,12.622524,-19.247459,36.828667,-28.678516,0.780412
532,0.532000,17.556527,12.473313,-19.247459,36.803986,-27.479530,0.776232
533,0.533000,17.530430,12.322536,-19.247459,36.777890,-26.325850,0.994780
534,0.534000,17.502877,12.170272,-19.247459,36.750337,-25.329742,0.783032
535,0.535000,17.473818,12.016587,-19.247459,36.721278,-24.634165,0.778012
536,0.536000,17.443209,11.861528,-19.247459,36.690668,-23.828032,0.776292
537,0.537000,17.411001,11.705146,-19.247459,36.658460,-23.117893,0.778283
538,0.538000,17.377152,11.547485,-19.247459,36.624612,-22.456358,0.769422
539,0.539000,17.341613,11.388587,-19.247459,36.589072,-21.816389,0.765043
540,0.540000,17.304341,11.228493,-19.247459,36.551800,-21.289194,0.785302
541,0.541000,17.265287,11.067235,-19.247459,36.512747,-20.844194,0.783353
542,0.542000,17.224410,10.904841,-19.247459,36.471870,-20.446074,0.776182
543,0.543000,17.181662,10.741336,-19.247459,36.429121,-20.062830,0.795202
544,0.544000,17.136998,10.576741,-19.247459,36.384457,-19.700644,0.792603
545,0.545000,17.090375,10.411078,-19.247459,36.337834,-19.339144,0.784222
546,0.546000,17.041745,10.244368,-19.247459,36.289205,-19.030067,0.766072
547,0.547000,16.991069,10.076628,-19.247459,36.238528,-18.771875,0.772453
548,0.548000,16.938299,9.907876,-19.247459,36.185758,-18.513927,0.904361
549,0.549000,16.883394,9.738123,-19.247459,36.130854,-18.244005,0.774832
550,0.550000,16.826311,9.567387,-19.247459,36.073770,-17.968307,0.775312
551,0.551000,16.767005,9.395681,-19.247459,36.014464,-17.696995,0.790942
552,0.552000,16.705435,9.223021,-19.247459,35.952895,-17.424606,0.835762
553,0.553000,16.641560,9.049424,-19.247459,35.889019,-17.152044,0.794372
554,0.554000,16.575337,8.874905,-19.247459,35.822797,-16.884520,0.778072
555,0.555000,16.506726,8.699480,-19.247459,35.754186,-16.617941,0.763452
556,0.556000,16.435687,8.523163,-19.247459,35.683147,-16.378153,0.773263
557,0.557000,16.362181,8.345967,-19.247459,35.609640,-16.148554,0.778822
558,0.558000,16.286164,8.167906,-19.247459,35.533624,-15.926512,0.775612
559,0.559000,16.207600,7.988990,-19.247459,35.455059,-15.715136,0.781322
560,0.560000,16.126452,7.809232,-19.247459,35.373912,-15.500750,0.786522
561,0.561000,16.042680,7.628641,-19.247459,35.290139,-15.264108,0.769012
562,0.562000,15.956247,7.447230,-19.247459,35.203707,-15.022344,0.765372
563,0.563000,15.867119,7.265013,-19.247459,35.114578,-14.774175,0.780362
564,0.564000,15.775256,7.082000,-19.247459,35.022715,-14.485984,0.772052
565,0.565000,15.680624,6.898209,-19.247459,34.928083,-14.186494,0.781132
566,0.566000,15.583189,6.713657,-19.247459,34.830649,-13.874633,0.780443
567,0.567000,15.482919,6.528359,-19.247459,34.730378,-13.558057,0.769042
568,0.568000,15.379776,6.342335,-19.247459,34.627235,-13.236934,0.862152
569,0.569000,15.273730,6.155603,-19.247459,34.521190,-12.908828,0.771882
570,0.570000,15.164750,5.968179,-19.247459,34.412209,-12.568329,0.771333
571,0.571000,15.052803,5.780084,-19.247459,34.300262,-12.215806,0.771802
572,0.572000,14.937859,5.591338,-19.247459,34.185319,-11.822407,0.896911
573,0.573000,14.819888,5.401960,-19.247459,34.067348,-11.411004,0.784743
574,0.574000,14.698864,5.211977,-19.247459,33.946324,-10.999362,0.787232
575,0.575000,14.574755,5.021410,-19.247459,33.822214,-10.585166,0.773742
576,0.576000,14.447535,4.830284,-19.247459,33.694995,-10.166032,0.777492
577,0.577000,14.317180,4.638622,-19.247459,33.564640,-9.740396,0.762322
578,0.578000,14.183663,4.446449,-19.247459,33.431122,-9.331188,0.767513
579,0.579000,14.046958,4.253786,-19.247459,33.294417,-8.787126,0.786382
580,0.580000,13.907043,4.060666,-19.247459,33.154502,-7.962856,0.780463
581,0.581000,13.763894,3.867134,-19.247459,33.011354,-7.157017,0.775062
582,0.582000,13.617491,3.673244,-19.247459,32.864950,-6.332968,0.775093
583,0.583000,13.467811,3.479047,-19.247459,32.715271,-5.475486,0.767882
584,0.584000,13.314837,3.284598,-19.247459,32.562296,-4.639208,0.764583
585,0.585000,13.158546,3.089948,-19.247459,32.406006,-3.774537,0.791842
586,0.586000,12.998925,2.895151,-19.247459,32.246384,-2.790130,0.785142
587,0.587000,12.835953,2.700268,-19.247459,32.083413,-1.735681,0.929201
588,0.588000,12.669618,2.505362,-19.247459,31.917077,-0.558115,0.783102
589,0.589000,12.499903,2.310508,-19.247459,31.747362,0.765587,0.780892
590,0.590000,12.326795,2.115788,-19.247459,31.574254,2.366919,0.776402
591,0.591000,12.150282,1.921304,-19.247459,31.397742,4.418123,0.764433
592,0.592000,11.970356,1.727186,-19.247459,31.217815,6.771520,0.767132
593,0.593000,11.787003,1.533588,-19.247459,31.034462,10.204059,0.762433
594,0.594000,11.600217,1.340730,-19.247459,30.847676,17.185980,0.778772
595,0.595000,11.409991,1.149052,-19.247459,30.657450,27.503942,0.771393
596,0.596000,11.216320,0.959234,-19.247459,30.463779,36.375813,0.779452
597,0.597000,11.019200,0.771932,-19.247459,30.266659,44.996246,0.777713
598,0.598000,10.818629,0.587760,-19.247459,30.066089,54.223026,0.775722
599,0.599000,10.614610,0.407350,-19.247459,29.862069,60.036766,0.761412
600,0.600000,10.407146,0.231134,-19.247459,29.654605,63.834332,0.764462
601,0.601000,10.196242,0.059371,-19.247459,29.443702,66.390724,0.776382
602,0.602000,9.981908,-0.107791,-19.247459,29.229368,68.232628,0.773992
603,0.603000,9.764156,-0.270273,-19.247459,29.011615,69.605095,0.782292
604,0.604000,9.542999,-0.428028,-19.247459,28.790459,70.445381,0.779803
605,0.605000,9.318457,-0.581042,-19.247459,28.565916,71.067276,0.778972
606,0.606000,9.090549,-0.729314,-19.247459,28.338008,71.526405,0.769123
607,0.607000,8.859299,-0.872849,-19.247459,28.106759,71.890511,0.771092
608,0.608000,8.624732,-1.011658,-19.247459,27.872191,72.210411,0.767852
609,0.609000,8.386878,-1.145746,-19.247459,27.634337,72.540619,0.909321
610,0.610000,8.145768,-1.275119,-19.247459,27.393228,72.810097,0.788362
611,0.611000,7.901438,-1.399779,-19.247459,27.148897,73.032814,0.783362
612,0.612000,7.653924,-1.519733,-19.247459,26.901383,73.182159,0.794333
613,0.613000,7.403267,-1.634988,-19.247459,26.650726,73.260513,0.777292
614,0.614000,7.149509,-1.745558,-19.247459,26.396968,73.281319,0.768902
615,0.615000,6.892697,-1.851459,-19.247459,26.140156,73.246658,0.774273
616,0.616000,6.632879,-1.952711,-19.247459,25.880338,73.140892,0.778342
617,0.617000,6.370105,-2.049336,-19.247459,25.617565,72.961395,0.779453
618,0.618000,6.104431,-2.141365,-19.247459,25.351891,72.715050,0.780322
619,0.619000,5.835912,-2.228829,-19.247459,25.083372,72.389626,0.772492
620,0.620000,5.564608,-2.311767,-19.247459,24.812067,71.941414,0.791292
621,0.621000,5.290579,-2.390224,-19.247459,24.538039,71.394966,0.764252
622,0.622000,5.013891,-2.464253,-19.247459,24.261350,70.815147,0.767273
623,0.623000,4.734610,-2.533909,-19.247459,23.982069,70.138588,0.770782
624,0.624000,4.452805,-2.599253,-19.247459,23.700265,69.273598,0.783393
625,0.625000,4.168549,-2.660358,-19.247459,23.416008,68.568787,1.089719
626,0.626000,3.881914,-2.717289,-19.247459,23.129373,68.101555,0.868511
627,0.627000,3.592977,-2.770095,-19.247459,22.840437,67.783714,0.784023
628,0.628000,3.301818,-2.818811,-19.247459,22.549277,67.529739,0.793062
629,0.629000,3.008516,-2.863465,-19.247459,22.255975,67.289238,0.861921
630,0.630000,2.713155,-2.904085,-19.247459,21.960614,67.048668,0.873901
631,0.631000,2.415819,-2.940696,-19.247459,21.663279,66.764183,0.784362
632,0.632000,2.116597,-2.973326,-19.247459,21.364056,66.440865,0.794072
633,0.633000,1.815578,-3.002009,-19.247459,21.063037,66.082321,0.764362
634,0.634000,1.512852,-3.026778,-19.247459,20.760312,65.681046,0.789312
635,0.635000,1.208514,-3.047672,-19.247459,20.455974,65.233376,0.780792
636,0.636000,0.902659,-3.064731,-19.247459,20.150119,64.730141,0.803982
637,0.637000,0.595385,-3.078002,-19.247459,19.842844,64.163177,0.785962
638,0.638000,0.286789,-3.087532,-19.247459,19.534249,63.532814,0.791073
639,0.639000,-0.023026,-3.093376,-19.247459,19.224434,62.780830,0.784972
640,0.640000,-0.333958,-3.095593,-19.247459,18.913502,61.887722,0.764862
641,0.641000,-0.645902,-3.094254,-19.247459,18.601557,60.811050,0.764973
642,0.642000,-0.958754,-3.089442,-19.247459,18.288706,59.587624,0.770242
643,0.643000,-1.272404,-3.081250,-19.247459,17.975056,58.257202,0.777302
644,0.644000,-1.586743,-3.069779,-19.247459,17.660716,56.866623,0.779002
645,0.645000,-1.901662,-3.055133,-19.247459,17.345797,55.449730,0.774122
646,0.646000,-2.217048,-3.037419,-19.247459,17.030411,53.852577,0.776622
647,0.647000,-2.532788,-3.016754,-19.247459,16.714671,52.352139,0.765083
648,0.648000,-2.848769,-2.993248,-19.247459,16.398691,50.619888,0.889511
649,0.649000,-3.164873,-2.967026,-19.247459,16.082586,48.554897,0.773522
650,0.650000,-3.480985,-2.938230,-19.247459,15.766474,46.180115,0.775713
651,0.651000,-3.796988,-2.907029,-19.247459,15.450472,43.975201,0.772602
652,0.652000,-4.112762,-2.873581,-19.247459,15.134698,42.691933,0.783792
653,0.653000,-4.428189,-2.837992,-19.247459,14.819270,41.082256,0.778692
654,0.654000,-4.743150,-2.800370,-19.247459,14.504310,39.017609,0.777832
655,0.655000,-5.057523,-2.760849,-19.247459,14.189936,36.352165,0.777602
656,0.656000,-5.371189,-2.719605,-19.247459,13.876270,33.461773,0.766612
657,0.657000,-5.684026,-2.676839,-19.247459,13.563433,30.487738,0.769583
658,0.658000,-5.995912,-2.632758,-19.247459,13.251547,26.730343,0.789132
659,0.659000,-6.306726,-2.587616,-19.247459,12.940733,23.444469,0.781342
660,0.660000,-6.616347,-2.541648,-19.247459,12.631112,21.299070,0.791922
661,0.661000,-6.924652,-2.495017,-19.247459,12.322807,19.050470,0.800922
662,0.662000,-7.231522,-2.447871,-19.247459,12.015938,16.908167,0.781442
663,0.663000,-7.536833,-2.400348,-19.247459,11.710627,14.302581,0.765002
664,0.664000,-7.840466,-2.352613,-19.247459,11.406994,11.062066,0.771273
665,0.665000,-8.142299,-2.304871,-19.247459,11.105160,7.948377,0.778132
666,0.666000,-8.442216,-2.257334,-19.247459,10.805243,5.033714,0.775113
667,0.667000,-8.740095,-2.210201,-19.247459,10.507364,0.368784,1.022000
668,0.668000,-9.035820,-2.163767,-19.247459,10.211639,-6.224250,0.778772
669,0.669000,-9.329273,-2.118459,-19.247459,9.918187,-11.851778,0.781112
670,0.670000,-9.620337,-2.074683,-19.247459,9.627123,-18.274218,0.773572
671,0.671000,-9.908899,-2.032876,-19.247459,9.338560,-24.080061,0.766642
672,0.672000,-10.194846,-1.993441,-19.247459,9.052613,-28.889692,0.771263
673,0.673000,-10.478067,-1.956715,-19.247459,8.769393,-32.346619,0.778842
674,0.674000,-10.758451,-1.922932,-19.247459,8.489008,-35.738499,0.780403
675,0.675000,-11.035893,-1.892302,-19.247459,8.211567,-38.485477,0.776742
676,0.676000,-11.310286,-1.864988,-19.247459,7.937173,-40.749527,0.774043
677,0.677000,-11.581527,-1.841121,-19.247459,7.665932,-42.733910,0.770182
678,0.678000,-11.849518,-1.820809,-19.247459,7.397942,-44.124664,0.770062
679,0.679000,-12.114158,-1.804123,-19.247459,7.133302,-45.206413,0.772403
680,0.680000,-12.375352,-1.791111,-19.247459,6.872108,-46.404682,0.768302
681,0.681000,-12.633007,-1.781823,-19.247459,6.614453,-47.964630,0.774542
682,0.682000,-12.887032,-1.776337,-19.247459,6.360428,-49.345036,0.874961
683,0.683000,-13.137340,-1.774726,-19.247459,6.110120,-50.544621,0.772763
684,0.684000,-13.383844,-1.777055,-19.247459,5.863616,-51.601482,0.778282
685,0.685000,-13.626461,-1.783379,-19.247459,5.620998,-52.659935,0.773763
686,0.686000,-13.865113,-1.793749,-19.247459,5.382346,-53.553440,0.972190
687,0.687000,-14.099721,-1.808208,-19.247459,5.147739,-54.242798,0.765843
688,0.688000,-14.330212,-1.826787,-19.247459,4.917248,-54.818138,0.774032
689,0.689000,-14.556515,-1.849505,-19.247459,4.690945,-55.379471,0.777892
690,0.690000,-14.778559,-1.876380,-19.247459,4.468901,-55.910332,0.781913
691,0.691000,-14.996280,-1.907428,-19.247459,4.251180,-56.360302,0.777392
692,0.692000,-15.209616,-1.942662,-19.247459,4.037844,-56.738941,0.782542
693,0.693000,-15.418505,-1.982089,-19.247459,3.828955,-57.053352,0.779852
694,0.694000,-15.622893,-2.025711,-19.247459,3.624566,-57.359489,0.775412
695,0.695000,-15.822727,-2.073530,-19.247459,3.424732,-57.667370,0.770473
696,0.696000,-16.017955,-2.125548,-19.247459,3.229505,-57.908348,0.780662
697,0.697000,-16.208529,-2.181765,-19.247459,3.038930,-58.081669,0.774803
698,0.698000,-16.394407,-2.242173,-19.247459,2.853052,-58.207745,0.781062
699,0.699000,-16.575546,-2.306763,-19.247459,2.671914,-58.478287,0.776913
700,0.700000,-16.751908,-2.375534,-19.247459,2.495551,-58.856701,0.781762
701,0.701000,-16.923460,-2.448492,-19.247459,2.323999,-59.322945,0.911691
702,0.702000,-17.090168,-2.525650,-19.247459,2.157291,-59.746922,0.772822
703,0.703000,-17.252004,-2.607022,-19.247459,1.995455,-60.463047,0.765982
704,0.704000,-17.408945,-2.692638,-19.247459,1.838514,-61.349876,0.775492
705,0.705000,-17.560964,-2.782538,-19.247459,1.686495,-62.429359,0.984921
706,0.706000,-17.708047,-2.876781,-19.247459,1.539412,-63.319553,0.782492
707,0.707000,-17.850177,-2.975414,-19.247459,1.397283,-64.072098,0.776192
708,0.708000,-17.987339,-3.078474,-19.247459,1.260120,-64.717606,0.784652
709,0.709000,-18.119527,-3.185989,-19.247459,1.127932,-65.331444,0.767952
710,0.710000,-18.246734,-3.297981,-19.247459,1.000725,-65.862144,0.772133
711,0.711000,-18.368957,-3.414468,-19.247459,0.878502,-66.296860,0.768092
712,0.712000,-18.486197,-3.535460,-19.247459,0.761262,-66.637871,0.768772
713,0.713000,-18.598460,-3.660960,-19.247459,0.648999,-66.887703,0.785722
714,0.714000,-18.705750,-3.790965,-19.247459,0.541709,-67.084076,0.779023
715,0.715000,-18.808082,-3.925469,-19.247459,0.439378,-67.247810,0.775322
716,0.716000,-18.905467,-4.064462,-19.247459,0.341993,-67.341263,0.781662
717,0.717000,-18.997922,-4.207929,-19.247459,0.249538,-67.325623,0.775272
718,0.718000,-19.085471,-4.355852,-19.247459,0.161988,-67.186134,0.768432
719,0.719000,-19.168135,-4.508201,-19.247459,0.079324,-66.954849,0.773522
720,0.720000,-19.245943,-4.664941,-19.247459,0.001516,-66.629662,0.943400
721,0.721000,-19.318925,-4.826030,-19.247459,-0.071466,-66.267021,0.780162
722,0.722000,-19.387115,-4.991424,-19.247459,-0.139655,-65.853874,0.774762
723,0.723000,-19.450548,-5.161074,-19.247459,-0.203089,-65.400246,0.780262
724,0.724000,-19.509267,-5.334930,-19.247459,-0.261808,-64.908470,0.999590
725,0.725000,-19.563316,-5.512941,-19.247459,-0.315857,-64.420830,0.786942
726,0.726000,-19.612738,-5.695054,-19.247459,-0.365279,-63.906940,0.773292
727,0.727000,-19.657583,-5.881216,-19.247459,-0.410124,-63.282112,0.763812
728,0.728000,-19.697905,-6.071369,-19.247459,-0.450446,-62.514595,0.763063
729,0.729000,-19.733759,-6.265445,-19.247459,-0.486299,-61.832218,0.772802
730,0.730000,-19.765203,-6.463377,-19.247459,-0.517744,-61.206532,0.775322
731,0.731000,-19.792298,-6.665106,-19.247459,-0.544839,-60.707024,0.777462
732,0.732000,-19.815110,-6.870580,-19.247459,-0.567650,-60.190605,0.784352
733,0.733000,-19.833703,-7.079749,-19.247459,-0.586244,-59.679543,0.775712
734,0.734000,-19.848149,-7.292564,-19.247459,-0.600690,-59.112297,0.761722
735,0.735000,-19.858521,-7.508973,-19.247459,-0.611061,-58.260334,0.779203
736,0.736000,-19.864891,-7.728905,-19.247459,-0.617432,-57.194511,0.774882
737,0.737000,-19.867340,-7.952276,-19.247459,-0.619881,-56.058418,0.779182
738,0.738000,-19.865945,-8.178991,-19.247459,-0.618486,-54.761299,0.771482
739,0.739000,-19.860793,-8.408948,-19.247459,-0.613334,-53.194748,0.934031
740,0.740000,-19.851967,-8.642026,-19.247459,-0.604508,-51.479610,0.778322
741,0.741000,-19.839555,-8.878092,-19.247459,-0.592095,-49.521996,0.780443
742,0.742000,-19.823646,-9.117001,-19.247459,-0.576186,-46.841888,0.774132
743,0.743000,-19.804335,-9.358559,-19.247459,-0.556876,-43.515617,0.995620
744,0.744000,-19.781713,-9.602529,-19.247459,-0.534254,-40.832863,0.769662
745,0.745000,-19.755880,-9.848700,-19.247459,-0.508420,-38.138134,0.764582
746,0.746000,-19.726932,-10.096873,-19.247459,-0.479472,-35.550880,0.778583
747,0.747000,-19.694970,-10.346857,-19.247459,-0.447511,-33.261112,0.783662
748,0.748000,-19.660095,-10.598484,-19.247459,-0.412636,-31.061569,0.784062
749,0.749000,-19.622409,-10.851597,-19.247459,-0.374950,-28.947174,0.779842
750,0.750000,-19.582021,-11.106046,-19.247459,-0.334561,-26.448116,0.796732
751,0.751000,-19.539033,-11.361663,-19.247459,-0.291574,-23.587500,0.766393
752,0.752000,-19.493556,-11.618250,-19.247459,-0.246097,-20.248360,0.769402
753,0.753000,-19.445697,-11.875579,-19.247459,-0.198238,-17.361544,0.778412
754,0.754000,-19.395565,-12.133438,-19.247459,-0.148106,-14.765023,0.791542
755,0.755000,-19.343272,-12.391641,-19.247459,-0.095812,-12.213015,0.773622
756,0.756000,-19.288929,-12.650009,-19.247459,-0.041469,-9.270921,0.772703
757,0.757000,-19.232648,-12.908345,-19.247459,0.014811,-6.688396,0.769832
758,0.758000,-19.174544,-13.166468,-19.247459,0.072916,-4.133058,0.914631
759,0.759000,-19.114730,-13.424202,-19.247459,0.132729,-1.542090,0.768963
760,0.760000,-19.053318,-13.681373,-19.247459,0.194141,1.050447,0.770582
761,0.761000,-18.990424,-13.937804,-19.247459,0.257035,3.165530,0.772002
762,0.762000,-18.926164,-14.193348,-19.247459,0.321296,5.384871,0.984310
763,0.763000,-18.860649,-14.447858,-19.247459,0.386811,7.840120,0.778372
764,0.764000,-18.793998,-14.701175,-19.247459,0.453461,10.541284,0.780423
765,0.765000,-18.726323,-14.953116,-19.247459,0.521137,13.840152,0.782712
766,0.766000,-18.657739,-15.203472,-19.247459,0.589720,16.634384,0.776943
767,0.767000,-18.588360,-15.452039,-19.247459,0.659100,19.760584,0.769712
768,0.768000,-18.518303,-15.698613,-19.247459,0.729157,24.100586,0.766602
769,0.769000,-18.447677,-15.942910,-19.247459,0.799783,29.403898,0.787182
770,0.770000,-18.376597,-16.184579,-19.247459,0.870863,33.949306,0.787282
771,0.771000,-18.305175,-16.423294,-19.247459,0.942284,38.582985,0.787003
772,0.772000,-18.233523,-16.658737,-19.247459,1.013936,44.893764,0.777472
773,0.773000,-18.161750,-16.890499,-19.247459,1.085710,54.188007,0.771542
774,0.774000,-18.089963,-17.117979,-19.247459,1.157497,61.907471,0.770603
775,0.775000,-18.018271,-17.340619,-19.247459,1.229188,68.187370,0.768212
776,0.776000,-17.946780,-17.557966,-19.247459,1.300680,72.434265,0.786662
777,0.777000,-17.875592,-17.769717,-19.247459,1.371867,75.822968,0.935391
778,0.778000,-17.804809,-17.975656,-19.247459,1.442650,79.565712,0.773362
779,0.779000,-17.734528,-18.175569,-19.247459,1.512931,84.765816,0.780712
780,0.780000,-17.664848,-18.369153,-19.247459,1.582611,91.424248,0.775722
781,0.781000,-17.595862,-18.555993,-19.247459,1.651598,98.332710,0.986100
782,0.782000,-17.527660,-18.735636,-19.247459,1.719799,102.991707,0.784063
783,0.783000,-17.460334,-18.907743,-19.247459,1.787126,105.697975,0.781432
784,0.784000,-17.393965,-19.072130,-19.247459,1.853495,107.246208,0.762512
785,0.785000,-17.328639,-19.228714,-19.247459,1.918820,108.179276,0.765453
786,0.786000,-17.264434,-19.377469,-19.247459,1.983026,108.778000,0.776672
787,0.787000,-17.201423,-19.518399,-19.247459,2.046036,109.190208,0.776402
788,0.788000,-17.139684,-19.651516,-19.247459,2.107776,109.443596,0.774522
789,0.789000,-17.079282,-19.776842,-19.247459,2.168177,109.569992,0.792943
790,0.790000,-17.020285,-19.894400,-19.247459,2.227174,109.584167,0.768562
791,0.791000,-16.962756,-20.004217,-19.247459,2.284703,109.453140,0.765692
792,0.792000,-16.906754,-20.106330,-19.247459,2.340706,109.148384,0.769232
793,0.793000,-16.852334,-20.200783,-19.247459,2.395125,108.664619,0.767923
794,0.794000,-16.799550,-20.287632,-19.247459,2.447909,107.880775,0.772712
795,0.795000,-16.748454,-20.366950,-19.247459,2.499006,106.492638,0.782772
796,0.796000,-16.699087,-20.438849,-19.247459,2.548373,103.877037,0.951010
797,0.797000,-16.651494,-20.503521,-19.247459,2.595965,98.567123,0.780272
798,0.798000,-16.605716,-20.561325,-19.247459,2.641743,89.929382,0.776362
799,0.799000,-16.561790,-20.612857,-19.247459,2.685670,83.891594,0.767122
800,0.800000,-16.519747,-20.658612,-19.247459,2.727713,79.417656,0.991701
801,0.801000,-16.479617,-20.698958,-19.247459,2.767842,76.816078,0.766622
802,0.802000,-16.441433,-20.734113,-19.247459,2.806026,74.996986,0.772942
803,0.803000,-16.405220,-20.764211,-19.247459,2.842240,73.021004,0.772712
804,0.804000,-16.370997,-20.789378,-19.247459,2.876462,70.710152,0.773162
805,0.805000,-16.338788,-20.809759,-19.247459,2.908672,68.491188,0.790692
806,0.806000,-16.308610,-20.825508,-19.247459,2.938849,66.514091,0.778592
807,0.807000,-16.280480,-20.836761,-19.247459,2.966980,65.064980,0.771293
808,0.808000,-16.254411,-20.843627,-19.247459,2.993049,64.985527,0.780202
809,0.809000,-16.230415,-20.846132,-19.247459,3.017045,65.422409,0.761972
810,0.810000,-16.208500,-20.844245,-19.247459,3.038959,65.981560,0.772752
811,0.811000,-16.188674,-20.837927,-19.247459,3.058786,66.438744,0.773782
812,0.812000,-16.170941,-20.827142,-19.247459,3.076519,66.856667,0.777582
813,0.813000,-16.155301,-20.811860,-19.247459,3.092158,66.922302,0.772872
814,0.814000,-16.141757,-20.792076,-19.247459,3.105702,66.748344,0.771753
815,0.815000,-16.130306,-20.767810,-19.247459,3.117153,66.254921,0.944691
816,0.816000,-16.120942,-20.739106,-19.247459,3.126517,65.493401,0.768752
817,0.817000,-16.113656,-20.706026,-19.247459,3.133803,64.481956,0.763002
818,0.818000,-16.108443,-20.668653,-19.247459,3.139017,63.272205,0.779222
819,0.819000,-16.105286,-20.627086,-19.247459,3.142174,61.662659,0.991130
820,0.820000,-16.104174,-20.581448,-19.247459,3.143285,59.788944,0.782822
821,0.821000,-16.105091,-20.531882,-19.247459,3.142369,57.573212,0.782372
822,0.822000,-16.108018,-20.478551,-19.247459,3.139442,55.124130,0.782072
823,0.823000,-16.112934,-20.421641,-19.247459,3.134526,52.548702,0.781773
824,0.824000,-16.119817,-20.361342,-19.247459,3.127643,49.871826,0.769442
825,0.825000,-16.128643,-20.297852,-19.247459,3.118816,46.833576,0.778162
826,0.826000,-16.139387,-20.231387,-19.247459,3.108072,43.946636,0.784612
827,0.827000,-16.152018,-20.162162,-19.247459,3.095442,42.003067,0.778522
828,0.828000,-16.166510,-20.090330,-19.247459,3.080950,40.403519,0.780703
829,0.829000,-16.182830,-20.016009,-19.247459,3.064629,38.566875,0.788522
830,0.830000,-16.200946,-19.939323,-19.247459,3.046514,36.752136,0.772592
831,0.831000,-16.220823,-19.860397,-19.247459,3.026636,35.084557,0.775152
832,0.832000,-16.242429,-19.779348,-19.247459,3.005031,33.616501,0.764162
833,0.833000,-16.265722,-19.696283,-19.247459,2.981738,32.549946,0.775742
834,0.834000,-16.290667,-19.611278,-19.247459,2.956792,31.468016,0.947261
835,0.835000,-16.317226,-19.524408,-19.247459,2.930233,30.193693,0.781452
836,0.836000,-16.345355,-19.435759,-19.247459,2.902105,28.818876,0.776212
837,0.837000,-16.375015,-19.345425,-19.247459,2.872445,27.262205,0.781782
838,0.838000,-16.406160,-19.253514,-19.247459,2.841299,25.431273,0.979480
839,0.839000,-16.438749,-19.160154,-19.247459,2.808710,23.243895,0.785392
840,0.840000,-16.472736,-19.065496,-19.247459,2.774723,21.178232,0.775022
841,0.841000,-16.508075,-18.969691,-19.247459,2.739384,19.849539,0.770763
842,0.842000,-16.544719,-18.872846,-19.247459,2.702740,18.672934,0.766432
843,0.843000,-16.582620,-18.775043,-19.247459,2.664839,17.318182,0.775502
844,0.844000,-16.621730,-18.676372,-19.247459,2.625730,15.920287,0.775543
845,0.845000,-16.662001,-18.576930,-19.247459,2.585459,14.488605,0.793492
846,0.846000,-16.703381,-18.476814,-19.247459,2.544078,12.931579,0.785342
847,0.847000,-16.745821,-18.376129,-19.247459,2.501639,11.339201,0.774462
848,0.848000,-16.789269,-18.274986,-19.247459,2.458190,9.724525,0.762943
849,0.849000,-16.833674,-18.173498,-19.247459,2.413785,8.441955,0.767022
850,0.850000,-16.878985,-18.071757,-19.247459,2.368474,7.119725,0.777102
851,0.851000,-16.925149,-17.969854,-19.247459,2.322310,5.720603,0.777113
852,0.852000,-16.972112,-17.867882,-19.247459,2.275348,4.558301,0.783952
853,0.853000,-17.019822,-17.765923,-19.247459,2.227637,3.405474,0.945831
854,0.854000,-17.068226,-17.664056,-19.247459,2.179233,2.034088,0.789682
855,0.855000,-17.117270,-17.562366,-19.247459,2.130189,0.671057,0.774712
856,0.856000,-17.166900,-17.460950,-19.247459,2.080559,-0.580050,0.775632
857,0.857000,-17.217064,-17.359892,-19.247459,2.030395,-1.690836,0.769482
858,0.858000,-17.267707,-17.259268,-19.247459,1.979753,-2.719437,0.782142
859,0.859000,-17.318775,-17.159150,-19.247459,1.928685,-3.805942,0.775522
860,0.860000,-17.370214,-17.059605,-19.247459,1.877245,-5.118351,0.784992
861,0.861000,-17.421972,-16.960719,-19.247459,1.825488,-6.428724,0.775912
862,0.862000,-17.473994,-16.862579,-19.247459,1.773465,-7.722234,0.769892
863,0.863000,-17.526226,-16.765273,-19.247459,1.721233,-9.041341,0.784312
864,0.864000,-17.578617,-16.668891,-19.247459,1.668842,-10.285075,0.764152
865,0.865000,-17.631112,-16.573514,-19.247459,1.616347,-11.595381,0.782142
866,0.866000,-17.683660,-16.479228,-19.247459,1.563799,-13.628511,0.778302
867,0.867000,-17.736208,-16.386163,-19.247459,1.511251,-15.642209,0.771833
868,0.868000,-17.788707,-16.294454,-19.247459,1.458753,-17.660933,0.804762
869,0.869000,-17.841101,-16.204243,-19.247459,1.406358,-19.523699,0.774142
870,0.870000,-17.893344,-16.115654,-19.247459,1.354116,-21.553022,0.773733
871,0.871000,-17.945381,-16.028825,-19.247459,1.302078,-23.536249,0.760752
872,0.872000,-17.997168,-15.943885,-19.247459,1.250292,-25.467318,0.774422
873,0.873000,-18.048654,-15.860963,-19.247459,1.198806,-27.279543,0.858251
874,0.874000,-18.099791,-15.780177,-19.247459,1.147668,-28.940207,0.775922
875,0.875000,-18.150534,-15.701638,-19.247459,1.096925,-30.332533,0.778192
876,0.876000,-18.200835,-15.625436,-19.247459,1.046624,-31.562277,0.787772
877,0.877000,-18.250651,-15.551644,-19.247459,0.996808,-32.683907,0.886471
878,0.878000,-18.299938,-15.480328,-19.247459,0.947521,-33.904133,0.788252
879,0.879000,-18.348653,-15.411564,-19.247459,0.898807,-35.165833,0.770753
880,0.880000,-18.396754,-15.345424,-19.247459,0.850705,-36.361298,0.770342
881,0.881000,-18.444200,-15.281980,-19.247459,0.803259,-37.483093,0.777912
882,0.882000,-18.490954,-15.221302,-19.247459,0.756505,-38.503464,0.776572
883,0.883000,-18.536976,-15.163450,-19.247459,0.710483,-39.292633,0.779792
884,0.884000,-18.582231,-15.108474,-19.247459,0.665228,-39.956444,0.793552
885,0.885000,-18.626682,-15.056408,-19.247459,0.620777,-40.678925,0.781402
886,0.886000,-18.670296,-15.007288,-19.247459,0.577163,-41.532833,0.776592
887,0.887000,-18.713040,-14.961162,-19.247459,0.534420,-42.303925,0.773282
888,0.888000,-18.754883,-14.918074,-19.247459,0.492576,-42.944618,0.784092
889,0.889000,-18.795794,-14.878058,-19.247459,0.451665,-43.499180,0.782243
890,0.890000,-18.835748,-14.841144,-19.247459,0.411712,-44.063614,0.777202
891,0.891000,-18.874712,-14.807362,-19.247459,0.372747,-44.564304,0.780022
892,0.892000,-18.912666,-14.776733,-19.247459,0.334794,-44.888603,0.958980
893,0.893000,-18.949583,-14.749274,-19.247459,0.297877,-45.076641,0.787902
894,0.894000,-18.985443,-14.724988,-19.247459,0.262016,-45.145599,0.781683
895,0.895000,-19.020222,-14.703869,-19.247459,0.227237,-45.059860,0.772442
896,0.896000,-19.053902,-14.685902,-19.247459,0.193557,-44.763161,0.789802
897,0.897000,-19.086465,-14.671059,-19.247459,0.160994,-44.380424,0.777213
898,0.898000,-19.117894,-14.659297,-19.247459,0.129565,-43.893600,0.781142
899,0.899000,-19.148176,-14.650578,-19.247459,0.099284,-43.311035,0.782082
900,0.900000,-19.177295,-14.644848,-19.247459,0.070165,-42.751884,0.779192
901,0.901000,-19.205239,-14.642058,-19.247459,0.042221,-42.385750,0.782172
902,0.902000,-19.231999,-14.642172,-19.247459,0.015460,-41.953407,0.766052
903,0.903000,-19.257566,-14.645150,-19.247459,-0.010107,-41.562828,0.773992
904,0.904000,-19.281931,-14.650959,-19.247459,-0.034472,-41.222450,0.776493
905,0.905000,-19.305089,-14.659567,-19.247459,-0.057630,-41.013145,0.781592
906,0.906000,-19.327036,-14.670953,-19.247459,-0.079577,-41.017494,0.770743
907,0.907000,-19.347768,-14.685106,-19.247459,-0.100308,-41.092354,0.774802
908,0.908000,-19.367281,-14.702027,-19.247459,-0.119822,-40.968487,0.772882
909,0.909000,-19.385576,-14.721704,-19.247459,-0.138117,-40.882996,0.762262
910,0.910000,-19.402657,-14.744126,-19.247459,-0.155197,-40.645302,0.764962
911,0.911000,-19.418522,-14.769270,-19.247459,-0.171062,-40.266560,0.776022
912,0.912000,-19.433174,-14.797106,-19.247459,-0.185715,-39.892128,0.783392
913,0.913000,-19.446623,-14.827598,-19.247459,-0.199163,-39.494583,0.788193
914,0.914000,-19.458873,-14.860711,-19.247459,-0.211413,-38.996346,0.956050
915,0.915000,-19.469931,-14.896404,-19.247459,-0.222471,-38.519562,0.828552
916,0.916000,-19.479807,-14.934634,-19.247459,-0.232348,-38.006371,0.834032
917,0.917000,-19.488510,-14.975361,-19.247459,-0.241051,-37.389015,0.816942
918,0.918000,-19.496056,-15.018532,-19.247459,-0.248597,-36.721638,0.816512
919,0.919000,-19.502454,-15.064100,-19.247459,-0.254995,-35.854843,0.811322
920,0.920000,-19.507722,-15.111995,-19.247459,-0.260263,-34.848427,0.811832
921,0.921000,-19.511871,-15.162144,-19.247459,-0.264412,-33.791256,0.819362
922,0.922000,-19.514923,-15.214467,-19.247459,-0.267463,-32.698830,0.827971
923,0.923000,-19.516892,-15.268879,-19.247459,-0.269432,-31.657351,0.813382
924,0.924000,-19.517798,-15.325304,-19.247459,-0.270339,-30.707750,0.818862
925,0.925000,-19.517663,-15.383666,-19.247459,-0.270204,-29.763365,0.818131
926,0.926000,-19.516506,-15.443896,-19.247459,-0.269046,-28.805971,0.835461
927,0.927000,-19.514351,-15.505926,-19.247459,-0.266891,-27.854395,0.829892
928,0.928000,-19.511219,-15.569684,-19.247459,-0.263760,-27.199614,0.821102
929,0.929000,-19.507138,-15.635119,-19.247459,-0.259679,-26.663002,1.118259
930,0.930000,-19.502130,-15.702190,-19.247459,-0.254670,-26.009539,0.910781
931,0.931000,-19.496222,-15.770852,-19.247459,-0.248762,-25.330143,0.821172
932,0.932000,-19.489439,-15.841056,-19.247459,-0.241980,-24.617342,0.995720
933,0.933000,-19.481813,-15.912753,-19.247459,-0.234354,-23.856962,0.969201
934,0.934000,-19.473371,-15.985885,-19.247459,-0.225912,-23.039980,0.828512
935,0.935000,-19.464142,-16.060398,-19.247459,-0.216683,-22.046362,0.819901
936,0.936000,-19.454156,-16.136216,-19.247459,-0.206697,-20.696354,0.812371
937,0.937000,-19.443443,-16.213250,-19.247459,-0.195984,-19.040342,0.808422
938,0.938000,-19.432037,-16.291384,-19.247459,-0.184577,-17.318607,0.813372
939,0.939000,-19.419970,-16.370493,-19.247459,-0.172510,-15.751575,0.808882
940,0.940000,-19.407272,-16.450461,-19.247459,-0.159813,-14.044871,0.828162
941,0.941000,-19.393979,-16.531168,-19.247459,-0.146520,-12.218721,0.811142
942,0.942000,-19.380124,-16.612489,-19.247459,-0.132664,-10.462174,0.814482
943,0.943000,-19.365743,-16.694295,-19.247459,-0.118284,-8.892389,0.814762
944,0.944000,-19.350867,-16.776478,-19.247459,-0.103407,-7.383983,0.810192
945,0.945000,-19.335535,-16.858932,-19.247459,-0.088075,-5.865125,0.814082
946,0.946000,-19.319779,-16.941555,-19.247459,-0.072320,-4.410903,0.828091
947,0.947000,-19.303636,-17.024248,-19.247459,-0.056177,-2.974030,0.810891
948,0.948000,-19.287141,-17.106916,-19.247459,-0.039682,-1.600251,0.803042
949,0.949000,-19.270330,-17.189465,-19.247459,-0.022871,-0.248244,0.812662
950,0.950000,-19.253239,-17.271805,-19.247459,-0.005780,1.076948,0.804922
951,0.951000,-19.235904,-17.353846,-19.247459,0.011555,2.212633,0.829622
952,0.952000,-19.218359,-17.435513,-19.247459,0.029100,3.293060,0.815382
953,0.953000,-19.200642,-17.516736,-19.247459,0.046818,4.582830,0.823002
954,0.954000,-19.182786,-17.597429,-19.247459,0.064673,6.004464,0.816941
955,0.955000,-19.164828,-17.677503,-19.247459,0.082632,7.462240,0.820171
956,0.956000,-19.146803,-17.756859,-19.247459,0.100656,8.816100,0.829431
957,0.957000,-19.128746,-17.835407,-19.247459,0.118714,10.176090,0.812211
958,0.958000,-19.110692,-17.913052,-19.247459,0.136768,12.012244,0.815322
959,0.959000,-19.092674,-17.989682,-19.247459,0.154786,13.913772,0.807752
960,0.960000,-19.074727,-18.065166,-19.247459,0.172732,16.385021,0.809101
961,0.961000,-19.056885,-18.139341,-19.247459,0.190574,18.661613,0.805771
962,0.962000,-19.039181,-18.212052,-19.247459,0.208278,20.618015,0.811332
963,0.963000,-19.021647,-18.283158,-19.247459,0.225813,23.135958,0.809332
964,0.964000,-19.004315,-18.352500,-19.247459,0.243144,25.944160,0.809202
965,0.965000,-18.987214,-18.419890,-19.247459,0.260246,28.362070,0.807342
966,0.966000,-18.970377,-18.485162,-19.247459,0.277082,30.271341,0.897071
967,0.967000,-18.953835,-18.548183,-19.247459,0.293625,31.618956,0.799612
968,0.968000,-18.937611,-18.608864,-19.247459,0.309848,32.717346,0.794272
969,0.969000,-18.921738,-18.667139,-19.247459,0.325721,33.668926,0.793162
970,0.970000,-18.906239,-18.722957,-19.247459,0.341221,34.843933,0.905102
971,0.971000,-18.891140,-18.776255,-19.247459,0.356319,35.893745,0.808972
972,0.972000,-18.876469,-18.826969,-19.247459,0.370990,36.870342,0.806392
973,0.973000,-18.862245,-18.875047,-19.247459,0.385214,37.709137,0.803642
974,0.974000,-18.848493,-18.920439,-19.247459,0.398967,38.388348,0.810542
975,0.975000,-18.835234,-18.963105,-19.247459,0.412226,38.906639,0.806512
976,0.976000,-18.822487,-19.003021,-19.247459,0.424973,39.261017,0.807162
977,0.977000,-18.810269,-19.040168,-19.247459,0.437190,39.563248,0.802962
978,0.978000,-18.798603,-19.074541,-19.247459,0.448856,39.728542,0.805822
979,0.979000,-18.787501,-19.106136,-19.247459,0.459959,39.765736,0.798972
980,0.980000,-18.776979,-19.134959,-19.247459,0.470481,39.791687,0.804151
981,0.981000,-18.767053,-19.161020,-19.247459,0.480406,39.983582,0.799622
982,0.982000,-18.757733,-19.184318,-19.247459,0.489726,40.281776,0.817092
983,0.983000,-18.749033,-19.204839,-19.247459,0.498426,40.691761,0.810542
984,0.984000,-18.740962,-19.222565,-19.247459,0.506498,41.134174,0.807812
985,0.985000,-18.733530,-19.237474,-19.247459,0.513929,41.650379,0.805492
986,0.986000,-18.726745,-19.249532,-19.247459,0.520715,42.277634,0.802802
987,0.987000,-18.720613,-19.258710,-19.247459,0.526847,42.616138,0.790222
988,0.988000,-18.715140,-19.264982,-19.247459,0.532319,42.685078,0.800172
989,0.989000,-18.710330,-19.268348,-19.247459,0.537129,42.378483,0.801762
990,0.990000,-18.706186,-19.268836,-19.247459,0.541274,41.976151,0.797182
991,0.991000,-18.702709,-19.266480,-19.247459,0.544750,41.438652,0.804882
992,0.992000,-18.699900,-19.261330,-19.247459,0.547559,40.740566,0.799102
993,0.993000,-18.697757,-19.253441,-19.247459,0.549702,39.647820,0.803782
994,0.994000,-18.696279,-19.242895,-19.247459,0.551181,38.316063,0.811102
995,0.995000,-18.695462,-19.229793,-19.247459,0.551997,36.622547,0.797042
996,0.996000,-18.695304,-19.214258,-19.247459,0.552156,34.432125,0.792323
997,0.997000,-18.695795,-19.196446,-19.247459,0.551664,32.227085,0.787712
998,0.998000,-18.696931,-19.176523,-19.247459,0.550529,30.443256,0.796562
999,0.999000,-18.698703,-19.154623,-19.247459,0.548756,28.692390,0.804862
1000,1.000000,-18.701106,-19.130877,-24.583369,5.882263,-12.705422,0.809912
1001,1.001000,-18.704126,-19.107681,-24.583369,5.879242,-50.221134,0.796892
1002,1.002000,-18.707755,-19.087794,-24.583369,5.875614,-75.692337,0.802422
1003,1.003000,-18.711986,-19.073310,-24.583369,5.871383,-98.513451,0.798032
1004,1.004000,-18.716812,-19.065932,-24.583369,5.866557,-96.714363,0.787482
1005,1.005000,-18.722226,-19.065824,-24.583369,5.861142,-93.951744,0.796732
1006,1.006000,-18.728230,-19.072687,-24.583369,5.855139,-89.410858,0.797812
1007,1.007000,-18.734823,-19.086042,-24.583369,5.848546,-83.640694,0.999400
1008,1.008000,-18.742005,-19.105332,-24.583369,5.841364,-76.562508,0.895261
1009,1.009000,-18.749785,-19.129946,-24.583369,5.833584,-69.481560,0.800162
1010,1.010000,-18.758165,-19.159290,-24.583369,5.825204,-62.770035,0.822572
1011,1.011000,-18.767155,-19.192818,-24.583369,5.816213,-54.948822,0.814622
1012,1.012000,-18.776765,-19.229952,-24.583369,5.806603,-47.492115,0.800482
1013,1.013000,-18.787006,-19.270139,-24.583369,5.796363,-40.889130,0.798132
1014,1.014000,-18.797884,-19.312893,-24.583369,5.785484,-36.308464,0.798232
1015,1.015000,-18.809415,-19.357866,-24.583369,5.773953,-31.482464,0.794062
1016,1.016000,-18.821612,-19.404736,-24.583369,5.761756,-26.777597,0.796452
1017,1.017000,-18.834486,-19.453192,-24.583369,5.748883,-23.152483,0.799962
1018,1.018000,-18.848050,-19.502989,-24.583369,5.735318,-20.015558,0.789812
1019,1.019000,-18.862320,-19.553921,-24.583369,5.721048,-17.585899,0.794452
1020,1.020000,-18.877308,-19.605833,-24.583369,5.706061,-15.530965,0.795691
1021,1.021000,-18.893026,-19.658601,-24.583369,5.690343,-13.363915,1.173058
1022,1.022000,-18.909490,-19.712098,-24.583369,5.673879,-11.049164,0.889281
1023,1.023000,-18.926714,-19.766183,-24.583369,5.656655,-8.794693,0.795842
1024,1.024000,-18.944711,-19.820714,-24.583369,5.638658,-6.956357,0.797922
1025,1.025000,-18.963496,-19.875569,-24.583369,5.619873,-5.177091,0.888781
1026,1.026000,-18.983080,-19.930635,-24.583369,5.600289,-3.305012,0.883891
1027,1.027000,-19.003480,-19.985794,-24.583369,5.579889,-1.139720,0.811422
1028,1.028000,-19.024705,-20.040911,-24.583369,5.558664,1.034701,0.797252
1029,1.029000,-19.046770,-20.095842,-24.583369,5.536599,3.142898,0.783462
1030,1.030000,-19.069688,-20.150446,-24.583369,5.513680,5.213651,0.789422
1031,1.031000,-19.093471,-20.204586,-24.583369,5.489898,7.542341,0.803012
1032,1.032000,-19.118130,-20.258109,-24.583369,5.465239,9.792190,0.794212
1033,1.033000,-19.143675,-20.310869,-24.583369,5.439694,12.409827,0.798482
1034,1.034000,-19.170118,-20.362691,-24.583369,5.413251,15.493753,0.791722
1035,1.035000,-19.197468,-20.413376,-24.583369,5.385901,19.629688,0.793072
1036,1.036000,-19.225736,-20.462656,-24.583369,5.357633,23.958281,0.794942
1037,1.037000,-19.254927,-20.510232,-24.583369,5.328442,28.765968,0.788562
1038,1.038000,-19.285051,-20.555780,-24.583369,5.298318,32.290169,0.788552
1039,1.039000,-19.316115,-20.599041,-24.583369,5.267254,35.399532,0.789272
1040,1.040000,-19.348121,-20.639805,-24.583369,5.235248,38.004753,1.009369
1041,1.041000,-19.381075,-20.677901,-24.583369,5.202294,39.876476,0.792652
1042,1.042000,-19.414980,-20.713208,-24.583369,5.168389,41.254135,0.790712
1043,1.043000,-19.449836,-20.745649,-24.583369,5.133533,42.698891,1.139449
1044,1.044000,-19.485645,-20.775151,-24.583369,5.097724,44.089371,0.800352
1045,1.045000,-19.522404,-20.801637,-24.583369,5.060965,45.245598,0.793662
1046,1.046000,-19.560110,-20.825045,-24.583369,5.023259,46.835224,0.795822
1047,1.047000,-19.598758,-20.845288,-24.583369,4.984611,48.169945,0.792443
1048,1.048000,-19.638344,-20.862287,-24.583369,4.945025,49.254776,0.794142
1049,1.049000,-19.678859,-20.875976,-24.583369,4.904510,50.121590,0.807602
1050,1.050000,-19.720296,-20.886307,-24.583369,4.863072,50.830376,0.785012
1051,1.051000,-19.762645,-20.893245,-24.583369,4.820724,51.401237,0.781892
1052,1.052000,-19.805892,-20.896762,-24.583369,4.777477,51.581726,0.789052
1053,1.053000,-19.850024,-20.896858,-24.583369,4.733345,51.449493,0.796232
1054,1.054000,-19.895028,-20.893550,-24.583369,4.688341,50.773445,0.791952
1055,1.055000,-19.940884,-20.886898,-24.583369,4.642485,49.644470,0.789073
1056,1.056000,-19.987579,-20.876989,-24.583369,4.595790,47.818180,0.794772
1057,1.057000,-20.035088,-20.863957,-24.583369,4.548281,45.333237,0.788002
1058,1.058000,-20.083394,-20.847986,-24.583369,4.499975,43.209568,0.780813
1059,1.059000,-20.132473,-20.829246,-24.583369,4.450896,41.379814,0.783122
1060,1.060000,-20.182302,-20.807881,-24.583369,4.401067,39.244110,0.787412
1061,1.061000,-20.232856,-20.784045,-24.583369,4.350513,36.792515,0.789182
1062,1.062000,-20.284110,-20.757913,-24.583369,4.299259,34.069870,0.947530
1063,1.063000,-20.336036,-20.729674,-24.583369,4.247333,32.060478,0.795612
1064,1.064000,-20.388608,-20.699483,-24.583369,4.194761,30.448282,0.794322
1065,1.065000,-20.441793,-20.667459,-24.583369,4.141576,28.562437,0.796912
1066,1.066000,-20.495567,-20.633730,-24.583369,4.087802,26.345022,0.789522
1067,1.067000,-20.549895,-20.598444,-24.583369,4.033474,23.991728,0.788482
1068,1.068000,-20.604748,-20.561757,-24.583369,3.978621,21.734987,0.780033
1069,1.069000,-20.660091,-20.523834,-24.583369,3.923278,20.139750,0.785732
1070,1.070000,-20.715895,-20.484789,-24.583369,3.867473,18.474216,0.793022
1071,1.071000,-20.772125,-20.444739,-24.583369,3.811244,16.828632,0.786792
1072,1.072000,-20.828749,-20.403790,-24.583369,3.754620,15.068160,0.792122
1073,1.073000,-20.885730,-20.362059,-24.583369,3.697639,13.260242,0.795952
1074,1.074000,-20.943035,-20.319669,-24.583369,3.640334,11.527901,0.780442
1075,1.075000,-21.000631,-20.276740,-24.583369,3.582738,9.845456,0.772752
1076,1.076000,-21.058479,-20.233382,-24.583369,3.524890,8.509378,0.789812
1077,1.077000,-21.116546,-20.189694,-24.583369,3.466823,7.326175,0.778883
1078,1.078000,-21.174795,-20.145752,-24.583369,3.408573,6.097068,0.788122
1079,1.079000,-21.233193,-20.101636,-24.583369,3.350175,4.964299,0.793432
1080,1.080000,-21.291701,-20.057423,-24.583369,3.291668,3.709891,0.785942
1081,1.081000,-21.350283,-20.013189,-24.583369,3.233085,2.422203,0.944370
1082,1.082000,-21.408907,-19.969023,-24.583369,3.174462,1.144933,0.789412
1083,1.083000,-21.467532,-19.925007,-24.583369,3.115837,-0.009255,0.785282
1084,1.084000,-21.526125,-19.881221,-24.583369,3.057244,-0.995855,0.778902
1085,1.085000,-21.584648,-19.837731,-24.583369,2.998721,-1.935063,0.791772
1086,1.086000,-21.643068,-19.794600,-24.583369,2.940301,-2.850167,0.784412
1087,1.087000,-21.701348,-19.751886,-24.583369,2.882021,-3.769752,0.793672
1088,1.088000,-21.759451,-19.709645,-24.583369,2.823918,-4.691763,0.803072
1089,1.089000,-21.817345,-19.667940,-24.583369,2.766023,-5.604175,0.789782
1090,1.090000,-21.874994,-19.626827,-24.583369,2.708375,-6.500519,0.792422
1091,1.091000,-21.932362,-19.586365,-24.583369,2.651006,-7.306209,0.776182
1092,1.092000,-21.989418,-19.546608,-24.583369,2.593950,-8.017421,0.778022
1093,1.093000,-22.046124,-19.507601,-24.583369,2.537245,-8.658699,0.780562
1094,1.094000,-22.102449,-19.469383,-24.583369,2.480919,-9.588084,0.789212
1095,1.095000,-22.158361,-19.432011,-24.583369,2.425007,-10.595250,0.804352
1096,1.096000,-22.213824,-19.395550,-24.583369,2.369545,-11.790431,0.805742
1097,1.097000,-22.268809,-19.360074,-24.583369,2.314560,-13.017122,0.778783
1098,1.098000,-22.323281,-19.325669,-24.583369,2.260087,-14.297584,0.784922
1099,1.099000,-22.377214,-19.292417,-24.583369,2.206155,-15.602416,0.770943
1100,1.100000,-22.430573,-19.260408,-24.583369,2.152795,-16.820610,0.853561
1101,1.101000,-22.483330,-19.229720,-24.583369,2.100039,-17.924885,0.798882
1102,1.102000,-22.535456,-19.200428,-24.583369,2.047913,-18.954519,0.787153
1103,1.103000,-22.586923,-19.172597,-24.583369,1.996446,-19.873594,0.782042
1104,1.104000,-22.637702,-19.146286,-24.583369,1.945666,-20.872103,0.782752
1105,1.105000,-22.687766,-19.121555,-24.583369,1.895603,-21.788317,0.781193
1106,1.106000,-22.737092,-19.098461,-24.583369,1.846277,-22.732979,0.793552
1107,1.107000,-22.785651,-19.077060,-24.583369,1.797718,-23.687105,0.775412
1108,1.108000,-22.833420,-19.057411,-24.583369,1.749949,-24.557838,0.782913
1109,1.109000,-22.880377,-19.039569,-24.583369,1.702992,-25.341385,0.785672
1110,1.110000,-22.926498,-19.023583,-24.583369,1.656871,-26.022680,0.781262
1111,1.111000,-22.971762,-19.009491,-24.583369,1.611607,-26.593693,0.785202
1112,1.112000,-23.016148,-18.997324,-24.583369,1.567221,-27.198019,0.794642
1113,1.113000,-23.059637,-18.987118,-24.583369,1.523732,-27.854624,0.796602
1114,1.114000,-23.102212,-18.978908,-24.583369,1.481157,-28.555315,0.786252
1115,1.115000,-23.143852,-18.972736,-24.583369,1.439517,-29.256430,0.766992
1116,1.116000,-23.184543,-18.968639,-24.583369,1.398826,-29.857609,0.777662
1117,1.117000,-23.224269,-18.966653,-24.583369,1.359100,-30.353453,0.780833
1118,1.118000,-23.263015,-18.966810,-24.583369,1.320354,-30.782713,0.782392
1119,1.119000,-23.300770,-18.969129,-24.583369,1.282599,-31.290220,0.970240
1120,1.120000,-23.337520,-18.973637,-24.583369,1.245849,-31.896338,0.787642
1121,1.121000,-23.373256,-18.980367,-24.583369,1.210113,-32.344757,0.783332
1122,1.122000,-23.407965,-18.989341,-24.583369,1.175404,-32.676853,0.779972
1123,1.123000,-23.441643,-19.000579,-24.583369,1.141726,-32.889511,0.773832
1124,1.124000,-23.474279,-19.014089,-24.583369,1.109090,-33.008793,0.769462
1125,1.125000,-23.505867,-19.029868,-24.583369,1.077502,-33.026676,0.799552
1126,1.126000,-23.536405,-19.047914,-24.583369,1.046964,-32.938866,0.776782
1127,1.127000,-23.565886,-19.068210,-24.583369,1.017483,-32.753910,0.783902
1128,1.128000,-23.594308,-19.090736,-24.583369,0.989061,-32.474518,0.790952
1129,1.129000,-23.621671,-19.115463,-24.583369,0.961697,-32.103550,0.776362
1130,1.130000,-23.647973,-19.142360,-24.583369,0.935396,-31.654074,0.777432
1131,1.131000,-23.673215,-19.171386,-24.583369,0.910153,-31.138416,0.780792
1132,1.132000,-23.697401,-19.202501,-24.583369,0.885968,-30.550501,0.769102
1133,1.133000,-23.720532,-19.235655,-24.583369,0.862837,-29.881342,0.782682
1134,1.134000,-23.742612,-19.270796,-24.583369,0.840757,-29.196348,0.802882
1135,1.135000,-23.763647,-19.307869,-24.583369,0.819722,-28.463655,0.788582
1136,1.136000,-23.783642,-19.346816,-24.583369,0.799726,-27.686895,0.778953
1137,1.137000,-23.802608,-19.387581,-24.583369,0.780761,-26.951689,0.783562
1138,1.138000,-23.820549,-19.430104,-24.583369,0.762819,-26.285990,0.936561
1139,1.139000,-23.837478,-19.474334,-24.583369,0.745891,-25.583096,0.775942
1140,1.140000,-23.853403,-19.520220,-24.583369,0.729966,-24.960962,0.769693
1141,1.141000,-23.868337,-19.567710,-24.583369,0.715032,-24.459017,0.775572
1142,1.142000,-23.882289,-19.616769,-24.583369,0.701080,-23.922514,0.779223
1143,1.143000,-23.895275,-19.667354,-24.583369,0.688094,-23.387743,0.790092
1144,1.144000,-23.907308,-19.719427,-24.583369,0.676061,-22.852762,0.780142
1145,1.145000,-23.918404,-19.772949,-24.583369,0.664965,-22.298931,0.796493
1146,1.146000,-23.928576,-19.827875,-24.583369,0.654793,-21.716667,0.776372
1147,1.147000,-23.937843,-19.884166,-24.583369,0.645526,-21.136560,0.766772
1148,1.148000,-23.946221,-19.941777,-24.583369,0.637147,-20.546047,0.774603
1149,1.149000,-23.953730,-20.000664,-24.583369,0.629639,-19.934740,0.776462
1150,1.150000,-23.960386,-20.060781,-24.583369,0.622983,-19.319002,0.779673
1151,1.151000,-23.966210,-20.122084,-24.583369,0.617159,-18.991108,0.786382
1152,1.152000,-23.971223,-20.184541,-24.583369,0.612145,-18.674416,0.774762
1153,1.153000,-23.975444,-20.248132,-24.583369,0.607924,-18.326372,0.863721
1154,1.154000,-23.978897,-20.312829,-24.583369,0.604472,-17.843603,0.780912
1155,1.155000,-23.981604,-20.378600,-24.583369,0.601765,-17.241014,0.764893
1156,1.156000,-23.983586,-20.445403,-24.583369,0.599783,-16.576075,0.777422
1157,1.157000,-23.984870,-20.513187,-24.583369,0.598499,-15.887308,0.783953
1158,1.158000,-23.985476,-20.581904,-24.583369,0.597893,-15.385694,0.868371
1159,1.159000,-23.985432,-20.651512,-24.583369,0.597937,-14.829531,0.783143
1160,1.160000,-23.984761,-20.721971,-24.583369,0.598608,-14.223975,0.781792
1161,1.161000,-23.983492,-20.793239,-24.583369,0.599877,-13.589532,0.774892
1162,1.162000,-23.981648,-20.865270,-24.583369,0.601721,-12.799945,0.777282
1163,1.163000,-23.979257,-20.938008,-24.583369,0.604111,-11.821669,0.768572
1164,1.164000,-23.976348,-21.011388,-24.583369,0.607021,-10.737142,0.796222
1165,1.165000,-23.972946,-21.085332,-24.583369,0.610423,-9.458259,0.771722
1166,1.166000,-23.969082,-21.159750,-24.583369,0.614287,-8.244288,0.778792
1167,1.167000,-23.964781,-21.234554,-24.583369,0.618588,-7.047490,0.775322
1168,1.168000,-23.960073,-21.309661,-24.583369,0.623296,-5.799960,0.782242
1169,1.169000,-23.954988,-21.384982,-24.583369,0.628381,-4.493904,0.764393
1170,1.170000,-23.949555,-21.460427,-24.583369,0.633814,-3.247736,0.768652
1171,1.171000,-23.943802,-21.535909,-24.583369,0.639567,-1.923178,0.778283
1172,1.172000,-23.937757,-21.611340,-24.583369,0.645612,-0.537547,0.776582
1173,1.173000,-23.931455,-21.686624,-24.583369,0.651914,0.869898,0.860652
1174,1.174000,-23.924920,-21.761664,-24.583369,0.658449,2.048387,0.783962
1175,1.175000,-23.918184,-21.836381,-24.583369,0.665185,3.149934,0.770342
1176,1.176000,-23.911275,-21.910697,-24.583369,0.672094,4.241902,0.773842
1177,1.177000,-23.904224,-21.984542,-24.583369,0.679144,5.486722,0.874951
1178,1.178000,-23.897059,-22.057836,-24.583369,0.686309,6.723668,0.773083
1179,1.179000,-23.889811,-22.130496,-24.583369,0.693558,7.872742,0.780112
1180,1.180000,-23.882506,-22.202445,-24.583369,0.700863,8.892604,0.778253
1181,1.181000,-23.875176,-22.273616,-24.583369,0.708193,9.903533,0.771202
1182,1.182000,-23.867847,-22.343939,-24.583369,0.715522,11.082911,0.762623
1183,1.183000,-23.860547,-22.413346,-24.583369,0.722822,12.214759,0.786452
1184,1.184000,-23.853305,-22.481757,-24.583369,0.730064,13.478986,0.779052
1185,1.185000,-23.846147,-22.549094,-24.583369,0.737222,14.962997,0.766742
1186,1.186000,-23.839102,-22.615258,-24.583369,0.744267,16.504469,0.776012
1187,1.187000,-23.832195,-22.680147,-24.583369,0.751174,17.982725,0.782012
1188,1.188000,-23.825450,-22.743663,-24.583369,0.757919,19.640707,0.771832
1189,1.189000,-23.818896,-22.805694,-24.583369,0.764472,21.152407,0.779623
1190,1.190000,-23.812556,-22.866140,-24.583369,0.770812,22.912943,0.779672
1191,1.191000,-23.806455,-22.924886,-24.583369,0.776914,24.941959,0.776452
1192,1.192000,-23.800615,-22.981802,-24.583369,0.782753,26.675154,0.917790
1193,1.193000,-23.795061,-23.036766,-24.583369,0.788308,28.094484,0.768762
1194,1.194000,-23.789812,-23.089685,-24.583369,0.793557,29.237844,0.772162
1195,1.195000,-23.784891,-23.140485,-24.583369,0.798478,30.168203,0.777822
1196,1.196000,-23.780316,-23.189105,-24.583369,0.803053,30.889494,0.790802
1197,1.197000,-23.776109,-23.235508,-24.583369,0.807260,31.529051,0.781873
1198,1.198000,-23.772287,-23.279660,-24.583369,0.811082,32.042091,0.771212
1199,1.199000,-23.768867,-23.321536,-24.583369,0.814502,32.496479,0.768322
1200,1.200000,-23.765867,-23.361115,-24.583369,0.817502,32.902760,0.767262
1201,1.201000,-23.763300,-23.398379,-24.583369,0.820068,33.287727,0.777633
1202,1.202000,-23.761183,-23.433308,-24.583369,0.822186,33.943314,0.775892
1203,1.203000,-23.759527,-23.465875,-24.583369,0.823842,34.548618,0.796162
1204,1.204000,-23.758345,-23.496039,-24.583369,0.825024,35.184444,0.779323
1205,1.205000,-23.757650,-23.523766,-24.583369,0.825719,35.835323,0.774972
1206,1.206000,-23.757450,-23.549017,-24.583369,0.825918,36.920628,0.781902
1207,1.207000,-23.757758,-23.571727,-24.583369,0.825611,38.026779,0.775632
1208,1.208000,-23.758577,-23.591829,-24.583369,0.824791,38.979439,0.770462
1209,1.209000,-23.759918,-23.609256,-24.583369,0.823451,39.822208,0.786382
1210,1.210000,-23.761784,-23.623954,-24.583369,0.821585,40.464939,0.776382
1211,1.211000,-23.764183,-23.635888,-24.583369,0.819186,40.864777,0.774763
1212,1.212000,-23.767115,-23.645032,-24.583369,0.816254,41.010334,0.776772
1213,1.213000,-23.770587,-23.651384,-24.583369,0.812782,40.998341,0.778452
1214,1.214000,-23.774594,-23.654955,-24.583369,0.808775,40.827091,0.761672
1215,1.215000,-23.779140,-23.655766,-24.583369,0.804229,40.466492,0.876352
1216,1.216000,-23.784223,-23.653852,-24.583369,0.799146,39.910480,0.776872
1217,1.217000,-23.789841,-23.649259,-24.583369,0.793528,39.115765,0.770982
1218,1.218000,-23.795990,-23.642051,-24.583369,0.787379,38.131279,0.776132
1219,1.219000,-23.802665,-23.632304,-24.583369,0.780704,36.934402,0.785842
1220,1.220000,-23.809858,-23.620109,-24.583369,0.773510,35.598640,0.771713
1221,1.221000,-23.817566,-23.605566,-24.583369,0.765803,34.047894,0.770832
1222,1.222000,-23.825781,-23.588789,-24.583369,0.757588,32.296219,0.781253
1223,1.223000,-23.834492,-23.569905,-24.583369,0.748877,30.685038,0.775792
1224,1.224000,-23.843688,-23.549037,-24.583369,0.739680,29.029114,0.772493
1225,1.225000,-23.853362,-23.526301,-24.583369,0.730007,27.207340,0.781412
1226,1.226000,-23.863499,-23.501831,-24.583369,0.719869,25.339994,0.777942
1227,1.227000,-23.874090,-23.475755,-24.583369,0.709279,23.590969,0.777213
1228,1.228000,-23.885119,-23.448200,-24.583369,0.698250,21.927706,0.766222
1229,1.229000,-23.896573,-23.419283,-24.583369,0.686796,20.431450,0.762862
1230,1.230000,-23.908439,-23.389112,-24.583369,0.674930,19.213900,0.898791
1231,1.231000,-23.920699,-23.357773,-24.583369,0.662670,17.989822,0.773612
1232,1.232000,-23.933341,-23.325349,-24.583369,0.650027,16.779226,0.770322
1233,1.233000,-23.946346,-23.291920,-24.583369,0.637023,15.529784,0.777262
1234,1.234000,-23.959699,-23.257569,-24.583369,0.623670,14.249187,0.977780
1235,1.235000,-23.973383,-23.222384,-24.583369,0.609985,12.964440,0.777812
1236,1.236000,-23.987380,-23.186452,-24.583369,0.595989,11.678671,0.779722
1237,1.237000,-24.001672,-23.149861,-24.583369,0.581696,10.592065,0.765332
1238,1.238000,-24.016241,-23.112687,-24.583369,0.567128,9.840545,0.770563
1239,1.239000,-24.031069,-23.074985,-24.583369,0.552299,9.077750,0.773742
1240,1.240000,-24.046137,-23.036806,-24.583369,0.537232,8.172038,0.785752
1241,1.241000,-24.061426,-22.998203,-24.583369,0.521943,7.253085,0.788232
1242,1.242000,-24.076917,-22.959240,-24.583369,0.506452,6.292194,0.804032
1243,1.243000,-24.092589,-22.919982,-24.583369,0.490780,5.256299,0.773212
1244,1.244000,-24.108425,-22.880497,-24.583369,0.474944,4.024300,0.773282
1245,1.245000,-24.124402,-22.840866,-24.583369,0.458967,2.777421,0.765612
1246,1.246000,-24.140503,-22.801176,-24.583369,0.442866,1.674562,0.774982
1247,1.247000,-24.156707,-22.761506,-24.583369,0.426661,0.655192,0.776582
1248,1.248000,-24.172994,-22.721925,-24.583369,0.410375,-0.273447,0.789583
1249,1.249000,-24.189344,-22.682498,-24.583369,0.394025,-1.146668,0.911181
1250,1.250000,-24.205738,-22.643279,-24.583369,0.377631,-1.970358,0.784192
1251,1.251000,-24.222154,-22.604328,-24.583369,0.361215,-2.794157,0.771822
1252,1.252000,-24.238576,-22.565693,-24.583369,0.344793,-3.541188,0.763562
1253,1.253000,-24.254980,-22.527426,-24.583369,0.328389,-4.224943,0.987720
1254,1.254000,-24.271349,-22.489569,-24.583369,0.312020,-4.870889,0.767983
1255,1.255000,-24.287663,-22.452167,-24.583369,0.295706,-5.495987,0.766492
1256,1.256000,-24.303903,-22.415257,-24.583369,0.279466,-6.116206,0.775302
1257,1.257000,-24.320051,-22.378877,-24.583369,0.263317,-6.732343,0.772802
1258,1.258000,-24.336087,-22.343070,-24.583369,0.247282,-7.360575,0.776343
1259,1.259000,-24.351991,-22.307873,-24.583369,0.231378,-7.961224,0.772062
1260,1.260000,-24.367748,-22.273325,-24.583369,0.215621,-8.527258,0.783692
1261,1.261000,-24.383340,-22.239463,-24.583369,0.200029,-9.104457,0.779182
1262,1.262000,-24.398747,-22.206325,-24.583369,0.184622,-9.744824,0.775092
1263,1.263000,-24.413953,-22.173948,-24.583369,0.169416,-10.368628,0.769242
1264,1.264000,-24.428940,-22.142375,-24.583369,0.154429,-10.973702,0.776552
1265,1.265000,-24.443693,-22.111643,-24.583369,0.139676,-11.560767,0.782443
1266,1.266000,-24.458195,-22.081790,-24.583369,0.125173,-12.127543,0.780492
1267,1.267000,-24.472429,-22.052854,-24.583369,0.110939,-12.806950,0.775812
1268,1.268000,-24.486382,-22.024876,-24.583369,0.096987,-13.441119,0.947930
1269,1.269000,-24.500039,-21.997895,-24.583369,0.083330,-13.994740,0.760193
1270,1.270000,-24.513383,-21.971948,-24.583369,0.069986,-14.502302,0.768722
1271,1.271000,-24.526402,-21.947068,-24.583369,0.056967,-14.967218,0.777543
1272,1.272000,-24.539082,-21.923282,-24.583369,0.044287,-15.387729,0.981770
1273,1.273000,-24.551410,-21.900616,-24.583369,0.031958,-15.744892,0.779782
1274,1.274000,-24.563373,-21.879090,-24.583369,0.019995,-16.119215,0.779782
1275,1.275000,-24.574961,-21.858726,-24.583369,0.008408,-16.574991,0.771372
1276,1.276000,-24.586161,-21.839547,-24.583369,-0.002792,-17.104441,0.781473
1277,1.277000,-24.596963,-21.821587,-24.583369,-0.013594,-17.585514,0.777712
1278,1.278000,-24.607355,-21.804875,-24.583369,-0.023986,-18.005507,0.764123
1279,1.279000,-24.617329,-21.789437,-24.583369,-0.033960,-18.339952,0.771952
1280,1.280000,-24.626875,-21.775295,-24.583369,-0.043507,-18.584982,0.787473
1281,1.281000,-24.635987,-21.762460,-24.583369,-0.052618,-18.742205,0.775222
1282,1.282000,-24.644656,-21.750937,-24.583369,-0.061287,-18.878580,0.780562
1283,1.283000,-24.652873,-21.740735,-24.583369,-0.069504,-18.997377,0.776433
1284,1.284000,-24.660634,-21.731854,-24.583369,-0.077265,-19.075760,0.784752
1285,1.285000,-24.667930,-21.724294,-24.583369,-0.084561,-19.144411,0.769883
1286,1.286000,-24.674760,-21.718057,-24.583369,-0.091391,-19.193781,0.770922
1287,1.287000,-24.681116,-21.713141,-24.583369,-0.097747,-19.216696,0.950441
1288,1.288000,-24.686996,-21.709543,-24.583369,-0.103628,-19.216341,0.777152
1289,1.289000,-24.692396,-21.707260,-24.583369,-0.109027,-19.164389,0.774583
1290,1.290000,-24.697312,-21.706281,-24.583369,-0.113943,-19.073515,0.779372
1291,1.291000,-24.701745,-21.706601,-24.583369,-0.118376,-18.942184,0.984870
1292,1.292000,-24.705691,-21.708204,-24.583369,-0.122322,-18.808428,0.787642
1293,1.293000,-24.709150,-21.711078,-24.583369,-0.125781,-18.681076,0.771892
1294,1.294000,-24.712121,-21.715207,-24.583369,-0.128752,-18.537189,0.777043
1295,1.295000,-24.714608,-21.720580,-24.583369,-0.131239,-18.386496,0.766152
1296,1.296000,-24.716607,-21.727185,-24.583369,-0.133238,-18.181620,0.773393
1297,1.297000,-24.718123,-21.735001,-24.583369,-0.134755,-17.919401,0.776862
1298,1.298000,-24.719158,-21.744008,-24.583369,-0.135789,-17.652262,0.787432
1299,1.299000,-24.719715,-21.754185,-24.583369,-0.136346,-17.367327,0.776292
1300,1.300000,-24.719795,-21.765508,-24.583369,-0.136426,-17.027716,0.782182
1301,1.301000,-24.719406,-21.777951,-24.583369,-0.136037,-16.658678,0.765083
1302,1.302000,-24.718550,-21.791485,-24.583369,-0.135181,-16.446049,0.769912
1303,1.303000,-24.717234,-21.806091,-24.583369,-0.133865,-16.542616,0.791663
1304,1.304000,-24.715461,-21.821770,-24.583369,-0.132092,-16.597208,0.770512
1305,1.305000,-24.713241,-21.838524,-24.583369,-0.129873,-16.590944,0.775482
1306,1.306000,-24.710578,-21.856351,-24.583369,-0.127209,-16.505095,0.943990
1307,1.307000,-24.707480,-21.875248,-24.583369,-0.124111,-16.342974,0.777353
1308,1.308000,-24.703956,-21.895203,-24.583369,-0.120587,-16.099443,0.780462
1309,1.309000,-24.700013,-21.916192,-24.583369,-0.116644,-15.840293,0.776942
1310,1.310000,-24.695661,-21.938199,-24.583369,-0.112292,-15.550695,0.965200
1311,1.311000,-24.690908,-21.961199,-24.583369,-0.107540,-15.245957,0.774842
1312,1.312000,-24.685765,-21.985168,-24.583369,-0.102396,-15.104653,0.763562
1313,1.313000,-24.680245,-22.010090,-24.583369,-0.096876,-15.084349,0.778022
1314,1.314000,-24.674355,-22.035961,-24.583369,-0.090987,-14.995502,0.780332
1315,1.315000,-24.668108,-22.062775,-24.583369,-0.084739,-14.809961,0.784852
1316,1.316000,-24.661515,-22.090517,-24.583369,-0.078146,-14.574545,0.784472
1317,1.317000,-24.654591,-22.119171,-24.583369,-0.071222,-14.290681,0.794543
1318,1.318000,-24.647346,-22.148715,-24.583369,-0.063977,-13.970270,0.768832
1319,1.319000,-24.639793,-22.179125,-24.583369,-0.056424,-13.656231,0.775242
1320,1.320000,-24.631949,-22.210377,-24.583369,-0.048580,-13.387568,0.778652
1321,1.321000,-24.623824,-22.242446,-24.583369,-0.040455,-13.092649,0.783812
1322,1.322000,-24.615435,-22.275313,-24.583369,-0.032066,-12.760123,0.778103
1323,1.323000,-24.606796,-22.308953,-24.583369,-0.023428,-12.377303,0.798602
1324,1.324000,-24.597922,-22.343338,-24.583369,-0.014553,-11.948660,0.774472
1325,1.325000,-24.588830,-22.378437,-24.583369,-0.005461,-11.483085,0.892581
1326,1.326000,-24.579532,-22.414217,-24.583369,0.003837,-10.984277,0.798052
1327,1.327000,-24.570048,-22.450641,-24.583369,0.013321,-10.454624,0.766972
1328,1.328000,-24.560394,-22.487670,-24.583369,0.022975,-9.895190,0.783562
1329,1.329000,-24.550586,-22.525265,-24.583369,0.032783,-9.300216,0.781452
1330,1.330000,-24.540639,-22.563386,-24.583369,0.042730,-8.743225,0.779302
1331,1.331000,-24.530575,-22.601991,-24.583369,0.052794,-8.178506,0.788612
1332,1.332000,-24.520406,-22.641041,-24.583369,0.062962,-7.628771,0.778062
1333,1.333000,-24.510154,-22.680493,-24.583369,0.073215,-7.089189,0.777133
1334,1.334000,-24.499836,-22.720315,-24.583369,0.083533,-6.525936,0.768442
1335,1.335000,-24.489469,-22.760466,-24.583369,0.093900,-5.853586,0.778033
1336,1.336000,-24.479070,-22.800903,-24.583369,0.104299,-5.120422,0.786612
1337,1.337000,-24.468659,-22.841573,-24.583369,0.114710,-4.319516,0.790112
1338,1.338000,-24.458255,-22.882423,-24.583369,0.125114,-3.357004,0.780783
1339,1.339000,-24.447875,-22.923387,-24.583369,0.135494,-2.332777,0.779362
1340,1.340000,-24.437537,-22.964394,-24.583369,0.145831,-1.183879,0.771962
1341,1.341000,-24.427261,-23.005366,-24.583369,0.156107,0.110392,0.769022
1342,1.342000,-24.417064,-23.046218,-24.583369,0.166305,1.521713,0.771962
1343,1.343000,-24.406966,-23.086847,-24.583369,0.176403,2.773668,0.775682
1344,1.344000,-24.396982,-23.127169,-24.583369,0.186387,3.980280,0.774542
1345,1.345000,-24.387134,-23.167100,-24.583369,0.196235,5.101357,0.869432
1346,1.346000,-24.377437,-23.206563,-24.583369,0.205932,6.153275,0.788472
1347,1.347000,-24.367911,-23.245490,-24.583369,0.215458,7.158054,0.773442
1348,1.348000,-24.358570,-23.283813,-24.583369,0.224799,8.118465,0.776372
1349,1.349000,-24.349435,-23.321469,-24.583369,0.233934,9.079066,0.761813
1350,1.350000,-24.340521,-23.358400,-24.583369,0.242847,10.144008,0.771822
1351,1.351000,-24.331844,-23.394535,-24.583369,0.251525,11.399366,0.776482
1352,1.352000,-24.323422,-23.429796,-24.583369,0.259947,12.622124,0.782072
1353,1.353000,-24.315267,-23.464101,-24.583369,0.268102,13.812885,0.779432
1354,1.354000,-24.307398,-23.497370,-24.583369,0.275970,15.081765,0.781753
1355,1.355000,-24.299829,-23.529520,-24.583369,0.283540,16.398748,0.772402
1356,1.356000,-24.292572,-23.560466,-24.583369,0.290797,17.809492,0.766173
1357,1.357000,-24.285643,-23.590116,-24.583369,0.297726,19.159624,0.776722
1358,1.358000,-24.279055,-23.618378,-24.583369,0.304314,20.445246,0.775113
1359,1.359000,-24.272819,-23.645169,-24.583369,0.310550,21.598724,0.774682
1360,1.360000,-24.266948,-23.670413,-24.583369,0.316420,23.253456,0.801392
1361,1.361000,-24.261453,-23.694008,-24.583369,0.321915,24.837914,0.774603
1362,1.362000,-24.256344,-23.715849,-24.583369,0.327024,26.542269,0.772942
1363,1.363000,-24.251632,-23.735826,-24.583369,0.331737,28.042580,0.774803
1364,1.364000,-24.247325,-23.753836,-24.583369,0.336044,29.283401,0.777892
1365,1.365000,-24.243432,-23.769798,-24.583369,0.339937,30.187910,0.773942
1366,1.366000,-24.239957,-23.783653,-24.583369,0.343412,30.725721,0.783902
1367,1.367000,-24.236909,-23.795368,-24.583369,0.346460,30.948299,0.775032
1368,1.368000,-24.234295,-23.804941,-24.583369,0.349074,31.040384,0.772153
1369,1.369000,-24.232114,-23.812372,-24.583369,0.351254,31.036264,0.857701
1370,1.370000,-24.230374,-23.817676,-24.583369,0.352994,30.708021,0.774782
1371,1.371000,-24.229077,-23.820881,-24.583369,0.354292,30.196917,0.763852
1372,1.372000,-24.228221,-23.822033,-24.583369,0.355148,29.575672,0.772903
1373,1.373000,-24.227811,-23.821185,-24.583369,0.355557,28.836803,0.778532
1374,1.374000,-24.227846,-23.818394,-24.583369,0.355523,28.045542,0.774983
1375,1.375000,-24.228322,-23.813728,-24.583369,0.355047,27.161863,0.789782
1376,1.376000,-24.229241,-23.807249,-24.583369,0.354128,26.252014,0.784832
1377,1.377000,-24.230598,-23.799029,-24.583369,0.352771,25.312956,0.764582
1378,1.378000,-24.232391,-23.789139,-24.583369,0.350978,24.308414,0.771452
1379,1.379000,-24.234614,-23.777652,-24.583369,0.348755,23.318495,0.774683
1380,1.380000,-24.237263,-23.764641,-24.583369,0.346106,22.185364,0.772192
1381,1.381000,-24.240333,-23.750186,-24.583369,0.343036,21.119415,0.778273
1382,1.382000,-24.243816,-23.734366,-24.583369,0.339553,20.291372,0.782392
1383,1.383000,-24.247708,-23.717241,-24.583369,0.335661,19.443523,0.859712
1384,1.384000,-24.251997,-23.698875,-24.583369,0.331372,18.645041,0.780152
1385,1.385000,-24.256679,-23.679320,-24.583369,0.326690,17.910786,0.767883
1386,1.386000,-24.261744,-23.658631,-24.583369,0.321625,17.186008,0.771772
1387,1.387000,-24.267182,-23.636857,-24.583369,0.316187,16.454729,0.774882
1388,1.388000,-24.272985,-23.614049,-24.583369,0.310384,15.697844,0.780512
1389,1.389000,-24.279140,-23.590259,-24.583369,0.304229,14.913081,0.800892
1390,1.390000,-24.285637,-23.565541,-24.583369,0.297731,14.101692,0.787532
1391,1.391000,-24.292468,-23.539953,-24.583369,0.290901,13.275066,0.777033
1392,1.392000,-24.299617,-23.513553,-24.583369,0.283752,12.442883,0.781062
1393,1.393000,-24.307076,-23.486398,-24.583369,0.276293,11.643858,0.777902
1394,1.394000,-24.314828,-23.458544,-24.583369,0.268541,10.903827,0.784403
1395,1.395000,-24.322864,-23.430045,-24.583369,0.260505,10.305388,0.777422
1396,1.396000,-24.331169,-23.400944,-24.583369,0.252200,9.780120,0.783722
1397,1.397000,-24.339731,-23.371277,-24.583369,0.243638,9.231858,0.782172
1398,1.398000,-24.348533,-23.341079,-24.583369,0.234836,8.637230,0.776452
1399,1.399000,-24.357566,-23.310392,-24.583369,0.225803,7.986731,0.772552
1400,1.400000,-24.366813,-23.279259,-24.583369,0.216556,7.333422,0.764322
1401,1.401000,-24.376259,-23.247724,-24.583369,0.207110,6.659945,0.773683
1402,1.402000,-24.385891,-23.215833,-24.583369,0.197478,5.948909,0.778222
1403,1.403000,-24.395692,-23.183638,-24.583369,0.187677,5.232203,0.865092
1404,1.404000,-24.405649,-23.151186,-24.583369,0.177720,4.470767,0.781122
1405,1.405000,-24.415746,-23.118529,-24.583369,0.167623,3.617756,0.782912
1406,1.406000,-24.425967,-23.085725,-24.583369,0.157402,2.721603,0.773972
1407,1.407000,-24.436298,-23.052836,-24.583369,0.147071,1.777460,0.776112
1408,1.408000,-24.446722,-23.019927,-24.583369,0.136646,0.772531,0.771773
1409,1.409000,-24.457225,-22.987065,-24.583369,0.126143,-0.074790,0.771422
1410,1.410000,-24.467792,-22.954311,-24.583369,0.115577,-0.882065,0.777803
1411,1.411000,-24.478404,-22.921722,-24.583369,0.104965,-1.629294,0.786182
1412,1.412000,-24.489049,-22.889345,-24.583369,0.094320,-2.280487,0.788342
1413,1.413000,-24.499709,-22.857228,-24.583369,0.083660,-2.783975,0.796402
1414,1.414000,-24.510371,-22.825399,-24.583369,0.072998,-3.253843,0.778552
1415,1.415000,-24.521019,-22.793893,-24.583369,0.062349,-3.692039,0.763323
1416,1.416000,-24.531639,-22.762732,-24.583369,0.051730,-4.131811,0.769232
1417,1.417000,-24.542212,-22.731945,-24.583369,0.041157,-4.580280,0.776392
1418,1.418000,-24.552727,-22.701560,-24.583369,0.030642,-5.037502,0.774922
1419,1.419000,-24.563170,-22.671604,-24.583369,0.020199,-5.502347,0.776002
1420,1.420000,-24.573523,-22.642108,-24.583369,0.009846,-5.968088,0.771172
1421,1.421000,-24.583775,-22.613102,-24.583369,-0.000406,-6.439050,0.769802
1422,1.422000,-24.593910,-22.584613,-24.583369,-0.010541,-6.902497,0.766583
1423,1.423000,-24.603914,-22.556676,-24.583369,-0.020545,-7.344362,0.785682
1424,1.424000,-24.613775,-22.529316,-24.583369,-0.030406,-7.774341,0.769743
1425,1.425000,-24.623479,-22.502562,-24.583369,-0.040110,-8.198035,0.780302
1426,1.426000,-24.633014,-22.476442,-24.583369,-0.049645,-8.617112,0.952851
1427,1.427000,-24.642365,-22.450979,-24.583369,-0.058996,-9.061138,0.801942
1428,1.428000,-24.651520,-22.426202,-24.583369,-0.068152,-9.517916,0.781152
1429,1.429000,-24.660470,-22.402141,-24.583369,-0.077101,-9.942270,0.772132
1430,1.430000,-24.669199,-22.378823,-24.583369,-0.085830,-10.351304,0.774012
1431,1.431000,-24.677697,-22.356273,-24.583369,-0.094328,-10.757897,0.786053
1432,1.432000,-24.685955,-22.334517,-24.583369,-0.102586,-11.153172,0.782122
1433,1.433000,-24.693960,-22.313579,-24.583369,-0.110591,-11.531672,0.791462
1434,1.434000,-24.701702,-22.293481,-24.583369,-0.118333,-11.905210,0.786243
1435,1.435000,-24.709171,-22.274249,-24.583369,-0.125802,-12.269313,0.774602
1436,1.436000,-24.716358,-22.255903,-24.583369,-0.132989,-12.704578,0.774053
1437,1.437000,-24.723253,-22.238469,-24.583369,-0.139884,-13.128535,0.776922
1438,1.438000,-24.729847,-22.221973,-24.583369,-0.146479,-13.525279,0.787872
1439,1.439000,-24.736135,-22.206441,-24.583369,-0.152766,-13.891493,0.774393
1440,1.440000,-24.742106,-22.191894,-24.583369,-0.158737,-14.215088,0.776642
1441,1.441000,-24.747753,-22.178353,-24.583369,-0.164384,-14.468527,0.775173
1442,1.442000,-24.753070,-22.165834,-24.583369,-0.169701,-14.684331,0.780652
1443,1.443000,-24.758049,-22.154344,-24.583369,-0.174680,-14.848388,0.778252
1444,1.444000,-24.762687,-22.143895,-24.583369,-0.179318,-14.979562,0.765222
1445,1.445000,-24.766978,-22.134490,-24.583369,-0.183609,-15.108422,0.767432
1446,1.446000,-24.770914,-22.126133,-24.583369,-0.187545,-15.263478,0.962540
1447,1.447000,-24.774495,-22.118833,-24.583369,-0.191126,-15.404332,0.941201
1448,1.448000,-24.777713,-22.112594,-24.583369,-0.194344,-15.531859,1.232768
1449,1.449000,-24.780567,-22.107424,-24.583369,-0.197198,-15.626853,1.020560
1450,1.450000,-24.783055,-22.103322,-24.583369,-0.199686,-15.687341,0.811192
1451,1.451000,-24.785172,-22.100295,-24.583369,-0.201803,-15.707194,0.801022
1452,1.452000,-24.786919,-22.098336,-24.583369,-0.203550,-15.684342,0.787462
1453,1.453000,-24.788292,-22.097443,-24.583369,-0.204923,-15.620994,0.792282
1454,1.454000,-24.789290,-22.097609,-24.583369,-0.205922,-15.555524,0.787562
1455,1.455000,-24.789917,-22.098824,-24.583369,-0.206548,-15.453485,0.786632
1456,1.456000,-24.790170,-22.101078,-24.583369,-0.206801,-15.314404,0.797242
1457,1.457000,-24.790049,-22.104360,-24.583369,-0.206680,-15.165368,0.781772
1458,1.458000,-24.789557,-22.108655,-24.583369,-0.206188,-14.989310,0.782202
1459,1.459000,-24.788695,-22.113946,-24.583369,-0.205326,-14.757656,1.140819
1460,1.460000,-24.787465,-22.120220,-24.583369,-0.204096,-14.490771,0.794092
1461,1.461000,-24.785870,-22.127450,-24.583369,-0.202501,-14.196620,0.819672
1462,1.462000,-24.783915,-22.135617,-24.583369,-0.200546,-13.890979,0.896601
1463,1.463000,-24.781600,-22.144694,-24.583369,-0.198231,-13.605369,1.304447
1464,1.464000,-24.778931,-22.154659,-24.583369,-0.195562,-13.334667,0.807422
1465,1.465000,-24.775914,-22.165492,-24.583369,-0.192545,-13.046868,0.796172
1466,1.466000,-24.772550,-22.177170,-24.583369,-0.189181,-12.740741,0.788473
1467,1.467000,-24.768848,-22.189671,-24.583369,-0.185479,-12.417219,0.783712
1468,1.468000,-24.764813,-22.202969,-24.583369,-0.181444,-12.088841,0.769422
1469,1.469000,-24.760450,-22.217041,-24.583369,-0.177081,-11.743989,0.779192
1470,1.470000,-24.755768,-22.231861,-24.583369,-0.172399,-11.502732,0.776512
1471,1.471000,-24.750772,-22.247410,-24.583369,-0.167403,-11.510928,0.780853
1472,1.472000,-24.745468,-22.263683,-24.583369,-0.162099,-11.584970,0.773662
1473,1.473000,-24.739867,-22.280685,-24.583369,-0.156498,-11.702441,0.790562
1474,1.474000,-24.733975,-22.298425,-24.583369,-0.150606,-11.798352,0.773563
1475,1.475000,-24.727802,-22.316907,-24.583369,-0.144433,-11.870681,0.768172
1476,1.476000,-24.721354,-22.336139,-24.583369,-0.137985,-11.904700,0.774542
1477,1.477000,-24.714643,-22.356121,-24.583369,-0.131275,-11.904318,0.770522
1478,1.478000,-24.707678,-22.376854,-24.583369,-0.124309,-11.866191,0.778583
1479,1.479000,-24.700469,-22.398332,-24.583369,-0.117100,-11.788392,0.777682
1480,1.480000,-24.693026,-22.420548,-24.583369,-0.109657,-11.663758,0.782592
1481,1.481000,-24.685357,-22.443494,-24.583369,-0.101988,-11.495580,0.776232
1482,1.482000,-24.677479,-22.467153,-24.583369,-0.094110,-11.286790,0.860482
1483,1.483000,-24.669397,-22.491511,-24.583369,-0.086028,-11.041070,0.772422
1484,1.484000,-24.661125,-22.516547,-24.583369,-0.077757,-10.757462,0.778472
1485,1.485000,-24.652676,-22.542239,-24.583369,-0.069308,-10.434337,0.776593
1486,1.486000,-24.644062,-22.568565,-24.583369,-0.060693,-10.061418,0.779162
1487,1.487000,-24.635294,-22.595497,-24.583369,-0.051925,-9.654477,0.784702
1488,1.488000,-24.626387,-22.623004,-24.583369,-0.043018,-9.255263,0.781092
1489,1.489000,-24.617351,-22.651057,-24.583369,-0.033982,-8.846980,0.767642
1490,1.490000,-24.608202,-22.679626,-24.583369,-0.024833,-8.412832,0.768062
1491,1.491000,-24.598952,-22.708680,-24.583369,-0.015583,-7.949049,0.779902
1492,1.492000,-24.589617,-22.738188,-24.583369,-0.006248,-7.450901,0.778493
1493,1.493000,-24.580206,-22.768113,-24.583369,0.003162,-6.943573,0.777332
1494,1.494000,-24.570738,-22.798418,-24.583369,0.012631,-6.438581,0.785812
1495,1.495000,-24.561225,-22.829072,-24.583369,0.022143,-5.939789,0.776492
1496,1.496000,-24.551684,-22.860035,-24.583369,0.031685,-5.372483,1.855051
1497,1.497000,-24.542125,-22.891273,-24.583369,0.041244,-4.698954,0.782432
1498,1.498000,-24.532566,-22.922736,-24.583369,0.050803,-3.999583,0.772142
1499,1.499000,-24.523019,-22.954379,-24.583369,0.060350,-3.202803,1.022670
1500,1.500000,-24.513503,-22.986146,4.618329,-29.131832,112.122398,0.769332
1501,1.501000,-24.504028,-23.011420,4.618329,-29.122357,112.022148,0.774082
1502,1.502000,-24.494611,-23.028498,4.618329,-29.112940,112.003365,0.777512
1503,1.503000,-24.485257,-23.037152,4.618329,-29.103586,111.994987,0.779892
1504,1.504000,-24.475974,-23.037531,4.618329,-29.094304,111.995003,0.778582
1505,1.505000,-24.466767,-23.029841,4.618329,-29.085097,111.995262,0.779423
1506,1.506000,-24.457635,-23.014256,4.618329,-29.075965,111.995651,0.767652
1507,1.507000,-24.448575,-22.990909,4.618329,-29.066904,111.996094,0.766163
1508,1.508000,-24.439583,-22.959899,4.618329,-29.057912,111.996536,0.772482
1509,1.509000,-24.430649,-22.921295,4.618329,-29.048979,111.997093,0.779603
1510,1.510000,-24.421763,-22.875154,4.618329,-29.040092,111.997841,0.784372
1511,1.511000,-24.412911,-22.821511,4.618329,-29.031241,111.998726,0.793562
1512,1.512000,-24.404076,-22.760400,4.618329,-29.022406,111.999687,0.776893
1513,1.513000,-24.395242,-22.691847,4.618329,-29.013571,112.000786,0.767642
1514,1.514000,-24.386383,-22.615875,4.618329,-29.004712,112.001999,1.225838
1515,1.515000,-24.377474,-22.532500,4.618329,-28.995804,112.003365,0.877431
1516,1.516000,-24.368493,-22.441744,4.618329,-28.986822,112.004906,0.777202
1517,1.517000,-24.359404,-22.343620,4.618329,-28.977733,112.006660,0.861911
1518,1.518000,-24.350178,-22.238145,4.618329,-28.968507,112.008774,0.935251
1519,1.519000,-24.340779,-22.125334,4.618329,-28.959109,112.012184,0.765703
1520,1.520000,-24.331169,-22.005201,4.618329,-28.949499,112.016655,0.779752
1521,1.521000,-24.321308,-21.877760,4.618329,-28.939637,112.020241,0.781573
1522,1.522000,-24.311153,-21.743026,4.618329,-28.929483,112.022728,0.783642
1523,1.523000,-24.300657,-21.601011,4.618329,-28.918986,112.025215,0.786652
1524,1.524000,-24.289775,-21.451731,4.618329,-28.908104,112.028793,0.775033
1525,1.525000,-24.278452,-21.295196,4.618329,-28.896781,112.033806,0.775272
1526,1.526000,-24.266639,-21.131422,4.618329,-28.884969,112.040054,0.772283
1527,1.527000,-24.254278,-20.960420,4.618329,-28.872608,112.047691,0.780032
1528,1.528000,-24.241313,-20.782203,4.618329,-28.859642,112.056976,0.779472
1529,1.529000,-24.227683,-20.596785,4.618329,-28.846013,112.067551,0.780622
1530,1.530000,-24.213325,-20.404178,4.618329,-28.831654,112.079796,0.780392
1531,1.531000,-24.198172,-20.204391,4.618329,-28.816501,112.092621,0.790942
1532,1.532000,-24.182160,-19.997438,4.618329,-28.800489,112.107216,0.780262
1533,1.533000,-24.165216,-19.783330,4.618329,-28.783545,112.124825,0.913931
1534,1.534000,-24.147270,-19.562080,4.618329,-28.765599,112.143837,0.778812
1535,1.535000,-24.128246,-19.333696,4.618329,-28.746575,112.167107,0.770113
1536,1.536000,-24.108070,-19.098191,4.618329,-28.726399,112.201744,0.806762
1537,1.537000,-24.086662,-18.855572,4.618329,-28.704991,112.241814,0.986430
1538,1.538000,-24.063940,-18.605850,4.618329,-28.682269,112.276390,0.774293
1539,1.539000,-24.039821,-18.349033,4.618329,-28.658150,112.295273,0.782092
1540,1.540000,-24.014221,-18.085132,4.618329,-28.632550,112.209351,0.779502
1541,1.541000,-23.987052,-17.814161,4.618329,-28.605382,111.022438,0.772592
1542,1.542000,-23.958226,-17.536202,4.618329,-28.576555,88.958961,0.773052
1543,1.543000,-23.927650,-17.252549,4.618329,-28.545979,62.767250,0.769022
1544,1.544000,-23.895232,-16.965039,4.618329,-28.513562,39.169983,0.767442
1545,1.545000,-23.860880,-16.675471,4.618329,-28.479209,26.842316,0.780253
1546,1.546000,-23.824497,-16.384934,4.618329,-28.442827,17.983648,0.787122
1547,1.547000,-23.785994,-16.094103,4.618329,-28.404323,11.176459,0.786052
1548,1.548000,-23.745274,-15.803424,4.618329,-28.363603,6.674277,0.775922
1549,1.549000,-23.702247,-15.513161,4.618329,-28.320576,3.734515,0.775602
1550,1.550000,-23.656825,-15.223457,4.618329,-28.275154,0.722188,0.769342
1551,1.551000,-23.608914,-14.934437,4.618329,-28.227244,-1.743590,0.785642
1552,1.552000,-23.558426,-14.646217,4.618329,-28.176755,-4.411128,0.862682
1553,1.553000,-23.505275,-14.358919,4.618329,-28.123604,-7.656483,0.774632
1554,1.554000,-23.449375,-14.072720,4.618329,-28.067704,-11.095721,0.776633
1555,1.555000,-23.390639,-13.787824,4.618329,-28.008968,-15.390983,0.775172
1556,1.556000,-23.328982,-13.504493,4.618329,-27.947312,-19.275616,0.773793
1557,1.557000,-23.264326,-13.222985,4.618329,-27.882655,-25.070322,0.786292
1558,1.558000,-23.196589,-12.943662,4.618329,-27.814919,-30.902739,0.777732
1559,1.559000,-23.125692,-12.666916,4.618329,-27.744021,-36.511391,0.773133
1560,1.560000,-23.051559,-12.393131,4.618329,-27.669888,-42.366722,0.777402
1561,1.561000,-22.974116,-12.122694,4.618329,-27.592446,-48.147148,0.775003
1562,1.562000,-22.893290,-11.855993,4.618329,-27.511619,-54.276814,0.784132
1563,1.563000,-22.809012,-11.593429,4.618329,-27.427341,-59.676636,0.803722
1564,1.564000,-22.721217,-11.335362,4.618329,-27.339546,-64.508698,0.771513
1565,1.565000,-22.629837,-11.082110,4.618329,-27.248167,-70.790215,0.762642
1566,1.566000,-22.534814,-10.834059,4.618329,-27.153143,-77.303810,0.777663
1567,1.567000,-22.436091,-10.591630,4.618329,-27.054420,-84.385315,0.771992
1568,1.568000,-22.333610,-10.355282,4.618329,-26.951940,-93.805344,0.777943
1569,1.569000,-22.227324,-10.125615,4.618329,-26.845653,-100.368141,0.782992
1570,1.570000,-22.117182,-9.903100,4.618329,-26.735511,-104.359413,0.783142
1571,1.571000,-22.003144,-9.688020,4.618329,-26.621473,-106.764061,0.777102
1572,1.572000,-21.885167,-9.480513,4.618329,-26.503497,-108.151131,0.770492
1573,1.573000,-21.763218,-9.280635,4.618329,-26.381547,-108.947212,0.769603
1574,1.574000,-21.637266,-9.088383,4.618329,-26.255595,-109.421654,0.775262
1575,1.575000,-21.507282,-8.903738,4.618329,-26.125611,-109.686974,0.939551
1576,1.576000,-21.373245,-8.726667,4.618329,-25.991574,-109.812767,0.782682
1577,1.577000,-21.235135,-8.557134,4.618329,-25.853464,-109.878746,0.786462
1578,1.578000,-21.092939,-8.395105,4.618329,-25.711268,-109.904816,0.789172
1579,1.579000,-20.946645,-8.240546,4.618329,-25.564974,-109.919289,0.769772
1580,1.580000,-20.796248,-8.093423,4.618329,-25.414577,-109.923790,0.770192
1581,1.581000,-20.641742,-7.953711,4.618329,-25.260071,-109.922821,0.774662
1582,1.582000,-20.483133,-7.821381,4.618329,-25.101462,-109.922592,0.786592
1583,1.583000,-20.320426,-7.696407,4.618329,-24.938755,-109.926811,0.783952
1584,1.584000,-20.153627,-7.578767,4.618329,-24.771957,-109.933144,0.779073
1585,1.585000,-19.982755,-7.468434,4.618329,-24.601084,-109.942390,0.773622
1586,1.586000,-19.807827,-7.365390,4.618329,-24.426156,-109.953262,0.777182
1587,1.587000,-19.628862,-7.269609,4.618329,-24.247192,-109.959984,0.759882
1588,1.588000,-19.445888,-7.181073,4.618329,-24.064218,-109.963028,0.763372
1589,1.589000,-19.258936,-7.099757,4.618329,-23.877265,-109.962975,0.785392
1590,1.590000,-19.068039,-7.025640,4.618329,-23.686368,-109.960533,0.813262
1591,1.591000,-18.873233,-6.958701,4.618329,-23.491563,-109.949028,0.783342
1592,1.592000,-18.674564,-6.898916,4.618329,-23.292893,-109.926888,0.782692
1593,1.593000,-18.472074,-6.846264,4.618329,-23.090403,-109.893349,0.789052
1594,1.594000,-18.265814,-6.800719,4.618329,-22.884144,-109.840179,0.920121
1595,1.595000,-18.055839,-6.762258,4.618329,-22.674168,-109.756073,0.782052
1596,1.596000,-17.842203,-6.730853,4.618329,-22.460532,-109.627647,0.767693
1597,1.597000,-17.624970,-6.706475,4.618329,-22.243299,-109.408272,0.788142
1598,1.598000,-17.404205,-6.689089,4.618329,-22.022534,-109.043602,0.777633
1599,1.599000,-17.179975,-6.678649,4.618329,-21.798304,-108.455505,0.780272
1600,1.600000,-16.952352,-6.675096,4.618329,-21.570681,-107.323166,0.775722
1601,1.601000,-16.721413,-6.678337,4.618329,-21.339742,-105.146629,0.791192
1602,1.602000,-16.487238,-6.688210,4.618329,-21.105568,-102.101425,0.766242
1603,1.603000,-16.249911,-6.704486,4.618329,-20.868241,-98.666573,0.767643
1604,1.604000,-16.009516,-6.726904,4.618329,-20.627845,-94.058235,0.771472
1605,1.605000,-15.766143,-6.755128,4.618329,-20.384472,-87.534576,0.773322
1606,1.606000,-15.519887,-6.788702,4.618329,-20.138216,-79.214142,0.775202
1607,1.607000,-15.270843,-6.827038,4.618329,-19.889172,-71.368782,0.789352
1608,1.608000,-15.019108,-6.869551,4.618329,-19.637437,-64.869667,0.770392
1609,1.609000,-14.764784,-6.915744,4.618329,-19.383113,-60.053528,0.922211
1610,1.610000,-14.507972,-6.965248,4.618329,-19.126302,-55.137436,0.783302
1611,1.611000,-14.248782,-7.017724,4.618329,-18.867111,-50.380257,0.770583
1612,1.612000,-13.987316,-7.072850,4.618329,-18.605646,-46.783943,0.779342
1613,1.613000,-13.723687,-7.130371,4.618329,-18.342016,-43.299805,0.972661
1614,1.614000,-13.458002,-7.190056,4.618329,-18.076331,-39.794724,0.775202
1615,1.615000,-13.190373,-7.251677,4.618329,-17.808702,-37.353592,0.776442
1616,1.616000,-12.920915,-7.315063,4.618329,-17.539244,-35.325100,0.783182
1617,1.617000,-12.649740,-7.380078,4.618329,-17.268069,-33.358246,0.770802
1618,1.618000,-12.376966,-7.446601,4.618329,-16.995295,-31.263199,0.776443
1619,1.619000,-12.102709,-7.514498,4.618329,-16.721039,-29.630384,0.766202
1620,1.620000,-11.827086,-7.583659,4.618329,-16.445416,-27.813992,0.780183
1621,1.621000,-11.550216,-7.653967,4.618329,-16.168545,-25.787270,0.779122
1622,1.622000,-11.272219,-7.725290,4.618329,-15.890548,-23.609241,0.790122
1623,1.623000,-10.993213,-7.797481,4.618329,-15.611543,-21.749601,0.781012
1624,1.624000,-10.713322,-7.870409,4.618329,-15.331651,-20.264532,0.777612
1625,1.625000,-10.432664,-7.943968,4.618329,-15.050993,-18.836233,0.771103
1626,1.626000,-10.151364,-8.018063,4.618329,-14.769693,-17.288454,0.764952
1627,1.627000,-9.869541,-8.092591,4.618329,-14.487871,-15.699845,0.771193
1628,1.628000,-9.587321,-8.167446,4.618329,-14.205650,-13.902188,0.935560
1629,1.629000,-9.304824,-8.242512,4.618329,-13.923153,-12.142397,0.783342
1630,1.630000,-9.022174,-8.317667,4.618329,-13.640504,-10.287862,0.778662
1631,1.631000,-8.739495,-8.392784,4.618329,-13.357824,-8.378850,0.777363
1632,1.632000,-8.456909,-8.467737,4.618329,-13.075238,-6.375823,0.971410
1633,1.633000,-8.174539,-8.542389,4.618329,-12.792869,-4.541793,0.778892
1634,1.634000,-7.892508,-8.616613,4.618329,-12.510837,-2.784138,0.777912
1635,1.635000,-7.610939,-8.690292,4.618329,-12.229268,-1.045293,0.779252
1636,1.636000,-7.329953,-8.763310,4.618329,-11.948283,0.587625,0.765802
1637,1.637000,-7.049673,-8.835559,4.618329,-11.668002,1.946511,0.775382
1638,1.638000,-6.770219,-8.906948,4.618329,-11.388548,3.213565,0.781273
1639,1.639000,-6.491712,-8.977397,4.618329,-11.110041,4.444755,0.783312
1640,1.640000,-6.214272,-9.046831,4.618329,-10.832601,5.628496,0.786202
1641,1.641000,-5.938018,-9.115173,4.618329,-10.556348,6.714416,0.779463
1642,1.642000,-5.663069,-9.182360,4.618329,-10.281398,7.603802,0.774012
1643,1.643000,-5.389542,-9.248335,4.618329,-10.007872,8.641503,0.773063
1644,1.644000,-5.117553,-9.313037,4.618329,-9.735883,9.999614,0.778852
1645,1.645000,-4.847219,-9.376386,4.618329,-9.465549,11.526509,0.777442
1646,1.646000,-4.578654,-9.438288,4.618329,-9.196983,13.209287,0.772763
1647,1.647000,-4.311971,-9.498631,4.618329,-8.930300,14.870065,0.921941
1648,1.648000,-4.047282,-9.557309,4.618329,-8.665611,16.301636,0.777522
1649,1.649000,-3.784698,-9.614226,4.618329,-8.403027,17.557838,0.772663
1650,1.650000,-3.524329,-9.669301,4.618329,-8.142658,18.819613,0.777332
1651,1.651000,-3.266283,-9.722458,4.618329,-7.884613,20.186712,0.975511
1652,1.652000,-3.010667,-9.773615,4.618329,-7.628997,22.648302,0.766842
1653,1.653000,-2.757586,-9.822627,4.618329,-7.375916,25.487247,0.778032
1654,1.654000,-2.507143,-9.869310,4.618329,-7.125473,28.184483,0.773432
1655,1.655000,-2.259440,-9.913481,4.618329,-6.877770,31.096760,0.777752
1656,1.656000,-2.014578,-9.954947,4.618329,-6.632907,33.952297,0.783533
1657,1.657000,-1.772652,-9.993519,4.618329,-6.390982,36.874847,0.785052
1658,1.658000,-1.533761,-10.029006,4.618329,-6.152090,39.774002,0.779402
1659,1.659000,-1.297997,-10.061220,4.618329,-5.916326,43.390797,0.795272
1660,1.660000,-1.065452,-10.089935,4.618329,-5.683781,46.938412,0.769212
1661,1.661000,-0.836215,-10.114918,4.618329,-5.454545,51.373119,0.776353
1662,1.662000,-0.610373,-10.135889,4.618329,-5.228703,55.497139,0.785612
1663,1.663000,-0.388010,-10.152570,4.618329,-5.006339,58.764362,0.779402
1664,1.664000,-0.169207,-10.164740,4.618329,-4.787536,61.443569,0.780142
1665,1.665000,0.045957,-10.172229,4.618329,-4.572372,63.978050,0.781082
1666,1.666000,0.257407,-10.174885,4.618329,-4.360922,66.302437,0.916111
1667,1.667000,0.465071,-10.172575,4.618329,-4.153258,68.268326,0.775623
1668,1.668000,0.668878,-10.165186,4.618329,-3.949451,70.056480,0.769102
1669,1.669000,0.868763,-10.152624,4.618329,-3.749566,71.503532,0.768633
1670,1.670000,1.064663,-10.134812,4.618329,-3.553666,72.793846,0.978560
1671,1.671000,1.256517,-10.111690,4.618329,-3.361812,73.855362,0.773003
1672,1.672000,1.444270,-10.083208,4.618329,-3.174060,74.724693,0.777852
1673,1.673000,1.627867,-10.049335,4.618329,-2.990462,75.408592,0.780582
1674,1.674000,1.807260,-10.010047,4.618329,-2.811069,75.920189,0.778002
1675,1.675000,1.982401,-9.965334,4.618329,-2.635928,76.292984,0.777222
1676,1.676000,2.153249,-9.915194,4.618329,-2.465081,76.533318,0.779683
1677,1.677000,2.319762,-9.859635,4.618329,-2.298567,76.652275,0.767212
1678,1.678000,2.481905,-9.798673,4.618329,-2.136424,76.642929,0.775423
1679,1.679000,2.639646,-9.732330,4.618329,-1.978683,76.487648,0.783672
1680,1.680000,2.792955,-9.660639,4.618329,-1.825374,76.220520,0.797022
1681,1.681000,2.941806,-9.583642,4.618329,-1.676524,75.828575,0.778203
1682,1.682000,3.086177,-9.501385,4.618329,-1.532153,75.329903,0.788762
1683,1.683000,3.226048,-9.413924,4.618329,-1.392281,75.061378,0.763482
1684,1.684000,3.361406,-9.321303,4.618329,-1.256924,74.983780,0.764083
1685,1.685000,3.492236,-9.223550,4.618329,-1.126093,74.786552,0.932421
1686,1.686000,3.618531,-9.120694,4.618329,-0.999798,74.344810,0.778662
1687,1.687000,3.740285,-9.012782,4.618329,-0.878045,73.626701,0.782053
1688,1.688000,3.857496,-8.899879,4.618329,-0.760834,72.845161,0.804332
1689,1.689000,3.970166,-8.782057,4.618329,-0.648164,71.967583,0.935460
1690,1.690000,4.078299,-8.659398,4.618329,-0.540031,70.912178,0.782942
1691,1.691000,4.181903,-8.531991,4.618329,-0.436426,69.768318,0.775682
1692,1.692000,4.280989,-8.399936,4.618329,-0.337340,68.808830,0.768952
1693,1.693000,4.375573,-8.263319,4.618329,-0.242756,67.908173,0.777262
1694,1.694000,4.465672,-8.122222,4.618329,-0.152658,67.108177,0.772593
1695,1.695000,4.551305,-7.976718,4.618329,-0.067024,66.228661,0.776252
1696,1.696000,4.632499,-7.826882,4.618329,0.014169,65.463387,0.791862
1697,1.697000,4.709278,-7.672783,4.618329,0.090949,64.503906,0.779472
1698,1.698000,4.781674,-7.514499,4.618329,0.163345,63.232754,0.785892
1699,1.699000,4.849719,-7.352131,4.618329,0.231390,61.490326,0.781443
1700,1.700000,4.913450,-7.185808,4.618329,0.295121,59.334301,0.768562
1701,1.701000,4.972906,-7.015693,4.618329,0.354576,56.773159,0.775643
1702,1.702000,5.028127,-6.841979,4.618329,0.409798,54.037964,0.783032
1703,1.703000,5.079159,-6.664871,4.618329,0.460829,51.142525,0.787842
1704,1.704000,5.126048,-6.484587,4.618329,0.507719,48.161163,0.913191
1705,1.705000,5.168846,-6.301350,4.618329,0.550516,44.941128,0.786123
1706,1.706000,5.207602,-6.115395,4.618329,0.589272,42.419075,0.773792
1707,1.707000,5.242373,-5.926919,4.618329,0.624043,41.033447,0.775582
1708,1.708000,5.273213,-5.736040,4.618329,0.654884,39.883934,0.948180
1709,1.709000,5.300185,-5.542844,4.618329,0.681855,38.610691,0.770223
1710,1.710000,5.323346,-5.347416,4.618329,0.705017,37.145706,0.776002
1711,1.711000,5.342762,-5.149856,4.618329,0.724433,35.549839,0.780162
1712,1.712000,5.358497,-4.950276,4.618329,0.740168,33.789223,0.774432
1713,1.713000,5.370619,-4.748801,4.618329,0.752289,32.261703,0.774792
1714,1.714000,5.379196,-4.545547,4.618329,0.760867,30.806154,0.793842
1715,1.715000,5.384300,-4.340623,4.618329,0.765971,29.111868,0.773012
1716,1.716000,5.386004,-4.134148,4.618329,0.767674,27.302795,0.781812
1717,1.717000,5.384381,-3.926253,4.618329,0.766052,25.649315,0.771823
1718,1.718000,5.379509,-3.717062,4.618329,0.761180,23.931728,0.776232
1719,1.719000,5.371464,-3.506699,4.618329,0.753135,22.385847,0.781393
1720,1.720000,5.360327,-3.295279,4.618329,0.741998,21.022270,0.788762
1721,1.721000,5.346177,-3.082902,4.618329,0.727848,19.890360,0.783462
1722,1.722000,5.329097,-2.869655,4.618329,0.710768,19.086805,0.784652
1723,1.723000,5.309170,-2.655597,4.618329,0.690841,18.250664,0.911031
1724,1.724000,5.286481,-2.440788,4.618329,0.668151,17.478510,0.761322
1725,1.725000,5.261114,-2.225282,4.618329,0.642785,16.693045,0.765463
1726,1.726000,5.233159,-2.009134,4.618329,0.614829,15.778629,0.778412
1727,1.727000,5.202701,-1.792409,4.618329,0.584372,14.772792,0.982630
1728,1.728000,5.169831,-1.575177,4.618329,0.551502,13.573068,0.788842
1729,1.729000,5.134639,-1.357524,4.618329,0.516309,12.147109,0.774922
1730,1.730000,5.097215,-1.139550,4.618329,0.478886,10.775809,0.775802
1731,1.731000,5.057652,-0.921357,4.618329,0.439322,9.487733,0.775002
1732,1.732000,5.016042,-0.703039,4.618329,0.397713,8.319613,0.780783
1733,1.733000,4.972479,-0.484683,4.618329,0.354150,6.867644,0.764252
1734,1.734000,4.927057,-0.266387,4.618329,0.308728,5.055880,0.777253
1735,1.735000,4.879870,-0.048275,4.618329,0.261541,3.319880,0.772442
1736,1.736000,4.831015,0.169528,4.618329,0.212685,1.428262,0.772103
1737,1.737000,4.780586,0.386891,4.618329,0.162256,-0.651919,0.779502
1738,1.738000,4.728680,0.603669,4.618329,0.110350,-2.743641,0.779442
1739,1.739000,4.675393,0.819717,4.618329,0.057063,-4.543795,0.781492
1740,1.740000,4.620821,1.034905,4.618329,0.002492,-6.324168,0.775212
1741,1.741000,4.565062,1.249110,4.618329,-0.053267,-8.116321,0.768073
1742,1.742000,4.508213,1.462211,4.618329,-0.110117,-9.900590,0.940660
1743,1.743000,4.450369,1.674090,4.618329,-0.167960,-11.666760,0.775382
1744,1.744000,4.391628,1.884627,4.618329,-0.226702,-13.709543,0.775722
1745,1.745000,4.332085,2.093690,4.618329,-0.286244,-15.692272,0.786563
1746,1.746000,4.271839,2.301143,4.618329,-0.346491,-17.359381,0.842951
1747,1.747000,4.210983,2.506872,4.618329,-0.407347,-19.299570,0.770602
1748,1.748000,4.149613,2.710752,4.618329,-0.468716,-21.425756,0.775222
1749,1.749000,4.087825,2.912643,4.618329,-0.530505,-24.292360,0.766583
1750,1.750000,4.025712,3.112363,4.618329,-0.592618,-27.027906,0.785682
1751,1.751000,3.963368,3.309722,4.618329,-0.654961,-29.595253,0.770493
1752,1.752000,3.900887,3.504546,4.618329,-0.717442,-32.051765,0.795662
1753,1.753000,3.838360,3.696667,4.618329,-0.779970,-34.465488,0.777402
1754,1.754000,3.775878,3.885926,4.618329,-0.842452,-36.891975,0.772992
1755,1.755000,3.713530,4.072165,4.618329,-0.904799,-39.557129,0.769052
1756,1.756000,3.651407,4.255214,4.618329,-0.966922,-42.891365,0.763333
1757,1.757000,3.589596,4.434861,4.618329,-1.028734,-45.974720,0.777312
1758,1.758000,3.528181,4.610897,4.618329,-1.090148,-48.756584,0.781702
1759,1.759000,3.467250,4.783135,4.618329,-1.151079,-51.609287,0.773572
1760,1.760000,3.406884,4.951391,4.618329,-1.211445,-54.599590,0.775172
1761,1.761000,3.347166,5.115473,4.618329,-1.271164,-57.179901,0.773232
1762,1.762000,3.288175,5.275211,4.618329,-1.330155,-59.525398,0.861811
1763,1.763000,3.229989,5.430457,4.618329,-1.388341,-61.730350,0.781452
1764,1.764000,3.172684,5.581074,4.618329,-1.445645,-63.767525,0.763482
1765,1.765000,3.116335,5.726939,4.618329,-1.501994,-65.625343,0.773162
1766,1.766000,3.061014,5.867939,4.618329,-1.557315,-67.823036,0.872961
1767,1.767000,3.006790,6.003948,4.618329,-1.611539,-70.322731,0.776952
1768,1.768000,2.953732,6.134814,4.618329,-1.664597,-72.761215,0.793242
1769,1.769000,2.901905,6.260384,4.618329,-1.716424,-75.026360,0.772042
1770,1.770000,2.851372,6.380515,4.618329,-1.766957,-77.296509,0.770082
1771,1.771000,2.802195,6.495066,4.618329,-1.816135,-79.564613,0.764223
1772,1.772000,2.754430,6.603900,4.618329,-1.863899,-81.536903,0.791872
1773,1.773000,2.708135,6.706894,4.618329,-1.910195,-83.089180,0.793032
1774,1.774000,2.663361,6.803954,4.618329,-1.954968,-84.311584,0.779613
1775,1.775000,2.620160,6.895016,4.618329,-1.998169,-85.313438,0.784332
1776,1.776000,2.578580,6.980031,4.618329,-2.039750,-85.725685,0.783022
1777,1.777000,2.538665,7.058986,4.618329,-2.079665,-85.413979,0.779903
1778,1.778000,2.500457,7.131920,4.618329,-2.117872,-84.770088,0.769162
1779,1.779000,2.463996,7.198902,4.618329,-2.154333,-84.154488,0.765423
1780,1.780000,2.429319,7.260000,4.618329,-2.189010,-83.965065,0.778732
1781,1.781000,2.396460,7.315258,4.618329,-2.221870,-83.875023,0.788222
1782,1.782000,2.365449,7.364705,4.618329,-2.252880,-84.215721,0.774532
1783,1.783000,2.336316,7.408339,4.618329,-2.282013,-84.711197,0.775102
1784,1.784000,2.309086,7.446141,4.618329,-2.309244,-85.398888,0.773703
1785,1.785000,2.283782,7.478078,4.618329,-2.334548,-86.522644,0.773952
1786,1.786000,2.260423,7.504089,4.618329,-2.357906,-87.383110,0.782282
1787,1.787000,2.239029,7.524123,4.618329,-2.379300,-87.921745,0.771692
1788,1.788000,2.219612,7.538149,4.618329,-2.398717,-88.243889,0.772153
1789,1.789000,2.202185,7.546159,4.618329,-2.416144,-87.961784,0.776352
1790,1.790000,2.186757,7.548181,4.618329,-2.431572,-86.874229,0.779042
1791,1.791000,2.173333,7.544303,4.618329,-2.444996,-86.783707,0.771733
1792,1.792000,2.161917,7.534565,4.618329,-2.456412,-86.763649,0.773512
1793,1.793000,2.152509,7.518992,4.618329,-2.465821,-85.882607,0.766103
1794,1.794000,2.145106,7.497648,4.618329,-2.473223,-84.279327,0.771462
1795,1.795000,2.139703,7.470654,4.618329,-2.478626,-81.408623,0.778803
1796,1.796000,2.136293,7.438215,4.618329,-2.482036,-78.276558,0.778952
1797,1.797000,2.134864,7.400570,4.618329,-2.483465,-75.444824,0.778182
1798,1.798000,2.135404,7.357943,4.618329,-2.482926,-72.537346,0.793172
1799,1.799000,2.137896,7.310556,4.618329,-2.480433,-69.655663,0.763832
1800,1.800000,2.142323,7.258626,4.618329,-2.476007,-67.232628,0.809682
1801,1.801000,2.148664,7.202341,4.618329,-2.469665,-65.062828,0.773483
1802,1.802000,2.156897,7.141859,4.618329,-2.461433,-63.076408,0.776542
1803,1.803000,2.166996,7.077329,4.618329,-2.451333,-60.802696,0.776043
1804,1.804000,2.178936,7.008908,4.618329,-2.439394,-58.412102,0.931420
1805,1.805000,2.192686,6.936764,4.618329,-2.425643,-56.006210,0.774042
1806,1.806000,2.208217,6.861068,4.618329,-2.410112,-53.614792,0.773572
1807,1.807000,2.225495,6.781993,4.618329,-2.392834,-51.325623,0.766533
1808,1.808000,2.244486,6.699704,4.618329,-2.373843,-48.881504,0.769332
1809,1.809000,2.265154,6.614373,4.618329,-2.353176,-46.436001,0.770902
1810,1.810000,2.287460,6.526174,4.618329,-2.330870,-44.168144,0.793312
1811,1.811000,2.311364,6.435271,4.618329,-2.306965,-41.919426,0.783533
1812,1.812000,2.336826,6.341823,4.618329,-2.281503,-38.949974,0.772402
1813,1.813000,2.363804,6.246030,4.618329,-2.254525,-35.994225,0.775952
1814,1.814000,2.392252,6.148100,4.618329,-2.226077,-33.576649,0.778142
1815,1.815000,2.422127,6.048213,4.618329,-2.196203,-31.233538,0.775152
1816,1.816000,2.453380,5.946535,4.618329,-2.164949,-29.215137,0.780092
1817,1.817000,2.485966,5.843210,4.618329,-2.132363,-27.628359,0.769652
1818,1.818000,2.519835,5.738350,4.618329,-2.098494,-25.846931,0.772533
1819,1.819000,2.554938,5.632073,4.618329,-2.063392,-23.894577,0.955230
1820,1.820000,2.591224,5.524508,4.618329,-2.027106,-21.766140,0.779822
1821,1.821000,2.628641,5.415800,4.618329,-1.989688,-19.570961,0.783462
1822,1.822000,2.667138,5.306098,4.618329,-1.951191,-17.598219,0.782323
1823,1.823000,2.706662,5.195544,4.618329,-1.911667,-15.777656,0.947360
1824,1.824000,2.747160,5.084265,4.618329,-1.871170,-13.922182,0.775403
1825,1.825000,2.788576,4.972387,4.618329,-1.829754,-11.877223,0.770632
1826,1.826000,2.830856,4.860048,4.618329,-1.787473,-9.751407,0.777672
1827,1.827000,2.873945,4.747391,4.618329,-1.744384,-7.701342,0.795632
1828,1.828000,2.917788,4.634560,4.618329,-1.700541,-5.655155,0.774732
1829,1.829000,2.962329,4.521693,4.618329,-1.656000,-3.559376,0.779303
1830,1.830000,3.007511,4.408934,4.618329,-1.610818,-1.568619,0.784842
1831,1.831000,3.053279,4.296420,4.618329,-1.565051,0.392050,0.771172
1832,1.832000,3.099575,4.184281,4.618329,-1.518754,2.126644,0.770943
1833,1.833000,3.146344,4.072639,4.618329,-1.471985,3.526186,0.786682
1834,1.834000,3.193529,3.961587,4.618329,-1.424801,4.847023,0.776213
1835,1.835000,3.241073,3.851213,4.618329,-1.377256,6.189491,0.772812
1836,1.836000,3.288921,3.741600,4.618329,-1.329408,7.540895,0.783252
1837,1.837000,3.337017,3.632835,4.618329,-1.281313,8.720817,0.786982
1838,1.838000,3.385304,3.524996,4.618329,-1.233025,9.882667,0.925551
1839,1.839000,3.433727,3.418157,4.618329,-1.184602,11.485135,0.777862
1840,1.840000,3.482231,3.312416,4.618329,-1.136099,13.178153,0.774473
1841,1.841000,3.530760,3.207886,4.618329,-1.087569,15.498077,0.768322
1842,1.842000,3.579262,3.104716,4.618329,-1.039068,18.126806,0.956791
1843,1.843000,3.627680,3.003083,4.618329,-0.990649,20.466379,0.776602
1844,1.844000,3.675964,2.903151,4.618329,-0.942365,23.411489,0.783882
1845,1.845000,3.724058,2.805116,4.618329,-0.894271,26.851421,0.779632
1846,1.846000,3.771913,2.709207,4.618329,-0.846417,29.915453,0.773862
1847,1.847000,3.819476,2.615637,4.618329,-0.798854,32.719330,0.765632
1848,1.848000,3.866696,2.524599,4.618329,-0.751633,35.339249,0.764992
1849,1.849000,3.913527,2.436269,4.618329,-0.704802,37.826317,0.771322
1850,1.850000,3.959919,2.350809,4.618329,-0.658410,39.759827,0.788882
1851,1.851000,4.005826,2.268346,4.618329,-0.612504,41.523304,0.782703
1852,1.852000,4.051202,2.188989,4.618329,-0.567128,44.617077,0.775662
1853,1.853000,4.096002,2.112918,4.618329,-0.522327,47.190201,0.772523
1854,1.854000,4.140185,2.040306,4.618329,-0.478144,49.274902,0.774462
1855,1.855000,4.183708,1.971291,4.618329,-0.434621,51.055603,0.761772
1856,1.856000,4.226532,1.905987,4.618329,-0.391797,52.287220,0.779642
1857,1.857000,4.268619,1.844470,4.618329,-0.349710,53.100639,0.961791
1858,1.858000,4.309932,1.786782,4.618329,-0.308397,53.713444,0.776252
1859,1.859000,4.350436,1.732948,4.618329,-0.267893,54.397572,0.775342
1860,1.860000,4.390098,1.682993,4.618329,-0.228232,54.950291,0.781292
1861,1.861000,4.428886,1.636940,4.618329,-0.189443,55.486679,0.996560
1862,1.862000,4.466770,1.594808,4.618329,-0.151559,55.635475,0.786212
1863,1.863000,4.503723,1.556598,4.618329,-0.114607,55.631134,0.773432
1864,1.864000,4.539717,1.522296,4.618329,-0.078612,55.680153,0.768252
1865,1.865000,4.574728,1.491889,4.618329,-0.043601,55.684628,0.768392
1866,1.866000,4.608734,1.465364,4.618329,-0.009596,55.456242,0.775672
1867,1.867000,4.641712,1.442695,4.618329,0.023383,54.977299,0.776132
1868,1.868000,4.673644,1.423840,4.618329,0.055315,54.085052,0.779072
1869,1.869000,4.704513,1.408727,4.618329,0.086183,52.756783,0.779163
1870,1.870000,4.734301,1.397257,4.618329,0.115972,51.557461,0.777472
1871,1.871000,4.762995,1.389330,4.618329,0.144666,50.455856,0.777182
1872,1.872000,4.790582,1.384854,4.618329,0.172253,49.956421,0.773792
1873,1.873000,4.817052,1.383777,4.618329,0.198723,49.696850,0.783172
1874,1.874000,4.842395,1.386069,4.618329,0.224065,50.044697,0.777742
1875,1.875000,4.866602,1.391745,4.618329,0.248273,50.546764,0.778142
1876,1.876000,4.889668,1.400834,4.618329,0.271339,51.024647,0.951051
1877,1.877000,4.911589,1.413369,4.618329,0.293260,51.234619,0.785602
1878,1.878000,4.932362,1.429364,4.618329,0.314033,50.481392,0.785113
1879,1.879000,4.951985,1.448775,4.618329,0.333656,48.957745,0.779802
1880,1.880000,4.970459,1.471493,4.618329,0.352130,46.883270,0.940171
1881,1.881000,4.987786,1.497367,4.618329,0.369457,44.022640,0.779272
1882,1.882000,5.003969,1.526190,4.618329,0.385640,41.602112,0.772482
1883,1.883000,5.019014,1.557770,4.618329,0.400685,39.576424,0.780512
1884,1.884000,5.032926,1.591947,4.618329,0.414597,37.620911,0.774122
1885,1.885000,5.045714,1.628574,4.618329,0.427385,35.514267,0.785782
1886,1.886000,5.057387,1.667503,4.618329,0.439057,33.316311,0.786072
1887,1.887000,5.067954,1.708578,4.618329,0.449625,31.415884,0.781543
1888,1.888000,5.077427,1.751662,4.618329,0.459098,29.659554,0.766862
1889,1.889000,5.085818,1.796628,4.618329,0.467489,28.088888,0.769322
1890,1.890000,5.093142,1.843365,4.618329,0.474813,26.392971,0.772112
1891,1.891000,5.099412,1.891757,4.618329,0.481083,24.675154,0.788812
1892,1.892000,5.104644,1.941687,4.618329,0.486315,23.089205,0.775342
1893,1.893000,5.108855,1.993043,4.618329,0.490525,21.659449,0.769752
1894,1.894000,5.112061,2.045725,4.618329,0.493732,20.220741,0.773053
1895,1.895000,5.114281,2.099632,4.618329,0.495952,18.944296,0.943800
1896,1.896000,5.115533,2.154677,4.618329,0.497204,17.905867,0.775042
1897,1.897000,5.115838,2.210785,4.618329,0.497508,16.781193,0.769562
1898,1.898000,5.115215,2.267880,4.618329,0.496886,15.610358,0.770692
1899,1.899000,5.113685,2.325885,4.618329,0.495356,14.521522,0.990360
1900,1.900000,5.111271,2.384724,4.618329,0.492942,13.650237,0.794802
1901,1.901000,5.107994,2.444333,4.618329,0.489664,12.987380,0.773112
1902,1.902000,5.103876,2.504666,4.618329,0.485547,12.270988,0.783822
1903,1.903000,5.098942,2.565676,4.618329,0.480613,11.557906,0.773523
1904,1.904000,5.093215,2.627315,4.618329,0.474886,10.950789,0.767532
1905,1.905000,5.086720,2.689540,4.618329,0.468391,10.364993,0.768873
1906,1.906000,5.079481,2.752312,4.618329,0.461152,9.958636,0.786082
1907,1.907000,5.071524,2.815601,4.618329,0.453195,9.602126,0.768192
1908,1.908000,5.062874,2.879382,4.618329,0.444545,9.154050,0.783342
1909,1.909000,5.053558,2.943626,4.618329,0.435229,8.584529,0.780812
1910,1.910000,5.043602,3.008296,4.618329,0.425272,7.868905,0.772133
1911,1.911000,5.033032,3.073344,4.618329,0.414703,7.074471,0.770592
1912,1.912000,5.021877,3.138714,4.618329,0.403547,6.255028,0.766403
1913,1.913000,5.010163,3.204347,4.618329,0.391833,5.537931,0.774702
1914,1.914000,4.997919,3.270190,4.618329,0.379589,4.852432,0.962201
1915,1.915000,4.985172,3.336195,4.618329,0.366843,4.175313,0.788692
1916,1.916000,4.971951,3.402315,4.618329,0.353622,3.368712,0.774443
1917,1.917000,4.958284,3.468494,4.618329,0.339955,2.490584,0.778052
1918,1.918000,4.944201,3.534675,4.618329,0.325872,1.607987,0.973610
1919,1.919000,4.929730,3.600794,4.618329,0.311400,0.680921,0.785852
1920,1.920000,4.914899,3.666789,4.618329,0.296569,-0.143939,0.779422
1921,1.921000,4.899738,3.732601,4.618329,0.281409,-1.020568,0.773113
1922,1.922000,4.884276,3.798171,4.618329,0.265947,-1.763762,0.766092
1923,1.923000,4.868542,3.863447,4.618329,0.250213,-2.495468,0.773803
1924,1.924000,4.852566,3.928381,4.618329,0.234236,-3.319953,0.773462
1925,1.925000,4.836375,3.992917,4.618329,0.218045,-4.171906,0.789492
1926,1.926000,4.819999,4.057002,4.618329,0.201669,-5.051417,0.789223
1927,1.927000,4.803467,4.120575,4.618329,0.185138,-5.938566,0.773972
1928,1.928000,4.786808,4.183576,4.618329,0.168479,-6.818998,0.779322
1929,1.929000,4.770050,4.245948,4.618329,0.151720,-7.631894,0.766322
1930,1.930000,4.753221,4.307635,4.618329,0.134892,-8.456155,0.772792
1931,1.931000,4.736350,4.368583,4.618329,0.118021,-9.332409,0.778052
1932,1.932000,4.719464,4.428736,4.618329,0.101135,-10.212764,0.780612
1933,1.933000,4.702591,4.488035,4.618329,0.084262,-11.271703,0.930701
1934,1.934000,4.685759,4.546413,4.618329,0.067430,-12.465197,0.778833
1935,1.935000,4.668994,4.603790,4.618329,0.050665,-13.890470,0.775402
1936,1.936000,4.652323,4.660075,4.618329,0.033993,-15.295081,0.774443
1937,1.937000,4.635771,4.715170,4.618329,0.017442,-16.700603,0.965580
1938,1.938000,4.619366,4.768980,4.618329,0.001036,-18.076777,0.759953
1939,1.939000,4.603131,4.821414,4.618329,-0.015198,-19.384558,0.767622
1940,1.940000,4.587091,4.872383,4.618329,-0.031239,-20.477232,0.775723
1941,1.941000,4.571270,4.921816,4.618329,-0.047059,-21.566164,0.776232
1942,1.942000,4.555692,4.969641,4.618329,-0.062638,-22.769915,0.778752
1943,1.943000,4.540378,5.015786,4.618329,-0.077951,-23.856674,0.790162
1944,1.944000,4.525353,5.060180,4.618329,-0.092977,-24.698320,0.767492
1945,1.945000,4.510635,5.102769,4.618329,-0.107694,-25.292261,0.766603
1946,1.946000,4.496246,5.143517,4.618329,-0.122083,-25.748293,0.762982
1947,1.947000,4.482206,5.182399,4.618329,-0.136124,-26.130919,0.767392
1948,1.948000,4.468533,5.219398,4.618329,-0.149796,-26.475801,0.779522
1949,1.949000,4.455246,5.254500,4.618329,-0.163084,-26.789007,0.778983
1950,1.950000,4.442361,5.287690,4.618329,-0.175968,-27.081221,0.775012
1951,1.951000,4.429895,5.318957,4.618329,-0.188434,-27.361328,0.766693
1952,1.952000,4.417865,5.348287,4.618329,-0.200465,-27.560051,0.764912
1953,1.953000,4.406284,5.375674,4.618329,-0.212046,-27.770384,0.863202
1954,1.954000,4.395166,5.401110,4.618329,-0.223164,-27.888086,0.793372
1955,1.955000,4.384524,5.424591,4.618329,-0.233805,-27.927114,0.780452
1956,1.956000,4.374371,5.446121,4.618329,-0.243958,-27.973276,0.771282
1957,1.957000,4.364718,5.465703,4.618329,-0.253612,-28.006006,0.869441
1958,1.958000,4.355574,5.483341,4.618329,-0.262755,-28.013475,0.775462
1959,1.959000,4.346951,5.499040,4.618329,-0.271378,-28.022856,0.764432
1960,1.960000,4.338856,5.512804,4.618329,-0.279473,-27.973238,0.763432
1961,1.961000,4.331297,5.524644,4.618329,-0.287032,-27.852396,0.762892
1962,1.962000,4.324281,5.534571,4.618329,-0.294048,-27.567854,0.765832
1963,1.963000,4.317814,5.542608,4.618329,-0.300516,-27.164751,0.805142
1964,1.964000,4.311901,5.548789,4.618329,-0.306428,-26.659647,0.773923
1965,1.965000,4.306546,5.553154,4.618329,-0.311784,-26.169279,0.779012
1966,1.966000,4.301753,5.555743,4.618329,-0.316577,-25.680939,0.773402
1967,1.967000,4.297523,5.556596,4.618329,-0.320806,-25.123377,0.766502
1968,1.968000,4.293860,5.555757,4.618329,-0.324469,-24.474792,0.765793
1969,1.969000,4.290764,5.553273,4.618329,-0.327565,-23.925428,0.769772
1970,1.970000,4.288235,5.549189,4.618329,-0.330094,-23.780407,0.788572
1971,1.971000,4.286272,5.543525,4.618329,-0.332057,-23.662483,0.778572
1972,1.972000,4.284875,5.536289,4.618329,-0.333455,-23.549070,0.982300
1973,1.973000,4.284040,5.527493,4.618329,-0.334290,-23.281727,0.772643
1974,1.974000,4.283765,5.517154,4.618329,-0.334564,-22.901232,0.780472
1975,1.975000,4.284047,5.505298,4.618329,-0.334283,-23.139517,0.765192
1976,1.976000,4.284880,5.491921,4.618329,-0.333449,-23.648132,0.945130
1977,1.977000,4.286260,5.476993,4.618329,-0.332070,-24.068281,0.773923
1978,1.978000,4.288181,5.460484,4.618329,-0.330149,-24.257639,0.770192
1979,1.979000,4.290636,5.442377,4.618329,-0.327694,-24.290972,0.772713
1980,1.980000,4.293617,5.422671,4.618329,-0.324712,-24.219797,0.774102
1981,1.981000,4.297117,5.401375,4.618329,-0.321212,-24.063169,0.781652
1982,1.982000,4.301128,5.378503,4.618329,-0.317202,-23.782177,0.784852
1983,1.983000,4.305638,5.354079,4.618329,-0.312692,-23.310955,0.792562
1984,1.984000,4.310637,5.328140,4.618329,-0.307692,-22.749907,0.761703
1985,1.985000,4.316115,5.300729,4.618329,-0.302214,-22.123642,0.768182
1986,1.986000,4.322060,5.271896,4.618329,-0.296269,-21.450186,0.773293
1987,1.987000,4.328459,5.241692,4.618329,-0.289870,-20.692123,0.778742
1988,1.988000,4.335299,5.210174,4.618329,-0.283031,-19.804394,0.776062
1989,1.989000,4.342566,5.177408,4.618329,-0.275763,-18.948313,0.779442
1990,1.990000,4.350246,5.143456,4.618329,-0.268084,-18.162889,0.771802
1991,1.991000,4.358324,5.108377,4.618329,-0.260006,-17.354147,0.958021
1992,1.992000,4.366784,5.072232,4.618329,-0.251546,-16.567841,0.766323
1993,1.993000,4.375610,5.035075,4.618329,-0.242719,-15.961852,0.770882
1994,1.994000,4.384787,4.996953,4.618329,-0.233543,-15.291086,0.770023
1995,1.995000,4.394297,4.957911,4.618329,-0.224033,-14.547675,0.989140
1996,1.996000,4.404121,4.918002,4.618329,-0.214208,-13.730811,0.773022
1997,1.997000,4.414244,4.877281,4.618329,-0.204085,-12.911958,0.772223
1998,1.998000,4.424646,4.835805,4.618329,-0.193683,-12.104234,0.806322
1999,1.999000,4.435309,4.793633,4.618329,-0.183020,-11.303226,0.773072
2000,2.000000,4.446214,4.750819,19.752207,-15.305993,110.873375,0.804942
2001,2.001000,4.457342,4.714375,19.752207,-15.294865,112.156532,0.773233
2002,2.002000,4.468675,4.686184,19.752207,-15.283532,112.074821,0.775922
2003,2.003000,4.480200,4.666506,19.752207,-15.272007,112.043327,0.772693
2004,2.004000,4.491905,4.655186,19.752207,-15.260302,112.042519,0.779062
2005,2.005000,4.503783,4.652003,19.752207,-15.248424,112.042343,0.793672
2006,2.006000,4.515828,4.656770,19.752207,-15.236379,112.043312,0.796912
2007,2.007000,4.528038,4.669346,19.752207,-15.224169,112.045753,0.784582
2008,2.008000,4.540413,4.689629,19.752207,-15.211794,112.049736,0.854292
2009,2.009000,4.552956,4.717543,19.752207,-15.199251,112.054703,0.767512
2010,2.010000,4.565675,4.753032,19.752207,-15.186532,112.061028,0.921281
2011,2.011000,4.578575,4.796057,19.752207,-15.173632,112.067711,0.773073
2012,2.012000,4.591671,4.846584,19.752207,-15.160536,112.073982,0.774562
2013,2.013000,4.604975,4.904589,19.752207,-15.147232,112.080574,1.148299
2014,2.014000,4.618503,4.970047,19.752207,-15.133704,112.088020,0.866721
2015,2.015000,4.632276,5.042942,19.752207,-15.119931,112.096672,0.778382
2016,2.016000,4.646314,5.123255,19.752207,-15.105893,112.108452,0.776822
2017,2.017000,4.660643,5.210972,19.752207,-15.091564,112.126060,0.785642
2018,2.018000,4.675289,5.306077,19.752207,-15.076918,112.148972,0.775862
2019,2.019000,4.690282,5.408558,19.752207,-15.061925,112.171135,0.772402
2020,2.020000,4.705655,5.518401,19.752207,-15.046552,112.194298,0.762792
2021,2.021000,4.721441,5.635595,19.752207,-15.030766,112.232407,0.769552
2022,2.022000,4.737679,5.760127,19.752207,-15.014528,112.273857,0.780662
2023,2.023000,4.754407,5.891987,19.752207,-14.997800,112.298111,0.784692
2024,2.024000,4.771669,6.031164,19.752207,-14.980538,112.241005,0.778453
2025,2.025000,4.789509,6.177640,19.752207,-14.962698,111.580925,0.772412
2026,2.026000,4.807974,6.331365,19.752207,-14.944233,105.921165,0.774493
2027,2.027000,4.827114,6.491989,19.752207,-14.925093,81.259727,0.764922
2028,2.028000,4.846981,6.658004,19.752207,-14.905226,67.512886,1.107489
2029,2.029000,4.867628,6.828230,19.752207,-14.884579,50.419785,0.865332
2030,2.030000,4.889110,7.001429,19.752207,-14.863097,37.210636,0.767582
2031,2.031000,4.911484,7.176593,19.752207,-14.840723,27.283712,0.775113
2032,2.032000,4.934805,7.352980,19.752207,-14.817402,18.978926,1.084329
2033,2.033000,4.959129,7.530015,19.752207,-14.793078,12.494711,0.782582
2034,2.034000,4.984512,7.707274,19.752207,-14.767695,8.790213,0.780573
2035,2.035000,5.011012,7.884520,19.752207,-14.741195,5.887258,0.775372
2036,2.036000,5.038682,8.061602,19.752207,-14.713525,2.334420,0.778762
2037,2.037000,5.067578,8.238345,19.752207,-14.684629,-1.412529,0.773282
2038,2.038000,5.097754,8.414541,19.752207,-14.654453,-4.706870,0.771933
2039,2.039000,5.129265,8.589993,19.752207,-14.622942,-7.688889,0.774752
2040,2.040000,5.162163,8.764521,19.752207,-14.590044,-10.738069,0.772772
2041,2.041000,5.196500,8.937940,19.752207,-14.555707,-14.471023,0.770023
2042,2.042000,5.232329,9.110023,19.752207,-14.519878,-17.956598,0.775642
2043,2.043000,5.269699,9.280544,19.752207,-14.482508,-21.974440,0.788523
2044,2.044000,5.308660,9.449247,19.752207,-14.443547,-26.712011,0.796312
2045,2.045000,5.349261,9.615823,19.752207,-14.402946,-31.305161,0.772482
2046,2.046000,5.391547,9.779964,19.752207,-14.360660,-35.886009,0.774902
2047,2.047000,5.435564,9.941364,19.752207,-14.316643,-40.677391,0.760112
2048,2.048000,5.481357,10.099707,19.752207,-14.270850,-46.186974,0.768243
2049,2.049000,5.528966,10.254632,19.752207,-14.223241,-51.540138,0.777202
2050,2.050000,5.578433,10.405781,19.752207,-14.173774,-57.352413,0.779373
2051,2.051000,5.629796,10.552772,19.752207,-14.122411,-62.647720,0.857101
2052,2.052000,5.683090,10.695249,19.752207,-14.069117,-68.348816,0.781363
2053,2.053000,5.738349,10.832840,19.752207,-14.013858,-73.988274,0.772602
2054,2.054000,5.795605,10.965174,19.752207,-13.956602,-79.301849,0.760983
2055,2.055000,5.854886,11.091904,19.752207,-13.897321,-83.292175,0.771892
2056,2.056000,5.916219,11.212761,19.752207,-13.835988,-88.232231,0.783013
2057,2.057000,5.979627,11.327446,19.752207,-13.772580,-93.344749,0.782162
2058,2.058000,6.045129,11.435640,19.752207,-13.707078,-97.425598,0.787662
2059,2.059000,6.112743,11.537075,19.752207,-13.639464,-100.329681,0.793122
2060,2.060000,6.182483,11.631567,19.752207,-13.569724,-102.003143,0.771512
2061,2.061000,6.254360,11.719021,19.752207,-13.497847,-103.135643,0.770502
2062,2.062000,6.328382,11.799394,19.752207,-13.423825,-103.830803,0.776553
2063,2.063000,6.404551,11.872677,19.752207,-13.347656,-104.128914,0.784672
2064,2.064000,6.482870,11.938885,19.752207,-13.269337,-103.986229,0.781123
2065,2.065000,6.563335,11.998061,19.752207,-13.188872,-103.428741,0.775272
2066,2.066000,6.645942,12.050273,19.752207,-13.106265,-102.467567,0.812012
2067,2.067000,6.730681,12.095619,19.752207,-13.021526,-101.171532,0.777573
2068,2.068000,6.817539,12.134213,19.752207,-12.934668,-99.311760,0.766702
2069,2.069000,6.906502,12.166208,19.752207,-12.845705,-96.920128,0.774362
2070,2.070000,6.997551,12.191789,19.752207,-12.754656,-93.577560,1.005230
2071,2.071000,7.090664,12.211205,19.752207,-12.661543,-88.572403,0.773142
2072,2.072000,7.185817,12.224809,19.752207,-12.566390,-79.297012,0.780042
2073,2.073000,7.282984,12.233222,19.752207,-12.469223,-69.763214,0.781482
2074,2.074000,7.382132,12.237144,19.752207,-12.370074,-59.324177,0.778342
2075,2.075000,7.483232,12.237329,19.752207,-12.268975,-49.025131,0.786212
2076,2.076000,7.586248,12.234529,19.752207,-12.165959,-42.579273,0.767042
2077,2.077000,7.691146,12.229261,19.752207,-12.061061,-37.877647,0.766783
2078,2.078000,7.797886,12.221871,19.752207,-11.954321,-34.426937,0.795992
2079,2.079000,7.906431,12.212594,19.752207,-11.845776,-31.794043,0.778512
2080,2.080000,8.016739,12.201590,19.752207,-11.735468,-30.072140,0.776373
2081,2.081000,8.128771,12.188958,19.752207,-11.623436,-28.828316,0.792702
2082,2.082000,8.242484,12.174758,19.752207,-11.509723,-27.645983,0.773482
2083,2.083000,8.357832,12.159046,19.752207,-11.394375,-26.592997,0.772682
2084,2.084000,8.474773,12.141879,19.752207,-11.277434,-25.608198,0.771652
2085,2.085000,8.593260,12.123310,19.752207,-11.158947,-24.601511,0.868271
2086,2.086000,8.713246,12.103398,19.752207,-11.038961,-23.611067,0.772932
2087,2.087000,8.834683,12.082207,19.752207,-10.917524,-22.637180,0.786292
2088,2.088000,8.957523,12.059800,19.752207,-10.794684,-21.741877,0.773462
2089,2.089000,9.081716,12.036240,19.752207,-10.670491,-21.110533,0.942821
2090,2.090000,9.207210,12.011574,19.752207,-10.544997,-20.499271,0.784502
2091,2.091000,9.333956,11.985843,19.752207,-10.418251,-19.897764,0.785462
2092,2.092000,9.461899,11.959088,19.752207,-10.290308,-19.265141,0.775122
2093,2.093000,9.590987,11.931353,19.752207,-10.161219,-18.656904,0.772123
2094,2.094000,9.721168,11.902681,19.752207,-10.031039,-18.004950,0.772892
2095,2.095000,9.852385,11.873118,19.752207,-9.899822,-17.320803,0.780682
2096,2.096000,9.984584,11.842714,19.752207,-9.767623,-16.627077,0.785002
2097,2.097000,10.117709,11.811517,19.752207,-9.634498,-15.924746,0.779982
2098,2.098000,10.251703,11.779580,19.752207,-9.500504,-15.213056,0.778322
2099,2.099000,10.386510,11.746952,19.752207,-9.365697,-14.534484,0.774282
2100,2.100000,10.522071,11.713683,19.752207,-9.230136,-13.847120,0.765443
2101,2.101000,10.658329,11.679823,19.752207,-9.093878,-13.085722,0.770482
2102,2.102000,10.795226,11.645425,19.752207,-8.956981,-12.254343,0.781082
2103,2.103000,10.932702,11.610546,19.752207,-8.819505,-11.400947,0.777642
2104,2.104000,11.070698,11.575246,19.752207,-8.681509,-10.542270,0.938021
2105,2.105000,11.209155,11.539588,19.752207,-8.543052,-9.681464,0.779542
2106,2.106000,11.348013,11.503630,19.752207,-8.404194,-8.794174,0.773622
2107,2.107000,11.487211,11.467435,19.752207,-8.264996,-7.903900,0.775422
2108,2.108000,11.626690,11.431064,19.752207,-8.125517,-6.999228,0.965780
2109,2.109000,11.766388,11.394582,19.752207,-7.985819,-6.152495,0.778282
2110,2.110000,11.906245,11.358045,19.752207,-7.845962,-5.318570,0.784972
2111,2.111000,12.046201,11.321510,19.752207,-7.706006,-4.482031,0.782023
2112,2.112000,12.186195,11.285035,19.752207,-7.566012,-3.633263,0.771582
2113,2.113000,12.326165,11.248676,19.752207,-7.426042,-2.759986,0.781862
2114,2.114000,12.466052,11.212491,19.752207,-7.286155,-1.865691,0.786402
2115,2.115000,12.605795,11.176541,19.752207,-7.146412,-0.903061,0.788582
2116,2.116000,12.745333,11.140888,19.752207,-7.006874,0.059977,0.781942
2117,2.117000,12.884605,11.105598,19.752207,-6.867602,0.976259,0.773872
2118,2.118000,13.023554,11.070733,19.752207,-6.728653,1.759454,0.786542
2119,2.119000,13.162117,11.036344,19.752207,-6.590090,2.540408,0.783433
2120,2.120000,13.300235,11.002485,19.752207,-6.451972,3.307102,0.786042
2121,2.121000,13.437851,10.969201,19.752207,-6.314356,4.092659,0.775702
2122,2.122000,13.574904,10.936545,19.752207,-6.177302,4.888947,0.773202
2123,2.123000,13.711337,10.904567,19.752207,-6.040870,5.745106,0.902261
2124,2.124000,13.847091,10.873320,19.752207,-5.905116,6.563072,0.771593
2125,2.125000,13.982109,10.842858,19.752207,-5.770098,7.276899,0.774712
2126,2.126000,14.116335,10.813228,19.752207,-5.635872,7.977672,0.778732
2127,2.127000,14.249712,10.784473,19.752207,-5.502495,8.656428,0.962281
2128,2.128000,14.382184,10.756634,19.752207,-5.370023,9.702772,0.779512
2129,2.129000,14.513696,10.729776,19.752207,-5.238511,10.892428,0.780173
2130,2.130000,14.644194,10.703973,19.752207,-5.108013,12.090987,0.784502
2131,2.131000,14.773624,10.679306,19.752207,-4.978583,13.466578,0.780532
2132,2.132000,14.901934,10.655863,19.752207,-4.850273,14.883502,0.769802
2133,2.133000,15.029071,10.633739,19.752207,-4.723136,16.104971,0.775562
2134,2.134000,15.154984,10.613016,19.752207,-4.597223,17.247408,0.790073
2135,2.135000,15.279623,10.593769,19.752207,-4.472584,18.293932,0.782112
2136,2.136000,15.402937,10.576063,19.752207,-4.349270,19.460468,0.782202
2137,2.137000,15.524882,10.559970,19.752207,-4.227325,21.127834,0.781702
2138,2.138000,15.645407,10.545590,19.752207,-4.106800,22.954473,0.769432
2139,2.139000,15.764466,10.533041,19.752207,-3.987741,24.673094,0.787122
2140,2.140000,15.882015,10.522439,19.752207,-3.870192,26.522020,0.773002
2141,2.141000,15.998011,10.513902,19.752207,-3.754196,28.398376,0.766773
2142,2.142000,16.112411,10.507554,19.752207,-3.639796,30.293196,0.913211
2143,2.143000,16.225172,10.503517,19.752207,-3.527035,32.057018,0.777832
2144,2.144000,16.336257,10.501905,19.752207,-3.415950,33.662964,0.784392
2145,2.145000,16.445627,10.502821,19.752207,-3.306580,35.061466,0.791112
2146,2.146000,16.553245,10.506353,19.752207,-3.198962,36.843666,0.952330
2147,2.147000,16.659074,10.512605,19.752207,-3.093133,38.335228,0.776932
2148,2.148000,16.763082,10.521673,19.752207,-2.989125,39.465126,0.800692
2149,2.149000,16.865238,10.533625,19.752207,-2.886969,40.327290,0.781512
2150,2.150000,16.965510,10.548510,19.752207,-2.786697,41.176247,0.780832
2151,2.151000,17.063870,10.566371,19.752207,-2.688337,41.897507,0.826622
2152,2.152000,17.160290,10.587244,19.752207,-2.591917,42.382923,0.778912
2153,2.153000,17.254748,10.611149,19.752207,-2.497459,42.648849,0.774992
2154,2.154000,17.347217,10.638091,19.752207,-2.404990,42.671280,0.788742
2155,2.155000,17.437676,10.668061,19.752207,-2.314531,42.424446,0.771312
2156,2.156000,17.526108,10.701026,19.752207,-2.226099,42.035797,0.784743
2157,2.157000,17.612491,10.736947,19.752207,-2.139716,41.597309,0.778632
2158,2.158000,17.696812,10.775779,19.752207,-2.055395,41.258141,0.771833
2159,2.159000,17.779056,10.817481,19.752207,-1.973151,41.048233,0.778642
2160,2.160000,17.859208,10.862027,19.752207,-1.892999,41.060749,0.774642
2161,2.161000,17.937258,10.909401,19.752207,-1.814949,41.176510,0.870812
2162,2.162000,18.013198,10.959604,19.752207,-1.739009,41.474960,0.789812
2163,2.163000,18.087019,11.012644,19.752207,-1.665188,41.910488,0.774533
2164,2.164000,18.158717,11.068544,19.752207,-1.593490,42.386909,0.771792
2165,2.165000,18.228286,11.127329,19.752207,-1.523921,42.711666,0.942641
2166,2.166000,18.295724,11.189017,19.752207,-1.456483,43.048164,0.767782
2167,2.167000,18.361031,11.253622,19.752207,-1.391176,42.931313,0.768292
2168,2.168000,18.424208,11.321132,19.752207,-1.327999,42.303944,0.784702
2169,2.169000,18.485260,11.391498,19.752207,-1.266947,41.473366,0.778553
2170,2.170000,18.544189,11.464651,19.752207,-1.208018,40.235207,0.773872
2171,2.171000,18.601004,11.540496,19.752207,-1.151203,38.718533,0.780172
2172,2.172000,18.655711,11.618915,19.752207,-1.096496,36.925949,0.777452
2173,2.173000,18.708322,11.699773,19.752207,-1.043885,34.745834,0.764732
2174,2.174000,18.758846,11.782909,19.752207,-0.993361,33.014210,0.772053
2175,2.175000,18.807298,11.868182,19.752207,-0.944909,31.712893,0.776472
2176,2.176000,18.853694,11.955488,19.752207,-0.898513,30.313738,0.773282
2177,2.177000,18.898046,12.044724,19.752207,-0.854161,28.989841,0.788992
2178,2.178000,18.940374,12.135795,19.752207,-0.811833,27.836760,0.778622
2179,2.179000,18.980696,12.228614,19.752207,-0.771511,26.603121,0.789692
2180,2.180000,19.019034,12.323093,19.752207,-0.733173,25.395483,0.927680
2181,2.181000,19.055406,12.419147,19.752207,-0.696801,24.127623,0.769632
2182,2.182000,19.089837,12.516685,19.752207,-0.662370,22.987789,0.767212
2183,2.183000,19.122349,12.615623,19.752207,-0.629858,22.073492,0.777092
2184,2.184000,19.152969,12.715892,19.752207,-0.599238,21.121061,0.972250
2185,2.185000,19.181721,12.817425,19.752207,-0.570486,20.188175,0.788442
2186,2.186000,19.208633,12.920154,19.752207,-0.543574,19.221270,0.779552
2187,2.187000,19.233734,13.024010,19.752207,-0.518473,18.294157,0.778003
2188,2.188000,19.257052,13.128927,19.752207,-0.495155,17.527302,0.778572
2189,2.189000,19.278619,13.234847,19.752207,-0.473588,16.737284,0.777332
2190,2.190000,19.298464,13.341713,19.752207,-0.453743,15.965321,0.760673
2191,2.191000,19.316619,13.449470,19.752207,-0.435588,15.122847,0.788712
2192,2.192000,19.333119,13.558056,19.752207,-0.419088,14.229573,0.772412
2193,2.193000,19.347996,13.667409,19.752207,-0.404211,13.279533,0.783112
2194,2.194000,19.361288,13.777461,19.752207,-0.390919,12.300635,0.775122
2195,2.195000,19.373026,13.888141,19.752207,-0.379181,11.357397,0.779593
2196,2.196000,19.383249,13.999380,19.752207,-0.368958,10.383835,0.775342
2197,2.197000,19.391993,14.111108,19.752207,-0.360214,9.550366,0.775113
2198,2.198000,19.399296,14.223264,19.752207,-0.352911,8.787230,0.763662
2199,2.199000,19.405198,14.335790,19.752207,-0.347009,7.895508,0.929851
2200,2.200000,19.409734,14.448628,19.752207,-0.342473,6.892838,0.773042
2201,2.201000,19.412946,14.561707,19.752207,-0.339261,5.895749,0.769612
2202,2.202000,19.414874,14.674959,19.752207,-0.337333,4.835793,0.783902
2203,2.203000,19.415559,14.788306,19.752207,-0.336648,3.789575,0.963021
2204,2.204000,19.415042,14.901673,19.752207,-0.337165,2.999032,0.778642
2205,2.205000,19.413361,15.015005,19.752207,-0.338846,2.225122,0.782393
2206,2.206000,19.410561,15.128246,19.752207,-0.341646,1.422138,0.775922
2207,2.207000,19.406685,15.241342,19.752207,-0.345522,0.591717,0.765343
2208,2.208000,19.401772,15.354235,19.752207,-0.350435,-0.215512,0.787252
2209,2.209000,19.395869,15.466871,19.752207,-0.356338,-0.850570,0.778402
2210,2.210000,19.389015,15.579206,19.752207,-0.363192,-1.405653,0.792113
2211,2.211000,19.381254,15.691200,19.752207,-0.370953,-1.987531,0.789902
2212,2.212000,19.372633,15.802814,19.752207,-0.379574,-2.605149,0.775002
2213,2.213000,19.363190,15.914010,19.752207,-0.389017,-3.260666,0.769832
2214,2.214000,19.352972,16.024741,19.752207,-0.399235,-3.953962,0.782292
2215,2.215000,19.342023,16.134963,19.752207,-0.410184,-4.683293,0.778973
2216,2.216000,19.330385,16.244627,19.752207,-0.421822,-5.443167,0.777572
2217,2.217000,19.318102,16.353677,19.752207,-0.434105,-6.076213,0.780572
2218,2.218000,19.305221,16.462074,19.752207,-0.446986,-6.682708,0.920100
2219,2.219000,19.291781,16.569774,19.752207,-0.460426,-7.410568,0.781232
2220,2.220000,19.277828,16.676732,19.752207,-0.474379,-8.278417,0.789232
2221,2.221000,19.263408,16.782886,19.752207,-0.488799,-9.249171,0.774023
2222,2.222000,19.248559,16.888179,19.752207,-0.503648,-10.369887,0.929900
2223,2.223000,19.233329,16.992529,19.752207,-0.518878,-11.484597,0.775582
2224,2.224000,19.217760,17.095863,19.752207,-0.534447,-12.661617,0.766802
2225,2.225000,19.201894,17.198100,19.752207,-0.550313,-13.866708,0.782872
2226,2.226000,19.185774,17.299160,19.752207,-0.566433,-15.224075,0.777592
2227,2.227000,19.169442,17.398949,19.752207,-0.582765,-16.601847,0.775833
2228,2.228000,19.152942,17.497379,19.752207,-0.599265,-17.983080,0.778472
2229,2.229000,19.136310,17.594354,19.752207,-0.615897,-19.286032,0.780542
2230,2.230000,19.119593,17.689787,19.752207,-0.632614,-20.563856,0.777732
2231,2.231000,19.102828,17.783594,19.752207,-0.649379,-22.114119,0.777802
2232,2.232000,19.086055,17.875677,19.752207,-0.666152,-23.833628,0.776203
2233,2.233000,19.069314,17.965923,19.752207,-0.682893,-25.537966,0.788452
2234,2.234000,19.052644,18.054217,19.752207,-0.699563,-27.263430,0.779712
2235,2.235000,19.036082,18.140445,19.752207,-0.716125,-28.891920,0.773733
2236,2.236000,19.019664,18.224499,19.752207,-0.732543,-30.393587,0.769462
2237,2.237000,19.003429,18.306280,19.752207,-0.748778,-31.883236,0.947221
2238,2.238000,18.987409,18.385693,19.752207,-0.764798,-33.256004,0.773733
2239,2.239000,18.971639,18.462648,19.752207,-0.780568,-34.515778,0.766472
2240,2.240000,18.956154,18.537069,19.752207,-0.796053,-35.702034,0.780982
2241,2.241000,18.940985,18.608881,19.752207,-0.811222,-36.821365,0.968470
2242,2.242000,18.926164,18.678016,19.752207,-0.826043,-37.899094,0.793782
2243,2.243000,18.911720,18.744411,19.752207,-0.840487,-38.899929,0.800022
2244,2.244000,18.897684,18.808003,19.752207,-0.854523,-39.811028,0.780352
2245,2.245000,18.884083,18.868743,19.752207,-0.868124,-40.607819,0.785262
2246,2.246000,18.870942,18.926579,19.752207,-0.881265,-41.438595,0.780922
2247,2.247000,18.858289,18.981468,19.752207,-0.893918,-42.171444,0.767992
2248,2.248000,18.846147,19.033369,19.752207,-0.906060,-42.484814,0.772542
2249,2.249000,18.834539,19.082264,19.752207,-0.917668,-42.491737,0.778432
2250,2.250000,18.823487,19.128160,19.752207,-0.928720,-42.275574,0.779062
2251,2.251000,18.813012,19.171084,19.752207,-0.939195,-41.991508,0.778693
2252,2.252000,18.803132,19.211066,19.752207,-0.949075,-41.649658,0.778542
2253,2.253000,18.793865,19.248142,19.752207,-0.958342,-41.120655,0.780052
2254,2.254000,18.785228,19.282358,19.752207,-0.966979,-40.686943,0.763782
2255,2.255000,18.777237,19.313755,19.752207,-0.974970,-40.412033,0.769342
2256,2.256000,18.769906,19.342365,19.752207,-0.982301,-40.292805,0.912610
2257,2.257000,18.763247,19.368204,19.752207,-0.988960,-40.238960,0.792652
2258,2.258000,18.757272,19.391283,19.752207,-0.994935,-40.175674,0.775322
2259,2.259000,18.751991,19.411611,19.752207,-1.000216,-40.054024,0.778183
2260,2.260000,18.747414,19.429202,19.752207,-1.004793,-39.892868,0.949280
2261,2.261000,18.743550,19.444072,19.752207,-1.008657,-39.605289,0.776732
2262,2.262000,18.740403,19.456245,19.752207,-1.011804,-39.322025,0.775202
2263,2.263000,18.737980,19.465747,19.752207,-1.014227,-38.911430,0.796142
2264,2.264000,18.736286,19.472611,19.752207,-1.015921,-38.167656,0.765942
2265,2.265000,18.735323,19.476894,19.752207,-1.016884,-37.078197,0.770873
2266,2.266000,18.735093,19.478675,19.752207,-1.017114,-35.694283,0.800652
2267,2.267000,18.735597,19.478055,19.752207,-1.016610,-34.314480,0.784832
2268,2.268000,18.736833,19.475139,19.752207,-1.015374,-33.154762,0.772723
2269,2.269000,18.738803,19.470019,19.752207,-1.013404,-32.295334,0.777332
2270,2.270000,18.741501,19.462767,19.752207,-1.010706,-31.650255,0.775503
2271,2.271000,18.744925,19.453434,19.752207,-1.007282,-30.996073,0.762372
2272,2.272000,18.749071,19.442065,19.752207,-1.003136,-30.385324,0.790222
2273,2.273000,18.753932,19.428705,19.752207,-0.998275,-29.981752,0.774883
2274,2.274000,18.759504,19.413389,19.752207,-0.992703,-29.900738,0.778962
2275,2.275000,18.765776,19.396122,19.752207,-0.986431,-29.875134,0.919481
2276,2.276000,18.772742,19.376910,19.752207,-0.979464,-29.727278,0.781753
2277,2.277000,18.780392,19.355762,19.752207,-0.971815,-29.524237,0.781512
2278,2.278000,18.788717,19.332693,19.752207,-0.963490,-29.111134,0.781842
2279,2.279000,18.797703,19.307731,19.752207,-0.954504,-28.468317,0.769763
2280,2.280000,18.807341,19.280924,19.752207,-0.944866,-27.611254,0.848151
2281,2.281000,18.817615,19.252331,19.752207,-0.934592,-26.636583,0.772322
2282,2.282000,18.828513,19.222029,19.752207,-0.923694,-25.800568,0.779892
2283,2.283000,18.840018,19.190081,19.752207,-0.912189,-24.921343,0.782273
2284,2.284000,18.852118,19.156555,19.752207,-0.900089,-23.973299,0.785662
2285,2.285000,18.864795,19.121519,19.752207,-0.887412,-23.033476,0.774323
2286,2.286000,18.878032,19.085043,19.752207,-0.874175,-22.102886,0.769962
2287,2.287000,18.891811,19.047195,19.752207,-0.860396,-21.212526,0.769812
2288,2.288000,18.906114,19.008039,19.752207,-0.846093,-20.441444,0.778782
2289,2.289000,18.920922,18.967633,19.752207,-0.831285,-19.654913,0.782502
2290,2.290000,18.936213,18.926032,19.752207,-0.815994,-18.825949,0.774722
2291,2.291000,18.951970,18.883296,19.752207,-0.800237,-17.993212,0.769142
2292,2.292000,18.968171,18.839480,19.752207,-0.784036,-17.289610,0.771793
2293,2.293000,18.984793,18.794638,19.752207,-0.767414,-16.701071,0.782062
2294,2.294000,19.001817,18.748813,19.752207,-0.750390,-16.012421,0.772603
2295,2.295000,19.019217,18.702048,19.752207,-0.732990,-15.106530,0.874171
2296,2.296000,19.036973,18.654408,19.752207,-0.715234,-14.064646,0.774373
2297,2.297000,19.055060,18.605963,19.752207,-0.697147,-12.910825,0.770592
2298,2.298000,19.073455,18.556791,19.752207,-0.678752,-11.795615,0.776382
2299,2.299000,19.092134,18.506975,19.752207,-0.660073,-10.713555,0.873171
2300,2.300000,19.111072,18.456592,19.752207,-0.641134,-9.674587,0.775872
2301,2.301000,19.130245,18.405715,19.752207,-0.621962,-8.813614,0.782212
2302,2.302000,19.149627,18.354405,19.752207,-0.602580,-7.909376,0.762242
2303,2.303000,19.169192,18.302723,19.752207,-0.583015,-7.006454,0.763162
2304,2.304000,19.188918,18.250732,19.752207,-0.563289,-6.146274,0.773722
2305,2.305000,19.208777,18.198488,19.752207,-0.543430,-5.234448,0.780683
2306,2.306000,19.228741,18.146050,19.752207,-0.523466,-4.171528,0.801322
2307,2.307000,19.248788,18.093494,19.752207,-0.503419,-3.016947,0.791102
2308,2.308000,19.268891,18.040895,19.752207,-0.483316,-1.804996,0.769493
2309,2.309000,19.289025,17.988333,19.752207,-0.463182,-0.533818,0.759952
2310,2.310000,19.309160,17.935899,19.752207,-0.443047,0.842698,0.765703
2311,2.311000,19.329275,17.883682,19.752207,-0.422932,2.085872,0.775702
2312,2.312000,19.349340,17.831773,19.752207,-0.402867,3.136966,0.776133
2313,2.313000,19.369332,17.780243,19.752207,-0.382875,4.158282,0.789362
2314,2.314000,19.389225,17.729158,19.752207,-0.362982,5.144151,0.951421
2315,2.315000,19.408995,17.678585,19.752207,-0.343212,6.126413,0.772252
2316,2.316000,19.428613,17.628588,19.752207,-0.323594,7.102140,0.785442
2317,2.317000,19.448057,17.579227,19.752207,-0.304150,8.044024,0.771822
2318,2.318000,19.467303,17.530567,19.752207,-0.284904,8.993002,0.968300
2319,2.319000,19.486325,17.482665,19.752207,-0.265882,9.997119,0.763562
2320,2.320000,19.505099,17.435586,19.752207,-0.247108,11.197008,0.770322
2321,2.321000,19.523604,17.389411,19.752207,-0.228603,12.466316,0.778302
2322,2.322000,19.541815,17.344219,19.752207,-0.210392,13.840551,0.781852
2323,2.323000,19.559708,17.300101,19.752207,-0.192499,15.440497,0.777772
2324,2.324000,19.577264,17.257163,19.752207,-0.174943,16.974752,0.798572
2325,2.325000,19.594460,17.215511,19.752207,-0.157747,18.470499,0.778622
2326,2.326000,19.611275,17.175241,19.752207,-0.140932,19.940771,0.765652
2327,2.327000,19.627688,17.136456,19.752207,-0.124519,21.318403,0.775233
2328,2.328000,19.643679,17.099244,19.752207,-0.108528,22.940067,0.777802
2329,2.329000,19.659231,17.063706,19.752207,-0.092976,25.083723,0.770782
2330,2.330000,19.674324,17.029980,19.752207,-0.077883,27.041372,0.784952
2331,2.331000,19.688942,16.998201,19.752207,-0.063265,28.789885,0.771112
2332,2.332000,19.703069,16.968485,19.752207,-0.049138,30.361425,0.772463
2333,2.333000,19.716687,16.940935,19.752207,-0.035520,31.870260,0.962890
2334,2.334000,19.729782,16.915650,19.752207,-0.022425,33.287830,0.772533
2335,2.335000,19.742341,16.892719,19.752207,-0.009866,34.847553,0.775972
2336,2.336000,19.754352,16.872236,19.752207,0.002145,36.435944,0.779692
2337,2.337000,19.765802,16.854301,19.752207,0.013595,37.778763,0.869211
2338,2.338000,19.776683,16.839002,19.752207,0.024476,38.678921,0.773272
2339,2.339000,19.786983,16.826395,19.752207,0.034776,39.193336,0.784772
2340,2.340000,19.796694,16.816506,19.752207,0.044487,39.381836,0.783302
2341,2.341000,19.805810,16.809341,19.752207,0.053603,39.307060,0.783383
2342,2.342000,19.814328,16.804883,19.752207,0.062121,38.995174,0.760452
2343,2.343000,19.822239,16.803097,19.752207,0.070032,38.605183,0.786023
2344,2.344000,19.829542,16.803942,19.752207,0.077335,38.044014,0.768962
2345,2.345000,19.836234,16.807369,19.752207,0.084027,37.263580,0.776552
2346,2.346000,19.842314,16.813315,19.752207,0.090107,36.070232,0.788512
2347,2.347000,19.847784,16.821690,19.752207,0.095577,34.177429,0.780762
2348,2.348000,19.852643,16.832363,19.752207,0.100436,32.356781,0.779802
2349,2.349000,19.856893,16.845190,19.752207,0.104686,30.436548,0.762732
2350,2.350000,19.860539,16.860032,19.752207,0.108332,28.775517,0.763343
2351,2.351000,19.863583,16.876759,19.752207,0.111376,27.587099,0.776232
2352,2.352000,19.866032,16.895277,19.752207,0.113825,27.042364,0.778382
2353,2.353000,19.867892,16.915541,19.752207,0.115685,26.500538,0.789572
2354,2.354000,19.869169,16.937513,19.752207,0.116962,25.866106,0.769492
2355,2.355000,19.869869,16.961154,19.752207,0.117662,25.090906,0.770993
2356,2.356000,19.870004,16.986416,19.752207,0.117797,24.073069,0.766192
2357,2.357000,19.869579,17.013229,19.752207,0.117372,22.660805,0.770513
2358,2.358000,19.868605,17.041500,19.752207,0.116398,21.337374,0.769382
2359,2.359000,19.867096,17.071131,19.752207,0.114889,20.215502,0.784503
2360,2.360000,19.865060,17.102036,19.752207,0.112854,19.035286,0.782162
2361,2.361000,19.862509,17.134134,19.752207,0.110302,17.732710,0.773403
2362,2.362000,19.859456,17.167334,19.752207,0.107249,16.514818,0.787802
2363,2.363000,19.855915,17.201550,19.752207,0.103708,15.324505,0.770792
2364,2.364000,19.851900,17.236694,19.752207,0.099693,14.209104,0.781582
2365,2.365000,19.847423,17.272693,19.752207,0.095216,13.192550,0.787532
2366,2.366000,19.842500,17.309470,19.752207,0.090293,12.166430,0.777042
2367,2.367000,19.837146,17.346959,19.752207,0.084939,11.245696,0.775822
2368,2.368000,19.831376,17.385096,19.752207,0.079169,10.533196,0.776202
2369,2.369000,19.825205,17.423828,19.752207,0.072998,9.990697,0.773892
2370,2.370000,19.818651,17.463119,19.752207,0.066444,9.344187,0.763602
2371,2.371000,19.811730,17.502928,19.752207,0.059523,8.533582,0.875411
2372,2.372000,19.804458,17.543203,19.752207,0.052251,7.674647,0.772232
2373,2.373000,19.796854,17.583885,19.752207,0.044647,6.950377,0.771462
2374,2.374000,19.788933,17.624924,19.752207,0.036726,6.262550,0.781072
2375,2.375000,19.780714,17.666272,19.752207,0.028508,5.530710,0.961411
2376,2.376000,19.772214,17.707880,19.752207,0.020007,4.841098,0.784312
2377,2.377000,19.763453,17.749698,19.752207,0.011246,4.154872,0.781363
2378,2.378000,19.754446,17.791683,19.752207,0.002239,3.337198,0.770542
2379,2.379000,19.745215,17.833778,19.752207,-0.006992,2.491322,0.761943
2380,2.380000,19.735775,17.875927,19.752207,-0.016432,1.637393,0.777492
2381,2.381000,19.726146,17.918071,19.752207,-0.026061,0.783343,0.777362
2382,2.382000,19.716347,17.960150,19.752207,-0.035860,0.013270,0.780222
2383,2.383000,19.706395,18.002113,19.752207,-0.045812,-0.652652,0.798132
2384,2.384000,19.696312,18.043912,19.752207,-0.055895,-1.305273,0.766173
2385,2.385000,19.686113,18.085504,19.752207,-0.066094,-1.952631,0.770022
2386,2.386000,19.675820,18.126849,19.752207,-0.076387,-2.589013,0.763533
2387,2.387000,19.665448,18.167902,19.752207,-0.086759,-3.208450,0.776672
2388,2.388000,19.655017,18.208625,19.752207,-0.097190,-3.783504,0.772273
2389,2.389000,19.644546,18.248978,19.752207,-0.107661,-4.355085,0.774252
2390,2.390000,19.634053,18.288926,19.752207,-0.118154,-4.934290,0.957601
2391,2.391000,19.623555,18.328430,19.752207,-0.128652,-5.515460,0.777822
2392,2.392000,19.613071,18.367453,19.752207,-0.139136,-6.099831,0.775673
2393,2.393000,19.602619,18.405956,19.752207,-0.149588,-6.681430,0.771452
2394,2.394000,19.592215,18.443903,19.752207,-0.159992,-7.265257,0.951001
2395,2.395000,19.581877,18.481254,19.752207,-0.170330,-7.824423,0.760252
2396,2.396000,19.571625,18.517975,19.752207,-0.180582,-8.390346,0.765412
2397,2.397000,19.561471,18.554026,19.752207,-0.190736,-8.978515,0.781092
2398,2.398000,19.551434,18.589372,19.752207,-0.200773,-9.612107,0.782593
2399,2.399000,19.541532,18.623972,19.752207,-0.210675,-10.240363,0.787192
2400,2.400000,19.531776,18.657785,19.752207,-0.220431,-10.803559,0.784562
2401,2.401000,19.522187,18.690773,19.752207,-0.230020,-11.243354,0.780163
2402,2.402000,19.512776,18.722909,19.752207,-0.239431,-11.687410,0.758152
2403,2.403000,19.503561,18.754164,19.752207,-0.248646,-12.165355,0.765313
2404,2.404000,19.494555,18.784511,19.752207,-0.257652,-12.674169,0.776682
2405,2.405000,19.485773,18.813917,19.752207,-0.266434,-13.103911,0.782523
2406,2.406000,19.477227,18.842356,19.752207,-0.274980,-13.485011,0.781762
2407,2.407000,19.468932,18.869806,19.752207,-0.283275,-13.861495,0.779042
2408,2.408000,19.460901,18.896243,19.752207,-0.291306,-14.263126,0.779852
2409,2.409000,19.453144,18.921642,19.752207,-0.299063,-14.701020,0.952220
2410,2.410000,19.445675,18.945982,19.752207,-0.306532,-15.145373,0.782982
2411,2.411000,19.438503,18.969232,19.752207,-0.313704,-15.627435,0.788682
2412,2.412000,19.431642,18.991361,19.752207,-0.320565,-16.118818,0.809372
2413,2.413000,19.425102,19.012342,19.752207,-0.327105,-16.593718,0.817202
2414,2.414000,19.418890,19.032145,19.752207,-0.333317,-17.041832,0.815832
2415,2.415000,19.413018,19.050741,19.752207,-0.339189,-17.425173,0.811862
2416,2.416000,19.407494,19.068107,19.752207,-0.344713,-17.753794,0.813132
2417,2.417000,19.402325,19.084223,19.752207,-0.349882,-18.010004,0.814072
2418,2.418000,19.397522,19.099075,19.752207,-0.354685,-18.174501,0.804332
2419,2.419000,19.393088,19.112657,19.752207,-0.359119,-18.288355,0.819611
2420,2.420000,19.389032,19.124963,19.752207,-0.363175,-18.431652,0.806883
2421,2.421000,19.385358,19.135992,19.752207,-0.366849,-18.550533,0.809251
2422,2.422000,19.382072,19.145739,19.752207,-0.370135,-18.686989,0.809441
2423,2.423000,19.379181,19.154198,19.752207,-0.373026,-18.856510,0.811422
2424,2.424000,19.376685,19.161363,19.752207,-0.375522,-18.995432,0.806322
2425,2.425000,19.374590,19.167229,19.752207,-0.377617,-19.065018,0.813012
2426,2.426000,19.372899,19.171793,19.752207,-0.379308,-18.997572,0.812982
2427,2.427000,19.371613,19.175061,19.752207,-0.380594,-18.853231,0.808772
2428,2.428000,19.370734,19.177047,19.752207,-0.381473,-18.684492,0.811202
2429,2.429000,19.370265,19.177769,19.752207,-0.381942,-18.464922,0.805392
2430,2.430000,19.370201,19.177245,19.752207,-0.382006,-18.188795,0.807432
2431,2.431000,19.370548,19.175498,19.752207,-0.381659,-17.886248,0.812182
2432,2.432000,19.371303,19.172553,19.752207,-0.380904,-17.555378,0.932591
2433,2.433000,19.372462,19.168438,19.752207,-0.379745,-17.202063,0.817992
2434,2.434000,19.374028,19.163178,19.752207,-0.378179,-16.962391,0.819612
2435,2.435000,19.375995,19.156799,19.752207,-0.376212,-16.825365,0.813592
2436,2.436000,19.378360,19.149310,19.752207,-0.373847,-16.694433,0.824652
2437,2.437000,19.381123,19.140726,19.752207,-0.371084,-16.560057,0.828602
2438,2.438000,19.384275,19.131054,19.752207,-0.367932,-16.419085,0.826362
2439,2.439000,19.387815,19.120307,19.752207,-0.364392,-16.209661,0.822642
2440,2.440000,19.391737,19.108503,19.752207,-0.360470,-15.939462,0.815241
2441,2.441000,19.396035,19.095658,19.752207,-0.356172,-15.704967,0.811971
2442,2.442000,19.400702,19.081797,19.752207,-0.351505,-15.815236,0.816502
2443,2.443000,19.405732,19.066914,19.752207,-0.346475,-15.885557,0.819102
2444,2.444000,19.411119,19.051008,19.752207,-0.341088,-15.851171,0.811982
2445,2.445000,19.416857,19.034079,19.752207,-0.335350,-15.691468,0.816172
2446,2.446000,19.422932,19.016140,19.752207,-0.329275,-15.498319,0.884531
2447,2.447000,19.429341,18.997203,19.752207,-0.322866,-15.260325,0.810172
2448,2.448000,19.436072,18.977291,19.752207,-0.316135,-14.965507,0.811832
2449,2.449000,19.443117,18.956427,19.752207,-0.309090,-14.593380,0.817782
2450,2.450000,19.450465,18.934635,19.752207,-0.301742,-14.191741,0.807732
2451,2.451000,19.458106,18.911950,19.752207,-0.294101,-13.782273,0.811442
2452,2.452000,19.466029,18.888401,19.752207,-0.286178,-13.351569,0.797982
2453,2.453000,19.474222,18.864021,19.752207,-0.277985,-12.885589,0.805272
2454,2.454000,19.482676,18.838843,19.752207,-0.269531,-12.395963,0.812342
2455,2.455000,19.491376,18.812904,19.752207,-0.260831,-11.898543,0.812922
2456,2.456000,19.500311,18.786242,19.752207,-0.251896,-11.393682,0.830211
2457,2.457000,19.509467,18.758891,19.752207,-0.242740,-10.881511,0.814692
2458,2.458000,19.518833,18.730887,19.752207,-0.233374,-10.362655,0.809062
2459,2.459000,19.528395,18.702270,19.752207,-0.223812,-9.831924,0.816052
2460,2.460000,19.538139,18.673078,19.752207,-0.214068,-9.279409,0.811032
2461,2.461000,19.548051,18.643346,19.752207,-0.204156,-8.715112,0.809052
2462,2.462000,19.558115,18.613116,19.752207,-0.194092,-8.210666,0.798292
2463,2.463000,19.568321,18.582424,19.752207,-0.183886,-7.691556,0.801412
2464,2.464000,19.578650,18.551308,19.752207,-0.173557,-7.149693,0.800932
2465,2.465000,19.589090,18.519802,19.752207,-0.163117,-6.520801,0.809242
2466,2.466000,19.599626,18.487949,19.752207,-0.152581,-5.843517,0.807822
2467,2.467000,19.610240,18.455796,19.752207,-0.141967,-5.155560,0.807272
2468,2.468000,19.620919,18.423392,19.752207,-0.131288,-4.469597,0.806681
2469,2.469000,19.631647,18.390783,19.752207,-0.120560,-3.759078,0.895321
2470,2.470000,19.642410,18.358020,19.752207,-0.109797,-3.014193,0.805002
2471,2.471000,19.653190,18.325152,19.752207,-0.099017,-2.272611,0.797892
2472,2.472000,19.663971,18.292230,19.752207,-0.088236,-1.556597,0.797982
2473,2.473000,19.674741,18.259305,19.752207,-0.077466,-0.880195,0.811762
2474,2.474000,19.685481,18.226421,19.752207,-0.066726,-0.207751,0.801812
2475,2.475000,19.696177,18.193623,19.752207,-0.056030,0.522423,0.809571
2476,2.476000,19.706814,18.160961,19.752207,-0.045393,1.301417,0.810262
2477,2.477000,19.717375,18.128485,19.752207,-0.034832,2.008370,0.810192
2478,2.478000,19.727844,18.096245,19.752207,-0.024363,2.725090,0.810452
2479,2.479000,19.738207,18.064286,19.752207,-0.014000,3.449558,0.802612
2480,2.480000,19.748449,18.032659,19.752207,-0.003758,4.172118,0.799492
2481,2.481000,19.758554,18.001409,19.752207,0.006347,4.900397,0.793352
2482,2.482000,19.768509,17.970585,19.752207,0.016302,5.630049,0.806252
2483,2.483000,19.778298,17.940235,19.752207,0.026091,6.350494,0.969490
2484,2.484000,19.787907,17.910407,19.752207,0.035700,7.086663,0.805392
2485,2.485000,19.797322,17.881147,19.752207,0.045115,7.818061,0.798492
2486,2.486000,19.806529,17.852506,19.752207,0.054322,8.458108,0.801322
2487,2.487000,19.815514,17.824523,19.752207,0.063307,9.052667,0.856702
2488,2.488000,19.824265,17.797240,19.752207,0.072058,9.693379,0.802712
2489,2.489000,19.832767,17.770692,19.752207,0.080560,10.402823,0.812762
2490,2.490000,19.841010,17.744929,19.752207,0.088803,11.254242,0.814402
2491,2.491000,19.848981,17.720000,19.752207,0.096774,12.227271,0.807792
2492,2.492000,19.856666,17.695972,19.752207,0.104459,13.221045,0.792202
2493,2.493000,19.864058,17.672908,19.752207,0.111851,14.305161,0.801202
2494,2.494000,19.871141,17.650882,19.752207,0.118934,15.379346,0.822792
2495,2.495000,19.877910,17.629965,19.752207,0.125703,16.421181,0.807112
2496,2.496000,19.884349,17.610226,19.752207,0.132142,17.554598,0.808092
2497,2.497000,19.890455,17.591738,19.752207,0.138248,18.740595,0.797682
2498,2.498000,19.896215,17.574580,19.752207,0.144008,19.855000,0.798542
2499,2.499000,19.901621,17.558825,19.752207,0.149414,20.828447,0.803192
2500,2.500000,19.906667,17.544538,-6.920419,26.827085,-84.689217,0.787503
2501,2.501000,19.911345,17.525676,-6.920419,26.831764,-109.230965,0.795812
2502,2.502000,19.915648,17.499264,-6.920419,26.836067,-110.055992,0.798802
2503,2.503000,19.919564,17.464659,-6.920419,26.839982,-110.109367,0.795622
2504,2.504000,19.923078,17.421917,-6.920419,26.843496,-109.994469,0.799562
2505,2.505000,19.926174,17.371254,-6.920419,26.846592,-109.729073,0.803122
2506,2.506000,19.928834,17.312880,-6.920419,26.849252,-109.047234,1.008610
2507,2.507000,19.931033,17.246993,-6.920419,26.851452,-107.360878,0.804662
2508,2.508000,19.932749,17.173811,-6.920419,26.853168,-102.764076,0.807362
2509,2.509000,19.933955,17.093708,-6.920419,26.854373,-92.536980,0.814762
2510,2.510000,19.934619,17.007396,-6.920419,26.855038,-73.132027,0.801202
2511,2.511000,19.934711,16.916191,-6.920419,26.855130,-57.717796,0.803152
2512,2.512000,19.934197,16.821308,-6.920419,26.854616,-50.868435,0.798812
2513,2.513000,19.933043,16.723411,-6.920419,26.853462,-45.155411,0.800962
2514,2.514000,19.931214,16.622928,-6.920419,26.851633,-41.812164,0.798102
2515,2.515000,19.928675,16.520097,-6.920419,26.849094,-39.498089,0.798782
2516,2.516000,19.925388,16.415043,-6.920419,26.845807,-37.356491,0.804082
2517,2.517000,19.921316,16.307867,-6.920419,26.841734,-35.424332,0.808452
2518,2.518000,19.916422,16.198668,-6.920419,26.836840,-33.717064,0.806342
2519,2.519000,19.910667,16.087529,-6.920419,26.831086,-32.369339,0.789843
2520,2.520000,19.904015,15.974523,-6.920419,26.824433,-30.987543,0.781662
2521,2.521000,19.896423,15.859727,-6.920419,26.816842,-29.611589,0.887741
2522,2.522000,19.887856,15.743215,-6.920419,26.808275,-28.289259,0.799652
2523,2.523000,19.878273,15.625074,-6.920419,26.798692,-27.006907,0.791882
2524,2.524000,19.867634,15.505380,-6.920419,26.788052,-25.747965,1.011890
2525,2.525000,19.855900,15.384216,-6.920419,26.776318,-24.873560,0.800012
2526,2.526000,19.843030,15.261638,-6.920419,26.763448,-24.037386,0.793542
2527,2.527000,19.828982,15.137702,-6.920419,26.749400,-23.408817,0.799612
2528,2.528000,19.813720,15.012445,-6.920419,26.734138,-22.950048,0.805952
2529,2.529000,19.797201,14.885897,-6.920419,26.717619,-22.525023,0.802253
2530,2.530000,19.779384,14.758082,-6.920419,26.699803,-22.100595,0.792892
2531,2.531000,19.760229,14.629022,-6.920419,26.680648,-21.673338,0.795702
2532,2.532000,19.739697,14.498743,-6.920419,26.660116,-21.243464,0.791582
2533,2.533000,19.717749,14.367272,-6.920419,26.638167,-20.857443,0.789952
2534,2.534000,19.694340,14.234632,-6.920419,26.614758,-20.531881,0.792552
2535,2.535000,19.669432,14.100844,-6.920419,26.589850,-20.209538,0.801502
2536,2.536000,19.642985,13.965929,-6.920419,26.563404,-19.888453,0.801992
2537,2.537000,19.614959,13.829905,-6.920419,26.535378,-19.568045,0.789242
2538,2.538000,19.585315,13.692793,-6.920419,26.505733,-19.259634,0.792542
2539,2.539000,19.554012,13.554612,-6.920419,26.474431,-18.952944,0.814162
2540,2.540000,19.521010,13.415381,-6.920419,26.441429,-18.637529,0.788922
2541,2.541000,19.486270,13.275120,-6.920419,26.406689,-18.309328,0.794742
2542,2.542000,19.449754,13.133849,-6.920419,26.370173,-17.957050,0.792942
2543,2.543000,19.411422,12.991591,-6.920419,26.331840,-17.624628,0.841231
2544,2.544000,19.371234,12.848365,-6.920419,26.291653,-17.321955,0.793212
2545,2.545000,19.329154,12.704193,-6.920419,26.249572,-17.021341,0.794942
2546,2.546000,19.285142,12.559092,-6.920419,26.205560,-16.713022,0.794752
2547,2.547000,19.239161,12.413081,-6.920419,26.159579,-16.392839,0.790272
2548,2.548000,19.191174,12.266178,-6.920419,26.111592,-16.071817,0.780063
2549,2.549000,19.141144,12.118404,-6.920419,26.061563,-15.761394,0.794692
2550,2.550000,19.089033,11.969778,-6.920419,26.009452,-15.451205,0.799712
2551,2.551000,19.034805,11.820319,-6.920419,25.955223,-15.102021,0.792172
2552,2.552000,18.978425,11.670045,-6.920419,25.898844,-14.731238,0.800822
2553,2.553000,18.919856,11.518982,-6.920419,25.840275,-14.358278,0.816802
2554,2.554000,18.859066,11.367150,-6.920419,25.779484,-13.986960,0.790082
2555,2.555000,18.796016,11.214574,-6.920419,25.716435,-13.609548,0.783032
2556,2.556000,18.730675,11.061275,-6.920419,25.651094,-13.224720,0.778832
2557,2.557000,18.663010,10.907277,-6.920419,25.583429,-12.831441,0.796563
2558,2.558000,18.592986,10.752604,-6.920419,25.513404,-12.428685,0.792862
2559,2.559000,18.520572,10.597278,-6.920419,25.440990,-12.000012,0.783902
2560,2.560000,18.445735,10.441328,-6.920419,25.366154,-11.505660,0.784953
2561,2.561000,18.368443,10.284781,-6.920419,25.288862,-10.997835,0.791792
2562,2.562000,18.288668,10.127669,-6.920419,25.209087,-10.493758,0.811402
2563,2.563000,18.206378,9.970022,-6.920419,25.126797,-10.042299,0.799222
2564,2.564000,18.121545,9.811870,-6.920419,25.041964,-9.594516,0.797362
2565,2.565000,18.034139,9.653239,-6.920419,24.954558,-9.120699,0.804611
2566,2.566000,17.944131,9.494155,-6.920419,24.864550,-8.248143,0.782142
2567,2.567000,17.851497,9.334670,-6.920419,24.771915,-7.242908,0.794192
2568,2.568000,17.756209,9.174848,-6.920419,24.676627,-6.266864,0.799072
2569,2.569000,17.658240,9.014753,-6.920419,24.578659,-5.336386,0.810792
2570,2.570000,17.557565,8.854449,-6.920419,24.477983,-4.428515,0.799463
2571,2.571000,17.454163,8.693993,-6.920419,24.374581,-3.325586,0.786562
2572,2.572000,17.348008,8.533454,-6.920419,24.268426,-2.178733,0.780372
2573,2.573000,17.239076,8.372905,-6.920419,24.159495,-0.950961,0.788812
2574,2.574000,17.127350,8.212426,-6.920419,24.047768,0.379605,0.794962
2575,2.575000,17.012808,8.052099,-6.920419,23.933226,2.133506,0.791292
2576,2.576000,16.895429,7.892038,-6.920419,23.815848,4.224714,0.790762
2577,2.577000,16.775197,7.732375,-6.920419,23.695616,6.353954,0.804812
2578,2.578000,16.652093,7.573257,-6.920419,23.572512,9.445214,0.788122
2579,2.579000,16.526100,7.414877,-6.920419,23.446519,15.780694,0.788062
2580,2.580000,16.397206,7.257636,-6.920419,23.317625,24.538483,0.777722
2581,2.581000,16.265397,7.102116,-6.920419,23.185816,34.262997,0.784453
2582,2.582000,16.130660,6.948995,-6.920419,23.051078,42.089260,0.782242
2583,2.583000,15.992985,6.798857,-6.920419,22.913404,50.808903,0.783072
2584,2.584000,15.852365,6.652298,-6.920419,22.772784,57.431503,0.801642
2585,2.585000,15.708793,6.509791,-6.920419,22.629212,61.310276,0.792282
2586,2.586000,15.562268,6.371616,-6.920419,22.482687,63.769676,0.785742
2587,2.587000,15.412790,6.237921,-6.920419,22.333208,65.745972,0.788962
2588,2.588000,15.260357,6.108795,-6.920419,22.180776,67.627663,0.785763
2589,2.589000,15.104977,5.984318,-6.920419,22.025396,68.919044,0.776942
2590,2.590000,14.946658,5.864538,-6.920419,21.867077,69.836296,0.786552
2591,2.591000,14.785408,5.749483,-6.920419,21.705826,70.532166,0.789672
2592,2.592000,14.621241,5.639166,-6.920419,21.541659,71.134331,0.795222
2593,2.593000,14.454173,5.533594,-6.920419,21.374591,71.563049,0.790152
2594,2.594000,14.284220,5.432771,-6.920419,21.204639,71.803513,0.785973
2595,2.595000,14.111406,5.336688,-6.920419,21.031825,71.938515,0.773252
2596,2.596000,13.935754,5.245331,-6.920419,20.856172,71.973198,0.837962
2597,2.597000,13.757289,5.158681,-6.920419,20.677708,71.908951,0.790202
2598,2.598000,13.576041,5.076714,-6.920419,20.496459,71.758675,0.807892
2599,2.599000,13.392041,4.999400,-6.920419,20.312459,71.528976,0.788723
2600,2.600000,13.205324,4.926704,-6.920419,20.125742,71.212715,0.883911
2601,2.601000,13.015927,4.858590,-6.920419,19.936345,70.798927,0.788372
2602,2.602000,12.823888,4.795011,-6.920419,19.744307,70.302422,0.784413
2603,2.603000,12.629251,4.735918,-6.920419,19.549670,69.811974,0.785042
2604,2.604000,12.432059,4.681261,-6.920419,19.352478,69.268867,0.773643
2605,2.605000,12.232360,4.630987,-6.920419,19.152778,68.798950,0.772192
2606,2.606000,12.030203,4.585049,-6.920419,18.950622,68.468018,0.793322
2607,2.607000,11.825640,4.543408,-6.920419,18.746059,68.376068,0.792572
2608,2.608000,11.618725,4.506043,-6.920419,18.539143,68.453697,0.793912
2609,2.609000,11.409513,4.472944,-6.920419,18.329932,68.438751,0.790522
2610,2.610000,11.198066,4.444105,-6.920419,18.118485,68.347603,0.799932
2611,2.611000,10.984443,4.419507,-6.920419,17.904861,68.204796,0.777183
2612,2.612000,10.768708,4.399132,-6.920419,17.689126,68.031372,0.769222
2613,2.613000,10.550927,4.382955,-6.920419,17.471346,67.820168,0.777482
2614,2.614000,10.331167,4.370951,-6.920419,17.251586,67.566338,0.786933
2615,2.615000,10.109500,4.363090,-6.920419,17.029918,67.260460,0.834531
2616,2.616000,9.885995,4.359339,-6.920419,16.806414,66.889305,0.792952
2617,2.617000,9.660730,4.359660,-6.920419,16.581148,66.444817,0.786562
2618,2.618000,9.433779,4.364013,-6.920419,16.354197,65.929352,0.780722
2619,2.619000,9.205221,4.372349,-6.920419,16.125639,65.339226,0.905561
2620,2.620000,8.975138,4.384618,-6.920419,15.895556,64.658821,0.799292
2621,2.621000,8.743609,4.400761,-6.920419,15.664028,63.743462,0.774992
2622,2.622000,8.510722,4.420706,-6.920419,15.431141,62.492931,0.788623
2623,2.623000,8.276561,4.444360,-6.920419,15.196980,61.053619,0.778832
2624,2.624000,8.041214,4.471611,-6.920419,14.961633,59.368389,0.776202
2625,2.625000,7.804772,4.502335,-6.920419,14.725190,57.361626,0.785902
2626,2.626000,7.567325,4.536384,-6.920419,14.487743,55.254074,0.934961
2627,2.627000,7.328965,4.573601,-6.920419,14.249384,53.159096,0.845491
2628,2.628000,7.089788,4.613830,-6.920419,14.010207,51.105438,0.811552
2629,2.629000,6.849889,4.656919,-6.920419,13.770308,48.611855,0.801852
2630,2.630000,6.609365,4.702693,-6.920419,13.529783,45.572281,0.796543
2631,2.631000,6.368313,4.750943,-6.920419,13.288732,43.461540,0.785892
2632,2.632000,6.126834,4.801504,-6.920419,13.047252,41.885025,0.791662
2633,2.633000,5.885027,4.854256,-6.920419,12.805445,39.786148,0.821822
2634,2.634000,5.642993,4.909061,-6.920419,12.563411,37.107872,0.824582
2635,2.635000,5.400834,4.965742,-6.920419,12.321252,34.004601,0.784852
2636,2.636000,5.158652,5.024089,-6.920419,12.079071,30.890831,0.881752
2637,2.637000,4.916552,5.083882,-6.920419,11.836971,27.544952,0.824062
2638,2.638000,4.674636,5.144891,-6.920419,11.595055,24.359898,0.949710
2639,2.639000,4.433009,5.206889,-6.920419,11.353428,22.253397,0.801682
2640,2.640000,4.191775,5.269719,-6.920419,11.112193,20.103579,0.789962
2641,2.641000,3.951038,5.333238,-6.920419,10.871456,17.785702,0.774142
2642,2.642000,3.710903,5.397296,-6.920419,10.631322,15.384640,1.002841
2643,2.643000,3.471475,5.461736,-6.920419,10.391893,12.632375,0.786482
2644,2.644000,3.232858,5.526381,-6.920419,10.153276,9.587627,0.992490
2645,2.645000,2.995156,5.591029,-6.920419,9.915575,7.210582,0.790252
2646,2.646000,2.758473,5.655510,-6.920419,9.678892,4.097751,0.776962
2647,2.647000,2.522914,5.719624,-6.920419,9.443332,-0.209475,0.784362
2648,2.648000,2.288580,5.783095,-6.920419,9.208998,-4.433776,0.792092
2649,2.649000,2.055574,5.845631,-6.920419,8.975993,-9.209177,0.795292
2650,2.650000,1.823998,5.906909,-6.920419,8.744417,-13.368661,0.782232
2651,2.651000,1.593953,5.966638,-6.920419,8.514372,-18.908888,0.779642
2652,2.652000,1.365538,6.024456,-6.920419,8.285956,-23.685862,0.781842
2653,2.653000,1.138851,6.080031,-6.920419,8.059270,-28.316946,0.767942
2654,2.654000,0.913989,6.133050,-6.920419,7.834408,-32.150253,0.771753
2655,2.655000,0.691049,6.183253,-6.920419,7.611467,-35.574043,0.781412
2656,2.656000,0.470122,6.230417,-6.920419,7.390541,-38.598228,0.782742
2657,2.657000,0.251302,6.274352,-6.920419,7.171720,-40.609699,0.774612
2658,2.658000,0.034678,6.314933,-6.920419,6.955096,-42.482513,0.773572
2659,2.659000,-0.179662,6.352056,-6.920419,6.740757,-44.518219,0.774392
2660,2.660000,-0.391631,6.385613,-6.920419,6.528787,-46.380817,0.763303
2661,2.661000,-0.601146,6.415499,-6.920419,6.319273,-48.271133,0.771242
2662,2.662000,-0.808125,6.441607,-6.920419,6.112294,-49.397697,0.776282
2663,2.663000,-1.012488,6.463872,-6.920419,5.907931,-50.191685,0.771762
2664,2.664000,-1.214158,6.482258,-6.920419,5.706260,-50.840771,0.782452
2665,2.665000,-1.413061,6.496742,-6.920419,5.507358,-51.370773,0.771833
2666,2.666000,-1.609123,6.507310,-6.920419,5.311296,-51.816689,0.776292
2667,2.667000,-1.802274,6.513952,-6.920419,5.118144,-52.228348,0.773653
2668,2.668000,-1.992447,6.516660,-6.920419,4.927971,-52.521183,0.770342
2669,2.669000,-2.179577,6.515432,-6.920419,4.740842,-52.685982,0.772782
2670,2.670000,-2.363599,6.510273,-6.920419,4.556819,-52.780975,0.773072
2671,2.671000,-2.544455,6.501193,-6.920419,4.375963,-52.799675,0.931441
2672,2.672000,-2.722086,6.488209,-6.920419,4.198332,-52.744560,0.779222
2673,2.673000,-2.896437,6.471339,-6.920419,4.023982,-52.631500,0.783323
2674,2.674000,-3.067454,6.450608,-6.920419,3.852964,-52.472630,0.772452
2675,2.675000,-3.235088,6.426043,-6.920419,3.685330,-52.336121,0.945201
2676,2.676000,-3.399291,6.397669,-6.920419,3.521128,-52.241402,0.759313
2677,2.677000,-3.560017,6.365507,-6.920419,3.360402,-52.153355,0.777552
2678,2.678000,-3.717224,6.329581,-6.920419,3.203195,-52.140457,0.773332
2679,2.679000,-3.870871,6.289904,-6.920419,3.049548,-52.147430,0.769712
2680,2.680000,-4.020921,6.246491,-6.920419,2.899497,-52.153133,0.777332
2681,2.681000,-4.167340,6.199355,-6.920419,2.753079,-52.256935,0.772882
2682,2.682000,-4.310094,6.148503,-6.920419,2.610325,-52.462624,0.764412
2683,2.683000,-4.449154,6.093936,-6.920419,2.471265,-53.041145,0.787003
2684,2.684000,-4.584492,6.035631,-6.920419,2.335927,-53.910465,0.772472
2685,2.685000,-4.716084,5.973544,-6.920419,2.204335,-54.821369,0.771372
2686,2.686000,-4.843908,5.907622,-6.920419,2.076511,-55.645302,0.772872
2687,2.687000,-4.967945,5.837818,-6.920419,1.952474,-56.324905,0.783462
2688,2.688000,-5.088178,5.764097,-6.920419,1.832241,-56.866898,0.772422
2689,2.689000,-5.204593,5.686434,-6.920419,1.715826,-57.354557,0.786272
2690,2.690000,-5.317178,5.604810,-6.920419,1.603240,-57.715073,0.769353
2691,2.691000,-5.425927,5.519215,-6.920419,1.494491,-57.973206,0.857401
2692,2.692000,-5.530832,5.429649,-6.920419,1.389586,-58.131020,0.782563
2693,2.693000,-5.631892,5.336117,-6.920419,1.288527,-58.191795,0.779762
2694,2.694000,-5.729105,5.238632,-6.920419,1.191314,-58.153488,0.894321
2695,2.695000,-5.822474,5.137213,-6.920419,1.097945,-58.038311,0.774263
2696,2.696000,-5.912005,5.031886,-6.920419,1.008414,-57.884087,0.781442
2697,2.697000,-5.997705,4.922679,-6.920419,0.922714,-57.678947,0.789962
2698,2.698000,-6.079585,4.809622,-6.920419,0.840833,-57.344364,0.792382
2699,2.699000,-6.157659,4.692753,-6.920419,0.762759,-56.882488,0.770812
2700,2.700000,-6.231943,4.572120,-6.920419,0.688476,-56.307526,0.777003
2701,2.701000,-6.302455,4.447778,-6.920419,0.617963,-55.628654,0.772582
2702,2.702000,-6.369217,4.319789,-6.920419,0.551202,-54.850967,0.784052
2703,2.703000,-6.432252,4.188222,-6.920419,0.488167,-53.981483,0.772172
2704,2.704000,-6.491587,4.053153,-6.920419,0.428831,-53.177162,0.766992
2705,2.705000,-6.547252,3.914652,-6.920419,0.373167,-52.574799,0.784312
2706,2.706000,-6.599277,3.772780,-6.920419,0.321141,-52.107056,0.771352
2707,2.707000,-6.647697,3.627583,-6.920419,0.272722,-51.721062,0.769513
2708,2.708000,-6.692548,3.479099,-6.920419,0.227871,-51.288414,0.776112
2709,2.709000,-6.733869,3.327370,-6.920419,0.186550,-50.799553,0.788382
2710,2.710000,-6.771700,3.172439,-6.920419,0.148718,-50.304817,0.858791
2711,2.711000,-6.806087,3.014351,-6.920419,0.114332,-49.815620,0.770702
2712,2.712000,-6.837073,2.853151,-6.920419,0.083345,-49.403053,0.780592
2713,2.713000,-6.864708,2.688882,-6.920419,0.055710,-48.929581,0.971850
2714,2.714000,-6.889042,2.521586,-6.920419,0.031376,-48.418129,0.775793
2715,2.715000,-6.910128,2.351310,-6.920419,0.010291,-47.720703,0.769722
2716,2.716000,-6.928019,2.178110,-6.920419,-0.007601,-46.813217,0.769073
2717,2.717000,-6.942774,2.002060,-6.920419,-0.022355,-45.815041,0.772252
2718,2.718000,-6.954451,1.823239,-6.920419,-0.034032,-44.629044,0.785743
2719,2.719000,-6.963111,1.641740,-6.920419,-0.042693,-43.422409,0.777712
2720,2.720000,-6.968817,1.457659,-6.920419,-0.048399,-42.204350,0.794662
2721,2.721000,-6.971635,1.271094,-6.920419,-0.051217,-41.164719,0.770153
2722,2.722000,-6.971631,1.082128,-6.920419,-0.051212,-39.924580,0.767322
2723,2.723000,-6.968874,0.890854,-6.920419,-0.048455,-38.349937,0.772943
2724,2.724000,-6.963434,0.697388,-6.920419,-0.043015,-36.190907,0.787352
2725,2.725000,-6.955384,0.501879,-6.920419,-0.034965,-34.112484,0.802552
2726,2.726000,-6.944796,0.304485,-6.920419,-0.024378,-32.142845,0.774353
2727,2.727000,-6.931748,0.105355,-6.920419,-0.011330,-30.160919,0.774792
2728,2.728000,-6.916315,-0.095366,-6.920419,0.004103,-28.350035,0.775313
2729,2.729000,-6.898576,-0.297543,-6.920419,0.021843,-26.705935,0.900531
2730,2.730000,-6.878610,-0.501055,-6.920419,0.041808,-25.037159,0.766002
2731,2.731000,-6.856498,-0.705785,-6.920419,0.063920,-23.338299,0.771923
2732,2.732000,-6.832322,-0.911613,-6.920419,0.088096,-21.447763,0.764682
2733,2.733000,-6.806166,-1.118409,-6.920419,0.114253,-19.147276,0.946370
2734,2.734000,-6.778112,-1.326015,-6.920419,0.142307,-16.825451,0.773253
2735,2.735000,-6.748246,-1.534266,-6.920419,0.172173,-14.758039,0.785732
2736,2.736000,-6.716653,-1.743014,-6.920419,0.203765,-12.576745,0.775202
2737,2.737000,-6.683422,-1.952104,-6.920419,0.236997,-10.190466,0.786572
2738,2.738000,-6.648638,-2.161375,-6.920419,0.271780,-7.669783,0.764322
2739,2.739000,-6.612389,-2.370651,-6.920419,0.308029,-5.163299,0.765503
2740,2.740000,-6.574765,-2.579759,-6.920419,0.345654,-2.699960,0.793062
2741,2.741000,-6.535853,-2.788526,-6.920419,0.384566,-0.344439,0.785372
2742,2.742000,-6.495743,-2.996791,-6.920419,0.424676,1.923367,0.773872
2743,2.743000,-6.454524,-3.204397,-6.920419,0.465894,4.162686,0.787302
2744,2.744000,-6.412286,-3.411192,-6.920419,0.508133,6.393367,0.765003
2745,2.745000,-6.369117,-3.617028,-6.920419,0.551301,8.685952,0.762052
2746,2.746000,-6.325108,-3.821752,-6.920419,0.595310,11.026315,0.766723
2747,2.747000,-6.280348,-4.025207,-6.920419,0.640071,14.079550,0.777832
2748,2.748000,-6.234926,-4.227195,-6.920419,0.685493,17.196787,0.784843
2749,2.749000,-6.188930,-4.427506,-6.920419,0.731488,20.237728,0.779662
2750,2.750000,-6.142450,-4.625930,-6.920419,0.777968,23.958649,0.774752
2751,2.751000,-6.095573,-4.822222,-6.920419,0.824846,28.488873,0.767792
2752,2.752000,-6.048386,-5.016082,-6.920419,0.872032,33.431141,0.765572
2753,2.753000,-6.000976,-5.207174,-6.920419,0.919443,37.722839,0.768652
2754,2.754000,-5.953428,-5.395195,-6.920419,0.966991,41.623814,0.774442
2755,2.755000,-5.905826,-5.579874,-6.920419,1.014592,47.594517,0.785452
2756,2.756000,-5.858255,-5.760837,-6.920419,1.062163,54.419083,0.773042
2757,2.757000,-5.810796,-5.937628,-6.920419,1.109622,59.758636,0.782773
2758,2.758000,-5.763529,-6.109865,-6.920419,1.156889,64.541794,0.775802
2759,2.759000,-5.716533,-6.277220,-6.920419,1.203886,68.468758,0.784602
2760,2.760000,-5.669884,-6.439428,-6.920419,1.250534,71.385368,0.772613
2761,2.761000,-5.623658,-6.596303,-6.920419,1.296760,73.489014,0.777762
2762,2.762000,-5.577927,-6.747721,-6.920419,1.342491,75.180321,0.764723
2763,2.763000,-5.532762,-6.893594,-6.920419,1.387656,76.791252,0.777012
2764,2.764000,-5.488231,-7.033844,-6.920419,1.432188,78.449135,0.782903
2765,2.765000,-5.444399,-7.168391,-6.920419,1.476019,80.678337,0.787612
2766,2.766000,-5.401332,-7.297114,-6.920419,1.519087,82.651329,0.768683
2767,2.767000,-5.359090,-7.419897,-6.920419,1.561329,84.604973,0.840581
2768,2.768000,-5.317731,-7.536623,-6.920419,1.602687,86.279991,0.771173
2769,2.769000,-5.277314,-7.647193,-6.920419,1.643105,87.494431,0.772952
2770,2.770000,-5.237891,-7.751539,-6.920419,1.682528,88.099358,0.779393
2771,2.771000,-5.199513,-7.849632,-6.920419,1.720905,88.061264,0.978360
2772,2.772000,-5.162230,-7.941491,-6.920419,1.758188,87.483009,0.782372
2773,2.773000,-5.126087,-8.027177,-6.920419,1.794331,86.247948,0.784932
2774,2.774000,-5.091128,-8.106794,-6.920419,1.829290,84.554451,0.782122
2775,2.775000,-5.057394,-8.180482,-6.920419,1.863025,82.421494,0.774153
2776,2.776000,-5.024922,-8.248409,-6.920419,1.895496,80.204659,0.769932
2777,2.777000,-4.993749,-8.310755,-6.920419,1.926669,78.165428,0.769622
2778,2.778000,-4.963908,-8.367684,-6.920419,1.956510,76.435150,0.788322
2779,2.779000,-4.935429,-8.419339,-6.920419,1.984989,75.230034,0.788092
2780,2.780000,-4.908342,-8.465823,-6.920419,2.012077,73.945152,0.775153
2781,2.781000,-4.882671,-8.507234,-6.920419,2.037748,72.824745,0.781472
2782,2.782000,-4.858441,-8.543657,-6.920419,2.061978,71.403587,0.778373
2783,2.783000,-4.835673,-8.575196,-6.920419,2.084746,69.949814,0.773182
2784,2.784000,-4.814386,-8.601956,-6.920419,2.106032,68.865990,0.784242
2785,2.785000,-4.794598,-8.624028,-6.920419,2.125821,68.132408,0.768533
2786,2.786000,-4.776323,-8.641475,-6.920419,2.144096,67.853661,0.871781
2787,2.787000,-4.759573,-8.654327,-6.920419,2.160846,67.985832,0.781763
2788,2.788000,-4.744359,-8.662585,-6.920419,2.176059,68.301086,0.784002
2789,2.789000,-4.730689,-8.666231,-6.920419,2.189729,68.647850,0.776652
2790,2.790000,-4.718570,-8.665247,-6.920419,2.201849,69.098549,0.906261
2791,2.791000,-4.708004,-8.659605,-6.920419,2.212415,69.347778,0.764902
2792,2.792000,-4.698993,-8.649294,-6.920419,2.221426,69.247215,0.772823
2793,2.793000,-4.691537,-8.634324,-6.920419,2.228882,68.459801,0.794232
2794,2.794000,-4.685632,-8.614754,-6.920419,2.234786,66.931793,0.775232
2795,2.795000,-4.681274,-8.590695,-6.920419,2.239144,64.447060,0.782313
2796,2.796000,-4.678456,-8.562327,-6.920419,2.241963,61.600731,0.787342
2797,2.797000,-4.677167,-8.529865,-6.920419,2.243251,58.755676,0.773312
2798,2.798000,-4.677397,-8.493526,-6.920419,2.243022,55.124481,0.782502
2799,2.799000,-4.679132,-8.453574,-6.920419,2.241287,51.155090,0.771082
2800,2.800000,-4.682357,-8.410295,-6.920419,2.238062,47.396530,0.771552
2801,2.801000,-4.687055,-8.363969,-6.920419,2.233363,43.841660,0.805322
2802,2.802000,-4.693209,-8.314856,-6.920419,2.227210,41.657101,0.785072
2803,2.803000,-4.700797,-8.263132,-6.920419,2.219622,39.715004,0.772692
2804,2.804000,-4.709799,-8.208934,-6.920419,2.210620,37.841892,0.777372
2805,2.805000,-4.720191,-8.152387,-6.920419,2.200227,36.214405,0.936551
2806,2.806000,-4.731950,-8.093599,-6.920419,2.188468,34.327759,0.774303
2807,2.807000,-4.745051,-8.032695,-6.920419,2.175367,32.644325,0.772312
2808,2.808000,-4.759467,-7.969791,-6.920419,2.160952,31.331034,0.777122
2809,2.809000,-4.775169,-7.904979,-6.920419,2.145249,29.824083,0.941210
2810,2.810000,-4.792130,-7.838361,-6.920419,2.128289,28.219446,0.779923
2811,2.811000,-4.810319,-7.770045,-6.920419,2.110100,26.646435,0.784352
2812,2.812000,-4.829705,-7.700140,-6.920419,2.090714,24.974195,0.785922
2813,2.813000,-4.850256,-7.628762,-6.920419,2.070162,23.413019,0.785072
2814,2.814000,-4.871940,-7.556022,-6.920419,2.048479,21.928930,0.769942
2815,2.815000,-4.894722,-7.482027,-6.920419,2.025697,20.641665,0.771362
2816,2.816000,-4.918568,-7.406865,-6.920419,2.001851,19.672390,0.772692
2817,2.817000,-4.943442,-7.330610,-6.920419,1.976976,18.766464,0.789793
2818,2.818000,-4.969309,-7.253323,-6.920419,1.951109,17.719992,0.772362
2819,2.819000,-4.996131,-7.175071,-6.920419,1.924287,16.486687,0.777432
2820,2.820000,-5.023872,-7.095939,-6.920419,1.896547,15.090215,0.775932
2821,2.821000,-5.052492,-7.016019,-6.920419,1.867927,13.495053,0.779672
2822,2.822000,-5.081953,-6.935422,-6.920419,1.838465,11.826327,0.772802
2823,2.823000,-5.112216,-6.854266,-6.920419,1.808203,10.396043,0.782222
2824,2.824000,-5.143241,-6.772653,-6.920419,1.777177,9.430182,0.964981
2825,2.825000,-5.174988,-6.690659,-6.920419,1.745431,8.273636,0.774752
2826,2.826000,-5.207416,-6.608359,-6.920419,1.713002,6.891573,0.773993
2827,2.827000,-5.240485,-6.525843,-6.920419,1.679934,5.646611,0.782932
2828,2.828000,-5.274153,-6.443198,-6.920419,1.646266,4.503200,0.973920
2829,2.829000,-5.308378,-6.360504,-6.920419,1.612041,3.232527,0.777432
2830,2.830000,-5.343120,-6.277844,-6.920419,1.577299,1.852408,0.784292
2831,2.831000,-5.378336,-6.195311,-6.920419,1.542083,0.528162,0.775523
2832,2.832000,-5.413984,-6.112996,-6.920419,1.506435,-0.471873,0.762202
2833,2.833000,-5.450022,-6.030970,-6.920419,1.470396,-1.455773,0.777893
2834,2.834000,-5.486409,-5.949300,-6.920419,1.434009,-2.439941,0.780322
2835,2.835000,-5.523102,-5.868049,-6.920419,1.397316,-3.469568,0.790742
2836,2.836000,-5.560060,-5.787284,-6.920419,1.360359,-4.541523,0.782763
2837,2.837000,-5.597240,-5.707075,-6.920419,1.323179,-5.637019,0.767292
2838,2.838000,-5.634601,-5.627495,-6.920419,1.285818,-6.786070,0.769763
2839,2.839000,-5.672101,-5.548619,-6.920419,1.248318,-8.008190,0.771312
2840,2.840000,-5.709698,-5.470528,-6.920419,1.210720,-9.404481,0.767332
2841,2.841000,-5.747352,-5.393314,-6.920419,1.173066,-10.861078,0.782512
2842,2.842000,-5.785023,-5.317075,-6.920419,1.135396,-12.564828,0.778163
2843,2.843000,-5.822668,-5.241923,-6.920419,1.097751,-14.553772,0.944140
2844,2.844000,-5.860249,-5.167992,-6.920419,1.060170,-16.489162,0.780952
2845,2.845000,-5.897725,-5.095412,-6.920419,1.022693,-18.303368,0.801672
2846,2.846000,-5.935058,-5.024311,-6.920419,0.985360,-19.918512,0.785782
2847,2.847000,-5.972209,-4.954796,-6.920419,0.948209,-21.383581,0.916961
2848,2.848000,-6.009141,-4.886966,-6.920419,0.911277,-22.857130,0.773303
2849,2.849000,-6.045815,-4.820915,-6.920419,0.874603,-24.242352,0.763502
2850,2.850000,-6.082196,-4.756730,-6.920419,0.838222,-25.555723,0.776713
2851,2.851000,-6.118249,-4.694495,-6.920419,0.802170,-26.813452,0.776502
2852,2.852000,-6.153937,-4.634289,-6.920419,0.766481,-28.044750,0.793552
2853,2.853000,-6.189228,-4.576187,-6.920419,0.731191,-29.216146,0.789892
2854,2.854000,-6.224087,-4.520264,-6.920419,0.696331,-30.368780,0.781392
2855,2.855000,-6.258484,-4.466588,-6.920419,0.661935,-31.603704,0.771073
2856,2.856000,-6.292386,-4.415237,-6.920419,0.628032,-32.654110,0.766442
2857,2.857000,-6.325764,-4.366275,-6.920419,0.594654,-33.534424,0.773213
2858,2.858000,-6.358589,-4.319758,-6.920419,0.561829,-34.314304,0.779772
2859,2.859000,-6.390833,-4.275730,-6.920419,0.529586,-34.993118,0.783342
2860,2.860000,-6.422467,-4.234230,-6.920419,0.497951,-35.563423,0.782482
2861,2.861000,-6.453468,-4.195288,-6.920419,0.466951,-36.016994,0.766822
2862,2.862000,-6.483810,-4.158926,-6.920419,0.436609,-36.385838,0.953950
2863,2.863000,-6.513469,-4.125159,-6.920419,0.406949,-36.661552,0.776102
2864,2.864000,-6.542424,-4.093999,-6.920419,0.377994,-36.768204,0.772302
2865,2.865000,-6.570654,-4.065444,-6.920419,0.349765,-36.745956,0.778632
2866,2.866000,-6.598137,-4.039484,-6.920419,0.322282,-36.626976,0.968160
2867,2.867000,-6.624856,-4.016102,-6.920419,0.295563,-36.431374,0.785182
2868,2.868000,-6.650793,-3.995275,-6.920419,0.269626,-36.157608,0.780792
2869,2.869000,-6.675931,-3.976975,-6.920419,0.244487,-35.867260,0.780032
2870,2.870000,-6.700256,-3.961174,-6.920419,0.220162,-35.639404,0.782992
2871,2.871000,-6.723754,-3.947847,-6.920419,0.196665,-35.485394,0.793372
2872,2.872000,-6.746411,-3.936974,-6.920419,0.174008,-35.452278,0.774792
2873,2.873000,-6.768216,-3.928545,-6.920419,0.152202,-35.281006,0.770363
2874,2.874000,-6.789159,-3.922544,-6.920419,0.131260,-35.023003,0.779192
2875,2.875000,-6.809230,-3.918949,-6.920419,0.111188,-34.767719,0.771613
2876,2.876000,-6.828422,-3.917736,-6.920419,0.091997,-34.609341,0.780182
2877,2.877000,-6.846727,-3.918885,-6.920419,0.073692,-34.621555,0.775612
2878,2.878000,-6.864139,-3.922390,-6.920419,0.056280,-34.475365,0.770052
2879,2.879000,-6.880654,-3.928237,-6.920419,0.039765,-34.406425,0.765382
2880,2.880000,-6.896269,-3.936416,-6.920419,0.024150,-34.427429,0.781852
2881,2.881000,-6.910980,-3.946920,-6.920419,0.009438,-34.436737,0.958960
2882,2.882000,-6.924788,-3.959746,-6.920419,-0.004370,-34.268738,0.782792
2883,2.883000,-6.937692,-3.974879,-6.920419,-0.017273,-33.905396,0.776402
2884,2.884000,-6.949692,-3.992289,-6.920419,-0.029274,-33.426094,0.768902
2885,2.885000,-6.960793,-4.011938,-6.920419,-0.040374,-32.815571,1.092599
2886,2.886000,-6.970995,-4.033778,-6.920419,-0.050577,-32.128086,0.795602
2887,2.887000,-6.980305,-4.057753,-6.920419,-0.059887,-31.464878,1.012470
2888,2.888000,-6.988728,-4.083811,-6.920419,-0.068310,-30.777723,0.785652
2889,2.889000,-6.996270,-4.111896,-6.920419,-0.075852,-30.046625,0.763152
2890,2.890000,-7.002940,-4.141952,-6.920419,-0.082521,-29.349962,0.782103
2891,2.891000,-7.008744,-4.173925,-6.920419,-0.088326,-28.562307,0.779682
2892,2.892000,-7.013695,-4.207756,-6.920419,-0.093276,-27.680279,0.781552
2893,2.893000,-7.017801,-4.243381,-6.920419,-0.097383,-26.761299,0.797443
2894,2.894000,-7.021075,-4.280731,-6.920419,-0.100656,-25.920938,0.774572
2895,2.895000,-7.023529,-4.319743,-6.920419,-0.103111,-25.247496,0.772803
2896,2.896000,-7.025177,-4.360364,-6.920419,-0.104758,-24.998186,0.779842
2897,2.897000,-7.026032,-4.402568,-6.920419,-0.105613,-24.807913,0.773392
2898,2.898000,-7.026110,-4.446341,-6.920419,-0.105691,-24.572893,0.772252
2899,2.899000,-7.025426,-4.491666,-6.920419,-0.105007,-24.274321,0.772782
2900,2.900000,-7.023997,-4.538525,-6.920419,-0.103579,-23.817335,0.779062
2901,2.901000,-7.021842,-4.586884,-6.920419,-0.101423,-23.262831,0.769682
2902,2.902000,-7.018977,-4.636703,-6.920419,-0.098559,-22.590918,0.782563
2903,2.903000,-7.015423,-4.687935,-6.920419,-0.095005,-21.783054,0.774342
2904,2.904000,-7.011199,-4.740519,-6.920419,-0.090780,-20.946653,0.796832
2905,2.905000,-7.006325,-4.794393,-6.920419,-0.085906,-20.091562,0.784732
2906,2.906000,-7.000823,-4.849494,-6.920419,-0.080405,-19.226233,0.763312
2907,2.907000,-6.994715,-4.905758,-6.920419,-0.074296,-18.315599,0.767772
2908,2.908000,-6.988023,-4.963118,-6.920419,-0.067604,-17.369753,0.784802
2909,2.909000,-6.980770,-5.021507,-6.920419,-0.060352,-16.475924,0.777073
2910,2.910000,-6.972981,-5.080859,-6.920419,-0.052562,-15.712087,0.785282
2911,2.911000,-6.964679,-5.141120,-6.920419,-0.044260,-14.877227,0.786882
2912,2.912000,-6.955888,-5.202229,-6.920419,-0.035470,-13.927136,0.776803
2913,2.913000,-6.946635,-5.264122,-6.920419,-0.026216,-12.901753,0.763712
2914,2.914000,-6.936945,-5.326729,-6.920419,-0.016526,-11.969396,0.767903
2915,2.915000,-6.926843,-5.389981,-6.920419,-0.006425,-10.884034,0.789172
2916,2.916000,-6.916357,-5.453806,-6.920419,0.004061,-9.343210,0.788562
2917,2.917000,-6.905513,-5.518100,-6.920419,0.014906,-8.072342,0.790602
2918,2.918000,-6.894338,-5.582771,-6.920419,0.026081,-6.741465,0.802302
2919,2.919000,-6.882859,-5.647725,-6.920419,0.037559,-5.497917,0.855221
2920,2.920000,-6.871105,-5.712875,-6.920419,0.049314,-4.349174,0.779362
2921,2.921000,-6.859101,-5.778141,-6.920419,0.061317,-3.210452,0.772022
2922,2.922000,-6.846877,-5.843445,-6.920419,0.073541,-2.063588,0.785053
2923,2.923000,-6.834461,-5.908711,-6.920419,0.085958,-0.951622,0.911231
2924,2.924000,-6.821879,-5.973864,-6.920419,0.098539,0.141502,0.775652
2925,2.925000,-6.809161,-6.038830,-6.920419,0.111257,1.208656,0.779733
2926,2.926000,-6.796334,-6.103539,-6.920419,0.124085,2.178335,0.775132
2927,2.927000,-6.783425,-6.167925,-6.920419,0.136993,3.276529,0.777632
2928,2.928000,-6.770464,-6.231917,-6.920419,0.149955,4.421599,0.790122
2929,2.929000,-6.757476,-6.295439,-6.920419,0.162942,5.742328,0.769732
2930,2.930000,-6.744491,-6.358405,-6.920419,0.175928,7.026152,0.775673
2931,2.931000,-6.731535,-6.420729,-6.920419,0.188884,8.176274,0.781112
2932,2.932000,-6.718634,-6.482331,-6.920419,0.201784,9.307601,0.783072
2933,2.933000,-6.705817,-6.543136,-6.920419,0.214601,10.617497,0.775432
2934,2.934000,-6.693109,-6.603060,-6.920419,0.227309,12.150176,0.784522
2935,2.935000,-6.680537,-6.662003,-6.920419,0.239881,13.755548,0.769493
2936,2.936000,-6.668126,-6.719859,-6.920419,0.252292,15.756743,0.763552
2937,2.937000,-6.655902,-6.776495,-6.920419,0.264517,17.731441,0.772533
2938,2.938000,-6.643888,-6.831778,-6.920419,0.276530,19.475588,0.965530
2939,2.939000,-6.632110,-6.885585,-6.920419,0.288309,21.122740,0.784863
2940,2.940000,-6.620590,-6.937808,-6.920419,0.299828,23.417746,0.775982
2941,2.941000,-6.609353,-6.988300,-6.920419,0.311066,25.774290,0.772803
2942,2.942000,-6.598419,-7.036905,-6.920419,0.321999,27.779179,0.943200
2943,2.943000,-6.587811,-7.083485,-6.920419,0.332608,29.279287,0.786422
2944,2.944000,-6.577548,-7.127935,-6.920419,0.342870,30.361389,0.777962
2945,2.945000,-6.567651,-7.170187,-6.920419,0.352767,31.179472,0.790542
2946,2.946000,-6.558138,-7.210193,-6.920419,0.362280,31.887426,0.777802
2947,2.947000,-6.549027,-7.247916,-6.920419,0.371391,32.592079,0.769602
2948,2.948000,-6.540335,-7.283323,-6.920419,0.380083,33.234734,0.781443
2949,2.949000,-6.532077,-7.316380,-6.920419,0.388341,33.970451,0.782502
2950,2.950000,-6.524269,-7.347050,-6.920419,0.396149,34.751244,0.778742
2951,2.951000,-6.516924,-7.375289,-6.920419,0.403494,35.470100,0.784382
2952,2.952000,-6.510055,-7.401054,-6.920419,0.410364,36.342506,0.774432
2953,2.953000,-6.503673,-7.424296,-6.920419,0.416745,37.128029,0.772793
2954,2.954000,-6.497790,-7.444967,-6.920419,0.422629,38.090630,0.772662
2955,2.955000,-6.492415,-7.463010,-6.920419,0.428004,39.030666,0.782442
2956,2.956000,-6.487555,-7.478366,-6.920419,0.432864,39.934818,0.770312
2957,2.957000,-6.483219,-7.490981,-6.920419,0.437200,40.536858,0.941671
2958,2.958000,-6.479412,-7.500815,-6.920419,0.441007,40.883144,0.773282
2959,2.959000,-6.476139,-7.507852,-6.920419,0.444279,40.955513,0.781533
2960,2.960000,-6.473405,-7.512091,-6.920419,0.447013,40.877533,0.778662
2961,2.961000,-6.471211,-7.513550,-6.920419,0.449207,40.599945,0.929381
2962,2.962000,-6.469559,-7.512258,-6.920419,0.450860,40.145462,0.778742
2963,2.963000,-6.468448,-7.508254,-6.920419,0.451971,39.357491,0.773263
2964,2.964000,-6.467878,-7.501601,-6.920419,0.452541,38.075089,0.790002
2965,2.965000,-6.467846,-7.492392,-6.920419,0.452572,36.265301,0.777742
2966,2.966000,-6.468350,-7.480760,-6.920419,0.452068,34.169594,0.783822
2967,2.967000,-6.469384,-7.466858,-6.920419,0.451034,32.393894,0.781952
2968,2.968000,-6.470944,-7.450826,-6.920419,0.449475,30.807364,0.795032
2969,2.969000,-6.473023,-7.432786,-6.920419,0.447396,29.007992,0.779002
2970,2.970000,-6.475613,-7.412865,-6.920419,0.444806,27.110537,0.764443
2971,2.971000,-6.478707,-7.391197,-6.920419,0.441712,25.124002,0.786302
2972,2.972000,-6.482295,-7.367922,-6.920419,0.438123,23.084873,0.775342
2973,2.973000,-6.486369,-7.343184,-6.920419,0.434050,20.977831,0.779543
2974,2.974000,-6.490917,-7.317130,-6.920419,0.429502,19.631943,0.777672
2975,2.975000,-6.495928,-7.289863,-6.920419,0.424490,18.434259,0.775353
2976,2.976000,-6.501392,-7.261467,-6.920419,0.419027,17.305582,0.928941
2977,2.977000,-6.507295,-7.232017,-6.920419,0.413123,16.256966,0.782832
2978,2.978000,-6.513626,-7.201582,-6.920419,0.406792,15.216331,0.776162
2979,2.979000,-6.520371,-7.170231,-6.920419,0.400048,14.171329,0.762803
2980,2.980000,-6.527515,-7.138032,-6.920419,0.392904,13.115207,0.953111
2981,2.981000,-6.535046,-7.105056,-6.920419,0.385373,12.139791,0.774332
2982,2.982000,-6.542948,-7.071370,-6.920419,0.377470,11.223420,0.769172
2983,2.983000,-6.551207,-7.037036,-6.920419,0.369212,10.487931,0.786882
2984,2.984000,-6.559807,-7.002106,-6.920419,0.360611,9.975325,0.778492
2985,2.985000,-6.568733,-6.966617,-6.920419,0.351686,9.356049,0.766163
2986,2.986000,-6.577969,-6.930606,-6.920419,0.342450,8.579898,0.771222
2987,2.987000,-6.587498,-6.894124,-6.920419,0.332921,7.773350,0.772883
2988,2.988000,-6.597304,-6.857224,-6.920419,0.323114,6.951784,0.770162
2989,2.989000,-6.607371,-6.819963,-6.920419,0.313048,6.132168,0.790873
2990,2.990000,-6.617681,-6.782398,-6.920419,0.302738,5.345646,0.776342
2991,2.991000,-6.628217,-6.744583,-6.920419,0.292201,4.529967,0.812412
2992,2.992000,-6.638962,-6.706575,-6.920419,0.281456,3.577593,0.773242
2993,2.993000,-6.649899,-6.668436,-6.920419,0.270519,2.630472,0.761462
2994,2.994000,-6.661010,-6.630232,-6.920419,0.259409,1.748739,0.762402
2995,2.995000,-6.672276,-6.592024,-6.920419,0.248142,1.077671,0.944860
2996,2.996000,-6.683682,-6.553861,-6.920419,0.236737,0.444359,0.784443
2997,2.997000,-6.695208,-6.515784,-6.920419,0.225211,-0.116977,0.785262
2998,2.998000,-6.706837,-6.477832,-6.920419,0.213581,-0.671916,0.784022
2999,2.999000,-6.718552,-6.440038,-6.920419,0.201867,-1.235718,0.940440
3000,3.000000,-6.730334,-6.402440,43.268777,-49.999111,112.083839,0.806872
3001,3.001000,-6.742166,-6.358547,43.268777,-50.010943,112.011475,0.791242
3002,3.002000,-6.754028,-6.306682,43.268777,-50.022805,111.998421,0.778522
3003,3.003000,-6.765897,-6.246606,43.268777,-50.034674,111.992767,0.775012
3004,3.004000,-6.777747,-6.178460,43.268777,-50.046525,111.993019,0.766343
3005,3.005000,-6.789550,-6.102440,43.268777,-50.058328,111.993347,0.781762
3006,3.006000,-6.801274,-6.018714,43.268777,-50.070051,111.993752,0.803422
3007,3.007000,-6.812884,-5.927409,43.268777,-50.081661,111.994179,0.934321
3008,3.008000,-6.824343,-5.828618,43.268777,-50.093120,111.994629,0.858482
3009,3.009000,-6.835612,-5.722411,43.268777,-50.104389,111.995110,0.770972
3010,3.010000,-6.846648,-5.608838,43.268777,-50.115425,111.995628,0.776323
3011,3.011000,-6.857406,-5.487937,43.268777,-50.126183,111.996193,0.770082
3012,3.012000,-6.867838,-5.359739,43.268777,-50.136615,111.996788,0.764193
3013,3.013000,-6.877895,-5.224268,43.268777,-50.146672,111.997421,0.763622
3014,3.014000,-6.887523,-5.081545,43.268777,-50.156300,111.998085,1.347367
3015,3.015000,-6.896667,-4.931587,43.268777,-50.165445,111.998787,0.774532
3016,3.016000,-6.905271,-4.774413,43.268777,-50.174048,111.999214,0.762582
3017,3.017000,-6.913273,-4.610037,43.268777,-50.182050,111.999458,0.790672
3018,3.018000,-6.920611,-4.438474,43.268777,-50.189389,112.000244,0.963650
3019,3.019000,-6.927221,-4.259737,43.268777,-50.195998,112.001961,0.772352
3020,3.020000,-6.933035,-4.073840,43.268777,-50.201812,112.004005,0.776152
3021,3.021000,-6.937984,-3.880795,43.268777,-50.206761,112.006264,0.782462
3022,3.022000,-6.941996,-3.680616,43.268777,-50.210773,112.008736,0.774663
3023,3.023000,-6.944996,-3.473314,43.268777,-50.213773,112.011406,0.773152
3024,3.024000,-6.946908,-3.258902,43.268777,-50.215685,112.014099,0.762913
3025,3.025000,-6.947654,-3.037392,43.268777,-50.216431,112.016045,0.784652
3026,3.026000,-6.947153,-2.808794,43.268777,-50.215930,112.017242,0.771562
3027,3.027000,-6.945321,-2.573122,43.268777,-50.214099,112.018303,0.766472
3028,3.028000,-6.942075,-2.330386,43.268777,-50.210852,112.019478,0.790782
3029,3.029000,-6.937326,-2.080597,43.268777,-50.206103,112.020622,0.803723
3030,3.030000,-6.930986,-1.823767,43.268777,-50.199763,112.022148,0.775212
3031,3.031000,-6.922963,-1.559907,43.268777,-50.191740,112.024399,0.774472
3032,3.032000,-6.913164,-1.289027,43.268777,-50.181941,112.027260,0.763713
3033,3.033000,-6.901493,-1.011137,43.268777,-50.170270,112.030441,1.011380
3034,3.034000,-6.887854,-0.726248,43.268777,-50.156631,112.034477,0.765492
3035,3.035000,-6.872149,-0.434370,43.268777,-50.140926,112.039177,0.768982
3036,3.036000,-6.854275,-0.135512,43.268777,-50.123052,112.044731,1.133409
3037,3.037000,-6.834130,0.170317,43.268777,-50.102907,112.049866,0.870181
3038,3.038000,-6.811611,0.483106,43.268777,-50.080388,112.055672,0.771813
3039,3.039000,-6.786610,0.802848,43.268777,-50.055387,112.061943,0.772222
3040,3.040000,-6.759020,1.129534,43.268777,-50.027797,112.067604,0.773953
3041,3.041000,-6.728732,1.463154,43.268777,-49.997509,112.072617,0.774292
3042,3.042000,-6.695634,1.803701,43.268777,-49.964412,112.079788,0.778573
3043,3.043000,-6.659615,2.151167,43.268777,-49.928392,112.088951,0.766742
3044,3.044000,-6.620559,2.505543,43.268777,-49.889336,112.098747,0.760533
3045,3.045000,-6.578352,2.866824,43.268777,-49.847129,112.110481,0.768782
3046,3.046000,-6.532875,3.235000,43.268777,-49.801652,112.126961,0.772843
3047,3.047000,-6.484011,3.610067,43.268777,-49.752788,112.152382,0.775322
3048,3.048000,-6.431640,3.992019,43.268777,-49.700417,112.204002,0.781263
3049,3.049000,-6.375641,4.380851,43.268777,-49.644418,112.260086,0.770312
3050,3.050000,-6.315891,4.776561,43.268777,-49.584668,112.270599,0.759093
3051,3.051000,-6.252266,5.179144,43.268777,-49.521043,111.442726,0.919381
3052,3.052000,-6.184642,5.588545,43.268777,-49.453419,84.192070,0.769652
3053,3.053000,-6.112893,6.003186,43.268777,-49.381670,39.882233,0.774623
3054,3.054000,-6.036893,6.420115,43.268777,-49.305670,16.734465,0.776732
3055,3.055000,-5.956515,6.837288,43.268777,-49.225292,6.700291,1.024930
3056,3.056000,-5.871634,7.253727,43.268777,-49.140412,1.292667,0.775233
3057,3.057000,-5.782130,7.669024,43.268777,-49.050907,-2.814693,0.778412
3058,3.058000,-5.687880,8.082988,43.268777,-48.956657,-5.504785,0.786412
3059,3.059000,-5.588765,8.495540,43.268777,-48.857542,-7.367023,0.761442
3060,3.060000,-5.484671,8.906655,43.268777,-48.753448,-9.438190,0.769572
3061,3.061000,-5.375481,9.316284,43.268777,-48.644258,-13.840901,0.770752
3062,3.062000,-5.261085,9.724229,43.268777,-48.529862,-19.083879,0.795062
3063,3.063000,-5.141373,10.130187,43.268777,-48.410150,-25.782616,0.802122
3064,3.064000,-5.016237,10.533744,43.268777,-48.285014,-32.447853,0.782013
3065,3.065000,-4.885574,10.934457,43.268777,-48.154351,-39.063889,0.777752
3066,3.066000,-4.749281,11.331882,43.268777,-48.018058,-45.744587,0.772012
3067,3.067000,-4.607261,11.725579,43.268777,-47.876038,-52.796715,0.762832
3068,3.068000,-4.459418,12.115086,43.268777,-47.728195,-59.723701,0.774783
3069,3.069000,-4.305661,12.499948,43.268777,-47.574438,-67.737427,0.768072
3070,3.070000,-4.145901,12.879651,43.268777,-47.414678,-75.146736,0.901181
3071,3.071000,-3.980056,13.253704,43.268777,-47.248833,-82.706261,0.788092
3072,3.072000,-3.808045,13.621614,43.268777,-47.076822,-93.503319,0.774542
3073,3.073000,-3.629792,13.982706,43.268777,-46.898569,-101.937904,0.771473
3074,3.074000,-3.445227,14.336396,43.268777,-46.714004,-106.314026,1.000220
3075,3.075000,-3.254283,14.682364,43.268777,-46.523060,-108.397087,0.775382
3076,3.076000,-3.056899,15.020488,43.268777,-46.325676,-109.384575,0.764373
3077,3.077000,-2.853020,15.350760,43.268777,-46.121797,-109.788506,0.782482
3078,3.078000,-2.642593,15.673218,43.268777,-45.911370,-109.968605,0.772873
3079,3.079000,-2.425573,15.987924,43.268777,-45.694350,-110.040848,0.793522
3080,3.080000,-2.201920,16.294931,43.268777,-45.470697,-110.066795,0.795992
3081,3.081000,-1.971596,16.594293,43.268777,-45.240373,-110.079308,0.782353
3082,3.082000,-1.734571,16.886056,43.268777,-45.003348,-110.083153,0.775862
3083,3.083000,-1.490820,17.170261,43.268777,-44.759597,-110.083107,0.775263
3084,3.084000,-1.240321,17.446943,43.268777,-44.509098,-110.082520,0.762762
3085,3.085000,-0.983059,17.716138,43.268777,-44.251836,-110.081703,0.769413
3086,3.086000,-0.719022,17.977876,43.268777,-43.987800,-110.082161,0.769882
3087,3.087000,-0.448206,18.232189,43.268777,-43.716983,-110.085106,0.779492
3088,3.088000,-0.170608,18.479108,43.268777,-43.439386,-110.087860,0.772892
3089,3.089000,0.113766,18.718658,43.268777,-43.155011,-110.090462,0.919301
3090,3.090000,0.404907,18.950867,43.268777,-42.863870,-110.092873,0.776362
3091,3.091000,0.702803,19.175765,43.268777,-42.565975,-110.095161,0.759192
3092,3.092000,1.007432,19.393378,43.268777,-42.261345,-110.097267,0.771433
3093,3.093000,1.318772,19.603732,43.268777,-41.950005,-110.099205,0.943130
3094,3.094000,1.636794,19.806857,43.268777,-41.631983,-110.100914,0.785642
3095,3.095000,1.961463,20.002779,43.268777,-41.307314,-110.102211,0.771932
3096,3.096000,2.292742,20.191525,43.268777,-40.976035,-110.102989,0.770743
3097,3.097000,2.630587,20.373121,43.268777,-40.638191,-110.103127,0.773392
3098,3.098000,2.974948,20.547593,43.268777,-40.293829,-110.103226,0.768493
3099,3.099000,3.325774,20.714970,43.268777,-39.943003,-110.103706,0.763492
3100,3.100000,3.683007,20.875276,43.268777,-39.585770,-110.104515,0.784602
3101,3.101000,4.046584,21.028537,43.268777,-39.222194,-110.105240,0.773342
3102,3.102000,4.416436,21.174782,43.268777,-38.852341,-110.105644,0.773283
3103,3.103000,4.792494,21.314036,43.268777,-38.476284,-110.105728,0.775632
3104,3.104000,5.174679,21.446323,43.268777,-38.094099,-110.105453,0.782172
3105,3.105000,5.562910,21.571670,43.268777,-37.705867,-110.104820,0.777042
3106,3.106000,5.957103,21.690102,43.268777,-37.311674,-110.104294,0.775412
3107,3.107000,6.357165,21.801645,43.268777,-36.911612,-110.103287,0.771252
3108,3.108000,6.763003,21.906322,43.268777,-36.505774,-110.101624,0.770222
3109,3.109000,7.174518,22.004161,43.268777,-36.094259,-110.099251,0.862951
3110,3.110000,7.591604,22.095187,43.268777,-35.677173,-110.096107,0.773782
3111,3.111000,8.014155,22.179421,43.268777,-35.254622,-110.092079,0.768142
3112,3.112000,8.442057,22.256890,43.268777,-34.826720,-110.086945,0.780862
3113,3.113000,8.875194,22.327617,43.268777,-34.393583,-110.080406,0.849781
3114,3.114000,9.313445,22.391628,43.268777,-33.955332,-110.072502,0.758373
3115,3.115000,9.756685,22.448947,43.268777,-33.512092,-110.063286,0.777232
3116,3.116000,10.204784,22.499594,43.268777,-33.063993,-110.052040,0.768593
3117,3.117000,10.657610,22.543596,43.268777,-32.611167,-110.037872,0.771302
3118,3.118000,11.115025,22.580978,43.268777,-32.153752,-110.019737,0.793063
3119,3.119000,11.576885,22.611758,43.268777,-31.691892,-109.995605,0.773182
3120,3.120000,12.043049,22.635966,43.268777,-31.225728,-109.942986,0.794982
3121,3.121000,12.513365,22.653622,43.268777,-30.755412,-109.862022,0.764553
3122,3.122000,12.987681,22.664755,43.268777,-30.281096,-109.735107,0.765862
3123,3.123000,13.465840,22.669394,43.268777,-29.802937,-109.541100,0.770772
3124,3.124000,13.947681,22.667576,43.268777,-29.321096,-109.260796,0.788642
3125,3.125000,14.433040,22.659335,43.268777,-28.835737,-108.873222,0.768543
3126,3.126000,14.921750,22.644720,43.268777,-28.347027,-108.339867,0.778432
3127,3.127000,15.413640,22.623786,43.268777,-27.855137,-107.610512,0.769172
3128,3.128000,15.908537,22.596603,43.268777,-27.360240,-106.702690,0.764002
3129,3.129000,16.406258,22.563253,43.268777,-26.862519,-105.484337,0.775963
3130,3.130000,16.906627,22.523836,43.268777,-26.362150,-103.418205,0.782762
3131,3.131000,17.409459,22.478504,43.268777,-25.859318,-100.131310,0.772153
3132,3.132000,17.914563,22.427496,43.268777,-25.354214,-94.861366,0.787042
3133,3.133000,18.421754,22.371176,43.268777,-24.847023,-88.306740,0.773982
3134,3.134000,18.930837,22.310015,43.268777,-24.337940,-80.238716,0.765823
3135,3.135000,19.441616,22.244587,43.268777,-23.827161,-73.203957,0.768962
3136,3.136000,19.953896,22.175427,43.268777,-23.314881,-67.510857,0.781783
3137,3.137000,20.467475,22.102970,43.268777,-22.801302,-62.247833,0.786052
3138,3.138000,20.982153,22.027596,43.268777,-22.286624,-58.151005,0.776812
3139,3.139000,21.497728,21.949598,43.268777,-21.771049,-53.870766,0.785802
3140,3.140000,22.013997,21.869263,43.268777,-21.254780,-49.672012,0.786612
3141,3.141000,22.530752,21.786869,43.268777,-20.738025,-46.222382,0.776983
3142,3.142000,23.047790,21.702649,43.268777,-20.220987,-42.890274,0.767532
3143,3.143000,23.564906,21.616826,43.268777,-19.703871,-39.725994,0.783243
3144,3.144000,24.081888,21.529605,43.268777,-19.186889,-36.902527,0.783972
3145,3.145000,24.598532,21.441173,43.268777,-18.670245,-34.136940,0.775362
3146,3.146000,25.114628,21.351711,43.268777,-18.154149,-32.088669,0.777452
3147,3.147000,25.629967,21.261356,43.268777,-17.638810,-30.014591,0.859901
3148,3.148000,26.144344,21.170240,43.268777,-17.124433,-27.886019,0.778712
3149,3.149000,26.657547,21.078495,43.268777,-16.611230,-25.751034,0.760082
3150,3.150000,27.169367,20.986257,43.268777,-16.099410,-23.850733,0.766533
3151,3.151000,27.679599,20.893651,43.268777,-15.589178,-22.286779,0.913451
3152,3.152000,28.188035,20.800781,43.268777,-15.080742,-20.656591,0.772102
3153,3.153000,28.694465,20.707745,43.268777,-14.574312,-18.972847,0.788242
3154,3.154000,29.198683,20.614652,43.268777,-14.070094,-16.991892,0.774612
3155,3.155000,29.700483,20.521621,43.268777,-13.568294,-14.757207,0.775193
3156,3.156000,30.199661,20.428799,43.268777,-13.069116,-12.285167,0.776202
3157,3.157000,30.696014,20.336345,43.268777,-12.572763,-9.626098,0.764523
3158,3.158000,31.189335,20.244437,43.268777,-12.079442,-6.721891,0.770502
3159,3.159000,31.679421,20.153264,43.268777,-11.589356,-4.331426,0.778362
3160,3.160000,32.166076,20.062993,43.268777,-11.102701,-2.244288,0.766502
3161,3.161000,32.649097,19.973760,43.268777,-10.619681,-0.199490,0.769462
3162,3.162000,33.128286,19.885693,43.268777,-10.140492,1.691109,0.804522
3163,3.163000,33.603452,19.798912,43.268777,-9.665326,3.492405,0.769912
3164,3.164000,34.074393,19.713524,43.268777,-9.194384,5.306441,0.759343
3165,3.165000,34.540922,19.629638,43.268777,-8.727855,7.102458,0.786662
3166,3.166000,35.002845,19.547359,43.268777,-8.265932,9.412099,0.958751
3167,3.167000,35.459976,19.466828,43.268777,-7.808802,11.529420,0.775142
3168,3.168000,35.912131,19.388175,43.268777,-7.356646,13.741662,0.778762
3169,3.169000,36.359122,19.311539,43.268777,-6.909655,15.758510,0.771782
3170,3.170000,36.800766,19.237043,43.268777,-6.468012,17.478785,0.979540
3171,3.171000,37.236890,19.164795,43.268777,-6.031887,19.011242,0.782442
3172,3.172000,37.667315,19.094883,43.268777,-5.601462,20.921432,0.769032
3173,3.173000,38.091869,19.027415,43.268777,-5.176908,23.423655,0.784753
3174,3.174000,38.510379,18.962531,43.268777,-4.758398,26.243505,0.762502
3175,3.175000,38.922680,18.900409,43.268777,-4.346097,29.449640,0.772653
3176,3.176000,39.328608,18.841249,43.268777,-3.940169,32.862038,0.799622
3177,3.177000,39.727997,18.785269,43.268777,-3.540780,36.042114,0.772992
3178,3.178000,40.120695,18.732675,43.268777,-3.148082,40.807983,0.780082
3179,3.179000,40.506543,18.683760,43.268777,-2.762234,46.477348,0.793332
3180,3.180000,40.885393,18.638888,43.268777,-2.383384,55.391121,0.773233
3181,3.181000,41.257099,18.598622,43.268777,-2.011679,63.771572,0.763182
3182,3.182000,41.621513,18.563544,43.268777,-1.647264,69.748993,0.773413
3183,3.183000,41.978503,18.534091,43.268777,-1.290274,73.928764,0.772362
3184,3.184000,42.327932,18.510549,43.268777,-0.940845,78.193352,0.780802
3185,3.185000,42.669674,18.493169,43.268777,-0.599103,88.043999,0.957940
3186,3.186000,43.003598,18.482518,43.268777,-0.265179,99.315186,0.777813
3187,3.187000,43.329590,18.479326,43.268777,0.060813,105.898979,0.775912
3188,3.188000,43.647535,18.484092,43.268777,0.378758,108.784111,0.787062
3189,3.189000,43.957325,18.497028,43.268777,0.688548,110.205765,0.927060
3190,3.190000,44.258857,18.518190,43.268777,0.990080,110.993423,0.768943
3191,3.191000,44.552036,18.547565,43.268777,1.283259,111.476555,0.769992
3192,3.192000,44.836773,18.585110,43.268777,1.567996,111.798149,0.772263
3193,3.193000,45.112979,18.630784,43.268777,1.844202,111.999130,0.803912
3194,3.194000,45.380576,18.684539,43.268777,2.111799,112.128105,0.782362
3195,3.195000,45.639491,18.746328,43.268777,2.370714,112.207680,0.781273
3196,3.196000,45.889657,18.816114,43.268777,2.620880,112.254562,0.800442
3197,3.197000,46.131016,18.893855,43.268777,2.862239,112.280121,0.796892
3198,3.198000,46.363509,18.979511,43.268777,3.094731,112.292183,0.787502
3199,3.199000,46.587088,19.073047,43.268777,3.318311,112.295982,0.778613
3200,3.200000,46.801706,19.174426,43.268777,3.532929,112.294624,0.778762
3201,3.201000,47.007332,19.283613,43.268777,3.738555,112.290756,0.775952
3202,3.202000,47.203933,19.400573,43.268777,3.935155,112.285858,0.790562
3203,3.203000,47.391476,19.525274,43.268777,4.122699,112.280708,0.812322
3204,3.204000,47.569952,19.657679,43.268777,4.301175,112.276230,0.866671
3205,3.205000,47.739337,19.797758,43.268777,4.470560,112.273689,0.793522
3206,3.206000,47.899632,19.945476,43.268777,4.630855,112.272568,0.783642
3207,3.207000,48.050832,20.100801,43.268777,4.782054,112.272522,0.763713
3208,3.208000,48.192937,20.263701,43.268777,4.924160,112.273232,0.785112
3209,3.209000,48.325965,20.434143,43.268777,5.057188,112.273987,0.774552
3210,3.210000,48.449923,20.612095,43.268777,5.181146,112.272240,0.779103
3211,3.211000,48.564841,20.797526,43.268777,5.296064,112.268852,0.798802
3212,3.212000,48.670740,20.990402,43.268777,5.401962,112.267159,0.772672
3213,3.213000,48.767653,21.190693,43.268777,5.498876,112.267250,0.761772
3214,3.214000,48.855626,21.398366,43.268777,5.586849,112.268318,0.772212
3215,3.215000,48.934699,21.613389,43.268777,5.665922,112.270096,0.786722
3216,3.216000,49.004924,21.835731,43.268777,5.736147,112.272499,0.776812
3217,3.217000,49.066354,22.065360,43.268777,5.797577,112.275307,0.791663
3218,3.218000,49.119060,22.302246,43.268777,5.850282,112.279076,0.776962
3219,3.219000,49.163101,22.546357,43.268777,5.894323,112.284050,0.772442
3220,3.220000,49.198553,22.797664,43.268777,5.929776,112.288887,0.775962
3221,3.221000,49.225494,23.056135,43.268777,5.956717,112.293221,0.767812
3222,3.222000,49.244014,23.321741,43.268777,5.975237,112.295464,0.774002
3223,3.223000,49.254198,23.594450,43.268777,5.985421,112.296318,0.824442
3224,3.224000,49.256141,23.874233,43.268777,5.987364,112.296593,0.863601
3225,3.225000,49.249950,24.161062,43.268777,5.981173,112.296761,0.794502
3226,3.226000,49.235726,24.454903,43.268777,5.966949,112.296349,0.798182
3227,3.227000,49.213583,24.755729,43.268777,5.944805,112.294426,0.778452
3228,3.228000,49.183636,25.063509,43.268777,5.914858,112.288864,0.807911
3229,3.229000,49.146008,25.378215,43.268777,5.877231,112.274811,0.763632
3230,3.230000,49.100826,25.699818,43.268777,5.832049,112.244301,0.764482
3231,3.231000,49.048227,26.028287,43.268777,5.779450,112.188980,0.774402
3232,3.232000,48.988347,26.363588,43.268777,5.719570,112.090797,0.774222
3233,3.233000,48.921322,26.705690,43.268777,5.652545,111.906708,0.780072
3234,3.234000,48.847310,27.054550,43.268777,5.578533,111.557358,0.796902
3235,3.235000,48.766454,27.410119,43.268777,5.497677,110.993553,0.779072
3236,3.236000,48.678919,27.772335,43.268777,5.410142,109.953964,0.762533
3237,3.237000,48.584864,28.141100,43.268777,5.316086,107.694153,0.772232
3238,3.238000,48.484453,28.516245,43.268777,5.215676,102.127441,0.767422
3239,3.239000,48.377861,28.897390,43.268777,5.109084,90.037933,0.773482
3240,3.240000,48.265262,29.283729,43.268777,4.996485,79.993134,0.781422
3241,3.241000,48.146837,29.674484,43.268777,4.878060,70.911476,0.771272
3242,3.242000,48.022766,30.068948,43.268777,4.753989,60.137604,0.783363
3243,3.243000,47.893239,30.466349,43.268777,4.624462,48.668526,0.959450
3244,3.244000,47.758445,30.865881,43.268777,4.489668,40.146477,0.783532
3245,3.245000,47.618573,31.266888,43.268777,4.349796,33.092155,0.828262
3246,3.246000,47.473821,31.668869,43.268777,4.205044,27.605373,0.774773
3247,3.247000,47.324383,32.071426,43.268777,4.055606,22.700693,0.847861
3248,3.248000,47.170458,32.474247,43.268777,3.901681,18.804695,0.786472
3249,3.249000,47.012247,32.877075,43.268777,3.743470,14.911847,0.777142
3250,3.250000,46.849948,33.279666,43.268777,3.581171,10.691886,0.785492
3251,3.251000,46.683766,33.681760,43.268777,3.414989,8.276706,0.778362
3252,3.252000,46.513906,34.083184,43.268777,3.245129,5.797741,0.787742
3253,3.253000,46.340569,34.483788,43.268777,3.071792,3.098359,0.768503
3254,3.254000,46.163965,34.883402,43.268777,2.895187,0.125726,0.774762
3255,3.255000,45.984296,35.281844,43.268777,2.715519,-2.940417,0.780303
3256,3.256000,45.801773,35.678910,43.268777,2.532996,-6.041253,0.775012
3257,3.257000,45.616603,36.074392,43.268777,2.347826,-8.874146,0.778692
3258,3.258000,45.428992,36.468094,43.268777,2.160215,-11.427703,0.792432
3259,3.259000,45.239150,36.859843,43.268777,1.970373,-13.880347,0.772662
3260,3.260000,45.047283,37.249478,43.268777,1.778506,-16.853176,0.771113
3261,3.261000,44.853600,37.636801,43.268777,1.584822,-19.840670,0.778302
3262,3.262000,44.658307,38.021617,43.268777,1.389530,-22.868773,0.981461
3263,3.263000,44.461618,38.403726,43.268777,1.192841,-26.741943,0.779992
3264,3.264000,44.263731,38.782869,43.268777,0.994954,-31.130739,0.772202
3265,3.265000,44.064860,39.158762,43.268777,0.796082,-35.144657,0.808232
3266,3.266000,43.865206,39.531117,43.268777,0.596429,-38.823586,0.887911
3267,3.267000,43.664972,39.899684,43.268777,0.396195,-43.090897,1.041390
3268,3.268000,43.464366,40.264180,43.268777,0.195589,-47.065338,0.782572
3269,3.269000,43.263590,40.624346,43.268777,-0.005188,-51.224144,0.799092
3270,3.270000,43.062837,40.979906,43.268777,-0.205940,-55.598492,0.780572
3271,3.271000,42.862313,41.330567,43.268777,-0.406465,-59.767494,0.768882
3272,3.272000,42.662212,41.676062,43.268777,-0.606565,-63.606426,0.777802
3273,3.273000,42.462729,42.016134,43.268777,-0.806048,-67.113121,0.774562
3274,3.274000,42.264056,42.350557,43.268777,-1.004721,-71.600060,0.781982
3275,3.275000,42.066384,42.679052,43.268777,-1.202393,-76.433403,0.784633
3276,3.276000,41.869900,43.001310,43.268777,-1.398877,-81.839424,0.779552
3277,3.277000,41.674789,43.316985,43.268777,-1.593989,-87.931229,0.782563
3278,3.278000,41.481231,43.625678,43.268777,-1.787546,-94.663185,0.770802
3279,3.279000,41.289412,43.926944,43.268777,-1.979365,-99.855988,0.771842
3280,3.280000,41.099499,44.220424,43.268777,-2.169278,-103.379967,0.962251
3281,3.281000,40.911669,44.505878,43.268777,-2.357109,-105.718452,0.772372
3282,3.282000,40.726089,44.783160,43.268777,-2.542688,-107.271988,0.779212
3283,3.283000,40.542927,45.052201,43.268777,-2.725850,-108.315788,0.786402
3284,3.284000,40.362340,45.312967,43.268777,-2.906437,-108.966194,0.781623
3285,3.285000,40.184486,45.565462,43.268777,-3.084291,-109.309303,0.786432
3286,3.286000,40.009517,45.809696,43.268777,-3.259260,-109.527046,0.785222
3287,3.287000,39.837584,46.045696,43.268777,-3.431193,-109.686119,0.770763
3288,3.288000,39.668834,46.273490,43.268777,-3.599943,-109.806610,0.763792
3289,3.289000,39.503403,46.493098,43.268777,-3.765374,-109.892967,0.775263
3290,3.290000,39.341432,46.704543,43.268777,-3.927345,-109.946892,0.778512
3291,3.291000,39.183050,46.907858,43.268777,-4.085727,-109.976326,0.784352
3292,3.292000,39.028387,47.103057,43.268777,-4.240390,-109.987679,0.784562
3293,3.293000,38.877570,47.290171,43.268777,-4.391207,-109.993599,0.770382
3294,3.294000,38.730717,47.469224,43.268777,-4.538060,-109.999741,0.762382
3295,3.295000,38.587939,47.640238,43.268777,-4.680838,-110.005470,0.771462
3296,3.296000,38.449355,47.803237,43.268777,-4.819422,-110.008781,0.767743
3297,3.297000,38.315066,47.958248,43.268777,-4.953711,-110.011101,0.772532
3298,3.298000,38.185180,48.105292,43.268777,-5.083597,-110.013680,0.786812
3299,3.299000,38.059788,48.244392,43.268777,-5.208989,-110.015930,0.796082
3300,3.300000,37.938993,48.375573,43.268777,-5.329784,-110.017593,0.861702
3301,3.301000,37.822873,48.498858,43.268777,-5.445904,-110.018814,0.773762
3302,3.302000,37.711523,48.614271,43.268777,-5.557254,-110.019646,0.766942
3303,3.303000,37.605017,48.721836,43.268777,-5.663760,-110.020256,0.769912
3304,3.304000,37.503432,48.821577,43.268777,-5.765346,-110.020752,0.953581
3305,3.305000,37.406842,48.913519,43.268777,-5.861935,-110.021263,0.774762
3306,3.306000,37.315311,48.997687,43.268777,-5.953466,-110.022049,0.780733
3307,3.307000,37.228899,49.074103,43.268777,-6.039878,-110.023155,0.779882
3308,3.308000,37.147667,49.142794,43.268777,-6.121110,-110.025230,0.774612
3309,3.309000,37.071668,49.203781,43.268777,-6.197109,-110.028343,0.777752
3310,3.310000,37.000952,49.257094,43.268777,-6.267826,-110.031212,0.786402
3311,3.311000,36.935556,49.302751,43.268777,-6.333221,-110.033188,0.774272
3312,3.312000,36.875522,49.340781,43.268777,-6.393255,-110.034599,0.780882
3313,3.313000,36.820887,49.371210,43.268777,-6.447890,-110.036736,0.777182
3314,3.314000,36.771679,49.394060,43.268777,-6.497098,-110.039787,0.795742
3315,3.315000,36.727925,49.409353,43.268777,-6.540852,-110.043816,0.794482
3316,3.316000,36.689642,49.417119,43.268777,-6.579135,-110.049309,0.775672
3317,3.317000,36.656850,49.417382,43.268777,-6.611927,-110.054924,0.763383
3318,3.318000,36.629557,49.410162,43.268777,-6.639220,-110.060493,0.786622
3319,3.319000,36.607772,49.395491,43.268777,-6.661005,-110.066399,0.891461
3320,3.320000,36.591495,49.373388,43.268777,-6.677282,-110.073433,0.920241
3321,3.321000,36.580728,49.343879,43.268777,-6.688050,-110.080605,0.780023
3322,3.322000,36.575455,49.306985,43.268777,-6.693322,-110.087624,0.773762
3323,3.323000,36.575673,49.262736,43.268777,-6.693104,-110.094521,0.943611
3324,3.324000,36.581366,49.211154,43.268777,-6.687411,-110.101830,0.785472
3325,3.325000,36.592506,49.152264,43.268777,-6.676271,-110.109047,0.778623
3326,3.326000,36.609073,49.086090,43.268777,-6.659704,-110.115723,0.782002
3327,3.327000,36.631039,49.012655,43.268777,-6.637738,-110.121330,0.786202
3328,3.328000,36.658363,48.931984,43.268777,-6.610414,-110.124916,0.769742
3329,3.329000,36.691015,48.844100,43.268777,-6.577762,-110.125305,0.776872
3330,3.330000,36.728943,48.749031,43.268777,-6.539834,-110.120865,0.784172
3331,3.331000,36.772106,48.646796,43.268777,-6.496671,-110.111069,0.773162
3332,3.332000,36.820450,48.537425,43.268777,-6.448327,-110.095139,0.789643
3333,3.333000,36.873917,48.420939,43.268777,-6.394860,-110.069946,0.775832
3334,3.334000,36.932448,48.297367,43.268777,-6.336329,-110.031883,0.767403
3335,3.335000,36.995976,48.166733,43.268777,-6.272801,-109.982285,0.768962
3336,3.336000,37.064435,48.029067,43.268777,-6.204342,-109.910431,0.769752
3337,3.337000,37.137747,47.884394,43.268777,-6.131031,-109.790710,0.787852
3338,3.338000,37.215840,47.732746,43.268777,-6.052938,-109.607635,0.964000
3339,3.339000,37.298625,47.574160,43.268777,-5.970152,-109.291634,0.774492
3340,3.340000,37.386024,47.408678,43.268777,-5.882753,-108.820427,0.776422
3341,3.341000,37.477938,47.236352,43.268777,-5.790839,-108.169792,1.057399
3342,3.342000,37.574281,47.057254,43.268777,-5.694496,-107.224373,0.969310
3343,3.343000,37.674951,46.871466,43.268777,-5.593826,-105.483749,0.843361
3344,3.344000,37.779842,46.679128,43.268777,-5.488935,-102.255310,0.829002
3345,3.345000,37.888856,46.480469,43.268777,-5.379921,-95.892242,0.827222
3346,3.346000,38.001878,46.275922,43.268777,-5.266899,-85.875694,0.829722
3347,3.347000,38.118794,46.066177,43.268777,-5.149983,-74.292244,0.819862
3348,3.348000,38.239490,45.852074,43.268777,-5.029287,-67.322212,0.812702
3349,3.349000,38.363848,45.634205,43.268777,-4.904930,-62.680378,0.814442
3350,3.350000,38.491743,45.412951,43.268777,-4.777034,-58.923241,0.804732
3351,3.351000,38.623050,45.188583,43.268777,-4.645727,-54.381233,0.812062
3352,3.352000,38.757645,44.961390,43.268777,-4.511132,-49.398857,0.814482
3353,3.353000,38.895400,44.731698,43.268777,-4.373377,-45.255016,0.811322
3354,3.354000,39.036181,44.499796,43.268777,-4.232597,-41.286110,0.822192
3355,3.355000,39.179854,44.265954,43.268777,-4.088923,-37.634636,1.039530
3356,3.356000,39.326289,44.030418,43.268777,-3.942488,-34.273270,0.825331
3357,3.357000,39.475348,43.793418,43.268777,-3.793429,-31.820158,0.826321
3358,3.358000,39.626893,43.555129,43.268777,-3.641884,-29.372347,0.821352
3359,3.359000,39.780784,43.315707,43.268777,-3.487993,-26.869390,0.908411
3360,3.360000,39.936884,43.075319,43.268777,-3.331893,-24.241383,0.826901
3361,3.361000,40.095051,42.834131,43.268777,-3.173726,-22.259066,0.819512
3362,3.362000,40.255141,42.592288,43.268777,-3.013637,-20.412802,0.801292
3363,3.363000,40.417013,42.349912,43.268777,-2.851764,-18.505995,0.806762
3364,3.364000,40.580521,42.107129,43.268777,-2.688257,-16.546127,0.819072
3365,3.365000,40.745521,41.864067,43.268777,-2.523256,-14.682255,0.829181
3366,3.366000,40.911870,41.620854,43.268777,-2.356907,-12.858688,0.827482
3367,3.367000,41.079421,41.377610,43.268777,-2.189356,-11.068649,0.806802
3368,3.368000,41.248025,41.134459,43.268777,-2.020752,-9.073727,0.821392
3369,3.369000,41.417540,40.891533,43.268777,-1.851237,-7.132558,0.814452
3370,3.370000,41.587816,40.648966,43.268777,-1.680961,-5.292543,0.839882
3371,3.371000,41.758708,40.406880,43.268777,-1.510069,-3.694717,0.815882
3372,3.372000,41.930067,40.165388,43.268777,-1.338710,-2.183752,0.816882
3373,3.373000,42.101747,39.924590,43.268777,-1.167030,-0.807847,0.824402
3374,3.374000,42.273601,39.684577,43.268777,-0.995176,0.490446,0.891391
3375,3.375000,42.445483,39.445432,43.268777,-0.823294,1.718500,0.797732
3376,3.376000,42.617249,39.207236,43.268777,-0.651528,3.142637,0.807462
3377,3.377000,42.788748,38.970078,43.268777,-0.480029,4.581971,1.035940
3378,3.378000,42.959837,38.734047,43.268777,-0.308940,5.969316,0.858122
3379,3.379000,43.130374,38.499242,43.268777,-0.138404,7.405864,0.834731
3380,3.380000,43.300213,38.265749,43.268777,0.031436,8.853004,0.822371
3381,3.381000,43.469206,38.033666,43.268777,0.200428,10.721341,0.813381
3382,3.382000,43.637215,37.803109,43.268777,0.368437,12.643617,0.814621
3383,3.383000,43.804097,37.574203,43.268777,0.535319,14.534024,0.813672
3384,3.384000,43.969712,37.347078,43.268777,0.700935,16.521547,0.804382
3385,3.385000,44.133920,37.121860,43.268777,0.865142,18.921761,0.805482
3386,3.386000,44.296581,36.898707,43.268777,1.027803,22.730932,0.796202
3387,3.387000,44.457554,36.677856,43.268777,1.188777,27.442028,0.797822
3388,3.388000,44.616712,36.459622,43.268777,1.347934,33.090096,0.815092
3389,3.389000,44.773915,36.244385,43.268777,1.505138,41.528450,0.804802
3390,3.390000,44.929032,36.032694,43.268777,1.660255,55.355648,0.804952
3391,3.391000,45.081929,35.825452,43.268777,1.813152,68.314529,0.808201
3392,3.392000,45.232484,35.623589,43.268777,1.963707,80.667397,0.997960
3393,3.393000,45.380566,35.427990,43.268777,2.111789,95.398033,0.815572
3394,3.394000,45.526056,35.239644,43.268777,2.257278,104.625999,0.806112
3395,3.395000,45.668830,35.059252,43.268777,2.400053,108.338539,0.803062
3396,3.396000,45.808781,34.887107,43.268777,2.540004,109.985229,0.895851
3397,3.397000,45.945791,34.723271,43.268777,2.677014,110.793343,0.801362
3398,3.398000,46.079755,34.567727,43.268777,2.810978,111.295235,0.792702
3399,3.399000,46.210574,34.420424,43.268777,2.941797,111.612968,0.809182
3400,3.400000,46.338145,34.281307,43.268777,3.069367,111.838905,0.813322
3401,3.401000,46.462372,34.150328,43.268777,3.193595,111.997826,0.806012
3402,3.402000,46.583167,34.027453,43.268777,3.314390,112.105766,0.809882
3403,3.403000,46.700445,33.912637,43.268777,3.431668,112.180725,0.806092
3404,3.404000,46.814120,33.805857,43.268777,3.545343,112.230766,0.804752
3405,3.405000,46.924113,33.707079,43.268777,3.655336,112.262444,0.803122
3406,3.406000,47.030357,33.616279,43.268777,3.761580,112.281502,0.796152
3407,3.407000,47.132776,33.533425,43.268777,3.863999,112.292564,0.796522
3408,3.408000,47.231305,33.458498,43.268777,3.962527,112.298332,0.809632
3409,3.409000,47.325882,33.391470,43.268777,4.057105,112.300255,0.795632
3410,3.410000,47.416454,33.332317,43.268777,4.147677,112.299629,0.841452
3411,3.411000,47.502965,33.281012,43.268777,4.234188,112.297340,0.799482
3412,3.412000,47.585368,33.237538,43.268777,4.316591,112.294083,0.813162
3413,3.413000,47.663615,33.201867,43.268777,4.394837,112.289482,0.809162
3414,3.414000,47.737667,33.173976,43.268777,4.468890,112.283791,0.812322
3415,3.415000,47.807492,33.153841,43.268777,4.538715,112.277740,0.798033
3416,3.416000,47.873055,33.141440,43.268777,4.604278,112.271553,0.811622
3417,3.417000,47.934332,33.136748,43.268777,4.665555,112.265114,0.791212
3418,3.418000,47.991296,33.139740,43.268777,4.722519,112.259018,0.799802
3419,3.419000,48.043930,33.150398,43.268777,4.775153,112.254311,0.800182
3420,3.420000,48.092219,33.168693,43.268777,4.823442,112.250885,0.807282
3421,3.421000,48.136154,33.194603,43.268777,4.867377,112.251625,0.804552
3422,3.422000,48.175728,33.228105,43.268777,4.906951,112.255249,0.808732
3423,3.423000,48.210941,33.269179,43.268777,4.942164,112.256920,0.792412
3424,3.424000,48.241797,33.317799,43.268777,4.973020,112.259331,0.807162
3425,3.425000,48.268298,33.373944,43.268777,4.999521,112.265221,0.792742
3426,3.426000,48.290459,33.437587,43.268777,5.021681,112.272934,0.789582
3427,3.427000,48.308296,33.508713,43.268777,5.039518,112.282066,0.836171
3428,3.428000,48.321826,33.587295,43.268777,5.053049,112.290886,0.807252
3429,3.429000,48.331074,33.673311,43.268777,5.062297,112.296822,0.800482
3430,3.430000,48.336067,33.766741,43.268777,5.067290,112.299110,0.802882
3431,3.431000,48.336839,33.867561,43.268777,5.068062,112.298912,0.801152
3432,3.432000,48.333427,33.975748,43.268777,5.064650,112.296806,0.796002
3433,3.433000,48.325870,34.091281,43.268777,5.057093,112.287918,0.809632
3434,3.434000,48.314211,34.214135,43.268777,5.045433,112.260765,0.785352
3435,3.435000,48.298501,34.344288,43.268777,5.029724,112.191872,0.802052
3436,3.436000,48.278796,34.481711,43.268777,5.010019,112.017006,0.798392
3437,3.437000,48.255146,34.626375,43.268777,4.986369,111.549057,0.795382
3438,3.438000,48.227617,34.778224,43.268777,4.958840,110.238464,0.802892
3439,3.439000,48.196270,34.937155,43.268777,4.927493,105.680641,0.801072
3440,3.440000,48.161177,35.102869,43.268777,4.892400,89.689964,0.809331
3441,3.441000,48.122409,35.274355,43.268777,4.853631,77.869682,0.810012
3442,3.442000,48.080037,35.450673,43.268777,4.811260,70.310020,0.784692
3443,3.443000,48.034149,35.631167,43.268777,4.765372,61.141800,0.786692
3444,3.444000,47.984821,35.815190,43.268777,4.716044,51.373486,0.809802
3445,3.445000,47.932140,36.002060,43.268777,4.663363,44.309250,0.794382
3446,3.446000,47.876187,36.191246,43.268777,4.607410,40.510124,0.792752
3447,3.447000,47.817058,36.382454,43.268777,4.548281,36.680763,0.807702
3448,3.448000,47.754835,36.575441,43.268777,4.486058,32.624233,0.795772
3449,3.449000,47.689614,36.769965,43.268777,4.420837,28.620890,0.792092
3450,3.450000,47.621486,36.965773,43.268777,4.352709,24.261747,0.801243
3451,3.451000,47.550551,37.162585,43.268777,4.281774,20.557928,0.790162
3452,3.452000,47.476898,37.360148,43.268777,4.208121,17.856930,0.827242
3453,3.453000,47.400632,37.558278,43.268777,4.131855,15.747845,0.802142
3454,3.454000,47.321842,37.756832,43.268777,4.053065,13.682596,0.798312
3455,3.455000,47.240638,37.955679,43.268777,3.971861,11.808843,0.793752
3456,3.456000,47.157115,38.154704,43.268777,3.888338,9.900025,0.804062
3457,3.457000,47.071372,38.353787,43.268777,3.802595,8.634871,0.792562
3458,3.458000,46.983516,38.552839,43.268777,3.714738,7.567358,0.792392
3459,3.459000,46.893644,38.751795,43.268777,3.624867,6.513634,0.788542
3460,3.460000,46.801867,38.950588,43.268777,3.533090,5.443370,0.782492
3461,3.461000,46.708286,39.149149,43.268777,3.439509,4.161318,0.794342
3462,3.462000,46.613002,39.347402,43.268777,3.344225,2.736767,0.801612
3463,3.463000,46.516122,39.545245,43.268777,3.247345,1.033218,0.790812
3464,3.464000,46.417757,39.742572,43.268777,3.148980,-0.982163,0.789302
3465,3.465000,46.318006,39.939241,43.268777,3.049229,-3.904221,0.790232
3466,3.466000,46.216977,40.135062,43.268777,2.948200,-7.010090,0.787072
3467,3.467000,46.114774,40.329818,43.268777,2.845996,-9.759273,0.779472
3468,3.468000,46.011508,40.523307,43.268777,2.742731,-12.031188,0.786192
3469,3.469000,45.907286,40.715366,43.268777,2.638509,-14.567108,0.787172
3470,3.470000,45.802207,40.905825,43.268777,2.533430,-17.336500,0.802483
3471,3.471000,45.696380,41.094499,43.268777,2.427603,-20.988543,0.798132
3472,3.472000,45.589911,41.281154,43.268777,2.321134,-24.975698,0.789562
3473,3.473000,45.482906,41.465518,43.268777,2.214129,-29.268103,0.815312
3474,3.474000,45.375467,41.647300,43.268777,2.106690,-33.117119,0.786172
3475,3.475000,45.267697,41.826231,43.268777,1.998920,-36.054684,0.781072
3476,3.476000,45.159698,42.002101,43.268777,1.890921,-38.604900,0.787872
3477,3.477000,45.051576,42.174741,43.268777,1.782799,-41.630684,0.792172
3478,3.478000,44.943423,42.343963,43.268777,1.674646,-44.602524,0.792852
3479,3.479000,44.835346,42.509581,43.268777,1.566569,-47.324257,0.798402
3480,3.480000,44.727436,42.671419,43.268777,1.458659,-49.818951,0.785882
3481,3.481000,44.619795,42.829312,43.268777,1.351018,-52.306686,0.788332
3482,3.482000,44.512514,42.983111,43.268777,1.243736,-54.863251,0.808952
3483,3.483000,44.405686,43.132655,43.268777,1.136909,-57.476948,0.776912
3484,3.484000,44.299401,43.277779,43.268777,1.030624,-60.013268,0.776162
3485,3.485000,44.193755,43.418324,43.268777,0.924978,-62.405727,0.796083
3486,3.486000,44.088830,43.554136,43.268777,0.820053,-64.598137,0.782322
3487,3.487000,43.984711,43.685081,43.268777,0.715934,-66.318802,0.791962
3488,3.488000,43.881486,43.811050,43.268777,0.612709,-67.595406,0.790383
3489,3.489000,43.779235,43.931968,43.268777,0.510458,-68.935799,0.785832
3490,3.490000,43.678032,44.047767,43.268777,0.409255,-70.218712,0.796012
3491,3.491000,43.577963,44.158379,43.268777,0.309186,-70.994926,0.782852
3492,3.492000,43.479096,44.263765,43.268777,0.210319,-71.260780,0.796612
3493,3.493000,43.381506,44.363919,43.268777,0.112729,-71.168007,0.789042
3494,3.494000,43.285262,44.458866,43.268777,0.016485,-71.116379,0.782552
3495,3.495000,43.190431,44.548635,43.268777,-0.078346,-71.000160,0.787242
3496,3.496000,43.097083,44.633251,43.268777,-0.171694,-70.635368,0.793772
3497,3.497000,43.005279,44.712761,43.268777,-0.263498,-70.044853,0.801612
3498,3.498000,42.915076,44.787217,43.268777,-0.353701,-69.369606,0.804782
3499,3.499000,42.826533,44.856680,43.268777,-0.442245,-68.640472,0.784682
3500,3.500000,42.739711,44.921225,16.634676,26.105034,-110.029839,0.776863
3501,3.501000,42.654658,44.978500,16.634676,26.019981,-110.157425,0.784702
3502,3.502000,42.571428,45.027899,16.634676,25.936752,-110.171318,0.791152
3503,3.503000,42.490064,45.069341,16.634676,25.855387,-110.169594,0.781242
3504,3.504000,42.410615,45.102891,16.634676,25.775939,-110.174393,0.781242
3505,3.505000,42.333113,45.128631,16.634676,25.698436,-110.179321,0.789412
3506,3.506000,42.257598,45.146639,16.634676,25.622922,-110.184723,0.778162
3507,3.507000,42.184102,45.156966,16.634676,25.549426,-110.190201,0.772152
3508,3.508000,42.112658,45.159664,16.634676,25.477982,-110.195763,0.799202
3509,3.509000,42.043284,45.154773,16.634676,25.408608,-110.201042,0.787492
3510,3.510000,41.976010,45.142318,16.634676,25.341334,-110.204582,0.785622
3511,3.511000,41.910847,45.122330,16.634676,25.276170,-110.206123,0.789903
3512,3.512000,41.847818,45.094835,16.634676,25.213141,-110.203873,0.784512
3513,3.513000,41.786930,45.059851,16.634676,25.152254,-110.196289,0.778112
3514,3.514000,41.728190,45.017405,16.634676,25.093514,-110.181862,0.780743
3515,3.515000,41.671606,44.967513,16.634676,25.036929,-110.156456,0.775522
3516,3.516000,41.617179,44.910201,16.634676,24.982503,-110.113091,0.801912
3517,3.517000,41.564908,44.845489,16.634676,24.930231,-110.044930,0.789113
3518,3.518000,41.514785,44.773399,16.634676,24.880108,-109.936440,0.783282
3519,3.519000,41.466799,44.693958,16.634676,24.832123,-109.783424,0.790642
3520,3.520000,41.420945,44.607197,16.634676,24.786268,-109.526016,0.790092
3521,3.521000,41.377201,44.513152,16.634676,24.742524,-109.153778,0.788242
3522,3.522000,41.335547,44.411864,16.634676,24.700870,-108.557671,0.775822
3523,3.523000,41.295966,44.303390,16.634676,24.661289,-107.656372,0.785423
3524,3.524000,41.258430,44.187810,16.634676,24.623754,-106.362511,0.797792
3525,3.525000,41.222907,44.065232,16.634676,24.588230,-104.126961,0.789482
3526,3.526000,41.189370,43.935817,16.634676,24.554694,-100.446419,0.788802
3527,3.527000,41.157781,43.799828,16.634676,24.523104,-94.590126,0.782442
3528,3.528000,41.128097,43.657674,16.634676,24.493420,-85.810356,0.881731
3529,3.529000,41.100284,43.509961,16.634676,24.465608,-73.731514,0.776063
3530,3.530000,41.074292,43.357529,16.634676,24.439616,-62.817703,0.768532
3531,3.531000,41.050079,43.201196,16.634676,24.415403,-57.922180,0.778773
3532,3.532000,41.027594,43.041417,16.634676,24.392918,-53.823246,0.780832
3533,3.533000,41.006786,42.878490,16.634676,24.372109,-49.724236,0.775832
3534,3.534000,40.987607,42.712684,16.634676,24.352930,-46.284050,0.789402
3535,3.535000,40.969998,42.544210,16.634676,24.335322,-43.625919,0.793402
3536,3.536000,40.953906,42.373244,16.634676,24.319230,-41.624630,0.780592
3537,3.537000,40.939276,42.199911,16.634676,24.304600,-39.920219,0.785742
3538,3.538000,40.926050,42.024310,16.634676,24.291373,-38.248604,0.769942
3539,3.539000,40.914165,41.846544,16.634676,24.279489,-36.640331,0.775923
3540,3.540000,40.903561,41.666705,16.634676,24.268885,-35.108253,0.786602
3541,3.541000,40.894183,41.484896,16.634676,24.259507,-33.866600,0.783032
3542,3.542000,40.885960,41.301201,16.634676,24.251283,-32.940781,0.789922
3543,3.543000,40.878832,41.115680,16.634676,24.244156,-32.027267,0.891531
3544,3.544000,40.872733,40.928392,16.634676,24.238057,-31.088209,0.793942
3545,3.545000,40.867597,40.739401,16.634676,24.232920,-30.133045,0.784162
3546,3.546000,40.863359,40.548770,16.634676,24.228682,-29.179678,0.777742
3547,3.547000,40.859947,40.356562,16.634676,24.225271,-28.233400,0.908921
3548,3.548000,40.857297,40.162848,16.634676,24.222620,-27.295179,0.788993
3549,3.549000,40.855337,39.967692,16.634676,24.220660,-26.365805,0.781812
3550,3.550000,40.853994,39.771157,16.634676,24.219318,-25.486586,0.783552
3551,3.551000,40.853202,39.573310,16.634676,24.218526,-24.942373,0.783043
3552,3.552000,40.852888,39.374190,16.634676,24.218212,-24.407209,0.787552
3553,3.553000,40.852977,39.173840,16.634676,24.218300,-23.912405,0.777263
3554,3.554000,40.853400,38.972288,16.634676,24.218724,-23.474255,0.773742
3555,3.555000,40.854080,38.769564,16.634676,24.219403,-23.052309,0.779102
3556,3.556000,40.854947,38.565704,16.634676,24.220271,-22.685255,0.772343
3557,3.557000,40.855924,38.360730,16.634676,24.221248,-22.315840,0.775002
3558,3.558000,40.856935,38.154666,16.634676,24.222258,-21.945833,0.773872
3559,3.559000,40.857905,37.947541,16.634676,24.223228,-21.573118,0.773472
3560,3.560000,40.858762,37.739380,16.634676,24.224086,-21.197447,0.780082
3561,3.561000,40.859428,37.530209,16.634676,24.224751,-20.818768,0.768212
3562,3.562000,40.859824,37.320058,16.634676,24.225148,-20.421087,0.888101
3563,3.563000,40.859879,37.108951,16.634676,24.225202,-20.013639,0.787683
3564,3.564000,40.859510,36.896914,16.634676,24.224833,-19.619608,0.776592
3565,3.565000,40.858642,36.683983,16.634676,24.223966,-19.235109,0.781622
3566,3.566000,40.857201,36.470181,16.634676,24.222525,-18.855207,0.947940
3567,3.567000,40.855108,36.255535,16.634676,24.220431,-18.499046,0.781562
3568,3.568000,40.852284,36.040070,16.634676,24.217607,-18.149500,0.784922
3569,3.569000,40.848653,35.823809,16.634676,24.213977,-17.785063,0.789952
3570,3.570000,40.844139,35.606777,16.634676,24.209462,-17.410334,0.767213
3571,3.571000,40.838661,35.388996,16.634676,24.203984,-17.046446,0.777492
3572,3.572000,40.832145,35.170495,16.634676,24.197468,-16.695301,0.828872
3573,3.573000,40.824512,34.951297,16.634676,24.189836,-16.306610,0.784132
3574,3.574000,40.815687,34.731427,16.634676,24.181011,-15.902728,0.824292
3575,3.575000,40.805592,34.510907,16.634676,24.170916,-15.481659,0.817862
3576,3.576000,40.794148,34.289769,16.634676,24.159472,-15.047482,0.818442
3577,3.577000,40.781280,34.068041,16.634676,24.146604,-14.591832,0.816522
3578,3.578000,40.766916,33.845753,16.634676,24.132240,-14.127407,0.814672
3579,3.579000,40.750975,33.622931,16.634676,24.116298,-13.661317,0.812772
3580,3.580000,40.733380,33.399608,16.634676,24.098704,-13.184663,0.815572
3581,3.581000,40.714064,33.175817,16.634676,24.079388,-12.704457,0.815102
3582,3.582000,40.692942,32.951582,16.634676,24.058266,-12.213854,0.814382
3583,3.583000,40.669948,32.726940,16.634676,24.035272,-11.706676,0.824442
3584,3.584000,40.645004,32.501920,16.634676,24.010328,-11.114384,0.812092
3585,3.585000,40.618039,32.276561,16.634676,23.983362,-10.481878,0.826172
3586,3.586000,40.588980,32.050898,16.634676,23.954303,-9.800447,0.821772
3587,3.587000,40.557752,31.824980,16.634676,23.923076,-8.744611,0.823232
3588,3.588000,40.524284,31.598866,16.634676,23.889608,-7.579021,0.817192
3589,3.589000,40.488511,31.372640,16.634676,23.853835,-6.390105,0.825072
3590,3.590000,40.450358,31.146373,16.634676,23.815681,-5.138042,0.809522
3591,3.591000,40.409756,30.920157,16.634676,23.775079,-4.002462,0.816012
3592,3.592000,40.366640,30.694061,16.634676,23.731964,-2.971135,0.805952
3593,3.593000,40.320939,30.468159,16.634676,23.686263,-1.941535,0.811662
3594,3.594000,40.272588,30.242507,16.634676,23.637912,-0.917268,0.823932
3595,3.595000,40.221522,30.017179,16.634676,23.586846,0.120465,0.809432
3596,3.596000,40.167677,29.792226,16.634676,23.533000,1.333708,0.828591
3597,3.597000,40.110986,29.567735,16.634676,23.476310,2.707715,0.816602
3598,3.598000,40.051393,29.343784,16.634676,23.416716,4.142480,0.813701
3599,3.599000,39.988835,29.120464,16.634676,23.354158,5.831660,0.924180
3600,3.600000,39.923248,28.897882,16.634676,23.288572,7.248688,0.815911
3601,3.601000,39.854581,28.676136,16.634676,23.219904,8.889398,0.806562
3602,3.602000,39.782772,28.455325,16.634676,23.148095,12.093923,0.798752
3603,3.603000,39.707762,28.235645,16.634676,23.073086,16.038019,0.914511
3604,3.604000,39.629505,28.017356,16.634676,22.994829,22.762735,0.796722
3605,3.605000,39.547946,27.800887,16.634676,22.913270,31.158695,0.820472
3606,3.606000,39.463033,27.586808,16.634676,22.828357,43.040520,0.811602
3607,3.607000,39.374719,27.375912,16.634676,22.740043,60.381042,0.806772
3608,3.608000,39.282955,27.169355,16.634676,22.648279,69.880119,0.816272
3609,3.609000,39.187698,26.967918,16.634676,22.553022,74.659019,0.820072
3610,3.610000,39.088910,26.771994,16.634676,22.454233,77.694664,0.810782
3611,3.611000,38.986552,26.581768,16.634676,22.351876,80.370613,0.823932
3612,3.612000,38.880592,26.397361,16.634676,22.245916,82.986389,0.822392
3613,3.613000,38.770995,26.218883,16.634676,22.136319,86.121765,0.800632
3614,3.614000,38.657740,26.046482,16.634676,22.023064,89.723930,0.808832
3615,3.615000,38.540797,25.880352,16.634676,21.906121,95.650726,0.805702
3616,3.616000,38.420149,25.720834,16.634676,21.785472,99.386513,0.810892
3617,3.617000,38.295781,25.568185,16.634676,21.661105,102.629074,0.811762
3618,3.618000,38.167678,25.422611,16.634676,21.533001,105.573738,0.930030
3619,3.619000,38.035831,25.284286,16.634676,21.401155,107.422752,0.811032
3620,3.620000,37.900235,25.153311,16.634676,21.265558,108.630775,0.811592
3621,3.621000,37.760892,25.029740,16.634676,21.126216,109.383286,0.804342
3622,3.622000,37.617800,24.913590,16.634676,20.983123,109.858055,0.905471
3623,3.623000,37.470971,24.804851,16.634676,20.836295,110.155022,0.810322
3624,3.624000,37.320413,24.703510,16.634676,20.685737,110.332100,0.806572
3625,3.625000,37.166140,24.609544,16.634676,20.531463,110.411888,0.807722
3626,3.626000,37.008174,24.522925,16.634676,20.373498,110.390106,0.805442
3627,3.627000,36.846535,24.443623,16.634676,20.211858,110.264946,0.811772
3628,3.628000,36.681251,24.371602,16.634676,20.046574,110.037712,0.809752
3629,3.629000,36.512354,24.306820,16.634676,19.877678,109.633461,0.809402
3630,3.630000,36.339875,24.249224,16.634676,19.705198,108.998299,0.808932
3631,3.631000,36.163854,24.198749,16.634676,19.529177,108.011055,0.804422
3632,3.632000,35.984333,24.155307,16.634676,19.349656,106.425972,0.799372
3633,3.633000,35.801359,24.118769,16.634676,19.166682,103.969704,0.799742
3634,3.634000,35.614980,24.088950,16.634676,18.980303,100.557289,0.792572
3635,3.635000,35.425251,24.065596,16.634676,18.790574,95.474449,0.797352
3636,3.636000,35.232226,24.048345,16.634676,18.597550,89.864395,0.833472
3637,3.637000,35.035968,24.036783,16.634676,18.401291,86.452271,0.798152
3638,3.638000,34.836536,24.030612,16.634676,18.201860,85.109764,0.807641
3639,3.639000,34.634001,24.029692,16.634676,17.999324,84.089226,0.819301
3640,3.640000,34.428426,24.033945,16.634676,17.793749,82.835167,0.821062
3641,3.641000,34.219890,24.043290,16.634676,17.585213,81.556984,0.800212
3642,3.642000,34.008465,24.057642,16.634676,17.373788,80.149109,0.814202
3643,3.643000,33.794226,24.076902,16.634676,17.159549,78.997833,0.795572
3644,3.644000,33.577258,24.100983,16.634676,16.942581,77.975990,0.822422
3645,3.645000,33.357640,24.129807,16.634676,16.722963,77.023582,0.807702
3646,3.646000,33.135461,24.163295,16.634676,16.500784,75.871269,0.801752
3647,3.647000,32.910805,24.201367,16.634676,16.276129,74.595116,0.814502
3648,3.648000,32.683770,24.243924,16.634676,16.049094,73.119148,0.807212
3649,3.649000,32.454443,24.290856,16.634676,15.819767,71.874771,0.802382
3650,3.650000,32.222923,24.342063,16.634676,15.588247,70.801086,0.800651
3651,3.651000,31.989304,24.397458,16.634676,15.354627,69.580444,0.796912
3652,3.652000,31.753689,24.456947,16.634676,15.119013,68.222435,0.792572
3653,3.653000,31.516180,24.520430,16.634676,14.881503,66.677109,0.802272
3654,3.654000,31.276884,24.587793,16.634676,14.642208,65.118774,0.806452
3655,3.655000,31.035901,24.658919,16.634676,14.401225,63.224209,0.797752
3656,3.656000,30.793344,24.733669,16.634676,14.158668,60.867458,0.814802
3657,3.657000,30.549322,24.811875,16.634676,13.914646,58.225636,0.799882
3658,3.658000,30.303948,24.893347,16.634676,13.669271,55.236534,0.812172
3659,3.659000,30.057333,24.977870,16.634676,13.422657,52.310085,0.801912
3660,3.660000,29.809596,25.065232,16.634676,13.174919,49.874641,0.788582
3661,3.661000,29.560847,25.155243,16.634676,12.926171,46.785725,0.803802
3662,3.662000,29.311210,25.247697,16.634676,12.676534,43.789963,0.802152
3663,3.663000,29.060802,25.342379,16.634676,12.426126,41.973087,0.795962
3664,3.664000,28.809741,25.439145,16.634676,12.175065,39.491150,0.819582
3665,3.665000,28.558150,25.537833,16.634676,11.923473,36.228085,0.803682
3666,3.666000,28.306150,25.638228,16.634676,11.671473,33.117783,0.799642
3667,3.667000,28.053865,25.740114,16.634676,11.419188,29.915445,0.796782
3668,3.668000,27.801418,25.843267,16.634676,11.166741,26.618979,0.797512
3669,3.669000,27.548929,25.947460,16.634676,10.914253,23.581312,0.781803
3670,3.670000,27.296527,26.052479,16.634676,10.661850,21.322191,0.791092
3671,3.671000,27.044332,26.158163,16.634676,10.409656,18.129936,0.788922
3672,3.672000,26.792472,26.264307,16.634676,10.157796,14.533488,0.801182
3673,3.673000,26.541072,26.370674,16.634676,9.906395,11.107604,0.803131
3674,3.674000,26.290252,26.477029,16.634676,9.655575,7.979281,0.923700
3675,3.675000,26.040139,26.583153,16.634676,9.405462,4.483837,0.866321
3676,3.676000,25.790857,26.688817,16.634676,9.156181,-0.574896,0.801722
3677,3.677000,25.542531,26.793698,16.634676,8.907854,-6.485674,0.793892
3678,3.678000,25.295279,26.897398,16.634676,8.660603,-11.883180,0.888961
3679,3.679000,25.049229,26.999536,16.634676,8.414552,-17.284042,0.801152
3680,3.680000,24.804496,27.099740,16.634676,8.169820,-22.412947,0.791672
3681,3.681000,24.561205,27.197658,16.634676,7.926528,-26.677729,0.794172
3682,3.682000,24.319471,27.292999,16.634676,7.684794,-31.116598,0.797403
3683,3.683000,24.079414,27.385474,16.634676,7.444737,-35.086281,0.802682
3684,3.684000,23.841146,27.474827,16.634676,7.206469,-38.959633,0.806232
3685,3.685000,23.604782,27.560809,16.634676,6.970106,-42.899010,0.798242
3686,3.686000,23.370435,27.643174,16.634676,6.735758,-46.325203,0.807892
3687,3.687000,23.138214,27.721701,16.634676,6.503537,-49.606964,0.795952
3688,3.688000,22.908226,27.796184,16.634676,6.273549,-52.463585,0.784452
3689,3.689000,22.680577,27.866448,16.634676,6.045901,-55.300640,0.784882
3690,3.690000,22.455370,27.932322,16.634676,5.820694,-57.722057,0.799202
3691,3.691000,22.232706,27.993658,16.634676,5.598030,-59.694389,0.790243
3692,3.692000,22.012682,28.050342,16.634676,5.378006,-60.904255,1.106589
3693,3.693000,21.795393,28.102308,16.634676,5.160717,-61.880852,0.881011
3694,3.694000,21.580935,28.149511,16.634676,4.946259,-62.733536,0.788552
3695,3.695000,21.369394,28.191927,16.634676,4.734718,-63.215225,0.943680
3696,3.696000,21.160862,28.229539,16.634676,4.526185,-63.482956,1.033320
3697,3.697000,20.955420,28.262356,16.634676,4.320744,-63.701149,0.795132
3698,3.698000,20.753149,28.290389,16.634676,4.118473,-63.838890,0.796222
3699,3.699000,20.554131,28.313649,16.634676,3.919455,-63.995735,0.791842
3700,3.700000,20.358441,28.332149,16.634676,3.723764,-64.109367,0.793832
3701,3.701000,20.166152,28.345900,16.634676,3.531476,-64.179817,0.807552
3702,3.702000,19.977335,28.354916,16.634676,3.342659,-64.206276,0.798492
3703,3.703000,19.792058,28.359214,16.634676,3.157381,-64.197227,0.794553
3704,3.704000,19.610383,28.358812,16.634676,2.975707,-64.155952,0.788362
3705,3.705000,19.432375,28.353731,16.634676,2.797698,-64.071640,0.785512
3706,3.706000,19.258089,28.343991,16.634676,2.623412,-63.964272,0.792112
3707,3.707000,19.087583,28.329618,16.634676,2.452907,-63.879181,0.809431
3708,3.708000,18.920910,28.310637,16.634676,2.286233,-63.784477,0.792732
3709,3.709000,18.758117,28.287070,16.634676,2.123441,-63.631340,0.789482
3710,3.710000,18.599256,28.258943,16.634676,1.964579,-63.418228,0.935161
3711,3.711000,18.444364,28.226286,16.634676,1.809688,-63.144073,0.784802
3712,3.712000,18.293487,28.189135,16.634676,1.658810,-62.972626,0.783542
3713,3.713000,18.146662,28.147520,16.634676,1.511985,-62.829201,0.776672
3714,3.714000,18.003921,28.101470,16.634676,1.369245,-62.545124,1.034410
3715,3.715000,17.865297,28.051015,16.634676,1.230621,-62.206512,0.780382
3716,3.716000,17.730821,27.996198,16.634676,1.096145,-61.822517,0.786662
3717,3.717000,17.600516,27.937058,16.634676,0.965840,-61.505230,0.787483
3718,3.718000,17.474407,27.873637,16.634676,0.839731,-61.341331,0.796212
3719,3.719000,17.352511,27.805963,16.634676,0.717834,-61.403206,0.789562
3720,3.720000,17.234847,27.734051,16.634676,0.600170,-61.530628,0.789263
3721,3.721000,17.121428,27.657907,16.634676,0.486752,-61.633797,0.799142
3722,3.722000,17.012265,27.577539,16.634676,0.377588,-61.766922,0.776432
3723,3.723000,16.907365,27.492949,16.634676,0.272688,-62.062412,0.787362
3724,3.724000,16.806734,27.404136,16.634676,0.172058,-62.327652,0.794482
3725,3.725000,16.710374,27.311095,16.634676,0.075697,-62.660408,0.791242
3726,3.726000,16.618282,27.213820,16.634676,-0.016394,-62.862587,0.813372
3727,3.727000,16.530456,27.112308,16.634676,-0.104220,-62.948685,0.790972
3728,3.728000,16.446887,27.006570,16.634676,-0.187789,-62.961594,0.783943
3729,3.729000,16.367568,26.896619,16.634676,-0.267108,-62.937283,0.795152
3730,3.730000,16.292484,26.782476,16.634676,-0.342192,-62.857468,0.780812
3731,3.731000,16.221617,26.664164,16.634676,-0.413059,-62.715260,0.780143
3732,3.732000,16.154951,26.541707,16.634676,-0.479725,-62.513863,0.788872
3733,3.733000,16.092465,26.415140,16.634676,-0.542211,-62.177383,0.977190
3734,3.734000,16.034130,26.284497,16.634676,-0.600546,-61.788315,0.783653
3735,3.735000,15.979923,26.149827,16.634676,-0.654754,-61.297047,0.800242
3736,3.736000,15.929808,26.011177,16.634676,-0.704869,-60.758034,0.791232
3737,3.737000,15.883757,25.868602,16.634676,-0.750920,-60.202560,0.779682
3738,3.738000,15.841729,25.722158,16.634676,-0.792947,-59.647640,0.787792
3739,3.739000,15.803690,25.571897,16.634676,-0.830986,-59.024025,0.780792
3740,3.740000,15.769595,25.417880,16.634676,-0.865081,-58.365234,0.778993
3741,3.741000,15.739399,25.260165,16.634676,-0.895277,-57.740005,0.795142
3742,3.742000,15.713059,25.098812,16.634676,-0.921618,-57.148502,0.790542
3743,3.743000,15.690521,24.933877,16.634676,-0.944156,-56.500153,0.788302
3744,3.744000,15.671732,24.765419,16.634676,-0.962944,-55.768265,0.788632
3745,3.745000,15.656641,24.593498,16.634676,-0.978035,-54.944107,0.781312
3746,3.746000,15.645190,24.418186,16.634676,-0.989486,-54.027832,0.790353
3747,3.747000,15.637317,24.239556,16.634676,-0.997360,-53.124527,0.774672
3748,3.748000,15.632961,24.057688,16.634676,-1.001716,-52.196960,0.787972
3749,3.749000,15.632058,23.872657,16.634676,-1.002619,-51.143932,0.789163
3750,3.750000,15.634539,23.684547,16.634676,-1.000138,-50.052647,0.784992
3751,3.751000,15.640336,23.493447,16.634676,-0.994341,-48.943050,0.782022
3752,3.752000,15.649377,23.299442,16.634676,-0.985299,-47.688324,0.836612
3753,3.753000,15.661590,23.102633,16.634676,-0.973087,-46.081131,0.785082
3754,3.754000,15.676896,22.903135,16.634676,-0.957780,-43.889618,0.780812
3755,3.755000,15.695221,22.701107,16.634676,-0.939455,-41.670174,0.777412
3756,3.756000,15.716484,22.496715,16.634676,-0.918193,-39.277054,0.775032
3757,3.757000,15.740603,22.290138,16.634676,-0.894073,-37.094048,0.779022
3758,3.758000,15.767495,22.081537,16.634676,-0.867181,-35.297794,0.794272
3759,3.759000,15.797075,21.871056,16.634676,-0.837601,-33.642136,0.783642
3760,3.760000,15.829255,21.658815,16.634676,-0.805421,-31.976315,0.782652
3761,3.761000,15.863949,21.444933,16.634676,-0.770727,-30.290426,0.783092
3762,3.762000,15.901068,21.229527,16.634676,-0.733608,-28.742172,0.777982
3763,3.763000,15.940519,21.012713,16.634676,-0.694157,-27.080732,0.768822
3764,3.764000,15.982211,20.794605,16.634676,-0.652466,-25.238262,0.797702
3765,3.765000,16.026049,20.575328,16.634676,-0.608628,-23.112902,0.775192
3766,3.766000,16.071939,20.355034,16.634676,-0.562738,-20.826548,0.779002
3767,3.767000,16.119788,20.133881,16.634676,-0.514889,-18.154331,0.811322
3768,3.768000,16.169496,19.912056,16.634676,-0.465180,-15.835126,0.774352
3769,3.769000,16.220967,19.689728,16.634676,-0.413710,-13.390759,0.773352
3770,3.770000,16.274102,19.467067,16.634676,-0.360574,-10.701365,0.794362
3771,3.771000,16.328802,19.244261,16.634676,-0.305875,-7.975023,0.985860
3772,3.772000,16.384968,19.021498,16.634676,-0.249708,-5.515806,0.777802
3773,3.773000,16.442501,18.798952,16.634676,-0.192176,-3.173566,0.784443
3774,3.774000,16.501298,18.576786,16.634676,-0.133378,-0.847228,0.790752
3775,3.775000,16.561260,18.355157,16.634676,-0.073416,1.529267,0.790012
3776,3.776000,16.622285,18.134226,16.634676,-0.012392,3.618056,0.786252
3777,3.777000,16.684274,17.914136,16.634676,0.049597,5.963800,0.776212
3778,3.778000,16.747124,17.695039,16.634676,0.112447,8.343902,0.790972
3779,3.779000,16.810733,17.477098,16.634676,0.176057,10.809314,0.768293
3780,3.780000,16.875003,17.260472,16.634676,0.240327,13.869392,0.773152
3781,3.781000,16.939832,17.045365,16.634676,0.305156,16.775059,0.788912
3782,3.782000,17.005119,16.831973,16.634676,0.370442,19.998827,0.788582
3783,3.783000,17.070765,16.620516,16.634676,0.436089,23.558607,0.777952
3784,3.784000,17.136673,16.411227,16.634676,0.501997,28.000763,0.792042
3785,3.785000,17.202740,16.204400,16.634676,0.568063,32.463882,0.777102
3786,3.786000,17.268873,16.000343,16.634676,0.634197,37.420483,0.807692
3787,3.787000,17.334971,15.799389,16.634676,0.700294,43.483082,0.783913
3788,3.788000,17.400942,15.601940,16.634676,0.766265,51.609573,0.774752
3789,3.789000,17.466691,15.408529,16.634676,0.832014,58.054550,0.780862
3790,3.790000,17.532122,15.219627,16.634676,0.897446,63.842175,0.789572
3791,3.791000,17.597149,15.035635,16.634676,0.962473,68.298294,0.867971
3792,3.792000,17.661682,14.856862,16.634676,1.027006,71.487518,0.776122
3793,3.793000,17.725632,14.683518,16.634676,1.090955,73.926727,0.786052
3794,3.794000,17.788914,14.515749,16.634676,1.154237,76.107597,0.761543
3795,3.795000,17.851447,14.353663,16.634676,1.216771,78.781601,0.765532
3796,3.796000,17.913153,14.197407,16.634676,1.278477,82.445290,0.779113
3797,3.797000,17.973950,14.047187,16.634676,1.339274,85.803879,0.782242
3798,3.798000,18.033764,13.903217,16.634676,1.399087,89.463173,0.775732
3799,3.799000,18.092524,13.765725,16.634676,1.457848,93.939713,0.812671
3800,3.800000,18.150159,13.634990,16.634676,1.515482,97.576530,0.778572
3801,3.801000,18.206600,13.511258,16.634676,1.571924,100.486794,0.768752
3802,3.802000,18.261786,13.394720,16.634676,1.627110,102.486229,0.766453
3803,3.803000,18.315654,13.285498,16.634676,1.680978,103.616066,0.776082
3804,3.804000,18.368148,13.183652,16.634676,1.733471,104.055321,0.775233
3805,3.805000,18.419210,13.089183,16.634676,1.784534,104.072868,0.945251
3806,3.806000,18.468791,13.002063,16.634676,1.834114,103.675682,0.791572
3807,3.807000,18.516841,12.922232,16.634676,1.882164,102.919312,0.781182
3808,3.808000,18.563315,12.849608,16.634676,1.928639,101.446686,0.777593
3809,3.809000,18.608171,12.784067,16.634676,1.973494,98.963150,0.894211
3810,3.810000,18.651370,12.725417,16.634676,2.016694,95.396751,0.769222
3811,3.811000,18.692875,12.673393,16.634676,2.058199,91.240456,0.770093
3812,3.812000,18.732654,12.627683,16.634676,2.097978,87.212364,0.772332
3813,3.813000,18.770678,12.587974,16.634676,2.136002,83.835686,0.768702
3814,3.814000,18.806917,12.553998,16.634676,2.172241,80.372643,0.777182
3815,3.815000,18.841348,12.525498,16.634676,2.206672,79.511360,0.790583
3816,3.816000,18.873951,12.502371,16.634676,2.239274,79.616600,0.792012
3817,3.817000,18.904700,12.484611,16.634676,2.270024,79.739182,0.773762
3818,3.818000,18.933585,12.472232,16.634676,2.298908,79.651474,0.763232
3819,3.819000,18.960588,12.465240,16.634676,2.325912,79.211876,0.772402
3820,3.820000,18.985698,12.463611,16.634676,2.351021,78.810417,0.772412
3821,3.821000,19.008905,12.467312,16.634676,2.374228,78.769890,0.783022
3822,3.822000,19.030205,12.476327,16.634676,2.395528,79.446632,0.790292
3823,3.823000,19.049592,12.490687,16.634676,2.414916,79.997826,0.771432
3824,3.824000,19.067066,12.510422,16.634676,2.432389,79.885307,0.762283
3825,3.825000,19.082626,12.535526,16.634676,2.447950,79.415993,0.856941
3826,3.826000,19.096278,12.565961,16.634676,2.461602,77.497795,0.760073
3827,3.827000,19.108028,12.601593,16.634676,2.473352,74.902306,0.773502
3828,3.828000,19.117884,12.642232,16.634676,2.483207,71.202187,0.795742
3829,3.829000,19.125858,12.687608,16.634676,2.491182,66.971794,0.796962
3830,3.830000,19.131964,12.737409,16.634676,2.497288,61.462696,0.790892
3831,3.831000,19.136218,12.791241,16.634676,2.501541,55.854477,0.772912
3832,3.832000,19.138639,12.848692,16.634676,2.503963,50.060318,0.765672
3833,3.833000,19.139245,12.909339,16.634676,2.504569,44.488205,0.765692
3834,3.834000,19.138059,12.972776,16.634676,2.503382,41.357914,0.786672
3835,3.835000,19.135105,13.038748,16.634676,2.500428,38.737244,0.778482
3836,3.836000,19.130407,13.107068,16.634676,2.495731,36.606483,0.785063
3837,3.837000,19.123990,13.177595,16.634676,2.489314,34.512852,0.779452
3838,3.838000,19.115886,13.250197,16.634676,2.481210,33.032845,0.770292
3839,3.839000,19.106121,13.324780,16.634676,2.471444,31.594994,0.766252
3840,3.840000,19.094726,13.401250,16.634676,2.460050,29.854013,0.781972
3841,3.841000,19.081733,13.479502,16.634676,2.447057,28.117168,0.772592
3842,3.842000,19.067177,13.559421,16.634676,2.432500,26.577084,0.771732
3843,3.843000,19.051086,13.640899,16.634676,2.416410,25.128046,0.774952
3844,3.844000,19.033502,13.723837,16.634676,2.398826,23.630850,0.772882
3845,3.845000,19.014456,13.808130,16.634676,2.379780,21.895226,0.775793
3846,3.846000,18.993988,13.893664,16.634676,2.359311,20.200005,0.778362
3847,3.847000,18.972134,13.980319,16.634676,2.337458,19.014038,0.764443
3848,3.848000,18.948936,14.068005,16.634676,2.314259,17.959473,0.995660
3849,3.849000,18.924431,14.156647,16.634676,2.289754,17.090082,0.763392
3850,3.850000,18.898660,14.246185,16.634676,2.263984,16.204815,0.768843
3851,3.851000,18.871666,14.336560,16.634676,2.236989,15.141801,0.780022
3852,3.852000,18.843490,14.427702,16.634676,2.208813,14.141857,0.778673
3853,3.853000,18.814173,14.519543,16.634676,2.179496,12.902783,0.777532
3854,3.854000,18.783760,14.611998,16.634676,2.149083,11.674797,0.781032
3855,3.855000,18.752295,14.704982,16.634676,2.117618,10.442439,0.776572
3856,3.856000,18.719822,14.798407,16.634676,2.085146,9.447842,0.766392
3857,3.857000,18.686387,14.892200,16.634676,2.051710,8.495726,0.781422
3858,3.858000,18.652034,14.986294,16.634676,2.017358,7.648746,0.776532
3859,3.859000,18.616811,15.080631,16.634676,1.982135,6.815448,0.774063
3860,3.860000,18.580761,15.175152,16.634676,1.946085,5.948618,0.796712
3861,3.861000,18.543935,15.269803,16.634676,1.909258,5.028664,0.774642
3862,3.862000,18.506375,15.364517,16.634676,1.871699,4.058983,0.766882
3863,3.863000,18.468133,15.459233,16.634676,1.833457,2.944879,0.779212
3864,3.864000,18.429252,15.553874,16.634676,1.794576,1.724946,0.771993
3865,3.865000,18.389782,15.648356,16.634676,1.755106,0.414636,0.775872
3866,3.866000,18.349771,15.742591,16.634676,1.715095,-0.747292,0.778253
3867,3.867000,18.309268,15.836494,16.634676,1.674592,-1.924612,1.002140
3868,3.868000,18.268318,15.929984,16.634676,1.633641,-3.130227,0.785432
3869,3.869000,18.226968,16.022982,16.634676,1.592291,-4.387929,0.796602
3870,3.870000,18.185269,16.115403,16.634676,1.550593,-5.641157,0.778472
3871,3.871000,18.143269,16.207160,16.634676,1.508592,-6.894850,0.769232
3872,3.872000,18.101014,16.298170,16.634676,1.466337,-8.227092,0.770083
3873,3.873000,18.058552,16.388346,16.634676,1.423876,-9.688352,0.781792
3874,3.874000,18.015930,16.477589,16.634676,1.381254,-11.277517,0.800592
3875,3.875000,17.973195,16.565794,16.634676,1.338519,-13.540000,0.782543
3876,3.876000,17.930392,16.652817,16.634676,1.295716,-15.886920,0.793872
3877,3.877000,17.887570,16.738495,16.634676,1.252894,-18.167471,0.774712
3878,3.878000,17.844774,16.822671,16.634676,1.210098,-20.277525,0.769102
3879,3.879000,17.802048,16.905198,16.634676,1.167372,-22.573986,0.762522
3880,3.880000,17.759438,16.985924,16.634676,1.124761,-24.945551,0.780012
3881,3.881000,17.716985,17.064691,16.634676,1.082308,-27.072159,0.774502
3882,3.882000,17.674735,17.141357,16.634676,1.040059,-28.872522,0.773092
3883,3.883000,17.632729,17.215799,16.634676,0.998053,-30.282940,0.782652
3884,3.884000,17.591009,17.287926,16.634676,0.956332,-31.496174,0.773183
3885,3.885000,17.549614,17.357664,16.634676,0.914938,-32.482483,0.762712
3886,3.886000,17.508585,17.424955,16.634676,0.873909,-33.334644,0.780143
3887,3.887000,17.467961,17.489753,16.634676,0.833285,-33.986645,0.908491
3888,3.888000,17.427776,17.552025,16.634676,0.793099,-34.599560,0.784312
3889,3.889000,17.388070,17.611742,16.634676,0.753394,-35.183342,0.781473
3890,3.890000,17.348875,17.668875,16.634676,0.714199,-35.758434,0.778452
3891,3.891000,17.310228,17.723393,16.634676,0.675552,-36.316566,0.789562
3892,3.892000,17.272160,17.775270,16.634676,0.637484,-36.977325,0.797363
3893,3.893000,17.234703,17.824471,16.634676,0.600027,-37.628960,0.768682
3894,3.894000,17.197889,17.870959,16.634676,0.563212,-38.190716,0.765562
3895,3.895000,17.161747,17.914703,16.634676,0.527070,-38.579773,0.772122
3896,3.896000,17.126303,17.955683,16.634676,0.491627,-38.844517,0.771023
3897,3.897000,17.091585,17.993886,16.634676,0.456909,-38.988419,0.775182
3898,3.898000,17.057621,18.029311,16.634676,0.422944,-39.053932,0.792822
3899,3.899000,17.024433,18.061962,16.634676,0.389756,-39.031799,0.772972
3900,3.900000,16.992044,18.091851,16.634676,0.357367,-38.891853,0.762292
3901,3.901000,16.960476,18.118996,16.634676,0.325800,-38.652958,0.877252
3902,3.902000,16.929753,18.143421,16.634676,0.295076,-38.336853,0.766132
3903,3.903000,16.899889,18.165156,16.634676,0.265213,-37.865570,0.768013
3904,3.904000,16.870905,18.184243,16.634676,0.236229,-37.185478,0.785702
3905,3.905000,16.842820,18.200735,16.634676,0.208143,-36.380913,1.006630
3906,3.906000,16.815644,18.214696,16.634676,0.180968,-35.574989,0.781163
3907,3.907000,16.789394,18.226189,16.634676,0.154717,-34.891556,0.776972
3908,3.908000,16.764085,18.235273,16.634676,0.129408,-34.457104,0.770153
3909,3.909000,16.739726,18.241989,16.634676,0.105050,-34.079956,0.783522
3910,3.910000,16.716330,18.246367,16.634676,0.081653,-33.794258,0.767433
3911,3.911000,16.693903,18.248433,16.634676,0.059226,-33.583626,0.772502
3912,3.912000,16.672458,18.248208,16.634676,0.037781,-33.331142,0.771473
3913,3.913000,16.651999,18.245708,16.634676,0.017323,-33.114220,0.782392
3914,3.914000,16.632533,18.240958,16.634676,-0.002143,-32.923264,0.768712
3915,3.915000,16.614066,18.233970,16.634676,-0.020610,-32.899807,0.778342
3916,3.916000,16.596600,18.224756,16.634676,-0.038077,-33.064999,0.779002
3917,3.917000,16.580137,18.213311,16.634676,-0.054539,-33.056694,0.760912
3918,3.918000,16.564681,18.199637,16.634676,-0.069996,-32.870197,0.769153
3919,3.919000,16.550231,18.183746,16.634676,-0.084445,-32.660160,0.769152
3920,3.920000,16.536786,18.165663,16.634676,-0.097890,-32.295464,0.933491
3921,3.921000,16.524343,18.145415,16.634676,-0.110333,-31.936798,0.791582
3922,3.922000,16.512901,18.123034,16.634676,-0.121775,-31.570887,0.777113
3923,3.923000,16.502454,18.098555,16.634676,-0.132222,-31.183716,0.774612
3924,3.924000,16.492996,18.072008,16.634676,-0.141680,-30.673256,0.970200
3925,3.925000,16.484523,18.043434,16.634676,-0.150153,-30.054449,0.773142
3926,3.926000,16.477027,18.012881,16.634676,-0.157649,-29.404905,0.763072
3927,3.927000,16.470499,17.980401,16.634676,-0.164177,-28.879538,0.790952
3928,3.928000,16.464927,17.946039,16.634676,-0.169749,-28.560843,0.775892
3929,3.929000,16.460305,17.909822,16.634676,-0.174371,-28.140171,0.768723
3930,3.930000,16.456619,17.871784,16.634676,-0.178058,-27.672968,0.780432
3931,3.931000,16.453854,17.831962,16.634676,-0.180822,-27.240862,0.787252
3932,3.932000,16.452000,17.790387,16.634676,-0.182677,-26.835878,0.767792
3933,3.933000,16.451042,17.747094,16.634676,-0.183635,-26.351942,0.781683
3934,3.934000,16.450963,17.702119,16.634676,-0.183713,-25.938688,0.769442
3935,3.935000,16.451749,17.655494,16.634676,-0.182928,-25.536901,0.765282
3936,3.936000,16.453379,17.607254,16.634676,-0.181297,-25.073132,0.788722
3937,3.937000,16.455840,17.557432,16.634676,-0.178837,-24.561098,0.774602
3938,3.938000,16.459108,17.506067,16.634676,-0.175568,-23.945112,0.769203
3939,3.939000,16.463167,17.453203,16.634676,-0.171509,-23.151789,0.937241
3940,3.940000,16.467994,17.398899,16.634676,-0.166682,-22.183756,0.773442
3941,3.941000,16.473569,17.343225,16.634676,-0.161107,-21.220594,0.764273
3942,3.942000,16.479870,17.286253,16.634676,-0.154806,-20.262182,0.769212
3943,3.943000,16.486873,17.228053,16.634676,-0.147804,-19.282774,0.947551
3944,3.944000,16.494555,17.168698,16.634676,-0.140121,-18.267122,0.789302
3945,3.945000,16.502893,17.108260,16.634676,-0.131783,-17.223763,0.775353
3946,3.946000,16.511859,17.046815,16.634676,-0.122817,-16.277258,0.773782
3947,3.947000,16.521432,16.984432,16.634676,-0.113245,-15.515449,0.782382
3948,3.948000,16.531582,16.921167,16.634676,-0.103095,-14.750693,0.770552
3949,3.949000,16.542284,16.857073,16.634676,-0.092392,-13.900245,0.772992
3950,3.950000,16.553513,16.792208,16.634676,-0.081163,-12.882763,0.794632
3951,3.951000,16.565239,16.726642,16.634676,-0.069437,-11.857527,0.785022
3952,3.952000,16.577434,16.660445,16.634676,-0.057242,-10.960670,0.772592
3953,3.953000,16.590074,16.593682,16.634676,-0.044603,-10.132891,0.774822
3954,3.954000,16.603124,16.526411,16.634676,-0.031552,-9.327569,0.771423
3955,3.955000,16.616561,16.458691,16.634676,-0.018115,-8.498800,0.765032
3956,3.956000,16.630351,16.390576,16.634676,-0.004325,-7.538425,0.839012
3957,3.957000,16.644469,16.322129,16.634676,0.009793,-6.490355,0.769412
3958,3.958000,16.658883,16.253422,16.634676,0.024206,-5.343350,0.932710
3959,3.959000,16.673561,16.184535,16.634676,0.038884,-4.031479,0.778973
3960,3.960000,16.688478,16.115556,16.634676,0.053801,-2.682801,0.771172
3961,3.961000,16.703598,16.046578,16.634676,0.068922,-1.381994,0.772843
3962,3.962000,16.718896,15.977692,16.634676,0.084220,-0.064595,0.957860
3963,3.963000,16.734341,15.908991,16.634676,0.099664,1.220264,0.783513
3964,3.964000,16.749898,15.840561,16.634676,0.115222,2.260186,0.772812
3965,3.965000,16.765543,15.772474,16.634676,0.130866,3.221162,0.768683
3966,3.966000,16.781242,15.704797,16.634676,0.146566,4.143194,0.831012
3967,3.967000,16.796967,15.637587,16.634676,0.162290,5.036697,0.779762
3968,3.968000,16.812687,15.570902,16.634676,0.178010,5.963726,0.777322
3969,3.969000,16.828372,15.504803,16.634676,0.193696,7.005491,0.771553
3970,3.970000,16.843994,15.439354,16.634676,0.209318,7.976674,0.785762
3971,3.971000,16.859525,15.374621,16.634676,0.224848,8.862481,0.771843
3972,3.972000,16.874933,15.310661,16.634676,0.240257,9.817891,0.772242
3973,3.973000,16.890192,15.247538,16.634676,0.255516,10.924889,0.785772
3974,3.974000,16.905273,15.185322,16.634676,0.270597,12.363334,0.761532
3975,3.975000,16.920148,15.124103,16.634676,0.285471,14.077098,0.769283
3976,3.976000,16.934790,15.063996,16.634676,0.300113,16.038252,0.773272
3977,3.977000,16.949172,15.005130,16.634676,0.314496,17.873640,0.927771
3978,3.978000,16.963268,14.947635,16.634676,0.328592,19.643871,0.776482
3979,3.979000,16.977052,14.891633,16.634676,0.342375,21.318552,0.793552
3980,3.980000,16.990499,14.837234,16.634676,0.355822,23.325937,0.771302
3981,3.981000,17.003585,14.784569,16.634676,0.368909,25.869392,0.837612
3982,3.982000,17.016286,14.733801,16.634676,0.381609,27.991762,0.769623
3983,3.983000,17.028580,14.685079,16.634676,0.393904,29.630930,0.761172
3984,3.984000,17.040444,14.638514,16.634676,0.405768,30.909281,0.764413
3985,3.985000,17.051858,14.594193,16.634676,0.417181,32.094307,0.781642
3986,3.986000,17.062800,14.552186,16.634676,0.428123,33.161522,0.776532
3987,3.987000,17.073255,14.512554,16.634676,0.438578,34.402061,0.774192
3988,3.988000,17.083201,14.475368,16.634676,0.448525,35.568729,0.775862
3989,3.989000,17.092622,14.440700,16.634676,0.457945,36.740105,0.772602
3990,3.990000,17.101504,14.408617,16.634676,0.466828,37.807819,0.774072
3991,3.991000,17.109832,14.379186,16.634676,0.475156,38.891140,0.788242
3992,3.992000,17.117591,14.352471,16.634676,0.482915,39.868057,0.769012
3993,3.993000,17.124770,14.328533,16.634676,0.490093,40.849976,0.773282
3994,3.994000,17.131356,14.307427,16.634676,0.496679,41.893456,0.770652
3995,3.995000,17.137341,14.289216,16.634676,0.502664,43.109417,0.766813
3996,3.996000,17.142714,14.273972,16.634676,0.508038,44.495235,0.766922
3997,3.997000,17.147472,14.261781,16.634676,0.512795,45.376240,0.859101
3998,3.998000,17.151604,14.252700,16.634676,0.516927,45.804974,0.772973
3999,3.999000,17.155110,14.246757,16.634676,0.520433,45.674911,0.768232
4000,4.000000,17.157982,14.243936,-1.716129,18.874111,-71.611458,0.795112
4001,4.001000,17.160220,14.237501,-1.716129,18.876349,-102.996445,0.898671
4002,4.002000,17.161824,14.223900,-1.716129,18.877952,-109.653389,0.783572
4003,4.003000,17.162783,14.202031,-1.716129,18.878912,-110.014458,0.778732
4004,4.004000,17.163092,14.171849,-1.716129,18.879221,-109.713516,0.766913
4005,4.005000,17.162739,14.133587,-1.716129,18.878868,-108.577019,0.765962
4006,4.006000,17.161711,14.087544,-1.716129,18.877840,-104.024445,0.781883
4007,4.007000,17.159990,14.034185,-1.716129,18.876119,-86.076958,0.770002
4008,4.008000,17.157558,13.974744,-1.716129,18.873687,-58.409779,0.842172
4009,4.009000,17.154396,13.911178,-1.716129,18.870525,-47.357567,1.038010
4010,4.010000,17.150480,13.844631,-1.716129,18.866609,-41.226067,0.780232
4011,4.011000,17.145786,13.775695,-1.716129,18.861915,-37.453674,0.785512
4012,4.012000,17.140295,13.704663,-1.716129,18.856424,-34.662018,0.792282
4013,4.013000,17.133979,13.631698,-1.716129,18.850108,-32.755817,0.781712
4014,4.014000,17.126814,13.556888,-1.716129,18.842943,-31.296482,0.775793
4015,4.015000,17.118775,13.480290,-1.716129,18.834904,-30.011496,1.159278
4016,4.016000,17.109839,13.401952,-1.716129,18.825968,-29.079515,0.879652
4017,4.017000,17.099980,13.321908,-1.716129,18.816109,-28.190676,0.769752
4018,4.018000,17.089171,13.240195,-1.716129,18.805300,-27.305111,0.771063
4019,4.019000,17.077385,13.156854,-1.716129,18.793514,-26.424940,0.976940
4020,4.020000,17.064599,13.071931,-1.716129,18.780728,-25.551603,0.788752
4021,4.021000,17.050785,12.985476,-1.716129,18.766914,-24.990913,0.769623
4022,4.022000,17.035916,12.897526,-1.716129,18.752045,-24.487309,0.775772
4023,4.023000,17.019966,12.808109,-1.716129,18.736095,-24.052391,0.775143
4024,4.024000,17.002904,12.717251,-1.716129,18.719033,-23.656370,0.780192
4025,4.025000,16.984708,12.624974,-1.716129,18.700837,-23.288691,0.781663
4026,4.026000,16.965348,12.531300,-1.716129,18.681477,-22.925970,0.768042
4027,4.027000,16.944796,12.436252,-1.716129,18.660925,-22.564985,0.777293
4028,4.028000,16.923027,12.339851,-1.716129,18.639155,-22.196571,0.776262
4029,4.029000,16.900010,12.242122,-1.716129,18.616139,-21.800772,0.773642
4030,4.030000,16.875719,12.143089,-1.716129,18.591848,-21.401701,0.781482
4031,4.031000,16.850128,12.042780,-1.716129,18.566257,-21.019642,0.782272
4032,4.032000,16.823205,11.941219,-1.716129,18.539334,-20.681593,0.781763
4033,4.033000,16.794926,11.838430,-1.716129,18.511055,-20.353880,0.765442
4034,4.034000,16.765261,11.734434,-1.716129,18.481390,-20.012045,1.166769
4035,4.035000,16.734184,11.629253,-1.716129,18.450313,-19.670792,0.765282
4036,4.036000,16.701665,11.522911,-1.716129,18.417794,-19.336229,0.780633
4037,4.037000,16.667680,11.415427,-1.716129,18.383809,-19.003960,0.847541
4038,4.038000,16.632197,11.306826,-1.716129,18.348326,-18.683990,0.874942
4039,4.039000,16.595191,11.197125,-1.716129,18.311320,-18.370434,1.073089
4040,4.040000,16.556635,11.086348,-1.716129,18.272764,-18.040995,0.784353
4041,4.041000,16.516502,10.974513,-1.716129,18.232631,-17.696281,0.778162
4042,4.042000,16.474763,10.861644,-1.716129,18.190892,-17.352442,0.786812
4043,4.043000,16.431393,10.747762,-1.716129,18.147522,-17.018097,0.781742
4044,4.044000,16.386365,10.632889,-1.716129,18.102494,-16.680649,0.770622
4045,4.045000,16.339652,10.517047,-1.716129,18.055780,-16.314302,0.784933
4046,4.046000,16.291227,10.400258,-1.716129,18.007356,-15.924346,0.760632
4047,4.047000,16.241065,10.282548,-1.716129,17.957193,-15.508142,0.787833
4048,4.048000,16.189141,10.163943,-1.716129,17.905270,-15.071098,0.789332
4049,4.049000,16.135427,10.044470,-1.716129,17.851556,-14.624269,0.796842
4050,4.050000,16.079901,9.924160,-1.716129,17.796030,-14.164689,0.790682
4051,4.051000,16.022536,9.803041,-1.716129,17.738665,-13.645235,0.779342
4052,4.052000,15.963308,9.681146,-1.716129,17.679437,-12.950559,0.928201
4053,4.053000,15.902193,9.558519,-1.716129,17.618322,-12.339644,0.796452
4054,4.054000,15.839166,9.435202,-1.716129,17.555295,-11.728520,0.764113
4055,4.055000,15.774206,9.311234,-1.716129,17.490335,-10.893826,0.765972
4056,4.056000,15.707287,9.186668,-1.716129,17.423416,-9.602164,0.770083
4057,4.057000,15.638389,9.061586,-1.716129,17.354518,-8.045228,0.809482
4058,4.058000,15.567487,8.936091,-1.716129,17.283616,-6.276176,0.779902
4059,4.059000,15.494562,8.810302,-1.716129,17.210691,-4.486920,0.789713
4060,4.060000,15.419593,8.684345,-1.716129,17.135721,-2.302895,0.780472
4061,4.061000,15.342558,8.558363,-1.716129,17.058687,0.088340,0.774392
4062,4.062000,15.263437,8.432519,-1.716129,16.979566,3.030514,0.777533
4063,4.063000,15.182214,8.307008,-1.716129,16.898343,5.996714,0.780542
4064,4.064000,15.098869,8.182032,-1.716129,16.814998,9.657448,0.780632
4065,4.065000,15.013384,8.057835,-1.716129,16.729513,15.509206,0.791262
4066,4.066000,14.925744,7.934793,-1.716129,16.641873,22.559155,0.777122
4067,4.067000,14.835934,7.813382,-1.716129,16.552063,31.785488,0.772493
4068,4.068000,14.743940,7.694223,-1.716129,16.460069,38.237946,0.768082
4069,4.069000,14.649752,7.577805,-1.716129,16.365881,42.901638,0.760093
4070,4.070000,14.553356,7.464476,-1.716129,16.269484,48.525864,0.780912
4071,4.071000,14.454745,7.354589,-1.716129,16.170874,53.273304,0.784343
4072,4.072000,14.353912,7.248457,-1.716129,16.070041,56.678253,0.862851
4073,4.073000,14.250854,7.146304,-1.716129,15.966983,59.273300,0.775983
4074,4.074000,14.145568,7.048284,-1.716129,15.861697,61.198975,0.776402
4075,4.075000,14.038055,6.954501,-1.716129,15.754183,62.627708,0.769073
4076,4.076000,13.928315,6.865022,-1.716129,15.644444,63.641209,0.873981
4077,4.077000,13.816355,6.779883,-1.716129,15.532484,64.387833,0.770643
4078,4.078000,13.702181,6.699105,-1.716129,15.418310,64.917847,0.766762
4079,4.079000,13.585803,6.622695,-1.716129,15.301932,65.367867,0.783522
4080,4.080000,13.467232,6.550658,-1.716129,15.183361,65.667091,0.775492
4081,4.081000,13.346482,6.482989,-1.716129,15.062611,65.797493,0.783312
4082,4.082000,13.223570,6.419678,-1.716129,14.939699,65.752548,0.792333
4083,4.083000,13.098514,6.360702,-1.716129,14.814643,65.559578,0.782132
4084,4.084000,12.971335,6.306031,-1.716129,14.687464,65.284012,0.762602
4085,4.085000,12.842057,6.255626,-1.716129,14.558186,65.114906,0.769533
4086,4.086000,12.710705,6.209459,-1.716129,14.426833,65.175964,0.772252
4087,4.087000,12.577306,6.167514,-1.716129,14.293435,65.514198,0.773933
4088,4.088000,12.441891,6.129798,-1.716129,14.158020,65.897804,0.795072
4089,4.089000,12.304493,6.096325,-1.716129,14.020622,66.253448,0.773743
4090,4.090000,12.165144,6.067111,-1.716129,13.881273,66.514854,0.766802
4091,4.091000,12.023882,6.042164,-1.716129,13.740011,66.635216,0.766822
4092,4.092000,11.880746,6.021482,-1.716129,13.596875,66.662437,0.768772
4093,4.093000,11.735777,6.005057,-1.716129,13.451906,66.586243,0.774172
4094,4.094000,11.589018,5.992870,-1.716129,13.305146,66.391212,0.786952
4095,4.095000,11.440513,5.984896,-1.716129,13.156642,66.045242,0.911921
4096,4.096000,11.290312,5.981098,-1.716129,13.006441,65.605385,0.775392
4097,4.097000,11.138462,5.981434,-1.716129,12.854591,65.082153,0.773613
4098,4.098000,10.985016,5.985854,-1.716129,12.701145,64.519829,0.777542
4099,4.099000,10.830028,5.994307,-1.716129,12.546157,63.889973,0.764152
4100,4.100000,10.673553,6.006737,-1.716129,12.389682,63.141495,0.780972
4101,4.101000,10.515648,6.023082,-1.716129,12.231777,62.178654,0.786872
4102,4.102000,10.356373,6.043264,-1.716129,12.072502,60.851143,0.776652
4103,4.103000,10.195790,6.067186,-1.716129,11.911919,59.134186,0.776902
4104,4.104000,10.033960,6.094720,-1.716129,11.750089,56.863106,0.770672
4105,4.105000,9.870950,6.125703,-1.716129,11.587079,54.511997,0.771492
4106,4.106000,9.706825,6.159959,-1.716129,11.422954,52.146824,0.774662
4107,4.107000,9.541655,6.197309,-1.716129,11.257784,49.605801,0.764282
4108,4.108000,9.375507,6.237570,-1.716129,11.091636,46.416679,0.772572
4109,4.109000,9.208453,6.280519,-1.716129,10.924582,43.561951,0.770202
4110,4.110000,9.040566,6.325944,-1.716129,10.756695,41.685432,0.772032
4111,4.111000,8.871919,6.373698,-1.716129,10.588048,39.172821,0.775192
4112,4.112000,8.702586,6.423611,-1.716129,10.418715,36.106392,0.785542
4113,4.113000,8.532643,6.475480,-1.716129,10.248772,32.962997,0.762002
4114,4.114000,8.362166,6.529084,-1.716129,10.078295,30.070850,0.762182
4115,4.115000,8.191232,6.584218,-1.716129,9.907361,27.010241,0.884471
4116,4.116000,8.019920,6.640670,-1.716129,9.736049,23.879084,0.765703
4117,4.117000,7.848308,6.698225,-1.716129,9.564437,21.566271,0.777502
4118,4.118000,7.676474,6.756714,-1.716129,9.392603,19.097229,0.783283
4119,4.119000,7.504500,6.815972,-1.716129,9.220628,16.612158,0.769232
4120,4.120000,7.332462,6.875833,-1.716129,9.048591,14.423390,0.765403
4121,4.121000,7.160444,6.936150,-1.716129,8.876573,12.204747,0.762452
4122,4.122000,6.988524,6.996776,-1.716129,8.704653,9.634125,0.780493
4123,4.123000,6.816782,7.057544,-1.716129,8.532911,7.596692,0.779252
4124,4.124000,6.645299,7.118311,-1.716129,8.361428,5.614580,0.783052
4125,4.125000,6.474155,7.178948,-1.716129,8.190284,2.831768,0.785822
4126,4.126000,6.303430,7.239278,-1.716129,8.019559,-0.158406,0.771422
4127,4.127000,6.133204,7.299103,-1.716129,7.849333,-2.992342,0.767093
4128,4.128000,5.963556,7.358228,-1.716129,7.679685,-5.637202,0.763402
4129,4.129000,5.794566,7.416470,-1.716129,7.510694,-8.082685,0.960350
4130,4.130000,5.626310,7.473666,-1.716129,7.342439,-10.305013,0.774032
4131,4.131000,5.458868,7.529666,-1.716129,7.174997,-12.368572,0.771082
4132,4.132000,5.292316,7.584338,-1.716129,7.008445,-15.729199,0.773812
4133,4.133000,5.126731,7.637476,-1.716129,6.842859,-19.246933,0.768132
4134,4.134000,4.962188,7.688846,-1.716129,6.678316,-22.437243,0.868732
4135,4.135000,4.798760,7.738228,-1.716129,6.514889,-25.712460,0.787012
4136,4.136000,4.636522,7.785404,-1.716129,6.352651,-29.058191,0.761892
4137,4.137000,4.475546,7.830152,-1.716129,6.191675,-31.855871,0.765013
4138,4.138000,4.315903,7.872283,-1.716129,6.032032,-34.120911,0.770082
4139,4.139000,4.157661,7.911648,-1.716129,5.873790,-35.705288,0.771022
4140,4.140000,4.000888,7.948145,-1.716129,5.717017,-37.225178,0.772292
4141,4.141000,3.845652,7.981691,-1.716129,5.561781,-38.653793,0.798912
4142,4.142000,3.692016,8.012205,-1.716129,5.408145,-39.922081,0.775782
4143,4.143000,3.540044,8.039621,-1.716129,5.256173,-41.130745,0.766353
4144,4.144000,3.389797,8.063872,-1.716129,5.105926,-41.902073,0.761722
4145,4.145000,3.241335,8.084916,-1.716129,4.957464,-42.268620,0.769743
4146,4.146000,3.094716,8.102744,-1.716129,4.810845,-42.563080,0.774472
4147,4.147000,2.949995,8.117350,-1.716129,4.666124,-42.773075,0.788202
4148,4.148000,2.807228,8.128740,-1.716129,4.523357,-42.900192,0.767062
4149,4.149000,2.666466,8.136919,-1.716129,4.382595,-42.972240,0.860792
4150,4.150000,2.527761,8.141898,-1.716129,4.243890,-42.994347,0.785392
4151,4.151000,2.391160,8.143690,-1.716129,4.107289,-42.976421,0.764182
4152,4.152000,2.256711,8.142309,-1.716129,3.972840,-42.880486,0.779892
4153,4.153000,2.124459,8.137774,-1.716129,3.840588,-42.696602,0.970130
4154,4.154000,1.994447,8.130110,-1.716129,3.710576,-42.470230,0.775352
4155,4.155000,1.866717,8.119343,-1.716129,3.582846,-42.214729,0.776022
4156,4.156000,1.741306,8.105504,-1.716129,3.457435,-41.983620,0.777092
4157,4.157000,1.618254,8.088621,-1.716129,3.334383,-41.819420,0.770082
4158,4.158000,1.497595,8.068716,-1.716129,3.213724,-41.691338,0.781963
4159,4.159000,1.379363,8.045810,-1.716129,3.095492,-41.627991,0.779152
4160,4.160000,1.263589,8.019918,-1.716129,2.979718,-41.709808,0.759513
4161,4.161000,1.150304,7.991046,-1.716129,2.866433,-41.949963,0.767042
4162,4.162000,1.039535,7.959187,-1.716129,2.755664,-42.260513,0.766563
4163,4.163000,0.931309,7.924331,-1.716129,2.647438,-42.475677,0.777662
4164,4.164000,0.825648,7.886469,-1.716129,2.541777,-42.605495,0.800212
4165,4.165000,0.722576,7.845600,-1.716129,2.438705,-42.904251,0.787702
4166,4.166000,0.622112,7.801717,-1.716129,2.338241,-43.380630,0.773192
4167,4.167000,0.524273,7.754798,-1.716129,2.240402,-43.789711,0.758603
4168,4.168000,0.429078,7.704824,-1.716129,2.145206,-44.085434,0.945540
4169,4.169000,0.336538,7.651783,-1.716129,2.052667,-44.265079,0.769842
4170,4.170000,0.246667,7.595673,-1.716129,1.962795,-44.329903,0.789972
4171,4.171000,0.159474,7.536500,-1.716129,1.875602,-44.282883,0.772282
4172,4.172000,0.074967,7.474277,-1.716129,1.791096,-44.182823,0.933251
4173,4.173000,-0.006848,7.409026,-1.716129,1.709281,-44.014565,0.770942
4174,4.174000,-0.085966,7.340768,-1.716129,1.630163,-43.751488,0.774253
4175,4.175000,-0.162386,7.269535,-1.716129,1.553743,-43.430096,0.768922
4176,4.176000,-0.236108,7.195361,-1.716129,1.480021,-43.108864,0.772303
4177,4.177000,-0.307134,7.118281,-1.716129,1.408995,-42.850342,0.776302
4178,4.178000,-0.375468,7.038327,-1.716129,1.340661,-42.682816,0.786042
4179,4.179000,-0.441115,6.955521,-1.716129,1.275014,-42.441204,0.772512
4180,4.180000,-0.504084,6.869890,-1.716129,1.212045,-42.152966,0.778822
4181,4.181000,-0.564385,6.781465,-1.716129,1.151744,-41.816048,0.782862
4182,4.182000,-0.622029,6.690277,-1.716129,1.094100,-41.381252,0.769442
4183,4.183000,-0.677030,6.596367,-1.716129,1.039099,-40.945206,0.767133
4184,4.184000,-0.729403,6.499775,-1.716129,0.986725,-40.488266,0.768682
4185,4.185000,-0.779167,6.400543,-1.716129,0.936962,-39.996841,0.771542
4186,4.186000,-0.826339,6.298717,-1.716129,0.889790,-39.459023,0.771352
4187,4.187000,-0.870942,6.194341,-1.716129,0.845187,-38.908028,0.777083
4188,4.188000,-0.912997,6.087465,-1.716129,0.803132,-38.436848,0.775902
4189,4.189000,-0.952530,5.978132,-1.716129,0.763598,-38.058727,0.764903
4190,4.190000,-0.989568,5.866378,-1.716129,0.726561,-37.785004,0.760112
4191,4.191000,-1.024137,5.752232,-1.716129,0.691992,-37.514538,0.769182
4192,4.192000,-1.056268,5.635720,-1.716129,0.659861,-37.276726,0.769822
4193,4.193000,-1.085993,5.516866,-1.716129,0.630136,-36.981209,0.782062
4194,4.194000,-1.113344,5.395698,-1.716129,0.602785,-36.602325,0.780182
4195,4.195000,-1.138357,5.272249,-1.716129,0.577772,-36.060810,0.783323
4196,4.196000,-1.161067,5.146562,-1.716129,0.555062,-35.395496,0.769472
4197,4.197000,-1.181514,5.018692,-1.716129,0.534615,-34.640320,0.761873
4198,4.198000,-1.199735,4.888699,-1.716129,0.516394,-33.836044,0.770082
4199,4.199000,-1.215773,4.756648,-1.716129,0.500356,-33.083359,0.790172
4200,4.200000,-1.229670,4.622601,-1.716129,0.486458,-32.359459,0.778172
4201,4.201000,-1.241471,4.486616,-1.716129,0.474658,-31.598330,0.772972
4202,4.202000,-1.251220,4.348755,-1.716129,0.464909,-30.958124,0.767512
4203,4.203000,-1.258964,4.209069,-1.716129,0.457165,-30.225834,0.765583
4204,4.204000,-1.264751,4.067614,-1.716129,0.451377,-29.357288,0.769972
4205,4.205000,-1.268632,3.924454,-1.716129,0.447497,-28.423834,0.781272
4206,4.206000,-1.270657,3.779661,-1.716129,0.445472,-27.605047,0.913551
4207,4.207000,-1.270877,3.633298,-1.716129,0.445252,-26.640055,0.771102
4208,4.208000,-1.269346,3.485436,-1.716129,0.446783,-25.261358,0.771432
4209,4.209000,-1.266118,3.336173,-1.716129,0.450011,-23.363073,0.766472
4210,4.210000,-1.261249,3.185638,-1.716129,0.454880,-21.329874,0.854672
4211,4.211000,-1.254795,3.033981,-1.716129,0.461334,-19.227621,0.773362
4212,4.212000,-1.246813,2.881354,-1.716129,0.469316,-17.216881,0.765293
4213,4.213000,-1.237361,2.727906,-1.716129,0.478768,-15.713531,0.777802
4214,4.214000,-1.226499,2.573753,-1.716129,0.489630,-14.372258,0.762423
4215,4.215000,-1.214286,2.418990,-1.716129,0.501843,-12.955659,0.772612
4216,4.216000,-1.200782,2.263714,-1.716129,0.515347,-11.537509,0.775513
4217,4.217000,-1.186049,2.108021,-1.716129,0.530080,-10.110255,0.779032
4218,4.218000,-1.170148,1.952008,-1.716129,0.545981,-8.679105,0.772272
4219,4.219000,-1.153141,1.795774,-1.716129,0.562988,-6.917468,0.760562
4220,4.220000,-1.135092,1.639436,-1.716129,0.581037,-4.988676,0.765933
4221,4.221000,-1.116062,1.483125,-1.716129,0.600067,-2.811205,0.773962
4222,4.222000,-1.096115,1.326990,-1.716129,0.620014,-0.507414,0.781362
4223,4.223000,-1.075314,1.171191,-1.716129,0.640815,1.699397,0.776542
4224,4.224000,-1.053724,1.015882,-1.716129,0.662405,3.929363,0.767232
4225,4.225000,-1.031408,0.861218,-1.716129,0.684721,6.053506,0.766852
4226,4.226000,-1.008430,0.707346,-1.716129,0.707699,8.084835,0.863602
4227,4.227000,-0.984853,0.554404,-1.716129,0.731276,10.035203,0.791602
4228,4.228000,-0.960742,0.402523,-1.716129,0.755387,12.262506,0.784062
4229,4.229000,-0.936159,0.251849,-1.716129,0.779970,14.611960,0.782673
4230,4.230000,-0.911167,0.102537,-1.716129,0.804962,17.136389,0.895481
4231,4.231000,-0.885830,-0.045244,-1.716129,0.830299,19.586248,0.771492
4232,4.232000,-0.860210,-0.191329,-1.716129,0.855919,21.770555,0.772292
4233,4.233000,-0.834368,-0.335569,-1.716129,0.881761,25.135382,0.768132
4234,4.234000,-0.808366,-0.477750,-1.716129,0.907763,28.428825,0.777313
4235,4.235000,-0.782263,-0.617651,-1.716129,0.933865,31.587137,0.776162
4236,4.236000,-0.756121,-0.755054,-1.716129,0.960008,34.509430,0.778223
4237,4.237000,-0.729998,-0.889759,-1.716129,0.986131,37.753853,0.768902
4238,4.238000,-0.703951,-1.021555,-1.716129,1.012178,40.247246,0.770093
4239,4.239000,-0.678037,-1.150270,-1.716129,1.038092,43.104496,0.765312
4240,4.240000,-0.652312,-1.275723,-1.716129,1.063817,47.551262,0.778123
4241,4.241000,-0.626830,-1.397640,-1.716129,1.089299,51.542915,0.775282
4242,4.242000,-0.601644,-1.515747,-1.716129,1.114485,55.150742,0.771783
4243,4.243000,-0.576805,-1.629797,-1.716129,1.139323,57.989273,0.792072
4244,4.244000,-0.552364,-1.739596,-1.716129,1.163764,60.079979,0.771592
4245,4.245000,-0.528369,-1.845007,-1.716129,1.187760,61.582012,0.777403
4246,4.246000,-0.504866,-1.945941,-1.716129,1.211263,62.789246,0.816752
4247,4.247000,-0.481899,-2.042337,-1.716129,1.234230,63.726051,0.777082
4248,4.248000,-0.459512,-2.134152,-1.716129,1.256617,64.413536,0.779123
4249,4.249000,-0.437745,-2.221361,-1.716129,1.278384,64.896431,0.965560
4250,4.250000,-0.416638,-2.303951,-1.716129,1.299491,65.125031,0.775753
4251,4.251000,-0.396228,-2.381924,-1.716129,1.319901,65.095467,0.774652
4252,4.252000,-0.376549,-2.455299,-1.716129,1.339580,64.863335,0.796372
4253,4.253000,-0.357636,-2.524110,-1.716129,1.358493,64.421318,0.782313
4254,4.254000,-0.339520,-2.588402,-1.716129,1.376609,63.780163,0.775952
4255,4.255000,-0.322229,-2.648236,-1.716129,1.393899,62.890648,0.775982
4256,4.256000,-0.305793,-2.703686,-1.716129,1.410336,61.730171,0.763332
4257,4.257000,-0.290236,-2.754844,-1.716129,1.425892,60.302589,0.770602
4258,4.258000,-0.275583,-2.801822,-1.716129,1.440546,58.471416,0.784742
4259,4.259000,-0.261855,-2.844757,-1.716129,1.454274,56.851105,0.777192
4260,4.260000,-0.249073,-2.883778,-1.716129,1.467056,55.871723,0.788863
4261,4.261000,-0.237255,-2.918973,-1.716129,1.478873,55.348305,0.772612
4262,4.262000,-0.226419,-2.950392,-1.716129,1.489710,55.813377,0.768643
4263,4.263000,-0.216578,-2.978019,-1.716129,1.499551,56.459660,0.784472
4264,4.264000,-0.207747,-3.001812,-1.716129,1.508382,57.191658,1.322047
4265,4.265000,-0.199937,-3.021718,-1.716129,1.516192,58.463608,0.783252
4266,4.266000,-0.193158,-3.037656,-1.716129,1.522971,59.874283,0.793492
4267,4.267000,-0.187418,-3.049531,-1.716129,1.528711,61.221382,1.049119
4268,4.268000,-0.182724,-3.057251,-1.716129,1.533405,62.197628,0.824591
4269,4.269000,-0.179079,-3.060748,-1.716129,1.537050,62.439953,0.775843
4270,4.270000,-0.176487,-3.060006,-1.716129,1.539642,62.102951,0.769642
4271,4.271000,-0.174947,-3.055054,-1.716129,1.541182,61.583260,0.774433
4272,4.272000,-0.174459,-3.045943,-1.716129,1.541670,60.943699,0.770432
4273,4.273000,-0.175020,-3.032735,-1.716129,1.541109,59.886238,0.774863
4274,4.274000,-0.176624,-3.015516,-1.716129,1.539505,57.936832,0.801042
4275,4.275000,-0.179265,-2.994426,-1.716129,1.536864,54.723511,0.779782
4276,4.276000,-0.182934,-2.969691,-1.716129,1.533195,50.355255,0.772323
4277,4.277000,-0.187620,-2.941621,-1.716129,1.528509,45.525459,0.760242
4278,4.278000,-0.193313,-2.910569,-1.716129,1.522816,41.880768,0.773082
4279,4.279000,-0.199999,-2.876825,-1.716129,1.516130,39.406700,0.789042
4280,4.280000,-0.207663,-2.840588,-1.716129,1.508466,37.331314,0.786943
4281,4.281000,-0.216289,-2.802010,-1.716129,1.499840,35.367561,0.795072
4282,4.282000,-0.225861,-2.761222,-1.716129,1.490268,33.367825,1.099369
4283,4.283000,-0.236361,-2.718356,-1.716129,1.479768,31.737635,0.865852
4284,4.284000,-0.247769,-2.673524,-1.716129,1.468360,29.803999,0.774862
4285,4.285000,-0.260065,-2.626851,-1.716129,1.456064,27.826878,0.775993
4286,4.286000,-0.273229,-2.578469,-1.716129,1.442900,25.943655,0.865391
4287,4.287000,-0.287237,-2.528510,-1.716129,1.428892,24.214376,0.852762
4288,4.288000,-0.302068,-2.477094,-1.716129,1.414061,22.723898,0.764802
4289,4.289000,-0.317697,-2.424325,-1.716129,1.398432,21.344931,0.771862
4290,4.290000,-0.334100,-2.370299,-1.716129,1.382029,20.036346,0.772202
4291,4.291000,-0.351252,-2.315104,-1.716129,1.364877,19.019466,0.781952
4292,4.292000,-0.369127,-2.258810,-1.716129,1.347002,17.991896,0.787022
4293,4.293000,-0.387698,-2.201487,-1.716129,1.328431,16.929026,0.778932
4294,4.294000,-0.406938,-2.143204,-1.716129,1.309191,15.834119,0.764442
4295,4.295000,-0.426820,-2.084035,-1.716129,1.289309,14.650033,0.758823
4296,4.296000,-0.447315,-2.024059,-1.716129,1.268814,13.297017,0.770382
4297,4.297000,-0.468395,-1.963368,-1.716129,1.247734,11.713677,0.792112
4298,4.298000,-0.490030,-1.902070,-1.716129,1.226099,10.314844,0.779782
4299,4.299000,-0.512191,-1.840264,-1.716129,1.203938,9.350244,0.801022
4300,4.300000,-0.534848,-1.778024,-1.716129,1.181281,8.052617,0.774513
4301,4.301000,-0.557970,-1.715434,-1.716129,1.158159,6.990633,0.984330
4302,4.302000,-0.581527,-1.652570,-1.716129,1.134602,6.001764,0.871161
4303,4.303000,-0.605489,-1.589497,-1.716129,1.110640,4.990181,0.785872
4304,4.304000,-0.629823,-1.526284,-1.716129,1.086306,3.731328,0.918181
4305,4.305000,-0.654499,-1.463013,-1.716129,1.061630,2.270145,0.900151
4306,4.306000,-0.679485,-1.399779,-1.716129,1.036643,0.930610,0.897331
4307,4.307000,-0.704751,-1.336678,-1.716129,1.011378,-0.238557,0.766623
4308,4.308000,-0.730264,-1.273791,-1.716129,0.985865,-1.410553,0.781352
4309,4.309000,-0.755993,-1.211197,-1.716129,0.960136,-2.556386,0.780623
4310,4.310000,-0.781907,-1.148974,-1.716129,0.934222,-3.693644,0.776632
4311,4.311000,-0.807974,-1.087197,-1.716129,0.908155,-4.827893,0.781882
4312,4.312000,-0.834162,-1.025941,-1.716129,0.881966,-5.970061,0.773292
4313,4.313000,-0.860442,-0.965282,-1.716129,0.855687,-7.117345,0.771562
4314,4.314000,-0.886781,-0.905294,-1.716129,0.829348,-8.225472,0.776872
4315,4.315000,-0.913149,-0.846052,-1.716129,0.802979,-9.242893,0.780652
4316,4.316000,-0.939516,-0.787624,-1.716129,0.776612,-10.394639,0.773883
4317,4.317000,-0.965852,-0.730082,-1.716129,0.750277,-11.567731,0.776242
4318,4.318000,-0.992126,-0.673505,-1.716129,0.724003,-12.959126,0.776913
4319,4.319000,-1.018309,-0.617981,-1.716129,0.697820,-14.432233,0.769502
4320,4.320000,-1.044372,-0.563608,-1.716129,0.671757,-15.714905,1.108019
4321,4.321000,-1.070287,-0.510475,-1.716129,0.645842,-16.849833,0.773952
4322,4.322000,-1.096025,-0.458657,-1.716129,0.620104,-17.780546,0.770692
4323,4.323000,-1.121559,-0.408215,-1.716129,0.594570,-18.663244,1.077000
4324,4.324000,-1.146862,-0.359206,-1.716129,0.569267,-19.486944,0.906061
4325,4.325000,-1.171907,-0.311678,-1.716129,0.544222,-20.256792,0.795432
4326,4.326000,-1.196669,-0.265678,-1.716129,0.519459,-21.030165,0.775473
4327,4.327000,-1.221123,-0.221252,-1.716129,0.495006,-21.790190,0.765752
4328,4.328000,-1.245244,-0.178446,-1.716129,0.470885,-22.461426,0.777753
4329,4.329000,-1.269009,-0.137301,-1.716129,0.447120,-23.096270,0.778362
4330,4.330000,-1.292394,-0.097854,-1.716129,0.423735,-23.653406,0.781602
4331,4.331000,-1.315377,-0.060138,-1.716129,0.400752,-24.173716,0.792502
4332,4.332000,-1.337937,-0.024182,-1.716129,0.378192,-24.835726,0.776852
4333,4.333000,-1.360053,0.009976,-1.716129,0.356076,-25.577057,0.770012
4334,4.334000,-1.381705,0.042291,-1.716129,0.334424,-26.251377,0.765352
4335,4.335000,-1.402874,0.072723,-1.716129,0.313255,-26.919180,0.774843
4336,4.336000,-1.423542,0.101231,-1.716129,0.292587,-27.472448,0.773562
4337,4.337000,-1.443691,0.127780,-1.716129,0.272438,-27.849016,0.793872
4338,4.338000,-1.463305,0.152348,-1.716129,0.252823,-28.094141,1.069340
4339,4.339000,-1.482369,0.174926,-1.716129,0.233760,-28.216745,0.861361
4340,4.340000,-1.500868,0.195509,-1.716129,0.215261,-28.267828,0.777952
4341,4.341000,-1.518787,0.214104,-1.716129,0.197342,-28.280592,0.943011
4342,4.342000,-1.536115,0.230716,-1.716129,0.180014,-28.240450,0.965020
4343,4.343000,-1.552839,0.245355,-1.716129,0.163290,-28.159044,1.011140
4344,4.344000,-1.568948,0.258034,-1.716129,0.147181,-28.130182,0.777333
4345,4.345000,-1.584433,0.268763,-1.716129,0.131696,-28.056274,0.776892
4346,4.346000,-1.599283,0.277552,-1.716129,0.116845,-27.845484,0.777483
4347,4.347000,-1.613492,0.284420,-1.716129,0.102637,-27.573580,0.770492
4348,4.348000,-1.627051,0.289392,-1.716129,0.089078,-27.323862,0.782132
4349,4.349000,-1.639954,0.292491,-1.716129,0.076175,-26.988680,0.792222
4350,4.350000,-1.652196,0.293745,-1.716129,0.063933,-26.632780,0.774242
4351,4.351000,-1.663772,0.293185,-1.716129,0.052357,-26.214491,0.777213
4352,4.352000,-1.674679,0.290843,-1.716129,0.041450,-26.183634,0.770452
4353,4.353000,-1.684912,0.286733,-1.716129,0.031217,-26.190557,0.777473
4354,4.354000,-1.694472,0.280858,-1.716129,0.021657,-25.996199,0.772542
4355,4.355000,-1.703356,0.273232,-1.716129,0.012773,-25.700617,0.771843
4356,4.356000,-1.711564,0.263877,-1.716129,0.004565,-25.524393,0.774322
4357,4.357000,-1.719097,0.252812,-1.716129,-0.002968,-25.499506,0.933191
4358,4.358000,-1.725956,0.240045,-1.716129,-0.009827,-25.298046,0.876521
4359,4.359000,-1.732144,0.225590,-1.716129,-0.016015,-24.968079,0.786513
4360,4.360000,-1.737664,0.209474,-1.716129,-0.021535,-24.603025,0.993070
4361,4.361000,-1.742519,0.191726,-1.716129,-0.026390,-24.254976,0.777612
4362,4.362000,-1.746715,0.172375,-1.716129,-0.030587,-23.910982,0.776902
4363,4.363000,-1.750258,0.151451,-1.716129,-0.034129,-23.675894,0.776422
4364,4.364000,-1.753153,0.128974,-1.716129,-0.037024,-23.457926,0.765343
4365,4.365000,-1.755407,0.104964,-1.716129,-0.039279,-23.169588,0.781912
4366,4.366000,-1.757030,0.079444,-1.716129,-0.040901,-23.154165,0.774073
4367,4.367000,-1.758029,0.052421,-1.716129,-0.041900,-23.090666,0.786682
4368,4.368000,-1.758414,0.023901,-1.716129,-0.042285,-22.962519,0.779602
4369,4.369000,-1.758196,-0.006104,-1.716129,-0.042067,-22.746277,0.783142
4370,4.370000,-1.757384,-0.037577,-1.716129,-0.041256,-22.466311,0.795912
4371,4.371000,-1.755992,-0.070498,-1.716129,-0.039863,-22.129427,0.784222
4372,4.372000,-1.754031,-0.104838,-1.716129,-0.037902,-21.646627,0.772063
4373,4.373000,-1.751514,-0.140562,-1.716129,-0.035386,-21.089296,0.773362
4374,4.374000,-1.748456,-0.177627,-1.716129,-0.032327,-20.453457,0.802933
4375,4.375000,-1.744871,-0.215986,-1.716129,-0.028742,-19.714445,1.101949
4376,4.376000,-1.740774,-0.255584,-1.716129,-0.024645,-18.863100,0.870691
4377,4.377000,-1.736181,-0.296358,-1.716129,-0.020052,-17.987692,0.787962
4378,4.378000,-1.731107,-0.338244,-1.716129,-0.014978,-17.084209,0.948080
4379,4.379000,-1.725571,-0.381176,-1.716129,-0.009443,-16.203154,1.110299
4380,4.380000,-1.719590,-0.425089,-1.716129,-0.003461,-15.549986,0.786722
4381,4.381000,-1.713181,-0.469932,-1.716129,0.002948,-14.879792,0.783422
4382,4.382000,-1.706364,-0.515658,-1.716129,0.009765,-14.176766,0.795022
4383,4.383000,-1.699156,-0.562219,-1.716129,0.016973,-13.542563,0.778263
4384,4.384000,-1.691578,-0.609570,-1.716129,0.024551,-12.858241,0.785232
4385,4.385000,-1.683649,-0.657662,-1.716129,0.032480,-12.145763,0.786623
4386,4.386000,-1.675390,-0.706448,-1.716129,0.040739,-11.426064,0.771212
4387,4.387000,-1.666820,-0.755877,-1.716129,0.049309,-10.691023,0.783422
4388,4.388000,-1.657961,-0.805897,-1.716129,0.058168,-9.935733,0.780883
4389,4.389000,-1.648834,-0.856457,-1.716129,0.067295,-9.188039,0.776842
4390,4.390000,-1.639461,-0.907503,-1.716129,0.076668,-8.543643,0.795932
4391,4.391000,-1.629862,-0.958990,-1.716129,0.086266,-7.877522,0.776743
4392,4.392000,-1.620061,-1.010871,-1.716129,0.096068,-7.047714,0.785752
4393,4.393000,-1.610079,-1.063093,-1.716129,0.106050,-6.022625,0.773682
4394,4.394000,-1.599939,-1.115587,-1.716129,0.116190,-4.993535,0.858512
4395,4.395000,-1.589663,-1.168280,-1.716129,0.126466,-3.900786,0.763572
4396,4.396000,-1.579274,-1.221098,-1.716129,0.136855,-2.734666,0.772022
4397,4.397000,-1.568794,-1.273959,-1.716129,0.147335,-1.481955,0.770672
4398,4.398000,-1.558247,-1.326778,-1.716129,0.157882,-0.261890,0.791532
4399,4.399000,-1.547655,-1.379471,-1.716129,0.168474,0.937850,0.789312
4400,4.400000,-1.537040,-1.431954,-1.716129,0.179089,1.999364,0.775223
4401,4.401000,-1.526426,-1.484154,-1.716129,0.189703,2.987936,0.770642
4402,4.402000,-1.515836,-1.536005,-1.716129,0.200293,4.022158,0.768422
4403,4.403000,-1.505290,-1.587438,-1.716129,0.210839,5.047698,0.775102
4404,4.404000,-1.494813,-1.638388,-1.716129,0.221316,6.079053,0.783462
4405,4.405000,-1.484425,-1.688785,-1.716129,0.231704,7.224669,0.792382
4406,4.406000,-1.474149,-1.738556,-1.716129,0.241980,8.238679,0.777002
4407,4.407000,-1.464006,-1.787633,-1.716129,0.252122,9.200970,0.770633
4408,4.408000,-1.454018,-1.835951,-1.716129,0.262111,10.326064,0.761402
4409,4.409000,-1.444206,-1.883440,-1.716129,0.271923,11.685822,0.769003
4410,4.410000,-1.434589,-1.930011,-1.716129,0.281540,13.141001,0.777322
4411,4.411000,-1.425189,-1.975569,-1.716129,0.290940,14.891942,0.781022
4412,4.412000,-1.416025,-2.019998,-1.716129,0.300104,16.703264,0.784682
4413,4.413000,-1.407116,-2.063175,-1.716129,0.309013,18.347248,0.794782
4414,4.414000,-1.398481,-2.104988,-1.716129,0.317648,19.867739,0.778162
4415,4.415000,-1.390138,-2.145333,-1.716129,0.325991,21.300095,0.761892
4416,4.416000,-1.382104,-2.184115,-1.716129,0.334024,22.863420,0.770473
4417,4.417000,-1.374398,-2.221235,-1.716129,0.341731,24.623972,0.971260
4418,4.418000,-1.367033,-2.256581,-1.716129,0.349096,26.198725,0.771823
4419,4.419000,-1.360027,-2.290047,-1.716129,0.356102,27.605949,0.773592
4420,4.420000,-1.353393,-2.321541,-1.716129,0.362736,29.034807,0.776962
4421,4.421000,-1.347145,-2.350973,-1.716129,0.368984,30.258600,0.792252
4422,4.422000,-1.341296,-2.378265,-1.716129,0.374833,31.635206,0.779852
4423,4.423000,-1.335858,-2.403332,-1.716129,0.380271,32.811131,0.780173
4424,4.424000,-1.330842,-2.426099,-1.716129,0.385287,34.060692,0.773362
4425,4.425000,-1.326257,-2.446492,-1.716129,0.389872,35.293270,0.771173
4426,4.426000,-1.322113,-2.464433,-1.716129,0.394016,36.356415,0.770552
4427,4.427000,-1.318418,-2.479855,-1.716129,0.397711,37.346542,0.774583
4428,4.428000,-1.315178,-2.492700,-1.716129,0.400951,38.070950,0.792122
4429,4.429000,-1.312400,-2.502923,-1.716129,0.403729,38.400898,0.781932
4430,4.430000,-1.310087,-2.510508,-1.716129,0.406042,38.456055,0.768603
4431,4.431000,-1.308244,-2.515460,-1.716129,0.407885,38.129005,0.760032
4432,4.432000,-1.306873,-2.517809,-1.716129,0.409256,37.675293,0.766412
4433,4.433000,-1.305975,-2.517600,-1.716129,0.410154,37.085644,0.768242
4434,4.434000,-1.305551,-2.514884,-1.716129,0.410578,36.240997,0.787162
4435,4.435000,-1.305599,-2.509730,-1.716129,0.410530,35.079163,0.782062
4436,4.436000,-1.306118,-2.502223,-1.716129,0.410011,33.857048,0.772473
4437,4.437000,-1.307104,-2.492460,-1.716129,0.409025,32.597717,0.860351
4438,4.438000,-1.308555,-2.480537,-1.716129,0.407574,31.174402,0.760992
4439,4.439000,-1.310464,-2.466558,-1.716129,0.405664,29.436071,0.759533
4440,4.440000,-1.312827,-2.450647,-1.716129,0.403301,27.537813,0.782432
4441,4.441000,-1.315637,-2.432941,-1.716129,0.400492,25.667673,0.774562
4442,4.442000,-1.318886,-2.413575,-1.716129,0.397242,23.663111,0.772652
4443,4.443000,-1.322567,-2.392692,-1.716129,0.393562,21.680662,0.797872
4444,4.444000,-1.326670,-2.370434,-1.716129,0.389459,20.212683,0.775323
4445,4.445000,-1.331186,-2.346911,-1.716129,0.384943,18.727987,0.768542
4446,4.446000,-1.336104,-2.322226,-1.716129,0.380025,17.359869,0.777502
4447,4.447000,-1.341415,-2.296472,-1.716129,0.374714,16.121111,0.775482
4448,4.448000,-1.347107,-2.269735,-1.716129,0.369022,14.901475,0.773332
4449,4.449000,-1.353168,-2.242097,-1.716129,0.362961,13.698836,0.775832
4450,4.450000,-1.359587,-2.213637,-1.716129,0.356542,12.630525,0.772722
4451,4.451000,-1.366350,-2.184429,-1.716129,0.349779,11.598693,0.956191
4452,4.452000,-1.373446,-2.154542,-1.716129,0.342683,10.684018,0.785622
4453,4.453000,-1.380859,-2.124040,-1.716129,0.335269,10.123189,0.763973
4454,4.454000,-1.388578,-2.092961,-1.716129,0.327551,9.468217,0.764992
4455,4.455000,-1.396588,-2.061347,-1.716129,0.319541,8.693344,0.773152
4456,4.456000,-1.404875,-2.029247,-1.716129,0.311254,7.864903,0.935201
4457,4.457000,-1.413424,-1.996715,-1.716129,0.302704,7.032681,0.799902
4458,4.458000,-1.422221,-1.963807,-1.716129,0.293908,6.226927,0.791162
4459,4.459000,-1.431251,-1.930580,-1.716129,0.284878,5.424854,0.776733
4460,4.460000,-1.440498,-1.897088,-1.716129,0.275631,4.622649,0.774092
4461,4.461000,-1.449948,-1.863387,-1.716129,0.266181,3.672416,0.773293
4462,4.462000,-1.459584,-1.829538,-1.716129,0.256544,2.886225,0.778072
4463,4.463000,-1.469392,-1.795598,-1.716129,0.246737,2.244166,0.785592
4464,4.464000,-1.479355,-1.761612,-1.716129,0.236773,1.626238,0.772593
4465,4.465000,-1.489459,-1.727621,-1.716129,0.226670,1.032728,0.767262
4466,4.466000,-1.499686,-1.693665,-1.716129,0.216443,0.458809,0.775513
4467,4.467000,-1.510022,-1.659780,-1.716129,0.206107,-0.037102,0.788572
4468,4.468000,-1.520450,-1.626000,-1.716129,0.195679,-0.557555,0.773602
4469,4.469000,-1.530955,-1.592357,-1.716129,0.185174,-1.072802,0.763062
4470,4.470000,-1.541521,-1.558886,-1.716129,0.174608,-1.594417,0.947821
4471,4.471000,-1.552132,-1.525620,-1.716129,0.163997,-2.088381,0.764612
4472,4.472000,-1.562772,-1.492593,-1.716129,0.153357,-2.582537,0.771332
4473,4.473000,-1.573426,-1.459835,-1.716129,0.142703,-3.059218,0.769412
4474,4.474000,-1.584079,-1.427380,-1.716129,0.132050,-3.560510,0.795752
4475,4.475000,-1.594714,-1.395258,-1.716129,0.121415,-4.087182,0.946760
4476,4.476000,-1.605317,-1.363505,-1.716129,0.110812,-4.608394,0.776863
4477,4.477000,-1.615873,-1.332155,-1.716129,0.100256,-5.127268,0.769092
4478,4.478000,-1.626366,-1.301242,-1.716129,0.089763,-5.607982,0.758413
4479,4.479000,-1.636782,-1.270797,-1.716129,0.079347,-6.098886,0.757832
4480,4.480000,-1.647106,-1.240854,-1.716129,0.069023,-6.602067,0.776882
4481,4.481000,-1.657324,-1.211443,-1.716129,0.058805,-7.103431,0.776512
4482,4.482000,-1.667421,-1.182598,-1.716129,0.048707,-7.598889,0.789342
4483,4.483000,-1.677385,-1.154351,-1.716129,0.038744,-8.088309,0.770892
4484,4.484000,-1.687200,-1.126732,-1.716129,0.028929,-8.586530,0.769623
4485,4.485000,-1.696854,-1.099775,-1.716129,0.019275,-9.148980,0.760612
4486,4.486000,-1.706334,-1.073514,-1.716129,0.009795,-9.695889,0.780623
4487,4.487000,-1.715626,-1.047985,-1.716129,0.000503,-10.230337,0.777132
4488,4.488000,-1.724719,-1.023223,-1.716129,-0.008590,-10.745845,0.775413
4489,4.489000,-1.733601,-0.999261,-1.716129,-0.017472,-11.219239,0.780812
4490,4.490000,-1.742259,-0.976129,-1.716129,-0.026130,-11.646903,0.857852
4491,4.491000,-1.750682,-0.953855,-1.716129,-0.034553,-12.050654,0.767382
4492,4.492000,-1.758860,-0.932462,-1.716129,-0.042731,-12.432590,0.766803
4493,4.493000,-1.766781,-0.911975,-1.716129,-0.050653,-12.833305,0.772562
4494,4.494000,-1.774437,-0.892416,-1.716129,-0.058308,-13.268268,0.797862
4495,4.495000,-1.781816,-0.873811,-1.716129,-0.065687,-13.645040,0.768912
4496,4.496000,-1.788910,-0.856185,-1.716129,-0.072781,-13.985974,0.772462
4497,4.497000,-1.795710,-0.839557,-1.716129,-0.079581,-14.316127,0.771882
4498,4.498000,-1.802208,-0.823947,-1.716129,-0.086079,-14.624797,0.776942
4499,4.499000,-1.808395,-0.809373,-1.716129,-0.092266,-14.956990,0.766453
4500,4.500000,-1.814264,-0.795853,-9.709423,7.895159,-78.861046,0.767222
4501,4.501000,-1.819809,-0.787049,-9.709423,7.889614,-109.188431,0.775232
4502,4.502000,-1.825025,-0.785642,-9.709423,7.884398,-110.082253,0.768542
4503,4.503000,-1.829908,-0.792259,-9.709423,7.879515,-110.162239,0.780812
4504,4.504000,-1.834460,-0.806895,-9.709423,7.874963,-110.158737,0.783622
4505,4.505000,-1.838685,-0.829397,-9.709423,7.870738,-110.101669,0.785793
4506,4.506000,-1.842589,-0.859609,-9.709423,7.866834,-109.707497,0.771442
4507,4.507000,-1.846182,-0.897384,-9.709423,7.863241,-106.740410,0.758532
4508,4.508000,-1.849476,-0.942451,-9.709423,7.859946,-92.256844,0.769692
4509,4.509000,-1.852488,-0.993869,-9.709423,7.856935,-68.655411,0.768943
4510,4.510000,-1.855234,-1.050013,-9.709423,7.854189,-59.820648,0.782442
4511,4.511000,-1.857734,-1.109963,-9.709423,7.851689,-55.764771,0.781542
4512,4.512000,-1.860008,-1.173299,-9.709423,7.849415,-53.090839,0.768712
4513,4.513000,-1.862080,-1.239824,-9.709423,7.847343,-51.088577,0.838972
4514,4.514000,-1.863973,-1.309433,-9.709423,7.845450,-49.699326,0.763122
4515,4.515000,-1.865711,-1.382066,-9.709423,7.843712,-48.460373,0.769532
4516,4.516000,-1.867320,-1.457675,-9.709423,7.842103,-47.301773,0.780002
4517,4.517000,-1.868827,-1.536209,-9.709423,7.840596,-46.116287,0.776843
4518,4.518000,-1.870260,-1.617608,-9.709423,7.839163,-44.981125,0.770512
4519,4.519000,-1.871648,-1.701809,-9.709423,7.837775,-43.873459,0.764173
4520,4.520000,-1.873022,-1.788743,-9.709423,7.836401,-42.358147,0.768232
4521,4.521000,-1.874413,-1.878315,-9.709423,7.835010,-40.509262,0.762953
4522,4.522000,-1.875852,-1.970405,-9.709423,7.833571,-38.968971,0.781892
4523,4.523000,-1.877372,-2.064899,-9.709423,7.832051,-37.635658,0.766323
4524,4.524000,-1.879009,-2.161702,-9.709423,7.830414,-36.380661,0.763362
4525,4.525000,-1.880795,-2.260724,-9.709423,7.828628,-34.896111,0.773663
4526,4.526000,-1.882767,-2.361867,-9.709423,7.826656,-33.372635,0.769862
4527,4.527000,-1.884960,-2.465026,-9.709423,7.824463,-31.943865,0.764673
4528,4.528000,-1.887412,-2.570099,-9.709423,7.822011,-30.532394,0.911981
4529,4.529000,-1.890159,-2.676990,-9.709423,7.819264,-29.071129,0.769282
4530,4.530000,-1.893240,-2.785596,-9.709423,7.816182,-27.642881,0.772023
4531,4.531000,-1.896694,-2.895820,-9.709423,7.812729,-26.154818,0.773442
4532,4.532000,-1.900558,-3.007559,-9.709423,7.808865,-24.553072,0.964481
4533,4.533000,-1.904873,-3.120704,-9.709423,7.804550,-22.880793,0.790872
4534,4.534000,-1.909678,-3.235142,-9.709423,7.799745,-21.575722,0.784353
4535,4.535000,-1.915013,-3.350777,-9.709423,7.794410,-20.309189,0.770592
4536,4.536000,-1.920918,-3.467523,-9.709423,7.788505,-19.058149,0.769643
4537,4.537000,-1.927434,-3.585296,-9.709423,7.781989,-17.804171,0.763292
4538,4.538000,-1.934602,-3.704014,-9.709423,7.774821,-16.294432,0.767783
4539,4.539000,-1.942461,-3.823577,-9.709423,7.766962,-14.383376,0.786682
4540,4.540000,-1.951053,-3.943862,-9.709423,7.758370,-12.130672,0.792492
4541,4.541000,-1.960419,-4.064716,-9.709423,7.749004,-9.388353,0.778982
4542,4.542000,-1.970600,-4.185955,-9.709423,7.738823,-6.398685,0.771062
4543,4.543000,-1.981636,-4.307373,-9.709423,7.727787,-3.617347,0.759072
4544,4.544000,-1.993567,-4.428772,-9.709423,7.715856,-0.414115,0.762312
4545,4.545000,-2.006434,-4.549937,-9.709423,7.702989,2.856558,0.774312
4546,4.546000,-2.020276,-4.670644,-9.709423,7.689147,5.710595,0.784362
4547,4.547000,-2.035133,-4.790693,-9.709423,7.674290,8.817288,0.963451
4548,4.548000,-2.051042,-4.909879,-9.709423,7.658381,12.413552,0.774012
4549,4.549000,-2.068043,-5.027966,-9.709423,7.641380,15.959348,0.776242
4550,4.550000,-2.086173,-5.144716,-9.709423,7.623250,19.932665,0.771272
4551,4.551000,-2.105467,-5.259866,-9.709423,7.603956,25.729685,0.972351
4552,4.552000,-2.125961,-5.373043,-9.709423,7.583462,31.346148,0.773432
4553,4.553000,-2.147689,-5.483862,-9.709423,7.561734,36.913456,0.776343
4554,4.554000,-2.170684,-5.591935,-9.709423,7.538739,42.004318,0.772682
4555,4.555000,-2.194978,-5.696914,-9.709423,7.514445,48.618050,0.770143
4556,4.556000,-2.220601,-5.798368,-9.709423,7.488822,54.891819,0.782262
4557,4.557000,-2.247580,-5.895874,-9.709423,7.461843,59.500576,0.783863
4558,4.558000,-2.275942,-5.989104,-9.709423,7.433481,62.857800,0.776082
4559,4.559000,-2.305712,-6.077833,-9.709423,7.403711,65.228645,0.778282
4560,4.560000,-2.336912,-6.161916,-9.709423,7.372511,67.225716,0.764002
4561,4.561000,-2.369561,-6.241249,-9.709423,7.339862,68.889648,0.769473
4562,4.562000,-2.403677,-6.315749,-9.709423,7.305746,70.108498,0.778682
4563,4.563000,-2.439277,-6.385363,-9.709423,7.270146,70.940727,0.790442
4564,4.564000,-2.476372,-6.450061,-9.709423,7.233051,71.460915,0.779173
4565,4.565000,-2.514975,-6.509835,-9.709423,7.194448,71.740402,0.774682
4566,4.566000,-2.555094,-6.564689,-9.709423,7.154329,71.790779,0.764763
4567,4.567000,-2.596735,-6.614645,-9.709423,7.112688,71.609444,0.848842
4568,4.568000,-2.639902,-6.659737,-9.709423,7.069521,71.208199,0.779262
4569,4.569000,-2.684598,-6.700010,-9.709423,7.024825,70.629257,0.779572
4570,4.570000,-2.730821,-6.735526,-9.709423,6.978602,69.828712,0.772342
4571,4.571000,-2.778569,-6.766356,-9.709423,6.930854,69.016586,0.871121
4572,4.572000,-2.827836,-6.792573,-9.709423,6.881587,68.709114,0.778223
4573,4.573000,-2.878617,-6.814222,-9.709423,6.830806,68.750954,0.768282
4574,4.574000,-2.930901,-6.831319,-9.709423,6.778522,69.265007,0.781233
4575,4.575000,-2.984677,-6.843842,-9.709423,6.724746,69.875656,0.768842
4576,4.576000,-3.039931,-6.851758,-9.709423,6.669492,70.329170,0.765503
4577,4.577000,-3.096648,-6.855039,-9.709423,6.612775,70.548531,0.775522
4578,4.578000,-3.154810,-6.853676,-9.709423,6.554613,70.396942,0.784882
4579,4.579000,-3.214395,-6.847685,-9.709423,6.495028,69.778702,0.776022
4580,4.580000,-3.275383,-6.837116,-9.709423,6.434040,68.673050,0.781752
4581,4.581000,-3.337748,-6.822056,-9.709423,6.371675,67.354439,0.785602
4582,4.582000,-3.401465,-6.802610,-9.709423,6.307958,65.956764,0.762242
4583,4.583000,-3.466503,-6.778893,-9.709423,6.242920,64.018990,0.763323
4584,4.584000,-3.532833,-6.751048,-9.709423,6.176590,61.152782,0.773952
4585,4.585000,-3.600423,-6.719279,-9.709423,6.109000,56.975769,0.766602
4586,4.586000,-3.669237,-6.683876,-9.709423,6.040186,52.425537,0.964600
4587,4.587000,-3.739239,-6.645172,-9.709423,5.970184,48.407864,0.778012
4588,4.588000,-3.810392,-6.603471,-9.709423,5.899031,43.955841,0.776032
4589,4.589000,-3.882657,-6.559093,-9.709423,5.826766,41.803085,0.772202
4590,4.590000,-3.955992,-6.512222,-9.709423,5.753431,39.395840,1.085659
4591,4.591000,-4.030357,-6.463023,-9.709423,5.679066,36.816792,0.797142
4592,4.592000,-4.105707,-6.411667,-9.709423,5.603716,33.981621,0.781462
4593,4.593000,-4.182000,-6.358338,-9.709423,5.527423,31.442743,0.775942
4594,4.594000,-4.259189,-6.303214,-9.709423,5.450234,29.003893,0.770033
4595,4.595000,-4.337228,-6.246463,-9.709423,5.372195,26.656609,0.778092
4596,4.596000,-4.416070,-6.188244,-9.709423,5.293353,23.993319,0.787292
4597,4.597000,-4.495669,-6.128735,-9.709423,5.213754,22.001059,0.778952
4598,4.598000,-4.575974,-6.068079,-9.709423,5.133449,20.509892,0.786842
4599,4.599000,-4.656937,-6.006381,-9.709423,5.052486,19.126831,0.769822
4600,4.600000,-4.738507,-5.943733,-9.709423,4.970916,17.752375,0.763272
4601,4.601000,-4.820635,-5.880223,-9.709423,4.888788,16.514999,0.772512
4602,4.602000,-4.903270,-5.815930,-9.709423,4.806153,15.234119,0.769763
4603,4.603000,-4.986360,-5.750938,-9.709423,4.723063,13.687967,0.777832
4604,4.604000,-5.069853,-5.685347,-9.709423,4.639570,11.705124,0.797262
4605,4.605000,-5.153697,-5.619285,-9.709423,4.555726,9.352868,0.869222
4606,4.606000,-5.237841,-5.552910,-9.709423,4.471582,7.165200,0.772812
4607,4.607000,-5.322231,-5.486379,-9.709423,4.387192,5.250815,0.771803
4608,4.608000,-5.406815,-5.419829,-9.709423,4.302608,3.011581,0.764592
4609,4.609000,-5.491539,-5.353409,-9.709423,4.217884,0.879262,0.869772
4610,4.610000,-5.576351,-5.287266,-9.709423,4.133072,-1.081888,0.777822
4611,4.611000,-5.661198,-5.221534,-9.709423,4.048225,-2.856128,0.790762
4612,4.612000,-5.746029,-5.156334,-9.709423,3.963394,-4.358647,0.788572
4613,4.613000,-5.830788,-5.091768,-9.709423,3.878635,-5.670110,0.769552
4614,4.614000,-5.915426,-5.027920,-9.709423,3.793997,-6.897799,0.777323
4615,4.615000,-5.999890,-4.964869,-9.709423,3.709533,-8.023129,0.796802
4616,4.616000,-6.084129,-4.902684,-9.709423,3.625294,-9.102906,0.781222
4617,4.617000,-6.168091,-4.841431,-9.709423,3.541332,-10.320460,0.791202
4618,4.618000,-6.251726,-4.781187,-9.709423,3.457697,-12.326251,0.767282
4619,4.619000,-6.334983,-4.722071,-9.709423,3.374440,-14.755930,0.774603
4620,4.620000,-6.417813,-4.664246,-9.709423,3.291610,-17.049511,0.792012
4621,4.621000,-6.500166,-4.607868,-9.709423,3.209257,-18.946325,0.787452
4622,4.622000,-6.581995,-4.553074,-9.709423,3.127428,-20.423792,0.766643
4623,4.623000,-6.663253,-4.499966,-9.709423,3.046170,-21.950426,0.762572
4624,4.624000,-6.743890,-4.448640,-9.709423,2.965533,-23.647655,0.926340
4625,4.625000,-6.823863,-4.399201,-9.709423,2.885560,-25.276262,0.768753
4626,4.626000,-6.903125,-4.351752,-9.709423,2.806298,-26.756289,0.778042
4627,4.627000,-6.981634,-4.306389,-9.709423,2.727789,-28.061056,0.787643
4628,4.628000,-7.059345,-4.263195,-9.709423,2.650078,-29.181868,0.925721
4629,4.629000,-7.136217,-4.222239,-9.709423,2.573206,-30.173223,0.777272
4630,4.630000,-7.212208,-4.183578,-9.709423,2.497214,-31.140951,0.775572
4631,4.631000,-7.287281,-4.147268,-9.709423,2.422142,-32.332111,0.768412
4632,4.632000,-7.361393,-4.113378,-9.709423,2.348029,-33.348465,0.773692
4633,4.633000,-7.434511,-4.081969,-9.709423,2.274912,-34.195900,0.776042
4634,4.634000,-7.506596,-4.053092,-9.709423,2.202827,-34.876152,0.775252
4635,4.635000,-7.577613,-4.026786,-9.709423,2.131810,-35.440758,0.787472
4636,4.636000,-7.647531,-4.003080,-9.709423,2.061892,-35.878063,0.779712
4637,4.637000,-7.716314,-3.981993,-9.709423,1.993109,-36.250530,0.770443
4638,4.638000,-7.783935,-3.963541,-9.709423,1.925488,-36.700356,0.786772
4639,4.639000,-7.850361,-3.947742,-9.709423,1.859062,-37.174713,0.768343
4640,4.640000,-7.915565,-3.934618,-9.709423,1.793858,-37.559036,0.766062
4641,4.641000,-7.979521,-3.924187,-9.709423,1.729902,-37.808121,0.772673
4642,4.642000,-8.042203,-3.916459,-9.709423,1.667220,-37.895191,0.775242
4643,4.643000,-8.103587,-3.911430,-9.709423,1.605836,-37.781536,0.785912
4644,4.644000,-8.163650,-3.909086,-9.709423,1.545773,-37.534840,0.779462
4645,4.645000,-8.222370,-3.909400,-9.709423,1.487053,-37.261627,0.768512
4646,4.646000,-8.279729,-3.912341,-9.709423,1.429693,-36.952408,0.767173
4647,4.647000,-8.335708,-3.917879,-9.709423,1.373715,-36.609303,0.775692
4648,4.648000,-8.390290,-3.925980,-9.709423,1.319133,-36.378593,0.768452
4649,4.649000,-8.443459,-3.936617,-9.709423,1.265964,-36.280281,0.768602
4650,4.650000,-8.495201,-3.949772,-9.709423,1.214222,-36.224869,0.787932
4651,4.651000,-8.545505,-3.965436,-9.709423,1.163918,-36.276901,0.776082
4652,4.652000,-8.594357,-3.983603,-9.709423,1.115066,-36.309765,0.761283
4653,4.653000,-8.641748,-4.004271,-9.709423,1.067675,-36.308781,0.765252
4654,4.654000,-8.687670,-4.027432,-9.709423,1.021753,-36.284115,0.782652
4655,4.655000,-8.732116,-4.053079,-9.709423,0.977307,-36.247368,0.768682
4656,4.656000,-8.775080,-4.081203,-9.709423,0.934343,-36.124168,0.783953
4657,4.657000,-8.816557,-4.111788,-9.709423,0.892866,-35.869133,0.776162
4658,4.658000,-8.856545,-4.144811,-9.709423,0.852878,-35.650742,0.773852
4659,4.659000,-8.895042,-4.180248,-9.709423,0.814381,-35.388359,0.761022
4660,4.660000,-8.932047,-4.218072,-9.709423,0.777376,-35.084393,0.771143
4661,4.661000,-8.967563,-4.258255,-9.709423,0.741860,-34.800255,0.771782
4662,4.662000,-9.001591,-4.300769,-9.709423,0.707832,-34.448933,0.881531
4663,4.663000,-9.034136,-4.345583,-9.709423,0.675287,-34.027786,0.772792
4664,4.664000,-9.065203,-4.392661,-9.709423,0.644220,-33.543991,0.775512
4665,4.665000,-9.094798,-4.441963,-9.709423,0.614625,-33.030949,0.768792
4666,4.666000,-9.122930,-4.493445,-9.709423,0.586493,-32.486752,0.916251
4667,4.667000,-9.149608,-4.547063,-9.709423,0.559815,-31.945963,0.780252
4668,4.668000,-9.174841,-4.602772,-9.709423,0.534582,-31.431097,0.777372
4669,4.669000,-9.198642,-4.660530,-9.709423,0.510781,-30.915888,0.768812
4670,4.670000,-9.221024,-4.720294,-9.709423,0.488399,-30.407690,0.772242
4671,4.671000,-9.242001,-4.782022,-9.709423,0.467422,-29.841486,0.774502
4672,4.672000,-9.261588,-4.845673,-9.709423,0.447835,-29.199509,0.775363
4673,4.673000,-9.279802,-4.911194,-9.709423,0.429621,-28.570581,0.785532
4674,4.674000,-9.296659,-4.978538,-9.709423,0.412764,-27.922121,0.780822
4675,4.675000,-9.312180,-5.047653,-9.709423,0.397243,-27.168440,0.765742
4676,4.676000,-9.326384,-5.118484,-9.709423,0.383039,-26.283150,0.774633
4677,4.677000,-9.339292,-5.190964,-9.709423,0.370131,-25.571337,0.776162
4678,4.678000,-9.350926,-5.265038,-9.709423,0.358497,-24.890497,0.777512
4679,4.679000,-9.361309,-5.340651,-9.709423,0.348114,-24.528337,0.780242
4680,4.680000,-9.370464,-5.417772,-9.709423,0.338959,-24.208822,0.779402
4681,4.681000,-9.378417,-5.496375,-9.709423,0.331005,-23.803320,0.769993
4682,4.682000,-9.385195,-5.576430,-9.709423,0.324228,-23.336477,0.848762
4683,4.683000,-9.390822,-5.657905,-9.709423,0.318601,-22.834814,0.768172
4684,4.684000,-9.395328,-5.740761,-9.709423,0.314095,-22.272545,0.773523
4685,4.685000,-9.398741,-5.824956,-9.709423,0.310682,-21.680531,0.778062
4686,4.686000,-9.401089,-5.910446,-9.709423,0.308334,-21.056313,0.870311
4687,4.687000,-9.402405,-5.997184,-9.709423,0.307018,-20.365400,0.771732
4688,4.688000,-9.402718,-6.085118,-9.709423,0.306705,-19.575123,0.774792
4689,4.689000,-9.402061,-6.174191,-9.709423,0.307362,-18.552509,0.775482
4690,4.690000,-9.400466,-6.264331,-9.709423,0.308957,-17.470129,0.765472
4691,4.691000,-9.397966,-6.355459,-9.709423,0.311457,-16.370314,0.779362
4692,4.692000,-9.394597,-6.447494,-9.709423,0.314826,-15.421308,0.791702
4693,4.693000,-9.390390,-6.540365,-9.709423,0.319033,-14.191669,0.780313
4694,4.694000,-9.385383,-6.633986,-9.709423,0.324040,-12.633256,0.779812
4695,4.695000,-9.379611,-6.728253,-9.709423,0.329812,-11.037799,0.776693
4696,4.696000,-9.373110,-6.823050,-9.709423,0.336313,-9.425429,0.781402
4697,4.697000,-9.365918,-6.918264,-9.709423,0.343505,-8.062309,0.776822
4698,4.698000,-9.358070,-7.013793,-9.709423,0.351353,-6.549161,0.774263
4699,4.699000,-9.349604,-7.109535,-9.709423,0.359819,-5.050880,0.768962
4700,4.700000,-9.340559,-7.205386,-9.709423,0.368864,-3.546066,0.770313
4701,4.701000,-9.330971,-7.301243,-9.709423,0.378452,-2.063921,0.948521
4702,4.702000,-9.320879,-7.397004,-9.709423,0.388544,-0.623003,0.785382
4703,4.703000,-9.310322,-7.492572,-9.709423,0.399101,0.696124,0.790602
4704,4.704000,-9.299338,-7.587854,-9.709423,0.410085,1.786896,0.777982
4705,4.705000,-9.287964,-7.682776,-9.709423,0.421459,2.810992,0.866631
4706,4.706000,-9.276239,-7.777272,-9.709423,0.433184,3.996477,0.765253
4707,4.707000,-9.264202,-7.871265,-9.709423,0.445221,5.213415,0.772212
4708,4.708000,-9.251891,-7.964676,-9.709423,0.457532,6.453024,0.776243
4709,4.709000,-9.239344,-8.057424,-9.709423,0.470079,7.755852,0.779192
4710,4.710000,-9.226599,-8.149421,-9.709423,0.482824,8.869424,0.792312
4711,4.711000,-9.213694,-8.240592,-9.709423,0.495729,10.077481,0.791732
4712,4.712000,-9.200666,-8.330859,-9.709423,0.508757,11.904750,0.779642
4713,4.713000,-9.187552,-8.420106,-9.709423,0.521871,13.816581,0.762173
4714,4.714000,-9.174390,-8.508204,-9.709423,0.535033,16.192778,0.777922
4715,4.715000,-9.161217,-8.594995,-9.709423,0.548206,18.513454,0.783103
4716,4.716000,-9.148066,-8.680318,-9.709423,0.561357,20.515825,0.763812
4717,4.717000,-9.134976,-8.764033,-9.709423,0.574447,22.972582,0.778093
4718,4.718000,-9.121979,-8.845978,-9.709423,0.587444,26.106644,0.792322
4719,4.719000,-9.109111,-8.925950,-9.709423,0.600312,28.675714,0.771402
4720,4.720000,-9.096405,-9.003767,-9.709423,0.613018,30.693171,0.768902
4721,4.721000,-9.083894,-9.079288,-9.709423,0.625529,32.202560,0.781902
4722,4.722000,-9.071608,-9.152412,-9.709423,0.637815,33.314114,0.773543
4723,4.723000,-9.059580,-9.223070,-9.709423,0.649843,34.264038,0.768422
4724,4.724000,-9.047838,-9.291211,-9.709423,0.661585,35.182301,0.971510
4725,4.725000,-9.036412,-9.356788,-9.709423,0.673011,35.895149,0.776822
4726,4.726000,-9.025329,-9.419763,-9.709423,0.684094,36.641876,0.784753
4727,4.727000,-9.014616,-9.480099,-9.709423,0.694807,37.450176,0.783042
4728,4.728000,-9.004298,-9.537753,-9.709423,0.705125,38.215889,0.764073
4729,4.729000,-8.994400,-9.592683,-9.709423,0.715023,38.895813,0.760462
4730,4.730000,-8.984946,-9.644851,-9.709423,0.724477,39.533600,0.777812
4731,4.731000,-8.975956,-9.694222,-9.709423,0.733467,40.042965,0.777532
4732,4.732000,-8.967454,-9.740767,-9.709423,0.741969,40.491287,0.781332
4733,4.733000,-8.959456,-9.784465,-9.709423,0.749967,40.927776,0.774422
4734,4.734000,-8.951985,-9.825297,-9.709423,0.757438,41.335396,0.772472
4735,4.735000,-8.945055,-9.863241,-9.709423,0.764368,41.672825,0.770002
4736,4.736000,-8.938683,-9.898285,-9.709423,0.770740,42.075104,0.776812
4737,4.737000,-8.932884,-9.930408,-9.709423,0.776539,42.415718,0.781773
4738,4.738000,-8.927673,-9.959596,-9.709423,0.781750,42.622910,0.803612
4739,4.739000,-8.923061,-9.985841,-9.709423,0.786362,42.935505,0.793162
4740,4.740000,-8.919058,-10.009131,-9.709423,0.790365,43.565407,0.776683
4741,4.741000,-8.915676,-10.029435,-9.709423,0.793747,44.807793,0.774552
4742,4.742000,-8.912923,-10.046682,-9.709423,0.796500,46.388596,0.773293
4743,4.743000,-8.910806,-10.060770,-9.709423,0.798617,47.900295,0.768472
4744,4.744000,-8.909330,-10.071597,-9.709423,0.800093,48.970695,0.864731
4745,4.745000,-8.908500,-10.079087,-9.709423,0.800922,49.512794,0.772612
4746,4.746000,-8.908319,-10.083203,-9.709423,0.801103,49.492538,0.774222
4747,4.747000,-8.908790,-10.083950,-9.709423,0.800633,48.824471,0.773122
4748,4.748000,-8.909911,-10.081381,-9.709423,0.799512,47.457684,0.773622
4749,4.749000,-8.911682,-10.075601,-9.709423,0.797741,45.407074,0.772802
4750,4.750000,-8.914099,-10.066761,-9.709423,0.795324,43.438679,0.780832
4751,4.751000,-8.917159,-10.055020,-9.709423,0.792264,41.619396,0.763722
4752,4.752000,-8.920856,-10.040522,-9.709423,0.788567,39.933701,0.775272
4753,4.753000,-8.925185,-10.023398,-9.709423,0.784238,38.005043,0.775063
4754,4.754000,-8.930137,-10.003789,-9.709423,0.779286,36.089760,0.772842
4755,4.755000,-8.935703,-9.981832,-9.709423,0.773720,34.068008,0.778553
4756,4.756000,-8.941874,-9.957674,-9.709423,0.767549,32.127956,0.775382
4757,4.757000,-8.948638,-9.931452,-9.709423,0.760785,30.109322,0.764493
4758,4.758000,-8.955985,-9.903310,-9.709423,0.753438,27.989218,0.905871
4759,4.759000,-8.963900,-9.873395,-9.709423,0.745523,25.955673,0.783622
4760,4.760000,-8.972371,-9.841852,-9.709423,0.737052,23.905817,0.775352
4761,4.761000,-8.981384,-9.808823,-9.709423,0.728039,22.008816,0.783802
4762,4.762000,-8.990922,-9.774441,-9.709423,0.718501,20.372458,0.779712
4763,4.763000,-9.000971,-9.738824,-9.709423,0.708452,19.156982,0.914671
4764,4.764000,-9.011513,-9.702057,-9.709423,0.697910,17.932432,0.778573
4765,4.765000,-9.022534,-9.664222,-9.709423,0.686889,16.737413,0.777372
4766,4.766000,-9.034014,-9.625398,-9.709423,0.675409,15.548652,0.765183
4767,4.767000,-9.045935,-9.585662,-9.709423,0.663488,14.340016,0.768292
4768,4.768000,-9.058280,-9.545095,-9.709423,0.651143,13.105306,0.786092
4769,4.769000,-9.071029,-9.503779,-9.709423,0.638394,11.900921,0.779632
4770,4.770000,-9.084163,-9.461798,-9.709423,0.625260,10.874095,0.780822
4771,4.771000,-9.097662,-9.419223,-9.709423,0.611761,10.142419,0.780912
4772,4.772000,-9.111507,-9.376106,-9.709423,0.597916,9.454735,0.774132
4773,4.773000,-9.125675,-9.332493,-9.709423,0.583748,8.559022,0.784833
4774,4.774000,-9.140148,-9.288440,-9.709423,0.569275,7.578838,0.774112
4775,4.775000,-9.154905,-9.244010,-9.709423,0.554518,6.558595,0.771603
4776,4.776000,-9.169923,-9.199274,-9.709423,0.539500,5.543476,0.782632
4777,4.777000,-9.185182,-9.154301,-9.709423,0.524241,4.597748,1.168358
4778,4.778000,-9.200660,-9.109156,-9.709423,0.508763,3.618622,0.879641
4779,4.779000,-9.216336,-9.063907,-9.709423,0.493087,2.628047,0.777312
4780,4.780000,-9.232187,-9.018620,-9.709423,0.477236,1.597622,0.770562
4781,4.781000,-9.248193,-8.973364,-9.709423,0.461230,0.565720,0.858132
4782,4.782000,-9.264330,-8.928211,-9.709423,0.445093,-0.332022,0.784192
4783,4.783000,-9.280578,-8.883221,-9.709423,0.428845,-1.205704,0.781122
4784,4.784000,-9.296915,-8.838454,-9.709423,0.412508,-2.110598,0.779942
4785,4.785000,-9.313316,-8.793969,-9.709423,0.396107,-3.021852,0.767442
4786,4.786000,-9.329763,-8.749826,-9.709423,0.379659,-4.015847,0.777063
4787,4.787000,-9.346234,-8.706090,-9.709423,0.363189,-4.984261,0.770062
4788,4.788000,-9.362705,-8.662825,-9.709423,0.346717,-5.918718,0.791163
4789,4.789000,-9.379159,-8.620096,-9.709423,0.330264,-6.839498,0.777522
4790,4.790000,-9.395570,-8.577962,-9.709423,0.313853,-7.657599,0.781902
4791,4.791000,-9.411920,-8.536479,-9.709423,0.297503,-8.387887,0.764772
4792,4.792000,-9.428187,-8.495693,-9.709423,0.281236,-9.179877,0.764623
4793,4.793000,-9.444352,-8.455656,-9.709423,0.265071,-9.952181,0.770832
4794,4.794000,-9.460394,-8.416416,-9.709423,0.249029,-10.648951,0.766133
4795,4.795000,-9.476294,-8.378018,-9.709423,0.233129,-11.327072,0.781762
4796,4.796000,-9.492033,-8.340507,-9.709423,0.217390,-11.988368,0.831752
4797,4.797000,-9.507590,-8.303922,-9.709423,0.201833,-12.746839,0.774032
4798,4.798000,-9.522949,-8.268312,-9.709423,0.186474,-13.590093,0.768992
4799,4.799000,-9.538089,-8.233728,-9.709423,0.171334,-14.406857,0.767392
4800,4.800000,-9.552995,-8.200226,-9.709423,0.156428,-15.119703,0.770302
4801,4.801000,-9.567650,-8.167852,-9.709423,0.141773,-15.734952,0.775452
4802,4.802000,-9.582034,-8.136645,-9.709423,0.127389,-16.302450,0.785932
4803,4.803000,-9.596133,-8.106641,-9.709423,0.113290,-16.830563,0.776072
4804,4.804000,-9.609931,-8.077871,-9.709423,0.099492,-17.325350,0.771352
4805,4.805000,-9.623414,-8.050365,-9.709423,0.086009,-17.745815,0.777932
4806,4.806000,-9.636565,-8.024146,-9.709423,0.072858,-18.153843,0.764473
4807,4.807000,-9.649372,-7.999239,-9.709423,0.060051,-18.548908,0.775142
4808,4.808000,-9.661821,-7.975666,-9.709423,0.047602,-18.889671,0.778583
4809,4.809000,-9.673899,-7.953444,-9.709423,0.035524,-19.152508,0.772792
4810,4.810000,-9.685594,-7.932588,-9.709423,0.023829,-19.390734,0.773483
4811,4.811000,-9.696894,-7.913110,-9.709423,0.012529,-19.635071,0.794182
4812,4.812000,-9.707789,-7.895020,-9.709423,0.001634,-19.871223,0.771732
4813,4.813000,-9.718268,-7.878331,-9.709423,-0.008845,-20.087456,0.768722
4814,4.814000,-9.728322,-7.863053,-9.709423,-0.018899,-20.248051,0.781802
4815,4.815000,-9.737942,-7.849193,-9.709423,-0.028519,-20.394495,0.774552
4816,4.816000,-9.747119,-7.836756,-9.709423,-0.037696,-20.507238,0.863031
4817,4.817000,-9.755845,-7.825746,-9.709423,-0.046422,-20.572529,0.783702
4818,4.818000,-9.764115,-7.816164,-9.709423,-0.054692,-20.589594,0.785912
4819,4.819000,-9.771921,-7.808006,-9.709423,-0.062498,-20.603014,0.777083
4820,4.820000,-9.779258,-7.801268,-9.709423,-0.069835,-20.587196,0.920061
4821,4.821000,-9.786121,-7.795945,-9.709423,-0.076698,-20.579405,0.765152
4822,4.822000,-9.792505,-7.792031,-9.709423,-0.083082,-20.587820,0.770573
4823,4.823000,-9.798408,-7.789523,-9.709423,-0.088985,-20.522871,0.781512
4824,4.824000,-9.803826,-7.788414,-9.709423,-0.094403,-20.390562,0.779272
4825,4.825000,-9.808757,-7.788690,-9.709423,-0.099334,-20.201979,0.784772
4826,4.826000,-9.813199,-7.790335,-9.709423,-0.103776,-19.980936,0.789122
4827,4.827000,-9.817152,-7.793330,-9.709423,-0.107729,-19.775446,0.799222
4828,4.828000,-9.820615,-7.797655,-9.709423,-0.111192,-19.526825,0.769052
4829,4.829000,-9.823589,-7.803290,-9.709423,-0.114166,-19.230635,0.765602
4830,4.830000,-9.826074,-7.810210,-9.709423,-0.116651,-18.901875,0.774422
4831,4.831000,-9.828073,-7.818390,-9.709423,-0.118650,-18.543531,0.783762
4832,4.832000,-9.829587,-7.827802,-9.709423,-0.120164,-18.354921,0.776822
4833,4.833000,-9.830620,-7.838427,-9.709423,-0.121197,-18.146860,0.776542
4834,4.834000,-9.831175,-7.850246,-9.709423,-0.121752,-18.122587,0.777733
4835,4.835000,-9.831256,-7.863256,-9.709423,-0.121833,-18.250090,0.949550
4836,4.836000,-9.830868,-7.877460,-9.709423,-0.121445,-18.292561,0.780402
4837,4.837000,-9.830017,-7.892860,-9.709423,-0.120594,-18.291170,0.772132
4838,4.838000,-9.828707,-7.909458,-9.709423,-0.119284,-18.251911,0.767313
4839,4.839000,-9.826946,-7.927247,-9.709423,-0.117523,-18.399218,0.837552
4840,4.840000,-9.824740,-7.946234,-9.709423,-0.115317,-18.554655,0.789002
4841,4.841000,-9.822098,-7.966427,-9.709423,-0.112675,-18.614756,0.791442
4842,4.842000,-9.819028,-7.987828,-9.709423,-0.109605,-18.561937,0.783052
4843,4.843000,-9.815537,-8.010432,-9.709423,-0.106114,-18.387413,0.779312
4844,4.844000,-9.811637,-8.034227,-9.709423,-0.102214,-18.102388,0.762943
4845,4.845000,-9.807335,-8.059188,-9.709423,-0.097912,-17.734116,0.763332
4846,4.846000,-9.802645,-8.085286,-9.709423,-0.093222,-17.305481,0.783613
4847,4.847000,-9.797575,-8.112489,-9.709423,-0.088152,-16.831350,0.769282
4848,4.848000,-9.792139,-8.140759,-9.709423,-0.082716,-16.312609,0.782593
4849,4.849000,-9.786347,-8.170056,-9.709423,-0.076924,-15.779286,0.776022
4850,4.850000,-9.780214,-8.200341,-9.709423,-0.070791,-15.397689,0.775673
4851,4.851000,-9.773751,-8.231582,-9.709423,-0.064328,-15.031067,0.774182
4852,4.852000,-9.766972,-8.263750,-9.709423,-0.057549,-14.631330,0.769992
4853,4.853000,-9.759891,-8.296817,-9.709423,-0.050468,-14.180859,0.769152
4854,4.854000,-9.752524,-8.330752,-9.709423,-0.043101,-13.678927,0.779542
4855,4.855000,-9.744884,-8.365518,-9.709423,-0.035461,-13.144326,0.777962
4856,4.856000,-9.736986,-8.401076,-9.709423,-0.027563,-12.586602,0.786332
4857,4.857000,-9.728847,-8.437389,-9.709423,-0.019424,-12.002656,0.766283
4858,4.858000,-9.720482,-8.474412,-9.709423,-0.011059,-11.387755,0.800942
4859,4.859000,-9.711908,-8.512103,-9.709423,-0.002485,-10.746264,0.761353
4860,4.860000,-9.703141,-8.550416,-9.709423,0.006282,-10.079104,0.774882
4861,4.861000,-9.694198,-8.589304,-9.709423,0.015224,-9.383491,0.771972
4862,4.862000,-9.685097,-8.628717,-9.709423,0.024326,-8.765779,0.773382
4863,4.863000,-9.675854,-8.668612,-9.709423,0.033569,-8.114736,0.786062
4864,4.864000,-9.666488,-8.708944,-9.709423,0.042935,-7.453335,0.779372
4865,4.865000,-9.657016,-8.749665,-9.709423,0.052407,-6.714909,0.772292
4866,4.866000,-9.647456,-8.790728,-9.709423,0.061967,-5.994988,0.772263
4867,4.867000,-9.637826,-8.832082,-9.709423,0.071597,-5.279358,0.772792
4868,4.868000,-9.628145,-8.873677,-9.709423,0.081278,-4.551356,0.766903
4869,4.869000,-9.618432,-8.915463,-9.709423,0.090991,-3.814876,0.777782
4870,4.870000,-9.608704,-8.957390,-9.709423,0.100719,-2.934261,0.780243
4871,4.871000,-9.598980,-8.999400,-9.709423,0.110443,-1.910835,0.775762
4872,4.872000,-9.589278,-9.041424,-9.709423,0.120145,-0.742362,0.775412
4873,4.873000,-9.579619,-9.083383,-9.709423,0.129804,0.545622,0.905371
4874,4.874000,-9.570018,-9.125190,-9.709423,0.139405,1.832170,0.766222
4875,4.875000,-9.560496,-9.166754,-9.709423,0.148927,3.010250,0.770563
4876,4.876000,-9.551070,-9.207993,-9.709423,0.158353,4.154781,0.772032
4877,4.877000,-9.541760,-9.248829,-9.709423,0.167663,5.250691,0.977930
4878,4.878000,-9.532582,-9.289189,-9.709423,0.176841,6.328675,0.777352
4879,4.879000,-9.523554,-9.329001,-9.709423,0.185869,7.362453,0.779082
4880,4.880000,-9.514694,-9.368196,-9.709423,0.194729,8.320414,0.770402
4881,4.881000,-9.506020,-9.406712,-9.709423,0.203403,9.324346,0.776732
4882,4.882000,-9.497548,-9.444485,-9.709423,0.211875,10.426688,0.765202
4883,4.883000,-9.489295,-9.481444,-9.709423,0.220128,11.659878,0.774323
4884,4.884000,-9.481278,-9.517509,-9.709423,0.228145,12.787254,0.782362
4885,4.885000,-9.473511,-9.552605,-9.709423,0.235912,13.917901,0.919081
4886,4.886000,-9.466010,-9.586658,-9.709423,0.243413,15.213444,0.797292
4887,4.887000,-9.458790,-9.619584,-9.709423,0.250633,16.526512,0.773042
4888,4.888000,-9.451867,-9.651296,-9.709423,0.257556,17.964682,0.770762
4889,4.889000,-9.445253,-9.681701,-9.709423,0.264170,19.663307,0.773953
4890,4.890000,-9.438961,-9.710689,-9.709423,0.270462,21.149326,0.771962
4891,4.891000,-9.433005,-9.738158,-9.709423,0.276418,22.865158,0.769922
4892,4.892000,-9.427397,-9.763995,-9.709423,0.282026,25.080456,0.860151
4893,4.893000,-9.422148,-9.788060,-9.709423,0.287275,27.203192,0.779012
4894,4.894000,-9.417268,-9.810208,-9.709423,0.292155,29.155031,0.777642
4895,4.895000,-9.412767,-9.830305,-9.709423,0.296656,30.703346,0.798552
4896,4.896000,-9.408653,-9.848244,-9.709423,0.300770,31.933086,0.780593
4897,4.897000,-9.404936,-9.863947,-9.709423,0.304487,32.930279,0.761482
4898,4.898000,-9.401620,-9.877354,-9.709423,0.307802,33.819275,0.764593
4899,4.899000,-9.398715,-9.888413,-9.709423,0.310708,34.357388,0.775612
4900,4.900000,-9.396223,-9.897097,-9.709423,0.313200,34.472198,0.774363
4901,4.901000,-9.394148,-9.903405,-9.709423,0.315275,34.263840,0.777322
4902,4.902000,-9.392495,-9.907363,-9.709423,0.316928,33.957813,0.794092
4903,4.903000,-9.391264,-9.909003,-9.709423,0.318159,33.356068,0.771083
4904,4.904000,-9.390457,-9.908378,-9.709423,0.318966,32.519661,0.770132
4905,4.905000,-9.390073,-9.905554,-9.709423,0.319350,31.625908,0.761923
4906,4.906000,-9.390113,-9.900607,-9.709423,0.319310,30.706305,0.771532
4907,4.907000,-9.390574,-9.893607,-9.709423,0.318849,29.676737,0.783443
4908,4.908000,-9.391453,-9.884634,-9.709423,0.317970,28.221617,0.777322
4909,4.909000,-9.392747,-9.873791,-9.709423,0.316676,26.405252,0.770873
4910,4.910000,-9.394451,-9.861208,-9.709423,0.314972,24.623249,0.790022
4911,4.911000,-9.396561,-9.847013,-9.709423,0.312862,22.829105,0.766512
4912,4.912000,-9.399070,-9.831340,-9.709423,0.310353,21.199930,0.849722
4913,4.913000,-9.401972,-9.814309,-9.709423,0.307451,20.093893,0.771692
4914,4.914000,-9.405260,-9.796004,-9.709423,0.304163,19.144947,0.776572
4915,4.915000,-9.408926,-9.776494,-9.709423,0.300497,18.161076,0.776972
4916,4.916000,-9.412961,-9.755843,-9.709423,0.296462,17.152914,0.780792
4917,4.917000,-9.417357,-9.734117,-9.709423,0.292066,16.124598,0.779482
4918,4.918000,-9.422105,-9.711386,-9.709423,0.287318,15.072309,0.781122
4919,4.919000,-9.427194,-9.687720,-9.709423,0.282229,14.012938,0.768232
4920,4.920000,-9.432614,-9.663194,-9.709423,0.276809,12.986918,0.766933
4921,4.921000,-9.438355,-9.637877,-9.709423,0.271068,12.063327,0.778272
4922,4.922000,-9.444404,-9.611834,-9.709423,0.265019,11.160847,0.778173
4923,4.923000,-9.450752,-9.585128,-9.709423,0.258671,10.456129,0.789132
4924,4.924000,-9.457385,-9.557808,-9.709423,0.252038,9.902291,0.784302
4925,4.925000,-9.464292,-9.529914,-9.709423,0.245131,9.315650,0.779243
4926,4.926000,-9.471460,-9.501481,-9.709423,0.237963,8.633078,0.764182
4927,4.927000,-9.478877,-9.472555,-9.709423,0.230546,7.928482,0.765633
4928,4.928000,-9.486529,-9.443183,-9.709423,0.222894,7.225148,0.775032
4929,4.929000,-9.494403,-9.413413,-9.709423,0.215020,6.507462,0.778923
4930,4.930000,-9.502485,-9.383293,-9.709423,0.206938,5.769721,0.784742
4931,4.931000,-9.510764,-9.352875,-9.709423,0.198659,5.049856,0.775372
4932,4.932000,-9.519223,-9.322208,-9.709423,0.190200,4.260907,0.774342
4933,4.933000,-9.527848,-9.291345,-9.709423,0.181575,3.440067,0.759312
4934,4.934000,-9.536627,-9.260342,-9.709423,0.172796,2.637287,0.761742
4935,4.935000,-9.545545,-9.229255,-9.709423,0.163878,1.831409,0.771213
4936,4.936000,-9.554586,-9.198139,-9.709423,0.154837,1.031210,0.864671
4937,4.937000,-9.563738,-9.167048,-9.709423,0.145685,0.410425,0.781453
4938,4.938000,-9.572986,-9.136027,-9.709423,0.136437,-0.055134,0.775502
4939,4.939000,-9.582314,-9.105107,-9.709423,0.127109,-0.519238,0.770772
4940,4.940000,-9.591710,-9.074318,-9.709423,0.117713,-0.976704,0.776252
4941,4.941000,-9.601157,-9.043688,-9.709423,0.108266,-1.381777,0.766942
4942,4.942000,-9.610643,-9.013243,-9.709423,0.098780,-1.772288,0.784032
4943,4.943000,-9.620152,-8.983008,-9.709423,0.089271,-2.169812,0.775122
4944,4.944000,-9.629671,-8.953008,-9.709423,0.079752,-2.587604,0.772422
4945,4.945000,-9.639186,-8.923268,-9.709423,0.070237,-3.015818,0.773922
4946,4.946000,-9.648682,-8.893817,-9.709423,0.060741,-3.427882,0.787602
4947,4.947000,-9.658145,-8.864682,-9.709423,0.051278,-3.884133,0.771302
4948,4.948000,-9.667562,-8.835892,-9.709423,0.041861,-4.387171,0.776223
4949,4.949000,-9.676919,-8.807479,-9.709423,0.032504,-4.897184,0.773572
4950,4.950000,-9.686202,-8.779479,-9.709423,0.023221,-5.405468,0.875692
4951,4.951000,-9.695399,-8.751924,-9.709423,0.014024,-5.907201,0.775762
4952,4.952000,-9.704496,-8.724847,-9.709423,0.004927,-6.377925,0.783182
4953,4.953000,-9.713479,-8.698280,-9.709423,-0.004056,-6.820791,0.780802
4954,4.954000,-9.722337,-8.672252,-9.709423,-0.012914,-7.257968,0.786462
4955,4.955000,-9.731058,-8.646790,-9.709423,-0.021635,-7.696134,0.957251
4956,4.956000,-9.739627,-8.621923,-9.709423,-0.030204,-8.130969,0.770032
4957,4.957000,-9.748035,-8.597678,-9.709423,-0.038612,-8.559884,0.773172
4958,4.958000,-9.756269,-8.574082,-9.709423,-0.046846,-9.029340,0.772972
4959,4.959000,-9.764317,-8.551165,-9.709423,-0.054894,-9.506396,0.852152
4960,4.960000,-9.772169,-8.528957,-9.709423,-0.062746,-9.972407,0.792612
4961,4.961000,-9.779814,-8.507487,-9.709423,-0.070391,-10.424502,0.776493
4962,4.962000,-9.787242,-8.486786,-9.709423,-0.077819,-10.852448,0.773572
4963,4.963000,-9.794442,-8.466878,-9.709423,-0.085019,-11.238523,0.770973
4964,4.964000,-9.801405,-8.447791,-9.709423,-0.091982,-11.607364,0.763482
4965,4.965000,-9.808122,-8.429545,-9.709423,-0.098699,-11.959197,0.766523
4966,4.966000,-9.814583,-8.412162,-9.709423,-0.105160,-12.293773,0.797812
4967,4.967000,-9.820780,-8.395661,-9.709423,-0.111357,-12.607197,0.774972
4968,4.968000,-9.826706,-8.380062,-9.709423,-0.117283,-12.886704,0.796482
4969,4.969000,-9.832351,-8.365379,-9.709423,-0.122928,-13.161951,0.858811
4970,4.970000,-9.837710,-8.351630,-9.709423,-0.128287,-13.438910,0.799132
4971,4.971000,-9.842775,-8.338829,-9.709423,-0.133352,-13.707243,0.808532
4972,4.972000,-9.847540,-8.326993,-9.709423,-0.138117,-13.945954,0.763402
4973,4.973000,-9.851999,-8.316134,-9.709423,-0.142576,-14.156690,0.763813
4974,4.974000,-9.856147,-8.306263,-9.709423,-0.146724,-14.369158,0.925011
4975,4.975000,-9.859977,-8.297392,-9.709423,-0.150554,-14.544209,0.781032
4976,4.976000,-9.863487,-8.289531,-9.709423,-0.154064,-14.714857,0.777453
4977,4.977000,-9.866672,-8.282687,-9.709423,-0.157249,-14.859515,0.777012
4978,4.978000,-9.869529,-8.276868,-9.709423,-0.160106,-14.974330,0.777113
4979,4.979000,-9.872053,-8.272077,-9.709423,-0.162630,-15.058936,0.774722
4980,4.980000,-9.874243,-8.268318,-9.709423,-0.164820,-15.119185,0.779862
4981,4.981000,-9.876098,-8.265592,-9.709423,-0.166675,-15.134806,0.766343
4982,4.982000,-9.877614,-8.263897,-9.709423,-0.168191,-15.092011,0.774582
4983,4.983000,-9.878790,-8.263227,-9.709423,-0.169367,-15.004817,0.783253
4984,4.984000,-9.879627,-8.263572,-9.709423,-0.170204,-14.891721,0.773752
4985,4.985000,-9.880125,-8.264922,-9.709423,-0.170702,-14.745787,0.771783
4986,4.986000,-9.880282,-8.267264,-9.709423,-0.170859,-14.551941,0.776392
4987,4.987000,-9.880101,-8.270580,-9.709423,-0.170678,-14.290465,0.761443
4988,4.988000,-9.879582,-8.274849,-9.709423,-0.170159,-14.025397,1.135519
4989,4.989000,-9.878727,-8.280052,-9.709423,-0.169304,-13.878901,0.884401
4990,4.990000,-9.877539,-8.286173,-9.709423,-0.168116,-13.772576,0.763222
4991,4.991000,-9.876019,-8.293201,-9.709423,-0.166596,-13.697743,0.772672
4992,4.992000,-9.874171,-8.301129,-9.709423,-0.164748,-13.610372,0.864401
4993,4.993000,-9.872000,-8.309950,-9.709423,-0.162577,-13.510608,0.776752
4994,4.994000,-9.869508,-8.319654,-9.709423,-0.160085,-13.386479,0.817212
4995,4.995000,-9.866699,-8.330233,-9.709423,-0.157276,-13.227876,0.818622
4996,4.996000,-9.863579,-8.341673,-9.709423,-0.154157,-13.052711,0.821382
4997,4.997000,-9.860153,-8.353962,-9.709423,-0.150730,-12.871976,0.812752
4998,4.998000,-9.856427,-8.367082,-9.709423,-0.147004,-12.807064,0.822762
4999,4.999000,-9.852407,-8.381028,-9.709423,-0.142984,-12.995705,0.820292
5000,5.000000,-9.848098,-8.395807,-14.113979,4.265881,-55.149628,0.836531
5001,5.001000,-9.843508,-8.413835,-14.113979,4.270471,-79.949654,0.808161
5002,5.002000,-9.838645,-8.437158,-14.113979,4.275334,-100.287361,0.809422
5003,5.003000,-9.833519,-8.467394,-14.113979,4.280460,-106.907646,0.815182
5004,5.004000,-9.828143,-8.505220,-14.113979,4.285836,-105.151062,0.818332
5005,5.005000,-9.822532,-8.550567,-14.113979,4.291447,-101.698982,0.824751
5006,5.006000,-9.816705,-8.603092,-14.113979,4.297274,-93.901169,1.207368
5007,5.007000,-9.810682,-8.662160,-14.113979,4.303297,-79.245567,0.899011
5008,5.008000,-9.804489,-8.726704,-14.113979,4.309490,-68.511314,0.818392
5009,5.009000,-9.798149,-8.795801,-14.113979,4.315830,-61.727772,0.912701
5010,5.010000,-9.791690,-8.868830,-14.113979,4.322289,-55.114365,0.969750
5011,5.011000,-9.785141,-8.945284,-14.113979,4.328838,-49.520897,0.813312
5012,5.012000,-9.778532,-9.024750,-14.113979,4.335447,-44.842316,0.805392
5013,5.013000,-9.771894,-9.106899,-14.113979,4.342085,-40.879284,0.815261
5014,5.014000,-9.765259,-9.191461,-14.113979,4.348720,-37.099815,0.822061
5015,5.015000,-9.758661,-9.278192,-14.113979,4.355318,-33.865257,0.823251
5016,5.016000,-9.752132,-9.366882,-14.113979,4.361847,-31.050226,0.817301
5017,5.017000,-9.745707,-9.457349,-14.113979,4.368271,-29.040003,0.818442
5018,5.018000,-9.739423,-9.549462,-14.113979,4.374556,-27.044111,0.804512
5019,5.019000,-9.733313,-9.643101,-14.113979,4.380666,-24.846020,0.999829
5020,5.020000,-9.727415,-9.738134,-14.113979,4.386563,-22.545290,1.316157
5021,5.021000,-9.721764,-9.834415,-14.113979,4.392215,-20.385616,1.281257
5022,5.022000,-9.716398,-9.931801,-14.113979,4.397581,-18.814762,1.398566
5023,5.023000,-9.711355,-10.030186,-14.113979,4.402624,-17.113646,1.085799
5024,5.024000,-9.706670,-10.129459,-14.113979,4.407308,-15.338582,0.822021
5025,5.025000,-9.702383,-10.229509,-14.113979,4.411596,-13.076344,0.816541
5026,5.026000,-9.698530,-10.330189,-14.113979,4.415449,-9.566929,0.806122
5027,5.027000,-9.695150,-10.431277,-14.113979,4.418828,-6.048222,0.827491
5028,5.028000,-9.692281,-10.532529,-14.113979,4.421698,-2.951368,0.804252
5029,5.029000,-9.689960,-10.633721,-14.113979,4.424019,-0.043375,0.812802
5030,5.030000,-9.688226,-10.734649,-14.113979,4.425753,2.763745,0.820771
5031,5.031000,-9.687115,-10.835124,-14.113979,4.426864,5.811933,0.816712
5032,5.032000,-9.686665,-10.934944,-14.113979,4.427314,8.926799,0.818442
5033,5.033000,-9.686911,-11.033903,-14.113979,4.427068,12.264357,0.807462
5034,5.034000,-9.687889,-11.131781,-14.113979,4.426090,15.816341,0.812762
5035,5.035000,-9.689635,-11.228341,-14.113979,4.424344,20.120180,0.824562
5036,5.036000,-9.692184,-11.323302,-14.113979,4.421794,25.716890,0.819452
5037,5.037000,-9.695570,-11.416297,-14.113979,4.418409,31.848785,0.813202
5038,5.038000,-9.699823,-11.506912,-14.113979,4.414156,36.518665,0.792402
5039,5.039000,-9.704977,-11.594804,-14.113979,4.409002,40.258034,0.820992
5040,5.040000,-9.711061,-11.679711,-14.113979,4.402918,43.195282,1.187288
5041,5.041000,-9.718105,-11.761440,-14.113979,4.395874,47.523064,0.930081
5042,5.042000,-9.726136,-11.839730,-14.113979,4.387843,51.331097,0.811332
5043,5.043000,-9.735178,-11.914335,-14.113979,4.378801,54.410885,0.901411
5044,5.044000,-9.745257,-11.985053,-14.113979,4.368722,56.777084,0.953871
5045,5.045000,-9.756394,-12.051733,-14.113979,4.357585,58.506622,0.812022
5046,5.046000,-9.768612,-12.114273,-14.113979,4.345367,59.780861,0.805792
5047,5.047000,-9.781926,-12.172606,-14.113979,4.332053,60.673714,0.803592
5048,5.048000,-9.796355,-12.226695,-14.113979,4.317624,61.389885,0.801312
5049,5.049000,-9.811913,-12.276516,-14.113979,4.302066,61.852169,0.799963
5050,5.050000,-9.828614,-12.322060,-14.113979,4.285365,62.028320,0.800512
5051,5.051000,-9.846467,-12.363333,-14.113979,4.267512,61.665718,0.806502
5052,5.052000,-9.865483,-12.400376,-14.113979,4.248496,61.020061,0.810362
5053,5.053000,-9.885667,-12.433252,-14.113979,4.228311,60.777046,0.798522
5054,5.054000,-9.907026,-12.462004,-14.113979,4.206953,61.220665,0.791542
5055,5.055000,-9.929562,-12.486625,-14.113979,4.184417,61.937012,0.793203
5056,5.056000,-9.953276,-12.507082,-14.113979,4.160703,62.667606,0.814062
5057,5.057000,-9.978169,-12.523334,-14.113979,4.135810,63.656372,0.853011
5058,5.058000,-10.004237,-12.535320,-14.113979,4.109742,64.701523,1.119578
5059,5.059000,-10.031476,-12.542976,-14.113979,4.082503,65.534599,0.886482
5060,5.060000,-10.059879,-12.546252,-14.113979,4.054100,65.996521,0.813292
5061,5.061000,-10.089439,-12.545120,-14.113979,4.024540,65.983620,0.887951
5062,5.062000,-10.120144,-12.539588,-14.113979,3.993834,65.359848,0.964281
5063,5.063000,-10.151983,-12.529705,-14.113979,3.961996,63.935112,0.811392
5064,5.064000,-10.184942,-12.515581,-14.113979,3.929037,61.582222,0.802422
5065,5.065000,-10.219002,-12.497385,-14.113979,3.894977,58.681709,0.797992
5066,5.066000,-10.254147,-12.475336,-14.113979,3.859832,55.223434,0.809492
5067,5.067000,-10.290356,-12.449689,-14.113979,3.823623,51.588451,0.805352
5068,5.068000,-10.327609,-12.420716,-14.113979,3.786370,48.227650,0.832192
5069,5.069000,-10.365881,-12.388671,-14.113979,3.748098,44.574867,0.808142
5070,5.070000,-10.405149,-12.353815,-14.113979,3.708830,42.197540,0.788783
5071,5.071000,-10.445385,-12.316338,-14.113979,3.668594,40.154427,0.787342
5072,5.072000,-10.486564,-12.276389,-14.113979,3.627415,37.691048,0.793102
5073,5.073000,-10.528656,-12.234129,-14.113979,3.585323,34.755417,0.815322
5074,5.074000,-10.571632,-12.189752,-14.113979,3.542347,32.241119,0.817062
5075,5.075000,-10.615461,-12.143437,-14.113979,3.498518,29.955286,0.796722
5076,5.076000,-10.660112,-12.095346,-14.113979,3.453867,28.071562,1.112779
5077,5.077000,-10.705551,-12.045611,-14.113979,3.408427,26.055565,0.893421
5078,5.078000,-10.751746,-11.994367,-14.113979,3.362233,24.060743,0.806162
5079,5.079000,-10.798661,-11.941748,-14.113979,3.315317,21.942566,0.913291
5080,5.080000,-10.846264,-11.887896,-14.113979,3.267715,20.151503,0.938711
5081,5.081000,-10.894515,-11.832937,-14.113979,3.219463,18.581240,0.799432
5082,5.082000,-10.943382,-11.776981,-14.113979,3.170597,17.002090,0.795652
5083,5.083000,-10.992825,-11.720131,-14.113979,3.121154,15.609750,0.792782
5084,5.084000,-11.042808,-11.662482,-14.113979,3.071171,14.251082,0.815481
5085,5.085000,-11.093293,-11.604127,-14.113979,3.020686,12.763282,0.794822
5086,5.086000,-11.144241,-11.545160,-14.113979,2.969738,11.160484,0.792992
5087,5.087000,-11.195614,-11.485691,-14.113979,2.918365,9.418183,0.798642
5088,5.088000,-11.247373,-11.425834,-14.113979,2.866606,8.153104,0.797732
5089,5.089000,-11.299478,-11.365683,-14.113979,2.814501,6.750245,0.794993
5090,5.090000,-11.351890,-11.305332,-14.113979,2.762089,5.434305,0.832311
5091,5.091000,-11.404569,-11.244867,-14.113979,2.709410,4.111549,0.797842
5092,5.092000,-11.457475,-11.184379,-14.113979,2.656504,2.596701,0.791262
5093,5.093000,-11.510569,-11.123966,-14.113979,2.603409,1.124440,0.788212
5094,5.094000,-11.563811,-11.063728,-14.113979,2.550168,-0.195710,1.183289
5095,5.095000,-11.617159,-11.003755,-14.113979,2.496820,-1.368784,0.925060
5096,5.096000,-11.670576,-10.944127,-14.113979,2.443403,-2.499474,0.788752
5097,5.097000,-11.724020,-10.884920,-14.113979,2.389959,-3.578067,0.913171
5098,5.098000,-11.777452,-10.826202,-14.113979,2.336527,-4.629834,0.984570
5099,5.099000,-11.830834,-10.768042,-14.113979,2.283145,-5.653796,0.780003
5100,5.100000,-11.884124,-10.710506,-14.113979,2.229855,-6.620515,0.790952
5101,5.101000,-11.937285,-10.653657,-14.113979,2.176694,-7.565543,0.794042
5102,5.102000,-11.990278,-10.597557,-14.113979,2.123701,-8.497418,0.789722
5103,5.103000,-12.043065,-10.542263,-14.113979,2.070914,-9.483098,0.794592
5104,5.104000,-12.095606,-10.487840,-14.113979,2.018373,-10.585675,0.794402
5105,5.105000,-12.147865,-10.434357,-14.113979,1.966113,-11.681069,0.794192
5106,5.106000,-12.199806,-10.381886,-14.113979,1.914172,-13.012126,0.813702
5107,5.107000,-12.251391,-10.330513,-14.113979,1.862588,-14.427922,0.793182
5108,5.108000,-12.302583,-10.280330,-14.113979,1.811396,-15.853841,0.781382
5109,5.109000,-12.353347,-10.231435,-14.113979,1.760632,-17.199255,0.787802
5110,5.110000,-12.403649,-10.183915,-14.113979,1.710330,-18.712839,0.789202
5111,5.111000,-12.453453,-10.137871,-14.113979,1.660526,-20.129747,0.792693
5112,5.112000,-12.502727,-10.093396,-14.113979,1.611252,-21.671429,1.236467
5113,5.113000,-12.551437,-10.050589,-14.113979,1.562542,-23.139067,0.913660
5114,5.114000,-12.599553,-10.009547,-14.113979,1.514426,-24.689127,0.804442
5115,5.115000,-12.647040,-9.970369,-14.113979,1.466939,-26.204781,0.909131
5116,5.116000,-12.693871,-9.933155,-14.113979,1.420108,-27.531538,1.028540
5117,5.117000,-12.740015,-9.897990,-14.113979,1.373964,-28.718704,0.806992
5118,5.118000,-12.785444,-9.864950,-14.113979,1.328535,-29.782248,0.796062
5119,5.119000,-12.830130,-9.834100,-14.113979,1.283849,-30.714251,0.790032
5120,5.120000,-12.874048,-9.805496,-14.113979,1.239931,-31.406687,0.791392
5121,5.121000,-12.917171,-9.779179,-14.113979,1.196808,-31.898870,0.788822
5122,5.122000,-12.959476,-9.755172,-14.113979,1.154503,-32.254829,0.811172
5123,5.123000,-13.000940,-9.733491,-14.113979,1.113039,-32.509838,0.790412
5124,5.124000,-13.041540,-9.714143,-14.113979,1.072439,-32.655170,0.779673
5125,5.125000,-13.081256,-9.697127,-14.113979,1.032723,-32.711308,0.787952
5126,5.126000,-13.120069,-9.682437,-14.113979,0.993910,-32.649490,0.789012
5127,5.127000,-13.157958,-9.670061,-14.113979,0.956021,-32.433441,0.806331
5128,5.128000,-13.194909,-9.659974,-14.113979,0.919070,-32.455864,0.813141
5129,5.129000,-13.230903,-9.652167,-14.113979,0.883076,-32.611458,0.801462
5130,5.130000,-13.265926,-9.646639,-14.113979,0.848053,-32.819630,1.320287
5131,5.131000,-13.299965,-9.643398,-14.113979,0.814013,-33.114227,0.879011
5132,5.132000,-13.333007,-9.642457,-14.113979,0.780972,-33.375298,0.792122
5133,5.133000,-13.365039,-9.643830,-14.113979,0.748940,-33.610130,0.852141
5134,5.134000,-13.396052,-9.647526,-14.113979,0.717927,-33.976940,0.983580
5135,5.135000,-13.426036,-9.653565,-14.113979,0.687943,-34.466614,0.793042
5136,5.136000,-13.454984,-9.661972,-14.113979,0.658995,-34.785507,0.787422
5137,5.137000,-13.482888,-9.672765,-14.113979,0.631091,-34.922119,0.784732
5138,5.138000,-13.509744,-9.685951,-14.113979,0.604235,-34.892036,0.771602
5139,5.139000,-13.535546,-9.701520,-14.113979,0.578432,-34.694134,0.794152
5140,5.140000,-13.560292,-9.719455,-14.113979,0.553687,-34.381165,0.794312
5141,5.141000,-13.583980,-9.739723,-14.113979,0.529999,-33.956963,0.784443
5142,5.142000,-13.606609,-9.762287,-14.113979,0.507370,-33.437553,0.786262
5143,5.143000,-13.628181,-9.787104,-14.113979,0.485798,-32.827923,0.787312
5144,5.144000,-13.648695,-9.814122,-14.113979,0.465284,-32.144119,0.792742
5145,5.145000,-13.668156,-9.843288,-14.113979,0.445823,-31.427402,0.808102
5146,5.146000,-13.686567,-9.874544,-14.113979,0.427412,-30.782097,0.773222
5147,5.147000,-13.703934,-9.907837,-14.113979,0.410045,-30.106684,0.777833
5148,5.148000,-13.720261,-9.943113,-14.113979,0.393718,-29.446001,0.784962
5149,5.149000,-13.735558,-9.980322,-14.113979,0.378421,-28.907372,0.906371
5150,5.150000,-13.749833,-10.019420,-14.113979,0.364146,-28.380827,0.803352
5151,5.151000,-13.763094,-10.060365,-14.113979,0.350885,-27.785824,0.790843
5152,5.152000,-13.775353,-10.103114,-14.113979,0.338626,-27.170006,1.053199
5153,5.153000,-13.786619,-10.147620,-14.113979,0.327360,-26.535921,0.795462
5154,5.154000,-13.796906,-10.193835,-14.113979,0.317073,-25.859793,0.789702
5155,5.155000,-13.806228,-10.241708,-14.113979,0.307751,-25.240232,0.783452
5156,5.156000,-13.814597,-10.291193,-14.113979,0.299382,-24.675306,0.788062
5157,5.157000,-13.822031,-10.342244,-14.113979,0.291948,-24.059130,0.799763
5158,5.158000,-13.828544,-10.394817,-14.113979,0.285435,-23.453669,0.778022
5159,5.159000,-13.834153,-10.448866,-14.113979,0.279826,-22.910105,0.790312
5160,5.160000,-13.838877,-10.504350,-14.113979,0.275102,-22.574230,0.783473
5161,5.161000,-13.842732,-10.561240,-14.113979,0.271246,-22.219748,0.794292
5162,5.162000,-13.845741,-10.619508,-14.113979,0.268238,-21.843012,0.801202
5163,5.163000,-13.847923,-10.679128,-14.113979,0.266056,-21.378229,0.787602
5164,5.164000,-13.849296,-10.740066,-14.113979,0.264683,-20.837711,0.781572
5165,5.165000,-13.849885,-10.802282,-14.113979,0.264094,-20.182779,0.772752
5166,5.166000,-13.849712,-10.865730,-14.113979,0.264267,-19.478331,0.787232
5167,5.167000,-13.848798,-10.930359,-14.113979,0.265180,-18.712519,1.061359
5168,5.168000,-13.847170,-10.996109,-14.113979,0.266809,-17.908510,0.867341
5169,5.169000,-13.844850,-11.062924,-14.113979,0.269129,-17.066940,0.786122
5170,5.170000,-13.841864,-11.130741,-14.113979,0.272115,-16.229744,0.884661
5171,5.171000,-13.838237,-11.199500,-14.113979,0.275742,-15.574615,1.054910
5172,5.172000,-13.833997,-11.269149,-14.113979,0.279982,-14.867667,0.799062
5173,5.173000,-13.829169,-11.339640,-14.113979,0.284810,-14.031169,0.793492
5174,5.174000,-13.823780,-11.410914,-14.113979,0.290199,-13.017211,0.782873
5175,5.175000,-13.817859,-11.482902,-14.113979,0.296120,-11.873461,0.789702
5176,5.176000,-13.811433,-11.555524,-14.113979,0.302546,-10.508271,0.784612
5177,5.177000,-13.804532,-11.628687,-14.113979,0.309447,-9.085212,0.795662
5178,5.178000,-13.797184,-11.702289,-14.113979,0.316794,-7.757700,0.807182
5179,5.179000,-13.789419,-11.776236,-14.113979,0.324559,-6.380679,0.781642
5180,5.180000,-13.781266,-11.850429,-14.113979,0.332713,-5.168232,0.780012
5181,5.181000,-13.772755,-11.924783,-14.113979,0.341224,-3.943064,0.781372
5182,5.182000,-13.763915,-11.999214,-14.113979,0.350064,-2.711770,0.797062
5183,5.183000,-13.754777,-12.073639,-14.113979,0.359202,-1.444084,0.793662
5184,5.184000,-13.745371,-12.147973,-14.113979,0.368608,-0.186490,0.804653
5185,5.185000,-13.735726,-12.222130,-14.113979,0.378252,1.092436,1.183808
5186,5.186000,-13.725875,-12.296025,-14.113979,0.388104,2.176023,0.874091
5187,5.187000,-13.715845,-12.369582,-14.113979,0.398133,3.249168,0.780133
5188,5.188000,-13.705669,-12.442731,-14.113979,0.408310,4.481995,0.785762
5189,5.189000,-13.695375,-12.515392,-14.113979,0.418604,5.778683,0.883942
5190,5.190000,-13.684994,-12.587479,-14.113979,0.428985,7.044184,1.059309
5191,5.191000,-13.674555,-12.658907,-14.113979,0.439424,8.155483,0.780272
5192,5.192000,-13.664089,-12.729601,-14.113979,0.449890,9.217497,0.771082
5193,5.193000,-13.653623,-12.799490,-14.113979,0.460356,10.322825,0.769522
5194,5.194000,-13.643188,-12.868503,-14.113979,0.470791,11.681867,0.784872
5195,5.195000,-13.632811,-12.936553,-14.113979,0.481168,13.142743,0.819032
5196,5.196000,-13.622521,-13.003546,-14.113979,0.491458,14.785090,0.786232
5197,5.197000,-13.612347,-13.069371,-14.113979,0.501632,16.690439,0.784013
5198,5.198000,-13.602314,-13.133904,-14.113979,0.511665,18.422447,0.779602
5199,5.199000,-13.592450,-13.197024,-14.113979,0.521528,19.945419,0.776952
5200,5.200000,-13.582782,-13.258627,-14.113979,0.531197,21.499817,0.782762
5201,5.201000,-13.573335,-13.318611,-14.113979,0.540644,23.716661,0.788542
5202,5.202000,-13.564134,-13.376838,-14.113979,0.549845,25.822969,0.772453
5203,5.203000,-13.555204,-13.433164,-14.113979,0.558775,27.677948,0.800312
5204,5.204000,-13.546567,-13.487464,-14.113979,0.567412,29.231985,1.077569
5205,5.205000,-13.538247,-13.539633,-14.113979,0.575732,30.508841,0.778783
5206,5.206000,-13.530266,-13.589588,-14.113979,0.583713,31.513868,0.799532
5207,5.207000,-13.522643,-13.637266,-14.113979,0.591336,32.328388,1.071299
5208,5.208000,-13.515400,-13.682623,-14.113979,0.598579,33.003738,0.885031
5209,5.209000,-13.508554,-13.725621,-14.113979,0.605425,33.559628,0.780582
5210,5.210000,-13.502125,-13.766236,-14.113979,0.611853,34.212414,0.781653
5211,5.211000,-13.496129,-13.804434,-14.113979,0.617850,34.803741,0.791432
5212,5.212000,-13.490582,-13.840184,-14.113979,0.623396,35.365223,0.784422
5213,5.213000,-13.485499,-13.873456,-14.113979,0.628480,35.813129,0.770293
5214,5.214000,-13.480893,-13.904230,-14.113979,0.633086,36.193901,0.772532
5215,5.215000,-13.476778,-13.932484,-14.113979,0.637201,36.932629,0.770033
5216,5.216000,-13.473164,-13.958181,-14.113979,0.640815,37.905540,0.788972
5217,5.217000,-13.470064,-13.981266,-14.113979,0.643915,38.983849,0.796002
5218,5.218000,-13.467484,-14.001668,-14.113979,0.646494,39.944107,0.789152
5219,5.219000,-13.465436,-14.019327,-14.113979,0.648543,40.876026,0.771442
5220,5.220000,-13.463925,-14.034183,-14.113979,0.650054,41.635803,0.765663
5221,5.221000,-13.462958,-14.046188,-14.113979,0.651021,42.327972,0.804482
5222,5.222000,-13.462538,-14.055301,-14.113979,0.651440,42.672470,1.060790
5223,5.223000,-13.462671,-14.061503,-14.113979,0.651308,42.701874,0.883901
5224,5.224000,-13.463356,-14.064801,-14.113979,0.650622,42.477379,0.775362
5225,5.225000,-13.464597,-14.065217,-14.113979,0.649382,41.965092,0.889231
5226,5.226000,-13.466392,-14.062797,-14.113979,0.647586,41.405785,1.044839
5227,5.227000,-13.468740,-14.057591,-14.113979,0.645239,40.615253,0.776742
5228,5.228000,-13.471638,-14.049664,-14.113979,0.642341,39.384300,0.798032
5229,5.229000,-13.475083,-14.039106,-14.113979,0.638896,37.644276,0.792732
5230,5.230000,-13.479068,-14.026044,-14.113979,0.634910,35.749886,0.790782
5231,5.231000,-13.483590,-14.010618,-14.113979,0.630389,33.883762,0.775002
5232,5.232000,-13.488639,-13.992971,-14.113979,0.625340,31.990297,0.789083
5233,5.233000,-13.494209,-13.973242,-14.113979,0.619770,30.150370,0.764912
5234,5.234000,-13.500289,-13.951566,-14.113979,0.613690,28.359867,0.795442
5235,5.235000,-13.506871,-13.928072,-14.113979,0.607108,26.529709,0.784672
5236,5.236000,-13.513942,-13.902890,-14.113979,0.600036,24.578920,0.778812
5237,5.237000,-13.521492,-13.876155,-14.113979,0.592486,22.483608,0.795752
5238,5.238000,-13.529509,-13.848013,-14.113979,0.584470,20.790808,0.779672
5239,5.239000,-13.537980,-13.818587,-14.113979,0.575999,19.598488,0.787562
5240,5.240000,-13.546890,-13.787965,-14.113979,0.567089,18.402828,0.769523
5241,5.241000,-13.556226,-13.756227,-14.113979,0.557753,17.246166,0.957810
5242,5.242000,-13.565972,-13.723450,-14.113979,0.548007,16.091116,0.764853
5243,5.243000,-13.576115,-13.689710,-14.113979,0.537864,14.907324,0.780042
5244,5.244000,-13.586638,-13.655085,-14.113979,0.527341,13.720806,1.102649
5245,5.245000,-13.597524,-13.619655,-14.113979,0.516455,12.513113,0.896371
5246,5.246000,-13.608758,-13.583503,-14.113979,0.505221,11.397470,0.781302
5247,5.247000,-13.620323,-13.546705,-14.113979,0.493656,10.462474,0.774663
5248,5.248000,-13.632200,-13.509327,-14.113979,0.481779,9.840289,0.780012
5249,5.249000,-13.644373,-13.471413,-14.113979,0.469606,9.132463,0.777232
5250,5.250000,-13.656823,-13.433011,-14.113979,0.457156,8.267727,0.790492
5251,5.251000,-13.669533,-13.394171,-14.113979,0.444446,7.379999,0.788652
5252,5.252000,-13.682484,-13.354955,-14.113979,0.431495,6.457830,0.773492
5253,5.253000,-13.695657,-13.315425,-14.113979,0.418322,5.567442,0.765332
5254,5.254000,-13.709034,-13.275641,-14.113979,0.404945,4.616945,0.781442
5255,5.255000,-13.722595,-13.235669,-14.113979,0.391384,3.495906,0.773492
5256,5.256000,-13.736322,-13.195584,-14.113979,0.377657,2.558638,0.777782
5257,5.257000,-13.750194,-13.155451,-14.113979,0.363785,1.666938,0.791502
5258,5.258000,-13.764193,-13.115334,-14.113979,0.349786,0.683119,0.792182
5259,5.259000,-13.778300,-13.075295,-14.113979,0.335679,-0.224144,1.058890
5260,5.260000,-13.792495,-13.035397,-14.113979,0.321484,-1.090964,0.867091
5261,5.261000,-13.806758,-12.995700,-14.113979,0.307221,-1.880656,0.774203
5262,5.262000,-13.821071,-12.956256,-14.113979,0.292908,-2.657462,0.928270
5263,5.263000,-13.835415,-12.917115,-14.113979,0.278564,-3.411105,0.965840
5264,5.264000,-13.849769,-12.878328,-14.113979,0.264210,-4.119233,0.768262
5265,5.265000,-13.864117,-12.839939,-14.113979,0.249862,-4.783687,0.766332
5266,5.266000,-13.878437,-12.801994,-14.113979,0.235542,-5.440484,0.775442
5267,5.267000,-13.892712,-12.764535,-14.113979,0.221267,-6.138753,0.772622
5268,5.268000,-13.906923,-12.727605,-14.113979,0.207055,-6.793992,0.794062
5269,5.269000,-13.921053,-12.691247,-14.113979,0.192926,-7.391152,0.784622
5270,5.270000,-13.935083,-12.655500,-14.113979,0.178895,-7.958155,0.782712
5271,5.271000,-13.948995,-12.620402,-14.113979,0.164984,-8.531256,0.758482
5272,5.272000,-13.962772,-12.585986,-14.113979,0.151207,-9.164053,0.769062
5273,5.273000,-13.976397,-12.552295,-14.113979,0.137582,-9.824935,0.782292
5274,5.274000,-13.989851,-12.519369,-14.113979,0.124128,-10.474916,0.787422
5275,5.275000,-14.003122,-12.487251,-14.113979,0.110857,-11.114339,0.780312
5276,5.276000,-14.016189,-12.455981,-14.113979,0.097790,-11.740394,0.779083
5277,5.277000,-14.029039,-12.425601,-14.113979,0.084940,-12.328479,0.786092
5278,5.278000,-14.041655,-12.396150,-14.113979,0.072324,-13.021665,1.134869
5279,5.279000,-14.054023,-12.367668,-14.113979,0.059955,-13.681476,0.799552
5280,5.280000,-14.066129,-12.340199,-14.113979,0.047850,-14.297036,0.784362
5281,5.281000,-14.077958,-12.313783,-14.113979,0.036021,-14.875870,1.044469
5282,5.282000,-14.089497,-12.288456,-14.113979,0.024482,-15.418206,0.985100
5283,5.283000,-14.100733,-12.264253,-14.113979,0.013246,-15.890217,0.776502
5284,5.284000,-14.111651,-12.241202,-14.113979,0.002327,-16.319918,0.790162
5285,5.285000,-14.122242,-12.219328,-14.113979,-0.008263,-16.714418,0.770683
5286,5.286000,-14.132493,-12.198655,-14.113979,-0.018514,-17.067604,0.776312
5287,5.287000,-14.142393,-12.179201,-14.113979,-0.028414,-17.356449,0.775483
5288,5.288000,-14.151933,-12.160985,-14.113979,-0.037954,-17.555555,0.795382
5289,5.289000,-14.161100,-12.144014,-14.113979,-0.047121,-17.794628,0.771042
5290,5.290000,-14.169888,-12.128300,-14.113979,-0.055909,-18.062164,0.790562
5291,5.291000,-14.178287,-12.113856,-14.113979,-0.064308,-18.290840,0.784122
5292,5.292000,-14.186288,-12.100694,-14.113979,-0.072310,-18.487225,0.765563
5293,5.293000,-14.193885,-12.088824,-14.113979,-0.079906,-18.645332,0.792262
5294,5.294000,-14.201071,-12.078250,-14.113979,-0.087092,-18.787594,0.777343
5295,5.295000,-14.207838,-12.068983,-14.113979,-0.093860,-18.884069,0.785992
5296,5.296000,-14.214183,-12.061020,-14.113979,-0.100204,-18.926527,1.036650
5297,5.297000,-14.220098,-12.054365,-14.113979,-0.106119,-18.945709,0.872061
5298,5.298000,-14.225581,-12.049013,-14.113979,-0.111602,-18.944139,0.780142
5299,5.299000,-14.230627,-12.044959,-14.113979,-0.116648,-18.907274,0.876301
5300,5.300000,-14.235233,-12.042198,-14.113979,-0.121254,-18.916042,0.909101
5301,5.301000,-14.239397,-12.040724,-14.113979,-0.125418,-18.923809,0.797322
5302,5.302000,-14.243116,-12.040536,-14.113979,-0.129137,-18.866274,0.794973
5303,5.303000,-14.246389,-12.041625,-14.113979,-0.132410,-18.783203,0.770392
5304,5.304000,-14.249216,-12.043982,-14.113979,-0.135237,-18.626940,0.759403
5305,5.305000,-14.251596,-12.047595,-14.113979,-0.137617,-18.410807,0.770792
5306,5.306000,-14.253531,-12.052443,-14.113979,-0.139552,-18.097103,0.796553
5307,5.307000,-14.255020,-12.058504,-14.113979,-0.141041,-17.724913,0.795432
5308,5.308000,-14.256066,-12.065748,-14.113979,-0.142087,-17.316835,0.861311
5309,5.309000,-14.256671,-12.074141,-14.113979,-0.142692,-16.869421,0.798932
5310,5.310000,-14.256837,-12.083651,-14.113979,-0.142859,-16.400383,0.781402
5311,5.311000,-14.256570,-12.094239,-14.113979,-0.142591,-15.953565,0.761122
5312,5.312000,-14.255871,-12.105873,-14.113979,-0.141892,-15.516906,0.770463
5313,5.313000,-14.254747,-12.118519,-14.113979,-0.140768,-15.352807,0.784262
5314,5.314000,-14.253199,-12.132159,-14.113979,-0.139221,-15.448886,0.787032
5315,5.315000,-14.251238,-12.146796,-14.113979,-0.137259,-15.529213,1.036209
5316,5.316000,-14.248866,-12.162437,-14.113979,-0.134887,-15.544388,0.775793
5317,5.317000,-14.246090,-12.179081,-14.113979,-0.132111,-15.691003,0.777452
5318,5.318000,-14.242917,-12.196739,-14.113979,-0.128939,-15.944145,1.075420
5319,5.319000,-14.239357,-12.215425,-14.113979,-0.125378,-16.136084,0.935671
5320,5.320000,-14.235415,-12.235152,-14.113979,-0.121436,-16.247572,0.781552
5321,5.321000,-14.231101,-12.255928,-14.113979,-0.117122,-16.258839,0.781902
5322,5.322000,-14.226423,-12.277753,-14.113979,-0.112445,-16.103745,0.784793
5323,5.323000,-14.221392,-12.300613,-14.113979,-0.107413,-15.847705,0.772862
5324,5.324000,-14.216017,-12.324491,-14.113979,-0.102038,-15.519822,0.776933
5325,5.325000,-14.210308,-12.349358,-14.113979,-0.096330,-15.265813,0.778132
5326,5.326000,-14.204277,-12.375192,-14.113979,-0.090299,-15.024808,0.770432
5327,5.327000,-14.197936,-12.401972,-14.113979,-0.083957,-14.803620,0.772292
5328,5.328000,-14.191295,-12.429680,-14.113979,-0.077316,-14.541141,0.780992
5329,5.329000,-14.184367,-12.458295,-14.113979,-0.070389,-14.237211,0.786203
5330,5.330000,-14.177166,-12.487795,-14.113979,-0.063187,-13.894404,0.779302
5331,5.331000,-14.169704,-12.518153,-14.113979,-0.055725,-13.494616,0.767093
5332,5.332000,-14.161994,-12.549341,-14.113979,-0.048015,-13.005886,0.789882
5333,5.333000,-14.154052,-12.581324,-14.113979,-0.040073,-12.478221,1.035660
5334,5.334000,-14.145890,-12.614063,-14.113979,-0.031911,-11.921343,0.852841
5335,5.335000,-14.137523,-12.647517,-14.113979,-0.023545,-11.329127,0.777963
5336,5.336000,-14.128969,-12.681643,-14.113979,-0.014990,-10.713338,0.904311
5337,5.337000,-14.120240,-12.716398,-14.113979,-0.006261,-10.073897,1.014630
5338,5.338000,-14.111352,-12.751735,-14.113979,0.002627,-9.396405,0.777862
5339,5.339000,-14.102322,-12.787607,-14.113979,0.011657,-8.805223,0.773242
5340,5.340000,-14.093166,-12.823971,-14.113979,0.020813,-8.181437,0.777632
5341,5.341000,-14.083900,-12.860784,-14.113979,0.030079,-7.566884,0.779523
5342,5.342000,-14.074540,-12.898003,-14.113979,0.039439,-6.968227,0.779252
5343,5.343000,-14.065103,-12.935586,-14.113979,0.048876,-6.305399,0.770333
5344,5.344000,-14.055606,-12.973488,-14.113979,0.058373,-5.633278,0.770062
5345,5.345000,-14.046066,-13.011664,-14.113979,0.067913,-4.944182,0.767633
5346,5.346000,-14.036501,-13.050066,-14.113979,0.077477,-4.235152,0.771332
5347,5.347000,-14.026927,-13.088645,-14.113979,0.087052,-3.465789,0.776732
5348,5.348000,-14.017362,-13.127350,-14.113979,0.096617,-2.664887,0.782062
5349,5.349000,-14.007822,-13.166126,-14.113979,0.106157,-1.847502,0.767502
5350,5.350000,-13.998326,-13.204918,-14.113979,0.115653,-0.909704,0.768402
5351,5.351000,-13.988891,-13.243663,-14.113979,0.125088,0.141185,0.764012
5352,5.352000,-13.979533,-13.282288,-14.113979,0.134446,1.370768,1.166508
5353,5.353000,-13.970271,-13.320713,-14.113979,0.143708,2.456190,0.780073
5354,5.354000,-13.961120,-13.358861,-14.113979,0.152859,3.576884,0.776212
5355,5.355000,-13.952099,-13.396655,-14.113979,0.161880,4.694115,1.074589
5356,5.356000,-13.943224,-13.434021,-14.113979,0.170755,5.790721,0.870561
5357,5.357000,-13.934512,-13.470882,-14.113979,0.179467,6.847011,0.782242
5358,5.358000,-13.925979,-13.507171,-14.113979,0.188000,7.851941,0.776992
5359,5.359000,-13.917640,-13.542820,-14.113979,0.196339,8.664693,0.781072
5360,5.360000,-13.909513,-13.577774,-14.113979,0.204466,9.568172,0.770453
5361,5.361000,-13.901611,-13.611976,-14.113979,0.212368,10.633376,0.772132
5362,5.362000,-13.893952,-13.645361,-14.113979,0.220027,11.859176,0.786503
5363,5.363000,-13.886548,-13.677849,-14.113979,0.227431,13.105166,0.773012
5364,5.364000,-13.879415,-13.709358,-14.113979,0.234564,14.435086,0.778213
5365,5.365000,-13.872567,-13.739799,-14.113979,0.241412,15.779449,0.777242
5366,5.366000,-13.866016,-13.769083,-14.113979,0.247963,17.261173,0.776533
5367,5.367000,-13.859775,-13.797112,-14.113979,0.254203,19.017990,0.775712
5368,5.368000,-13.853858,-13.823772,-14.113979,0.260121,20.595188,0.782002
5369,5.369000,-13.848275,-13.848956,-14.113979,0.265704,21.993196,0.776943
5370,5.370000,-13.843038,-13.872568,-14.113979,0.270941,24.125757,1.108149
5371,5.371000,-13.838157,-13.894475,-14.113979,0.275822,26.249582,0.865822
5372,5.372000,-13.833641,-13.914536,-14.113979,0.280337,28.145037,0.765222
5373,5.373000,-13.829501,-13.932619,-14.113979,0.284478,29.624647,0.771162
5374,5.374000,-13.825742,-13.948625,-14.113979,0.288237,30.734133,0.868501
5375,5.375000,-13.822374,-13.962478,-14.113979,0.291605,31.584875,0.898911
5376,5.376000,-13.819401,-13.974131,-14.113979,0.294578,32.118958,0.778913
5377,5.377000,-13.816829,-13.983554,-14.113979,0.297150,32.335979,0.779382
5378,5.378000,-13.814662,-13.990742,-14.113979,0.299317,32.347767,0.782332
5379,5.379000,-13.812904,-13.995706,-14.113979,0.301075,32.188347,0.786842
5380,5.380000,-13.811557,-13.998468,-14.113979,0.302422,31.824175,0.789762
5381,5.381000,-13.810622,-13.999064,-14.113979,0.303357,31.225800,0.769853
5382,5.382000,-13.810101,-13.997545,-14.113979,0.303878,30.440577,0.776342
5383,5.383000,-13.809992,-13.993972,-14.113979,0.303987,29.495001,0.773813
5384,5.384000,-13.810295,-13.988421,-14.113979,0.303684,28.531002,0.781332
5385,5.385000,-13.811006,-13.980968,-14.113979,0.302973,27.244438,0.778542
5386,5.386000,-13.812125,-13.971703,-14.113979,0.301854,25.745270,0.795572
5387,5.387000,-13.813645,-13.960739,-14.113979,0.300334,24.198296,0.783102
5388,5.388000,-13.815565,-13.948188,-14.113979,0.298414,22.627478,0.770563
5389,5.389000,-13.817876,-13.934164,-14.113979,0.296103,21.188808,1.246617
5390,5.390000,-13.820574,-13.918774,-14.113979,0.293404,20.092140,0.782843
5391,5.391000,-13.823654,-13.902100,-14.113979,0.290325,19.109461,0.805422
5392,5.392000,-13.827106,-13.884215,-14.113979,0.286873,18.210285,1.077739
5393,5.393000,-13.830925,-13.865177,-14.113979,0.283054,17.335718,0.890171
5394,5.394000,-13.835100,-13.845049,-14.113979,0.278879,16.426775,0.794412
5395,5.395000,-13.839625,-13.823889,-14.113979,0.274354,15.493307,0.766192
5396,5.396000,-13.844489,-13.801761,-14.113979,0.269490,14.537371,0.769143
5397,5.397000,-13.849682,-13.778730,-14.113979,0.264297,13.574285,0.780092
5398,5.398000,-13.855196,-13.754864,-14.113979,0.258783,12.644488,0.794602
5399,5.399000,-13.861018,-13.730226,-14.113979,0.252961,11.800300,0.772942
5400,5.400000,-13.867138,-13.704876,-14.113979,0.246840,10.981602,0.783052
5401,5.401000,-13.873546,-13.678871,-14.113979,0.240433,10.359895,0.772673
5402,5.402000,-13.880229,-13.652256,-14.113979,0.233750,9.820926,0.763792
5403,5.403000,-13.887176,-13.625067,-14.113979,0.226803,9.261279,0.779233
5404,5.404000,-13.894373,-13.597340,-14.113979,0.219606,8.635140,0.779822
5405,5.405000,-13.901808,-13.569118,-14.113979,0.212170,7.976504,0.781912
5406,5.406000,-13.909470,-13.540442,-14.113979,0.204509,7.310589,0.771882
5407,5.407000,-13.917345,-13.511361,-14.113979,0.196634,6.621602,1.098329
5408,5.408000,-13.925419,-13.481919,-14.113979,0.188560,5.919160,0.874262
5409,5.409000,-13.933679,-13.452167,-14.113979,0.180300,5.230129,0.782802
5410,5.410000,-13.942111,-13.422151,-14.113979,0.171868,4.510908,0.914201
5411,5.411000,-13.950702,-13.391920,-14.113979,0.163277,3.721904,0.899841
5412,5.412000,-13.959438,-13.361529,-14.113979,0.154541,2.934592,0.783143
5413,5.413000,-13.968305,-13.331031,-14.113979,0.145674,2.154639,0.793242
5414,5.414000,-13.977288,-13.300480,-14.113979,0.136691,1.374277,0.778232
5415,5.415000,-13.986374,-13.269930,-14.113979,0.127605,0.596760,0.774812
5416,5.416000,-13.995549,-13.239432,-14.113979,0.118430,-0.040817,0.780462
5417,5.417000,-14.004797,-13.209033,-14.113979,0.109182,-0.500576,0.784653
5418,5.418000,-14.014105,-13.178763,-14.113979,0.099874,-0.902251,0.793872
5419,5.419000,-14.023459,-13.148649,-14.113979,0.090520,-1.314316,0.792222
5420,5.420000,-14.032845,-13.118714,-14.113979,0.081134,-1.761432,0.784382
5421,5.421000,-14.042247,-13.088989,-14.113979,0.071732,-2.183575,0.786152
5422,5.422000,-14.051654,-13.059497,-14.113979,0.062325,-2.596643,0.765772
5423,5.423000,-14.061051,-13.030267,-14.113979,0.052928,-3.054026,0.773862
5424,5.424000,-14.070424,-13.001328,-14.113979,0.043555,-3.526895,0.776682
5425,5.425000,-14.079758,-12.972710,-14.113979,0.034221,-4.013094,0.811152
5426,5.426000,-14.089041,-12.944445,-14.113979,0.024938,-4.504142,1.135368
5427,5.427000,-14.098259,-12.916565,-14.113979,0.015720,-4.996759,0.775873
5428,5.428000,-14.107399,-12.889103,-14.113979,0.006580,-5.483397,0.780572
5429,5.429000,-14.116448,-12.862092,-14.113979,-0.002469,-5.963964,1.062650
5430,5.430000,-14.125393,-12.835562,-14.113979,-0.011414,-6.428928,0.908521
5431,5.431000,-14.134221,-12.809544,-14.113979,-0.020242,-6.863051,0.824002
5432,5.432000,-14.142919,-12.784066,-14.113979,-0.028940,-7.288133,0.822992
5433,5.433000,-14.151477,-12.759155,-14.113979,-0.037498,-7.704591,0.832352
5434,5.434000,-14.159881,-12.734838,-14.113979,-0.045902,-8.115127,0.818962
5435,5.435000,-14.168119,-12.711140,-14.113979,-0.054140,-8.520255,0.818412
5436,5.436000,-14.176182,-12.688087,-14.113979,-0.062203,-8.949069,0.831521
5437,5.437000,-14.184057,-12.665706,-14.113979,-0.070078,-9.400477,0.821771
5438,5.438000,-14.191733,-12.644025,-14.113979,-0.077754,-9.842174,0.821122
5439,5.439000,-14.199201,-12.623072,-14.113979,-0.085222,-10.272219,0.825512
5440,5.440000,-14.206449,-12.602874,-14.113979,-0.092470,-10.687222,0.815782
5441,5.441000,-14.213468,-12.583458,-14.113979,-0.099489,-11.076705,0.823712
5442,5.442000,-14.220250,-12.564849,-14.113979,-0.106271,-11.428551,0.822562
5443,5.443000,-14.226784,-12.547068,-14.113979,-0.112805,-11.765414,0.842032
5444,5.444000,-14.233062,-12.530134,-14.113979,-0.119083,-12.086772,0.906591
5445,5.445000,-14.239075,-12.514068,-14.113979,-0.125096,-12.387706,0.824892
5446,5.446000,-14.244815,-12.498887,-14.113979,-0.130837,-12.686375,0.812182
5447,5.447000,-14.250277,-12.484607,-14.113979,-0.136298,-13.001369,1.007250
5448,5.448000,-14.255452,-12.471248,-14.113979,-0.141473,-13.269343,0.960691
5449,5.449000,-14.260334,-12.458826,-14.113979,-0.146355,-13.517475,0.842381
5450,5.450000,-14.264915,-12.447354,-14.113979,-0.150936,-13.752975,0.830762
5451,5.451000,-14.269192,-12.436846,-14.113979,-0.155213,-13.958053,0.815642
5452,5.452000,-14.273158,-12.427311,-14.113979,-0.159179,-14.127918,0.826592
5453,5.453000,-14.276809,-12.418760,-14.113979,-0.162830,-14.252858,0.819192
5454,5.454000,-14.280140,-12.411197,-14.113979,-0.166161,-14.373363,0.813452
5455,5.455000,-14.283147,-12.404628,-14.113979,-0.169168,-14.475903,0.808722
5456,5.456000,-14.285828,-12.399057,-14.113979,-0.171849,-14.553582,0.806292
5457,5.457000,-14.288179,-12.394484,-14.113979,-0.174200,-14.632642,0.810632
5458,5.458000,-14.290198,-12.390913,-14.113979,-0.176219,-14.696088,0.822731
5459,5.459000,-14.291881,-12.388344,-14.113979,-0.177903,-14.733681,0.816011
5460,5.460000,-14.293230,-12.386777,-14.113979,-0.179251,-14.744940,0.814251
5461,5.461000,-14.294241,-12.386211,-14.113979,-0.180262,-14.704173,0.996460
5462,5.462000,-14.294915,-12.386639,-14.113979,-0.180936,-14.603122,0.927490
5463,5.463000,-14.295251,-12.388052,-14.113979,-0.181272,-14.475568,0.827511
5464,5.464000,-14.295250,-12.390439,-14.113979,-0.181272,-14.303596,0.815041
5465,5.465000,-14.294913,-12.393783,-14.113979,-0.180934,-14.056332,1.130948
5466,5.466000,-14.294241,-12.398066,-14.113979,-0.180262,-13.813902,0.810272
5467,5.467000,-14.293236,-12.403268,-14.113979,-0.179257,-13.600772,0.815551
5468,5.468000,-14.291901,-12.409369,-14.113979,-0.177922,-13.371173,0.818991
5469,5.469000,-14.290237,-12.416353,-14.113979,-0.176258,-13.111904,0.804603
5470,5.470000,-14.288248,-12.424198,-14.113979,-0.174269,-12.890454,0.799152
5471,5.471000,-14.285937,-12.432886,-14.113979,-0.171958,-12.732198,0.809422
5472,5.472000,-14.283309,-12.442404,-14.113979,-0.169330,-12.651155,0.822232
5473,5.473000,-14.280367,-12.452744,-14.113979,-0.166389,-12.561103,0.813302
5474,5.474000,-14.277117,-12.463897,-14.113979,-0.163138,-12.443156,0.824192
5475,5.475000,-14.273564,-12.475855,-14.113979,-0.159585,-12.307741,0.821482
5476,5.476000,-14.269712,-12.488609,-14.113979,-0.155733,-12.150951,0.804292
5477,5.477000,-14.265569,-12.502144,-14.113979,-0.151590,-12.066278,0.811432
5478,5.478000,-14.261140,-12.516453,-14.113979,-0.147161,-12.221593,0.796022
5479,5.479000,-14.256433,-12.531543,-14.113979,-0.142454,-12.352937,1.142359
5480,5.480000,-14.251453,-12.547420,-14.113979,-0.137474,-12.455272,0.903581
5481,5.481000,-14.246210,-12.564095,-14.113979,-0.132231,-12.522626,0.808352
5482,5.482000,-14.240710,-12.581567,-14.113979,-0.126731,-12.536088,0.884271
5483,5.483000,-14.234961,-12.599840,-14.113979,-0.120982,-12.497485,0.948321
5484,5.484000,-14.228973,-12.618909,-14.113979,-0.114994,-12.413709,0.810462
5485,5.485000,-14.222754,-12.638766,-14.113979,-0.108775,-12.281026,0.808442
5486,5.486000,-14.216314,-12.659400,-14.113979,-0.102335,-12.101661,0.804902
5487,5.487000,-14.209663,-12.680797,-14.113979,-0.095684,-11.851911,0.802422
5488,5.488000,-14.202810,-12.702936,-14.113979,-0.088831,-11.557364,0.805182
5489,5.489000,-14.195765,-12.725795,-14.113979,-0.081786,-11.226661,0.810982
5490,5.490000,-14.188540,-12.749350,-14.113979,-0.074561,-10.854161,0.826012
5491,5.491000,-14.181145,-12.773571,-14.113979,-0.067166,-10.441598,0.815402
5492,5.492000,-14.173593,-12.798430,-14.113979,-0.059614,-9.991284,0.802212
5493,5.493000,-14.165893,-12.823893,-14.113979,-0.051914,-9.511300,0.806492
5494,5.494000,-14.158058,-12.849923,-14.113979,-0.044079,-9.066075,0.795952
5495,5.495000,-14.150102,-12.876491,-14.113979,-0.036123,-8.601571,0.799892
5496,5.496000,-14.142035,-12.903562,-14.113979,-0.028056,-8.113460,0.808462
5497,5.497000,-14.133870,-12.931100,-14.113979,-0.019891,-7.592442,1.116829
5498,5.498000,-14.125620,-12.959072,-14.113979,-0.011641,-7.035777,0.895181
5499,5.499000,-14.117298,-12.987436,-14.113979,-0.003319,-6.471402,0.800182
5500,5.500000,-14.108919,-13.016154,20.614474,-34.723393,112.097595,0.879501
5501,5.501000,-14.100493,-13.038426,20.614474,-34.714967,112.020050,0.955211
5502,5.502000,-14.092032,-13.052497,20.614474,-34.706506,112.002831,0.808152
5503,5.503000,-14.083545,-13.058132,20.614474,-34.698019,111.994835,0.799922
5504,5.504000,-14.075036,-13.055481,20.614474,-34.689510,111.994942,0.802802
5505,5.505000,-14.066507,-13.044755,20.614474,-34.680981,111.995216,0.812572
5506,5.506000,-14.057959,-13.026133,20.614474,-34.672433,111.995544,0.835302
5507,5.507000,-14.049385,-12.999750,20.614474,-34.663859,111.995934,0.815102
5508,5.508000,-14.040780,-12.965707,20.614474,-34.655254,111.996346,0.797152
5509,5.509000,-14.032134,-12.924075,20.614474,-34.646608,111.996773,0.792422
5510,5.510000,-14.023435,-12.874908,20.614474,-34.637909,111.997276,0.789683
5511,5.511000,-14.014669,-12.818248,20.614474,-34.629143,111.997932,0.804392
5512,5.512000,-14.005816,-12.754124,20.614474,-34.620290,111.998672,0.812822
5513,5.513000,-13.996858,-12.682563,20.614474,-34.611332,111.999474,0.813912
5514,5.514000,-13.987772,-12.603589,20.614474,-34.602245,112.000389,0.803292
5515,5.515000,-13.978530,-12.517220,20.614474,-34.593004,112.001411,1.116749
5516,5.516000,-13.969106,-12.423472,20.614474,-34.583580,112.002525,0.887661
5517,5.517000,-13.959469,-12.322364,20.614474,-34.573943,112.003807,0.808361
5518,5.518000,-13.949584,-12.213910,20.614474,-34.564058,112.005226,0.887761
5519,5.519000,-13.939416,-12.098125,20.614474,-34.553890,112.006721,0.965780
5520,5.520000,-13.928927,-11.975022,20.614474,-34.543401,112.008606,0.802583
5521,5.521000,-13.918075,-11.844618,20.614474,-34.532549,112.012108,0.806492
5522,5.522000,-13.906815,-11.706925,20.614474,-34.521289,112.016380,0.800322
5523,5.523000,-13.895102,-11.561955,20.614474,-34.509576,112.020195,0.805202
5524,5.524000,-13.882888,-11.409723,20.614474,-34.497362,112.023186,0.799662
5525,5.525000,-13.870121,-11.250243,20.614474,-34.484595,112.025482,0.803932
5526,5.526000,-13.856747,-11.083526,20.614474,-34.471221,112.027336,0.804862
5527,5.527000,-13.842711,-10.909586,20.614474,-34.457185,112.029259,0.793662
5528,5.528000,-13.827954,-10.728436,20.614474,-34.442428,112.031960,0.803072
5529,5.529000,-13.812414,-10.540088,20.614474,-34.426888,112.035698,0.804422
5530,5.530000,-13.796029,-10.344555,20.614474,-34.410503,112.040123,0.800102
5531,5.531000,-13.778734,-10.141849,20.614474,-34.393208,112.045998,0.791182
5532,5.532000,-13.760459,-9.931982,20.614474,-34.374933,112.053078,0.786602
5533,5.533000,-13.741136,-9.714967,20.614474,-34.355610,112.061470,1.155108
5534,5.534000,-13.720692,-9.490813,20.614474,-34.335166,112.071320,0.889002
5535,5.535000,-13.699053,-9.259532,20.614474,-34.313527,112.080605,0.795942
5536,5.536000,-13.676141,-9.021137,20.614474,-34.290615,112.090050,0.913031
5537,5.537000,-13.651877,-8.775638,20.614474,-34.266351,112.100533,0.991380
5538,5.538000,-13.626181,-8.523045,20.614474,-34.240655,112.113655,0.790472
5539,5.539000,-13.598970,-8.263369,20.614474,-34.213444,112.130913,0.791792
5540,5.540000,-13.570158,-7.996620,20.614474,-34.184632,112.153419,0.794472
5541,5.541000,-13.539658,-7.722807,20.614474,-34.154132,112.185814,0.796662
5542,5.542000,-13.507381,-7.441939,20.614474,-34.121855,112.228874,0.785223
5543,5.543000,-13.473236,-7.154025,20.614474,-34.087710,112.270432,0.795802
5544,5.544000,-13.437129,-6.859070,20.614474,-34.051603,112.292656,0.801082
5545,5.545000,-13.398967,-6.557084,20.614474,-34.013440,112.069115,0.804822
5546,5.546000,-13.358650,-6.248089,20.614474,-33.973124,108.400520,0.789602
5547,5.547000,-13.316082,-5.932309,20.614474,-33.930556,76.069504,0.778482
5548,5.548000,-13.271162,-5.611661,20.614474,-33.885636,42.864540,0.788572
5549,5.549000,-13.223788,-5.288543,20.614474,-33.838261,24.549440,0.789162
5550,5.550000,-13.173858,-4.964569,20.614474,-33.788332,14.314507,0.793122
5551,5.551000,-13.121272,-4.640626,20.614474,-33.735746,7.977162,0.813602
5552,5.552000,-13.065932,-4.317170,20.614474,-33.680406,4.297017,0.891491
5553,5.553000,-13.007736,-3.994403,20.614474,-33.622210,1.121135,0.793102
5554,5.554000,-12.946588,-3.672448,20.614474,-33.561062,-1.711238,0.788772
5555,5.555000,-12.882391,-3.351406,20.614474,-33.496865,-3.967187,1.053129
5556,5.556000,-12.815050,-3.031365,20.614474,-33.429524,-6.775947,1.064319
5557,5.557000,-12.744472,-2.712447,20.614474,-33.358946,-10.152049,0.803982
5558,5.558000,-12.670565,-2.394832,20.614474,-33.285039,-14.835109,0.795832
5559,5.559000,-12.593238,-2.078792,20.614474,-33.207712,-19.340151,0.792322
5560,5.560000,-12.512403,-1.764618,20.614474,-33.126877,-25.341469,0.780572
5561,5.561000,-12.427973,-1.452692,20.614474,-33.042447,-31.227819,0.781932
5562,5.562000,-12.339863,-1.143409,20.614474,-32.954337,-36.993080,0.806562
5563,5.563000,-12.247990,-0.837158,20.614474,-32.862464,-43.207924,0.791932
5564,5.564000,-12.152274,-0.534350,20.614474,-32.766748,-49.124321,0.792222
5565,5.565000,-12.052638,-0.235379,20.614474,-32.667112,-55.213928,0.794462
5566,5.566000,-11.949007,0.059356,20.614474,-32.563481,-60.519440,0.789203
5567,5.567000,-11.841308,0.349503,20.614474,-32.455782,-66.922707,0.785712
5568,5.568000,-11.729473,0.634659,20.614474,-32.343947,-74.101448,0.779892
5569,5.569000,-11.613436,0.914364,20.614474,-32.227910,-81.671761,0.783302
5570,5.570000,-11.493134,1.188124,20.614474,-32.107608,-91.523582,1.173498
5571,5.571000,-11.368508,1.455308,20.614474,-31.982982,-99.897148,0.785923
5572,5.572000,-11.239505,1.715336,20.614474,-31.853979,-104.685776,0.786882
5573,5.573000,-11.106073,1.967856,20.614474,-31.720547,-107.193619,1.060489
5574,5.574000,-10.968165,2.212710,20.614474,-31.582638,-108.600349,0.794722
5575,5.575000,-10.825739,2.449848,20.614474,-31.440213,-109.376686,0.786482
5576,5.576000,-10.678757,2.679276,20.614474,-31.293231,-109.731773,0.794012
5577,5.577000,-10.527185,2.901028,20.614474,-31.141659,-109.882187,0.795212
5578,5.578000,-10.370995,3.115152,20.614474,-30.985469,-109.963570,0.796452
5579,5.579000,-10.210161,3.321690,20.614474,-30.824635,-110.012085,0.805852
5580,5.580000,-10.044663,3.520684,20.614474,-30.659137,-110.032402,0.795422
5581,5.581000,-9.874485,3.712169,20.614474,-30.488959,-110.041275,0.797692
5582,5.582000,-9.699613,3.896180,20.614474,-30.314087,-110.047234,0.793192
5583,5.583000,-9.520042,4.072746,20.614474,-30.134516,-110.051231,0.815951
5584,5.584000,-9.335766,4.241895,20.614474,-29.950240,-110.053116,0.826812
5585,5.585000,-9.146789,4.403654,20.614474,-29.761263,-110.052109,0.816502
5586,5.586000,-8.953114,4.558050,20.614474,-29.567588,-110.050613,0.815472
5587,5.587000,-8.754750,4.705106,20.614474,-29.369224,-110.048065,0.820351
5588,5.588000,-8.551713,4.844847,20.614474,-29.166187,-110.043892,1.270357
5589,5.589000,-8.344019,4.977298,20.614474,-28.958493,-110.039268,1.136879
5590,5.590000,-8.131691,5.102482,20.614474,-28.746165,-110.036079,1.612054
5591,5.591000,-7.914755,5.220423,20.614474,-28.529229,-110.037071,1.226738
5592,5.592000,-7.693242,5.331145,20.614474,-28.307716,-110.039467,0.928400
5593,5.593000,-7.467187,5.434669,20.614474,-28.081661,-110.040245,0.819532
5594,5.594000,-7.236628,5.531020,20.614474,-27.851102,-110.038864,0.818022
5595,5.595000,-7.001609,5.620219,20.614474,-27.616083,-110.035118,0.817202
5596,5.596000,-6.762176,5.702290,20.614474,-27.376650,-110.029320,0.812072
5597,5.597000,-6.518381,5.777256,20.614474,-27.132855,-110.021248,0.819512
5598,5.598000,-6.270280,5.845138,20.614474,-26.884754,-110.010689,0.814892
5599,5.599000,-6.017931,5.905962,20.614474,-26.632405,-109.996849,0.818861
5600,5.600000,-5.761398,5.959749,20.614474,-26.375872,-109.967056,0.816762
5601,5.601000,-5.500747,6.006523,20.614474,-26.115221,-109.919403,0.808752
5602,5.602000,-5.236052,6.046311,20.614474,-25.850526,-109.847900,0.798412
5603,5.603000,-4.967385,6.079136,20.614474,-25.581859,-109.732552,0.815712
5604,5.604000,-4.694827,6.105030,20.614474,-25.309301,-109.550026,1.631303
5605,5.605000,-4.418461,6.124025,20.614474,-25.032935,-109.270012,0.817862
5606,5.606000,-4.138373,6.136162,20.614474,-24.752847,-108.762901,0.810812
5607,5.607000,-3.854653,6.141494,20.614474,-24.469127,-107.869637,1.124388
5608,5.608000,-3.567395,6.140101,20.614474,-24.181869,-106.383354,0.819741
5609,5.609000,-3.276697,6.132101,20.614474,-23.891171,-104.163704,0.819141
5610,5.610000,-2.982661,6.117666,20.614474,-23.597135,-101.318863,0.834332
5611,5.611000,-2.685392,6.097009,20.614474,-23.299866,-98.287178,0.810902
5612,5.612000,-2.384996,6.070369,20.614474,-22.999470,-94.205353,0.810092
5613,5.613000,-2.081587,6.038040,20.614474,-22.696061,-88.267570,0.814172
5614,5.614000,-1.775277,6.000437,20.614474,-22.389751,-80.406776,0.829642
5615,5.615000,-1.466185,5.958112,20.614474,-22.080659,-73.664642,0.795782
5616,5.616000,-1.154431,5.911580,20.614474,-21.768905,-67.509331,0.806972
5617,5.617000,-0.840136,5.861300,20.614474,-21.454610,-62.461571,0.805102
5618,5.618000,-0.523426,5.807652,20.614474,-21.137900,-58.593281,0.804062
5619,5.619000,-0.204427,5.750920,20.614474,-20.818901,-54.508160,0.811902
5620,5.620000,0.116732,5.691378,20.614474,-20.497742,-50.499699,0.822982
5621,5.621000,0.439921,5.629293,20.614474,-20.174553,-47.307114,1.158278
5622,5.622000,0.765008,5.564889,20.614474,-19.849466,-43.988964,0.924621
5623,5.623000,1.091860,5.498384,20.614474,-19.522614,-40.328327,0.817272
5624,5.624000,1.420341,5.430019,20.614474,-19.194133,-37.212967,0.837932
5625,5.625000,1.750315,5.360009,20.614474,-18.864158,-34.278164,0.895311
5626,5.626000,2.081647,5.288555,20.614474,-18.532827,-31.530066,0.810082
5627,5.627000,2.414197,5.215843,20.614474,-18.200277,-29.240175,0.806412
5628,5.628000,2.747826,5.142030,20.614474,-17.866648,-26.971739,0.807772
5629,5.629000,3.082395,5.067265,20.614474,-17.532079,-25.004034,0.795732
5630,5.630000,3.417763,4.991681,20.614474,-17.196710,-22.998308,0.796472
5631,5.631000,3.753790,4.915408,20.614474,-16.860684,-21.566725,0.815082
5632,5.632000,4.090334,4.838546,20.614474,-16.524140,-20.094477,0.799182
5633,5.633000,4.427252,4.761187,20.614474,-16.187222,-18.602091,0.800402
5634,5.634000,4.764404,4.683427,20.614474,-15.850070,-17.024714,0.800822
5635,5.635000,5.101645,4.605369,20.614474,-15.512829,-15.312928,0.797572
5636,5.636000,5.438835,4.527124,20.614474,-15.175639,-13.509554,0.803152
5637,5.637000,5.775830,4.448811,20.614474,-14.838644,-11.598769,0.799552
5638,5.638000,6.112488,4.370560,20.614474,-14.501986,-9.448245,0.798792
5639,5.639000,6.448667,4.292513,20.614474,-14.165807,-7.175138,1.217188
5640,5.640000,6.784223,4.214823,20.614474,-13.830251,-5.074500,0.895971
5641,5.641000,7.119016,4.137636,20.614474,-13.495458,-3.209266,0.811502
5642,5.642000,7.452903,4.061080,20.614474,-13.161571,-1.420485,0.877661
5643,5.643000,7.785745,3.985273,20.614474,-12.828729,0.228127,0.907021
5644,5.644000,8.117400,3.910324,20.614474,-12.497074,1.622993,0.787102
5645,5.645000,8.447729,3.836323,20.614474,-12.166745,2.993329,0.792992
5646,5.646000,8.776593,3.763354,20.614474,-11.837881,4.263769,0.793642
5647,5.647000,9.103856,3.691497,20.614474,-11.510618,5.502193,0.799952
5648,5.648000,9.429378,3.620826,20.614474,-11.185096,6.688260,0.798142
5649,5.649000,9.753025,3.551414,20.614474,-10.861449,7.781673,0.813842
5650,5.650000,10.074661,3.483327,20.614474,-10.539813,9.460467,0.803191
5651,5.651000,10.394155,3.416664,20.614474,-10.220319,11.217999,0.797832
5652,5.652000,10.711370,3.351536,20.614474,-9.903104,13.000673,0.786292
5653,5.653000,11.026178,3.288059,20.614474,-9.588296,14.725543,0.790132
5654,5.654000,11.338449,3.226346,20.614474,-9.276025,16.159349,0.799402
5655,5.655000,11.648053,3.166490,20.614474,-8.966420,17.488256,0.795172
5656,5.656000,11.954866,3.108573,20.614474,-8.659608,18.800446,0.816102
5657,5.657000,12.258761,3.052674,20.614474,-8.355713,20.228632,0.810952
5658,5.658000,12.559615,2.998876,20.614474,-8.054859,22.263556,0.895711
5659,5.659000,12.857307,2.947300,20.614474,-7.757167,25.069834,0.812602
5660,5.660000,13.151716,2.898119,20.614474,-7.462758,27.832127,0.811842
5661,5.661000,13.442726,2.851517,20.614474,-7.171748,30.724039,0.998491
5662,5.662000,13.730220,2.807684,20.614474,-6.884254,33.564819,1.035079
5663,5.663000,14.014086,2.766810,20.614474,-6.600388,36.608261,0.802552
5664,5.664000,14.294211,2.729089,20.614474,-6.320263,40.042629,0.797402
5665,5.665000,14.570487,2.694740,20.614474,-6.043987,44.021446,0.791942
5666,5.666000,14.842809,2.664018,20.614474,-5.771665,48.361214,0.783143
5667,5.667000,15.111073,2.637206,20.614474,-5.503401,53.674114,0.796262
5668,5.668000,15.375176,2.614646,20.614474,-5.239298,58.564629,0.815152
5669,5.669000,15.635024,2.596669,20.614474,-4.979450,62.925987,0.801722
5670,5.670000,15.890519,2.583569,20.614474,-4.723955,66.686531,0.800482
5671,5.671000,16.141571,2.575591,20.614474,-4.472903,69.776352,0.799202
5672,5.672000,16.388091,2.572930,20.614474,-4.226383,72.108879,0.794472
5673,5.673000,16.629996,2.575723,20.614474,-3.984478,74.106445,0.791392
5674,5.674000,16.867203,2.584078,20.614474,-3.747271,75.862038,0.783582
5675,5.675000,17.099636,2.598079,20.614474,-3.514838,77.282799,0.811592
5676,5.676000,17.327220,2.617793,20.614474,-3.287254,80.342049,1.184739
5677,5.677000,17.549886,2.643377,20.614474,-3.064588,84.381134,0.784952
5678,5.678000,17.767567,2.675069,20.614474,-2.846907,87.949684,0.781842
5679,5.679000,17.980201,2.713103,20.614474,-2.634272,91.665306,1.012819
5680,5.680000,18.187728,2.757714,20.614474,-2.426746,95.119316,0.882711
5681,5.681000,18.390097,2.809121,20.614474,-2.224377,97.564384,0.790372
5682,5.682000,18.587255,2.867481,20.614474,-2.027219,98.946236,0.789972
5683,5.683000,18.779158,2.932869,20.614474,-1.835316,99.440758,0.806602
5684,5.684000,18.965764,3.005293,20.614474,-1.648710,99.066826,0.802032
5685,5.685000,19.147035,3.084694,20.614474,-1.467439,97.741592,0.798262
5686,5.686000,19.322940,3.170948,20.614474,-1.291534,95.571556,0.804872
5687,5.687000,19.493449,3.263870,20.614474,-1.121025,92.684395,0.788032
5688,5.688000,19.658538,3.363222,20.614474,-0.955936,89.399223,0.779353
5689,5.689000,19.818187,3.468741,20.614474,-0.796287,87.419518,0.777932
5690,5.690000,19.972382,3.580234,20.614474,-0.642092,85.993874,0.794792
5691,5.691000,20.121109,3.697565,20.614474,-0.493365,85.482445,0.793022
5692,5.692000,20.264360,3.820667,20.614474,-0.350114,85.145042,0.794542
5693,5.693000,20.402134,3.949503,20.614474,-0.212340,84.360695,0.806872
5694,5.694000,20.534428,4.084012,20.614474,-0.080046,83.281227,1.245638
5695,5.695000,20.661245,4.224110,20.614474,0.046771,82.032310,0.795282
5696,5.696000,20.782597,4.369695,20.614474,0.168123,80.711639,0.797752
5697,5.697000,20.898492,4.520660,20.614474,0.284018,79.352501,1.080130
5698,5.698000,21.008948,4.676888,20.614474,0.394474,78.201324,0.793502
5699,5.699000,21.113981,4.838277,20.614474,0.499507,77.220284,0.790262
5700,5.700000,21.213618,5.004739,20.614474,0.599144,76.713326,0.789043
5701,5.701000,21.307882,5.176215,20.614474,0.693408,76.389488,0.786262
5702,5.702000,21.396806,5.352667,20.614474,0.782332,76.058250,0.778952
5703,5.703000,21.480422,5.534057,20.614474,0.865948,75.617485,0.778393
5704,5.704000,21.558768,5.720341,20.614474,0.944294,74.997932,0.798682
5705,5.705000,21.631887,5.911466,20.614474,1.017413,74.148033,0.786652
5706,5.706000,21.699820,6.107355,20.614474,1.085346,73.076103,0.788533
5707,5.707000,21.762619,6.307920,20.614474,1.148145,71.620125,0.788572
5708,5.708000,21.820332,6.513043,20.614474,1.205858,69.707642,0.803082
5709,5.709000,21.873017,6.722577,20.614474,1.258543,67.153587,0.792602
5710,5.710000,21.920729,6.936331,20.614474,1.306255,64.083473,0.778542
5711,5.711000,21.963534,7.154074,20.614474,1.349060,60.649895,0.783312
5712,5.712000,22.001491,7.375549,20.614474,1.387017,56.325264,1.059120
5713,5.713000,22.034672,7.600443,20.614474,1.420198,51.330254,0.879271
5714,5.714000,22.063147,7.828397,20.614474,1.448673,46.406868,0.794032
5715,5.715000,22.086986,8.059043,20.614474,1.472512,42.636219,0.891702
5716,5.716000,22.106269,8.292088,20.614474,1.491795,41.029350,1.026800
5717,5.717000,22.121070,8.527382,20.614474,1.506596,39.484989,0.792252
5718,5.718000,22.131474,8.764819,20.614474,1.517000,37.855484,0.789582
5719,5.719000,22.137560,9.004295,20.614474,1.523086,36.172287,0.804802
5720,5.720000,22.139416,9.245699,20.614474,1.524942,34.317688,0.807342
5721,5.721000,22.137126,9.488908,20.614474,1.522652,32.604889,0.811132
5722,5.722000,22.130781,9.733798,20.614474,1.516307,30.720396,0.791272
5723,5.723000,22.120473,9.980239,20.614474,1.505999,28.738140,0.783352
5724,5.724000,22.106293,10.228088,20.614474,1.491819,26.852148,0.778883
5725,5.725000,22.088338,10.477208,20.614474,1.473864,25.126116,0.806402
5726,5.726000,22.066704,10.727472,20.614474,1.452230,23.021799,0.807342
5727,5.727000,22.041488,10.978733,20.614474,1.427014,20.896648,0.784632
5728,5.728000,22.012791,11.230839,20.614474,1.398317,19.704460,0.796323
5729,5.729000,21.980717,11.483691,20.614474,1.366243,18.853657,0.793682
5730,5.730000,21.945364,11.737223,20.614474,1.330890,17.785757,1.169488
5731,5.731000,21.906838,11.991364,20.614474,1.292364,16.574572,0.883802
5732,5.732000,21.865247,12.246033,20.614474,1.250773,15.318791,0.785622
5733,5.733000,21.820694,12.501142,20.614474,1.206220,13.967038,0.938631
5734,5.734000,21.773291,12.756595,20.614474,1.158817,12.437685,1.150669
5735,5.735000,21.723142,13.012285,20.614474,1.108668,10.920194,0.792012
5736,5.736000,21.670361,13.268103,20.614474,1.055887,9.421481,0.789662
5737,5.737000,21.615059,13.523940,20.614474,1.000585,8.068789,0.788703
5738,5.738000,21.557346,13.779697,20.614474,0.942872,6.510137,0.786752
5739,5.739000,21.497334,14.035267,20.614474,0.882860,4.707950,0.776762
5740,5.740000,21.435138,14.290526,20.614474,0.820664,2.735133,0.778293
5741,5.741000,21.370871,14.545335,20.614474,0.756397,0.483659,0.791742
5742,5.742000,21.304649,14.799541,20.614474,0.690175,-1.799547,0.790132
5743,5.743000,21.236586,15.052982,20.614474,0.622112,-3.898266,0.793963
5744,5.744000,21.166797,15.305508,20.614474,0.552323,-5.855540,0.781732
5745,5.745000,21.095398,15.556982,20.614474,0.480924,-7.801882,0.778932
5746,5.746000,21.022504,15.807267,20.614474,0.408030,-9.663247,0.777732
5747,5.747000,20.948233,16.056241,20.614474,0.333759,-11.469378,0.771302
5748,5.748000,20.872698,16.303781,20.614474,0.258224,-13.259094,0.787582
5749,5.749000,20.796015,16.549767,20.614474,0.181541,-15.254612,0.869251
5750,5.750000,20.718301,16.794069,20.614474,0.103827,-17.503321,0.780853
5751,5.751000,20.639672,17.036539,20.614474,0.025198,-20.318762,0.802132
5752,5.752000,20.560241,17.276994,20.614474,-0.054233,-23.370115,1.049099
5753,5.753000,20.480121,17.515226,20.614474,-0.134353,-26.648075,0.871541
5754,5.754000,20.399429,17.751013,20.614474,-0.215045,-29.719835,0.793002
5755,5.755000,20.318278,17.984141,20.614474,-0.296196,-32.650028,0.780403
5756,5.756000,20.236778,18.214412,20.614474,-0.377696,-35.741737,0.775562
5757,5.757000,20.155043,18.441618,20.614474,-0.459431,-39.110111,0.768913
5758,5.758000,20.073181,18.665543,20.614474,-0.541292,-42.971146,0.775902
5759,5.759000,19.991303,18.885931,20.614474,-0.623171,-46.490829,0.803292
5760,5.760000,19.909516,19.102543,20.614474,-0.704957,-49.601608,0.779433
5761,5.761000,19.827926,19.315172,20.614474,-0.786548,-53.057976,0.782392
5762,5.762000,19.746642,19.523594,20.614474,-0.867832,-56.414104,0.796762
5763,5.763000,19.665762,19.727589,20.614474,-0.948712,-59.373764,0.782462
5764,5.764000,19.585392,19.926968,20.614474,-1.029082,-62.016960,0.780672
5765,5.765000,19.505627,20.121556,20.614474,-1.108847,-64.358627,0.779993
5766,5.766000,19.426571,20.311210,20.614474,-1.187903,-66.727043,0.774702
5767,5.767000,19.348314,20.495787,20.614474,-1.266160,-69.606476,1.063159
5768,5.768000,19.270954,20.675118,20.614474,-1.343520,-73.030266,0.857922
5769,5.769000,19.194580,20.848989,20.614474,-1.419894,-76.133904,0.785312
5770,5.770000,19.119281,21.017196,20.614474,-1.495193,-79.773003,0.903842
5771,5.771000,19.045146,21.179512,20.614474,-1.569328,-82.956703,0.913421
5772,5.772000,18.972257,21.335725,20.614474,-1.642217,-86.245285,0.880731
5773,5.773000,18.900698,21.485629,20.614474,-1.713776,-90.780464,0.778753
5774,5.774000,18.830546,21.628941,20.614474,-1.783928,-94.989914,0.783722
5775,5.775000,18.761876,21.765388,20.614474,-1.852598,-98.382256,0.778962
5776,5.776000,18.694764,21.894737,20.614474,-1.919710,-100.878929,0.782362
5777,5.777000,18.629276,22.016830,20.614474,-1.985198,-102.545128,0.787582
5778,5.778000,18.565482,22.131567,20.614474,-2.048992,-103.381676,0.774502
5779,5.779000,18.503443,22.238917,20.614474,-2.111030,-103.819328,0.774392
5780,5.780000,18.443222,22.338878,20.614474,-2.171252,-104.153267,0.790562
5781,5.781000,18.384873,22.431468,20.614474,-2.229601,-104.288780,0.777293
5782,5.782000,18.328449,22.516706,20.614474,-2.286025,-104.174583,0.787302
5783,5.783000,18.274004,22.594628,20.614474,-2.340470,-103.795525,0.775543
5784,5.784000,18.221580,22.665286,20.614474,-2.392894,-103.146004,0.775302
5785,5.785000,18.171225,22.728750,20.614474,-2.443249,-102.122063,0.782183
5786,5.786000,18.122976,22.785115,20.614474,-2.491498,-100.481476,1.073569
5787,5.787000,18.076873,22.834507,20.614474,-2.537601,-97.940529,0.777492
5788,5.788000,18.032946,22.877121,20.614474,-2.581528,-94.065422,0.772443
5789,5.789000,17.991227,22.913236,20.614474,-2.623247,-89.475761,1.045309
5790,5.790000,17.951744,22.943189,20.614474,-2.662730,-85.885269,0.844251
5791,5.791000,17.914519,22.967276,20.614474,-2.699955,-83.645294,0.787952
5792,5.792000,17.879577,22.985690,20.614474,-2.734897,-81.631645,0.776102
5793,5.793000,17.846934,22.998586,20.614474,-2.767540,-79.804298,0.785962
5794,5.794000,17.816607,23.006097,20.614474,-2.797867,-78.209007,0.774042
5795,5.795000,17.788606,23.008341,20.614474,-2.825868,-77.063774,0.790232
5796,5.796000,17.762947,23.005406,20.614474,-2.851527,-76.393066,0.768863
5797,5.797000,17.739632,22.997344,20.614474,-2.874842,-76.023003,0.783162
5798,5.798000,17.718668,22.984191,20.614474,-2.895806,-75.806282,0.778702
5799,5.799000,17.700060,22.965963,20.614474,-2.914414,-75.604538,0.776972
5800,5.800000,17.683804,22.942677,20.614474,-2.930670,-75.112419,0.776542
5801,5.801000,17.669899,22.914373,20.614474,-2.944575,-74.206886,0.778962
5802,5.802000,17.658339,22.881113,20.614474,-2.956135,-72.691475,0.775232
5803,5.803000,17.649115,22.843009,20.614474,-2.965359,-70.587868,0.781633
5804,5.804000,17.642218,22.800216,20.614474,-2.972256,-68.123367,1.107169
5805,5.805000,17.637633,22.752919,20.614474,-2.976841,-65.746086,0.867881
5806,5.806000,17.635345,22.701302,20.614474,-2.979129,-63.468422,0.776222
5807,5.807000,17.635337,22.645542,20.614474,-2.979137,-61.214195,0.947201
5808,5.808000,17.637587,22.585808,20.614474,-2.976887,-59.265312,0.934151
5809,5.809000,17.642075,22.522252,20.614474,-2.972399,-57.813255,0.995960
5810,5.810000,17.648773,22.454988,20.614474,-2.965701,-56.678337,0.781242
5811,5.811000,17.657658,22.384103,20.614474,-2.956816,-55.512947,0.772133
5812,5.812000,17.668697,22.309683,20.614474,-2.945777,-54.067383,0.780142
5813,5.813000,17.681862,22.231825,20.614474,-2.932612,-52.538231,0.787703
5814,5.814000,17.697121,22.150640,20.614474,-2.917353,-51.142426,0.797562
5815,5.815000,17.714437,22.066231,20.614474,-2.900037,-49.659409,0.786882
5816,5.816000,17.733773,21.978709,20.614474,-2.880701,-48.089832,0.780452
5817,5.817000,17.755094,21.888186,20.614474,-2.859380,-46.907410,0.800672
5818,5.818000,17.778357,21.794758,20.614474,-2.836117,-45.510643,0.790732
5819,5.819000,17.803522,21.698524,20.614474,-2.810952,-43.724163,0.807372
5820,5.820000,17.830544,21.599608,20.614474,-2.783930,-41.828808,0.815652
5821,5.821000,17.859377,21.498147,20.614474,-2.755097,-39.784939,0.826402
5822,5.822000,17.889978,21.394289,20.614474,-2.724496,-37.406055,1.528255
5823,5.823000,17.922295,21.288200,20.614474,-2.692179,-35.172382,0.966550
5824,5.824000,17.956279,21.180049,20.614474,-2.658195,-33.072739,0.836842
5825,5.825000,17.991881,21.069986,20.614474,-2.622593,-30.978636,1.276588
5826,5.826000,18.029048,20.958164,20.614474,-2.585426,-29.095713,0.825671
5827,5.827000,18.067727,20.844718,20.614474,-2.546747,-27.549513,0.818122
5828,5.828000,18.107863,20.729759,20.614474,-2.506611,-25.925699,0.816582
5829,5.829000,18.149401,20.613402,20.614474,-2.465073,-24.117130,0.823362
5830,5.830000,18.192284,20.495765,20.614474,-2.422190,-21.991919,0.818651
5831,5.831000,18.236455,20.376993,20.614474,-2.378019,-19.676443,0.808722
5832,5.832000,18.281855,20.257248,20.614474,-2.332619,-17.743336,0.802802
5833,5.833000,18.328427,20.136668,20.614474,-2.286047,-16.176744,0.800842
5834,5.834000,18.376110,20.015369,20.614474,-2.238364,-14.599798,0.808202
5835,5.835000,18.424845,19.893459,20.614474,-2.189629,-12.927402,0.816712
5836,5.836000,18.474569,19.771050,20.614474,-2.139905,-11.044364,0.810432
5837,5.837000,18.525222,19.648265,20.614474,-2.089252,-9.149427,0.817472
5838,5.838000,18.576742,19.525236,20.614474,-2.037732,-7.360314,0.815082
5839,5.839000,18.629066,19.402086,20.614474,-1.985408,-5.533800,1.314137
5840,5.840000,18.682133,19.278941,20.614474,-1.932341,-3.700619,0.908111
5841,5.841000,18.735878,19.155928,20.614474,-1.878596,-1.906747,0.817242
5842,5.842000,18.790240,19.033164,20.614474,-1.824234,-0.152490,1.142069
5843,5.843000,18.845154,18.910772,20.614474,-1.769320,1.622558,0.906201
5844,5.844000,18.900559,18.788870,20.614474,-1.713915,2.972961,0.810272
5845,5.845000,18.956391,18.667554,20.614474,-1.658083,4.241579,0.823722
5846,5.846000,19.012586,18.546906,20.614474,-1.601888,5.430836,0.809492
5847,5.847000,19.069082,18.427003,20.614474,-1.545392,6.602909,0.809312
5848,5.848000,19.125817,18.307921,20.614474,-1.488657,7.804854,0.828931
5849,5.849000,19.182726,18.189735,20.614474,-1.431748,9.054040,0.813482
5850,5.850000,19.239750,18.072525,20.614474,-1.374724,10.423190,0.816762
5851,5.851000,19.296823,17.956379,20.614474,-1.317651,12.436019,0.828172
5852,5.852000,19.353886,17.841427,20.614474,-1.260588,14.621384,0.799492
5853,5.853000,19.410879,17.727812,20.614474,-1.203595,17.145323,0.802772
5854,5.854000,19.467736,17.615707,20.614474,-1.146738,19.915882,0.809212
5855,5.855000,19.524403,17.505297,20.614474,-1.090071,23.013626,0.803672
5856,5.856000,19.580819,17.396794,20.614474,-1.033655,27.061972,0.830362
5857,5.857000,19.636922,17.290463,20.614474,-0.977552,30.805511,1.169648
5858,5.858000,19.692658,17.186568,20.614474,-0.921816,33.995636,0.813152
5859,5.859000,19.747971,17.085334,20.614474,-0.866503,37.198105,0.814062
5860,5.860000,19.802800,16.986974,20.614474,-0.811674,39.770634,1.266668
5861,5.861000,19.857096,16.891664,20.614474,-0.757377,42.446869,0.818982
5862,5.862000,19.910802,16.799571,20.614474,-0.703672,46.066734,0.810612
5863,5.863000,19.963871,16.710917,20.614474,-0.650603,49.285423,0.819002
5864,5.864000,20.016248,16.625918,20.614474,-0.598226,52.459034,0.813012
5865,5.865000,20.067886,16.544783,20.614474,-0.546588,55.208466,0.810822
5866,5.866000,20.118739,16.467690,20.614474,-0.495735,57.393448,0.804532
5867,5.867000,20.168761,16.394781,20.614474,-0.445713,58.986122,0.820862
5868,5.868000,20.217908,16.326155,20.614474,-0.396566,60.230621,0.809262
5869,5.869000,20.266138,16.261878,20.614474,-0.348336,60.973640,0.800672
5870,5.870000,20.313413,16.201984,20.614474,-0.301061,61.579292,0.797213
5871,5.871000,20.359693,16.146494,20.614474,-0.254781,62.358574,0.800602
5872,5.872000,20.404944,16.095433,20.614474,-0.209530,63.396965,0.824332
5873,5.873000,20.449130,16.048853,20.614474,-0.165344,64.241989,0.806452
5874,5.874000,20.492220,16.006796,20.614474,-0.122254,65.081192,1.205248
5875,5.875000,20.534187,15.969303,20.614474,-0.080287,65.749077,0.909391
5876,5.876000,20.574997,15.936411,20.614474,-0.039477,66.211967,0.803602
5877,5.877000,20.614629,15.908139,20.614474,0.000155,66.210503,0.910131
5878,5.878000,20.653058,15.884474,20.614474,0.038584,65.724236,0.962591
5879,5.879000,20.690262,15.865375,20.614474,0.075788,64.736450,0.805712
5880,5.880000,20.726221,15.850759,20.614474,0.111747,63.302376,0.804292
5881,5.881000,20.760918,15.840513,20.614474,0.146444,61.811478,0.808932
5882,5.882000,20.794338,15.834515,20.614474,0.179864,60.438431,0.803652
5883,5.883000,20.826466,15.832648,20.614474,0.211992,59.458740,0.818491
5884,5.884000,20.857292,15.834827,20.614474,0.242818,58.829372,0.802172
5885,5.885000,20.886806,15.840990,20.614474,0.272332,58.757690,0.799862
5886,5.886000,20.914999,15.851117,20.614474,0.300525,58.804447,0.790472
5887,5.887000,20.941865,15.865210,20.614474,0.327391,58.481758,0.796592
5888,5.888000,20.967402,15.883243,20.614474,0.352928,57.743057,0.811061
5889,5.889000,20.991606,15.905166,20.614474,0.377132,56.623985,0.817112
5890,5.890000,21.014479,15.930899,20.614474,0.400005,55.450874,0.804002
5891,5.891000,21.036020,15.960347,20.614474,0.421546,53.471786,0.800072
5892,5.892000,21.056234,15.993373,20.614474,0.441760,50.615974,1.132189
5893,5.893000,21.075124,16.029774,20.614474,0.460650,47.164627,0.917131
5894,5.894000,21.092700,16.069302,20.614474,0.478226,42.701897,0.814662
5895,5.895000,21.108968,16.111644,20.614474,0.494494,39.796883,0.886971
5896,5.896000,21.123938,16.156558,20.614474,0.509464,36.620708,0.957531
5897,5.897000,21.137624,16.203818,20.614474,0.523150,33.396339,0.799142
5898,5.898000,21.150034,16.253195,20.614474,0.535560,30.894520,0.799502
5899,5.899000,21.161185,16.304505,20.614474,0.546711,28.956278,0.813752
5900,5.900000,21.171092,16.357610,20.614474,0.556618,27.208141,0.793112
5901,5.901000,21.179768,16.412388,20.614474,0.565294,25.653929,0.787442
5902,5.902000,21.187233,16.468739,20.614474,0.572759,24.214342,0.803892
5903,5.903000,21.193505,16.526566,20.614474,0.579031,22.542913,0.787962
5904,5.904000,21.198600,16.585764,20.614474,0.584126,20.774687,0.789212
5905,5.905000,21.202540,16.646213,20.614474,0.588066,19.128172,0.811462
5906,5.906000,21.205345,16.707797,20.614474,0.590871,17.885933,0.796272
5907,5.907000,21.207037,16.770430,20.614474,0.592563,16.711641,0.787982
5908,5.908000,21.207638,16.834029,20.614474,0.593164,15.570086,0.792682
5909,5.909000,21.207170,16.898518,20.614474,0.592696,14.430032,0.781452
5910,5.910000,21.205658,16.963818,20.614474,0.591184,13.374661,0.797492
5911,5.911000,21.203125,17.029861,20.614474,0.588651,12.671026,0.892371
5912,5.912000,21.199597,17.096590,20.614474,0.585124,12.091500,0.796062
5913,5.913000,21.195098,17.163970,20.614474,0.580624,11.496076,0.786362
5914,5.914000,21.189656,17.231961,20.614474,0.575182,10.901518,1.078289
5915,5.915000,21.183296,17.300523,20.614474,0.568822,10.340390,1.025119
5916,5.916000,21.176045,17.369618,20.614474,0.561571,9.943793,0.799673
5917,5.917000,21.167933,17.439220,20.614474,0.553459,9.638881,0.789162
5918,5.918000,21.158985,17.509303,20.614474,0.544511,9.220021,0.801882
5919,5.919000,21.149232,17.579843,20.614474,0.534758,8.739557,0.792312
5920,5.920000,21.138700,17.650807,20.614474,0.524226,8.204061,0.789702
5921,5.921000,21.127421,17.722159,20.614474,0.512947,7.537430,0.784792
5922,5.922000,21.115424,17.793850,20.614474,0.500950,6.803457,0.787692
5923,5.923000,21.102739,17.865832,20.614474,0.488265,5.990017,0.786962
5924,5.924000,21.089398,17.938044,20.614474,0.474924,5.278519,0.792182
5925,5.925000,21.075428,18.010435,20.614474,0.460954,4.606101,0.792452
5926,5.926000,21.060863,18.082958,20.614474,0.446389,3.916690,0.790783
5927,5.927000,21.045734,18.155561,20.614474,0.431260,3.086976,0.801062
5928,5.928000,21.030072,18.228192,20.614474,0.415598,2.178696,0.795192
5929,5.929000,21.013910,18.300787,20.614474,0.399436,1.436410,1.217878
5930,5.930000,20.997279,18.373293,20.614474,0.382805,0.855145,0.794342
5931,5.931000,20.980210,18.445665,20.614474,0.365736,0.327811,0.797972
5932,5.932000,20.962737,18.517871,20.614474,0.348263,-0.223826,1.034369
5933,5.933000,20.944889,18.589873,20.614474,0.330416,-0.808812,0.798742
5934,5.934000,20.926702,18.661632,20.614474,0.312228,-1.425557,0.786222
5935,5.935000,20.908208,18.733110,20.614474,0.293734,-2.085320,0.788272
5936,5.936000,20.889437,18.804264,20.614474,0.274963,-2.789104,0.783463
5937,5.937000,20.870422,18.875043,20.614474,0.255948,-3.512200,0.803622
5938,5.938000,20.851196,18.945401,20.614474,0.236722,-4.271392,0.807862
5939,5.939000,20.831790,19.015286,20.614474,0.217316,-5.111060,0.787392
5940,5.940000,20.812237,19.084643,20.614474,0.197763,-6.027808,0.794432
5941,5.941000,20.792569,19.153409,20.614474,0.178095,-7.101437,0.787592
5942,5.942000,20.772817,19.221513,20.614474,0.158343,-8.211605,0.784492
5943,5.943000,20.753012,19.288881,20.614474,0.138538,-9.306848,0.776762
5944,5.944000,20.733188,19.355438,20.614474,0.118714,-10.443826,0.793132
5945,5.945000,20.713372,19.421105,20.614474,0.098898,-11.955966,0.790042
5946,5.946000,20.693597,19.485787,20.614474,0.079123,-13.814502,0.797912
5947,5.947000,20.673891,19.549359,20.614474,0.059418,-15.706558,1.370996
5948,5.948000,20.654289,19.611693,20.614474,0.039815,-17.533560,0.799302
5949,5.949000,20.634814,19.672661,20.614474,0.020340,-19.285337,0.827412
5950,5.950000,20.615499,19.732143,20.614474,0.001025,-20.789461,1.061970
5951,5.951000,20.596371,19.790039,20.614474,-0.018103,-22.305080,0.895551
5952,5.952000,20.577456,19.846247,20.614474,-0.037018,-23.792358,0.806202
5953,5.953000,20.558784,19.900673,20.614474,-0.055690,-25.132826,0.811802
5954,5.954000,20.540378,19.953231,20.614474,-0.074096,-26.219042,0.812992
5955,5.955000,20.522266,20.003852,20.614474,-0.092208,-27.094431,0.814512
5956,5.956000,20.504470,20.052479,20.614474,-0.110004,-27.672167,0.815892
5957,5.957000,20.487016,20.099082,20.614474,-0.127458,-28.139032,0.823022
5958,5.958000,20.469927,20.143637,20.614474,-0.144547,-28.552643,0.813172
5959,5.959000,20.453222,20.186127,20.614474,-0.161252,-28.916159,0.814282
5960,5.960000,20.436925,20.226536,20.614474,-0.177549,-29.113779,0.832772
5961,5.961000,20.421055,20.264859,20.614474,-0.193419,-29.210070,0.814492
5962,5.962000,20.405632,20.301098,20.614474,-0.208842,-29.206726,0.807212
5963,5.963000,20.390674,20.335259,20.614474,-0.223800,-29.068956,0.816712
5964,5.964000,20.376198,20.367359,20.614474,-0.238276,-28.876909,0.812932
5965,5.965000,20.362221,20.397421,20.614474,-0.252253,-28.677378,0.983670
5966,5.966000,20.348761,20.425464,20.614474,-0.265713,-28.552668,0.940131
5967,5.967000,20.335830,20.451507,20.614474,-0.278644,-28.663338,0.825492
5968,5.968000,20.323441,20.475550,20.614474,-0.291033,-28.796688,1.197418
5969,5.969000,20.311610,20.497589,20.614474,-0.302864,-28.958679,0.823752
5970,5.970000,20.300345,20.517618,20.614474,-0.314129,-29.056585,0.828122
5971,5.971000,20.289663,20.535633,20.614474,-0.324811,-28.929850,0.846422
5972,5.972000,20.279568,20.551643,20.614474,-0.334906,-28.662756,0.825392
5973,5.973000,20.270074,20.565671,20.614474,-0.344400,-28.200779,0.829841
5974,5.974000,20.261186,20.577755,20.614474,-0.353288,-27.689308,0.827081
5975,5.975000,20.252913,20.587934,20.614474,-0.361561,-27.213032,0.832782
5976,5.976000,20.245261,20.596249,20.614474,-0.369213,-26.679007,0.829982
5977,5.977000,20.238238,20.602745,20.614474,-0.376236,-25.971502,0.829682
5978,5.978000,20.231845,20.607473,20.614474,-0.382629,-25.242849,0.828782
5979,5.979000,20.226087,20.610490,20.614474,-0.388387,-24.577959,0.829031
5980,5.980000,20.220970,20.611848,20.614474,-0.393504,-24.217234,0.818062
5981,5.981000,20.216493,20.611578,20.614474,-0.397981,-24.020353,0.861431
5982,5.982000,20.212656,20.609701,20.614474,-0.401818,-23.914389,1.184748
5983,5.983000,20.209464,20.606228,20.614474,-0.405010,-24.017931,0.838972
5984,5.984000,20.206915,20.601152,20.614474,-0.407559,-24.344358,1.115719
5985,5.985000,20.205006,20.594456,20.614474,-0.409468,-24.622618,1.271597
5986,5.986000,20.203739,20.586120,20.614474,-0.410735,-24.714720,0.848722
5987,5.987000,20.203107,20.576138,20.614474,-0.411367,-24.678972,0.845282
5988,5.988000,20.203110,20.564509,20.614474,-0.411364,-24.744566,0.832081
5989,5.989000,20.203744,20.551238,20.614474,-0.410730,-25.147812,0.835782
5990,5.990000,20.205002,20.536304,20.614474,-0.409472,-25.493065,0.831912
5991,5.991000,20.206877,20.519688,20.614474,-0.407597,-25.548531,0.838582
5992,5.992000,20.209367,20.501383,20.614474,-0.405107,-25.382130,0.831292
5993,5.993000,20.212459,20.481403,20.614474,-0.402015,-25.074072,0.835231
5994,5.994000,20.216149,20.459774,20.614474,-0.398325,-24.813856,0.830801
5995,5.995000,20.220427,20.436522,20.614474,-0.394047,-24.438566,0.827982
5996,5.996000,20.225281,20.411677,20.614474,-0.389193,-23.968719,0.824502
5997,5.997000,20.230701,20.385278,20.614474,-0.383773,-23.424849,0.860221
5998,5.998000,20.236677,20.357367,20.614474,-0.377797,-22.816019,0.884882
5999,5.999000,20.243197,20.327990,20.614474,-0.371277,-22.153280,1.022510
6000,6.000000,20.250246,20.297200,-5.528498,25.778744,-106.404655,1.075680
6001,6.001000,20.257812,20.260180,-5.528498,25.786310,-109.932060,1.149618
6002,6.002000,20.265876,20.215483,-5.528498,25.794375,-110.130196,1.277837
6003,6.003000,20.274424,20.162872,-5.528498,25.802923,-110.147095,1.177288
6004,6.004000,20.283432,20.102442,-5.528498,25.811930,-110.077843,1.164779
6005,6.005000,20.292873,20.034350,-5.528498,25.821371,-109.919746,1.174959
6006,6.006000,20.302720,19.958742,-5.528498,25.831218,-109.581398,1.159308
6007,6.007000,20.312943,19.875743,-5.528498,25.841441,-108.759079,1.156658
6008,6.008000,20.323510,19.785485,-5.528498,25.852008,-106.896935,1.158529
6009,6.009000,20.334380,19.688143,-5.528498,25.862878,-102.320213,0.977911
6010,6.010000,20.345516,19.584055,-5.528498,25.874015,-92.716866,0.837511
6011,6.011000,20.356879,19.473872,-5.528498,25.885377,-75.436974,0.830712
6012,6.012000,20.368422,19.358759,-5.528498,25.896920,-59.098557,0.826492
6013,6.013000,20.380099,19.239943,-5.528498,25.908598,-52.976177,1.125069
6014,6.014000,20.391866,19.118044,-5.528498,25.920364,-47.359947,0.909131
6015,6.015000,20.403672,18.993482,-5.528498,25.932170,-43.648758,1.055390
6016,6.016000,20.415468,18.866507,-5.528498,25.943966,-41.253094,1.173138
6017,6.017000,20.427204,18.737261,-5.528498,25.955702,-39.263683,0.821802
6018,6.018000,20.438829,18.605842,-5.528498,25.967327,-37.377712,0.824422
6019,6.019000,20.450292,18.472337,-5.528498,25.978790,-35.644913,0.829092
6020,6.020000,20.461539,18.336842,-5.528498,25.990037,-34.024948,0.829242
6021,6.021000,20.472519,18.199439,-5.528498,26.001017,-32.777679,0.825901
6022,6.022000,20.483177,18.060207,-5.528498,26.011675,-31.481886,0.837451
6023,6.023000,20.493458,17.919216,-5.528498,26.021957,-30.201195,0.843172
6024,6.024000,20.503309,17.776546,-5.528498,26.031807,-28.859728,0.841832
6025,6.025000,20.512673,17.632282,-5.528498,26.041172,-27.629534,0.836532
6026,6.026000,20.521496,17.486503,-5.528498,26.049994,-26.433405,0.838221
6027,6.027000,20.529722,17.339287,-5.528498,26.058220,-25.389704,0.833942
6028,6.028000,20.537293,17.190708,-5.528498,26.065791,-24.676764,0.832082
6029,6.029000,20.544154,17.040813,-5.528498,26.072652,-23.975986,0.821932
6030,6.030000,20.550248,16.889646,-5.528498,26.078746,-23.332872,1.197048
6031,6.031000,20.555516,16.737247,-5.528498,26.084014,-22.825541,0.831752
6032,6.032000,20.559902,16.583650,-5.528498,26.088401,-22.374960,0.938691
6033,6.033000,20.563352,16.428883,-5.528498,26.091850,-21.919136,1.028520
6034,6.034000,20.565802,16.272974,-5.528498,26.094300,-21.460348,0.927740
6035,6.035000,20.567201,16.115949,-5.528498,26.095699,-21.044237,0.829641
6036,6.036000,20.567487,15.957839,-5.528498,26.095986,-20.697817,0.821072
6037,6.037000,20.566603,15.798663,-5.528498,26.095101,-20.365635,0.827072
6038,6.038000,20.564494,15.638444,-5.528498,26.092992,-20.036863,0.819262
6039,6.039000,20.561099,15.477202,-5.528498,26.089598,-19.688776,0.821302
6040,6.040000,20.556364,15.314958,-5.528498,26.084863,-19.336367,0.832412
6041,6.041000,20.550229,15.151736,-5.528498,26.078727,-18.980364,0.835622
6042,6.042000,20.542637,14.987558,-5.528498,26.071136,-18.631151,0.823932
6043,6.043000,20.533533,14.822448,-5.528498,26.062031,-18.279797,0.833701
6044,6.044000,20.522857,14.656427,-5.528498,26.051355,-17.915361,0.836881
6045,6.045000,20.510554,14.489517,-5.528498,26.039052,-17.531834,0.833152
6046,6.046000,20.496570,14.321745,-5.528498,26.025068,-17.135263,0.826502
6047,6.047000,20.480843,14.153136,-5.528498,26.009341,-16.737375,1.186368
6048,6.048000,20.463322,13.983714,-5.528498,25.991820,-16.339312,0.918801
6049,6.049000,20.443948,13.813505,-5.528498,25.972446,-15.968060,0.833032
6050,6.050000,20.422667,13.642534,-5.528498,25.951165,-15.569575,0.858342
6051,6.051000,20.399425,13.470824,-5.528498,25.927924,-15.160300,0.928120
6052,6.052000,20.374167,13.298401,-5.528498,25.902666,-14.746507,0.832201
6053,6.053000,20.346838,13.125289,-5.528498,25.875336,-14.333184,0.831452
6054,6.054000,20.317386,12.951516,-5.528498,25.845884,-13.899383,0.828572
6055,6.055000,20.285756,12.777107,-5.528498,25.814254,-13.445712,0.825902
6056,6.056000,20.251897,12.602091,-5.528498,25.780395,-12.983784,0.829192
6057,6.057000,20.215755,12.426494,-5.528498,25.744253,-12.507812,0.808152
6058,6.058000,20.177280,12.250349,-5.528498,25.705779,-12.023587,0.812502
6059,6.059000,20.136420,12.073682,-5.528498,25.664919,-11.511935,0.824912
6060,6.060000,20.093126,11.896526,-5.528498,25.621624,-10.953071,0.825482
6061,6.061000,20.047346,11.718914,-5.528498,25.575844,-10.377950,0.835531
6062,6.062000,19.999033,11.540882,-5.528498,25.527531,-9.780804,0.827731
6063,6.063000,19.948139,11.362467,-5.528498,25.476638,-9.162259,0.843332
6064,6.064000,19.894615,11.183706,-5.528498,25.423113,-8.548461,0.818862
6065,6.065000,19.838414,11.004639,-5.528498,25.366912,-7.910894,1.138719
6066,6.066000,19.779492,10.825303,-5.528498,25.307990,-6.935434,0.823962
6067,6.067000,19.717802,10.645757,-5.528498,25.246300,-5.829750,0.826382
6068,6.068000,19.653301,10.466070,-5.528498,25.181799,-4.735372,1.122729
6069,6.069000,19.585943,10.286316,-5.528498,25.114441,-3.726784,0.943151
6070,6.070000,19.515689,10.106561,-5.528498,25.044188,-2.731740,0.819421
6071,6.071000,19.442495,9.926868,-5.528498,24.970994,-1.757950,0.827331
6072,6.072000,19.366323,9.747298,-5.528498,24.894822,-0.777724,0.824962
6073,6.073000,19.287131,9.567913,-5.528498,24.815629,0.188982,0.821652
6074,6.074000,19.204882,9.388769,-5.528498,24.733380,1.158119,0.832812
6075,6.075000,19.119537,9.209929,-5.528498,24.648035,2.426031,0.815762
6076,6.076000,19.031064,9.031466,-5.528498,24.559562,3.805120,0.807812
6077,6.077000,18.939423,8.853467,-5.528498,24.467921,5.230694,0.808902
6078,6.078000,18.844586,8.676024,-5.528498,24.373084,6.550737,0.815782
6079,6.079000,18.746516,8.499221,-5.528498,24.275014,8.098771,0.809982
6080,6.080000,18.645184,8.323155,-5.528498,24.173682,11.504336,0.830781
6081,6.081000,18.540560,8.148031,-5.528498,24.069059,16.299810,0.831382
6082,6.082000,18.432618,7.974161,-5.528498,23.961116,24.276535,0.826602
6083,6.083000,18.321327,7.802063,-5.528498,23.849825,33.303955,0.941601
6084,6.084000,18.206667,7.632362,-5.528498,23.735165,43.944435,0.821342
6085,6.085000,18.088612,7.465791,-5.528498,23.617110,58.205894,0.817412
6086,6.086000,17.967142,7.303310,-5.528498,23.495640,65.509224,1.003810
6087,6.087000,17.842240,7.145521,-5.528498,23.370738,69.254387,0.920531
6088,6.088000,17.713892,6.992718,-5.528498,23.242391,71.131096,0.833072
6089,6.089000,17.582085,6.845005,-5.528498,23.110583,72.137077,0.809532
6090,6.090000,17.446808,6.702393,-5.528498,22.975306,73.269432,0.810502
6091,6.091000,17.308060,6.564891,-5.528498,22.836558,74.630653,0.805202
6092,6.092000,17.165833,6.432532,-5.528498,22.694331,76.536598,0.816122
6093,6.093000,17.020130,6.305392,-5.528498,22.548628,77.851219,0.819552
6094,6.094000,16.870951,6.183532,-5.528498,22.399450,78.941208,0.824082
6095,6.095000,16.718309,6.066999,-5.528498,22.246807,79.937279,0.820032
6096,6.096000,16.562206,5.955834,-5.528498,22.090705,80.996590,0.817652
6097,6.097000,16.402660,5.850082,-5.528498,21.931158,81.938118,0.816972
6098,6.098000,16.239683,5.749783,-5.528498,21.768181,82.788414,0.816962
6099,6.099000,16.073298,5.654972,-5.528498,21.601796,83.773529,0.823442
6100,6.100000,15.903522,5.565694,-5.528498,21.432020,84.434120,0.815502
6101,6.101000,15.730383,5.481976,-5.528498,21.258881,84.537216,0.912101
6102,6.102000,15.553910,5.403810,-5.528498,21.082408,84.133537,0.800792
6103,6.103000,15.374133,5.331150,-5.528498,20.902631,83.435478,0.801952
6104,6.104000,15.191087,5.263926,-5.528498,20.719585,82.568260,1.029640
6105,6.105000,15.004809,5.202054,-5.528498,20.533307,81.510414,0.900971
6106,6.106000,14.815341,5.145439,-5.528498,20.343839,80.228874,0.810682
6107,6.107000,14.622726,5.093971,-5.528498,20.151225,78.849197,0.813462
6108,6.108000,14.427011,5.047534,-5.528498,19.955509,77.583427,0.810432
6109,6.109000,14.228245,5.006018,-5.528498,19.756744,76.423820,0.813262
6110,6.110000,14.026481,4.969324,-5.528498,19.554979,75.240059,0.814502
6111,6.111000,13.821773,4.937355,-5.528498,19.350271,74.005882,0.808952
6112,6.112000,13.614180,4.910011,-5.528498,19.142678,73.031105,0.811772
6113,6.113000,13.403761,4.887210,-5.528498,18.932259,72.635490,0.816911
6114,6.114000,13.190581,4.868903,-5.528498,18.719079,72.438438,0.810142
6115,6.115000,12.974703,4.855067,-5.528498,18.503201,72.308083,0.804882
6116,6.116000,12.756198,4.845683,-5.528498,18.284696,72.135139,0.797332
6117,6.117000,12.535135,4.840733,-5.528498,18.063634,71.922684,0.802762
6118,6.118000,12.311588,4.840194,-5.528498,17.840087,71.657646,0.802992
6119,6.119000,12.085632,4.844038,-5.528498,17.614130,71.325935,0.903391
6120,6.120000,11.857345,4.852232,-5.528498,17.385843,70.921165,0.803912
6121,6.121000,11.626808,4.864736,-5.528498,17.155306,70.438835,0.806732
6122,6.122000,11.394103,4.881505,-5.528498,16.922601,69.918526,0.811692
6123,6.123000,11.159315,4.902491,-5.528498,16.687813,69.388672,0.898511
6124,6.124000,10.922531,4.927645,-5.528498,16.451029,68.725060,0.803022
6125,6.125000,10.683841,4.956910,-5.528498,16.212339,68.038841,0.797752
6126,6.126000,10.443336,4.990225,-5.528498,15.971834,67.292473,0.794843
6127,6.127000,10.201110,5.027530,-5.528498,15.729608,66.350510,0.802832
6128,6.128000,9.957260,5.068747,-5.528498,15.485758,65.143181,0.804572
6129,6.129000,9.711880,5.113787,-5.528498,15.240378,63.693134,0.797382
6130,6.130000,9.465073,5.162537,-5.528498,14.993571,61.931984,0.888611
6131,6.131000,9.216938,5.214870,-5.528498,14.745436,59.868397,0.807672
6132,6.132000,8.967580,5.270632,-5.528498,14.496078,57.717087,0.814412
6133,6.133000,8.717102,5.329661,-5.528498,14.245600,55.148678,0.813092
6134,6.134000,8.465612,5.391776,-5.528498,13.994110,52.598003,0.817532
6135,6.135000,8.213216,5.456786,-5.528498,13.741714,50.255985,0.804371
6136,6.136000,7.960025,5.524520,-5.528498,13.488523,47.415730,0.807181
6137,6.137000,7.706147,5.594777,-5.528498,13.234645,44.248905,0.802692
6138,6.138000,7.451695,5.667339,-5.528498,12.980194,42.593731,0.813432
6139,6.139000,7.196782,5.742066,-5.528498,12.725281,40.520859,0.809522
6140,6.140000,6.941521,5.818819,-5.528498,12.470019,37.714382,0.813562
6141,6.141000,6.686026,5.897416,-5.528498,12.214524,34.444820,0.810412
6142,6.142000,6.430412,5.977636,-5.528498,11.958910,31.165573,0.810462
6143,6.143000,6.174796,6.059250,-5.528498,11.703294,27.531488,0.807172
6144,6.144000,5.919293,6.142007,-5.528498,11.447791,24.321619,0.888031
6145,6.145000,5.664019,6.225679,-5.528498,11.192517,22.107798,0.813981
6146,6.146000,5.409092,6.310099,-5.528498,10.937590,19.828072,0.848671
6147,6.147000,5.154629,6.395118,-5.528498,10.683127,17.338877,0.806372
6148,6.148000,4.900746,6.480576,-5.528498,10.429244,14.926895,0.806622
6149,6.149000,4.647561,6.566314,-5.528498,10.176059,12.162950,0.815022
6150,6.150000,4.395191,6.652153,-5.528498,9.923689,9.241559,0.817112
6151,6.151000,4.143752,6.737899,-5.528498,9.672251,6.792368,0.810232
6152,6.152000,3.893361,6.823383,-5.528498,9.421859,2.726165,0.812972
6153,6.153000,3.644133,6.908350,-5.528498,9.172631,-3.198645,0.806822
6154,6.154000,3.396184,6.992415,-5.528498,8.924682,-8.542707,0.806252
6155,6.155000,3.149627,7.075199,-5.528498,8.678125,-13.513650,0.805122
6156,6.156000,2.904578,7.156349,-5.528498,8.433076,-20.022367,0.901791
6157,6.157000,2.661147,7.235437,-5.528498,8.189645,-25.159914,0.804492
6158,6.158000,2.419447,7.312097,-5.528498,7.947945,-29.900793,0.805032
6159,6.159000,2.179586,7.386003,-5.528498,7.708084,-33.690952,0.920481
6160,6.160000,1.941674,7.456904,-5.528498,7.470172,-37.086533,0.799872
6161,6.161000,1.705816,7.524582,-5.528498,7.234314,-40.521511,0.801422
6162,6.162000,1.472116,7.588829,-5.528498,7.000614,-43.846443,0.827051
6163,6.163000,1.240678,7.649440,-5.528498,6.769176,-46.727127,0.801462
6164,6.164000,1.011601,7.706238,-5.528498,6.540099,-49.294571,0.802332
6165,6.165000,0.784983,7.759068,-5.528498,6.313481,-51.704128,0.797232
6166,6.166000,0.560921,7.807786,-5.528498,6.089419,-54.199089,0.800932
6167,6.167000,0.339509,7.852248,-5.528498,5.868007,-55.999268,0.801452
6168,6.168000,0.120836,7.892347,-5.528498,5.649334,-57.289742,0.795632
6169,6.169000,-0.095008,7.928011,-5.528498,5.433490,-58.088039,0.798472
6170,6.170000,-0.307937,7.959206,-5.528498,5.220561,-58.557030,0.803242
6171,6.171000,-0.517868,7.985924,-5.528498,5.010630,-58.926468,0.810622
6172,6.172000,-0.724720,8.008167,-5.528498,4.803778,-59.228966,0.803132
6173,6.173000,-0.928415,8.025938,-5.528498,4.600083,-59.477406,0.806842
6174,6.174000,-1.128877,8.039245,-5.528498,4.399621,-59.592621,0.795103
6175,6.175000,-1.326035,8.048100,-5.528498,4.202463,-59.649235,0.798152
6176,6.176000,-1.519817,8.052518,-5.528498,4.008681,-59.735527,0.788552
6177,6.177000,-1.710158,8.052514,-5.528498,3.818340,-59.804504,0.790732
6178,6.178000,-1.896991,8.048102,-5.528498,3.631507,-59.833302,0.793512
6179,6.179000,-2.080257,8.039295,-5.528498,3.448241,-59.816513,0.793852
6180,6.180000,-2.259895,8.026113,-5.528498,3.268603,-59.744759,0.794002
6181,6.181000,-2.435851,8.008575,-5.528498,3.092648,-59.616123,0.796152
6182,6.182000,-2.608070,7.986708,-5.528498,2.920428,-59.445770,0.794722
6183,6.183000,-2.776502,7.960539,-5.528498,2.751996,-59.289673,0.791772
6184,6.184000,-2.941101,7.930096,-5.528498,2.587397,-59.136410,0.789152
6185,6.185000,-3.101821,7.895405,-5.528498,2.426677,-58.944427,0.790272
6186,6.186000,-3.258620,7.856497,-5.528498,2.269878,-58.699669,0.798222
6187,6.187000,-3.411460,7.813402,-5.528498,2.117038,-58.407265,0.815292
6188,6.188000,-3.560304,7.766156,-5.528498,1.968194,-58.247177,0.794542
6189,6.189000,-3.705120,7.714790,-5.528498,1.823378,-58.258911,0.794882
6190,6.190000,-3.845877,7.659318,-5.528498,1.682621,-58.375839,0.798922
6191,6.191000,-3.982548,7.599749,-5.528498,1.545950,-58.631001,0.791772
6192,6.192000,-4.115107,7.536081,-5.528498,1.413391,-59.181683,0.792682
6193,6.193000,-4.243534,7.468292,-5.528498,1.284964,-59.972237,0.785952
6194,6.194000,-4.367809,7.396344,-5.528498,1.160689,-60.850750,0.802012
6195,6.195000,-4.487917,7.320189,-5.528498,1.040581,-61.590717,0.790682
6196,6.196000,-4.603844,7.239785,-5.528498,0.924654,-62.162323,0.799472
6197,6.197000,-4.715580,7.155108,-5.528498,0.812918,-62.580700,0.797962
6198,6.198000,-4.823119,7.066141,-5.528498,0.705379,-62.893314,0.799832
6199,6.199000,-4.926457,6.972879,-5.528498,0.602041,-63.107559,0.796382
6200,6.200000,-5.025592,6.875325,-5.528498,0.502906,-63.228565,0.800622
6201,6.201000,-5.120526,6.773489,-5.528498,0.407972,-63.259621,0.789422
6202,6.202000,-5.211265,6.667386,-5.528498,0.317233,-63.219139,0.792202
6203,6.203000,-5.297815,6.557040,-5.528498,0.230683,-63.141449,0.791062
6204,6.204000,-5.380189,6.442471,-5.528498,0.148309,-63.014442,0.812512
6205,6.205000,-5.458399,6.323709,-5.528498,0.070100,-62.772087,0.811272
6206,6.206000,-5.532462,6.200786,-5.528498,-0.003964,-62.409752,0.799292
6207,6.207000,-5.602399,6.073744,-5.528498,-0.073901,-61.930740,0.793542
6208,6.208000,-5.668231,5.942633,-5.528498,-0.139732,-61.381798,0.802572
6209,6.209000,-5.729983,5.807508,-5.528498,-0.201485,-60.794247,0.791812
6210,6.210000,-5.787685,5.668426,-5.528498,-0.259187,-60.159851,0.781743
6211,6.211000,-5.841367,5.525448,-5.528498,-0.312869,-59.496597,0.789242
6212,6.212000,-5.891063,5.378637,-5.528498,-0.362565,-58.744427,0.789512
6213,6.213000,-5.936809,5.228059,-5.528498,-0.408311,-57.991501,0.790912
6214,6.214000,-5.978646,5.073782,-5.528498,-0.450147,-57.343647,0.802302
6215,6.215000,-6.016614,4.915867,-5.528498,-0.488116,-56.818817,0.792002
6216,6.216000,-6.050758,4.754366,-5.528498,-0.522260,-56.246048,0.793022
6217,6.217000,-6.081125,4.589330,-5.528498,-0.552627,-55.646378,0.787722
6218,6.218000,-6.107766,4.420815,-5.528498,-0.579268,-55.006157,0.785802
6219,6.219000,-6.130733,4.248875,-5.528498,-0.602234,-54.373257,0.789332
6220,6.220000,-6.150079,4.073568,-5.528498,-0.621581,-53.716843,0.785853
6221,6.221000,-6.165862,3.894951,-5.528498,-0.637364,-53.095924,0.793562
6222,6.222000,-6.178143,3.713081,-5.528498,-0.649645,-52.407066,0.791722
6223,6.223000,-6.186983,3.528016,-5.528498,-0.658484,-51.443062,0.793192
6224,6.224000,-6.192445,3.339832,-5.528498,-0.663947,-50.338676,0.793113
6225,6.225000,-6.194598,3.148616,-5.528498,-0.666100,-49.191059,0.782712
6226,6.226000,-6.193509,2.954461,-5.528498,-0.665011,-48.028038,0.784802
6227,6.227000,-6.189250,2.757460,-5.528498,-0.660752,-46.649628,0.794903
6228,6.228000,-6.181893,2.557717,-5.528498,-0.653395,-44.894131,0.794232
6229,6.229000,-6.171514,2.355363,-5.528498,-0.643016,-42.520172,0.790202
6230,6.230000,-6.158190,2.150566,-5.528498,-0.629692,-40.054024,0.790082
6231,6.231000,-6.141999,1.943510,-5.528498,-0.613501,-37.273670,0.803812
6232,6.232000,-6.123023,1.734398,-5.528498,-0.594525,-34.844849,0.788202
6233,6.233000,-6.101345,1.523415,-5.528498,-0.572847,-32.932060,0.783412
6234,6.234000,-6.077047,1.310709,-5.528498,-0.548549,-31.107311,0.781173
6235,6.235000,-6.050216,1.096414,-5.528498,-0.521718,-29.385134,0.791722
6236,6.236000,-6.020939,0.880651,-5.528498,-0.492440,-27.858694,0.782412
6237,6.237000,-5.989303,0.663531,-5.528498,-0.460805,-26.216156,0.792632
6238,6.238000,-5.955399,0.445166,-5.528498,-0.426901,-24.344669,0.790772
6239,6.239000,-5.919318,0.225683,-5.528498,-0.390820,-22.068735,0.789782
6240,6.240000,-5.881151,0.005237,-5.528498,-0.352653,-19.203339,0.786072
6241,6.241000,-5.840992,-0.215976,-5.528498,-0.312494,-16.631580,0.787252
6242,6.242000,-5.798935,-0.437769,-5.528498,-0.270437,-14.227336,0.790262
6243,6.243000,-5.755074,-0.659966,-5.528498,-0.226576,-11.519317,0.792972
6244,6.244000,-5.709505,-0.882383,-5.528498,-0.181007,-8.655725,0.797672
6245,6.245000,-5.662325,-1.104821,-5.528498,-0.133826,-6.067991,0.810861
6246,6.246000,-5.613630,-1.327097,-5.528498,-0.085131,-3.639977,0.798152
6247,6.247000,-5.563517,-1.549040,-5.528498,-0.035019,-1.281575,0.794802
6248,6.248000,-5.512085,-1.770491,-5.528498,0.016413,0.988248,0.794932
6249,6.249000,-5.459431,-1.991294,-5.528498,0.069067,3.011101,0.787203
6250,6.250000,-5.405654,-2.211312,-5.528498,0.122844,5.335864,0.781752
6251,6.251000,-5.350851,-2.430394,-5.528498,0.177647,7.805123,0.792732
6252,6.252000,-5.295121,-2.648377,-5.528498,0.233377,10.172668,0.786872
6253,6.253000,-5.238561,-2.865099,-5.528498,0.289937,13.410007,0.812142
6254,6.254000,-5.181271,-3.080353,-5.528498,0.347227,16.240847,0.790372
6255,6.255000,-5.123347,-3.293939,-5.528498,0.405151,19.284254,0.795332
6256,6.256000,-5.064886,-3.505654,-5.528498,0.463612,22.479099,0.797722
6257,6.257000,-5.005987,-3.715282,-5.528498,0.522512,26.770514,0.797412
6258,6.258000,-4.946743,-3.922545,-5.528498,0.581755,31.535652,0.783532
6259,6.259000,-4.887252,-4.127123,-5.528498,0.641246,35.758823,0.789182
6260,6.260000,-4.827608,-4.328717,-5.528498,0.700891,40.275677,0.794242
6261,6.261000,-4.767903,-4.527023,-5.528498,0.760595,47.509315,0.784102
6262,6.262000,-4.708231,-4.721582,-5.528498,0.820267,54.977417,0.801282
6263,6.263000,-4.648682,-4.911881,-5.528498,0.879816,61.443832,0.794022
6264,6.264000,-4.589346,-5.097461,-5.528498,0.939152,67.028938,0.794473
6265,6.265000,-4.530310,-5.277930,-5.528498,0.998188,70.959023,0.786682
6266,6.266000,-4.471660,-5.453014,-5.528498,1.056838,73.665726,0.783662
6267,6.267000,-4.413480,-5.622541,-5.528498,1.115019,75.952469,0.806982
6268,6.268000,-4.355850,-5.786385,-5.528498,1.172648,78.176758,0.788172
6269,6.269000,-4.298850,-5.944431,-5.528498,1.229648,81.295723,0.787612
6270,6.270000,-4.242556,-6.096510,-5.528498,1.285942,84.508095,0.791472
6271,6.271000,-4.187043,-6.242432,-5.528498,1.341455,88.151131,0.793242
6272,6.272000,-4.132384,-6.381971,-5.528498,1.396115,92.387878,0.788832
6273,6.273000,-4.078645,-6.514862,-5.528498,1.449853,95.950867,0.831242
6274,6.274000,-4.025896,-6.640867,-5.528498,1.502602,98.409065,0.780912
6275,6.275000,-3.974199,-6.759821,-5.528498,1.554300,99.711823,0.779613
6276,6.276000,-3.923614,-6.871647,-5.528498,1.604884,100.071877,0.803532
6277,6.277000,-3.874200,-6.976340,-5.528498,1.654298,99.560570,0.787872
6278,6.278000,-3.826012,-7.073962,-5.528498,1.702487,98.093346,0.803142
6279,6.279000,-3.779101,-7.164640,-5.528498,1.749398,95.693169,0.789403
6280,6.280000,-3.733515,-7.248571,-5.528498,1.794983,92.400383,0.793742
6281,6.281000,-3.689303,-7.326006,-5.528498,1.839195,88.583992,0.783662
6282,6.282000,-3.646505,-7.397243,-5.528498,1.881993,85.992134,0.776712
6283,6.283000,-3.605163,-7.462508,-5.528498,1.923336,83.270515,0.777242
6284,6.284000,-3.565314,-7.522012,-5.528498,1.963184,80.615448,0.795762
6285,6.285000,-3.526993,-7.575955,-5.528498,2.001505,78.664558,0.789563
6286,6.286000,-3.490234,-7.624494,-5.528498,2.038264,77.030090,0.791222
6287,6.287000,-3.455065,-7.667753,-5.528498,2.073433,75.577805,0.786242
6288,6.288000,-3.421516,-7.705838,-5.528498,2.106983,74.058037,0.788963
6289,6.289000,-3.389610,-7.738858,-5.528498,2.138888,72.299629,0.787972
6290,6.290000,-3.359371,-7.766935,-5.528498,2.169127,70.647583,0.782032
6291,6.291000,-3.330819,-7.790192,-5.528498,2.197679,69.819176,0.790003
6292,6.292000,-3.303972,-7.808702,-5.528498,2.224526,69.435814,0.909291
6293,6.293000,-3.278847,-7.822504,-5.528498,2.249651,69.195000,0.790772
6294,6.294000,-3.255456,-7.831617,-5.528498,2.273042,69.164207,0.786632
6295,6.295000,-3.233811,-7.836049,-5.528498,2.294687,69.269455,0.791123
6296,6.296000,-3.213921,-7.835798,-5.528498,2.314577,69.548302,0.782272
6297,6.297000,-3.195792,-7.830849,-5.528498,2.332706,69.827049,0.784802
6298,6.298000,-3.179429,-7.821192,-5.528498,2.349069,69.945747,0.774193
6299,6.299000,-3.164834,-7.806823,-5.528498,2.363664,69.722557,0.776952
6300,6.300000,-3.152006,-7.787760,-5.528498,2.376492,69.106300,0.783012
6301,6.301000,-3.140944,-7.764056,-5.528498,2.387555,67.783424,0.787112
6302,6.302000,-3.131641,-7.735808,-5.528498,2.396857,65.754494,0.780782
6303,6.303000,-3.124091,-7.703165,-5.528498,2.404407,62.841255,0.788433
6304,6.304000,-3.118285,-7.666338,-5.528498,2.410213,59.711014,0.782142
6305,6.305000,-3.114211,-7.625565,-5.528498,2.414287,56.151516,0.782842
6306,6.306000,-3.111856,-7.581105,-5.528498,2.416643,52.797356,0.791522
6307,6.307000,-3.111204,-7.533215,-5.528498,2.417294,49.482315,0.810942
6308,6.308000,-3.112238,-7.482139,-5.528498,2.416260,46.203629,0.790522
6309,6.309000,-3.114940,-7.428114,-5.528498,2.413559,43.288872,0.822752
6310,6.310000,-3.119288,-7.371355,-5.528498,2.409210,41.465733,0.828962
6311,6.311000,-3.125261,-7.312004,-5.528498,2.403237,39.706764,0.912471
6312,6.312000,-3.132834,-7.250180,-5.528498,2.395664,37.963257,0.827042
6313,6.313000,-3.141984,-7.186003,-5.528498,2.386514,36.516907,0.831672
6314,6.314000,-3.152684,-7.119568,-5.528498,2.375814,34.870392,0.820902
6315,6.315000,-3.164905,-7.050988,-5.528498,2.363593,33.052460,0.820022
6316,6.316000,-3.178618,-6.980382,-5.528498,2.349880,31.530336,0.818182
6317,6.317000,-3.193795,-6.907861,-5.528498,2.334704,29.967728,0.811442
6318,6.318000,-3.210401,-6.833533,-5.528498,2.318097,28.559956,0.814262
6319,6.319000,-3.228407,-6.757500,-5.528498,2.300092,27.051081,0.823402
6320,6.320000,-3.247776,-6.679864,-5.528498,2.280722,25.662497,0.821042
6321,6.321000,-3.268475,-6.600724,-5.528498,2.260023,24.154982,0.825541
6322,6.322000,-3.290469,-6.520184,-5.528498,2.238030,22.684576,0.824101
6323,6.323000,-3.313719,-6.438348,-5.528498,2.214779,21.005230,0.822171
6324,6.324000,-3.338189,-6.355332,-5.528498,2.190309,19.702158,0.823262
6325,6.325000,-3.363840,-6.271232,-5.528498,2.164658,18.700186,1.201108
6326,6.326000,-3.390632,-6.186122,-5.528498,2.137866,17.628351,0.912731
6327,6.327000,-3.418527,-6.100074,-5.528498,2.109971,16.480169,0.825681
6328,6.328000,-3.447483,-6.013166,-5.528498,2.081015,15.274540,0.866301
6329,6.329000,-3.477458,-5.925481,-5.528498,2.051040,13.976064,0.908291
6330,6.330000,-3.508411,-5.837106,-5.528498,2.020087,12.559142,0.820412
6331,6.331000,-3.540299,-5.748140,-5.528498,1.988199,11.090503,0.816902
6332,6.332000,-3.573079,-5.658685,-5.528498,1.955419,9.894742,0.822182
6333,6.333000,-3.606707,-5.568828,-5.528498,1.921791,8.922567,0.811202
6334,6.334000,-3.641140,-5.478640,-5.528498,1.887358,7.739239,0.810352
6335,6.335000,-3.676332,-5.388199,-5.528498,1.852166,6.330733,0.810682
6336,6.336000,-3.712239,-5.297597,-5.528498,1.816259,5.092241,0.819732
6337,6.337000,-3.748816,-5.206923,-5.528498,1.779682,3.982301,0.823862
6338,6.338000,-3.786018,-5.116254,-5.528498,1.742480,2.663684,0.816882
6339,6.339000,-3.823799,-5.025676,-5.528498,1.704699,1.304579,0.818972
6340,6.340000,-3.862113,-4.935283,-5.528498,1.666386,0.073114,0.820262
6341,6.341000,-3.900914,-4.845161,-5.528498,1.627584,-0.889523,0.830862
6342,6.342000,-3.940157,-4.755377,-5.528498,1.588341,-1.860709,0.821252
6343,6.343000,-3.979795,-4.665994,-5.528498,1.548703,-2.850871,1.243497
6344,6.344000,-4.019784,-4.577079,-5.528498,1.508715,-3.846224,0.823621
6345,6.345000,-4.060076,-4.488695,-5.528498,1.468422,-4.863294,0.824221
6346,6.346000,-4.100626,-4.400910,-5.528498,1.427872,-5.935141,1.110679
6347,6.347000,-4.141388,-4.313793,-5.528498,1.387110,-7.326027,0.954181
6348,6.348000,-4.182317,-4.227435,-5.528498,1.346181,-8.826384,0.825812
6349,6.349000,-4.223368,-4.141935,-5.528498,1.305130,-10.263244,0.825012
6350,6.350000,-4.264496,-4.057393,-5.528498,1.264002,-11.836329,0.826052
6351,6.351000,-4.305656,-3.973915,-5.528498,1.222842,-13.981034,0.821752
6352,6.352000,-4.346804,-3.891638,-5.528498,1.181694,-16.136366,0.823252
6353,6.353000,-4.387895,-3.810712,-5.528498,1.140603,-18.210268,0.810742
6354,6.354000,-4.428887,-3.731279,-5.528498,1.099611,-19.989967,0.803182
6355,6.355000,-4.469737,-3.653462,-5.528498,1.058761,-21.875280,0.810232
6356,6.356000,-4.510403,-3.577387,-5.528498,1.018096,-23.790579,0.808912
6357,6.357000,-4.550842,-3.503178,-5.528498,0.977656,-25.457718,0.813732
6358,6.358000,-4.591015,-3.430945,-5.528498,0.937483,-27.027424,0.808432
6359,6.359000,-4.630883,-3.360791,-5.528498,0.897615,-28.491720,0.814182
6360,6.360000,-4.670405,-3.292808,-5.528498,0.858093,-29.742493,0.810162
6361,6.361000,-4.709543,-3.227075,-5.528498,0.818955,-30.854807,0.901471
6362,6.362000,-4.748261,-3.163660,-5.528498,0.780237,-31.906311,0.810112
6363,6.363000,-4.786522,-3.102625,-5.528498,0.741976,-32.985596,0.811141
6364,6.364000,-4.824292,-3.044032,-5.528498,0.704206,-34.184746,1.025659
6365,6.365000,-4.861536,-2.987953,-5.528498,0.666962,-35.273247,0.811681
6366,6.366000,-4.898220,-2.934454,-5.528498,0.630278,-36.178787,0.807471
6367,6.367000,-4.934314,-2.883592,-5.528498,0.594184,-36.982391,0.805672
6368,6.368000,-4.969787,-2.835413,-5.528498,0.558711,-37.706646,0.859841
6369,6.369000,-5.004608,-2.789958,-5.528498,0.523890,-38.333836,0.863612
6370,6.370000,-5.038751,-2.747260,-5.528498,0.489748,-38.842186,0.821842
6371,6.371000,-5.072186,-2.707346,-5.528498,0.456312,-39.273979,0.815482
6372,6.372000,-5.104890,-2.670235,-5.528498,0.423608,-39.630630,0.815862
6373,6.373000,-5.136836,-2.635943,-5.528498,0.391662,-39.833225,0.812832
6374,6.374000,-5.168003,-2.604475,-5.528498,0.360495,-39.896358,0.814822
6375,6.375000,-5.198368,-2.575825,-5.528498,0.330130,-39.839066,0.814132
6376,6.376000,-5.227909,-2.549983,-5.528498,0.300589,-39.676620,0.810262
6377,6.377000,-5.256609,-2.526925,-5.528498,0.271889,-39.436050,0.795052
6378,6.378000,-5.284448,-2.506627,-5.528498,0.244050,-39.112770,0.922651
6379,6.379000,-5.311411,-2.489058,-5.528498,0.217087,-38.707199,1.014300
6380,6.380000,-5.337480,-2.474179,-5.528498,0.191018,-38.287666,0.796902
6381,6.381000,-5.362643,-2.461954,-5.528498,0.165855,-37.886696,0.796113
6382,6.382000,-5.386887,-2.452346,-5.528498,0.141612,-37.443394,1.016990
6383,6.383000,-5.410198,-2.445316,-5.528498,0.118300,-37.114918,0.897011
6384,6.384000,-5.432568,-2.440834,-5.528498,0.095930,-36.917095,0.800082
6385,6.385000,-5.453986,-2.438878,-5.528498,0.074512,-36.877228,0.811372
6386,6.386000,-5.474446,-2.439437,-5.528498,0.054052,-36.887329,0.809792
6387,6.387000,-5.493939,-2.442506,-5.528498,0.034559,-36.827232,0.807362
6388,6.388000,-5.512462,-2.448079,-5.528498,0.016036,-36.787231,0.812772
6389,6.389000,-5.530009,-2.456147,-5.528498,-0.001511,-36.907219,0.818842
6390,6.390000,-5.546577,-2.466711,-5.528498,-0.018079,-37.015144,0.828812
6391,6.391000,-5.562165,-2.479774,-5.528498,-0.033667,-36.919758,0.807042
6392,6.392000,-5.576772,-2.495325,-5.528498,-0.048274,-36.601025,0.806982
6393,6.393000,-5.590399,-2.513340,-5.528498,-0.061901,-36.104500,0.801732
6394,6.394000,-5.603048,-2.533778,-5.528498,-0.074550,-35.533409,0.804482
6395,6.395000,-5.614722,-2.556592,-5.528498,-0.086223,-34.841019,0.809791
6396,6.396000,-5.625424,-2.581727,-5.528498,-0.096926,-34.078617,0.808092
6397,6.397000,-5.635163,-2.609122,-5.528498,-0.106665,-33.339325,0.936660
6398,6.398000,-5.643942,-2.638717,-5.528498,-0.115444,-32.617176,0.804192
6399,6.399000,-5.651770,-2.670456,-5.528498,-0.123272,-31.891220,0.812122
6400,6.400000,-5.658657,-2.704281,-5.528498,-0.130159,-31.204433,0.813632
6401,6.401000,-5.664612,-2.740139,-5.528498,-0.136114,-30.354084,0.898851
6402,6.402000,-5.669646,-2.777968,-5.528498,-0.141148,-29.351990,0.813952
6403,6.403000,-5.673771,-2.817696,-5.528498,-0.145273,-28.351686,0.806392
6404,6.404000,-5.677001,-2.859247,-5.528498,-0.148502,-27.370758,0.791682
6405,6.405000,-5.679348,-2.902549,-5.528498,-0.150850,-26.660221,0.793752
6406,6.406000,-5.680829,-2.947544,-5.528498,-0.152331,-26.302092,0.802902
6407,6.407000,-5.681459,-2.994201,-5.528498,-0.152961,-25.985712,0.803102
6408,6.408000,-5.681255,-3.042494,-5.528498,-0.152757,-25.623631,0.803432
6409,6.409000,-5.680234,-3.092401,-5.528498,-0.151736,-25.121204,0.804572
6410,6.410000,-5.678415,-3.143886,-5.528498,-0.149917,-24.546202,0.803532
6411,6.411000,-5.675818,-3.196909,-5.528498,-0.147320,-23.903811,0.800803
6412,6.412000,-5.672462,-3.251423,-5.528498,-0.143964,-23.135685,0.808132
6413,6.413000,-5.668368,-3.307372,-5.528498,-0.139870,-22.321230,0.793492
6414,6.414000,-5.663558,-3.364696,-5.528498,-0.135060,-21.483025,0.801982
6415,6.415000,-5.658055,-3.423333,-5.528498,-0.129557,-20.618097,0.828292
6416,6.416000,-5.651882,-3.483219,-5.528498,-0.123384,-19.726490,0.800652
6417,6.417000,-5.645063,-3.544290,-5.528498,-0.116564,-18.764551,0.799752
6418,6.418000,-5.637621,-3.606477,-5.528498,-0.109123,-17.701900,0.803882
6419,6.419000,-5.629583,-3.669704,-5.528498,-0.101085,-16.607468,1.030240
6420,6.420000,-5.620974,-3.733893,-5.528498,-0.092476,-15.693940,0.807292
6421,6.421000,-5.611820,-3.798976,-5.528498,-0.083321,-14.778474,0.799522
6422,6.422000,-5.602148,-3.864888,-5.528498,-0.073650,-13.776425,0.795833
6423,6.423000,-5.591985,-3.931561,-5.528498,-0.063487,-12.492242,0.794482
6424,6.424000,-5.581359,-3.998907,-5.528498,-0.052861,-10.787976,0.788602
6425,6.425000,-5.570298,-4.066813,-5.528498,-0.041800,-9.261976,0.791942
6426,6.426000,-5.558831,-4.135168,-5.528498,-0.030333,-7.971622,0.814722
6427,6.427000,-5.546986,-4.203877,-5.528498,-0.018488,-6.645985,0.795132
6428,6.428000,-5.534792,-4.272848,-5.528498,-0.006294,-5.415205,0.800272
6429,6.429000,-5.522278,-4.341996,-5.528498,0.006220,-4.313642,0.796962
6430,6.430000,-5.509474,-4.411245,-5.528498,0.019024,-3.227745,0.796222
6431,6.431000,-5.496410,-4.480523,-5.528498,0.032088,-2.123126,0.786073
6432,6.432000,-5.483115,-4.549755,-5.528498,0.045384,-1.035299,0.782992
6433,6.433000,-5.469617,-4.618872,-5.528498,0.058881,0.065402,0.783952
6434,6.434000,-5.455948,-4.687798,-5.528498,0.072550,1.287978,0.789023
6435,6.435000,-5.442138,-4.756454,-5.528498,0.086360,2.439440,0.791242
6436,6.436000,-5.428214,-4.824761,-5.528498,0.100284,3.526038,0.819362
6437,6.437000,-5.414208,-4.892646,-5.528498,0.114290,4.653920,0.811022
6438,6.438000,-5.400148,-4.960035,-5.528498,0.128350,5.932389,0.897061
6439,6.439000,-5.386064,-5.026843,-5.528498,0.142434,7.190928,0.805422
6440,6.440000,-5.371986,-5.092987,-5.528498,0.156513,8.287580,0.804531
6441,6.441000,-5.357940,-5.158392,-5.528498,0.170558,9.412365,0.804501
6442,6.442000,-5.343958,-5.222984,-5.528498,0.184541,10.743293,0.795742
6443,6.443000,-5.330065,-5.286677,-5.528498,0.198433,12.314244,0.801402
6444,6.444000,-5.316291,-5.349370,-5.528498,0.212208,14.000155,0.797642
6445,6.445000,-5.302662,-5.410949,-5.528498,0.225836,16.204006,0.807982
6446,6.446000,-5.289206,-5.471272,-5.528498,0.239292,18.269850,0.809722
6447,6.447000,-5.275950,-5.530194,-5.528498,0.252548,20.091417,0.806452
6448,6.448000,-5.262919,-5.587589,-5.528498,0.265580,21.837156,0.812282
6449,6.449000,-5.250138,-5.643340,-5.528498,0.278360,24.536402,0.802502
6450,6.450000,-5.237632,-5.697277,-5.528498,0.290866,26.984785,0.797342
6451,6.451000,-5.225426,-5.749233,-5.528498,0.303073,28.958103,0.789922
6452,6.452000,-5.213541,-5.799070,-5.528498,0.314958,30.413584,0.790953
6453,6.453000,-5.202000,-5.846688,-5.528498,0.326498,31.477480,0.881821
6454,6.454000,-5.190824,-5.892021,-5.528498,0.337674,32.226910,0.804352
6455,6.455000,-5.180034,-5.935027,-5.528498,0.348464,32.915623,0.799052
6456,6.456000,-5.169649,-5.975672,-5.528498,0.358850,33.528976,1.002080
6457,6.457000,-5.159687,-6.013929,-5.528498,0.368811,34.224072,0.894761
6458,6.458000,-5.150165,-6.049763,-5.528498,0.378333,34.902645,0.810442
6459,6.459000,-5.141100,-6.083139,-5.528498,0.387398,35.575008,0.807252
6460,6.460000,-5.132507,-6.114021,-5.528498,0.395991,36.211197,0.806542
6461,6.461000,-5.124400,-6.142372,-5.528498,0.404098,36.848206,0.797402
6462,6.462000,-5.116792,-6.168158,-5.528498,0.411706,37.492081,0.796963
6463,6.463000,-5.109695,-6.191342,-5.528498,0.418803,38.172653,0.787992
6464,6.464000,-5.103119,-6.211887,-5.528498,0.425379,38.999733,0.797752
6465,6.465000,-5.097076,-6.229744,-5.528498,0.431422,39.841892,0.799282
6466,6.466000,-5.091572,-6.244862,-5.528498,0.436926,40.651100,0.800922
6467,6.467000,-5.086616,-6.257192,-5.528498,0.441882,41.198910,0.797492
6468,6.468000,-5.082214,-6.266700,-5.528498,0.446285,41.458717,0.801242
6469,6.469000,-5.078369,-6.273373,-5.528498,0.450129,41.583412,0.808142
6470,6.470000,-5.075088,-6.277212,-5.528498,0.453410,41.526512,0.804652
6471,6.471000,-5.072371,-6.278227,-5.528498,0.456127,41.309261,0.792072
6472,6.472000,-5.070220,-6.276445,-5.528498,0.458278,40.956539,0.793213
6473,6.473000,-5.068635,-6.271899,-5.528498,0.459863,40.266060,0.799372
6474,6.474000,-5.067616,-6.264643,-5.528498,0.460882,39.144203,0.797012
6475,6.475000,-5.067159,-6.254760,-5.528498,0.461340,37.449646,0.797382
6476,6.476000,-5.067261,-6.242373,-5.528498,0.461237,35.036995,0.805922
6477,6.477000,-5.067918,-6.227653,-5.528498,0.460580,32.973549,0.799892
6478,6.478000,-5.069124,-6.210761,-5.528498,0.459374,31.433680,0.799232
6479,6.479000,-5.070873,-6.191822,-5.528498,0.457625,29.667868,0.789522
6480,6.480000,-5.073158,-6.170961,-5.528498,0.455341,27.657511,0.790002
6481,6.481000,-5.075969,-6.148319,-5.528498,0.452529,25.689447,0.802901
6482,6.482000,-5.079297,-6.124034,-5.528498,0.449201,23.563046,0.809362
6483,6.483000,-5.083133,-6.098256,-5.528498,0.445365,21.380859,0.798872
6484,6.484000,-5.087466,-6.071137,-5.528498,0.441032,19.844561,0.801152
6485,6.485000,-5.092285,-6.042793,-5.528498,0.436213,18.590820,0.796172
6486,6.486000,-5.097578,-6.013313,-5.528498,0.430920,17.468420,0.796393
6487,6.487000,-5.103332,-5.982773,-5.528498,0.425166,16.421547,0.803722
6488,6.488000,-5.109533,-5.951241,-5.528498,0.418965,15.397555,0.791432
6489,6.489000,-5.116170,-5.918783,-5.528498,0.412328,14.377452,0.791992
6490,6.490000,-5.123227,-5.885467,-5.528498,0.405271,13.345778,0.800572
6491,6.491000,-5.130690,-5.851362,-5.528498,0.397808,12.368636,0.808542
6492,6.492000,-5.138545,-5.816533,-5.528498,0.389953,11.465466,0.995810
6493,6.493000,-5.146775,-5.781042,-5.528498,0.381723,10.662129,0.806902
6494,6.494000,-5.155365,-5.744945,-5.528498,0.373133,10.131232,0.891321
6495,6.495000,-5.164299,-5.708280,-5.528498,0.364199,9.561864,0.802482
6496,6.496000,-5.173561,-5.671083,-5.528498,0.354937,8.827640,0.803562
6497,6.497000,-5.183134,-5.633400,-5.528498,0.345364,8.014987,0.797143
6498,6.498000,-5.193001,-5.595286,-5.528498,0.335497,7.189661,0.796722
6499,6.499000,-5.203145,-5.556797,-5.528498,0.325353,6.341889,0.787062
6500,6.500000,-5.213549,-5.517992,-39.628990,34.415441,-110.126335,0.781913
6501,6.501000,-5.224194,-5.485553,-39.628990,34.404796,-110.155449,0.793002
6502,6.502000,-5.235066,-5.461207,-39.628990,34.393924,-110.152168,0.790762
6503,6.503000,-5.246152,-5.445189,-39.628990,34.382838,-110.151642,0.795622
6504,6.504000,-5.257442,-5.437349,-39.628990,34.371548,-110.157707,0.809012
6505,6.505000,-5.268930,-5.437479,-39.628990,34.360060,-110.165367,0.795132
6506,6.506000,-5.280611,-5.445403,-39.628990,34.348378,-110.174591,0.788292
6507,6.507000,-5.292486,-5.460989,-39.628990,34.336504,-110.183006,0.789812
6508,6.508000,-5.304555,-5.484137,-39.628990,34.324435,-110.188583,1.161339
6509,6.509000,-5.316822,-5.514779,-39.628990,34.312167,-110.188545,0.882751
6510,6.510000,-5.329296,-5.552861,-39.628990,34.299694,-110.178993,0.793343
6511,6.511000,-5.341984,-5.598343,-39.628990,34.287005,-110.156113,0.892531
6512,6.512000,-5.354901,-5.651192,-39.628990,34.274089,-110.102585,0.980840
6513,6.513000,-5.368060,-5.711380,-39.628990,34.260930,-109.994652,0.795682
6514,6.514000,-5.381478,-5.778877,-39.628990,34.247512,-109.781425,0.782882
6515,6.515000,-5.395176,-5.853651,-39.628990,34.233814,-109.283142,0.796572
6516,6.516000,-5.409177,-5.935653,-39.628990,34.219813,-108.219002,0.790812
6517,6.517000,-5.423506,-6.024798,-39.628990,34.205484,-106.076050,0.795412
6518,6.518000,-5.438189,-6.120932,-39.628990,34.190800,-101.164787,0.790592
6519,6.519000,-5.453258,-6.223728,-39.628990,34.175732,-91.804375,0.808252
6520,6.520000,-5.468743,-6.332559,-39.628990,34.160246,-75.847801,0.788352
6521,6.521000,-5.484681,-6.446355,-39.628990,34.144309,-60.075634,0.787993
6522,6.522000,-5.501106,-6.563955,-39.628990,34.127884,-54.338364,0.777442
6523,6.523000,-5.518056,-6.684777,-39.628990,34.110934,-49.298393,0.791162
6524,6.524000,-5.535569,-6.808447,-39.628990,34.093421,-45.241070,0.785502
6525,6.525000,-5.553684,-6.934705,-39.628990,34.075306,-42.395931,0.785382
6526,6.526000,-5.572441,-7.063380,-39.628990,34.056549,-40.514229,0.796112
6527,6.527000,-5.591880,-7.194371,-39.628990,34.037110,-38.798309,0.877352
6528,6.528000,-5.612042,-7.327597,-39.628990,34.016948,-37.152580,0.786162
6529,6.529000,-5.632969,-7.462977,-39.628990,33.996021,-35.580940,0.790592
6530,6.530000,-5.654704,-7.600428,-39.628990,33.974286,-34.051216,0.779732
6531,6.531000,-5.677288,-7.739860,-39.628990,33.951702,-32.912777,0.893771
6532,6.532000,-5.700765,-7.881205,-39.628990,33.928225,-31.787680,0.809712
6533,6.533000,-5.725178,-8.024397,-39.628990,33.903812,-30.607958,0.786983
6534,6.534000,-5.750571,-8.169363,-39.628990,33.878419,-29.446678,0.790182
6535,6.535000,-5.776988,-8.316030,-39.628990,33.852002,-28.231045,0.790612
6536,6.536000,-5.804474,-8.464321,-39.628990,33.824516,-27.022877,0.790082
6537,6.537000,-5.833072,-8.614155,-39.628990,33.795918,-25.835363,0.797512
6538,6.538000,-5.862829,-8.765453,-39.628990,33.766161,-25.030272,0.789442
6539,6.539000,-5.893788,-8.918158,-39.628990,33.735202,-24.296450,0.793802
6540,6.540000,-5.925995,-9.072221,-39.628990,33.702994,-23.604628,0.792042
6541,6.541000,-5.959496,-9.227600,-39.628990,33.669494,-23.044029,0.790292
6542,6.542000,-5.994335,-9.384258,-39.628990,33.634655,-22.496344,0.788152
6543,6.543000,-6.030556,-9.542163,-39.628990,33.598434,-21.949919,0.793612
6544,6.544000,-6.068206,-9.701279,-39.628990,33.560783,-21.486568,0.798812
6545,6.545000,-6.107330,-9.861579,-39.628990,33.521660,-21.082850,1.224598
6546,6.546000,-6.147972,-10.023036,-39.628990,33.481017,-20.733644,0.871721
6547,6.547000,-6.190178,-10.185630,-39.628990,33.438812,-20.414122,0.786812
6548,6.548000,-6.233993,-10.349340,-39.628990,33.394997,-20.102308,0.915210
6549,6.549000,-6.279460,-10.514149,-39.628990,33.349530,-19.782373,1.066689
6550,6.550000,-6.326625,-10.680037,-39.628990,33.302365,-19.455887,0.793382
6551,6.551000,-6.375532,-10.846985,-39.628990,33.253458,-19.131510,0.792703
6552,6.552000,-6.426225,-11.014973,-39.628990,33.202764,-18.850794,0.780622
6553,6.553000,-6.478748,-11.183982,-39.628990,33.150242,-18.579756,0.782572
6554,6.554000,-6.533145,-11.353998,-39.628990,33.095845,-18.308992,0.783763
6555,6.555000,-6.589459,-11.525002,-39.628990,33.039531,-18.033043,0.799092
6556,6.556000,-6.647733,-11.696979,-39.628990,32.981257,-17.754827,0.793452
6557,6.557000,-6.708010,-11.869913,-39.628990,32.920980,-17.474600,0.793112
6558,6.558000,-6.770332,-12.043785,-39.628990,32.858657,-17.192282,0.787192
6559,6.559000,-6.834742,-12.218582,-39.628990,32.794247,-16.907824,0.790492
6560,6.560000,-6.901282,-12.394282,-39.628990,32.727708,-16.631258,0.786582
6561,6.561000,-6.969992,-12.570874,-39.628990,32.658998,-16.384954,0.789022
6562,6.562000,-7.040914,-12.748338,-39.628990,32.588076,-16.155649,0.780742
6563,6.563000,-7.114088,-12.926665,-39.628990,32.514902,-15.923713,0.786552
6564,6.564000,-7.189554,-13.105840,-39.628990,32.439436,-15.677171,0.865091
6565,6.565000,-7.267352,-13.285852,-39.628990,32.361638,-15.415169,0.786812
6566,6.566000,-7.347521,-13.466684,-39.628990,32.281469,-15.152598,0.795923
6567,6.567000,-7.430099,-13.648321,-39.628990,32.198891,-14.860496,0.783862
6568,6.568000,-7.515125,-13.830749,-39.628990,32.113865,-14.528735,0.878661
6569,6.569000,-7.602636,-14.013947,-39.628990,32.026354,-14.188369,0.789992
6570,6.570000,-7.692669,-14.197895,-39.628990,31.936321,-13.841485,0.779662
6571,6.571000,-7.785260,-14.382574,-39.628990,31.843729,-13.483878,0.775613
6572,6.572000,-7.880447,-14.567960,-39.628990,31.748543,-13.115972,0.781952
6573,6.573000,-7.978262,-14.754033,-39.628990,31.650728,-12.741975,0.779902
6574,6.574000,-8.078742,-14.940772,-39.628990,31.550248,-12.360059,0.785642
6575,6.575000,-8.181919,-15.128154,-39.628990,31.447071,-11.948548,0.787282
6576,6.576000,-8.287827,-15.316155,-39.628990,31.341163,-11.510828,0.782052
6577,6.577000,-8.396499,-15.504750,-39.628990,31.232491,-11.071725,0.786172
6578,6.578000,-8.507966,-15.693912,-39.628990,31.121024,-10.622794,0.775792
6579,6.579000,-8.622260,-15.883615,-39.628990,31.006730,-10.162701,0.770923
6580,6.580000,-8.739410,-16.073831,-39.628990,30.889580,-9.549190,0.786472
6581,6.581000,-8.859446,-16.264526,-39.628990,30.769544,-8.625085,0.781812
6582,6.582000,-8.982397,-16.455645,-39.628990,30.646593,-7.712423,0.782172
6583,6.583000,-9.108291,-16.647126,-39.628990,30.520699,-6.799764,0.880541
6584,6.584000,-9.237154,-16.838911,-39.628990,30.391836,-5.839864,0.782633
6585,6.585000,-9.369013,-17.030937,-39.628990,30.259977,-4.926674,0.779402
6586,6.586000,-9.503893,-17.223147,-39.628990,30.125097,-4.110823,0.778882
6587,6.587000,-9.641818,-17.415487,-39.628990,29.987172,-3.257441,0.997580
6588,6.588000,-9.782811,-17.607907,-39.628990,29.846179,-2.406505,0.772092
6589,6.589000,-9.926894,-17.800354,-39.628990,29.702095,-1.509489,0.788902
6590,6.590000,-10.074089,-17.992776,-39.628990,29.554900,-0.353768,0.818892
6591,6.591000,-10.224416,-18.185102,-39.628990,29.404574,0.989709,0.800302
6592,6.592000,-10.377894,-18.377249,-39.628990,29.251096,2.521896,0.825602
6593,6.593000,-10.534540,-18.569119,-39.628990,29.094450,4.396891,0.783552
6594,6.594000,-10.694371,-18.760592,-39.628990,28.934619,6.725430,0.781892
6595,6.595000,-10.857403,-18.951516,-39.628990,28.771587,9.795421,0.789352
6596,6.596000,-11.023650,-19.141694,-39.628990,28.605340,15.982794,0.776952
6597,6.597000,-11.193124,-19.330735,-39.628990,28.435865,25.272202,0.773353
6598,6.598000,-11.365838,-19.518029,-39.628990,28.263152,34.990742,0.775762
6599,6.599000,-11.541800,-19.702890,-39.628990,28.087190,44.605556,0.794072
6600,6.600000,-11.721018,-19.884631,-39.628990,27.907972,55.344864,0.790963
6601,6.601000,-11.903498,-20.062514,-39.628990,27.725491,62.584290,1.122899
6602,6.602000,-12.089242,-20.236000,-39.628990,27.539748,66.647522,0.871311
6603,6.603000,-12.278250,-20.404785,-39.628990,27.350740,69.169762,0.781182
6604,6.604000,-12.470521,-20.568725,-39.628990,27.158469,70.849701,0.937810
6605,6.605000,-12.666047,-20.727753,-39.628990,26.962943,71.991196,0.911751
6606,6.606000,-12.864821,-20.881840,-39.628990,26.764169,72.804802,0.874831
6607,6.607000,-13.066831,-21.030986,-39.628990,26.562158,73.398247,0.778982
6608,6.608000,-13.272063,-21.175193,-39.628990,26.356926,73.868202,0.784122
6609,6.609000,-13.480501,-21.314469,-39.628990,26.148489,74.310158,0.767962
6610,6.610000,-13.692123,-21.448821,-39.628990,25.936866,74.685448,0.766443
6611,6.611000,-13.906907,-21.578251,-39.628990,25.722083,74.972069,0.777932
6612,6.612000,-14.124828,-21.702764,-39.628990,25.504162,75.206299,0.793072
6613,6.613000,-14.345856,-21.822369,-39.628990,25.283134,75.388748,0.777662
6614,6.614000,-14.569960,-21.937074,-39.628990,25.059030,75.476616,0.785232
6615,6.615000,-14.797105,-22.046891,-39.628990,24.831885,75.475044,0.777283
6616,6.616000,-15.027255,-22.151839,-39.628990,24.601735,75.389969,0.772192
6617,6.617000,-15.260369,-22.251942,-39.628990,24.368621,75.219765,0.772823
6618,6.618000,-15.496407,-22.347230,-39.628990,24.132583,74.954277,0.772222
6619,6.619000,-15.735320,-22.437737,-39.628990,23.893670,74.594864,0.777493
6620,6.620000,-15.977062,-22.523505,-39.628990,23.651927,74.067574,0.781362
6621,6.621000,-16.221581,-22.604584,-39.628990,23.407408,73.340637,0.777852
6622,6.622000,-16.468824,-22.681042,-39.628990,23.160166,72.616707,0.774112
6623,6.623000,-16.718736,-22.752943,-39.628990,22.910254,71.880402,0.767902
6624,6.624000,-16.971256,-22.820355,-39.628990,22.657734,71.102867,0.864501
6625,6.625000,-17.226323,-22.883348,-39.628990,22.402667,70.272987,0.768122
6626,6.626000,-17.483876,-22.941994,-39.628990,22.145114,69.330818,0.772462
6627,6.627000,-17.743846,-22.996369,-39.628990,21.885144,68.552765,0.775862
6628,6.628000,-18.006166,-23.046542,-39.628990,21.622823,68.054558,0.775962
6629,6.629000,-18.270766,-23.092566,-39.628990,21.358224,67.636391,0.789042
6630,6.630000,-18.537571,-23.134477,-39.628990,21.091419,67.307121,0.777332
6631,6.631000,-18.806506,-23.172312,-39.628990,20.822484,67.002068,0.787822
6632,6.632000,-19.077492,-23.206099,-39.628990,20.551498,66.727592,0.772282
6633,6.633000,-19.350452,-23.235868,-39.628990,20.278538,66.410591,0.776563
6634,6.634000,-19.625304,-23.261649,-39.628990,20.003686,66.037628,0.776272
6635,6.635000,-19.901961,-23.283478,-39.628990,19.727029,65.608665,0.788102
6636,6.636000,-20.180340,-23.301392,-39.628990,19.448649,65.117744,0.779622
6637,6.637000,-20.460351,-23.315435,-39.628990,19.168639,64.558983,0.781162
6638,6.638000,-20.741905,-23.325656,-39.628990,18.887085,63.921982,0.768423
6639,6.639000,-21.024909,-23.332111,-39.628990,18.604081,63.145916,0.767862
6640,6.640000,-21.309268,-23.334860,-39.628990,18.319722,62.220020,0.776833
6641,6.641000,-21.594891,-23.333977,-39.628990,18.034099,61.153564,0.778252
6642,6.642000,-21.881676,-23.329546,-39.628990,17.747314,59.950321,0.785082
6643,6.643000,-22.169524,-23.321657,-39.628990,17.459466,58.545692,1.033869
6644,6.644000,-22.458336,-23.310418,-39.628990,17.170653,57.110603,0.781423
6645,6.645000,-22.748010,-23.295938,-39.628990,16.880980,55.680470,0.800792
6646,6.646000,-23.038440,-23.278325,-39.628990,16.590550,54.110329,0.782902
6647,6.647000,-23.329522,-23.257692,-39.628990,16.299468,52.605366,0.775743
6648,6.648000,-23.621151,-23.234155,-39.628990,16.007839,50.940536,0.775142
6649,6.649000,-23.913215,-23.207832,-39.628990,15.715775,49.001560,0.790583
6650,6.650000,-24.205608,-23.178860,-39.628990,15.423382,46.727947,0.772932
6651,6.651000,-24.498220,-23.147397,-39.628990,15.130770,44.279068,0.785272
6652,6.652000,-24.790938,-23.113618,-39.628990,14.838052,43.045624,0.780782
6653,6.653000,-25.083651,-23.077628,-39.628990,14.545339,41.525780,0.787892
6654,6.654000,-25.376248,-23.039531,-39.628990,14.252742,39.643188,0.784162
6655,6.655000,-25.668612,-22.999451,-39.628990,13.960377,37.175983,0.774432
6656,6.656000,-25.960630,-22.957550,-39.628990,13.668359,34.313992,0.768642
6657,6.657000,-26.252189,-22.914026,-39.628990,13.376801,31.473116,0.775002
6658,6.658000,-26.543172,-22.869077,-39.628990,13.085818,28.002069,0.993760
6659,6.659000,-26.833464,-22.822941,-39.628990,12.795526,24.418472,0.793552
6660,6.660000,-27.122948,-22.775867,-39.628990,12.506042,22.264650,0.788632
6661,6.661000,-27.411508,-22.728023,-39.628990,12.217482,20.137596,0.778022
6662,6.662000,-27.699031,-22.679553,-39.628990,11.929958,17.783827,0.788833
6663,6.663000,-27.985399,-22.630609,-39.628990,11.643591,15.314479,0.786982
6664,6.664000,-28.270496,-22.581348,-39.628990,11.358494,12.529203,0.771512
6665,6.665000,-28.554209,-22.531954,-39.628990,11.074781,9.254714,0.783672
6666,6.666000,-28.836420,-22.482638,-39.628990,10.792570,6.601279,0.779282
6667,6.667000,-29.117018,-22.433589,-39.628990,10.511972,3.619550,0.777453
6668,6.668000,-29.395888,-22.385001,-39.628990,10.233102,-0.523660,0.784982
6669,6.669000,-29.672917,-22.337140,-39.628990,9.956073,-5.261090,0.793872
6670,6.670000,-29.947989,-22.290319,-39.628990,9.681001,-10.036397,0.782623
6671,6.671000,-30.221002,-22.244869,-39.628990,9.407988,-14.039531,0.775842
6672,6.672000,-30.491836,-22.201072,-39.628990,9.137154,-18.774347,0.778562
6673,6.673000,-30.760392,-22.159237,-39.628990,8.868598,-23.370914,0.779492
6674,6.674000,-31.026554,-22.119673,-39.628990,8.602435,-27.718763,0.778642
6675,6.675000,-31.290224,-22.082669,-39.628990,8.338766,-30.902134,0.787233
6676,6.676000,-31.551294,-22.048445,-39.628990,8.077696,-33.679829,0.787152
6677,6.677000,-31.809663,-22.017173,-39.628990,7.819327,-36.254974,1.174669
6678,6.678000,-32.065231,-21.989010,-39.628990,7.563758,-38.476566,0.790852
6679,6.679000,-32.317901,-21.964087,-39.628990,7.311089,-40.439499,0.792142
6680,6.680000,-32.567578,-21.942512,-39.628990,7.061412,-41.798325,0.799832
6681,6.681000,-32.814169,-21.924363,-39.628990,6.814821,-42.838287,1.030140
6682,6.682000,-33.057579,-21.909686,-39.628990,6.571410,-43.669662,0.785903
6683,6.683000,-33.297725,-21.898519,-39.628990,6.331264,-44.419113,0.784002
6684,6.684000,-33.534514,-21.890883,-39.628990,6.094475,-45.489716,0.770342
6685,6.685000,-33.767871,-21.886827,-39.628990,5.861119,-46.882660,0.783872
6686,6.686000,-33.997707,-21.886423,-39.628990,5.631283,-48.107872,0.781162
6687,6.687000,-34.223947,-21.889739,-39.628990,5.405043,-49.197826,0.784993
6688,6.688000,-34.446512,-21.896835,-39.628990,5.182478,-50.155407,0.791992
6689,6.689000,-34.665327,-21.907765,-39.628990,4.963662,-50.963875,0.781452
6690,6.690000,-34.880328,-21.922564,-39.628990,4.748662,-51.667343,0.781193
6691,6.691000,-35.091439,-21.941269,-39.628990,4.537551,-52.285610,0.772842
6692,6.692000,-35.298599,-21.963899,-39.628990,4.330391,-52.840137,0.775243
6693,6.693000,-35.501742,-21.990475,-39.628990,4.127248,-53.333344,0.778752
6694,6.694000,-35.700811,-22.021015,-39.628990,3.928178,-53.863178,0.781542
6695,6.695000,-35.895748,-22.055535,-39.628990,3.733241,-54.388367,0.783072
6696,6.696000,-36.086499,-22.094052,-39.628990,3.542491,-54.847847,0.869411
6697,6.697000,-36.273007,-22.136582,-39.628990,3.355983,-55.249695,0.784722
6698,6.698000,-36.455230,-22.183134,-39.628990,3.173760,-55.665245,0.797472
6699,6.699000,-36.633122,-22.233719,-39.628990,2.995868,-56.096798,0.772772
6700,6.700000,-36.806636,-22.288350,-39.628990,2.822354,-56.491432,0.977050
6701,6.701000,-36.975738,-22.347037,-39.628990,2.653252,-57.018585,0.780032
6702,6.702000,-37.140386,-22.409794,-39.628990,2.488603,-57.722572,0.780583
6703,6.703000,-37.300548,-22.476655,-39.628990,2.328442,-58.553722,0.787982
6704,6.704000,-37.456194,-22.547658,-39.628990,2.172796,-59.571037,0.791012
6705,6.705000,-37.607298,-22.622854,-39.628990,2.021692,-60.734352,0.798102
6706,6.706000,-37.753830,-22.702306,-39.628990,1.875160,-61.851295,0.806562
6707,6.707000,-37.895775,-22.786078,-39.628990,1.733215,-62.811169,0.784782
6708,6.708000,-38.033109,-22.874223,-39.628990,1.595881,-63.603123,0.776152
6709,6.709000,-38.165820,-22.966779,-39.628990,1.463170,-64.185547,0.778203
6710,6.710000,-38.293896,-23.063768,-39.628990,1.335094,-64.668343,0.790642
6711,6.711000,-38.417324,-23.165206,-39.628990,1.211665,-65.073006,0.781312
6712,6.712000,-38.536108,-23.271100,-39.628990,1.092881,-65.428055,0.789792
6713,6.713000,-38.650237,-23.381454,-39.628990,0.978752,-65.691940,0.792002
6714,6.714000,-38.759715,-23.496264,-39.628990,0.869275,-65.868942,1.175898
6715,6.715000,-38.864545,-23.615524,-39.628990,0.764445,-65.997963,0.876451
6716,6.716000,-38.964733,-23.739222,-39.628990,0.664256,-66.093452,0.784792
6717,6.717000,-39.060295,-23.867345,-39.628990,0.568695,-66.109520,0.933671
6718,6.718000,-39.151239,-23.999876,-39.628990,0.477751,-66.027290,1.095189
6719,6.719000,-39.237582,-24.136789,-39.628990,0.391407,-65.852692,0.791653
6720,6.720000,-39.319350,-24.278054,-39.628990,0.309640,-65.587914,0.803492
6721,6.721000,-39.396558,-24.423635,-39.628990,0.232431,-65.230270,0.795552
6722,6.722000,-39.469242,-24.573489,-39.628990,0.159748,-64.767677,0.786512
6723,6.723000,-39.537421,-24.727564,-39.628990,0.091569,-64.261223,0.785482
6724,6.724000,-39.601136,-24.885810,-39.628990,0.027854,-63.684353,0.788812
6725,6.725000,-39.660419,-25.048167,-39.628990,-0.031429,-63.060493,0.799062
6726,6.726000,-39.715306,-25.214574,-39.628990,-0.086317,-62.368080,0.799882
6727,6.727000,-39.765846,-25.384968,-39.628990,-0.136857,-61.656281,0.796142
6728,6.728000,-39.812076,-25.559282,-39.628990,-0.183087,-60.920719,0.807682
6729,6.729000,-39.854045,-25.737449,-39.628990,-0.225055,-60.268692,0.797292
6730,6.730000,-39.891809,-25.919405,-39.628990,-0.262819,-59.763241,0.789052
6731,6.731000,-39.925413,-26.105101,-39.628990,-0.296423,-59.407417,0.785733
6732,6.732000,-39.954920,-26.294495,-39.628990,-0.325930,-59.015884,0.945440
6733,6.733000,-39.980383,-26.487549,-39.628990,-0.351393,-58.532204,0.780873
6734,6.734000,-40.001867,-26.684215,-39.628990,-0.372877,-57.946201,0.780992
6735,6.735000,-40.019438,-26.884446,-39.628990,-0.390448,-57.243637,0.786562
6736,6.736000,-40.033156,-27.088175,-39.628990,-0.404166,-56.260086,0.992880
6737,6.737000,-40.043094,-27.295324,-39.628990,-0.414104,-55.086769,0.790472
6738,6.738000,-40.049326,-27.505804,-39.628990,-0.420337,-53.867981,0.793372
6739,6.739000,-40.051925,-27.719510,-39.628990,-0.422936,-52.453018,0.794462
6740,6.740000,-40.050966,-27.936333,-39.628990,-0.421976,-51.007072,0.802152
6741,6.741000,-40.046530,-28.156157,-39.628990,-0.417540,-49.261322,0.795382
6742,6.742000,-40.038699,-28.378855,-39.628990,-0.409709,-47.399010,0.806442
6743,6.743000,-40.027555,-28.604282,-39.628990,-0.398565,-45.180893,0.794292
6744,6.744000,-40.013185,-28.832278,-39.628990,-0.384195,-42.399094,0.792812
6745,6.745000,-39.995675,-29.062643,-39.628990,-0.366686,-39.873577,0.794492
6746,6.746000,-39.975116,-29.295183,-39.628990,-0.346127,-37.101929,0.791902
6747,6.747000,-39.951600,-29.529701,-39.628990,-0.322610,-34.654945,0.798122
6748,6.748000,-39.925219,-29.766012,-39.628990,-0.296229,-32.418262,0.798992
6749,6.749000,-39.896071,-30.003949,-39.628990,-0.267081,-29.965979,0.789182
6750,6.750000,-39.864249,-30.243340,-39.628990,-0.235259,-27.598917,0.787132
6751,6.751000,-39.829855,-30.484022,-39.628990,-0.200866,-24.944090,0.776553
6752,6.752000,-39.792983,-30.725807,-39.628990,-0.163993,-21.802973,0.790002
6753,6.753000,-39.753740,-30.968481,-39.628990,-0.124750,-18.310595,0.797622
6754,6.754000,-39.712222,-31.211803,-39.628990,-0.083233,-15.532241,0.788182
6755,6.755000,-39.668533,-31.455562,-39.628990,-0.039543,-12.773762,0.877691
6756,6.756000,-39.622781,-31.699570,-39.628990,0.006209,-9.825158,0.834932
6757,6.757000,-39.575065,-31.943623,-39.628990,0.053924,-7.204445,0.837582
6758,6.758000,-39.525492,-32.187540,-39.628990,0.103498,-4.812800,0.838151
6759,6.759000,-39.474170,-32.431149,-39.628990,0.154820,-2.308950,0.832992
6760,6.760000,-39.421202,-32.674290,-39.628990,0.207788,0.251375,0.846482
6761,6.761000,-39.366697,-32.916785,-39.628990,0.262293,2.623337,0.835062
6762,6.762000,-39.310761,-33.158475,-39.628990,0.318229,4.958383,0.827412
6763,6.763000,-39.253500,-33.399205,-39.628990,0.375490,7.480453,0.824691
6764,6.764000,-39.195023,-33.638808,-39.628990,0.433966,10.168698,0.851792
6765,6.765000,-39.135437,-33.877103,-39.628990,0.493553,13.616848,0.836202
6766,6.766000,-39.074850,-34.113865,-39.628990,0.554140,16.604685,0.831522
6767,6.767000,-39.013364,-34.348885,-39.628990,0.615625,19.868259,0.837161
6768,6.768000,-38.951090,-34.581941,-39.628990,0.677900,24.602024,0.837612
6769,6.769000,-38.888136,-34.812733,-39.628990,0.740854,30.197495,1.079000
6770,6.770000,-38.824605,-35.040879,-39.628990,0.804385,34.766708,0.924021
6771,6.771000,-38.760600,-35.266053,-39.628990,0.868390,39.579617,0.828181
6772,6.772000,-38.696228,-35.487921,-39.628990,0.932761,45.780952,0.826902
6773,6.773000,-38.631591,-35.706088,-39.628990,0.997399,52.989735,0.917081
6774,6.774000,-38.566790,-35.920064,-39.628990,1.062200,59.468864,0.828592
6775,6.775000,-38.501923,-36.129402,-39.628990,1.127067,64.996452,0.829952
6776,6.776000,-38.437094,-36.333714,-39.628990,1.191895,69.453598,0.828162
6777,6.777000,-38.372392,-36.532694,-39.628990,1.256598,72.587814,0.837282
6778,6.778000,-38.307919,-36.726135,-39.628990,1.321071,75.147606,0.824572
6779,6.779000,-38.243766,-36.913891,-39.628990,1.385224,77.297600,0.823211
6780,6.780000,-38.180016,-37.095840,-39.628990,1.448973,80.285332,0.819411
6781,6.781000,-38.116769,-37.271827,-39.628990,1.512221,83.784332,0.828831
6782,6.782000,-38.054102,-37.441646,-39.628990,1.574888,87.556931,0.828322
6783,6.783000,-37.992101,-37.605061,-39.628990,1.636889,91.730011,0.827902
6784,6.784000,-37.930844,-37.761807,-39.628990,1.698146,95.947395,0.831002
6785,6.785000,-37.870414,-37.911610,-39.628990,1.758576,98.725914,0.833132
6786,6.786000,-37.810886,-38.054283,-39.628990,1.818104,100.297783,0.846981
6787,6.787000,-37.752327,-38.189719,-39.628990,1.876663,100.884476,0.829761
6788,6.788000,-37.694810,-38.317904,-39.628990,1.934180,100.442917,0.828972
6789,6.789000,-37.638399,-38.438887,-39.628990,1.990590,98.969528,0.828172
6790,6.790000,-37.583164,-38.552805,-39.628990,2.045826,95.936119,0.833432
6791,6.791000,-37.529157,-38.659882,-39.628990,2.099832,91.577126,0.961330
6792,6.792000,-37.476442,-38.760446,-39.628990,2.152548,87.539482,0.843721
6793,6.793000,-37.425069,-38.854829,-39.628990,2.203921,84.342232,0.825512
6794,6.794000,-37.375092,-38.943293,-39.628990,2.253898,81.863831,0.819752
6795,6.795000,-37.326560,-39.026045,-39.628990,2.302429,79.981232,0.822702
6796,6.796000,-37.279521,-39.103236,-39.628990,2.349469,78.519669,0.828802
6797,6.797000,-37.234018,-39.174980,-39.628990,2.394972,77.288872,0.828042
6798,6.798000,-37.190093,-39.241363,-39.628990,2.438897,76.352303,0.824291
6799,6.799000,-37.147784,-39.302459,-39.628990,2.481206,75.289940,0.831281
6800,6.800000,-37.107130,-39.358340,-39.628990,2.521860,73.941223,0.827082
6801,6.801000,-37.068164,-39.409099,-39.628990,2.560826,72.130135,0.829182
6802,6.802000,-37.030919,-39.454864,-39.628990,2.598071,69.928596,0.825132
6803,6.803000,-36.995423,-39.495791,-39.628990,2.633567,67.564980,0.818202
6804,6.804000,-36.961702,-39.532056,-39.628990,2.667288,64.995964,0.813592
6805,6.805000,-36.929784,-39.563843,-39.628990,2.699205,62.614162,0.814752
6806,6.806000,-36.899691,-39.591338,-39.628990,2.729299,59.935703,0.814402
6807,6.807000,-36.871441,-39.614735,-39.628990,2.757549,57.474400,0.815532
6808,6.808000,-36.845052,-39.634215,-39.628990,2.783937,55.010696,0.820512
6809,6.809000,-36.820542,-39.649955,-39.628990,2.808447,54.314590,0.822112
6810,6.810000,-36.797928,-39.662034,-39.628990,2.831062,54.219521,0.825472
6811,6.811000,-36.777215,-39.670466,-39.628990,2.851775,54.383781,0.823272
6812,6.812000,-36.758418,-39.675240,-39.628990,2.870571,54.800674,0.821542
6813,6.813000,-36.741544,-39.676320,-39.628990,2.887445,55.434078,0.906381
6814,6.814000,-36.726600,-39.673666,-39.628990,2.902390,56.405495,0.834712
6815,6.815000,-36.713588,-39.667215,-39.628990,2.915401,57.226074,0.819562
6816,6.816000,-36.702517,-39.656905,-39.628990,2.926473,57.861076,0.816972
6817,6.817000,-36.693378,-39.642695,-39.628990,2.935612,58.035866,0.814942
6818,6.818000,-36.686172,-39.624577,-39.628990,2.942818,57.934563,0.809812
6819,6.819000,-36.680896,-39.602567,-39.628990,2.948094,57.589592,0.813962
6820,6.820000,-36.677542,-39.576698,-39.628990,2.951448,57.037170,0.813132
6821,6.821000,-36.676108,-39.547024,-39.628990,2.952882,56.250462,0.816252
6822,6.822000,-36.676576,-39.513607,-39.628990,2.952414,55.174900,0.821332
6823,6.823000,-36.678935,-39.476540,-39.628990,2.950054,53.964138,1.265697
6824,6.824000,-36.683174,-39.435921,-39.628990,2.945816,52.555420,0.817441
6825,6.825000,-36.689276,-39.391852,-39.628990,2.939713,51.055126,0.808763
6826,6.826000,-36.697220,-39.344461,-39.628990,2.931770,49.419762,0.820061
6827,6.827000,-36.706990,-39.293863,-39.628990,2.921999,47.491066,0.892291
6828,6.828000,-36.718561,-39.240209,-39.628990,2.910429,45.305595,0.814242
6829,6.829000,-36.731910,-39.183648,-39.628990,2.897079,43.395016,0.815272
6830,6.830000,-36.747015,-39.124338,-39.628990,2.881974,41.680138,0.815752
6831,6.831000,-36.763845,-39.062402,-39.628990,2.865145,40.211693,0.804562
6832,6.832000,-36.782375,-38.997952,-39.628990,2.846615,38.674229,0.795602
6833,6.833000,-36.802572,-38.931098,-39.628990,2.826418,36.960255,0.801622
6834,6.834000,-36.824408,-38.861963,-39.628990,2.804582,35.395809,0.810471
6835,6.835000,-36.847846,-38.790659,-39.628990,2.781144,34.050652,0.806692
6836,6.836000,-36.872858,-38.717282,-39.628990,2.756132,32.811546,0.810882
6837,6.837000,-36.899404,-38.641925,-39.628990,2.729586,31.870111,0.816432
6838,6.838000,-36.927452,-38.564655,-39.628990,2.701538,30.863199,0.812132
6839,6.839000,-36.956958,-38.485548,-39.628990,2.672031,29.641651,0.803322
6840,6.840000,-36.987889,-38.404682,-39.628990,2.641101,28.238634,0.805072
6841,6.841000,-37.020199,-38.322153,-39.628990,2.608791,26.814507,0.886951
6842,6.842000,-37.053855,-38.238070,-39.628990,2.575135,25.156839,0.796292
6843,6.843000,-37.088805,-38.152539,-39.628990,2.540185,23.438623,0.797752
6844,6.844000,-37.125015,-38.065689,-39.628990,2.503975,21.596125,0.826572
6845,6.845000,-37.162434,-37.977652,-39.628990,2.466555,20.107243,0.901751
6846,6.846000,-37.201025,-37.888538,-39.628990,2.427965,19.004967,0.809012
6847,6.847000,-37.240732,-37.798427,-39.628990,2.388258,17.861134,0.806592
6848,6.848000,-37.281519,-37.707405,-39.628990,2.347471,16.656580,0.807182
6849,6.849000,-37.323330,-37.615542,-39.628990,2.305660,15.450885,0.802832
6850,6.850000,-37.366124,-37.522932,-39.628990,2.262866,14.105373,0.807352
6851,6.851000,-37.409848,-37.429659,-39.628990,2.219142,12.516505,0.811631
6852,6.852000,-37.454456,-37.335832,-39.628990,2.174534,10.935924,0.797252
6853,6.853000,-37.499897,-37.241559,-39.628990,2.129093,9.600224,0.807652
6854,6.854000,-37.546124,-37.146943,-39.628990,2.082866,8.495142,0.810922
6855,6.855000,-37.593081,-37.052062,-39.628990,2.035909,7.289249,0.805672
6856,6.856000,-37.640722,-36.956992,-39.628990,1.988268,5.921547,0.807662
6857,6.857000,-37.688994,-36.861824,-39.628990,1.939996,4.658893,0.811142
6858,6.858000,-37.737847,-36.766652,-39.628990,1.891143,3.599797,0.814672
6859,6.859000,-37.787229,-36.671545,-39.628990,1.841761,2.323417,0.811322
6860,6.860000,-37.837090,-36.576585,-39.628990,1.791900,1.042769,0.966670
6861,6.861000,-37.887374,-36.481861,-39.628990,1.741616,-0.153000,0.814312
6862,6.862000,-37.938033,-36.387454,-39.628990,1.690957,-1.238410,0.802002
6863,6.863000,-37.989017,-36.293440,-39.628990,1.639973,-2.353738,1.031750
6864,6.864000,-38.040267,-36.199890,-39.628990,1.588722,-3.460414,0.809642
6865,6.865000,-38.091740,-36.106876,-39.628990,1.537250,-4.654907,0.846122
6866,6.866000,-38.143379,-36.014481,-39.628990,1.485611,-5.956327,0.801972
6867,6.867000,-38.195135,-35.922789,-39.628990,1.433855,-7.238809,0.792802
6868,6.868000,-38.246956,-35.831883,-39.628990,1.382034,-8.691524,0.805932
6869,6.869000,-38.298790,-35.741864,-39.628990,1.330200,-10.140392,0.820012
6870,6.870000,-38.350590,-35.652826,-39.628990,1.278400,-11.598094,0.806662
6871,6.871000,-38.402301,-35.564867,-39.628990,1.226688,-13.527276,0.804882
6872,6.872000,-38.453876,-35.478110,-39.628990,1.175114,-15.478446,0.800042
6873,6.873000,-38.505267,-35.392691,-39.628990,1.123723,-17.384905,0.803252
6874,6.874000,-38.556425,-35.308738,-39.628990,1.072565,-18.969313,0.795832
6875,6.875000,-38.607296,-35.226359,-39.628990,1.021694,-20.409069,0.790663
6876,6.876000,-38.657839,-35.145650,-39.628990,0.971150,-22.031881,0.808012
6877,6.877000,-38.708007,-35.066717,-39.628990,0.920983,-23.603006,0.958540
6878,6.878000,-38.757751,-34.989656,-39.628990,0.871238,-25.226671,1.037720
6879,6.879000,-38.807028,-34.914575,-39.628990,0.821962,-26.834143,0.800082
6880,6.880000,-38.855792,-34.841570,-39.628990,0.773198,-28.328325,0.804422
6881,6.881000,-38.903999,-34.770748,-39.628990,0.724990,-29.689226,1.101479
6882,6.882000,-38.951613,-34.702190,-39.628990,0.677377,-30.925364,0.960540
6883,6.883000,-38.998584,-34.635971,-39.628990,0.630406,-32.294785,0.791172
6884,6.884000,-39.044875,-34.572181,-39.628990,0.584114,-33.613930,0.798193
6885,6.885000,-39.090450,-34.510893,-39.628990,0.538540,-34.839989,0.803112
6886,6.886000,-39.135270,-34.452191,-39.628990,0.493720,-35.981926,0.802212
6887,6.887000,-39.179294,-34.396143,-39.628990,0.449696,-37.067207,0.796932
6888,6.888000,-39.222491,-34.342809,-39.628990,0.406499,-38.093288,0.800762
6889,6.889000,-39.264825,-34.292256,-39.628990,0.364165,-38.942085,0.797513
6890,6.890000,-39.306263,-34.244533,-39.628990,0.322726,-39.705551,0.797692
6891,6.891000,-39.346773,-34.199679,-39.628990,0.282217,-40.554905,0.789612
6892,6.892000,-39.386327,-34.157745,-39.628990,0.242663,-41.204948,0.794332
6893,6.893000,-39.424893,-34.118762,-39.628990,0.204096,-41.738136,0.797973
6894,6.894000,-39.462446,-34.082763,-39.628990,0.166544,-42.204582,0.797282
6895,6.895000,-39.498957,-34.049767,-39.628990,0.130033,-42.598877,0.804312
6896,6.896000,-39.534405,-34.019786,-39.628990,0.094584,-42.882988,0.811472
6897,6.897000,-39.568765,-33.992837,-39.628990,0.060225,-42.980709,0.801692
6898,6.898000,-39.602017,-33.968911,-39.628990,0.026972,-42.880211,0.805982
6899,6.899000,-39.634136,-33.947997,-39.628990,-0.005147,-42.621017,0.802891
6900,6.900000,-39.665111,-33.930064,-39.628990,-0.036121,-42.285137,0.886531
6901,6.901000,-39.694918,-33.915082,-39.628990,-0.065928,-41.886948,0.786342
6902,6.902000,-39.723547,-33.903007,-39.628990,-0.094557,-41.495430,0.792812
6903,6.903000,-39.750977,-33.893803,-39.628990,-0.121987,-41.077049,0.801753
6904,6.904000,-39.777201,-33.887430,-39.628990,-0.148212,-40.598953,0.790292
6905,6.905000,-39.802203,-33.883851,-39.628990,-0.173214,-40.011898,0.795992
6906,6.906000,-39.825979,-33.883011,-39.628990,-0.196989,-39.331139,0.799292
6907,6.907000,-39.848515,-33.884862,-39.628990,-0.219526,-38.704369,0.791443
6908,6.908000,-39.869809,-33.889350,-39.628990,-0.240819,-38.109573,0.786652
6909,6.909000,-39.889848,-33.896422,-39.628990,-0.260859,-37.627411,0.784882
6910,6.910000,-39.908635,-33.906039,-39.628990,-0.279645,-37.211845,0.795293
6911,6.911000,-39.926164,-33.918163,-39.628990,-0.297175,-36.940884,0.835291
6912,6.912000,-39.942434,-33.932769,-39.628990,-0.313444,-36.820587,0.802122
6913,6.913000,-39.957443,-33.949845,-39.628990,-0.328454,-36.703926,0.790142
6914,6.914000,-39.971193,-33.969372,-39.628990,-0.342203,-36.698166,0.800482
6915,6.915000,-39.983688,-33.991352,-39.628990,-0.354699,-36.770309,0.911271
6916,6.916000,-39.994927,-34.015776,-39.628990,-0.365938,-36.807571,0.785223
6917,6.917000,-40.004920,-34.042650,-39.628990,-0.375930,-36.838226,0.791252
6918,6.918000,-40.013673,-34.071965,-39.628990,-0.384683,-36.868259,0.787092
6919,6.919000,-40.021193,-34.103722,-39.628990,-0.392203,-36.898117,0.783622
6920,6.920000,-40.027487,-34.137914,-39.628990,-0.398497,-36.931202,0.811972
6921,6.921000,-40.032565,-34.174534,-39.628990,-0.403575,-36.853607,0.792012
6922,6.922000,-40.036441,-34.213579,-39.628990,-0.407452,-36.672775,0.795132
6923,6.923000,-40.039126,-34.255024,-39.628990,-0.410136,-36.378540,0.794852
6924,6.924000,-40.040635,-34.298843,-39.628990,-0.411645,-35.896275,0.791452
6925,6.925000,-40.040987,-34.344998,-39.628990,-0.411997,-35.270145,0.811372
6926,6.926000,-40.040191,-34.393441,-39.628990,-0.411201,-34.612160,0.780522
6927,6.927000,-40.038272,-34.444115,-39.628990,-0.409282,-33.917870,0.788372
6928,6.928000,-40.035243,-34.496963,-39.628990,-0.406253,-33.247189,0.804261
6929,6.929000,-40.031131,-34.551933,-39.628990,-0.402141,-32.626839,0.796472
6930,6.930000,-40.025950,-34.608972,-39.628990,-0.396960,-31.979900,0.802652
6931,6.931000,-40.019728,-34.668029,-39.628990,-0.390738,-31.237181,0.798582
6932,6.932000,-40.012488,-34.729053,-39.628990,-0.383498,-30.443514,0.801162
6933,6.933000,-40.004251,-34.791980,-39.628990,-0.375261,-29.590801,0.793382
6934,6.934000,-39.995047,-34.856747,-39.628990,-0.366057,-28.641970,0.889861
6935,6.935000,-39.984901,-34.923287,-39.628990,-0.355911,-27.607851,0.975490
6936,6.936000,-39.973843,-34.991520,-39.628990,-0.344853,-26.684633,0.788062
6937,6.937000,-39.961893,-35.061379,-39.628990,-0.332903,-25.719786,0.785772
6938,6.938000,-39.949093,-35.132792,-39.628990,-0.320104,-24.783842,0.881781
6939,6.939000,-39.935464,-35.205691,-39.628990,-0.306474,-23.728117,0.796212
6940,6.940000,-39.921042,-35.280000,-39.628990,-0.292052,-22.589293,0.791432
6941,6.941000,-39.905855,-35.355638,-39.628990,-0.276865,-21.436563,0.788022
6942,6.942000,-39.889941,-35.432522,-39.628990,-0.260951,-20.220663,0.787493
6943,6.943000,-39.873330,-35.510567,-39.628990,-0.244340,-18.970842,0.790232
6944,6.944000,-39.856056,-35.589684,-39.628990,-0.227066,-17.699949,0.789812
6945,6.945000,-39.838154,-35.669778,-39.628990,-0.209164,-16.577150,0.798452
6946,6.946000,-39.819658,-35.750778,-39.628990,-0.190668,-15.582149,0.819441
6947,6.947000,-39.800609,-35.832603,-39.628990,-0.171619,-14.211213,0.819381
6948,6.948000,-39.781037,-35.915163,-39.628990,-0.152047,-12.572980,0.822301
6949,6.949000,-39.760983,-35.998355,-39.628990,-0.131993,-10.866353,0.817551
6950,6.950000,-39.740482,-36.082055,-39.628990,-0.111493,-9.078723,0.820311
6951,6.951000,-39.719575,-36.166135,-39.628990,-0.090585,-7.226520,0.822251
6952,6.952000,-39.698292,-36.250471,-39.628990,-0.069303,-5.275294,1.109959
6953,6.953000,-39.676682,-36.334926,-39.628990,-0.047692,-3.398362,0.826281
6954,6.954000,-39.654774,-36.419371,-39.628990,-0.025784,-1.530123,1.210847
6955,6.955000,-39.632606,-36.503673,-39.628990,-0.003617,0.222627,1.626694
6956,6.956000,-39.610224,-36.587715,-39.628990,0.018766,1.794672,1.272448
6957,6.957000,-39.587660,-36.671388,-39.628990,0.041329,3.112287,0.850311
6958,6.958000,-39.564957,-36.754604,-39.628990,0.064033,4.577639,0.845962
6959,6.959000,-39.542147,-36.837269,-39.628990,0.086842,6.041812,0.852082
6960,6.960000,-39.519270,-36.919283,-39.628990,0.109720,7.458963,0.905001
6961,6.961000,-39.496368,-37.000562,-39.628990,0.132622,8.651177,0.883801
6962,6.962000,-39.473473,-37.081018,-39.628990,0.155517,9.994550,0.854701
6963,6.963000,-39.450626,-37.160570,-39.628990,0.178364,11.782636,0.846782
6964,6.964000,-39.427861,-37.239103,-39.628990,0.201129,13.928598,0.838142
6965,6.965000,-39.405216,-37.316482,-39.628990,0.223774,16.423109,0.840152
6966,6.966000,-39.382727,-37.392533,-39.628990,0.246262,18.980734,0.839781
6967,6.967000,-39.360427,-37.467088,-39.628990,0.268563,21.381872,0.835092
6968,6.968000,-39.338355,-37.539976,-39.628990,0.290635,24.494244,1.084719
6969,6.969000,-39.316539,-37.610993,-39.628990,0.312450,27.241627,0.842922
6970,6.970000,-39.295021,-37.679954,-39.628990,0.333969,29.433977,1.293127
6971,6.971000,-39.273827,-37.746699,-39.628990,0.355163,30.942202,1.502685
6972,6.972000,-39.252988,-37.811128,-39.628990,0.376002,31.930387,0.850351
6973,6.973000,-39.232538,-37.873180,-39.628990,0.396452,32.787273,0.844052
6974,6.974000,-39.212505,-37.932811,-39.628990,0.416484,33.621845,0.837092
6975,6.975000,-39.192920,-37.989983,-39.628990,0.436070,34.521282,0.837821
6976,6.976000,-39.173805,-38.044645,-39.628990,0.455184,35.298683,0.833501
6977,6.977000,-39.155193,-38.096760,-39.628990,0.473797,35.880825,0.828442
6978,6.978000,-39.137103,-38.146296,-39.628990,0.491886,36.413910,0.829852
6979,6.979000,-39.119564,-38.193226,-39.628990,0.509426,36.869045,0.838842
6980,6.980000,-39.102597,-38.237530,-39.628990,0.526392,37.249275,0.836171
6981,6.981000,-39.086225,-38.279191,-39.628990,0.542764,37.574425,0.846141
6982,6.982000,-39.070472,-38.318195,-39.628990,0.558518,37.791080,0.840162
6983,6.983000,-39.055350,-38.354538,-39.628990,0.573640,37.883488,0.840852
6984,6.984000,-39.040880,-38.388221,-39.628990,0.588110,37.966465,1.057699
6985,6.985000,-39.027083,-38.419247,-39.628990,0.601907,37.978340,0.923991
6986,6.986000,-39.013972,-38.447623,-39.628990,0.615018,37.908562,0.837852
6987,6.987000,-39.001562,-38.473363,-39.628990,0.627428,37.984383,1.163648
6988,6.988000,-38.989865,-38.496473,-39.628990,0.639125,38.250153,0.921480
6989,6.989000,-38.978899,-38.516943,-39.628990,0.650091,38.536556,0.834301
6990,6.990000,-38.968671,-38.534759,-39.628990,0.660319,38.716393,0.833332
6991,6.991000,-38.959191,-38.549916,-39.628990,0.669799,38.765678,0.827362
6992,6.992000,-38.950469,-38.562415,-39.628990,0.678521,38.735596,0.829212
6993,6.993000,-38.942511,-38.572260,-39.628990,0.686478,38.660072,0.841572
6994,6.994000,-38.935326,-38.579466,-39.628990,0.693664,38.589981,1.373016
6995,6.995000,-38.928916,-38.584049,-39.628990,0.700074,38.431396,1.908531
6996,6.996000,-38.923284,-38.586023,-39.628990,0.705705,38.262550,0.843842
6997,6.997000,-38.918438,-38.585412,-39.628990,0.710551,37.966938,0.831112
6998,6.998000,-38.914378,-38.582236,-39.628990,0.714612,37.476448,0.830552
6999,6.999000,-38.911099,-38.576536,-39.628990,0.717890,36.796642,0.831001
7000,7.000000,-38.908603,-38.568367,-9.176017,-29.732586,112.076454,1.073650
7001,7.001000,-38.906892,-38.553430,-9.176017,-29.730875,112.003990,0.835201
7002,7.002000,-38.905956,-38.530624,-9.176017,-29.729939,111.991699,0.831382
7003,7.003000,-38.905789,-38.499792,-9.176017,-29.729772,111.986977,1.256768
7004,7.004000,-38.906380,-38.461041,-9.176017,-29.730363,111.987473,0.834112
7005,7.005000,-38.907715,-38.414507,-9.176017,-29.731698,111.988068,0.856452
7006,7.006000,-38.909774,-38.360303,-9.176017,-29.733757,111.988739,0.825082
7007,7.007000,-38.912541,-38.298524,-9.176017,-29.736524,111.989471,0.831352
7008,7.008000,-38.915986,-38.229238,-9.176017,-29.739970,111.990303,0.831081
7009,7.009000,-38.920091,-38.152494,-9.176017,-29.744075,111.991211,0.829181
7010,7.010000,-38.924818,-38.068336,-9.176017,-29.748801,111.992188,0.827612
7011,7.011000,-38.930142,-37.976794,-9.176017,-29.754125,111.993248,0.831652
7012,7.012000,-38.936026,-37.877897,-9.176017,-29.760009,111.994362,0.826382
7013,7.013000,-38.942429,-37.771660,-9.176017,-29.766413,111.995605,0.825232
7014,7.014000,-38.949314,-37.658111,-9.176017,-29.773297,111.996956,0.821702
7015,7.015000,-38.956633,-37.537265,-9.176017,-29.780616,111.998421,0.818142
7016,7.016000,-38.964344,-37.409141,-9.176017,-29.788327,112.000000,0.970190
7017,7.017000,-38.972397,-37.273756,-9.176017,-29.796380,112.002266,1.227248
7018,7.018000,-38.980737,-37.131121,-9.176017,-29.804720,112.006004,0.829972
7019,7.019000,-38.989312,-36.981253,-9.176017,-29.813295,112.010139,0.829062
7020,7.020000,-38.998061,-36.824173,-9.176017,-29.822045,112.013184,0.968530
7021,7.021000,-39.006930,-36.659886,-9.176017,-29.830914,112.015579,0.833301
7022,7.022000,-39.015854,-36.488414,-9.176017,-29.839837,112.018654,0.832832
7023,7.023000,-39.024764,-36.309767,-9.176017,-29.848747,112.023247,0.831182
7024,7.024000,-39.033592,-36.123959,-9.176017,-29.857575,112.029182,0.812062
7025,7.025000,-39.042273,-35.931006,-9.176017,-29.866256,112.035904,0.867581
7026,7.026000,-39.050729,-35.730922,-9.176017,-29.874712,112.044006,0.825132
7027,7.027000,-39.058888,-35.523715,-9.176017,-29.882871,112.053497,0.817612
7028,7.028000,-39.066671,-35.309404,-9.176017,-29.890654,112.064987,0.820482
7029,7.029000,-39.073993,-35.087997,-9.176017,-29.897976,112.079094,0.823032
7030,7.030000,-39.080775,-34.859510,-9.176017,-29.904758,112.094841,0.819582
7031,7.031000,-39.086929,-34.623954,-9.176017,-29.910912,112.111855,0.821562
7032,7.032000,-39.092373,-34.381335,-9.176017,-29.916356,112.128838,0.822782
7033,7.033000,-39.097010,-34.131674,-9.176017,-29.920993,112.146309,0.817912
7034,7.034000,-39.100750,-33.874975,-9.176017,-29.924733,112.167656,0.818672
7035,7.035000,-39.103502,-33.611252,-9.176017,-29.927486,112.198318,0.926431
7036,7.036000,-39.105162,-33.340517,-9.176017,-29.929145,112.230492,0.809542
7037,7.037000,-39.105640,-33.062774,-9.176017,-29.929623,112.262627,0.816162
7038,7.038000,-39.104827,-32.778033,-9.176017,-29.928811,112.290962,0.993000
7039,7.039000,-39.102621,-32.486309,-9.176017,-29.926604,112.286354,0.906341
7040,7.040000,-39.098923,-32.187611,-9.176017,-29.922906,112.094528,0.809092
7041,7.041000,-39.093616,-31.881960,-9.176017,-29.917599,110.292526,0.808621
7042,7.042000,-39.086598,-31.569476,-9.176017,-29.910581,85.514847,0.818602
7043,7.043000,-39.077756,-31.251609,-9.176017,-29.901739,60.794849,0.813282
7044,7.044000,-39.066978,-30.930167,-9.176017,-29.890961,40.301659,0.821342
7045,7.045000,-39.054147,-30.606740,-9.176017,-29.878131,29.044172,0.827741
7046,7.046000,-39.039155,-30.282310,-9.176017,-29.863138,19.488161,0.819251
7047,7.047000,-39.021885,-29.957561,-9.176017,-29.845868,12.584504,0.810992
7048,7.048000,-39.002228,-29.632957,-9.176017,-29.826211,7.435587,0.809222
7049,7.049000,-38.980071,-29.308806,-9.176017,-29.804054,4.018178,0.812072
7050,7.050000,-38.955304,-28.985291,-9.176017,-29.779288,0.846830,0.804592
7051,7.051000,-38.927820,-28.662561,-9.176017,-29.751803,-2.248831,0.804032
7052,7.052000,-38.897507,-28.340763,-9.176017,-29.721490,-4.571900,0.812832
7053,7.053000,-38.864261,-28.020019,-9.176017,-29.688245,-7.304342,1.004280
7054,7.054000,-38.827976,-27.700464,-9.176017,-29.651959,-9.878825,0.813722
7055,7.055000,-38.788549,-27.382244,-9.176017,-29.612532,-13.268166,0.809262
7056,7.056000,-38.745880,-27.065553,-9.176017,-29.569864,-17.691862,1.004690
7057,7.057000,-38.699862,-26.750665,-9.176017,-29.523845,-22.244295,0.901591
7058,7.058000,-38.650405,-26.437874,-9.176017,-29.474388,-27.566275,0.829602
7059,7.059000,-38.597406,-26.127531,-9.176017,-29.421389,-32.603600,0.816582
7060,7.060000,-38.540770,-25.819976,-9.176017,-29.364753,-37.951866,0.816002
7061,7.061000,-38.480408,-25.515563,-9.176017,-29.304391,-43.838898,0.827572
7062,7.062000,-38.416228,-25.214680,-9.176017,-29.240211,-49.480026,0.807492
7063,7.063000,-38.348145,-24.917700,-9.176017,-29.172128,-55.393963,0.806082
7064,7.064000,-38.276073,-24.625012,-9.176017,-29.100056,-60.625687,0.806102
7065,7.065000,-38.199930,-24.336966,-9.176017,-29.023913,-66.051552,0.828632
7066,7.066000,-38.119641,-24.053910,-9.176017,-28.943624,-72.710960,0.808692
7067,7.067000,-38.035124,-23.776259,-9.176017,-28.859107,-78.787148,0.812662
7068,7.068000,-37.946311,-23.504418,-9.176017,-28.770294,-85.194916,0.810452
7069,7.069000,-37.853134,-23.238798,-9.176017,-28.677117,-93.618599,0.817722
7070,7.070000,-37.755527,-22.979931,-9.176017,-28.579510,-99.987556,0.820232
7071,7.071000,-37.653429,-22.728257,-9.176017,-28.477413,-104.145363,0.898681
7072,7.072000,-37.546786,-22.484064,-9.176017,-28.370769,-106.688087,0.821532
7073,7.073000,-37.435546,-22.247504,-9.176017,-28.259529,-108.206055,0.813522
7074,7.074000,-37.319658,-22.018638,-9.176017,-28.143642,-109.101196,0.989870
7075,7.075000,-37.199082,-21.797478,-9.176017,-28.023065,-109.576378,0.814391
7076,7.076000,-37.073778,-21.584002,-9.176017,-27.897762,-109.769554,0.810761
7077,7.077000,-36.943708,-21.378176,-9.176017,-27.767691,-109.891891,0.817502
7078,7.078000,-36.808849,-21.179959,-9.176017,-27.632832,-109.968124,0.807392
7079,7.079000,-36.669168,-20.989318,-9.176017,-27.493152,-110.006935,0.805532
7080,7.080000,-36.524648,-20.806214,-9.176017,-27.348632,-110.034782,0.806232
7081,7.081000,-36.375269,-20.630619,-9.176017,-27.199252,-110.051979,0.809652
7082,7.082000,-36.221023,-20.462502,-9.176017,-27.045006,-110.062126,0.808552
7083,7.083000,-36.061896,-20.301837,-9.176017,-26.885879,-110.066902,0.820012
7084,7.084000,-35.897890,-20.148595,-9.176017,-26.721873,-110.068237,0.800792
7085,7.085000,-35.729003,-20.002750,-9.176017,-26.552986,-110.068123,0.805912
7086,7.086000,-35.555236,-19.864280,-9.176017,-26.379219,-110.067101,0.792423
7087,7.087000,-35.376606,-19.733156,-9.176017,-26.200589,-110.066696,0.799462
7088,7.088000,-35.193120,-19.609357,-9.176017,-26.017103,-110.068626,0.900231
7089,7.089000,-35.004801,-19.492856,-9.176017,-25.828785,-110.072853,1.040740
7090,7.090000,-34.811668,-19.383633,-9.176017,-25.635651,-110.077393,0.797562
7091,7.091000,-34.613749,-19.281662,-9.176017,-25.437732,-110.080956,0.809892
7092,7.092000,-34.411074,-19.186920,-9.176017,-25.235057,-110.083656,1.086859
7093,7.093000,-34.203678,-19.099384,-9.176017,-25.027662,-110.085518,0.885712
7094,7.094000,-33.991601,-19.019032,-9.176017,-24.815584,-110.086586,0.806702
7095,7.095000,-33.774886,-18.945840,-9.176017,-24.598869,-110.086861,0.802512
7096,7.096000,-33.553581,-18.879785,-9.176017,-24.377564,-110.086327,0.813182
7097,7.097000,-33.327737,-18.820844,-9.176017,-24.151721,-110.084785,0.797522
7098,7.098000,-33.097413,-18.768994,-9.176017,-23.921396,-110.081673,0.803972
7099,7.099000,-32.862663,-18.724214,-9.176017,-23.686646,-110.076942,0.820131
7100,7.100000,-32.623558,-18.686479,-9.176017,-23.447542,-110.070625,0.798752
7101,7.101000,-32.380161,-18.655767,-9.176017,-23.204144,-110.061928,0.813562
7102,7.102000,-32.132546,-18.632054,-9.176017,-22.956530,-110.049805,0.796172
7103,7.103000,-31.880789,-18.615320,-9.176017,-22.704772,-110.032234,0.807242
7104,7.104000,-31.624971,-18.605541,-9.176017,-22.448954,-110.007187,0.798302
7105,7.105000,-31.365175,-18.602691,-9.176017,-22.189158,-109.966560,0.804882
7106,7.106000,-31.101488,-18.606750,-9.176017,-21.925472,-109.883408,0.802452
7107,7.107000,-30.834004,-18.617687,-9.176017,-21.657988,-109.739403,0.809352
7108,7.108000,-30.562819,-18.635476,-9.176017,-21.386802,-109.493378,0.876761
7109,7.109000,-30.288030,-18.660077,-9.176017,-21.112013,-109.063019,0.864941
7110,7.110000,-30.009737,-18.691441,-9.176017,-20.833720,-108.294212,1.135558
7111,7.111000,-29.728053,-18.729497,-9.176017,-20.552037,-107.001854,0.848722
7112,7.112000,-29.443088,-18.774141,-9.176017,-20.267071,-105.044739,0.837282
7113,7.113000,-29.154949,-18.825221,-9.176017,-19.978933,-102.107010,0.830312
7114,7.114000,-28.863754,-18.882517,-9.176017,-19.687738,-97.992607,0.822792
7115,7.115000,-28.569631,-18.945734,-9.176017,-19.393614,-93.108101,0.821871
7116,7.116000,-28.272697,-19.014511,-9.176017,-19.096680,-85.546913,0.962510
7117,7.117000,-27.973081,-19.088326,-9.176017,-18.797064,-76.529732,0.832112
7118,7.118000,-27.670910,-19.166537,-9.176017,-18.494893,-69.118217,0.816622
7119,7.119000,-27.366316,-19.248573,-9.176017,-18.190299,-62.904243,0.812312
7120,7.120000,-27.059434,-19.333962,-9.176017,-17.883417,-58.048035,0.823392
7121,7.121000,-26.750400,-19.422343,-9.176017,-17.574383,-52.695286,0.826612
7122,7.122000,-26.439350,-19.513355,-9.176017,-17.263333,-48.124641,0.827232
7123,7.123000,-26.126423,-19.606685,-9.176017,-16.950406,-43.848747,0.830491
7124,7.124000,-25.811763,-19.702039,-9.176017,-16.635746,-40.062672,0.835891
7125,7.125000,-25.495508,-19.799166,-9.176017,-16.319491,-36.893074,0.948461
7126,7.126000,-25.177804,-19.897849,-9.176017,-16.001787,-33.932793,0.826662
7127,7.127000,-24.858793,-19.997897,-9.176017,-15.682776,-31.462431,0.822042
7128,7.128000,-24.538621,-20.099145,-9.176017,-15.362604,-29.266745,1.266777
7129,7.129000,-24.217435,-20.201452,-9.176017,-15.041418,-27.026407,0.824292
7130,7.130000,-23.895379,-20.304677,-9.176017,-14.719362,-24.747765,0.816802
7131,7.131000,-23.572603,-20.408672,-9.176017,-14.396587,-22.842918,0.823672
7132,7.132000,-23.249252,-20.513310,-9.176017,-14.073235,-21.352825,0.822862
7133,7.133000,-22.925477,-20.618492,-9.176017,-13.749460,-19.822542,0.840322
7134,7.134000,-22.601426,-20.724119,-9.176017,-13.425409,-18.287909,0.839612
7135,7.135000,-22.277246,-20.830093,-9.176017,-13.101229,-16.548496,0.839241
7136,7.136000,-21.953087,-20.936306,-9.176017,-12.777070,-14.643224,0.834641
7137,7.137000,-21.629097,-21.042628,-9.176017,-12.453080,-12.728968,0.829402
7138,7.138000,-21.305426,-21.148935,-9.176017,-12.129409,-10.811582,0.821222
7139,7.139000,-20.982222,-21.255094,-9.176017,-11.806205,-8.833019,0.834612
7140,7.140000,-20.659635,-21.360976,-9.176017,-11.483618,-6.946392,0.830292
7141,7.141000,-20.337810,-21.466451,-9.176017,-11.161794,-5.061454,0.826282
7142,7.142000,-20.016899,-21.571394,-9.176017,-10.840882,-3.110815,0.826771
7143,7.143000,-19.697046,-21.675677,-9.176017,-10.521030,-1.221062,0.837431
7144,7.144000,-19.378399,-21.779173,-9.176017,-10.202382,0.544746,0.827242
7145,7.145000,-19.061105,-21.881768,-9.176017,-9.885088,2.150970,0.824642
7146,7.146000,-18.745306,-21.983355,-9.176017,-9.569289,3.699194,0.823862
7147,7.147000,-18.431149,-22.083837,-9.176017,-9.255133,5.186810,0.828232
7148,7.148000,-18.118776,-22.183119,-9.176017,-8.942759,6.587765,0.819062
7149,7.149000,-17.808330,-22.281114,-9.176017,-8.632313,7.684014,0.814172
7150,7.150000,-17.499952,-22.377752,-9.176017,-8.323935,9.252013,0.834032
7151,7.151000,-17.193780,-22.472945,-9.176017,-8.017764,10.918074,0.821812
7152,7.152000,-16.889955,-22.566588,-9.176017,-7.713938,12.648963,0.822952
7153,7.153000,-16.588614,-22.658570,-9.176017,-7.412597,14.536031,0.825111
7154,7.154000,-16.289890,-22.748775,-9.176017,-7.113873,16.189390,0.827481
7155,7.155000,-15.993921,-22.837091,-9.176017,-6.817904,17.652355,0.826691
7156,7.156000,-15.700838,-22.923428,-9.176017,-6.524821,19.119991,0.821302
7157,7.157000,-15.410770,-23.007694,-9.176017,-6.234753,20.916691,0.822112
7158,7.158000,-15.123849,-23.089786,-9.176017,-5.947832,24.042984,0.816882
7159,7.159000,-14.840200,-23.169511,-9.176017,-5.664183,27.295856,0.829132
7160,7.160000,-14.559950,-23.246660,-9.176017,-5.383933,30.950520,0.970581
7161,7.161000,-14.283222,-23.320988,-9.176017,-5.107205,34.655685,0.809432
7162,7.162000,-14.010134,-23.392244,-9.176017,-4.834118,38.562393,0.809212
7163,7.163000,-13.740808,-23.460173,-9.176017,-4.564791,43.132721,0.822482
7164,7.164000,-13.475359,-23.524476,-9.176017,-4.299342,48.272369,0.895201
7165,7.165000,-13.213900,-23.584817,-9.176017,-4.037883,54.967785,0.820422
7166,7.166000,-12.956542,-23.640767,-9.176017,-3.780525,60.267391,0.821482
7167,7.167000,-12.703392,-23.691947,-9.176017,-3.527375,64.795586,0.822042
7168,7.168000,-12.454555,-23.738054,-9.176017,-3.278538,68.630836,0.832262
7169,7.169000,-12.210131,-23.778836,-9.176017,-3.034114,71.675026,0.833282
7170,7.170000,-11.970219,-23.814107,-9.176017,-2.794202,74.059586,0.821831
7171,7.171000,-11.734914,-23.843731,-9.176017,-2.558897,76.078506,0.818541
7172,7.172000,-11.504304,-23.867604,-9.176017,-2.328287,79.541107,0.832491
7173,7.173000,-11.278477,-23.885545,-9.176017,-2.102460,85.251640,0.814212
7174,7.174000,-11.057517,-23.897218,-9.176017,-1.881500,91.066246,0.809512
7175,7.175000,-10.841502,-23.902245,-9.176017,-1.665485,97.530769,0.815971
7176,7.176000,-10.630507,-23.900200,-9.176017,-1.454490,101.801689,0.812532
7177,7.177000,-10.424604,-23.890777,-9.176017,-1.248587,104.191330,0.829221
7178,7.178000,-10.223857,-23.873818,-9.176017,-1.047841,105.482704,1.039240
7179,7.179000,-10.028331,-23.849260,-9.176017,-0.852315,106.208321,0.817642
7180,7.180000,-9.838081,-23.817098,-9.176017,-0.662064,106.592522,0.816832
7181,7.181000,-9.653160,-23.777355,-9.176017,-0.477143,106.726860,0.825742
7182,7.182000,-9.473617,-23.730066,-9.176017,-0.297600,106.655907,0.813782
7183,7.183000,-9.299495,-23.675280,-9.176017,-0.123478,106.371147,0.808722
7184,7.184000,-9.130833,-23.613055,-9.176017,0.045184,105.819084,0.846162
7185,7.185000,-8.967666,-23.543464,-9.176017,0.208351,104.910057,0.821812
7186,7.186000,-8.810024,-23.466602,-9.176017,0.365993,103.452873,0.813542
7187,7.187000,-8.657932,-23.382594,-9.176017,0.518085,101.061256,0.806392
7188,7.188000,-8.511410,-23.291632,-9.176017,0.664606,97.247879,0.827232
7189,7.189000,-8.370477,-23.193994,-9.176017,0.805540,92.586601,0.808652
7190,7.190000,-8.235144,-23.090032,-9.176017,0.940873,88.135574,0.829382
7191,7.191000,-8.105418,-22.980095,-9.176017,1.070599,84.804680,0.812902
7192,7.192000,-7.981305,-22.864465,-9.176017,1.194712,83.020973,0.823252
7193,7.193000,-7.862803,-22.743306,-9.176017,1.313214,82.324257,0.814042
7194,7.194000,-7.749909,-22.616693,-9.176017,1.426108,81.635826,0.812442
7195,7.195000,-7.642616,-22.484677,-9.176017,1.533401,80.952713,0.821952
7196,7.196000,-7.540911,-22.347307,-9.176017,1.635105,80.144417,0.844992
7197,7.197000,-7.444779,-22.204644,-9.176017,1.731238,79.252014,0.893251
7198,7.198000,-7.354200,-22.056761,-9.176017,1.821816,78.351295,0.797912
7199,7.199000,-7.269153,-21.903729,-9.176017,1.906863,77.538597,0.795782
7200,7.200000,-7.189609,-21.745623,-9.176017,1.986408,77.201332,0.976260
7201,7.201000,-7.115539,-21.582489,-9.176017,2.060478,77.048279,0.811732
7202,7.202000,-7.046907,-21.414354,-9.176017,2.129110,76.952446,0.808482
7203,7.203000,-6.983676,-21.241239,-9.176017,2.192340,76.849709,0.823652
7204,7.204000,-6.925805,-21.063168,-9.176017,2.250212,76.609222,0.805222
7205,7.205000,-6.873248,-20.880168,-9.176017,2.302768,76.180267,0.814092
7206,7.206000,-6.825957,-20.692287,-9.176017,2.350060,75.497154,0.808292
7207,7.207000,-6.783879,-20.499585,-9.176017,2.392138,74.463982,0.822702
7208,7.208000,-6.746959,-20.302152,-9.176017,2.429058,73.188881,0.810422
7209,7.209000,-6.715137,-20.100094,-9.176017,2.460880,71.512184,0.802402
7210,7.210000,-6.688350,-19.893544,-9.176017,2.487667,69.196938,0.804562
7211,7.211000,-6.666533,-19.682679,-9.176017,2.509484,66.021988,0.807572
7212,7.212000,-6.649616,-19.467731,-9.176017,2.526400,62.072823,0.802552
7213,7.213000,-6.637527,-19.248989,-9.176017,2.538489,58.191151,0.829482
7214,7.214000,-6.630191,-19.026752,-9.176017,2.545826,54.759068,0.839152
7215,7.215000,-6.627528,-18.801286,-9.176017,2.548489,51.687939,0.822311
7216,7.216000,-6.629458,-18.572825,-9.176017,2.546558,48.897522,0.821542
7217,7.217000,-6.635898,-18.341578,-9.176017,2.540119,45.799381,0.808262
7218,7.218000,-6.646760,-18.107764,-9.176017,2.529257,43.029114,0.799772
7219,7.219000,-6.661957,-17.871586,-9.176017,2.514060,41.489838,1.041439
7220,7.220000,-6.681397,-17.633170,-9.176017,2.494620,39.727638,0.803782
7221,7.221000,-6.704987,-17.392636,-9.176017,2.471030,37.785137,0.797832
7222,7.222000,-6.732631,-17.150117,-9.176017,2.443385,35.630833,0.810212
7223,7.223000,-6.764233,-16.905762,-9.176017,2.411784,33.554031,0.807792
7224,7.224000,-6.799692,-16.659718,-9.176017,2.376325,31.868530,0.807032
7225,7.225000,-6.838907,-16.412113,-9.176017,2.337110,30.087370,0.817182
7226,7.226000,-6.881775,-16.163074,-9.176017,2.294242,28.545458,0.816502
7227,7.227000,-6.928190,-15.912713,-9.176017,2.247827,27.106531,0.805682
7228,7.228000,-6.978046,-15.661135,-9.176017,2.197971,25.558908,0.814661
7229,7.229000,-7.031235,-15.408449,-9.176017,2.144782,23.812550,0.808701
7230,7.230000,-7.087646,-15.154778,-9.176017,2.088370,21.825588,0.790822
7231,7.231000,-7.147169,-14.900257,-9.176017,2.028848,20.078575,0.795932
7232,7.232000,-7.209690,-14.645018,-9.176017,1.966327,18.230659,0.809472
7233,7.233000,-7.275096,-14.389195,-9.176017,1.900921,16.170778,1.152999
7234,7.234000,-7.343271,-14.132929,-9.176017,1.832746,14.125880,0.879181
7235,7.235000,-7.414099,-13.876368,-9.176017,1.761917,12.239254,0.793172
7236,7.236000,-7.487464,-13.619647,-9.176017,1.688553,10.412078,0.886272
7237,7.237000,-7.563246,-13.362895,-9.176017,1.612771,8.933024,0.946260
7238,7.238000,-7.641327,-13.106223,-9.176017,1.534690,7.350978,0.805801
7239,7.239000,-7.721587,-12.849736,-9.176017,1.454430,5.735671,0.797012
7240,7.240000,-7.803905,-12.593545,-9.176017,1.372112,3.940836,0.808362
7241,7.241000,-7.888162,-12.337771,-9.176017,1.287855,1.642292,0.812792
7242,7.242000,-7.974233,-12.082567,-9.176017,1.201784,-1.252528,0.821802
7243,7.243000,-8.061999,-11.828127,-9.176017,1.114018,-3.991179,0.803162
7244,7.244000,-8.151336,-11.574647,-9.176017,1.024680,-6.217929,0.805542
7245,7.245000,-8.242123,-11.322289,-9.176017,0.933893,-8.288953,0.790352
7246,7.246000,-8.334238,-11.071200,-9.176017,0.841779,-9.970090,0.790272
7247,7.247000,-8.427556,-10.821495,-9.176017,0.748461,-11.472800,0.800832
7248,7.248000,-8.521956,-10.573272,-9.176017,0.654061,-13.128570,0.803112
7249,7.249000,-8.617316,-10.326637,-9.176017,0.558701,-15.102541,0.795262
7250,7.250000,-8.713514,-10.081714,-9.176017,0.462503,-17.008009,0.801472
7251,7.251000,-8.810427,-9.838630,-9.176017,0.365589,-19.303566,0.954690
7252,7.252000,-8.907936,-9.597533,-9.176017,0.268081,-21.692398,0.803672
7253,7.253000,-9.005919,-9.358582,-9.176017,0.170097,-24.532677,0.811432
7254,7.254000,-9.104257,-9.121966,-9.176017,0.071760,-27.708258,0.799732
7255,7.255000,-9.202829,-8.887897,-9.176017,-0.026812,-30.814537,0.868611
7256,7.256000,-9.301517,-8.656588,-9.176017,-0.125500,-33.740841,0.787042
7257,7.257000,-9.400205,-8.428238,-9.176017,-0.224188,-36.581509,0.803231
7258,7.258000,-9.498774,-8.203038,-9.176017,-0.322757,-39.731361,0.799202
7259,7.259000,-9.597111,-7.981194,-9.176017,-0.421094,-43.552299,0.801452
7260,7.260000,-9.695100,-7.762949,-9.176017,-0.519083,-47.089455,0.802762
7261,7.261000,-9.792631,-7.548543,-9.176017,-0.616614,-50.124451,0.795402
7262,7.262000,-9.889591,-7.338184,-9.176017,-0.713574,-53.539707,0.804392
7263,7.263000,-9.985871,-7.132087,-9.176017,-0.809854,-56.883865,0.792632
7264,7.264000,-10.081363,-6.930472,-9.176017,-0.905347,-59.881783,0.791632
7265,7.265000,-10.175962,-6.733533,-9.176017,-0.999946,-62.570717,0.796912
7266,7.266000,-10.269566,-6.541443,-9.176017,-1.093549,-65.018974,0.792662
7267,7.267000,-10.362071,-6.354354,-9.176017,-1.186054,-67.558403,0.792882
7268,7.268000,-10.453377,-6.172419,-9.176017,-1.277361,-70.633690,0.806092
7269,7.269000,-10.543390,-5.995822,-9.176017,-1.367373,-73.565361,0.834152
7270,7.270000,-10.632013,-5.824750,-9.176017,-1.455997,-76.264885,0.807122
7271,7.271000,-10.719155,-5.659374,-9.176017,-1.543138,-80.366623,0.794082
7272,7.272000,-10.804725,-5.499940,-9.176017,-1.628708,-84.008186,0.798332
7273,7.273000,-10.888637,-5.346692,-9.176017,-1.712620,-88.649879,0.787092
7274,7.274000,-10.970807,-5.199922,-9.176017,-1.794790,-93.496437,0.789432
7275,7.275000,-11.051153,-5.059948,-9.176017,-1.875136,-97.329506,0.798082
7276,7.276000,-11.129597,-4.927033,-9.176017,-1.953580,-100.196457,0.800362
7277,7.277000,-11.206065,-4.801365,-9.176017,-2.030048,-102.093376,0.796322
7278,7.278000,-11.280484,-4.683060,-9.176017,-2.104468,-103.170311,0.801682
7279,7.279000,-11.352787,-4.572167,-9.176017,-2.176770,-103.827393,0.795962
7280,7.280000,-11.422909,-4.468697,-9.176017,-2.246892,-104.320534,0.793302
7281,7.281000,-11.490788,-4.372647,-9.176017,-2.314771,-104.636665,0.790742
7282,7.282000,-11.556366,-4.284006,-9.176017,-2.380349,-104.712036,0.785802
7283,7.283000,-11.619590,-4.202748,-9.176017,-2.443573,-104.551941,0.789222
7284,7.284000,-11.680406,-4.128834,-9.176017,-2.504390,-104.206360,0.788932
7285,7.285000,-11.738770,-4.062214,-9.176017,-2.562754,-103.673882,0.790792
7286,7.286000,-11.794636,-4.002825,-9.176017,-2.618619,-102.850319,0.792482
7287,7.287000,-11.847965,-3.950589,-9.176017,-2.671948,-101.603416,0.837442
7288,7.288000,-11.898717,-3.905400,-9.176017,-2.722700,-99.719635,0.800442
7289,7.289000,-11.946861,-3.867109,-9.176017,-2.770845,-97.224312,0.782082
7290,7.290000,-11.992367,-3.835525,-9.176017,-2.816350,-94.565582,0.779342
7291,7.291000,-12.035206,-3.810440,-9.176017,-2.859189,-92.448372,0.800442
7292,7.292000,-12.075355,-3.791675,-9.176017,-2.899338,-90.954552,0.791602
7293,7.293000,-12.112795,-3.779098,-9.176017,-2.936778,-90.430733,0.794202
7294,7.294000,-12.147508,-3.772647,-9.176017,-2.971491,-90.475517,0.792842
7295,7.295000,-12.179478,-3.772310,-9.176017,-3.003461,-91.654388,0.799742
7296,7.296000,-12.208697,-3.778149,-9.176017,-3.032680,-93.628761,0.801582
7297,7.297000,-12.235155,-3.790290,-9.176017,-3.059138,-95.300850,0.793352
7298,7.298000,-12.258849,-3.808854,-9.176017,-3.082832,-96.228157,0.787862
7299,7.299000,-12.279778,-3.833909,-9.176017,-3.103761,-96.251549,0.786372
7300,7.300000,-12.297942,-3.865457,-9.176017,-3.121925,-95.458549,0.797562
7301,7.301000,-12.313347,-3.903434,-9.176017,-3.137330,-93.433495,0.791533
7302,7.302000,-12.326002,-3.947688,-9.176017,-3.149985,-90.105553,0.791922
7303,7.303000,-12.335919,-3.997975,-9.176017,-3.159902,-85.805016,0.799932
7304,7.304000,-12.343113,-4.053972,-9.176017,-3.167096,-81.812294,0.800432
7305,7.305000,-12.347601,-4.115365,-9.176017,-3.171585,-78.783112,0.790892
7306,7.306000,-12.349405,-4.181901,-9.176017,-3.173389,-76.603523,0.779252
7307,7.307000,-12.348548,-4.253397,-9.176017,-3.172532,-74.894051,0.814742
7308,7.308000,-12.345056,-4.329721,-9.176017,-3.169040,-73.204979,0.792972
7309,7.309000,-12.338959,-4.410751,-9.176017,-3.162942,-71.334053,0.790182
7310,7.310000,-12.330287,-4.496356,-9.176017,-3.154270,-69.349083,0.809292
7311,7.311000,-12.319074,-4.586396,-9.176017,-3.143058,-67.537094,0.789722
7312,7.312000,-12.305358,-4.680737,-9.176017,-3.129342,-65.922737,0.784202
7313,7.313000,-12.289179,-4.779257,-9.176017,-3.113162,-64.270836,0.786822
7314,7.314000,-12.270574,-4.881836,-9.176017,-3.094557,-62.712730,0.790092
7315,7.315000,-12.249591,-4.988358,-9.176017,-3.073574,-61.081970,0.775512
7316,7.316000,-12.226273,-5.098705,-9.176017,-3.050257,-59.000668,0.781242
7317,7.317000,-12.200670,-5.212731,-9.176017,-3.024653,-56.394394,0.783482
7318,7.318000,-12.172831,-5.330253,-9.176017,-2.996814,-52.600853,0.792792
7319,7.319000,-12.142808,-5.451011,-9.176017,-2.966791,-48.874504,0.799932
7320,7.320000,-12.110655,-5.574732,-9.176017,-2.934638,-44.763885,0.786872
7321,7.321000,-12.076428,-5.701120,-9.176017,-2.900412,-41.512455,0.784992
7322,7.322000,-12.040187,-5.829926,-9.176017,-2.864170,-38.865437,0.785252
7323,7.323000,-12.001987,-5.960952,-9.176017,-2.825970,-36.461472,0.783982
7324,7.324000,-11.961891,-6.094027,-9.176017,-2.785875,-34.414417,0.778483
7325,7.325000,-11.919962,-6.229008,-9.176017,-2.743945,-32.208900,0.783702
7326,7.326000,-11.876260,-6.365750,-9.176017,-2.700244,-29.991922,0.826162
7327,7.327000,-11.830853,-6.504101,-9.176017,-2.654836,-28.229090,0.788022
7328,7.328000,-11.783804,-6.643938,-9.176017,-2.607788,-26.193007,0.790032
7329,7.329000,-11.735182,-6.785124,-9.176017,-2.559165,-23.682268,0.781422
7330,7.330000,-11.685053,-6.927494,-9.176017,-2.509036,-20.887175,0.777432
7331,7.331000,-11.633486,-7.070857,-9.176017,-2.457470,-18.143744,0.812702
7332,7.332000,-11.580552,-7.215019,-9.176017,-2.404536,-15.884581,0.781792
7333,7.333000,-11.526320,-7.359817,-9.176017,-2.350303,-13.691321,0.806082
7334,7.334000,-11.470862,-7.505096,-9.176017,-2.294845,-11.425555,0.806662
7335,7.335000,-11.414248,-7.650703,-9.176017,-2.238232,-9.126508,0.784243
7336,7.336000,-11.356552,-7.796484,-9.176017,-2.180535,-6.916936,0.781302
7337,7.337000,-11.297846,-7.942287,-9.176017,-2.121829,-4.586014,0.770753
7338,7.338000,-11.238202,-8.087955,-9.176017,-2.062185,-2.360865,0.776412
7339,7.339000,-11.177694,-8.233335,-9.176017,-2.001677,-0.040744,0.783212
7340,7.340000,-11.116396,-8.378274,-9.176017,-1.940379,2.237961,0.785702
7341,7.341000,-11.054380,-8.522615,-9.176017,-1.878363,4.102517,0.787452
7342,7.342000,-10.991720,-8.666229,-9.176017,-1.815703,5.906339,0.787542
7343,7.343000,-10.928491,-8.808997,-9.176017,-1.752474,7.781874,0.783212
7344,7.344000,-10.864763,-8.950796,-9.176017,-1.688746,9.500878,0.777772
7345,7.345000,-10.800612,-9.091512,-9.176017,-1.624595,11.582927,0.814902
7346,7.346000,-10.736111,-9.231014,-9.176017,-1.560094,13.904190,0.798082
7347,7.347000,-10.671330,-9.369149,-9.176017,-1.495314,16.466091,0.791922
7348,7.348000,-10.606344,-9.505748,-9.176017,-1.430327,19.001879,0.782282
7349,7.349000,-10.541223,-9.640638,-9.176017,-1.365206,21.280828,0.785273
7350,7.350000,-10.476038,-9.773662,-9.176017,-1.300021,24.445461,0.896131
7351,7.351000,-10.410861,-9.904618,-9.176017,-1.234844,28.209726,0.792032
7352,7.352000,-10.345761,-10.033258,-9.176017,-1.169744,31.921730,0.772963
7353,7.353000,-10.280806,-10.159328,-9.176017,-1.104789,35.273998,0.771922
7354,7.354000,-10.216064,-10.282594,-9.176017,-1.040047,38.977867,0.767973
7355,7.355000,-10.151603,-10.402810,-9.176017,-0.975586,42.947090,0.777012
7356,7.356000,-10.087487,-10.519716,-9.176017,-0.911470,48.003532,0.801052
7357,7.357000,-10.023782,-10.632984,-9.176017,-0.847765,52.922119,0.797413
7358,7.358000,-9.960549,-10.742279,-9.176017,-0.784532,56.669144,0.777262
7359,7.359000,-9.897850,-10.847336,-9.176017,-0.721833,59.577007,0.782752
7360,7.360000,-9.835744,-10.947957,-9.176017,-0.659727,61.767567,0.774902
7361,7.361000,-9.774289,-11.044005,-9.176017,-0.598272,63.146439,0.772152
7362,7.362000,-9.713542,-11.135403,-9.176017,-0.537525,63.924618,0.780722
7363,7.363000,-9.653554,-11.222117,-9.176017,-0.477537,64.225906,0.777012
7364,7.364000,-9.594379,-11.304154,-9.176017,-0.418362,64.186401,0.806952
7365,7.365000,-9.536066,-11.381543,-9.176017,-0.360049,63.838501,0.842122
7366,7.366000,-9.478663,-11.454331,-9.176017,-0.302647,63.369423,0.816142
7367,7.367000,-9.422216,-11.522574,-9.176017,-0.246199,62.646427,0.784022
7368,7.368000,-9.366769,-11.586343,-9.176017,-0.190753,61.661880,0.791772
7369,7.369000,-9.312364,-11.645722,-9.176017,-0.136348,60.405819,0.882281
7370,7.370000,-9.259042,-11.700814,-9.176017,-0.083025,59.045425,0.774923
7371,7.371000,-9.206839,-11.751728,-9.176017,-0.030822,57.741314,0.779742
7372,7.372000,-9.155793,-11.798572,-9.176017,0.020224,56.784500,0.781312
7373,7.373000,-9.105936,-11.841429,-9.176017,0.070080,55.902981,0.786432
7374,7.374000,-9.057304,-11.880372,-9.176017,0.118713,55.971500,0.787512
7375,7.375000,-9.009925,-11.915414,-9.176017,0.166092,56.471012,0.791042
7376,7.376000,-8.963828,-11.946533,-9.176017,0.212188,56.748215,0.777102
7377,7.377000,-8.919040,-11.973704,-9.176017,0.256976,56.695580,0.766433
7378,7.378000,-8.875588,-11.996933,-9.176017,0.300429,56.249416,0.771632
7379,7.379000,-8.833493,-12.016249,-9.176017,0.342524,55.567238,0.784782
7380,7.380000,-8.792777,-12.031707,-9.176017,0.383240,54.803951,0.782962
7381,7.381000,-8.753459,-12.043372,-9.176017,0.422558,54.247616,0.780042
7382,7.382000,-8.715556,-12.051296,-9.176017,0.460461,53.612316,0.785963
7383,7.383000,-8.679086,-12.055535,-9.176017,0.496931,53.046669,0.804572
7384,7.384000,-8.644060,-12.056137,-9.176017,0.531956,52.463917,1.081049
7385,7.385000,-8.610493,-12.053154,-9.176017,0.565523,52.167065,0.872251
7386,7.386000,-8.578393,-12.046617,-9.176017,0.597624,51.804852,0.779322
7387,7.387000,-8.547770,-12.036559,-9.176017,0.628247,51.660946,0.923951
7388,7.388000,-8.518630,-12.023000,-9.176017,0.657387,51.496906,1.131089
7389,7.389000,-8.490977,-12.005958,-9.176017,0.685040,51.245934,0.777952
7390,7.390000,-8.464817,-11.985455,-9.176017,0.711200,50.969410,0.780353
7391,7.391000,-8.440148,-11.961520,-9.176017,0.735869,50.267796,0.770542
7392,7.392000,-8.416971,-11.934203,-9.176017,0.759046,48.948338,0.763533
7393,7.393000,-8.395285,-11.903598,-9.176017,0.780732,47.142921,0.776782
7394,7.394000,-8.375085,-11.869838,-9.176017,0.800932,45.038971,0.806122
7395,7.395000,-8.356367,-11.833079,-9.176017,0.819650,43.308037,0.783633
7396,7.396000,-8.339121,-11.793461,-9.176017,0.836895,41.965813,0.788182
7397,7.397000,-8.323342,-11.751094,-9.176017,0.852675,40.980240,0.783092
7398,7.398000,-8.309017,-11.706056,-9.176017,0.866999,39.871887,0.778612
7399,7.399000,-8.296136,-11.658429,-9.176017,0.879880,38.567070,0.767512
7400,7.400000,-8.284686,-11.608302,-9.176017,0.891330,37.093616,0.815711
7401,7.401000,-8.274653,-11.555779,-9.176017,0.901364,35.492172,0.807353
7402,7.402000,-8.266020,-11.500976,-9.176017,0.909996,33.687004,0.772022
7403,7.403000,-8.258772,-11.444020,-9.176017,0.917245,32.114937,0.864732
7404,7.404000,-8.252889,-11.385030,-9.176017,0.923128,30.767057,0.772362
7405,7.405000,-8.248351,-11.324106,-9.176017,0.927666,29.657658,0.767573
7406,7.406000,-8.245139,-11.261333,-9.176017,0.930878,28.307457,0.761212
7407,7.407000,-8.243231,-11.196801,-9.176017,0.932786,26.817171,0.855332
7408,7.408000,-8.242603,-11.130615,-9.176017,0.933414,25.275536,0.774682
7409,7.409000,-8.243232,-11.062881,-9.176017,0.932784,23.629148,0.769082
7410,7.410000,-8.245094,-10.993718,-9.176017,0.930922,22.138102,0.784762
7411,7.411000,-8.248162,-10.923233,-9.176017,0.927855,20.695749,0.776343
7412,7.412000,-8.252410,-10.851530,-9.176017,0.923606,19.301018,0.774522
7413,7.413000,-8.257811,-10.778706,-9.176017,0.918206,18.229368,0.786403
7414,7.414000,-8.264334,-10.704843,-9.176017,0.911683,17.276459,0.778022
7415,7.415000,-8.271953,-10.630005,-9.176017,0.904063,16.533518,0.763863
7416,7.416000,-8.280637,-10.554247,-9.176017,0.895380,15.826296,0.768532
7417,7.417000,-8.290356,-10.477614,-9.176017,0.885661,15.063273,0.770223
7418,7.418000,-8.301077,-10.400159,-9.176017,0.874940,14.201899,0.776142
7419,7.419000,-8.312771,-10.321939,-9.176017,0.863246,13.262587,0.776403
7420,7.420000,-8.325403,-10.243016,-9.176017,0.850614,12.275160,0.789952
7421,7.421000,-8.338942,-10.163462,-9.176017,0.837075,11.397160,0.762342
7422,7.422000,-8.353354,-10.083338,-9.176017,0.822663,10.676229,0.776392
7423,7.423000,-8.368604,-10.002698,-9.176017,0.807413,9.945408,0.771692
7424,7.424000,-8.384658,-9.921594,-9.176017,0.791359,9.307796,0.771762
7425,7.425000,-8.401482,-9.840070,-9.176017,0.774535,8.499007,0.776062
7426,7.426000,-8.419040,-9.758179,-9.176017,0.756977,7.619417,0.946700
7427,7.427000,-8.437296,-9.675982,-9.176017,0.738721,6.758231,0.769913
7428,7.428000,-8.456214,-9.593539,-9.176017,0.719803,5.815453,0.779562
7429,7.429000,-8.475758,-9.510915,-9.176017,0.700258,4.751365,0.764533
7430,7.430000,-8.495891,-9.428184,-9.176017,0.680125,3.608938,0.769822
7431,7.431000,-8.516577,-9.345423,-9.176017,0.659440,2.279483,0.768513
7432,7.432000,-8.537777,-9.262724,-9.176017,0.638239,0.907227,0.795132
7433,7.433000,-8.559456,-9.180184,-9.176017,0.616561,-0.232683,0.774902
7434,7.434000,-8.581574,-9.097883,-9.176017,0.594442,-1.355101,0.778332
7435,7.435000,-8.604097,-9.015900,-9.176017,0.571920,-2.483224,0.768572
7436,7.436000,-8.626984,-8.934311,-9.176017,0.549033,-3.631833,0.765822
7437,7.437000,-8.650200,-8.853191,-9.176017,0.525817,-4.635594,0.766952
7438,7.438000,-8.673707,-8.772611,-9.176017,0.502310,-5.569677,0.767023
7439,7.439000,-8.697467,-8.692633,-9.176017,0.478550,-6.525371,0.767092
7440,7.440000,-8.721445,-8.613318,-9.176017,0.454572,-7.524513,0.779632
7441,7.441000,-8.745601,-8.534729,-9.176017,0.430415,-8.615621,0.767332
7442,7.442000,-8.769901,-8.456941,-9.176017,0.406116,-9.626067,0.769862
7443,7.443000,-8.794306,-8.380019,-9.176017,0.381711,-10.733384,0.770852
7444,7.444000,-8.818782,-8.304036,-9.176017,0.357235,-12.039075,0.777722
7445,7.445000,-8.843291,-8.229075,-9.176017,0.332726,-13.732770,0.828312
7446,7.446000,-8.867799,-8.155248,-9.176017,0.308217,-15.416732,0.790072
7447,7.447000,-8.892271,-8.082668,-9.176017,0.283746,-17.030989,0.775533
7448,7.448000,-8.916672,-8.011447,-9.176017,0.259345,-18.560278,0.775192
7449,7.449000,-8.940967,-7.941691,-9.176017,0.235050,-19.895470,0.772523
7450,7.450000,-8.965123,-7.873487,-9.176017,0.210894,-21.240507,0.761742
7451,7.451000,-8.989107,-7.806923,-9.176017,0.186910,-22.758814,0.763253
7452,7.452000,-9.012887,-7.742096,-9.176017,0.163130,-24.172117,0.774162
7453,7.453000,-9.036431,-7.679097,-9.176017,0.139586,-25.506258,0.778902
7454,7.454000,-9.059708,-7.618014,-9.176017,0.116309,-26.739918,0.782772
7455,7.455000,-9.082687,-7.558924,-9.176017,0.093329,-27.825113,0.776883
7456,7.456000,-9.105341,-7.501897,-9.176017,0.070675,-28.650675,0.773912
7457,7.457000,-9.127641,-7.446984,-9.176017,0.048376,-29.342821,0.768062
7458,7.458000,-9.149558,-7.394226,-9.176017,0.026458,-29.961987,0.767272
7459,7.459000,-9.171067,-7.343655,-9.176017,0.004950,-30.521793,0.767173
7460,7.460000,-9.192141,-7.295299,-9.176017,-0.016124,-31.355068,0.766902
7461,7.461000,-9.212756,-7.249205,-9.176017,-0.036739,-32.219772,0.881611
7462,7.462000,-9.232888,-7.205423,-9.176017,-0.056871,-32.952103,0.777782
7463,7.463000,-9.252514,-7.163998,-9.176017,-0.076497,-33.551739,0.774022
7464,7.464000,-9.271614,-7.124966,-9.176017,-0.095597,-34.067612,0.958170
7465,7.465000,-9.290165,-7.088357,-9.176017,-0.114148,-34.473656,0.779493
7466,7.466000,-9.308149,-7.054190,-9.176017,-0.132132,-34.797417,0.763312
7467,7.467000,-9.325546,-7.022481,-9.176017,-0.149529,-35.034149,0.764303
7468,7.468000,-9.342340,-6.993237,-9.176017,-0.166324,-35.163952,0.773482
7469,7.469000,-9.358514,-6.966460,-9.176017,-0.182498,-35.145866,0.769013
7470,7.470000,-9.374054,-6.942142,-9.176017,-0.198037,-35.075245,0.796262
7471,7.471000,-9.388944,-6.920269,-9.176017,-0.212927,-35.002975,0.787972
7472,7.472000,-9.403172,-6.900827,-9.176017,-0.227155,-34.984447,0.774583
7473,7.473000,-9.416725,-6.883807,-9.176017,-0.240709,-34.899990,0.771792
7474,7.474000,-9.429595,-6.869194,-9.176017,-0.253578,-34.740509,0.765542
7475,7.475000,-9.441770,-6.856972,-9.176017,-0.265753,-34.606846,0.773502
7476,7.476000,-9.453241,-6.847125,-9.176017,-0.277225,-34.516388,0.771343
7477,7.477000,-9.464002,-6.839640,-9.176017,-0.287986,-34.393406,0.773962
7478,7.478000,-9.474047,-6.834501,-9.176017,-0.298030,-34.189903,0.792542
7479,7.479000,-9.483368,-6.831689,-9.176017,-0.307352,-33.824127,0.767922
7480,7.480000,-9.491964,-6.831175,-9.176017,-0.315947,-33.388660,0.852222
7481,7.481000,-9.499831,-6.832923,-9.176017,-0.323814,-32.792870,0.764462
7482,7.482000,-9.506966,-6.836886,-9.176017,-0.330949,-32.021347,0.776693
7483,7.483000,-9.513368,-6.843007,-9.176017,-0.337351,-31.309677,0.771132
7484,7.484000,-9.519038,-6.851226,-9.176017,-0.343021,-30.804045,0.865872
7485,7.485000,-9.523977,-6.861501,-9.176017,-0.347960,-30.288168,0.774992
7486,7.486000,-9.528186,-6.873790,-9.176017,-0.352170,-29.850559,0.778573
7487,7.487000,-9.531669,-6.888057,-9.176017,-0.355652,-29.389219,0.774342
7488,7.488000,-9.534430,-6.904267,-9.176017,-0.358413,-28.814974,0.776213
7489,7.489000,-9.536474,-6.922378,-9.176017,-0.360457,-28.161070,0.764612
7490,7.490000,-9.537807,-6.942342,-9.176017,-0.361790,-27.589121,0.783413
7491,7.491000,-9.538434,-6.964115,-9.176017,-0.362418,-27.053722,0.770022
7492,7.492000,-9.538366,-6.987653,-9.176017,-0.362349,-26.496233,0.778333
7493,7.493000,-9.537609,-7.012915,-9.176017,-0.361592,-25.843916,0.786292
7494,7.494000,-9.536173,-7.039853,-9.176017,-0.360156,-25.130760,0.795222
7495,7.495000,-9.534068,-7.068416,-9.176017,-0.358051,-24.574015,0.768033
7496,7.496000,-9.531306,-7.098558,-9.176017,-0.355289,-24.262323,0.771872
7497,7.497000,-9.527899,-7.130253,-9.176017,-0.351882,-24.052876,0.773743
7498,7.498000,-9.523858,-7.163480,-9.176017,-0.347841,-23.771898,0.774062
7499,7.499000,-9.519199,-7.198223,-9.176017,-0.343182,-23.443476,0.774273
7500,7.500000,-9.513934,-7.234455,21.419586,-30.933520,112.220169,0.771882
7501,7.501000,-9.508078,-7.264401,21.419586,-30.927664,112.043678,0.775053
7502,7.502000,-9.501646,-7.286053,21.419586,-30.921232,112.014961,0.771182
7503,7.503000,-9.494646,-7.299138,21.419586,-30.914232,112.003372,0.872061
7504,7.504000,-9.487086,-7.303827,21.419586,-30.906672,112.003189,0.765152
7505,7.505000,-9.478970,-7.300355,21.419586,-30.898556,112.003235,0.769042
7506,7.506000,-9.470299,-7.288922,21.419586,-30.889885,112.003548,0.778512
7507,7.507000,-9.461073,-7.269681,21.419586,-30.880659,112.004066,0.780212
7508,7.508000,-9.451288,-7.242742,21.419586,-30.870874,112.004616,0.775902
7509,7.509000,-9.440936,-7.208184,21.419586,-30.860522,112.005196,0.786612
7510,7.510000,-9.430009,-7.166065,21.419586,-30.849595,112.005852,0.773513
7511,7.511000,-9.418496,-7.116428,21.419586,-30.838082,112.006691,0.769492
7512,7.512000,-9.406382,-7.059307,21.419586,-30.825968,112.007706,0.774903
7513,7.513000,-9.393650,-6.994728,21.419586,-30.813236,112.008980,0.777642
7514,7.514000,-9.380281,-6.922714,21.419586,-30.799867,112.010445,0.776372
7515,7.515000,-9.366255,-6.843283,21.419586,-30.785841,112.012154,0.771952
7516,7.516000,-9.351546,-6.756453,21.419586,-30.771132,112.014366,0.773822
7517,7.517000,-9.336128,-6.662240,21.419586,-30.755713,112.018120,0.763302
7518,7.518000,-9.319972,-6.560656,21.419586,-30.739557,112.022636,0.798332
7519,7.519000,-9.303045,-6.451717,21.419586,-30.722631,112.026924,0.772533
7520,7.520000,-9.285317,-6.335437,21.419586,-30.704903,112.030251,0.773462
7521,7.521000,-9.266747,-6.211827,21.419586,-30.686333,112.032936,0.784303
7522,7.522000,-9.247301,-6.080901,21.419586,-30.666887,112.035721,0.775972
7523,7.523000,-9.226934,-5.942671,21.419586,-30.646520,112.038948,0.880581
7524,7.524000,-9.205604,-5.797150,21.419586,-30.625190,112.042366,0.776912
7525,7.525000,-9.183267,-5.644351,21.419586,-30.602853,112.046837,0.776612
7526,7.526000,-9.159873,-5.484285,21.419586,-30.579459,112.052162,0.767983
7527,7.527000,-9.135372,-5.316964,21.419586,-30.554958,112.058769,0.781042
7528,7.528000,-9.109713,-5.142399,21.419586,-30.529299,112.067421,0.777313
7529,7.529000,-9.082838,-4.960604,21.419586,-30.502424,112.077911,0.793482
7530,7.530000,-9.054694,-4.771588,21.419586,-30.474280,112.088661,0.782122
7531,7.531000,-9.025219,-4.575362,21.419586,-30.444805,112.098396,0.780202
7532,7.532000,-8.994353,-4.371937,21.419586,-30.413938,112.108574,0.764012
7533,7.533000,-8.962030,-4.161326,21.419586,-30.381616,112.124062,0.769112
7534,7.534000,-8.928188,-3.943536,21.419586,-30.347774,112.144226,0.767702
7535,7.535000,-8.892758,-3.718580,21.419586,-30.312344,112.170891,0.770592
7536,7.536000,-8.855669,-3.486464,21.419586,-30.275255,112.213341,0.779922
7537,7.537000,-8.816850,-3.247199,21.419586,-30.236436,112.260284,0.947021
7538,7.538000,-8.776227,-3.000792,21.419586,-30.195813,112.293343,0.780232
7539,7.539000,-8.733724,-2.747249,21.419586,-30.153310,112.226181,0.780362
7540,7.540000,-8.689264,-2.486587,21.419586,-30.108850,110.701706,0.763032
7541,7.541000,-8.642768,-2.218902,21.419586,-30.062354,83.928902,0.766202
7542,7.542000,-8.594151,-1.945763,21.419586,-30.013737,52.895622,1.011280
7543,7.543000,-8.543334,-1.669358,21.419586,-29.962920,30.070335,0.772853
7544,7.544000,-8.490231,-1.391517,21.419586,-29.909817,17.850407,0.773532
7545,7.545000,-8.434760,-1.113317,21.419586,-29.854346,10.255067,0.790272
7546,7.546000,-8.376839,-0.835341,21.419586,-29.796425,6.060740,0.785352
7547,7.547000,-8.316387,-0.557852,21.419586,-29.735973,2.824608,0.826492
7548,7.548000,-8.253321,-0.280987,21.419586,-29.672907,0.059922,0.799802
7549,7.549000,-8.187565,-0.004848,21.419586,-29.607151,-2.520948,0.774712
7550,7.550000,-8.119039,0.270469,21.419586,-29.538625,-5.989815,0.766412
7551,7.551000,-8.047666,0.544800,21.419586,-29.467252,-9.534441,0.770322
7552,7.552000,-7.973372,0.817949,21.419586,-29.392958,-13.931059,0.777022
7553,7.553000,-7.896080,1.089656,21.419586,-29.315666,-18.264441,0.778852
7554,7.554000,-7.815721,1.359646,21.419586,-29.235307,-24.126286,0.795082
7555,7.555000,-7.732221,1.627551,21.419586,-29.151807,-30.459908,0.785982
7556,7.556000,-7.645512,1.892952,21.419586,-29.065098,-36.185715,0.862882
7557,7.557000,-7.555527,2.155458,21.419586,-28.975113,-42.134956,0.763532
7558,7.558000,-7.462201,2.414670,21.419586,-28.881787,-48.070000,0.767383
7559,7.559000,-7.365471,2.670198,21.419586,-28.785057,-53.928833,0.769822
7560,7.560000,-7.265277,2.921655,21.419586,-28.684863,-59.374466,0.791143
7561,7.561000,-7.161562,3.168682,21.419586,-28.581148,-64.843849,0.857181
7562,7.562000,-7.054271,3.410928,21.419586,-28.473857,-72.657936,0.775443
7563,7.563000,-6.943352,3.647909,21.419586,-28.362938,-80.930008,0.774552
7564,7.564000,-6.828756,3.879081,21.419586,-28.248342,-90.337753,0.771623
7565,7.565000,-6.710438,4.103824,21.419586,-28.130024,-98.913536,0.769872
7566,7.566000,-6.588358,4.321549,21.419586,-28.007944,-103.919960,0.788103
7567,7.567000,-6.462476,4.531889,21.419586,-27.882062,-106.672127,0.783532
7568,7.568000,-6.332759,4.734667,21.419586,-27.752345,-108.164879,0.773192
7569,7.569000,-6.199177,4.929824,21.419586,-27.618763,-108.957123,0.770832
7570,7.570000,-6.061705,5.117361,21.419586,-27.481290,-109.386642,0.770092
7571,7.571000,-5.920320,5.297309,21.419586,-27.339906,-109.609383,0.774352
7572,7.572000,-5.775005,5.469707,21.419586,-27.194591,-109.744591,0.775722
7573,7.573000,-5.625748,5.634596,21.419586,-27.045334,-109.814491,0.766782
7574,7.574000,-5.472537,5.792012,21.419586,-26.892123,-109.839470,0.770253
7575,7.575000,-5.315368,5.941991,21.419586,-26.734954,-109.838623,0.775802
7576,7.576000,-5.154240,6.084564,21.419586,-26.573826,-109.824333,0.862022
7577,7.577000,-4.989155,6.219764,21.419586,-26.408741,-109.799278,0.783602
7578,7.578000,-4.820120,6.347619,21.419586,-26.239706,-109.761543,0.774713
7579,7.579000,-4.647146,6.468157,21.419586,-26.066732,-109.718864,0.760652
7580,7.580000,-4.470247,6.581405,21.419586,-25.889833,-109.679604,0.773723
7581,7.581000,-4.289442,6.687390,21.419586,-25.709028,-109.658455,0.767392
7582,7.582000,-4.104755,6.786136,21.419586,-25.524341,-109.647743,0.772083
7583,7.583000,-3.916211,6.877666,21.419586,-25.335797,-109.629166,0.781152
7584,7.584000,-3.723840,6.962003,21.419586,-25.143426,-109.599007,0.776222
7585,7.585000,-3.527678,7.039172,21.419586,-24.947264,-109.549889,0.771542
7586,7.586000,-3.327763,7.109196,21.419586,-24.747349,-109.476067,0.781552
7587,7.587000,-3.124136,7.172102,21.419586,-24.543722,-109.355125,0.772663
7588,7.588000,-2.916845,7.227920,21.419586,-24.336431,-109.142426,0.776142
7589,7.589000,-2.705938,7.276683,21.419586,-24.125524,-108.790520,0.787482
7590,7.590000,-2.491470,7.318436,21.419586,-23.911056,-108.198868,0.778822
7591,7.591000,-2.273498,7.353240,21.419586,-23.693084,-107.230522,0.776162
7592,7.592000,-2.052083,7.381178,21.419586,-23.471669,-105.630943,0.774842
7593,7.593000,-1.827289,7.402379,21.419586,-23.246875,-103.374832,0.761473
7594,7.594000,-1.599186,7.417013,21.419586,-23.018772,-100.554886,0.768832
7595,7.595000,-1.367845,7.425299,21.419586,-22.787431,-96.655823,0.786702
7596,7.596000,-1.133341,7.427520,21.419586,-22.552927,-91.177414,0.776022
7597,7.597000,-0.895753,7.424064,21.419586,-22.315339,-84.006340,0.776712
7598,7.598000,-0.655162,7.415440,21.419586,-22.074748,-76.718994,0.773813
7599,7.599000,-0.411654,7.402186,21.419586,-21.831240,-69.455154,0.891371
7600,7.600000,-0.165314,7.384837,21.419586,-21.584900,-63.426121,0.772213
7601,7.601000,0.083766,7.363849,21.419586,-21.335820,-59.102184,0.779162
7602,7.602000,0.335496,7.339554,21.419586,-21.084090,-54.928726,0.779392
7603,7.603000,0.589780,7.312238,21.419586,-20.829806,-51.032448,0.773843
7604,7.604000,0.846524,7.282168,21.419586,-20.573062,-47.976139,0.789302
7605,7.605000,1.105629,7.249550,21.419586,-20.313957,-44.979469,0.780342
7606,7.606000,1.366996,7.214585,21.419586,-20.052590,-41.884338,0.796072
7607,7.607000,1.630523,7.177472,21.419586,-19.789062,-38.941010,0.782962
7608,7.608000,1.896109,7.138409,21.419586,-19.523477,-36.523945,0.770503
7609,7.609000,2.163648,7.097564,21.419586,-19.255938,-34.110321,0.763132
7610,7.610000,2.433036,7.055098,21.419586,-18.986550,-31.874567,0.768973
7611,7.611000,2.704165,7.011162,21.419586,-18.715421,-30.204718,0.771322
7612,7.612000,2.976929,6.965873,21.419586,-18.442657,-28.854715,0.777292
7613,7.613000,3.251218,6.919322,21.419586,-18.168368,-27.518618,0.793562
7614,7.614000,3.526923,6.871596,21.419586,-17.892663,-26.346754,0.792212
7615,7.615000,3.803932,6.822772,21.419586,-17.615654,-25.258230,0.773052
7616,7.616000,4.082135,6.772921,21.419586,-17.337451,-24.081062,0.767472
7617,7.617000,4.361419,6.722121,21.419586,-17.058167,-22.805237,0.774262
7618,7.618000,4.641671,6.670455,21.419586,-16.777914,-21.667086,0.998330
7619,7.619000,4.922778,6.618003,21.419586,-16.496808,-20.461180,0.786293
7620,7.620000,5.204625,6.564848,21.419586,-16.214961,-19.118601,0.771812
7621,7.621000,5.487097,6.511081,21.419586,-15.932489,-17.589979,0.775512
7622,7.622000,5.770080,6.456804,21.419586,-15.649506,-16.021296,0.770342
7623,7.623000,6.053457,6.402128,21.419586,-15.366128,-14.385431,0.771163
7624,7.624000,6.337114,6.347166,21.419586,-15.082472,-12.549032,0.775102
7625,7.625000,6.620934,6.292043,21.419586,-14.798652,-10.506483,0.779682
7626,7.626000,6.904800,6.236897,21.419586,-14.514786,-8.342071,0.772032
7627,7.627000,7.188597,6.181879,21.419586,-14.230989,-6.195275,0.772162
7628,7.628000,7.472209,6.127136,21.419586,-13.947377,-4.457928,0.774822
7629,7.629000,7.755519,6.072792,21.419586,-13.664067,-2.862532,0.768492
7630,7.630000,8.038412,6.018957,21.419586,-13.381174,-1.354230,0.784772
7631,7.631000,8.320773,5.965729,21.419586,-13.098813,0.107187,0.768552
7632,7.632000,8.602487,5.913202,21.419586,-12.817099,1.317713,0.766153
7633,7.633000,8.883438,5.861455,21.419586,-12.536148,2.470281,0.892671
7634,7.634000,9.163514,5.810560,21.419586,-12.256072,3.577781,0.776223
7635,7.635000,9.442600,5.760586,21.419586,-11.976986,4.655348,0.773352
7636,7.636000,9.720584,5.711598,21.419586,-11.699002,5.707781,0.792442
7637,7.637000,9.997355,5.663662,21.419586,-11.422231,6.709384,0.794792
7638,7.638000,10.272800,5.616838,21.419586,-11.146786,7.601620,0.875111
7639,7.639000,10.546810,5.571182,21.419586,-10.872776,8.755480,0.778243
7640,7.640000,10.819275,5.526762,21.419586,-10.600311,10.235932,0.771702
7641,7.641000,11.090086,5.483669,21.419586,-10.329500,11.757153,0.776533
7642,7.642000,11.359136,5.442002,21.419586,-10.060449,13.274278,0.782842
7643,7.643000,11.626320,5.401860,21.419586,-9.793266,14.814906,0.772533
7644,7.644000,11.891531,5.363343,21.419586,-9.528055,16.116297,0.776232
7645,7.645000,12.154666,5.326537,21.419586,-9.264920,17.260000,0.773973
7646,7.646000,12.415622,5.291512,21.419586,-9.003964,18.363407,0.769912
7647,7.647000,12.674298,5.258336,21.419586,-8.745288,19.426863,0.768723
7648,7.648000,12.930594,5.227071,21.419586,-8.488992,21.037575,0.781152
7649,7.649000,13.184412,5.197809,21.419586,-8.235174,23.284060,0.771272
7650,7.650000,13.435656,5.170688,21.419586,-7.983930,25.743889,0.778102
7651,7.651000,13.684229,5.145869,21.419586,-7.735357,28.151386,0.790222
7652,7.652000,13.930040,5.123513,21.419586,-7.489546,30.456476,0.780083
7653,7.653000,14.172996,5.103772,21.419586,-7.246590,32.852669,0.870941
7654,7.654000,14.413007,5.086802,21.419586,-7.006579,35.200222,0.773323
7655,7.655000,14.649987,5.072754,21.419586,-6.769599,37.845711,0.760642
7656,7.656000,14.883851,5.061793,21.419586,-6.535735,40.380695,0.787293
7657,7.657000,15.114514,5.054082,21.419586,-6.305072,43.488297,0.776052
7658,7.658000,15.341894,5.049814,21.419586,-6.077692,46.408516,0.777412
7659,7.659000,15.565914,5.049179,21.419586,-5.853672,50.021961,0.786162
7660,7.660000,15.786497,5.052405,21.419586,-5.633089,53.936737,0.786632
7661,7.661000,16.003570,5.059744,21.419586,-5.416016,57.060169,0.773043
7662,7.662000,16.217063,5.071406,21.419586,-5.202523,59.601490,0.761792
7663,7.663000,16.426905,5.087559,21.419586,-4.992680,61.840672,0.779952
7664,7.664000,16.633032,5.108336,21.419586,-4.786554,63.876434,0.772622
7665,7.665000,16.835383,5.133855,21.419586,-4.584203,65.616837,0.787123
7666,7.666000,17.033898,5.164211,21.419586,-4.385688,67.018311,0.778622
7667,7.667000,17.228517,5.199477,21.419586,-4.191069,68.123993,0.772433
7668,7.668000,17.419192,5.239705,21.419586,-4.000394,69.088264,0.762332
7669,7.669000,17.605870,5.284934,21.419586,-3.813716,69.946190,0.763543
7670,7.670000,17.788504,5.335198,21.419586,-3.631082,70.621071,0.770652
7671,7.671000,17.967052,5.390519,21.419586,-3.452534,71.115486,0.800082
7672,7.672000,18.141471,5.450908,21.419586,-3.278115,71.418785,0.777022
7673,7.673000,18.311727,5.516363,21.419586,-3.107859,71.547661,0.770162
7674,7.674000,18.477782,5.586870,21.419586,-2.941803,71.483345,0.783342
7675,7.675000,18.639608,5.662404,21.419586,-2.779977,71.201256,0.775892
7676,7.676000,18.797177,5.742923,21.419586,-2.622408,71.099609,0.862172
7677,7.677000,18.950464,5.828396,21.419586,-2.469122,71.270973,0.779472
7678,7.678000,19.099449,5.918807,21.419586,-2.320137,71.400154,0.777602
7679,7.679000,19.244113,6.014149,21.419586,-2.175473,71.414116,0.775962
7680,7.680000,19.384442,6.114405,21.419586,-2.035144,71.301292,0.776512
7681,7.681000,19.520426,6.219550,21.419586,-1.899160,71.028343,0.781172
7682,7.682000,19.652056,6.329549,21.419586,-1.767530,70.463402,0.775932
7683,7.683000,19.779326,6.444347,21.419586,-1.640260,69.601631,0.780832
7684,7.684000,19.902237,6.563867,21.419586,-1.517349,68.454124,0.762902
7685,7.685000,20.020789,6.688012,21.419586,-1.398797,67.166962,0.776423
7686,7.686000,20.134986,6.816674,21.419586,-1.284600,66.152542,0.768492
7687,7.687000,20.244840,6.949757,21.419586,-1.174746,65.329185,0.781483
7688,7.688000,20.350356,7.087182,21.419586,-1.069230,64.493988,0.781022
7689,7.689000,20.451553,7.228877,21.419586,-0.968032,63.558220,0.792322
7690,7.690000,20.548447,7.374762,21.419586,-0.871139,62.664654,0.767812
7691,7.691000,20.641057,7.524760,21.419586,-0.778529,61.563728,0.763573
7692,7.692000,20.729406,7.678784,21.419586,-0.690180,60.216290,0.774512
7693,7.693000,20.813521,7.836728,21.419586,-0.606065,58.493397,0.777973
7694,7.694000,20.893431,7.998460,21.419586,-0.526155,56.515503,0.779102
7695,7.695000,20.969166,8.163831,21.419586,-0.450420,54.025345,0.988470
7696,7.696000,21.040761,8.332657,21.419586,-0.378824,51.066261,0.779293
7697,7.697000,21.108254,8.504719,21.419586,-0.311332,47.958393,0.772462
7698,7.698000,21.171684,8.679786,21.419586,-0.247902,44.949223,0.770653
7699,7.699000,21.231093,8.857632,21.419586,-0.188493,42.548676,0.766162
7700,7.700000,21.286525,9.038066,21.419586,-0.133061,41.240795,0.784183
7701,7.701000,21.338028,9.220975,21.419586,-0.081558,39.749573,0.793592
7702,7.702000,21.385652,9.406255,21.419586,-0.033934,37.971504,0.791542
7703,7.703000,21.429444,9.593784,21.419586,0.009858,36.128994,0.775453
7704,7.704000,21.469460,9.783434,21.419586,0.049874,34.661766,0.773762
7705,7.705000,21.505756,9.975093,21.419586,0.086170,33.316078,0.774553
7706,7.706000,21.538389,10.168659,21.419586,0.118803,32.196266,0.775852
7707,7.707000,21.567415,10.364050,21.419586,0.147829,30.988544,0.780812
7708,7.708000,21.592900,10.561178,21.419586,0.173314,29.593534,0.766552
7709,7.709000,21.614904,10.759945,21.419586,0.195318,27.993856,0.769333
7710,7.710000,21.633494,10.960238,21.419586,0.213908,26.203135,0.876641
7711,7.711000,21.648734,11.161927,21.419586,0.229148,24.422556,0.776173
7712,7.712000,21.660693,11.364880,21.419586,0.241107,22.689045,0.780452
7713,7.713000,21.669441,11.568970,21.419586,0.249855,21.121033,0.764032
7714,7.714000,21.675050,11.774078,21.419586,0.255464,19.622812,0.766362
7715,7.715000,21.677593,11.980095,21.419586,0.258007,18.491491,0.852942
7716,7.716000,21.677140,12.186933,21.419586,0.257554,17.476852,0.777972
7717,7.717000,21.673771,12.394520,21.419586,0.254185,16.477758,0.776233
7718,7.718000,21.667561,12.602783,21.419586,0.247975,15.459730,0.782392
7719,7.719000,21.658588,12.811653,21.419586,0.239002,14.480361,0.772463
7720,7.720000,21.646930,13.021057,21.419586,0.227345,13.446112,0.774802
7721,7.721000,21.632669,13.230924,21.419586,0.213083,12.407666,0.770793
7722,7.722000,21.615886,13.441179,21.419586,0.196300,11.520290,0.771542
7723,7.723000,21.596660,13.651754,21.419586,0.177074,10.833669,0.777793
7724,7.724000,21.575077,13.862599,21.419586,0.155491,10.130868,0.785772
7725,7.725000,21.551221,14.073661,21.419586,0.131635,9.307019,0.777032
7726,7.726000,21.525174,14.284885,21.419586,0.105588,8.521022,0.779942
7727,7.727000,21.497027,14.496214,21.419586,0.077441,7.632094,0.769332
7728,7.728000,21.466861,14.707585,21.419586,0.047275,6.684373,0.770233
7729,7.729000,21.434766,14.918929,21.419586,0.015180,5.614011,0.770822
7730,7.730000,21.400829,15.130174,21.419586,-0.018757,4.085385,0.875102
7731,7.731000,21.365139,15.341214,21.419586,-0.054447,2.341744,0.769292
7732,7.732000,21.327783,15.551928,21.419586,-0.091803,0.513513,0.777183
7733,7.733000,21.288853,15.762185,21.419586,-0.130733,-1.260044,0.786202
7734,7.734000,21.248437,15.971854,21.419586,-0.171149,-2.853168,0.931981
7735,7.735000,21.206626,16.180826,21.419586,-0.212960,-4.447492,0.786282
7736,7.736000,21.163508,16.388984,21.419586,-0.256077,-6.071919,0.778083
7737,7.737000,21.119177,16.596222,21.419586,-0.300409,-7.803174,0.769042
7738,7.738000,21.073721,16.802421,21.419586,-0.345865,-9.602738,0.762703
7739,7.739000,21.027229,17.007458,21.419586,-0.392357,-11.331607,0.772732
7740,7.740000,20.979793,17.211218,21.419586,-0.439792,-13.394987,0.770943
7741,7.741000,20.931506,17.413562,21.419586,-0.488080,-15.554556,0.798842
7742,7.742000,20.882453,17.614346,21.419586,-0.537133,-17.388248,0.778532
7743,7.743000,20.832728,17.813441,21.419586,-0.586858,-19.401596,0.771512
7744,7.744000,20.782416,18.010714,21.419586,-0.637170,-21.561571,0.765333
7745,7.745000,20.731610,18.206023,21.419586,-0.687976,-24.205439,0.760262
7746,7.746000,20.680396,18.399196,21.419586,-0.739190,-26.750399,0.770343
7747,7.747000,20.628862,18.590059,21.419586,-0.790724,-29.184834,0.783432
7748,7.748000,20.577096,18.778447,21.419586,-0.842490,-31.752520,0.778673
7749,7.749000,20.525181,18.964189,21.419586,-0.894405,-34.474915,0.874401
7750,7.750000,20.473207,19.147109,21.419586,-0.946379,-37.160809,0.771112
7751,7.751000,20.421253,19.327026,21.419586,-0.998333,-39.969971,0.783462
7752,7.752000,20.369407,19.503755,21.419586,-1.050179,-43.301598,0.767122
7753,7.753000,20.317747,19.677083,21.419586,-1.101839,-46.230801,0.782792
7754,7.754000,20.266355,19.846812,21.419586,-1.153231,-48.814201,0.772072
7755,7.755000,20.215311,20.012767,21.419586,-1.204275,-51.578259,0.773122
7756,7.756000,20.164691,20.174770,21.419586,-1.254895,-54.446014,0.785272
7757,7.757000,20.114572,20.332643,21.419586,-1.305014,-57.051491,0.773373
7758,7.758000,20.065030,20.486217,21.419586,-1.354556,-59.287346,0.770632
7759,7.759000,20.016136,20.635344,21.419586,-1.403450,-61.371296,0.778452
7760,7.760000,19.967959,20.779898,21.419586,-1.451627,-63.279636,0.783282
7761,7.761000,19.920571,20.919763,21.419586,-1.499015,-65.022888,0.774283
7762,7.762000,19.874039,21.054837,21.419586,-1.545547,-66.815948,0.772382
7763,7.763000,19.828427,21.185015,21.419586,-1.591159,-68.948120,0.776223
7764,7.764000,19.783797,21.310171,21.419586,-1.635789,-70.953140,0.780712
7765,7.765000,19.740210,21.430185,21.419586,-1.679376,-72.976250,0.777573
7766,7.766000,19.697724,21.544932,21.419586,-1.721862,-74.924034,0.762642
7767,7.767000,19.656398,21.654292,21.419586,-1.763188,-76.670578,0.773873
7768,7.768000,19.616283,21.758157,21.419586,-1.803303,-78.232811,0.772032
7769,7.769000,19.577431,21.856438,21.419586,-1.842155,-79.415733,0.795512
7770,7.770000,19.539891,21.949066,21.419586,-1.879695,-80.541588,0.779442
7771,7.771000,19.503709,22.035981,21.419586,-1.915877,-81.215401,0.780342
7772,7.772000,19.468932,22.117157,21.419586,-1.950654,-81.440117,0.772803
7773,7.773000,19.435597,22.192589,21.419586,-1.983989,-81.468880,0.762422
7774,7.774000,19.403744,22.262300,21.419586,-2.015842,-81.463142,0.769382
7775,7.775000,19.373412,22.326312,21.419586,-2.046174,-81.471138,0.768992
7776,7.776000,19.344629,22.384644,21.419586,-2.074957,-81.221352,0.778112
7777,7.777000,19.317431,22.437334,21.419586,-2.102155,-80.823006,0.781022
7778,7.778000,19.291845,22.484421,21.419586,-2.127741,-80.518661,0.770003
7779,7.779000,19.267897,22.525950,21.419586,-2.151689,-80.393791,0.779212
7780,7.780000,19.245610,22.561949,21.419586,-2.173976,-80.703209,0.765283
7781,7.781000,19.225003,22.592415,21.419586,-2.194582,-80.863686,0.774472
7782,7.782000,19.206098,22.617348,21.419586,-2.213488,-80.992989,0.797513
7783,7.783000,19.188906,22.636751,21.419586,-2.230680,-80.833969,0.786532
7784,7.784000,19.173441,22.650646,21.419586,-2.246145,-80.554634,0.782452
7785,7.785000,19.159715,22.659062,21.419586,-2.259871,-79.900536,0.776702
7786,7.786000,19.147737,22.662057,21.419586,-2.271849,-78.581017,0.776112
7787,7.787000,19.137507,22.659731,21.419586,-2.282079,-77.139076,0.953981
7788,7.788000,19.129032,22.652201,21.419586,-2.290553,-75.544174,0.781392
7789,7.789000,19.122312,22.639594,21.419586,-2.297274,-73.427330,0.768733
7790,7.790000,19.117343,22.622070,21.419586,-2.302243,-70.809502,0.771382
7791,7.791000,19.114120,22.599822,21.419586,-2.305465,-67.753120,0.946430
7792,7.792000,19.112638,22.573075,21.419586,-2.306948,-64.840096,0.775483
7793,7.793000,19.112886,22.542049,21.419586,-2.306700,-62.291023,0.777032
7794,7.794000,19.114855,22.506940,21.419586,-2.304731,-60.059612,0.783702
7795,7.795000,19.118528,22.467921,21.419586,-2.301058,-58.063705,0.766932
7796,7.796000,19.123891,22.425137,21.419586,-2.295695,-56.408051,0.766263
7797,7.797000,19.130928,22.378710,21.419586,-2.288658,-54.863167,0.759952
7798,7.798000,19.139619,22.328754,21.419586,-2.279967,-53.090313,0.777272
7799,7.799000,19.149943,22.275386,21.419586,-2.269643,-51.256111,0.784412
7800,7.800000,19.161875,22.218739,21.419586,-2.257710,-49.488403,0.783082
7801,7.801000,19.175394,22.158935,21.419586,-2.244192,-47.654152,0.778363
7802,7.802000,19.190472,22.096109,21.419586,-2.229114,-46.109348,0.772242
7803,7.803000,19.207079,22.030376,21.419586,-2.212507,-44.549141,0.756743
7804,7.804000,19.225188,21.961847,21.419586,-2.194398,-43.202431,0.765922
7805,7.805000,19.244767,21.890618,21.419586,-2.174819,-41.635612,0.779733
7806,7.806000,19.265785,21.816802,21.419586,-2.153801,-40.033855,0.779602
7807,7.807000,19.288205,21.740511,21.419586,-2.131381,-38.551994,0.868272
7808,7.808000,19.311994,21.661851,21.419586,-2.107591,-36.982822,0.776772
7809,7.809000,19.337114,21.580937,21.419586,-2.082472,-35.362068,0.772433
7810,7.810000,19.363528,21.497880,21.419586,-2.056058,-33.478668,0.973670
7811,7.811000,19.391197,21.412816,21.419586,-2.028389,-31.382811,0.787712
7812,7.812000,19.420080,21.325886,21.419586,-1.999505,-29.263746,0.771532
7813,7.813000,19.450137,21.237245,21.419586,-1.969449,-27.461382,0.772052
7814,7.814000,19.481322,21.147027,21.419586,-1.938264,-25.454020,0.772742
7815,7.815000,19.513594,21.055371,21.419586,-1.905992,-23.483957,0.767142
7816,7.816000,19.546910,20.962414,21.419586,-1.872676,-21.552805,0.779072
7817,7.817000,19.581223,20.868292,21.419586,-1.838362,-19.748072,0.791082
7818,7.818000,19.616488,20.773134,21.419586,-1.803098,-18.113890,0.788133
7819,7.819000,19.652657,20.677054,21.419586,-1.766929,-16.913609,0.772732
7820,7.820000,19.689683,20.580139,21.419586,-1.729903,-15.602578,0.764423
7821,7.821000,19.727521,20.482474,21.419586,-1.692065,-14.113959,0.769102
7822,7.822000,19.766120,20.384157,21.419586,-1.653466,-12.336349,0.771193
7823,7.823000,19.805431,20.285305,21.419586,-1.614155,-10.441306,0.791532
7824,7.824000,19.845405,20.186047,21.419586,-1.574181,-8.610477,0.783782
7825,7.825000,19.885993,20.086512,21.419586,-1.533593,-6.828615,0.772183
7826,7.826000,19.927147,19.986826,21.419586,-1.492439,-5.146073,0.860901
7827,7.827000,19.968811,19.887102,21.419586,-1.450775,-3.504881,0.763052
7828,7.828000,20.010941,19.787454,21.419586,-1.408645,-1.870777,0.771853
7829,7.829000,20.053482,19.687993,21.419586,-1.366104,-0.301432,0.777952
7830,7.830000,20.096385,19.588824,21.419586,-1.323201,1.286780,0.860802
7831,7.831000,20.139600,19.490052,21.419586,-1.279986,2.630441,0.781092
7832,7.832000,20.183074,19.391771,21.419586,-1.236512,3.918579,0.777433
7833,7.833000,20.226760,19.294064,21.419586,-1.192826,5.122464,0.769302
7834,7.834000,20.270605,19.197012,21.419586,-1.148981,6.274919,0.768163
7835,7.835000,20.314559,19.100687,21.419586,-1.105027,7.516026,0.768332
7836,7.836000,20.358572,19.005169,21.419586,-1.061014,8.670196,0.768363
7837,7.837000,20.402596,18.910535,21.419586,-1.016990,9.808612,0.771432
7838,7.838000,20.446581,18.816857,21.419586,-0.973005,11.109139,0.775153
7839,7.839000,20.490477,18.724217,21.419586,-0.929109,12.649438,0.771882
7840,7.840000,20.534236,18.632717,21.419586,-0.885350,14.733788,0.781113
7841,7.841000,20.577810,18.542490,21.419586,-0.841776,17.467871,0.779382
7842,7.842000,20.621150,18.453715,21.419586,-0.798435,19.927969,0.761613
7843,7.843000,20.664211,18.366565,21.419586,-0.755375,22.490168,0.773352
7844,7.844000,20.706946,18.281216,21.419586,-0.712640,25.759998,0.780793
7845,7.845000,20.749309,18.197886,21.419586,-0.670277,28.838182,0.772932
7846,7.846000,20.791255,18.116785,21.419586,-0.628331,31.450022,0.782822
7847,7.847000,20.832741,18.038092,21.419586,-0.586845,33.655098,0.779642
7848,7.848000,20.873724,17.961961,21.419586,-0.545862,35.911407,0.764243
7849,7.849000,20.914162,17.888535,21.419586,-0.505424,37.742687,0.886591
7850,7.850000,20.954016,17.817930,21.419586,-0.465570,39.475460,0.762522
7851,7.851000,20.993246,17.750253,21.419586,-0.426340,40.983471,0.768132
7852,7.852000,21.031812,17.685593,21.419586,-0.387774,43.478771,0.785962
7853,7.853000,21.069680,17.624099,21.419586,-0.349905,46.011932,0.777563
7854,7.854000,21.106814,17.565930,21.419586,-0.312771,47.946640,0.776422
7855,7.855000,21.143180,17.511220,21.419586,-0.276406,49.776363,0.771583
7856,7.856000,21.178747,17.460083,21.419586,-0.240839,51.496460,0.771462
7857,7.857000,21.213482,17.412628,21.419586,-0.206104,52.832119,0.767543
7858,7.858000,21.247358,17.368935,21.419586,-0.172228,53.957886,0.776152
7859,7.859000,21.280346,17.329071,21.419586,-0.139240,55.050236,0.774183
7860,7.860000,21.312420,17.293091,21.419586,-0.107166,55.931305,0.778902
7861,7.861000,21.343557,17.261042,21.419586,-0.076029,56.598080,0.770603
7862,7.862000,21.373737,17.232960,21.419586,-0.045849,56.909149,0.769702
7863,7.863000,21.402936,17.208851,21.419586,-0.016650,56.799835,0.762493
7864,7.864000,21.431136,17.188695,21.419586,0.011550,56.151230,0.846721
7865,7.865000,21.458322,17.172439,21.419586,0.038736,54.919342,0.776432
7866,7.866000,21.484476,17.159983,21.419586,0.064890,53.403728,0.784872
7867,7.867000,21.509587,17.151208,21.419586,0.090001,52.242661,0.779962
7868,7.868000,21.533643,17.146008,21.419586,0.114057,52.144512,0.826262
7869,7.869000,21.556632,17.144350,21.419586,0.137046,52.830112,0.772562
7870,7.870000,21.578547,17.146261,21.419586,0.158961,53.867275,0.782213
7871,7.871000,21.599382,17.151809,21.419586,0.179796,54.652851,0.769302
7872,7.872000,21.619130,17.161052,21.419586,0.199544,55.329861,0.778543
7873,7.873000,21.637788,17.174034,21.419586,0.218202,55.695538,0.770592
7874,7.874000,21.655357,17.190782,21.419586,0.235771,55.412815,0.801382
7875,7.875000,21.671833,17.211274,21.419586,0.252247,54.357170,0.778153
7876,7.876000,21.687222,17.235434,21.419586,0.267636,52.026840,0.792782
7877,7.877000,21.701524,17.263102,21.419586,0.281938,48.468887,0.767283
7878,7.878000,21.714747,17.294022,21.419586,0.295162,43.414833,0.764412
7879,7.879000,21.726897,17.327842,21.419586,0.307311,40.118652,0.765703
7880,7.880000,21.737979,17.364281,21.419586,0.318393,36.238270,0.769642
7881,7.881000,21.748007,17.403059,21.419586,0.328421,32.665348,0.780673
7882,7.882000,21.756989,17.443916,21.419586,0.337403,29.777712,0.783232
7883,7.883000,21.764939,17.486637,21.419586,0.345353,27.644316,0.768013
7884,7.884000,21.771867,17.531065,21.419586,0.352281,26.059498,0.861611
7885,7.885000,21.777788,17.577091,21.419586,0.358202,24.528318,0.762173
7886,7.886000,21.782718,17.624615,21.419586,0.363132,22.901627,0.763702
7887,7.887000,21.786671,17.673538,21.419586,0.367085,21.126865,0.982780
7888,7.888000,21.789664,17.723743,21.419586,0.370078,19.403721,0.782372
7889,7.889000,21.791715,17.775117,21.419586,0.372129,18.204346,0.776293
7890,7.890000,21.792840,17.827571,21.419586,0.373254,16.997709,0.775302
7891,7.891000,21.793059,17.881024,21.419586,0.373473,15.764537,0.774573
7892,7.892000,21.792391,17.935397,21.419586,0.372805,14.729856,0.774522
7893,7.893000,21.790858,17.990619,21.419586,0.371272,13.949142,0.769523
7894,7.894000,21.788478,18.046635,21.419586,0.368892,13.166293,0.765622
7895,7.895000,21.785273,18.103392,21.419586,0.365687,12.394559,0.789523
7896,7.896000,21.781263,18.160843,21.419586,0.361677,11.671502,0.771972
7897,7.897000,21.776474,18.218935,21.419586,0.356888,11.076737,0.771873
7898,7.898000,21.770927,18.277631,21.419586,0.351342,10.518081,0.772542
7899,7.899000,21.764644,18.336888,21.419586,0.345058,10.026810,0.787022
7900,7.900000,21.757650,18.396677,21.419586,0.338064,9.617289,0.772022
7901,7.901000,21.749969,18.456967,21.419586,0.330383,9.047855,0.765723
7902,7.902000,21.741624,18.517722,21.419586,0.322038,8.430066,0.780782
7903,7.903000,21.732643,18.578900,21.419586,0.313057,7.675627,0.847402
7904,7.904000,21.723050,18.640450,21.419586,0.303464,6.877748,0.790922
7905,7.905000,21.712867,18.702315,21.419586,0.293281,6.190179,0.789983
7906,7.906000,21.702127,18.764444,21.419586,0.282541,5.534214,0.900031
7907,7.907000,21.690850,18.826791,21.419586,0.271264,4.871538,0.778032
7908,7.908000,21.679065,18.889312,21.419586,0.259479,4.161643,0.772963
7909,7.909000,21.666800,18.951955,21.419586,0.247214,3.322961,0.769532
7910,7.910000,21.654080,19.014663,21.419586,0.234494,2.469190,0.782353
7911,7.911000,21.640932,19.077381,21.419586,0.221346,1.863369,0.782822
7912,7.912000,21.627384,19.140060,21.419586,0.207798,1.308422,0.771162
7913,7.913000,21.613464,19.202662,21.419586,0.193878,0.721948,0.778272
7914,7.914000,21.599199,19.265151,21.419586,0.179613,0.160503,0.777512
7915,7.915000,21.584617,19.327487,21.419586,0.165031,-0.410300,0.770732
7916,7.916000,21.569744,19.389635,21.419586,0.150158,-1.011171,0.771192
7917,7.917000,21.554610,19.451552,21.419586,0.135024,-1.669205,0.778272
7918,7.918000,21.539241,19.513196,21.419586,0.119655,-2.380851,0.777172
7919,7.919000,21.523664,19.574521,21.419586,0.104078,-3.098419,0.778052
7920,7.920000,21.507909,19.635476,21.419586,0.088323,-3.838495,0.772752
7921,7.921000,21.492001,19.696012,21.419586,0.072415,-4.599602,0.775423
7922,7.922000,21.475969,19.756078,21.419586,0.056383,-5.356772,0.775932
7923,7.923000,21.459840,19.815622,21.419586,0.040254,-6.136251,0.770653
7924,7.924000,21.443640,19.874592,21.419586,0.024054,-6.878922,0.763392
7925,7.925000,21.427400,19.932939,21.419586,0.007814,-7.629955,0.769803
7926,7.926000,21.411140,19.990613,21.419586,-0.008446,-8.398663,0.781702
7927,7.927000,21.394893,20.047565,21.419586,-0.024693,-9.199944,0.775503
7928,7.928000,21.378682,20.103740,21.419586,-0.040904,-10.163743,0.786802
7929,7.929000,21.362532,20.159078,21.419586,-0.057054,-11.349174,0.784722
7930,7.930000,21.346470,20.213499,21.419586,-0.073115,-12.829171,0.765252
7931,7.931000,21.330524,20.266910,21.419586,-0.089062,-14.355433,0.760743
7932,7.932000,21.314714,20.319205,21.419586,-0.104872,-15.827418,0.775062
7933,7.933000,21.299066,20.370281,21.419586,-0.120520,-17.281523,0.771032
7934,7.934000,21.283605,20.420039,21.419586,-0.135981,-18.581312,0.784492
7935,7.935000,21.268354,20.468393,21.419586,-0.151232,-19.713924,0.782542
7936,7.936000,21.253336,20.515267,21.419586,-0.166250,-20.674559,0.773622
7937,7.937000,21.238572,20.560599,21.419586,-0.181014,-21.616365,0.762222
7938,7.938000,21.224084,20.604329,21.419586,-0.195502,-22.362200,0.768752
7939,7.939000,21.209894,20.646415,21.419586,-0.209692,-22.954458,0.777642
7940,7.940000,21.196020,20.686819,21.419586,-0.223566,-23.469687,0.786422
7941,7.941000,21.182483,20.725516,21.419586,-0.237103,-23.904182,0.864691
7942,7.942000,21.169300,20.762482,21.419586,-0.250285,-24.159348,0.788603
7943,7.943000,21.156492,20.797707,21.419586,-0.263094,-24.324875,0.781512
7944,7.944000,21.144073,20.831186,21.419586,-0.275513,-24.425432,0.781622
7945,7.945000,21.132062,20.862917,21.419586,-0.287524,-24.511564,0.895251
7946,7.946000,21.120473,20.892907,21.419586,-0.299113,-24.524418,0.774862
7947,7.947000,21.109321,20.921156,21.419586,-0.310265,-24.600874,0.766483
7948,7.948000,21.098620,20.947671,21.419586,-0.320966,-24.673725,0.774052
7949,7.949000,21.088383,20.972449,21.419586,-0.331203,-24.806576,0.775343
7950,7.950000,21.078625,20.995491,21.419586,-0.340961,-24.946413,0.774782
7951,7.951000,21.069353,21.016787,21.419586,-0.350233,-25.067778,0.795102
7952,7.952000,21.060583,21.036337,21.419586,-0.359003,-25.083138,0.785152
7953,7.953000,21.052322,21.054142,21.419586,-0.367264,-25.074850,0.770232
7954,7.954000,21.044578,21.070206,21.419586,-0.375008,-24.996136,0.766693
7955,7.955000,21.037363,21.084541,21.419586,-0.382223,-24.835682,0.770942
7956,7.956000,21.030684,21.097162,21.419586,-0.388902,-24.656832,0.775743
7957,7.957000,21.024545,21.108085,21.419586,-0.395041,-24.437922,0.779572
7958,7.958000,21.018956,21.117331,21.419586,-0.400630,-24.050644,0.787032
7959,7.959000,21.013919,21.124930,21.419586,-0.405667,-23.591249,0.772282
7960,7.960000,21.009440,21.130920,21.419586,-0.410146,-23.205494,1.150729
7961,7.961000,21.005523,21.135332,21.419586,-0.414063,-22.917828,0.944160
7962,7.962000,21.002171,21.138194,21.419586,-0.417415,-22.952864,0.781022
7963,7.963000,20.999384,21.139509,21.419586,-0.420202,-23.068295,0.862271
7964,7.964000,20.997166,21.139277,21.419586,-0.422420,-23.096474,0.891181
7965,7.965000,20.995517,21.137491,21.419586,-0.424069,-23.320715,1.042580
7966,7.966000,20.994436,21.134142,21.419586,-0.425150,-23.516365,0.772392
7967,7.967000,20.993922,21.129221,21.419586,-0.425664,-23.605875,0.766063
7968,7.968000,20.993975,21.122719,21.419586,-0.425611,-23.545347,0.777092
7969,7.969000,20.994591,21.114642,21.419586,-0.424995,-23.360254,0.787332
7970,7.970000,20.995769,21.105008,21.419586,-0.423817,-23.154278,0.786152
7971,7.971000,20.997502,21.093834,21.419586,-0.422083,-22.912264,0.781412
7972,7.972000,20.999789,21.081143,21.419586,-0.419797,-22.856409,0.782013
7973,7.973000,21.002622,21.066947,21.419586,-0.416964,-23.013592,0.818482
7974,7.974000,21.005996,21.051241,21.419586,-0.413590,-22.976492,0.791652
7975,7.975000,21.009903,21.034029,21.419586,-0.409683,-22.843906,0.769013
7976,7.976000,21.014335,21.015321,21.419586,-0.405250,-22.600859,0.779092
7977,7.977000,21.019286,20.995137,21.419586,-0.400300,-22.243919,0.789852
7978,7.978000,21.024745,20.973505,21.419586,-0.394841,-21.796759,0.799162
7979,7.979000,21.030704,20.950460,21.419586,-0.388882,-21.292444,0.881451
7980,7.980000,21.037152,20.926040,21.419586,-0.382434,-20.729826,0.779722
7981,7.981000,21.044076,20.900290,21.419586,-0.375510,-20.107302,0.772932
7982,7.982000,21.051466,20.873256,21.419586,-0.368120,-19.390247,1.025830
7983,7.983000,21.059311,20.844993,21.419586,-0.360275,-18.729670,0.847392
7984,7.984000,21.067596,20.815550,21.419586,-0.351990,-18.100718,0.784902
7985,7.985000,21.076307,20.784974,21.419586,-0.343278,-17.449942,0.778193
7986,7.986000,21.085431,20.753313,21.419586,-0.334155,-16.791100,0.782472
7987,7.987000,21.094954,20.720615,21.419586,-0.324632,-16.233828,0.785052
7988,7.988000,21.104861,20.686922,21.419586,-0.314725,-15.790460,0.777042
7989,7.989000,21.115135,20.652267,21.419586,-0.304451,-15.337149,0.811382
7990,7.990000,21.125760,20.616682,21.419586,-0.293826,-14.862954,0.796782
7991,7.991000,21.136720,20.580198,21.419586,-0.282865,-14.305198,0.792133
7992,7.992000,21.147999,20.542858,21.419586,-0.271587,-13.669634,0.776712
7993,7.993000,21.159578,20.504703,21.419586,-0.260008,-13.006822,0.769473
7994,7.994000,21.171438,20.465779,21.419586,-0.248148,-12.309005,0.779712
7995,7.995000,21.183564,20.426137,21.419586,-0.236022,-11.565959,0.815222
7996,7.996000,21.195937,20.385830,21.419586,-0.223649,-10.834361,0.857332
7997,7.997000,21.208535,20.344910,21.419586,-0.211051,-10.138201,1.062519
7998,7.998000,21.221343,20.303425,21.419586,-0.198243,-9.453785,0.894971
7999,7.999000,21.234338,20.261427,21.419586,-0.185248,-8.784598,0.813591
8000,8.000000,21.247503,20.218960,-28.575744,49.823247,-105.158058,1.160419
8001,8.001000,21.260816,20.170510,-28.575744,49.836561,-110.014519,0.903581
8002,8.002000,21.274257,20.114368,-28.575744,49.850001,-110.112740,0.824622
8003,8.003000,21.287797,20.050254,-28.575744,49.863542,-110.132675,0.809082
8004,8.004000,21.301413,19.978274,-28.575744,49.877158,-110.097878,0.805592
8005,8.005000,21.315072,19.898604,-28.575744,49.890816,-110.042427,0.816662
8006,8.006000,21.328741,19.811399,-28.575744,49.904485,-109.960960,0.816852
8007,8.007000,21.342383,19.716784,-28.575744,49.918127,-109.835121,0.824522
8008,8.008000,21.355958,19.614852,-28.575744,49.931702,-109.637428,0.809442
8009,8.009000,21.369425,19.505680,-28.575744,49.945169,-109.278008,0.809372
8010,8.010000,21.382740,19.389338,-28.575744,49.958485,-108.705101,0.802672
8011,8.011000,21.395858,19.265903,-28.575744,49.971602,-107.812767,0.818612
8012,8.012000,21.408728,19.135461,-28.575744,49.984472,-106.412987,0.810462
8013,8.013000,21.421297,18.998132,-28.575744,49.997041,-104.040901,0.811832
8014,8.014000,21.433511,18.854090,-28.575744,50.009255,-100.438026,0.812252
8015,8.015000,21.445315,18.703597,-28.575744,50.021059,-95.003052,1.044850
8016,8.016000,21.456652,18.547030,-28.575744,50.032396,-87.250961,0.901221
8017,8.017000,21.467457,18.384931,-28.575744,50.043201,-76.922310,0.811802
8018,8.018000,21.477668,18.218020,-28.575744,50.053412,-65.534325,1.013610
8019,8.019000,21.487224,18.047112,-28.575744,50.062968,-58.434978,0.932621
8020,8.020000,21.496057,17.872785,-28.575744,50.071801,-54.985199,0.809202
8021,8.021000,21.504101,17.695338,-28.575744,50.079845,-51.838306,0.815932
8022,8.022000,21.511290,17.514973,-28.575744,50.087034,-48.735123,0.817522
8023,8.023000,21.517555,17.331871,-28.575744,50.093299,-45.948280,0.810712
8024,8.024000,21.522826,17.146200,-28.575744,50.098570,-43.523247,0.816542
8025,8.025000,21.527035,16.958103,-28.575744,50.102779,-41.813766,0.815122
8026,8.026000,21.530114,16.767688,-28.575744,50.105858,-40.331520,0.808032
8027,8.027000,21.531989,16.575037,-28.575744,50.107733,-38.926014,0.798522
8028,8.028000,21.532593,16.380235,-28.575744,50.108337,-37.548458,0.809713
8029,8.029000,21.531852,16.183358,-28.575744,50.107596,-36.206390,0.820031
8030,8.030000,21.529695,15.984492,-28.575744,50.105440,-34.873196,0.815842
8031,8.031000,21.526053,15.783719,-28.575744,50.101797,-33.676884,0.821981
8032,8.032000,21.520852,15.581115,-28.575744,50.096596,-32.690636,0.809902
8033,8.033000,21.514020,15.376745,-28.575744,50.089764,-31.710407,1.069829
8034,8.034000,21.505486,15.170671,-28.575744,50.081230,-30.697657,0.817422
8035,8.035000,21.495179,14.962959,-28.575744,50.070923,-29.664198,0.821112
8036,8.036000,21.483023,14.753673,-28.575744,50.058767,-28.627085,1.013740
8037,8.037000,21.468951,14.542881,-28.575744,50.044695,-27.536076,0.892871
8038,8.038000,21.452887,14.330657,-28.575744,50.028631,-26.453176,0.809962
8039,8.039000,21.434763,14.117068,-28.575744,50.010507,-25.468117,0.820242
8040,8.040000,21.414504,13.902182,-28.575744,49.990248,-24.751513,0.807872
8041,8.041000,21.392040,13.686049,-28.575744,49.967784,-23.943056,0.792972
8042,8.042000,21.367301,13.468717,-28.575744,49.943045,-23.129021,0.796882
8043,8.043000,21.340216,13.250238,-28.575744,49.915960,-22.486858,0.810142
8044,8.044000,21.310714,13.030654,-28.575744,49.886459,-21.847723,0.804792
8045,8.045000,21.278727,12.810002,-28.575744,49.854471,-21.208941,0.805653
8046,8.046000,21.244183,12.588321,-28.575744,49.819927,-20.616335,0.815922
8047,8.047000,21.207017,12.365649,-28.575744,49.782761,-20.004782,0.803952
8048,8.048000,21.167156,12.142021,-28.575744,49.742900,-19.416002,0.801122
8049,8.049000,21.124534,11.917473,-28.575744,49.700278,-18.974602,0.804522
8050,8.050000,21.079086,11.692033,-28.575744,49.654830,-18.568783,0.802932
8051,8.051000,21.030743,11.465722,-28.575744,49.606487,-18.152407,1.098109
8052,8.052000,20.979440,11.238565,-28.575744,49.555184,-17.719263,0.807312
8053,8.053000,20.925113,11.010584,-28.575744,49.500857,-17.284433,0.791232
8054,8.054000,20.867695,10.781805,-28.575744,49.443439,-16.911873,0.996710
8055,8.055000,20.807123,10.552246,-28.575744,49.382867,-16.622435,0.942931
8056,8.056000,20.743337,10.321924,-28.575744,49.319082,-16.342260,0.812362
8057,8.057000,20.676272,10.090854,-28.575744,49.252016,-16.058956,0.800062
8058,8.058000,20.605866,9.859047,-28.575744,49.181610,-15.776614,0.802682
8059,8.059000,20.532063,9.626516,-28.575744,49.107807,-15.496394,0.799142
8060,8.060000,20.454800,9.393277,-28.575744,49.030544,-15.218705,0.806802
8061,8.061000,20.374019,9.159340,-28.575744,48.949763,-14.942275,0.818201
8062,8.062000,20.289663,8.924720,-28.575744,48.865407,-14.652906,0.832121
8063,8.063000,20.201674,8.689430,-28.575744,48.777419,-14.372717,0.803312
8064,8.064000,20.109998,8.453484,-28.575744,48.685742,-14.118307,0.803972
8065,8.065000,20.014580,8.216893,-28.575744,48.590324,-13.857412,0.800312
8066,8.066000,19.915367,7.979668,-28.575744,48.491111,-13.589671,0.790352
8067,8.067000,19.812304,7.741822,-28.575744,48.388048,-13.329244,0.800322
8068,8.068000,19.705343,7.503367,-28.575744,48.281088,-13.071436,0.803291
8069,8.069000,19.594431,7.264313,-28.575744,48.170175,-12.804797,1.144108
8070,8.070000,19.479520,7.024671,-28.575744,48.055264,-12.531079,0.951880
8071,8.071000,19.360561,6.784454,-28.575744,47.936305,-12.237202,0.789242
8072,8.072000,19.237508,6.543675,-28.575744,47.813252,-11.936872,1.148599
8073,8.073000,19.110316,6.302347,-28.575744,47.686060,-11.596770,0.798532
8074,8.074000,18.978939,6.060487,-28.575744,47.554683,-11.242219,0.802962
8075,8.075000,18.843332,5.818111,-28.575744,47.419077,-10.877854,0.795742
8076,8.076000,18.703459,5.575238,-28.575744,47.279203,-10.507894,0.799302
8077,8.077000,18.559273,5.331886,-28.575744,47.135018,-10.131791,0.795362
8078,8.078000,18.410737,5.088073,-28.575744,46.986482,-9.748509,0.817642
8079,8.079000,18.257813,4.843818,-28.575744,46.833557,-9.353451,0.787792
8080,8.080000,18.100464,4.599140,-28.575744,46.676208,-8.956161,0.792942
8081,8.081000,17.938653,4.354059,-28.575744,46.514398,-8.561545,0.786732
8082,8.082000,17.772349,4.108595,-28.575744,46.348093,-8.163343,0.791762
8083,8.083000,17.601515,3.862765,-28.575744,46.177259,-7.724965,0.815241
8084,8.084000,17.426125,3.616591,-28.575744,46.001869,-6.974850,0.800042
8085,8.085000,17.246144,3.370114,-28.575744,45.821888,-6.212802,0.810822
8086,8.086000,17.061544,3.123377,-28.575744,45.637289,-5.514943,0.809682
8087,8.087000,16.872302,2.876423,-28.575744,45.448046,-4.838985,1.025010
8088,8.088000,16.678390,2.629291,-28.575744,45.254134,-4.189560,0.806772
8089,8.089000,16.479783,2.382017,-28.575744,45.055527,-3.510224,0.816392
8090,8.090000,16.276460,2.134639,-28.575744,44.852204,-2.769029,1.037950
8091,8.091000,16.068399,1.887196,-28.575744,44.644143,-2.011302,0.886651
8092,8.092000,15.855582,1.639732,-28.575744,44.431327,-1.162550,0.796272
8093,8.093000,15.637990,1.392294,-28.575744,44.213734,-0.252170,0.793052
8094,8.094000,15.415607,1.144935,-28.575744,43.991351,0.732738,0.797482
8095,8.095000,15.188420,0.897712,-28.575744,43.764164,1.849337,0.787652
8096,8.096000,14.956414,0.650691,-28.575744,43.532158,3.177568,0.790562
8097,8.097000,14.719578,0.403952,-28.575744,43.295323,4.772681,0.797802
8098,8.098000,14.477906,0.157592,-28.575744,43.053650,6.539967,0.792532
8099,8.099000,14.231386,-0.088276,-28.575744,42.807130,8.354287,0.807162
8100,8.100000,13.980015,-0.333536,-28.575744,42.555759,12.948220,0.805192
8101,8.101000,13.723788,-0.577914,-28.575744,42.299532,19.802221,0.808841
8102,8.102000,13.462703,-0.820963,-28.575744,42.038447,30.244574,0.786612
8103,8.103000,13.196761,-1.061996,-28.575744,41.772505,38.885712,0.815052
8104,8.104000,12.925964,-1.300374,-28.575744,41.501708,51.210846,0.782882
8105,8.105000,12.650317,-1.535276,-28.575744,41.226061,61.603149,0.789142
8106,8.106000,12.369829,-1.765953,-28.575744,40.945573,67.704277,0.805792
8107,8.107000,12.084509,-1.991934,-28.575744,40.660254,70.790207,0.795722
8108,8.108000,11.794374,-2.213002,-28.575744,40.370118,72.614273,0.795802
8109,8.109000,11.499441,-2.429074,-28.575744,40.075185,73.834251,0.787273
8110,8.110000,11.199731,-2.640128,-28.575744,39.775475,75.144287,0.797422
8111,8.111000,10.895269,-2.846139,-28.575744,39.471013,76.117096,0.778892
8112,8.112000,10.586084,-3.047095,-28.575744,39.161828,77.222672,0.800042
8113,8.113000,10.272207,-3.242968,-28.575744,38.847951,78.168724,0.802952
8114,8.114000,9.953673,-3.433731,-28.575744,38.529417,79.091476,0.787762
8115,8.115000,9.630521,-3.619355,-28.575744,38.206265,79.895287,0.792632
8116,8.116000,9.302793,-3.799814,-28.575744,37.878537,80.598228,0.798993
8117,8.117000,8.970534,-3.975086,-28.575744,37.546278,81.220039,0.798122
8118,8.118000,8.633793,-4.145153,-28.575744,37.209537,81.713631,0.801972
8119,8.119000,8.292622,-4.310006,-28.575744,36.868366,82.073830,0.783562
8120,8.120000,7.947078,-4.469642,-28.575744,36.522822,82.357071,0.777143
8121,8.121000,7.597218,-4.624065,-28.575744,36.172962,82.563782,0.782802
8122,8.122000,7.243105,-4.773282,-28.575744,35.818849,82.693398,0.785532
8123,8.123000,6.884805,-4.917308,-28.575744,35.460550,82.741447,0.809242
8124,8.124000,6.522388,-5.056158,-28.575744,35.098132,82.724831,0.795082
8125,8.125000,6.155924,-5.189854,-28.575744,34.731668,82.616402,0.799542
8126,8.126000,5.785489,-5.318426,-28.575744,34.361233,82.269226,0.788202
8127,8.127000,5.411163,-5.441914,-28.575744,33.986907,81.816124,0.781082
8128,8.128000,5.033026,-5.560367,-28.575744,33.608771,81.293182,0.885191
8129,8.129000,4.651165,-5.673844,-28.575744,33.226909,80.628929,0.793712
8130,8.130000,4.265667,-5.782408,-28.575744,32.841411,79.904884,0.792772
8131,8.131000,3.876622,-5.886127,-28.575744,32.452366,79.189941,0.788132
8132,8.132000,3.484125,-5.985070,-28.575744,32.059869,78.462074,0.788932
8133,8.133000,3.088273,-6.079304,-28.575744,31.664017,77.712776,0.793682
8134,8.134000,2.689165,-6.168899,-28.575744,31.264909,77.019234,0.798772
8135,8.135000,2.286905,-6.253918,-28.575744,30.862649,76.362236,0.801182
8136,8.136000,1.881596,-6.334422,-28.575744,30.457340,75.646408,0.776392
8137,8.137000,1.473348,-6.410474,-28.575744,30.049092,74.855431,0.776793
8138,8.138000,1.062270,-6.482141,-28.575744,29.638014,73.978455,0.783142
8139,8.139000,0.648476,-6.549497,-28.575744,29.224220,73.074730,0.785342
8140,8.140000,0.232081,-6.612617,-28.575744,28.807825,72.427513,0.785512
8141,8.141000,-0.186797,-6.671562,-28.575744,28.388947,71.888885,0.791862
8142,8.142000,-0.608038,-6.726384,-28.575744,27.967706,71.432121,0.784253
8143,8.143000,-1.031518,-6.777125,-28.575744,27.544226,70.928726,0.782102
8144,8.144000,-1.457114,-6.823828,-28.575744,27.118631,70.366699,0.767262
8145,8.145000,-1.884697,-6.866543,-28.575744,26.691047,69.786079,0.782262
8146,8.146000,-2.314140,-6.905318,-28.575744,26.261605,69.210228,0.790112
8147,8.147000,-2.745310,-6.940205,-28.575744,25.830435,68.605461,0.793542
8148,8.148000,-3.178074,-6.971255,-28.575744,25.397670,68.071571,0.793512
8149,8.149000,-3.612298,-6.998515,-28.575744,24.963447,67.556496,0.787192
8150,8.150000,-4.047843,-7.022032,-28.575744,24.527901,67.001495,0.779853
8151,8.151000,-4.484572,-7.041851,-28.575744,24.091172,66.371185,0.775022
8152,8.152000,-4.922344,-7.058025,-28.575744,23.653400,65.651718,0.782192
8153,8.153000,-5.361016,-7.070611,-28.575744,23.214728,64.826828,0.790303
8154,8.154000,-5.800445,-7.079674,-28.575744,22.775299,63.875607,0.791792
8155,8.155000,-6.240485,-7.085286,-28.575744,22.335259,62.926388,0.785502
8156,8.156000,-6.680988,-7.087523,-28.575744,21.894756,61.913399,0.789293
8157,8.157000,-7.121808,-7.086463,-28.575744,21.453936,60.774033,0.786612
8158,8.158000,-7.562794,-7.082189,-28.575744,21.012951,59.535347,0.796332
8159,8.159000,-8.003794,-7.074794,-28.575744,20.571950,58.159897,0.776102
8160,8.160000,-8.444658,-7.064379,-28.575744,20.131086,56.758652,0.778022
8161,8.161000,-8.885233,-7.051046,-28.575744,19.690512,55.212910,0.786192
8162,8.162000,-9.325362,-7.034907,-28.575744,19.250382,53.832558,0.789632
8163,8.163000,-9.764893,-7.016064,-28.575744,18.810851,52.517166,0.787242
8164,8.164000,-10.203670,-6.994614,-28.575744,18.372074,51.010445,0.795162
8165,8.165000,-10.641535,-6.970658,-28.575744,17.934209,49.290737,0.783132
8166,8.166000,-11.078333,-6.944317,-28.575744,17.497411,47.242790,0.825252
8167,8.167000,-11.513904,-6.915730,-28.575744,17.061840,44.922894,0.771392
8168,8.168000,-11.948093,-6.885058,-28.575744,16.627652,43.520943,0.775313
8169,8.169000,-12.380738,-6.852410,-28.575744,16.195006,42.189339,0.779402
8170,8.170000,-12.811683,-6.817880,-28.575744,15.764061,40.507751,0.794692
8171,8.171000,-13.240768,-6.781575,-28.575744,15.334976,38.389938,0.783572
8172,8.172000,-13.667836,-6.743633,-28.575744,14.907908,35.970261,0.778642
8173,8.173000,-14.092727,-6.704215,-28.575744,14.483017,33.233089,0.778953
8174,8.174000,-14.515282,-6.663507,-28.575744,14.060462,29.469000,0.771222
8175,8.175000,-14.935346,-6.621756,-28.575744,13.640398,24.697336,0.773713
8176,8.176000,-15.352757,-6.579283,-28.575744,13.222987,20.831659,0.785192
8177,8.177000,-15.767362,-6.536370,-28.575744,12.808382,17.506193,0.778572
8178,8.178000,-16.179002,-6.493255,-28.575744,12.396742,14.166717,0.784442
8179,8.179000,-16.587523,-6.450162,-28.575744,11.988222,9.695936,0.779752
8180,8.180000,-16.992768,-6.407374,-28.575744,11.582976,5.560584,0.785603
8181,8.181000,-17.394588,-6.365170,-28.575744,11.181156,-0.311889,0.891391
8182,8.182000,-17.792827,-6.323927,-28.575744,10.782917,-6.589717,0.805302
8183,8.183000,-18.187339,-6.284068,-28.575744,10.388405,-12.090800,0.808612
8184,8.184000,-18.577973,-6.245977,-28.575744,9.997771,-17.894949,0.812452
8185,8.185000,-18.964582,-6.210042,-28.575744,9.611162,-22.830553,0.817282
8186,8.186000,-19.347023,-6.176599,-28.575744,9.228721,-27.657812,0.824682
8187,8.187000,-19.725153,-6.145963,-28.575744,8.850592,-31.937201,0.825282
8188,8.188000,-20.098834,-6.118411,-28.575744,8.476910,-35.987617,0.822032
8189,8.189000,-20.467925,-6.094196,-28.575744,8.107819,-39.354622,0.821162
8190,8.190000,-20.832297,-6.073528,-28.575744,7.743447,-42.062492,0.822652
8191,8.191000,-21.191814,-6.056571,-28.575744,7.383930,-43.736267,0.839162
8192,8.192000,-21.546351,-6.043417,-28.575744,7.029393,-45.441399,0.821302
8193,8.193000,-21.895780,-6.034146,-28.575744,6.679964,-47.266415,0.828262
8194,8.194000,-22.239979,-6.028846,-28.575744,6.335765,-49.557072,1.049189
8195,8.195000,-22.578831,-6.027635,-28.575744,5.996913,-51.860451,1.417935
8196,8.196000,-22.912218,-6.030646,-28.575744,5.663526,-54.025761,0.820761
8197,8.197000,-23.240029,-6.038003,-28.575744,5.335715,-56.090504,0.839851
8198,8.198000,-23.562157,-6.049828,-28.575744,5.013588,-57.945637,0.840812
8199,8.199000,-23.878492,-6.066225,-28.575744,4.697253,-59.385559,1.049820
8200,8.200000,-24.188934,-6.087273,-28.575744,4.386810,-60.602810,0.831902
8201,8.201000,-24.493386,-6.113032,-28.575744,4.082358,-61.724625,0.822671
8202,8.202000,-24.791753,-6.143550,-28.575744,3.783991,-62.957893,1.049119
8203,8.203000,-25.083945,-6.178883,-28.575744,3.491799,-64.177582,0.986041
8204,8.204000,-25.369874,-6.219088,-28.575744,3.205871,-65.446144,0.827261
8205,8.205000,-25.649459,-6.264225,-28.575744,2.926285,-66.590668,0.822021
8206,8.206000,-25.922619,-6.314349,-28.575744,2.653126,-67.606789,0.822531
8207,8.207000,-26.189279,-6.369507,-28.575744,2.386465,-68.557701,0.820891
8208,8.208000,-26.449371,-6.429739,-28.575744,2.126373,-69.468407,0.834421
8209,8.209000,-26.702826,-6.495082,-28.575744,1.872918,-70.366280,0.813272
8210,8.210000,-26.949582,-6.565572,-28.575744,1.626162,-71.718224,0.804703
8211,8.211000,-27.189579,-6.641270,-28.575744,1.386165,-72.912704,0.812642
8212,8.212000,-27.422766,-6.722238,-28.575744,1.152979,-73.911949,0.824352
8213,8.213000,-27.649089,-6.808521,-28.575744,0.926655,-74.745956,0.819821
8214,8.214000,-27.868504,-6.900154,-28.575744,0.707240,-75.447945,0.812172
8215,8.215000,-28.080969,-6.997161,-28.575744,0.494775,-76.029022,0.839451
8216,8.216000,-28.286448,-7.099556,-28.575744,0.289296,-76.500648,1.141779
8217,8.217000,-28.484906,-7.207345,-28.575744,0.090838,-76.861061,0.892341
8218,8.218000,-28.676314,-7.320524,-28.575744,-0.100569,-77.137596,0.818892
8219,8.219000,-28.860654,-7.439088,-28.575744,-0.284909,-77.303810,0.838112
8220,8.220000,-29.037897,-7.563020,-28.575744,-0.462153,-77.545860,0.904871
8221,8.221000,-29.208034,-7.692308,-28.575744,-0.632289,-78.093124,0.815912
8222,8.222000,-29.371050,-7.826961,-28.575744,-0.795306,-78.871284,0.808082
8223,8.223000,-29.526939,-7.967002,-28.575744,-0.951194,-79.623039,0.808892
8224,8.224000,-29.675703,-8.112464,-28.575744,-1.099959,-80.337303,0.812031
8225,8.225000,-29.817338,-8.263370,-28.575744,-1.241593,-81.117645,0.799872
8226,8.226000,-29.951855,-8.419753,-28.575744,-1.376111,-82.309135,0.801822
8227,8.227000,-30.079262,-8.581662,-28.575744,-1.503518,-83.632271,0.817292
8228,8.228000,-30.199576,-8.749168,-28.575744,-1.623831,-85.019821,0.803632
8229,8.229000,-30.312813,-8.922340,-28.575744,-1.737069,-86.651428,0.810312
8230,8.230000,-30.419006,-9.101267,-28.575744,-1.843261,-87.952141,0.812362
8231,8.231000,-30.518173,-9.286019,-28.575744,-1.942429,-89.161346,0.811952
8232,8.232000,-30.610357,-9.476656,-28.575744,-2.034613,-90.164482,0.808152
8233,8.233000,-30.695587,-9.673223,-28.575744,-2.119843,-91.102234,0.822772
8234,8.234000,-30.773912,-9.875757,-28.575744,-2.198168,-91.833778,1.131319
8235,8.235000,-30.845377,-10.084282,-28.575744,-2.269633,-92.357887,0.928671
8236,8.236000,-30.910031,-10.298806,-28.575744,-2.334287,-92.579292,0.810072
8237,8.237000,-30.967931,-10.519319,-28.575744,-2.392187,-92.493973,0.832492
8238,8.238000,-31.019140,-10.745788,-28.575744,-2.443396,-92.101524,0.944071
8239,8.239000,-31.063717,-10.978157,-28.575744,-2.487973,-91.391823,0.808282
8240,8.240000,-31.101741,-11.216350,-28.575744,-2.525997,-90.396523,0.832442
8241,8.241000,-31.133276,-11.460270,-28.575744,-2.557532,-88.987701,0.797432
8242,8.242000,-31.158404,-11.709793,-28.575744,-2.582660,-87.041405,0.807822
8243,8.243000,-31.177204,-11.964763,-28.575744,-2.601460,-84.843582,0.802522
8244,8.244000,-31.189769,-12.224995,-28.575744,-2.614024,-82.631828,0.809622
8245,8.245000,-31.196186,-12.490311,-28.575744,-2.620441,-80.657494,0.813441
8246,8.246000,-31.196544,-12.760543,-28.575744,-2.620800,-78.690086,0.825711
8247,8.247000,-31.190950,-13.035530,-28.575744,-2.615206,-76.803551,0.809481
8248,8.248000,-31.179499,-13.315121,-28.575744,-2.603755,-75.226257,0.806032
8249,8.249000,-31.162301,-13.599183,-28.575744,-2.586557,-73.396950,0.811342
8250,8.250000,-31.139461,-13.887579,-28.575744,-2.563717,-71.640236,0.794892
8251,8.251000,-31.111095,-14.180171,-28.575744,-2.535351,-69.522987,0.797702
8252,8.252000,-31.077320,-14.476799,-28.575744,-2.501576,-67.502068,1.121859
8253,8.253000,-31.038251,-14.777309,-28.575744,-2.462507,-65.376640,0.911691
8254,8.254000,-30.994015,-15.081536,-28.575744,-2.418271,-63.223572,0.792512
8255,8.255000,-30.944736,-15.389318,-28.575744,-2.368991,-60.835403,0.827811
8256,8.256000,-30.890541,-15.700479,-28.575744,-2.314797,-58.192451,0.928981
8257,8.257000,-30.831563,-16.014821,-28.575744,-2.255819,-55.383949,0.808582
8258,8.258000,-30.767939,-16.332142,-28.575744,-2.192195,-51.959389,0.806872
8259,8.259000,-30.699802,-16.652194,-28.575744,-2.124057,-48.692863,0.806172
8260,8.260000,-30.627292,-16.974736,-28.575744,-2.051548,-45.006958,0.813302
8261,8.261000,-30.550555,-17.299501,-28.575744,-1.974811,-41.496967,0.814332
8262,8.262000,-30.469733,-17.626235,-28.575744,-1.893989,-37.587006,0.831752
8263,8.263000,-30.384974,-17.954662,-28.575744,-1.809230,-34.094189,0.812952
8264,8.264000,-30.296424,-18.284521,-28.575744,-1.720680,-30.916025,0.810022
8265,8.265000,-30.204234,-18.615585,-28.575744,-1.628490,-28.017313,0.796802
8266,8.266000,-30.108553,-18.947647,-28.575744,-1.532809,-24.971899,0.805482
8267,8.267000,-30.009539,-19.280497,-28.575744,-1.433795,-21.809536,0.806372
8268,8.268000,-29.907346,-19.613920,-28.575744,-1.331602,-19.403715,0.812182
8269,8.269000,-29.802130,-19.947740,-28.575744,-1.226386,-16.904116,0.860541
8270,8.270000,-29.694046,-20.281786,-28.575744,-1.118302,-14.297806,1.106219
8271,8.271000,-29.583257,-20.615883,-28.575744,-1.007513,-11.387273,0.903201
8272,8.272000,-29.469917,-20.949835,-28.575744,-0.894173,-8.149190,0.799502
8273,8.273000,-29.354189,-21.283426,-28.575744,-0.778445,-5.303687,0.827702
8274,8.274000,-29.236235,-21.616451,-28.575744,-0.660491,-2.796608,0.925220
8275,8.275000,-29.116212,-21.948734,-28.575744,-0.540468,-0.315634,0.806012
8276,8.276000,-28.994290,-22.280106,-28.575744,-0.418545,2.130748,0.803822
8277,8.277000,-28.870619,-22.610404,-28.575744,-0.294875,4.187191,0.800972
8278,8.278000,-28.745374,-22.939486,-28.575744,-0.169629,6.112178,0.795022
8279,8.279000,-28.618708,-23.267224,-28.575744,-0.042964,7.790454,0.798592
8280,8.280000,-28.490789,-23.593507,-28.575744,0.084956,9.576495,0.791633
8281,8.281000,-28.361777,-23.918223,-28.575744,0.213968,12.105111,0.804042
8282,8.282000,-28.231834,-24.241211,-28.575744,0.343910,14.841611,0.791592
8283,8.283000,-28.101121,-24.562293,-28.575744,0.474623,17.226789,0.809112
8284,8.284000,-27.969804,-24.881298,-28.575744,0.605940,20.161749,0.811292
8285,8.285000,-27.838038,-25.198038,-28.575744,0.737707,24.914709,0.798553
8286,8.286000,-27.705986,-25.512210,-28.575744,0.869758,30.012121,0.797212
8287,8.287000,-27.573808,-25.823461,-28.575744,1.001936,35.818413,0.801592
8288,8.288000,-27.441660,-26.131399,-28.575744,1.134085,45.639114,0.982680
8289,8.289000,-27.309702,-26.435387,-28.575744,1.266042,58.238644,0.920160
8290,8.290000,-27.178086,-26.734574,-28.575744,1.397658,67.489494,0.809511
8291,8.291000,-27.046969,-27.028264,-28.575744,1.528776,74.538139,1.063479
8292,8.292000,-26.916500,-27.315931,-28.575744,1.659244,82.876968,0.905041
8293,8.293000,-26.786831,-27.597038,-28.575744,1.788914,93.488747,0.811192
8294,8.294000,-26.658105,-27.870905,-28.575744,1.917639,102.093071,0.816782
8295,8.295000,-26.530468,-28.136939,-28.575744,2.045276,106.545403,0.808512
8296,8.296000,-26.404058,-28.394807,-28.575744,2.171686,108.780235,0.811781
8297,8.297000,-26.279015,-28.644381,-28.575744,2.296730,109.924492,0.814381
8298,8.298000,-26.155470,-28.885628,-28.575744,2.420274,110.581001,0.819741
8299,8.299000,-26.033555,-29.118568,-28.575744,2.542190,111.041786,0.820371
8300,8.300000,-25.913393,-29.343234,-28.575744,2.662351,111.383675,0.817721
8301,8.301000,-25.795109,-29.559652,-28.575744,2.780635,111.622597,0.818551
8302,8.302000,-25.678822,-29.767853,-28.575744,2.896922,111.807793,0.814232
8303,8.303000,-25.564645,-29.967861,-28.575744,3.011099,111.940620,0.807492
8304,8.304000,-25.452693,-30.159701,-28.575744,3.123051,112.038002,0.798492
8305,8.305000,-25.343074,-30.343395,-28.575744,3.232670,112.113914,0.806592
8306,8.306000,-25.235888,-30.518969,-28.575744,3.339857,112.173615,1.132779
8307,8.307000,-25.131239,-30.686438,-28.575744,3.444505,112.218681,0.894951
8308,8.308000,-25.029223,-30.845828,-28.575744,3.546521,112.248039,0.803732
8309,8.309000,-24.929931,-30.997154,-28.575744,3.645813,112.267448,0.826452
8310,8.310000,-24.833455,-31.140441,-28.575744,3.742290,112.279762,0.888212
8311,8.311000,-24.739876,-31.275709,-28.575744,3.835868,112.287148,0.813072
8312,8.312000,-24.649278,-31.402983,-28.575744,3.926466,112.290703,0.807842
8313,8.313000,-24.561738,-31.522276,-28.575744,4.014007,112.291245,0.810012
8314,8.314000,-24.477328,-31.633618,-28.575744,4.098416,112.289452,0.806622
8315,8.315000,-24.396117,-31.737024,-28.575744,4.179627,112.286293,0.804882
8316,8.316000,-24.318173,-31.832520,-28.575744,4.257571,112.282166,0.813912
8317,8.317000,-24.243553,-31.920124,-28.575744,4.332191,112.276878,0.817702
8318,8.318000,-24.172320,-31.999863,-28.575744,4.403425,112.271088,0.799082
8319,8.319000,-24.104520,-32.071754,-28.575744,4.471225,112.265045,0.797823
8320,8.320000,-24.040208,-32.135821,-28.575744,4.535536,112.258667,0.800892
8321,8.321000,-23.979426,-32.192089,-28.575744,4.596318,112.252037,0.802272
8322,8.322000,-23.922218,-32.240576,-28.575744,4.653526,112.245483,0.807362
8323,8.323000,-23.868619,-32.281305,-28.575744,4.707126,112.239525,0.815282
8324,8.324000,-23.818663,-32.314298,-28.575744,4.757082,112.234184,1.192368
8325,8.325000,-23.772378,-32.339576,-28.575744,4.803366,112.229050,0.892722
8326,8.326000,-23.729790,-32.357164,-28.575744,4.845954,112.224243,0.816462
8327,8.327000,-23.690918,-32.367085,-28.575744,4.884827,112.221458,0.847821
8328,8.328000,-23.655781,-32.369359,-28.575744,4.919963,112.221054,0.895221
8329,8.329000,-23.624393,-32.364008,-28.575744,4.951351,112.225174,0.806342
8330,8.330000,-23.596758,-32.351051,-28.575744,4.978986,112.238106,0.803102
8331,8.331000,-23.572887,-32.330513,-28.575744,5.002857,112.260651,0.797352
8332,8.332000,-23.552774,-32.302417,-28.575744,5.022971,112.281082,0.796502
8333,8.333000,-23.536420,-32.266773,-28.575744,5.039324,112.295563,0.798072
8334,8.334000,-23.523817,-32.223613,-28.575744,5.051927,112.289017,0.809542
8335,8.335000,-23.514953,-32.172950,-28.575744,5.060791,112.237244,0.809772
8336,8.336000,-23.509812,-32.114815,-28.575744,5.065933,112.102028,0.802532
8337,8.337000,-23.508376,-32.049239,-28.575744,5.067369,111.878670,0.809922
8338,8.338000,-23.510619,-31.976251,-28.575744,5.065125,111.514671,0.810942
8339,8.339000,-23.516519,-31.895904,-28.575744,5.059225,110.916618,0.813772
8340,8.340000,-23.526038,-31.808256,-28.575744,5.049706,109.918114,0.803612
8341,8.341000,-23.539147,-31.713398,-28.575744,5.036597,107.738838,0.800642
8342,8.342000,-23.555803,-31.611485,-28.575744,5.019941,103.191048,0.796782
8343,8.343000,-23.575965,-31.502837,-28.575744,4.999779,93.683022,0.883981
8344,8.344000,-23.599586,-31.388090,-28.575744,4.976158,84.933159,0.796942
8345,8.345000,-23.626616,-31.267903,-28.575744,4.949128,78.658134,0.811152
8346,8.346000,-23.657004,-31.142797,-28.575744,4.918740,74.100571,0.993320
8347,8.347000,-23.690690,-31.013143,-28.575744,4.885054,70.146202,0.878961
8348,8.348000,-23.727621,-30.879227,-28.575744,4.848123,65.602409,0.804631
8349,8.349000,-23.767732,-30.741350,-28.575744,4.808013,61.493538,0.802172
8350,8.350000,-23.810960,-30.599801,-28.575744,4.764784,57.132561,0.818802
8351,8.351000,-23.857238,-30.454874,-28.575744,4.718506,52.561287,0.798452
8352,8.352000,-23.906499,-30.306878,-28.575744,4.669245,48.756008,0.797912
8353,8.353000,-23.958673,-30.156088,-28.575744,4.617071,44.861855,0.801152
8354,8.354000,-24.013685,-30.002774,-28.575744,4.562059,42.762779,0.790003
8355,8.355000,-24.071462,-29.847093,-28.575744,4.504283,40.988754,0.794932
8356,8.356000,-24.131927,-29.689173,-28.575744,4.443817,38.918381,0.811062
8357,8.357000,-24.195003,-29.529134,-28.575744,4.380742,36.565327,0.799772
8358,8.358000,-24.260608,-29.367136,-28.575744,4.315136,33.953564,0.805172
8359,8.359000,-24.328664,-29.203345,-28.575744,4.247080,31.714315,0.802672
8360,8.360000,-24.399087,-29.037924,-28.575744,4.176657,29.362818,0.800442
8361,8.361000,-24.471793,-28.871035,-28.575744,4.103952,27.147190,1.235108
8362,8.362000,-24.546696,-28.702835,-28.575744,4.029048,24.732340,0.807032
8363,8.363000,-24.623708,-28.533488,-28.575744,3.952036,21.977505,0.798022
8364,8.364000,-24.702745,-28.363180,-28.575744,3.872999,19.913736,1.009130
8365,8.365000,-24.783714,-28.192067,-28.575744,3.792031,17.741606,1.022160
8366,8.366000,-24.866528,-28.020298,-28.575744,3.709216,15.863172,0.805482
8367,8.367000,-24.951094,-27.848005,-28.575744,3.624650,13.983504,0.798292
8368,8.368000,-25.037324,-27.675314,-28.575744,3.538420,12.319924,0.795042
8369,8.369000,-25.125122,-27.502342,-28.575744,3.450622,10.457210,0.806602
8370,8.370000,-25.214398,-27.329214,-28.575744,3.361346,8.815202,0.788722
8371,8.371000,-25.305057,-27.156040,-28.575744,3.270687,7.600935,0.808433
8372,8.372000,-25.397005,-26.982908,-28.575744,3.178739,6.384619,0.802432
8373,8.373000,-25.490148,-26.809898,-28.575744,3.085596,4.857645,0.795322
8374,8.374000,-25.584393,-26.637106,-28.575744,2.991351,2.878421,0.798062
8375,8.375000,-25.679643,-26.464664,-28.575744,2.896101,0.382982,0.805192
8376,8.376000,-25.775804,-26.292733,-28.575744,2.799940,-2.147631,0.792972
8377,8.377000,-25.872780,-26.121493,-28.575744,2.702964,-4.312214,0.791382
8378,8.378000,-25.970476,-25.951101,-28.575744,2.605268,-6.201426,0.793892
8379,8.379000,-26.068798,-25.781688,-28.575744,2.506946,-8.051080,1.168099
8380,8.380000,-26.167648,-25.613380,-28.575744,2.408096,-9.730490,0.793632
8381,8.381000,-26.266932,-25.446288,-28.575744,2.308812,-11.218207,0.787732
8382,8.382000,-26.366557,-25.280511,-28.575744,2.209187,-12.821259,0.997600
8383,8.383000,-26.466428,-25.116151,-28.575744,2.109316,-14.922642,0.882632
8384,8.384000,-26.566451,-24.953338,-28.575744,2.009293,-17.184076,0.790172
8385,8.385000,-26.666532,-24.792221,-28.575744,1.909212,-19.581163,0.788152
8386,8.386000,-26.766579,-24.632961,-28.575744,1.809165,-22.296722,0.795812
8387,8.387000,-26.866500,-24.475740,-28.575744,1.709245,-25.272776,0.796742
8388,8.388000,-26.966203,-24.320753,-28.575744,1.609541,-27.952837,0.805122
8389,8.389000,-27.065600,-24.168187,-28.575744,1.510145,-30.285578,0.798202
8390,8.390000,-27.164598,-24.018203,-28.575744,1.411146,-32.359936,0.807242
8391,8.391000,-27.263112,-23.870936,-28.575744,1.312633,-34.270588,0.784962
8392,8.392000,-27.361051,-23.726506,-28.575744,1.214693,-36.062340,0.789372
8393,8.393000,-27.458334,-23.585027,-28.575744,1.117410,-37.749252,0.795222
8394,8.394000,-27.554873,-23.446603,-28.575744,1.020871,-39.529968,0.799672
8395,8.395000,-27.650585,-23.311340,-28.575744,0.925159,-42.077579,0.810152
8396,8.396000,-27.745390,-23.179391,-28.575744,0.830355,-44.525345,0.796992
8397,8.397000,-27.839204,-23.050915,-28.575744,0.736540,-46.821602,1.264487
8398,8.398000,-27.931953,-22.926063,-28.575744,0.643791,-48.847988,0.794303
8399,8.399000,-28.023556,-22.804970,-28.575744,0.552188,-50.927811,0.790192
8400,8.400000,-28.113940,-22.687763,-28.575744,0.461804,-53.179619,1.011090
8401,8.401000,-28.203029,-22.574583,-28.575744,0.372715,-55.741936,0.876171
8402,8.402000,-28.290756,-22.465587,-28.575744,0.284988,-58.098206,0.793662
8403,8.403000,-28.377047,-22.360929,-28.575744,0.198697,-60.152866,0.795362
8404,8.404000,-28.461835,-22.260741,-28.575744,0.113909,-61.897423,0.797992
8405,8.405000,-28.545058,-22.165130,-28.575744,0.030686,-63.248222,0.793953
8406,8.406000,-28.626650,-22.074176,-28.575744,-0.050905,-64.302071,0.783972
8407,8.407000,-28.706547,-21.987936,-28.575744,-0.130803,-65.212425,0.785552
8408,8.408000,-28.784698,-21.906452,-28.575744,-0.208954,-66.072701,0.873922
8409,8.409000,-28.861043,-21.829764,-28.575744,-0.285299,-66.918343,0.797212
8410,8.410000,-28.935526,-21.757907,-28.575744,-0.359782,-67.678177,0.854722
8411,8.411000,-29.008097,-21.690919,-28.575744,-0.432353,-68.411461,0.795982
8412,8.412000,-29.078707,-21.628830,-28.575744,-0.502963,-68.942085,0.801822
8413,8.413000,-29.147310,-21.571662,-28.575744,-0.571566,-69.195229,0.800152
8414,8.414000,-29.213860,-21.519418,-28.575744,-0.638116,-69.283592,0.786453
8415,8.415000,-29.278316,-21.472086,-28.575744,-0.702572,-69.484833,1.107419
8416,8.416000,-29.340638,-21.429664,-28.575744,-0.764894,-69.895256,0.800472
8417,8.417000,-29.400792,-21.392158,-28.575744,-0.825048,-70.692406,0.798802
8418,8.418000,-29.458742,-21.359602,-28.575744,-0.882998,-71.703979,1.064640
8419,8.419000,-29.514456,-21.332049,-28.575744,-0.938712,-72.707726,0.894221
8420,8.420000,-29.567909,-21.309558,-28.575744,-0.992165,-73.556999,0.811442
8421,8.421000,-29.619068,-21.292179,-28.575744,-1.043323,-74.190071,0.811612
8422,8.422000,-29.667910,-21.279944,-28.575744,-1.092166,-74.559242,0.799722
8423,8.423000,-29.714420,-21.272865,-28.575744,-1.138676,-74.785423,0.831101
8424,8.424000,-29.758571,-21.270942,-28.575744,-1.182827,-74.898499,0.808232
8425,8.425000,-29.800354,-21.274168,-28.575744,-1.224610,-74.920326,0.815601
8426,8.426000,-29.839754,-21.282523,-28.575744,-1.264010,-74.989090,0.811242
8427,8.427000,-29.876764,-21.295997,-28.575744,-1.301020,-75.121933,0.817482
8428,8.428000,-29.911365,-21.314579,-28.575744,-1.335621,-75.120964,0.829841
8429,8.429000,-29.943566,-21.338252,-28.575744,-1.367822,-75.047173,0.995580
8430,8.430000,-29.973353,-21.367000,-28.575744,-1.397609,-74.868843,0.814402
8431,8.431000,-30.000735,-21.400793,-28.575744,-1.424991,-74.473587,1.151388
8432,8.432000,-30.025710,-21.439590,-28.575744,-1.449965,-73.754082,1.093189
8433,8.433000,-30.048283,-21.483329,-28.575744,-1.472539,-72.710632,0.914711
8434,8.434000,-30.068467,-21.531925,-28.575744,-1.492722,-71.524498,1.153428
8435,8.435000,-30.086266,-21.585278,-28.575744,-1.510522,-70.096214,1.312337
8436,8.436000,-30.101702,-21.643275,-28.575744,-1.525958,-68.617287,0.851782
8437,8.437000,-30.114782,-21.705795,-28.575744,-1.539038,-67.413559,0.833772
8438,8.438000,-30.125529,-21.772736,-28.575744,-1.549785,-66.060036,0.828102
8439,8.439000,-30.133965,-21.843992,-28.575744,-1.558221,-64.609688,0.821752
8440,8.440000,-30.140109,-21.919452,-28.575744,-1.564364,-63.408684,0.821022
8441,8.441000,-30.143985,-21.999018,-28.575744,-1.568240,-62.407848,0.826061
8442,8.442000,-30.145627,-22.082606,-28.575744,-1.569883,-61.273472,0.837331
8443,8.443000,-30.145060,-22.170132,-28.575744,-1.569316,-59.973534,0.831472
8444,8.444000,-30.142321,-22.261499,-28.575744,-1.566577,-58.518471,0.840972
8445,8.445000,-30.137438,-22.356599,-28.575744,-1.561694,-56.962257,0.818922
8446,8.446000,-30.130451,-22.455316,-28.575744,-1.554706,-55.326962,0.827502
8447,8.447000,-30.121397,-22.557526,-28.575744,-1.545653,-53.647820,0.839912
8448,8.448000,-30.110315,-22.663106,-28.575744,-1.534571,-52.074249,0.828291
8449,8.449000,-30.097252,-22.771931,-28.575744,-1.521508,-50.315254,1.375546
8450,8.450000,-30.082247,-22.883878,-28.575744,-1.506502,-47.970695,0.828752
8451,8.451000,-30.065349,-22.998782,-28.575744,-1.489604,-45.172371,0.827792
8452,8.452000,-30.046600,-23.116444,-28.575744,-1.470856,-42.344788,1.218508
8453,8.453000,-30.026058,-23.236659,-28.575744,-1.450314,-40.125763,0.821102
8454,8.454000,-30.003768,-23.359254,-28.575744,-1.428024,-37.702900,0.825322
8455,8.455000,-29.979780,-23.484057,-28.575744,-1.404036,-35.126457,0.827191
8456,8.456000,-29.954153,-23.610888,-28.575744,-1.378409,-33.013039,0.828951
8457,8.457000,-29.926942,-23.739593,-28.575744,-1.351198,-31.017344,0.839291
8458,8.458000,-29.898197,-23.870029,-28.575744,-1.322453,-29.173840,0.832892
8459,8.459000,-29.867980,-24.002067,-28.575744,-1.292236,-27.389576,0.834592
8460,8.460000,-29.836350,-24.135582,-28.575744,-1.260605,-25.356470,0.824102
8461,8.461000,-29.803363,-24.270440,-28.575744,-1.227619,-23.056444,0.836172
8462,8.462000,-29.769082,-24.406486,-28.575744,-1.193338,-20.602076,0.819101
8463,8.463000,-29.733569,-24.543549,-28.575744,-1.157825,-17.947554,0.828921
8464,8.464000,-29.696884,-24.681445,-28.575744,-1.121140,-15.836867,0.815061
8465,8.465000,-29.659086,-24.820020,-28.575744,-1.083341,-13.629852,0.814562
8466,8.466000,-29.620246,-24.959121,-28.575744,-1.044502,-11.245147,1.130098
8467,8.467000,-29.580422,-25.098589,-28.575744,-1.004678,-8.701838,0.910851
8468,8.468000,-29.539680,-25.238249,-28.575744,-0.963936,-6.026737,0.830491
8469,8.469000,-29.498088,-25.377920,-28.575744,-0.922344,-3.245493,1.260938
8470,8.470000,-29.455706,-25.517411,-28.575744,-0.879962,-0.463849,0.943441
8471,8.471000,-29.412601,-25.656530,-28.575744,-0.836857,2.162199,0.823972
8472,8.472000,-29.368840,-25.795099,-28.575744,-0.793096,4.674824,0.825081
8473,8.473000,-29.324485,-25.932942,-28.575744,-0.748741,7.263031,0.830491
8474,8.474000,-29.279607,-26.069889,-28.575744,-0.703863,9.426057,0.817341
8475,8.475000,-29.234265,-26.205790,-28.575744,-0.658521,12.154279,0.817152
8476,8.476000,-29.188523,-26.340471,-28.575744,-0.612779,14.745200,0.834292
8477,8.477000,-29.142454,-26.473759,-28.575744,-0.566709,17.652201,0.821182
8478,8.478000,-29.096114,-26.605462,-28.575744,-0.520370,20.062290,0.827942
8479,8.479000,-29.049570,-26.735413,-28.575744,-0.473826,22.484026,0.824252
8480,8.480000,-29.002885,-26.863453,-28.575744,-0.427141,25.882631,0.827242
8481,8.481000,-28.956123,-26.989370,-28.575744,-0.380378,29.319044,0.820082
8482,8.482000,-28.909343,-27.112928,-28.575744,-0.333598,32.774376,0.821872
8483,8.483000,-28.862607,-27.233897,-28.575744,-0.286863,35.772148,0.831722
8484,8.484000,-28.815974,-27.352071,-28.575744,-0.240230,38.615501,0.943711
8485,8.485000,-28.769508,-27.467261,-28.575744,-0.193764,40.763302,0.814581
8486,8.486000,-28.723257,-27.579319,-28.575744,-0.147513,43.309155,0.816392
8487,8.487000,-28.677287,-27.688093,-28.575744,-0.101543,46.493530,1.260117
8488,8.488000,-28.631649,-27.793387,-28.575744,-0.055905,48.970169,0.827612
8489,8.489000,-28.586398,-27.895032,-28.575744,-0.010653,51.378414,0.827352
8490,8.490000,-28.541583,-27.992875,-28.575744,0.034161,53.234184,0.815752
8491,8.491000,-28.497260,-28.086797,-28.575744,0.078484,54.735905,0.811272
8492,8.492000,-28.453475,-28.176706,-28.575744,0.122269,55.780682,0.812992
8493,8.493000,-28.410276,-28.262542,-28.575744,0.165468,56.257988,0.832582
8494,8.494000,-28.367712,-28.344291,-28.575744,0.208032,56.281784,0.820782
8495,8.495000,-28.325822,-28.421964,-28.575744,0.249922,55.808022,0.807052
8496,8.496000,-28.284653,-28.495612,-28.575744,0.291091,54.960491,0.820752
8497,8.497000,-28.244243,-28.565309,-28.575744,0.331502,53.849365,0.811772
8498,8.498000,-28.204633,-28.631154,-28.575744,0.371111,52.615776,0.816052
8499,8.499000,-28.165861,-28.693246,-28.575744,0.409883,51.735085,0.817772
8500,8.500000,-28.127960,-28.751671,-29.209342,1.081381,41.623833,0.821722
8501,8.501000,-28.090966,-28.807033,-29.209342,1.118375,33.808128,1.151769
8502,8.502000,-28.054912,-28.859933,-29.209342,1.154430,26.104765,0.920261
8503,8.503000,-28.019828,-28.910958,-29.209342,1.189513,19.126101,0.829472
8504,8.504000,-27.985747,-28.960627,-29.209342,1.223594,21.226732,0.825412
8505,8.505000,-27.952696,-29.008916,-29.209342,1.256646,25.192776,0.911321
8506,8.506000,-27.920707,-29.055556,-29.209342,1.288635,29.401489,0.817172
8507,8.507000,-27.889804,-29.100195,-29.209342,1.319538,33.083546,0.808132
8508,8.508000,-27.860017,-29.142529,-29.209342,1.349324,36.329159,0.809072
8509,8.509000,-27.831370,-29.182287,-29.209342,1.377972,38.932728,0.818992
8510,8.510000,-27.803888,-29.219266,-29.209342,1.405453,40.634480,0.814302
8511,8.511000,-27.777592,-29.253338,-29.209342,1.431749,41.933075,0.818192
8512,8.512000,-27.752507,-29.284412,-29.209342,1.456835,43.257172,0.821252
8513,8.513000,-27.728649,-29.312416,-29.209342,1.480693,45.128323,0.810062
8514,8.514000,-27.706039,-29.337244,-29.209342,1.503302,46.653679,0.811492
8515,8.515000,-27.684693,-29.358796,-29.209342,1.524648,47.839958,0.816382
8516,8.516000,-27.664624,-29.377006,-29.209342,1.544717,48.672073,0.810062
8517,8.517000,-27.645850,-29.391820,-29.209342,1.563492,49.116879,0.811202
8518,8.518000,-27.628378,-29.403223,-29.209342,1.580963,49.139729,0.800942
8519,8.519000,-27.612221,-29.411225,-29.209342,1.597120,49.147095,1.104900
8520,8.520000,-27.597386,-29.415845,-29.209342,1.611955,49.361107,0.901301
8521,8.521000,-27.583881,-29.417089,-29.209342,1.625460,49.724022,0.808462
8522,8.522000,-27.571711,-29.414944,-29.209342,1.637630,50.298893,1.173978
8523,8.523000,-27.560879,-29.409388,-29.209342,1.648463,50.735897,0.915731
8524,8.524000,-27.551385,-29.400399,-29.209342,1.657957,50.753029,0.814552
8525,8.525000,-27.543231,-29.387982,-29.209342,1.666110,50.282486,0.793553
8526,8.526000,-27.536415,-29.372177,-29.209342,1.672927,49.367630,0.800682
8527,8.527000,-27.530934,-29.353049,-29.209342,1.678408,47.951408,0.811612
8528,8.528000,-27.526783,-29.330707,-29.209342,1.682559,46.124855,0.808942
8529,8.529000,-27.523951,-29.305295,-29.209342,1.685390,44.228024,0.796792
8530,8.530000,-27.522437,-29.276954,-29.209342,1.686905,42.712669,0.805952
8531,8.531000,-27.522225,-29.245811,-29.209342,1.687116,41.433777,0.818642
8532,8.532000,-27.523308,-29.211971,-29.209342,1.686034,40.368160,0.807882
8533,8.533000,-27.525671,-29.175515,-29.209342,1.683671,39.234543,0.811351
8534,8.534000,-27.529299,-29.136525,-29.209342,1.680042,37.950283,0.804062
8535,8.535000,-27.534180,-29.095090,-29.209342,1.675162,36.571388,0.800222
8536,8.536000,-27.540294,-29.051308,-29.209342,1.669047,35.000923,0.805082
8537,8.537000,-27.547625,-29.005296,-29.209342,1.661717,33.227669,1.132609
8538,8.538000,-27.556154,-28.957174,-29.209342,1.653188,31.763865,0.804192
8539,8.539000,-27.565858,-28.907058,-29.209342,1.643484,30.458084,0.799502
8540,8.540000,-27.576718,-28.855039,-29.209342,1.632624,29.308336,1.048760
8541,8.541000,-27.588712,-28.801207,-29.209342,1.620630,28.438023,0.885991
8542,8.542000,-27.601812,-28.745623,-29.209342,1.607529,27.489887,0.824582
8543,8.543000,-27.615998,-28.688352,-29.209342,1.593343,26.298622,0.827662
8544,8.544000,-27.631243,-28.629479,-29.209342,1.578098,24.943813,0.816232
8545,8.545000,-27.647518,-28.569090,-29.209342,1.561823,23.395933,0.800732
8546,8.546000,-27.664800,-28.507299,-29.209342,1.544541,21.805887,0.805532
8547,8.547000,-27.683056,-28.444215,-29.209342,1.526286,20.432695,0.813602
8548,8.548000,-27.702260,-28.379943,-29.209342,1.507081,19.362787,0.799952
8549,8.549000,-27.722380,-28.314561,-29.209342,1.486961,18.438730,0.800692
8550,8.550000,-27.743387,-28.248138,-29.209342,1.465955,17.648523,0.788222
8551,8.551000,-27.765248,-28.180727,-29.209342,1.444093,16.889793,0.789213
8552,8.552000,-27.787933,-28.112381,-29.209342,1.421408,16.037481,0.796932
8553,8.553000,-27.811408,-28.043153,-29.209342,1.397933,15.010788,0.808022
8554,8.554000,-27.835640,-27.973117,-29.209342,1.373701,13.859807,0.813482
8555,8.555000,-27.860596,-27.902346,-29.209342,1.348746,12.594565,0.823632
8556,8.556000,-27.886242,-27.830931,-29.209342,1.323100,11.182538,0.807572
8557,8.557000,-27.912541,-27.758970,-29.209342,1.296800,10.044023,0.793212
8558,8.558000,-27.939461,-27.686547,-29.209342,1.269881,9.152381,0.795942
8559,8.559000,-27.966964,-27.613727,-29.209342,1.242377,7.914207,0.782182
8560,8.560000,-27.995014,-27.540593,-29.209342,1.214327,6.579463,0.802872
8561,8.561000,-28.023578,-27.467232,-29.209342,1.185764,5.176552,0.801362
8562,8.562000,-28.052615,-27.393742,-29.209342,1.156727,3.658594,0.802422
8563,8.563000,-28.082092,-27.320229,-29.209342,1.127249,1.967741,0.801912
8564,8.564000,-28.111971,-27.246806,-29.209342,1.097371,0.461906,0.796642
8565,8.565000,-28.142215,-27.173578,-29.209342,1.067127,-0.761523,0.812252
8566,8.566000,-28.172787,-27.100637,-29.209342,1.036555,-1.778123,0.811971
8567,8.567000,-28.203651,-27.028049,-29.209342,1.005691,-2.751174,0.789672
8568,8.568000,-28.234769,-26.955879,-29.209342,0.974572,-3.712722,0.794842
8569,8.569000,-28.266103,-26.884188,-29.209342,0.943239,-4.673862,0.796602
8570,8.570000,-28.297619,-26.813038,-29.209342,0.911723,-5.636918,0.819572
8571,8.571000,-28.329279,-26.742489,-29.209342,0.880063,-6.609251,0.802032
8572,8.572000,-28.361046,-26.672606,-29.209342,0.848296,-7.585126,0.805562
8573,8.573000,-28.392885,-26.603454,-29.209342,0.816457,-8.562932,0.804472
8574,8.574000,-28.424758,-26.535092,-29.209342,0.784584,-9.443558,0.793922
8575,8.575000,-28.456631,-26.467582,-29.209342,0.752711,-10.389314,0.792842
8576,8.576000,-28.488468,-26.400986,-29.209342,0.720874,-11.517419,0.785963
8577,8.577000,-28.520234,-26.335372,-29.209342,0.689108,-12.984281,0.805062
8578,8.578000,-28.551893,-26.270837,-29.209342,0.657448,-14.660211,0.963060
8579,8.579000,-28.583414,-26.207492,-29.209342,0.625927,-16.297346,0.796122
8580,8.580000,-28.614760,-26.145447,-29.209342,0.594582,-17.777500,0.793472
8581,8.581000,-28.645900,-26.084807,-29.209342,0.563441,-18.913038,0.794752
8582,8.582000,-28.676799,-26.025650,-29.209342,0.532543,-19.852654,0.801042
8583,8.583000,-28.707429,-25.968036,-29.209342,0.501913,-20.701200,0.803752
8584,8.584000,-28.737751,-25.912020,-29.209342,0.471590,-21.682287,0.795872
8585,8.585000,-28.767743,-25.857655,-29.209342,0.441599,-22.593401,0.809322
8586,8.586000,-28.797368,-25.805001,-29.209342,0.411973,-23.443464,0.782292
8587,8.587000,-28.826602,-25.754106,-29.209342,0.382740,-24.248581,0.793983
8588,8.588000,-28.855415,-25.705021,-29.209342,0.353927,-25.049076,0.789202
8589,8.589000,-28.883777,-25.657793,-29.209342,0.325564,-25.956602,0.794932
8590,8.590000,-28.911661,-25.612479,-29.209342,0.297680,-26.993967,0.790312
8591,8.591000,-28.939047,-25.569138,-29.209342,0.270294,-28.016415,0.791532
8592,8.592000,-28.965903,-25.527835,-29.209342,0.243438,-28.953424,0.796432
8593,8.593000,-28.992210,-25.488634,-29.209342,0.217132,-29.658997,0.884171
8594,8.594000,-29.017939,-25.451578,-29.209342,0.191402,-30.157925,0.786932
8595,8.595000,-29.043071,-25.416695,-29.209342,0.166271,-30.551687,0.781372
8596,8.596000,-29.067584,-25.384005,-29.209342,0.141757,-30.896307,0.967851
8597,8.597000,-29.091463,-25.353526,-29.209342,0.117879,-31.143686,0.790782
8598,8.598000,-29.114679,-25.325261,-29.209342,0.094663,-31.271952,0.794412
8599,8.599000,-29.137222,-25.299214,-29.209342,0.072120,-31.267748,0.795692
8600,8.600000,-29.159071,-25.275378,-29.209342,0.050270,-31.130224,0.797422
8601,8.601000,-29.180211,-25.253735,-29.209342,0.029131,-30.891214,0.792422
8602,8.602000,-29.200626,-25.234262,-29.209342,0.008715,-30.576319,0.791672
8603,8.603000,-29.220301,-25.216927,-29.209342,-0.010959,-30.248257,0.797543
8604,8.604000,-29.239227,-25.201701,-29.209342,-0.029885,-29.891005,0.786032
8605,8.605000,-29.257389,-25.188551,-29.209342,-0.048047,-29.495707,0.798612
8606,8.606000,-29.274775,-25.177443,-29.209342,-0.065433,-29.071737,0.803582
8607,8.607000,-29.291379,-25.168342,-29.209342,-0.082037,-28.671000,0.800752
8608,8.608000,-29.307187,-25.161213,-29.209342,-0.097846,-28.380877,0.798092
8609,8.609000,-29.322193,-25.156029,-29.209342,-0.112852,-28.301762,0.821452
8610,8.610000,-29.336393,-25.152780,-29.209342,-0.127052,-28.310549,0.799332
8611,8.611000,-29.349777,-25.151458,-29.209342,-0.140436,-28.332911,0.829972
8612,8.612000,-29.362345,-25.152062,-29.209342,-0.153003,-28.297384,0.792412
8613,8.613000,-29.374086,-25.154590,-29.209342,-0.164744,-28.295326,0.781132
8614,8.614000,-29.385000,-25.159036,-29.209342,-0.175659,-28.148312,0.779703
8615,8.615000,-29.395085,-25.165386,-29.209342,-0.185744,-27.907167,0.823692
8616,8.616000,-29.404340,-25.173622,-29.209342,-0.194998,-27.566288,0.792012
8617,8.617000,-29.412765,-25.183713,-29.209342,-0.203424,-27.387966,0.797812
8618,8.618000,-29.420364,-25.195642,-29.209342,-0.211022,-27.627451,0.792202
8619,8.619000,-29.427129,-25.209412,-29.209342,-0.217787,-28.009403,0.785942
8620,8.620000,-29.433075,-25.225046,-29.209342,-0.223733,-28.360479,0.784192
8621,8.621000,-29.438197,-25.242566,-29.209342,-0.228856,-28.632822,0.774603
8622,8.622000,-29.442500,-25.261989,-29.209342,-0.233159,-28.683092,0.791252
8623,8.623000,-29.445997,-25.283318,-29.209342,-0.236656,-28.558067,0.791212
8624,8.624000,-29.448685,-25.306539,-29.209342,-0.239343,-28.311514,0.791473
8625,8.625000,-29.450580,-25.331633,-29.209342,-0.241239,-27.988079,0.791862
8626,8.626000,-29.451683,-25.358570,-29.209342,-0.242342,-27.580885,0.790162
8627,8.627000,-29.452011,-25.387313,-29.209342,-0.242670,-27.123425,0.787183
8628,8.628000,-29.451567,-25.417827,-29.209342,-0.242226,-26.579275,0.793052
8629,8.629000,-29.450365,-25.450067,-29.209342,-0.241024,-25.983856,0.792842
8630,8.630000,-29.448419,-25.483986,-29.209342,-0.239077,-25.381083,0.846642
8631,8.631000,-29.445741,-25.519537,-29.209342,-0.236400,-24.858297,0.780282
8632,8.632000,-29.442343,-25.556676,-29.209342,-0.233002,-24.378828,0.786273
8633,8.633000,-29.438242,-25.595367,-29.209342,-0.228900,-23.865570,0.789632
8634,8.634000,-29.433454,-25.635568,-29.209342,-0.224112,-23.274733,0.889451
8635,8.635000,-29.427993,-25.677239,-29.209342,-0.218651,-22.639402,0.794432
8636,8.636000,-29.421877,-25.720332,-29.209342,-0.212535,-21.989700,0.787652
8637,8.637000,-29.415121,-25.764797,-29.209342,-0.205780,-21.333632,0.777862
8638,8.638000,-29.407748,-25.810586,-29.209342,-0.198407,-20.965082,0.772083
8639,8.639000,-29.399774,-25.857669,-29.209342,-0.190433,-20.576586,0.785882
8640,8.640000,-29.391223,-25.906014,-29.209342,-0.181881,-20.144325,0.792023
8641,8.641000,-29.382111,-25.955591,-29.209342,-0.172770,-19.651411,0.785832
8642,8.642000,-29.372460,-26.006367,-29.209342,-0.163119,-19.060625,0.782392
8643,8.643000,-29.362293,-26.058299,-29.209342,-0.152952,-18.372395,0.777713
8644,8.644000,-29.351635,-26.111337,-29.209342,-0.142293,-17.644012,0.790222
8645,8.645000,-29.340502,-26.165428,-29.209342,-0.131160,-16.878759,0.774562
8646,8.646000,-29.328921,-26.220519,-29.209342,-0.119580,-16.168343,0.785032
8647,8.647000,-29.316917,-26.276554,-29.209342,-0.107575,-15.515510,0.800902
8648,8.648000,-29.304517,-26.333487,-29.209342,-0.095175,-14.584991,0.784762
8649,8.649000,-29.291738,-26.391253,-29.209342,-0.082396,-13.483520,0.859121
8650,8.650000,-29.278613,-26.449778,-29.209342,-0.069272,-12.457775,0.792802
8651,8.651000,-29.265165,-26.508987,-29.209342,-0.055823,-11.481923,0.792043
8652,8.652000,-29.251419,-26.568809,-29.209342,-0.042077,-10.508789,0.798812
8653,8.653000,-29.237400,-26.629176,-29.209342,-0.028058,-9.533229,0.792242
8654,8.654000,-29.223139,-26.690019,-29.209342,-0.013797,-8.526786,0.774943
8655,8.655000,-29.208662,-26.751269,-29.209342,0.000680,-7.364677,0.784052
8656,8.656000,-29.193994,-26.812850,-29.209342,0.015347,-6.052725,0.787282
8657,8.657000,-29.179166,-26.874670,-29.209342,0.030176,-4.555789,0.785282
8658,8.658000,-29.164201,-26.936629,-29.209342,0.045141,-3.077735,0.783192
8659,8.659000,-29.149130,-26.998623,-29.209342,0.060212,-1.587612,0.795012
8660,8.660000,-29.133977,-27.060547,-29.209342,0.075364,-0.047667,0.793972
8661,8.661000,-29.118777,-27.122299,-29.209342,0.090565,1.598518,0.772192
8662,8.662000,-29.103549,-27.183765,-29.209342,0.105793,3.004356,0.778093
8663,8.663000,-29.088328,-27.244848,-29.209342,0.121014,4.388657,0.781692
8664,8.664000,-29.073134,-27.305455,-29.209342,0.136208,5.857988,0.789842
8665,8.665000,-29.058002,-27.365488,-29.209342,0.151340,7.397765,0.788533
8666,8.666000,-29.042951,-27.424847,-29.209342,0.166390,8.683206,0.792252
8667,8.667000,-29.028014,-27.483442,-29.209342,0.181328,9.981610,0.782472
8668,8.668000,-29.013216,-27.541191,-29.209342,0.196125,11.542368,0.903691
8669,8.669000,-28.998582,-27.597992,-29.209342,0.210759,13.087558,0.787462
8670,8.670000,-28.984137,-27.653745,-29.209342,0.225205,14.803048,0.770242
8671,8.671000,-28.969906,-27.708337,-29.209342,0.239436,16.426981,0.778702
8672,8.672000,-28.955918,-27.761661,-29.209342,0.253424,18.166817,0.895481
8673,8.673000,-28.942192,-27.813598,-29.209342,0.267149,20.042164,0.783333
8674,8.674000,-28.928754,-27.864027,-29.209342,0.280588,21.940571,0.792742
8675,8.675000,-28.915626,-27.912823,-29.209342,0.293715,24.514641,0.810022
8676,8.676000,-28.902833,-27.959822,-29.209342,0.306508,26.630707,0.786922
8677,8.677000,-28.890392,-28.004874,-29.209342,0.318949,28.239511,0.785373
8678,8.678000,-28.878327,-28.047866,-29.209342,0.331015,29.382521,0.776672
8679,8.679000,-28.866657,-28.088724,-29.209342,0.342684,30.269178,0.797522
8680,8.680000,-28.855401,-28.127397,-29.209342,0.353940,30.910812,0.785802
8681,8.681000,-28.844575,-28.163850,-29.209342,0.364766,31.266977,0.789352
8682,8.682000,-28.834197,-28.198067,-29.209342,0.375145,31.465090,0.788882
8683,8.683000,-28.824283,-28.230051,-29.209342,0.385059,31.692739,0.791772
8684,8.684000,-28.814850,-28.259798,-29.209342,0.394491,32.038254,0.795602
8685,8.685000,-28.805910,-28.287298,-29.209342,0.403432,32.455059,0.780652
8686,8.686000,-28.797474,-28.312533,-29.209342,0.411867,32.977425,0.765993
8687,8.687000,-28.789558,-28.335475,-29.209342,0.419783,33.577305,0.873691
8688,8.688000,-28.782171,-28.356092,-29.209342,0.427170,34.125378,0.794753
8689,8.689000,-28.775327,-28.374349,-29.209342,0.434014,34.763565,0.773842
8690,8.690000,-28.769027,-28.390212,-29.209342,0.440315,35.229286,0.785912
8691,8.691000,-28.763286,-28.403651,-29.209342,0.446056,35.611153,0.865481
8692,8.692000,-28.758109,-28.414644,-29.209342,0.451233,35.805214,0.794412
8693,8.693000,-28.753498,-28.423183,-29.209342,0.455843,35.773743,0.775312
8694,8.694000,-28.749461,-28.429279,-29.209342,0.459880,35.528641,0.767712
8695,8.695000,-28.746005,-28.432954,-29.209342,0.463336,35.199619,0.766313
8696,8.696000,-28.743126,-28.434238,-29.209342,0.466215,34.689178,0.778862
8697,8.697000,-28.740828,-28.433176,-29.209342,0.468513,33.979637,0.787323
8698,8.698000,-28.739114,-28.429822,-29.209342,0.470228,32.999863,0.805742
8699,8.699000,-28.737980,-28.424252,-29.209342,0.471362,31.832346,0.783622
8700,8.700000,-28.737423,-28.416551,-29.209342,0.471918,30.557255,0.778143
8701,8.701000,-28.737447,-28.406820,-29.209342,0.471894,29.028986,0.772702
8702,8.702000,-28.738041,-28.395164,-29.209342,0.471300,27.391214,0.769543
8703,8.703000,-28.739206,-28.381709,-29.209342,0.470136,25.830420,0.777032
8704,8.704000,-28.740931,-28.366566,-29.209342,0.468411,24.691597,0.784283
8705,8.705000,-28.743219,-28.349827,-29.209342,0.466123,23.955647,0.781512
8706,8.706000,-28.746053,-28.331550,-29.209342,0.463288,23.219358,0.926311
8707,8.707000,-28.749431,-28.311785,-29.209342,0.459911,22.417561,0.781823
8708,8.708000,-28.753344,-28.290584,-29.209342,0.455997,21.484697,0.778982
8709,8.709000,-28.757781,-28.268010,-29.209342,0.451561,20.613550,0.774932
8710,8.710000,-28.762736,-28.244125,-29.209342,0.446606,19.773060,0.946740
8711,8.711000,-28.768197,-28.218988,-29.209342,0.441145,19.021395,0.774773
8712,8.712000,-28.774149,-28.192651,-29.209342,0.435192,18.321699,0.764822
8713,8.713000,-28.780587,-28.165168,-29.209342,0.428755,17.680187,0.770303
8714,8.714000,-28.787495,-28.136580,-29.209342,0.421846,17.047491,0.777602
8715,8.715000,-28.794862,-28.106935,-29.209342,0.414480,16.380896,0.789613
8716,8.716000,-28.802672,-28.076276,-29.209342,0.406669,15.678063,0.791942
8717,8.717000,-28.810913,-28.044653,-29.209342,0.398429,14.936889,0.772522
8718,8.718000,-28.819570,-28.012117,-29.209342,0.389772,14.160766,0.766002
8719,8.719000,-28.828630,-27.978724,-29.209342,0.380711,13.368560,0.767692
8720,8.720000,-28.838076,-27.944531,-29.209342,0.371265,12.542766,0.778912
8721,8.721000,-28.847891,-27.909592,-29.209342,0.361450,11.680326,0.774362
8722,8.722000,-28.858062,-27.873970,-29.209342,0.351280,10.870057,0.779702
8723,8.723000,-28.868573,-27.837723,-29.209342,0.340768,10.220880,0.776552
8724,8.724000,-28.879402,-27.800898,-29.209342,0.329939,9.615003,0.766502
8725,8.725000,-28.890539,-27.763539,-29.209342,0.318802,8.927084,0.766493
8726,8.726000,-28.901963,-27.725690,-29.209342,0.307379,8.098200,0.863411
8727,8.727000,-28.913656,-27.687405,-29.209342,0.295686,7.301362,0.781713
8728,8.728000,-28.925598,-27.648741,-29.209342,0.283743,6.488066,0.773602
8729,8.729000,-28.937773,-27.609754,-29.209342,0.271568,5.661311,0.772923
8730,8.730000,-28.950167,-27.570503,-29.209342,0.259175,4.792576,0.899641
8731,8.731000,-28.962755,-27.531045,-29.209342,0.246587,3.735470,0.777102
8732,8.732000,-28.975520,-27.491452,-29.209342,0.233821,2.610884,0.782793
8733,8.733000,-28.988446,-27.451799,-29.209342,0.220895,1.495445,0.771742
8734,8.734000,-29.001513,-27.412167,-29.209342,0.207829,0.472466,0.771893
8735,8.735000,-29.014698,-27.372627,-29.209342,0.194643,-0.465550,0.787782
8736,8.736000,-29.027990,-27.333242,-29.209342,0.181352,-1.383595,0.776832
8737,8.737000,-29.041363,-27.294076,-29.209342,0.167978,-2.282480,0.775302
8738,8.738000,-29.054802,-27.255187,-29.209342,0.154540,-3.099622,0.779812
8739,8.739000,-29.068284,-27.216630,-29.209342,0.141057,-3.827560,0.781643
8740,8.740000,-29.081798,-27.178455,-29.209342,0.127544,-4.438260,0.766642
8741,8.741000,-29.095318,-27.140701,-29.209342,0.114023,-4.921446,0.767523
8742,8.742000,-29.108828,-27.103398,-29.209342,0.100513,-5.355106,0.773692
8743,8.743000,-29.122311,-27.066571,-29.209342,0.087030,-5.790364,0.781593
8744,8.744000,-29.135750,-27.030250,-29.209342,0.073592,-6.221665,0.778562
8745,8.745000,-29.149127,-26.994456,-29.209342,0.060215,-6.658358,0.873172
8746,8.746000,-29.162418,-26.959219,-29.209342,0.046923,-7.117967,0.783162
8747,8.747000,-29.175614,-26.924566,-29.209342,0.033727,-7.585415,0.770393
8748,8.748000,-29.188697,-26.890526,-29.209342,0.020644,-8.057520,0.764662
8749,8.749000,-29.201644,-26.857132,-29.209342,0.007698,-8.535603,0.783382
8750,8.750000,-29.214444,-26.824409,-29.209342,-0.005102,-9.009379,0.767292
8751,8.751000,-29.227080,-26.792392,-29.209342,-0.017738,-9.502033,0.779212
8752,8.752000,-29.239531,-26.761110,-29.209342,-0.030189,-10.044786,0.776802
8753,8.753000,-29.251788,-26.730598,-29.209342,-0.042446,-10.574116,0.768332
8754,8.754000,-29.263833,-26.700890,-29.209342,-0.054491,-11.086747,0.769242
8755,8.755000,-29.275652,-26.672020,-29.209342,-0.066311,-11.583590,0.772793
8756,8.756000,-29.287226,-26.644020,-29.209342,-0.077885,-12.063365,0.773802
8757,8.757000,-29.298547,-26.616918,-29.209342,-0.089206,-12.631776,0.780042
8758,8.758000,-29.309602,-26.590751,-29.209342,-0.100260,-13.126752,0.774982
8759,8.759000,-29.320370,-26.565551,-29.209342,-0.111028,-13.574162,0.771142
8760,8.760000,-29.330844,-26.541345,-29.209342,-0.121502,-14.001002,0.793922
8761,8.761000,-29.341011,-26.518160,-29.209342,-0.131669,-14.400086,0.779322
8762,8.762000,-29.350856,-26.496018,-29.209342,-0.141515,-14.767426,0.768243
8763,8.763000,-29.360371,-26.474945,-29.209342,-0.151029,-15.103773,0.763432
8764,8.764000,-29.369547,-26.454957,-29.209342,-0.160206,-15.409554,0.766673
8765,8.765000,-29.378368,-26.436071,-29.209342,-0.169027,-15.670911,0.769612
8766,8.766000,-29.386827,-26.418304,-29.209342,-0.177486,-15.877419,0.791963
8767,8.767000,-29.394914,-26.401664,-29.209342,-0.185573,-16.053133,0.780092
8768,8.768000,-29.402619,-26.386161,-29.209342,-0.193277,-16.167027,0.793392
8769,8.769000,-29.409937,-26.371799,-29.209342,-0.200596,-16.248850,0.766383
8770,8.770000,-29.416860,-26.358578,-29.209342,-0.207518,-16.307301,0.763272
8771,8.771000,-29.423379,-26.346498,-29.209342,-0.214038,-16.345713,0.761592
8772,8.772000,-29.429485,-26.335558,-29.209342,-0.220144,-16.352449,0.776632
8773,8.773000,-29.435178,-26.325755,-29.209342,-0.225837,-16.385849,0.790492
8774,8.774000,-29.440448,-26.317088,-29.209342,-0.231106,-16.473797,0.784602
8775,8.775000,-29.445290,-26.309557,-29.209342,-0.235949,-16.629601,0.781043
8776,8.776000,-29.449703,-26.303169,-29.209342,-0.240361,-16.812338,0.766792
8777,8.777000,-29.453678,-26.297934,-29.209342,-0.244336,-17.003420,0.766343
8778,8.778000,-29.457219,-26.293862,-29.209342,-0.247878,-17.169069,0.773762
8779,8.779000,-29.460317,-26.290961,-29.209342,-0.250975,-17.268431,0.770143
8780,8.780000,-29.462970,-26.289238,-29.209342,-0.253629,-17.314013,0.787662
8781,8.781000,-29.465180,-26.288693,-29.209342,-0.255838,-17.312910,0.778502
8782,8.782000,-29.466946,-26.289320,-29.209342,-0.257604,-17.260481,0.770292
8783,8.783000,-29.468264,-26.291114,-29.209342,-0.258922,-17.162746,0.942271
8784,8.784000,-29.469138,-26.294067,-29.209342,-0.259796,-17.042543,0.770042
8785,8.785000,-29.469565,-26.298163,-29.209342,-0.260223,-16.897856,0.779553
8786,8.786000,-29.469551,-26.303388,-29.209342,-0.260210,-16.717558,0.769462
8787,8.787000,-29.469094,-26.309730,-29.209342,-0.259752,-16.484655,0.782493
8788,8.788000,-29.468199,-26.317165,-29.209342,-0.258857,-16.221409,0.771022
8789,8.789000,-29.466867,-26.325675,-29.209342,-0.257525,-15.949960,0.781783
8790,8.790000,-29.465101,-26.335236,-29.209342,-0.255760,-15.684489,0.761032
8791,8.791000,-29.462909,-26.345827,-29.209342,-0.253567,-15.396502,0.759933
8792,8.792000,-29.460290,-26.357425,-29.209342,-0.250948,-15.066592,0.770782
8793,8.793000,-29.457254,-26.370005,-29.209342,-0.247912,-14.719094,0.783862
8794,8.794000,-29.453804,-26.383539,-29.209342,-0.244463,-14.371628,0.773752
8795,8.795000,-29.449949,-26.398002,-29.209342,-0.240607,-14.010018,0.787263
8796,8.796000,-29.445690,-26.413364,-29.209342,-0.236348,-13.869064,0.772172
8797,8.797000,-29.441039,-26.429615,-29.209342,-0.231697,-13.899077,0.772583
8798,8.798000,-29.436001,-26.446749,-29.209342,-0.226660,-13.894262,0.782062
8799,8.799000,-29.430588,-26.464768,-29.209342,-0.221247,-13.840328,0.783952
8800,8.800000,-29.424803,-26.483667,-29.209342,-0.215462,-13.751378,0.766402
8801,8.801000,-29.418656,-26.503443,-29.209342,-0.209315,-13.609054,0.801692
8802,8.802000,-29.412161,-26.524080,-29.209342,-0.202819,-13.419627,0.777133
8803,8.803000,-29.405320,-26.545568,-29.209342,-0.195979,-13.294868,0.875111
8804,8.804000,-29.398152,-26.567891,-29.209342,-0.188810,-13.244607,0.776473
8805,8.805000,-29.390659,-26.591045,-29.209342,-0.181318,-13.187675,0.787602
8806,8.806000,-29.382859,-26.615022,-29.209342,-0.173518,-13.124686,0.769582
8807,8.807000,-29.374758,-26.639819,-29.209342,-0.165417,-13.067082,0.765912
8808,8.808000,-29.366371,-26.665431,-29.209342,-0.157029,-12.984006,0.795762
8809,8.809000,-29.357707,-26.691847,-29.209342,-0.148365,-12.853677,0.782983
8810,8.810000,-29.348783,-26.719056,-29.209342,-0.139442,-12.678651,0.773432
8811,8.811000,-29.339610,-26.747050,-29.209342,-0.130269,-12.467565,0.784153
8812,8.812000,-29.330202,-26.775808,-29.209342,-0.120860,-12.205499,0.772132
8813,8.813000,-29.320568,-26.805311,-29.209342,-0.111226,-11.889287,0.765333
8814,8.814000,-29.310729,-26.835537,-29.209342,-0.101387,-11.534380,0.791462
8815,8.815000,-29.300695,-26.866457,-29.209342,-0.091354,-11.130729,0.784362
8816,8.816000,-29.290481,-26.898043,-29.209342,-0.081139,-10.684236,0.772792
8817,8.817000,-29.280102,-26.930261,-29.209342,-0.070761,-10.205369,0.772652
8818,8.818000,-29.269577,-26.963078,-29.209342,-0.060235,-9.695999,0.775252
8819,8.819000,-29.258918,-26.996456,-29.209342,-0.049577,-9.207607,0.781552
8820,8.820000,-29.248140,-27.030358,-29.209342,-0.038799,-8.705060,0.776993
8821,8.821000,-29.237260,-27.064751,-29.209342,-0.027918,-8.178948,0.792042
8822,8.822000,-29.226294,-27.099595,-29.209342,-0.016953,-7.638285,0.783372
8823,8.823000,-29.215263,-27.134854,-29.209342,-0.005922,-7.041637,0.769182
8824,8.824000,-29.204175,-27.170487,-29.209342,0.005167,-6.439064,0.775862
8825,8.825000,-29.193055,-27.206452,-29.209342,0.016287,-5.771076,0.783452
8826,8.826000,-29.181912,-27.242703,-29.209342,0.027430,-4.920523,0.896641
8827,8.827000,-29.170771,-27.279181,-29.209342,0.038570,-4.016655,0.779482
8828,8.828000,-29.159642,-27.315825,-29.209342,0.049700,-3.077888,0.771462
8829,8.829000,-29.148546,-27.352572,-29.209342,0.060796,-2.139209,0.762673
8830,8.830000,-29.137502,-27.389352,-29.209342,0.071840,-1.176659,0.772762
8831,8.831000,-29.126522,-27.426102,-29.209342,0.082819,-0.140680,0.773123
8832,8.832000,-29.115628,-27.462751,-29.209342,0.093714,0.908140,0.783892
8833,8.833000,-29.104833,-27.499228,-29.209342,0.104509,2.015051,0.806742
8834,8.834000,-29.094157,-27.535457,-29.209342,0.115184,2.987432,0.811382
8835,8.835000,-29.083615,-27.571372,-29.209342,0.125727,4.050171,0.767453
8836,8.836000,-29.073223,-27.606901,-29.209342,0.136119,5.156394,0.761542
8837,8.837000,-29.063001,-27.641974,-29.209342,0.146340,6.204566,0.765672
8838,8.838000,-29.052961,-27.676517,-29.209342,0.156381,7.198221,0.775442
8839,8.839000,-29.043122,-27.710465,-29.209342,0.166219,8.172698,0.786442
8840,8.840000,-29.033498,-27.743755,-29.209342,0.175843,8.994901,0.780572
8841,8.841000,-29.024107,-27.776332,-29.209342,0.185235,9.798783,0.804152
8842,8.842000,-29.014961,-27.808144,-29.209342,0.194380,10.632292,0.780222
8843,8.843000,-29.006075,-27.839139,-29.209342,0.203266,11.738836,0.769832
8844,8.844000,-28.997462,-27.869248,-29.209342,0.211879,12.799782,0.765733
8845,8.845000,-28.989143,-27.898403,-29.209342,0.220198,13.783870,0.913711
8846,8.846000,-28.981124,-27.926536,-29.209342,0.228217,14.840875,0.775912
8847,8.847000,-28.973420,-27.953581,-29.209342,0.235922,15.966517,0.770432
8848,8.848000,-28.966043,-27.979462,-29.209342,0.243298,17.158155,0.784592
8849,8.849000,-28.959008,-28.004105,-29.209342,0.250333,18.308010,0.775462
8850,8.850000,-28.952322,-28.027430,-29.209342,0.257020,19.471895,0.779222
8851,8.851000,-28.946000,-28.049365,-29.209342,0.263341,20.545420,0.770023
8852,8.852000,-28.940048,-28.069837,-29.209342,0.269294,21.492407,0.775842
8853,8.853000,-28.934478,-28.088788,-29.209342,0.274864,22.715624,0.773893
8854,8.854000,-28.929300,-28.106140,-29.209342,0.280041,24.030909,0.778152
8855,8.855000,-28.924519,-28.121808,-29.209342,0.284822,24.945002,0.785953
8856,8.856000,-28.920145,-28.135733,-29.209342,0.289197,25.602703,0.786782
8857,8.857000,-28.916180,-28.147872,-29.209342,0.293162,26.096653,0.777712
8858,8.858000,-28.912635,-28.158196,-29.209342,0.296707,26.369419,0.766782
8859,8.859000,-28.909513,-28.166693,-29.209342,0.299828,26.442600,0.766452
8860,8.860000,-28.906819,-28.173366,-29.209342,0.302523,26.313005,0.926630
8861,8.861000,-28.904555,-28.178231,-29.209342,0.304787,26.004444,0.780102
8862,8.862000,-28.902724,-28.181320,-29.209342,0.306617,25.572165,0.779992
8863,8.863000,-28.901331,-28.182667,-29.209342,0.308011,25.000605,0.784213
8864,8.864000,-28.900368,-28.182322,-29.209342,0.308974,24.420832,0.776602
8865,8.865000,-28.899845,-28.180333,-29.209342,0.309496,23.930300,0.913961
8866,8.866000,-28.899756,-28.176742,-29.209342,0.309585,23.486904,0.775313
8867,8.867000,-28.900101,-28.171585,-29.209342,0.309240,23.011267,0.772092
8868,8.868000,-28.900877,-28.164900,-29.209342,0.308465,22.495260,0.774063
8869,8.869000,-28.902085,-28.156726,-29.209342,0.307256,21.905947,0.783672
8870,8.870000,-28.903718,-28.147105,-29.209342,0.305624,21.290937,0.772183
8871,8.871000,-28.905774,-28.136085,-29.209342,0.303568,20.725218,0.793192
8872,8.872000,-28.908246,-28.123707,-29.209342,0.301095,20.135338,0.780842
8873,8.873000,-28.911129,-28.110016,-29.209342,0.298213,19.527567,0.773202
8874,8.874000,-28.914421,-28.095054,-29.209342,0.294921,18.965143,0.767592
8875,8.875000,-28.918109,-28.078868,-29.209342,0.291232,18.423746,0.768042
8876,8.876000,-28.922190,-28.061494,-29.209342,0.287151,17.808290,0.765802
8877,8.877000,-28.926657,-28.042976,-29.209342,0.282684,17.156689,0.780252
8878,8.878000,-28.931500,-28.023361,-29.209342,0.277842,16.488806,0.784872
8879,8.879000,-28.936711,-28.002696,-29.209342,0.272630,15.814540,0.961760
8880,8.880000,-28.942281,-27.981033,-29.209342,0.267060,15.099820,0.774352
8881,8.881000,-28.948200,-27.958420,-29.209342,0.261142,14.336297,0.773092
8882,8.882000,-28.954453,-27.934910,-29.209342,0.254889,13.557010,0.758532
8883,8.883000,-28.961037,-27.910561,-29.209342,0.248305,12.751709,0.767632
8884,8.884000,-28.967935,-27.885429,-29.209342,0.241406,11.965079,0.864972
8885,8.885000,-28.975141,-27.859572,-29.209342,0.234200,11.257886,0.780242
8886,8.886000,-28.982637,-27.833036,-29.209342,0.226704,10.645537,0.784352
8887,8.887000,-28.990417,-27.805871,-29.209342,0.218925,10.144463,0.777872
8888,8.888000,-28.998463,-27.778108,-29.209342,0.210879,9.666101,0.780982
8889,8.889000,-29.006765,-27.749781,-29.209342,0.202577,9.190148,0.773512
8890,8.890000,-29.015310,-27.720924,-29.209342,0.194032,8.645694,0.773662
8891,8.891000,-29.024083,-27.691571,-29.209342,0.185259,8.003614,0.770082
8892,8.892000,-29.033071,-27.661764,-29.209342,0.176270,7.362298,0.774912
8893,8.893000,-29.042261,-27.631551,-29.209342,0.167080,6.720413,0.772162
8894,8.894000,-29.051639,-27.600972,-29.209342,0.157702,6.040839,0.776222
8895,8.895000,-29.061191,-27.570079,-29.209342,0.148150,5.354161,0.791673
8896,8.896000,-29.070900,-27.538916,-29.209342,0.138441,4.623017,0.790102
8897,8.897000,-29.080753,-27.507535,-29.209342,0.128589,3.778897,0.768863
8898,8.898000,-29.090732,-27.475992,-29.209342,0.118610,2.921844,0.769102
8899,8.899000,-29.100830,-27.444347,-29.209342,0.108511,2.051614,0.859611
8900,8.900000,-29.111024,-27.412660,-29.209342,0.098317,1.178174,0.774452
8901,8.901000,-29.121304,-27.380990,-29.209342,0.088038,0.381198,0.777022
8902,8.902000,-29.131652,-27.349396,-29.209342,0.077690,-0.358015,0.783202
8903,8.903000,-29.142054,-27.317926,-29.209342,0.067288,-1.033318,0.981000
8904,8.904000,-29.152494,-27.286625,-29.209342,0.056848,-1.682443,0.783533
8905,8.905000,-29.162961,-27.255535,-29.209342,0.046380,-2.317615,0.773892
8906,8.906000,-29.173435,-27.224700,-29.209342,0.035906,-2.945589,0.768183
8907,8.907000,-29.183906,-27.194161,-29.209342,0.025436,-3.544026,0.769232
8908,8.908000,-29.194353,-27.163956,-29.209342,0.014989,-4.023732,0.785823
8909,8.909000,-29.204769,-27.134115,-29.209342,0.004573,-4.435876,0.785942
8910,8.910000,-29.215134,-27.104668,-29.209342,-0.005792,-4.841628,0.781252
8911,8.911000,-29.225437,-27.075637,-29.209342,-0.016095,-5.246926,0.774822
8912,8.912000,-29.235658,-27.047049,-29.209342,-0.026317,-5.660065,0.773922
8913,8.913000,-29.245794,-27.018927,-29.209342,-0.036453,-6.081740,0.795982
8914,8.914000,-29.255821,-26.991299,-29.209342,-0.046479,-6.504478,0.761142
8915,8.915000,-29.265732,-26.964192,-29.209342,-0.056390,-6.918355,0.777623
8916,8.916000,-29.275509,-26.937631,-29.209342,-0.066167,-7.323539,0.789102
8917,8.917000,-29.285143,-26.911644,-29.209342,-0.075801,-7.709329,0.774042
8918,8.918000,-29.294616,-26.886252,-29.209342,-0.085275,-8.088988,0.863651
8919,8.919000,-29.303923,-26.861485,-29.209342,-0.094581,-8.450742,0.781862
8920,8.920000,-29.313048,-26.837359,-29.209342,-0.103706,-8.790599,0.781492
8921,8.921000,-29.321975,-26.813897,-29.209342,-0.112633,-9.118638,0.771182
8922,8.922000,-29.330700,-26.791122,-29.209342,-0.121359,-9.468417,0.986810
8923,8.923000,-29.339207,-26.769053,-29.209342,-0.129866,-9.826990,0.763182
8924,8.924000,-29.347486,-26.747711,-29.209342,-0.138144,-10.173261,0.774452
8925,8.925000,-29.355528,-26.727119,-29.209342,-0.146187,-10.508819,0.767252
8926,8.926000,-29.363318,-26.707298,-29.209342,-0.153976,-10.832498,0.789482
8927,8.927000,-29.370852,-26.688268,-29.209342,-0.161510,-11.139586,0.779552
8928,8.928000,-29.378119,-26.670045,-29.209342,-0.168777,-11.432336,0.776043
8929,8.929000,-29.385106,-26.652648,-29.209342,-0.175765,-11.710897,0.778642
8930,8.930000,-29.391810,-26.636095,-29.209342,-0.182469,-11.972741,0.766203
8931,8.931000,-29.398217,-26.620399,-29.209342,-0.188875,-12.213174,0.771952
8932,8.932000,-29.404323,-26.605576,-29.209342,-0.194981,-12.455665,0.781493
8933,8.933000,-29.410122,-26.591637,-29.209342,-0.200780,-12.668023,0.781302
8934,8.934000,-29.415603,-26.578595,-29.209342,-0.206261,-12.835439,0.776082
8935,8.935000,-29.420760,-26.566460,-29.209342,-0.211418,-12.969592,0.777602
8936,8.936000,-29.425589,-26.555236,-29.209342,-0.216247,-13.104339,0.776192
8937,8.937000,-29.430080,-26.544931,-29.209342,-0.220738,-13.220750,0.925770
8938,8.938000,-29.434232,-26.535548,-29.209342,-0.224891,-13.327214,0.776252
8939,8.939000,-29.438040,-26.527092,-29.209342,-0.228699,-13.430009,0.781152
8940,8.940000,-29.441496,-26.519567,-29.209342,-0.232155,-13.573267,0.770553
8941,8.941000,-29.444601,-26.512981,-29.209342,-0.235259,-13.698108,0.780182
8942,8.942000,-29.447350,-26.507337,-29.209342,-0.238008,-13.811915,0.795433
8943,8.943000,-29.449737,-26.502642,-29.209342,-0.240395,-13.924293,0.783142
8944,8.944000,-29.451762,-26.498901,-29.209342,-0.242420,-14.027424,0.773672
8945,8.945000,-29.453422,-26.496115,-29.209342,-0.244080,-14.104487,0.762012
8946,8.946000,-29.454716,-26.494292,-29.209342,-0.245375,-14.169955,0.762653
8947,8.947000,-29.455645,-26.493431,-29.209342,-0.246303,-14.202771,0.771822
8948,8.948000,-29.456205,-26.493532,-29.209342,-0.246864,-14.201911,0.786932
8949,8.949000,-29.456396,-26.494591,-29.209342,-0.247055,-14.161939,0.780262
8950,8.950000,-29.456219,-26.496604,-29.209342,-0.246877,-14.085067,0.774882
8951,8.951000,-29.455676,-26.499561,-29.209342,-0.246334,-13.956634,0.774722
8952,8.952000,-29.454767,-26.503453,-29.209342,-0.245426,-13.807878,0.766632
8953,8.953000,-29.453493,-26.508266,-29.209342,-0.244152,-13.628234,0.773292
8954,8.954000,-29.451861,-26.513983,-29.209342,-0.242520,-13.435939,0.781512
8955,8.955000,-29.449867,-26.520588,-29.209342,-0.240525,-13.280953,0.784382
8956,8.956000,-29.447517,-26.528069,-29.209342,-0.238176,-13.124701,0.775552
8957,8.957000,-29.444816,-26.536410,-29.209342,-0.235474,-12.964319,0.773373
8958,8.958000,-29.441766,-26.545599,-29.209342,-0.232425,-12.783328,0.770012
8959,8.959000,-29.438371,-26.555622,-29.209342,-0.229030,-12.574811,0.765802
8960,8.960000,-29.434639,-26.566461,-29.209342,-0.225297,-12.340516,0.924101
8961,8.961000,-29.430571,-26.578098,-29.209342,-0.221230,-12.093886,0.787162
8962,8.962000,-29.426176,-26.590517,-29.209342,-0.216835,-11.825536,0.771502
8963,8.963000,-29.421456,-26.603694,-29.209342,-0.212115,-11.547919,0.769062
8964,8.964000,-29.416423,-26.617609,-29.209342,-0.207081,-11.258510,0.774012
8965,8.965000,-29.411078,-26.632239,-29.209342,-0.201736,-10.968983,0.770632
8966,8.966000,-29.405433,-26.647565,-29.209342,-0.196091,-10.738952,0.774522
8967,8.967000,-29.399494,-26.663566,-29.209342,-0.190152,-10.659660,0.770282
8968,8.968000,-29.393265,-26.680233,-29.209342,-0.183923,-10.739739,0.786652
8969,8.969000,-29.386759,-26.697572,-29.209342,-0.177418,-10.840025,0.771742
8970,8.970000,-29.379984,-26.715587,-29.209342,-0.170642,-10.905253,0.777552
8971,8.971000,-29.372945,-26.734282,-29.209342,-0.163604,-10.930062,0.774962
8972,8.972000,-29.365657,-26.753663,-29.209342,-0.156316,-10.914226,0.767543
8973,8.973000,-29.358127,-26.773727,-29.209342,-0.148785,-10.858756,0.778812
8974,8.974000,-29.350361,-26.794467,-29.209342,-0.141020,-10.786382,0.765662
8975,8.975000,-29.342377,-26.815878,-29.209342,-0.133035,-10.682671,0.871641
8976,8.976000,-29.334177,-26.837949,-29.209342,-0.124835,-10.550229,0.780712
8977,8.977000,-29.325776,-26.860673,-29.209342,-0.116434,-10.389089,0.781552
8978,8.978000,-29.317187,-26.884034,-29.209342,-0.107845,-10.199199,0.783633
8979,8.979000,-29.308420,-26.908020,-29.209342,-0.099079,-9.972469,0.782082
8980,8.980000,-29.299486,-26.932611,-29.209342,-0.090145,-9.709044,0.871022
8981,8.981000,-29.290395,-26.957787,-29.209342,-0.081054,-9.434328,0.769012
8982,8.982000,-29.281164,-26.983528,-29.209342,-0.071823,-9.131755,0.771193
8983,8.983000,-29.271804,-27.009811,-29.209342,-0.062462,-8.796215,0.776552
8984,8.984000,-29.262323,-27.036614,-29.209342,-0.052982,-8.431893,0.774323
8985,8.985000,-29.252741,-27.063907,-29.209342,-0.043399,-8.039424,0.799612
8986,8.986000,-29.243066,-27.091665,-29.209342,-0.033724,-7.607401,0.779492
8987,8.987000,-29.233316,-27.119855,-29.209342,-0.023974,-7.152731,0.783092
8988,8.988000,-29.223497,-27.148446,-29.209342,-0.014156,-6.678557,0.795952
8989,8.989000,-29.213631,-27.177405,-29.209342,-0.004289,-6.201820,0.819012
8990,8.990000,-29.203727,-27.206696,-29.209342,0.005614,-5.669607,0.763903
8991,8.991000,-29.193803,-27.236284,-29.209342,0.015539,-5.053892,0.775772
8992,8.992000,-29.183868,-27.266127,-29.209342,0.025473,-4.347204,0.780723
8993,8.993000,-29.173944,-27.296177,-29.209342,0.035397,-3.591949,0.802502
8994,8.994000,-29.164037,-27.326378,-29.209342,0.045305,-2.804270,1.132949
8995,8.995000,-29.154164,-27.356680,-29.209342,0.055178,-1.954851,0.869621
8996,8.996000,-29.144339,-27.387021,-29.209342,0.065003,-1.009837,0.782533
8997,8.997000,-29.134578,-27.417341,-29.209342,0.074763,-0.084892,0.893881
8998,8.998000,-29.124897,-27.447571,-29.209342,0.084445,0.837980,1.017790
8999,8.999000,-29.115307,-27.477651,-29.209342,0.094035,1.746756,0.789772
9000,9.000000,-29.105823,-27.507516,2.839624,-31.945447,112.089806,0.795152
9001,9.001000,-29.096459,-27.530838,2.839624,-31.936083,112.013107,0.774112
9002,9.002000,-29.087228,-27.545989,2.839624,-31.926852,111.997955,0.771032
9003,9.003000,-29.078140,-27.552749,2.839624,-31.917764,111.991142,0.767442
9004,9.004000,-29.069196,-27.551267,2.839624,-31.908820,111.991203,0.777532
9005,9.005000,-29.060399,-27.541739,2.839624,-31.900023,111.991447,0.771372
9006,9.006000,-29.051752,-27.524337,2.839624,-31.891376,111.991768,0.785812
9007,9.007000,-29.043252,-27.499187,2.839624,-31.882875,111.992104,0.772203
9008,9.008000,-29.034888,-27.466383,2.839624,-31.874512,111.992485,0.778422
9009,9.009000,-29.026654,-27.425996,2.839624,-31.866278,111.992950,0.771102
9010,9.010000,-29.018540,-27.378077,2.839624,-31.858164,111.993553,0.767422
9011,9.011000,-29.010528,-27.322666,2.839624,-31.850152,111.994247,0.769003
9012,9.012000,-29.002602,-27.259792,2.839624,-31.842226,111.995003,0.787472
9013,9.013000,-28.994740,-27.189482,2.839624,-31.834364,111.995850,1.150419
9014,9.014000,-28.986923,-27.111758,2.839624,-31.826547,111.996788,0.868881
9015,9.015000,-28.979120,-27.026638,2.839624,-31.818743,111.997780,0.778082
9016,9.016000,-28.971309,-26.934142,2.839624,-31.810933,111.998856,1.003920
9017,9.017000,-28.963455,-26.834285,2.839624,-31.803078,112.000038,0.855982
9018,9.018000,-28.955525,-26.727083,2.839624,-31.795149,112.001335,0.772712
9019,9.019000,-28.947482,-26.612551,2.839624,-31.787106,112.002869,0.779132
9020,9.020000,-28.939290,-26.490703,2.839624,-31.778913,112.004890,0.784812
9021,9.021000,-28.930905,-26.361554,2.839624,-31.770529,112.008377,0.770023
9022,9.022000,-28.922282,-26.225117,2.839624,-31.761906,112.012650,0.772882
9023,9.023000,-28.913379,-26.081407,2.839624,-31.753003,112.015907,0.774443
9024,9.024000,-28.904141,-25.930438,2.839624,-31.743765,112.018105,0.775502
9025,9.025000,-28.894521,-25.772221,2.839624,-31.734145,112.020500,0.776953
9026,9.026000,-28.884460,-25.606774,2.839624,-31.724084,112.023888,0.781142
9027,9.027000,-28.873908,-25.434105,2.839624,-31.713531,112.028481,0.779803
9028,9.028000,-28.862798,-25.254228,2.839624,-31.702422,112.034073,0.781272
9029,9.029000,-28.851074,-25.067160,2.839624,-31.690698,112.040695,0.761163
9030,9.030000,-28.838671,-24.872909,2.839624,-31.678294,112.047646,0.770902
9031,9.031000,-28.825519,-24.671489,2.839624,-31.665143,112.056374,1.120779
9032,9.032000,-28.811551,-24.462912,2.839624,-31.651175,112.066696,0.870192
9033,9.033000,-28.796703,-24.247189,2.839624,-31.636326,112.078758,0.766052
9034,9.034000,-28.780891,-24.024333,2.839624,-31.620514,112.091270,0.859382
9035,9.035000,-28.764044,-23.794356,2.839624,-31.603668,112.105850,0.867781
9036,9.036000,-28.746084,-23.557268,2.839624,-31.585708,112.122581,0.786952
9037,9.037000,-28.726932,-23.313078,2.839624,-31.566556,112.141296,0.775502
9038,9.038000,-28.706506,-23.061801,2.839624,-31.546130,112.164452,0.783822
9039,9.039000,-28.684718,-22.803442,2.839624,-31.524342,112.199196,0.797112
9040,9.040000,-28.661485,-22.538014,2.839624,-31.501109,112.240074,0.777592
9041,9.041000,-28.636717,-22.265522,2.839624,-31.476341,112.275230,0.767712
9042,9.042000,-28.610324,-21.985979,2.839624,-31.449947,112.294334,0.778202
9043,9.043000,-28.582214,-21.699390,2.839624,-31.421838,112.189720,0.769792
9044,9.044000,-28.552289,-21.405774,2.839624,-31.391913,110.801292,0.774032
9045,9.045000,-28.520457,-21.105223,2.839624,-31.360081,86.651184,0.788252
9046,9.046000,-28.486617,-20.799150,2.839624,-31.326241,59.291702,0.769172
9047,9.047000,-28.450670,-20.489495,2.839624,-31.290293,36.441074,0.779712
9048,9.048000,-28.412516,-20.178032,2.839624,-31.252140,23.783945,0.769492
9049,9.049000,-28.372053,-19.865855,2.839624,-31.211676,15.638832,0.781982
9050,9.050000,-28.329183,-19.553597,2.839624,-31.168806,9.339381,1.317367
9051,9.051000,-28.283807,-19.241662,2.839624,-31.123430,5.518843,0.779402
9052,9.052000,-28.235826,-18.930260,2.839624,-31.075450,2.498747,0.764513
9053,9.053000,-28.185144,-18.619524,2.839624,-31.024768,-0.508615,1.028780
9054,9.054000,-28.131666,-18.309582,2.839624,-30.971289,-2.851115,0.875081
9055,9.055000,-28.075296,-18.000537,2.839624,-30.914920,-5.716365,0.765333
9056,9.056000,-28.015944,-17.692526,2.839624,-30.855567,-8.930523,0.773372
9057,9.057000,-27.953512,-17.385727,2.839624,-30.793136,-12.921905,0.774472
9058,9.058000,-27.887917,-17.080375,2.839624,-30.727540,-17.230635,0.775182
9059,9.059000,-27.819065,-16.776743,2.839624,-30.658689,-21.943283,0.773562
9060,9.060000,-27.746872,-16.475133,2.839624,-30.586495,-27.873236,0.787292
9061,9.061000,-27.671253,-16.175930,2.839624,-30.510877,-33.435501,0.769172
9062,9.062000,-27.592124,-15.879510,2.839624,-30.431747,-39.388523,0.783612
9063,9.063000,-27.509403,-15.586270,2.839624,-30.349027,-45.217205,0.769813
9064,9.064000,-27.423013,-15.296600,2.839624,-30.262637,-51.047050,0.773672
9065,9.065000,-27.332880,-15.010884,2.839624,-30.172504,-57.186119,0.777383
9066,9.066000,-27.238928,-14.729525,2.839624,-30.078551,-62.379116,0.769972
9067,9.067000,-27.141087,-14.452870,2.839624,-29.980710,-68.207733,0.777153
9068,9.068000,-27.039291,-14.181286,2.839624,-29.878915,-74.658730,0.958710
9069,9.069000,-26.933476,-13.915185,2.839624,-29.773100,-81.635384,0.930680
9070,9.070000,-26.823582,-13.655015,2.839624,-29.663206,-90.257088,0.769552
9071,9.071000,-26.709550,-13.401328,2.839624,-29.549174,-98.352608,0.768322
9072,9.072000,-26.591327,-13.154671,2.839624,-29.430950,-103.227493,0.887291
9073,9.073000,-26.468865,-12.915398,2.839624,-29.308488,-106.131081,0.866841
9074,9.074000,-26.342117,-12.683694,2.839624,-29.181741,-107.859688,0.770053
9075,9.075000,-26.211044,-12.459640,2.839624,-29.050668,-108.841652,0.775062
9076,9.076000,-26.075606,-12.243250,2.839624,-28.915230,-109.393059,0.778613
9077,9.077000,-25.935775,-12.034506,2.839624,-28.775399,-109.688416,0.775092
9078,9.078000,-25.791520,-11.833378,2.839624,-28.631144,-109.823341,0.777773
9079,9.079000,-25.642817,-11.639826,2.839624,-28.482440,-109.909424,0.771702
9080,9.080000,-25.489648,-11.453811,2.839624,-28.329271,-109.948555,0.768383
9081,9.081000,-25.331995,-11.275301,2.839624,-28.171619,-109.967163,0.773712
9082,9.082000,-25.169848,-11.104261,2.839624,-28.009472,-109.979492,0.786142
9083,9.083000,-25.003202,-10.940662,2.839624,-27.842825,-109.984673,0.793912
9084,9.084000,-24.832051,-10.784475,2.839624,-27.671675,-109.988564,0.777423
9085,9.085000,-24.656399,-10.635673,2.839624,-27.496023,-109.991798,0.775312
9086,9.086000,-24.476251,-10.494233,2.839624,-27.315875,-109.991722,0.769863
9087,9.087000,-24.291616,-10.360129,2.839624,-27.131239,-109.992622,1.094679
9088,9.088000,-24.102510,-10.233336,2.839624,-26.942133,-109.996132,0.971600
9089,9.089000,-23.908949,-10.113832,2.839624,-26.748573,-110.001862,0.776443
9090,9.090000,-23.710959,-10.001594,2.839624,-26.550583,-110.008247,0.767862
9091,9.091000,-23.508563,-9.896597,2.839624,-26.348187,-110.012245,0.864302
9092,9.092000,-23.301793,-9.798822,2.839624,-26.141417,-110.015564,0.764712
9093,9.093000,-23.090686,-9.708245,2.839624,-25.930309,-110.017357,0.781002
9094,9.094000,-22.875277,-9.624844,2.839624,-25.714900,-110.017319,0.776542
9095,9.095000,-22.655611,-9.548595,2.839624,-25.495235,-110.014786,0.776743
9096,9.096000,-22.431735,-9.479477,2.839624,-25.271358,-110.008659,0.776462
9097,9.097000,-22.203702,-9.417467,2.839624,-25.043326,-109.999031,0.766953
9098,9.098000,-21.971563,-9.362544,2.839624,-24.811186,-109.985329,0.765192
9099,9.099000,-21.735380,-9.314682,2.839624,-24.575003,-109.956421,0.772713
9100,9.100000,-21.495215,-9.273860,2.839624,-24.334839,-109.909744,0.777142
9101,9.101000,-21.251136,-9.240052,2.839624,-24.090760,-109.838448,0.781403
9102,9.102000,-21.003212,-9.213233,2.839624,-23.842836,-109.727364,0.787402
9103,9.103000,-20.751518,-9.193372,2.839624,-23.591142,-109.555031,0.775852
9104,9.104000,-20.496134,-9.180439,2.839624,-23.335758,-109.286980,0.763672
9105,9.105000,-20.237140,-9.174394,2.839624,-23.076764,-108.839378,0.794972
9106,9.106000,-19.974622,-9.175186,2.839624,-22.814245,-108.011772,1.168538
9107,9.107000,-19.708671,-9.182742,2.839624,-22.548295,-106.551445,0.766883
9108,9.108000,-19.439379,-9.196944,2.839624,-22.279003,-104.225090,0.774412
9109,9.109000,-19.166844,-9.217618,2.839624,-22.006468,-101.242119,1.125879
9110,9.110000,-18.891166,-9.244537,2.839624,-21.730790,-98.025871,0.868812
9111,9.111000,-18.612446,-9.277454,2.839624,-21.452070,-93.857018,0.768522
9112,9.112000,-18.330793,-9.316065,2.839624,-21.170417,-87.738747,0.773913
9113,9.113000,-18.046316,-9.359941,2.839624,-20.885940,-80.008263,0.784932
9114,9.114000,-17.759127,-9.408538,2.839624,-20.598751,-73.176888,0.781742
9115,9.115000,-17.469343,-9.461338,2.839624,-20.308966,-66.896507,0.772382
9116,9.116000,-17.177081,-9.517873,2.839624,-20.016704,-61.681934,0.780352
9117,9.117000,-16.882459,-9.577754,2.839624,-19.722082,-57.299179,0.763362
9118,9.118000,-16.585600,-9.640664,2.839624,-19.425223,-52.669098,0.780732
9119,9.119000,-16.286629,-9.706292,2.839624,-19.126252,-48.783974,0.773052
9120,9.120000,-15.985668,-9.774368,2.839624,-18.825292,-45.288910,0.792272
9121,9.121000,-15.682847,-9.844654,2.839624,-18.522470,-41.673042,0.771463
9122,9.122000,-15.378294,-9.916912,2.839624,-18.217917,-38.193375,0.770362
9123,9.123000,-15.072137,-9.990910,2.839624,-17.911761,-35.273548,0.790263
9124,9.124000,-14.764509,-10.066445,2.839624,-17.604133,-32.550167,0.764522
9125,9.125000,-14.455540,-10.143336,2.839624,-17.295164,-30.330143,0.879782
9126,9.126000,-14.145364,-10.221434,2.839624,-16.984988,-28.205564,0.789472
9127,9.127000,-13.834114,-10.300596,2.839624,-16.673737,-26.088926,0.773662
9128,9.128000,-13.521924,-10.380689,2.839624,-16.361547,-23.979551,1.004770
9129,9.129000,-13.208928,-10.461572,2.839624,-16.048552,-22.144541,0.783462
9130,9.130000,-12.895264,-10.543123,2.839624,-15.734888,-20.630335,0.787663
9131,9.131000,-12.581067,-10.625238,2.839624,-15.420690,-19.066004,0.800512
9132,9.132000,-12.266472,-10.707816,2.839624,-15.106096,-17.448341,0.783402
9133,9.133000,-11.951619,-10.790755,2.839624,-14.791242,-15.798753,0.799602
9134,9.134000,-11.636641,-10.873942,2.839624,-14.476265,-13.999803,0.810041
9135,9.135000,-11.321678,-10.957261,2.839624,-14.161302,-12.146525,0.823371
9136,9.136000,-11.006865,-11.040588,2.839624,-13.846489,-10.210972,0.820581
9137,9.137000,-10.692340,-11.123793,2.839624,-13.531964,-8.124530,0.828122
9138,9.138000,-10.378240,-11.206735,2.839624,-13.217864,-5.926188,0.818972
9139,9.139000,-10.064701,-11.289268,2.839624,-12.904325,-4.002171,0.823902
9140,9.140000,-9.751860,-11.371258,2.839624,-12.591483,-2.115003,0.827842
9141,9.141000,-9.439852,-11.452578,2.839624,-12.279475,-0.303510,0.818432
9142,9.142000,-9.128812,-11.533107,2.839624,-11.968435,1.237984,0.828062
9143,9.143000,-8.818876,-11.612747,2.839624,-11.658499,2.660449,0.815042
9144,9.144000,-8.510177,-11.691402,2.839624,-11.349800,4.004464,0.814642
9145,9.145000,-8.202847,-11.768991,2.839624,-11.042471,5.295897,0.801202
9146,9.146000,-7.897021,-11.845434,2.839624,-10.736645,6.525729,0.818942
9147,9.147000,-7.592828,-11.920655,2.839624,-10.432452,7.496647,0.919151
9148,9.148000,-7.290400,-11.994594,2.839624,-10.130024,8.678511,0.822632
9149,9.149000,-6.989866,-12.067183,2.839624,-9.829490,10.221629,0.816232
9150,9.150000,-6.691353,-12.138330,2.839624,-9.530977,11.991952,0.826492
9151,9.151000,-6.394989,-12.207923,2.839624,-9.234613,13.807406,0.823262
9152,9.152000,-6.100900,-12.275846,2.839624,-8.940523,15.483874,0.821102
9153,9.153000,-5.809209,-12.341986,2.839624,-8.648832,16.855507,0.830202
9154,9.154000,-5.520039,-12.406254,2.839624,-8.359663,18.202383,0.819192
9155,9.155000,-5.233512,-12.468568,2.839624,-8.073136,19.518999,0.818062
9156,9.156000,-4.949747,-12.528848,2.839624,-7.789371,21.493814,0.808192
9157,9.157000,-4.668863,-12.586979,2.839624,-7.508487,24.495440,0.801182
9158,9.158000,-4.390975,-12.642777,2.839624,-7.230599,27.390669,0.806082
9159,9.159000,-4.116198,-12.696046,2.839624,-6.955822,30.371880,0.819111
9160,9.160000,-3.844644,-12.746590,2.839624,-6.684268,33.507896,0.810712
9161,9.161000,-3.576424,-12.794198,2.839624,-6.416047,36.721493,0.884941
9162,9.162000,-3.311645,-12.838662,2.839624,-6.151269,40.201389,0.819342
9163,9.163000,-3.050414,-12.879758,2.839624,-5.890038,44.183777,0.815332
9164,9.164000,-2.792833,-12.917227,2.839624,-5.632457,48.681004,0.830312
9165,9.165000,-2.539004,-12.950781,2.839624,-5.378628,53.949738,0.823182
9166,9.166000,-2.289025,-12.980078,2.839624,-5.128649,58.373703,0.816002
9167,9.167000,-2.042991,-13.004813,2.839624,-4.882614,61.928299,0.800852
9168,9.168000,-1.800993,-13.024745,2.839624,-4.640617,65.102615,0.806452
9169,9.169000,-1.563122,-13.039676,2.839624,-4.402746,67.998039,0.832132
9170,9.170000,-1.329464,-13.049432,2.839624,-4.169087,70.529610,0.821952
9171,9.171000,-1.100100,-13.053866,2.839624,-3.939723,72.598915,0.821782
9172,9.172000,-0.875110,-13.052862,2.839624,-3.714734,74.399666,0.818062
9173,9.173000,-0.654570,-13.046326,2.839624,-3.494194,75.928154,0.813392
9174,9.174000,-0.438552,-13.034182,2.839624,-3.278176,77.192474,0.823662
9175,9.175000,-0.227125,-13.016373,2.839624,-3.066749,79.300682,0.819652
9176,9.176000,-0.020354,-12.992795,2.839624,-2.859978,82.499275,0.815142
9177,9.177000,0.181700,-12.963268,2.839624,-2.657924,85.392097,0.799162
9178,9.178000,0.378979,-12.927610,2.839624,-2.460645,87.736328,0.797582
9179,9.179000,0.571429,-12.885671,2.839624,-2.268194,89.355278,0.806402
9180,9.180000,0.759001,-12.837353,2.839624,-2.080623,90.835487,0.899121
9181,9.181000,0.941648,-12.782582,2.839624,-1.897976,91.459892,0.807312
9182,9.182000,1.119329,-12.721337,2.839624,-1.720295,91.171982,0.809682
9183,9.183000,1.292005,-12.653657,2.839624,-1.547618,89.855476,0.927001
9184,9.184000,1.459644,-12.579662,2.839624,-1.379980,88.497459,0.813592
9185,9.185000,1.622215,-12.499483,2.839624,-1.217409,87.142067,0.810382
9186,9.186000,1.779691,-12.413252,2.839624,-1.059932,85.564865,0.819102
9187,9.187000,1.932053,-12.321109,2.839624,-0.907571,83.832504,0.805722
9188,9.188000,2.079280,-12.223203,2.839624,-0.760344,82.333321,0.802662
9189,9.189000,2.221359,-12.119667,2.839624,-0.618264,81.541664,0.800212
9190,9.190000,2.358280,-12.010588,2.839624,-0.481343,81.049850,0.814612
9191,9.191000,2.490036,-11.896023,2.839624,-0.349587,80.429909,0.810402
9192,9.192000,2.616624,-11.776028,2.839624,-0.222999,79.636963,0.806892
9193,9.193000,2.738045,-11.650671,2.839624,-0.101579,78.686897,0.809082
9194,9.194000,2.854303,-11.520032,2.839624,0.014679,77.728989,0.810312
9195,9.195000,2.965406,-11.384196,2.839624,0.125782,77.009384,0.831732
9196,9.196000,3.071366,-11.243232,2.839624,0.231743,76.305840,0.807202
9197,9.197000,3.172199,-11.097210,2.839624,0.332576,75.593285,0.805532
9198,9.198000,3.267924,-10.946194,2.839624,0.428300,74.989708,0.798762
9199,9.199000,3.358563,-10.790245,2.839624,0.518939,74.494797,0.795903
9200,9.200000,3.444141,-10.629416,2.839624,0.604518,74.112511,0.821252
9201,9.201000,3.524690,-10.463750,2.839624,0.685066,73.664253,0.793512
9202,9.202000,3.600241,-10.293294,2.839624,0.760617,73.192635,0.811782
9203,9.203000,3.670831,-10.118096,2.839624,0.831207,72.501076,0.802542
9204,9.204000,3.736499,-9.938219,2.839624,0.896875,71.422310,0.806422
9205,9.205000,3.797290,-9.753749,2.839624,0.957666,69.932564,0.798993
9206,9.206000,3.853249,-9.564806,2.839624,1.013625,67.883827,0.796652
9207,9.207000,3.904426,-9.371544,2.839624,1.064802,65.296730,0.790372
9208,9.208000,3.950874,-9.174160,2.839624,1.111251,62.418507,0.795912
9209,9.209000,3.992650,-8.972872,2.839624,1.153027,59.006702,0.802712
9210,9.210000,4.029812,-8.767934,2.839624,1.190188,55.354027,0.804341
9211,9.211000,4.062422,-8.559619,2.839624,1.222799,51.379349,0.801222
9212,9.212000,4.090545,-8.348217,2.839624,1.250922,47.588799,0.801272
9213,9.213000,4.114249,-8.134013,2.839624,1.274625,44.430012,0.809212
9214,9.214000,4.133602,-7.917248,2.839624,1.293978,42.443756,0.799162
9215,9.215000,4.148678,-7.698083,2.839624,1.309054,41.045731,0.805692
9216,9.216000,4.159551,-7.476624,2.839624,1.319927,39.564499,0.790782
9217,9.217000,4.166297,-7.252971,2.839624,1.326674,37.937428,0.801152
9218,9.218000,4.168997,-7.027231,2.839624,1.329373,36.212879,0.796032
9219,9.219000,4.167730,-6.799522,2.839624,1.328107,34.293625,0.803512
9220,9.220000,4.162581,-6.569980,2.839624,1.322957,32.501617,1.004420
9221,9.221000,4.153634,-6.338734,2.839624,1.314010,30.757006,0.802212
9222,9.222000,4.140977,-6.105914,2.839624,1.301353,29.011728,0.796832
9223,9.223000,4.124698,-5.871644,2.839624,1.285074,27.374886,0.802402
9224,9.224000,4.104888,-5.636046,2.839624,1.265265,25.971041,0.799562
9225,9.225000,4.081640,-5.399224,2.839624,1.242016,24.463726,0.795253
9226,9.226000,4.055047,-5.161286,2.839624,1.215424,22.696573,0.790262
9227,9.227000,4.025206,-4.922355,2.839624,1.185582,21.230703,0.800102
9228,9.228000,3.992212,-4.682540,2.839624,1.152589,20.161644,0.810512
9229,9.229000,3.956165,-4.441926,2.839624,1.116541,19.064611,0.791243
9230,9.230000,3.917164,-4.200589,2.839624,1.077540,17.770481,0.806212
9231,9.231000,3.875310,-3.958619,2.839624,1.035686,16.384420,0.797622
9232,9.232000,3.830705,-3.716113,2.839624,0.991081,15.082402,0.807752
9233,9.233000,3.783452,-3.473166,2.839624,0.943829,13.695738,0.796432
9234,9.234000,3.733656,-3.229876,2.839624,0.894033,12.060971,0.799941
9235,9.235000,3.681422,-2.986358,2.839624,0.841799,10.453002,0.783642
9236,9.236000,3.626857,-2.742726,2.839624,0.787233,9.011325,0.877101
9237,9.237000,3.570067,-2.499087,2.839624,0.730443,7.434726,0.794593
9238,9.238000,3.511160,-2.255550,2.839624,0.671537,5.839095,0.795622
9239,9.239000,3.450245,-2.012228,2.839624,0.610621,3.953933,0.853762
9240,9.240000,3.387430,-1.769248,2.839624,0.547807,1.959518,0.816282
9241,9.241000,3.322826,-1.526751,2.839624,0.483202,-0.405230,0.800602
9242,9.242000,3.256542,-1.284897,2.839624,0.416918,-2.875675,0.792972
9243,9.243000,3.188689,-1.043858,2.839624,0.349065,-4.883559,0.791732
9244,9.244000,3.119377,-0.803782,2.839624,0.279753,-6.807205,0.792422
9245,9.245000,3.048717,-0.564801,2.839624,0.209094,-8.694016,0.784012
9246,9.246000,2.976821,-0.327045,2.839624,0.137197,-10.541739,0.797872
9247,9.247000,2.903798,-0.090635,2.839624,0.064174,-12.313681,0.799852
9248,9.248000,2.829759,0.144308,2.839624,-0.009865,-14.334235,0.789082
9249,9.249000,2.754815,0.377654,2.839624,-0.084809,-16.215208,0.796492
9250,9.250000,2.679076,0.609276,2.839624,-0.160548,-18.124601,0.796142
9251,9.251000,2.602652,0.839048,2.839624,-0.236972,-20.254499,0.791263
9252,9.252000,2.525652,1.066831,2.839624,-0.313971,-22.606024,0.779692
9253,9.253000,2.448186,1.292469,2.839624,-0.391438,-25.299505,0.788702
9254,9.254000,2.370361,1.515786,2.839624,-0.469263,-28.164228,0.887382
9255,9.255000,2.292285,1.736589,2.839624,-0.547339,-31.255938,0.819392
9256,9.256000,2.214064,1.954672,2.839624,-0.625559,-34.481209,0.790902
9257,9.257000,2.135805,2.169817,2.839624,-0.703818,-37.470776,0.792572
9258,9.258000,2.057613,2.381820,2.839624,-0.782011,-41.072304,0.804862
9259,9.259000,1.979590,2.590447,2.839624,-0.860034,-44.674614,0.793272
9260,9.260000,1.901838,2.795458,2.839624,-0.937785,-47.889763,0.788052
9261,9.261000,1.824460,2.996634,2.839624,-1.015163,-50.909435,0.798292
9262,9.262000,1.747554,3.193776,2.839624,-1.092069,-54.347546,0.780212
9263,9.263000,1.671218,3.386666,2.839624,-1.168406,-57.383430,0.787672
9264,9.264000,1.595548,3.575104,2.839624,-1.244076,-60.064003,0.793162
9265,9.265000,1.520637,3.758917,2.839624,-1.318987,-62.463783,0.798612
9266,9.266000,1.446579,3.937954,2.839624,-1.393045,-64.700661,0.789812
9267,9.267000,1.373463,4.112079,2.839624,-1.466161,-66.936340,0.816042
9268,9.268000,1.301377,4.281158,2.839624,-1.538247,-69.523415,0.791922
9269,9.269000,1.230408,4.445039,2.839624,-1.609216,-72.308266,0.789142
9270,9.270000,1.160638,4.603550,2.839624,-1.678986,-74.806511,0.793642
9271,9.271000,1.092150,4.756532,2.839624,-1.747474,-78.174324,0.787662
9272,9.272000,1.025021,4.903780,2.839624,-1.814603,-81.834984,0.800252
9273,9.273000,0.959328,5.045060,2.839624,-1.880295,-84.979790,0.838251
9274,9.274000,0.895146,5.180163,2.839624,-1.944478,-89.514412,0.789363
9275,9.275000,0.832543,5.308809,2.839624,-2.007080,-93.590378,0.787162
9276,9.276000,0.771590,5.430724,2.839624,-2.068034,-96.754349,0.788192
9277,9.277000,0.712350,5.545696,2.839624,-2.127274,-98.835854,0.797893
9278,9.278000,0.654885,5.653590,2.839624,-2.184739,-100.094551,0.794662
9279,9.279000,0.599254,5.754337,2.839624,-2.240370,-100.704521,0.775882
9280,9.280000,0.545513,5.847924,2.839624,-2.294111,-100.950127,0.786083
9281,9.281000,0.493713,5.934365,2.839624,-2.345911,-100.829292,0.784372
9282,9.282000,0.443904,6.013702,2.839624,-2.395720,-100.257866,0.787402
9283,9.283000,0.396131,6.086001,2.839624,-2.443492,-99.226768,0.793642
9284,9.284000,0.350438,6.151361,2.839624,-2.489186,-97.720238,0.791292
9285,9.285000,0.306862,6.209912,2.839624,-2.532762,-95.585411,0.787852
9286,9.286000,0.265440,6.261823,2.839624,-2.574184,-92.881683,0.776202
9287,9.287000,0.226205,6.307302,2.839624,-2.613418,-90.256416,0.805792
9288,9.288000,0.189187,6.346561,2.839624,-2.650436,-88.324379,0.783792
9289,9.289000,0.154413,6.379768,2.839624,-2.685211,-87.148453,0.785783
9290,9.290000,0.121906,6.407029,2.839624,-2.717718,-86.338425,0.794062
9291,9.291000,0.091687,6.428419,2.839624,-2.747936,-86.584732,0.789002
9292,9.292000,0.063775,6.443939,2.839624,-2.775849,-87.272316,0.860232
9293,9.293000,0.038184,6.453551,2.839624,-2.801440,-88.216248,0.792792
9294,9.294000,0.014927,6.457194,2.839624,-2.824697,-88.904686,0.773793
9295,9.295000,-0.005988,6.454821,2.839624,-2.845612,-89.929207,0.783032
9296,9.296000,-0.024554,6.446370,2.839624,-2.864177,-91.058472,0.801972
9297,9.297000,-0.040767,6.431775,2.839624,-2.880391,-91.273125,0.789512
9298,9.298000,-0.054628,6.411022,2.839624,-2.894252,-90.371071,0.786982
9299,9.299000,-0.066139,6.384174,2.839624,-2.905763,-88.256401,0.786482
9300,9.300000,-0.075307,6.351386,2.839624,-2.914931,-84.656563,0.790883
9301,9.301000,-0.082140,6.312919,2.839624,-2.921764,-81.337929,0.790782
9302,9.302000,-0.086650,6.269039,2.839624,-2.926274,-78.307701,0.772482
9303,9.303000,-0.088851,6.219991,2.839624,-2.928475,-75.616066,0.788952
9304,9.304000,-0.088760,6.165989,2.839624,-2.928384,-73.040901,0.782032
9305,9.305000,-0.086398,6.107230,2.839624,-2.926022,-70.360390,0.786852
9306,9.306000,-0.081786,6.043909,2.839624,-2.921409,-67.844200,0.792752
9307,9.307000,-0.074948,5.976213,2.839624,-2.914572,-65.966789,0.792782
9308,9.308000,-0.065912,5.904287,2.839624,-2.905536,-64.005760,0.787322
9309,9.309000,-0.054707,5.828270,2.839624,-2.894331,-62.165852,0.770712
9310,9.310000,-0.041364,5.748296,2.839624,-2.880988,-60.247704,0.775042
9311,9.311000,-0.025918,5.664500,2.839624,-2.865541,-58.337944,0.896951
9312,9.312000,-0.008403,5.577017,2.839624,-2.848026,-56.386497,0.785732
9313,9.313000,0.011143,5.485990,2.839624,-2.828481,-54.333473,0.791172
9314,9.314000,0.032680,5.391564,2.839624,-2.806944,-51.979275,0.788242
9315,9.315000,0.056166,5.293904,2.839624,-2.783458,-49.216278,0.798262
9316,9.316000,0.081558,5.193204,2.839624,-2.758066,-46.136887,0.785252
9317,9.317000,0.108810,5.089683,2.839624,-2.730814,-43.067345,0.785072
9318,9.318000,0.137876,4.983562,2.839624,-2.701747,-40.179413,0.778942
9319,9.319000,0.168708,4.875053,2.839624,-2.670916,-37.319836,0.787592
9320,9.320000,0.201255,4.764359,2.839624,-2.638369,-35.009872,0.786523
9321,9.321000,0.235466,4.651652,2.839624,-2.604158,-32.915169,0.780382
9322,9.322000,0.271289,4.537079,2.839624,-2.568335,-30.820892,0.796912
9323,9.323000,0.308670,4.420784,2.839624,-2.530954,-29.011255,0.800092
9324,9.324000,0.347553,4.302892,2.839624,-2.492070,-27.341688,0.781102
9325,9.325000,0.387884,4.183519,2.839624,-2.451740,-25.340094,0.783002
9326,9.326000,0.429605,4.062796,2.839624,-2.410019,-23.095446,0.777102
9327,9.327000,0.472657,3.940874,2.839624,-2.366967,-20.653017,0.777042
9328,9.328000,0.516982,3.817921,2.839624,-2.322641,-18.288187,0.779212
9329,9.329000,0.562521,3.694104,2.839624,-2.277103,-16.447081,0.786922
9330,9.330000,0.609212,3.569557,2.839624,-2.230412,-14.501652,0.941841
9331,9.331000,0.656995,3.444414,2.839624,-2.182629,-12.501789,0.790432
9332,9.332000,0.705808,3.318809,2.839624,-2.133815,-10.331239,0.788572
9333,9.333000,0.755589,3.192890,2.839624,-2.084035,-8.193131,0.777692
9334,9.334000,0.806275,3.066801,2.839624,-2.033348,-6.129155,0.813702
9335,9.335000,0.857804,2.940686,2.839624,-1.981820,-4.003051,0.773833
9336,9.336000,0.910111,2.814689,2.839624,-1.929513,-2.018060,0.793182
9337,9.337000,0.963134,2.688946,2.839624,-1.876490,-0.097469,0.784702
9338,9.338000,1.016808,2.563587,2.839624,-1.822815,1.722397,0.786262
9339,9.339000,1.071071,2.438736,2.839624,-1.768553,3.183236,0.780512
9340,9.340000,1.125858,2.314492,2.839624,-1.713766,4.599784,0.777243
9341,9.341000,1.181105,2.190949,2.839624,-1.658518,5.918472,0.789382
9342,9.342000,1.236750,2.068191,2.839624,-1.602874,7.460728,0.774323
9343,9.343000,1.292727,1.946315,2.839624,-1.546896,8.845212,0.791962
9344,9.344000,1.348975,1.825413,2.839624,-1.490648,10.214652,0.779672
9345,9.345000,1.405431,1.705574,2.839624,-1.434193,12.157601,0.786043
9346,9.346000,1.462030,1.586920,2.839624,-1.377593,14.298263,0.790052
9347,9.347000,1.518712,1.469593,2.839624,-1.320911,16.919451,0.785702
9348,9.348000,1.575415,1.353767,2.839624,-1.264209,19.302801,0.798612
9349,9.349000,1.632076,1.239609,2.839624,-1.207547,21.819839,0.938650
9350,9.350000,1.688636,1.127287,2.839624,-1.150987,25.266947,0.776412
9351,9.351000,1.745035,1.017027,2.839624,-1.094589,29.124010,0.772582
9352,9.352000,1.801212,0.909086,2.839624,-1.038411,32.397202,0.786832
9353,9.353000,1.857111,0.803698,2.839624,-0.982513,35.648323,0.789922
9354,9.354000,1.912673,0.701082,2.839624,-0.926951,38.557713,0.779433
9355,9.355000,1.967843,0.601435,2.839624,-0.871781,40.892376,0.785722
9356,9.356000,2.022566,0.504914,2.839624,-0.817058,44.445957,0.792492
9357,9.357000,2.076788,0.411735,2.839624,-0.762836,48.035450,0.777463
9358,9.358000,2.130457,0.322130,2.839624,-0.709167,51.411095,0.773432
9359,9.359000,2.183521,0.236327,2.839624,-0.656102,53.966255,0.793263
9360,9.360000,2.235933,0.154498,2.839624,-0.603690,55.769066,0.774502
9361,9.361000,2.287645,0.076763,2.839624,-0.551979,56.835655,0.785482
9362,9.362000,2.338610,0.003181,2.839624,-0.501014,57.382145,0.782762
9363,9.363000,2.388785,-0.066228,2.839624,-0.450839,57.761581,0.782472
9364,9.364000,2.438127,-0.131462,2.839624,-0.401496,57.935207,0.780143
9365,9.365000,2.486597,-0.192533,2.839624,-0.353027,57.976513,0.774632
9366,9.366000,2.534155,-0.249457,2.839624,-0.305469,58.045876,0.770863
9367,9.367000,2.580765,-0.302252,2.839624,-0.258859,58.175491,0.775552
9368,9.368000,2.626391,-0.350927,2.839624,-0.213232,58.536312,0.774633
9369,9.369000,2.671001,-0.395474,2.839624,-0.168622,58.616402,0.863791
9370,9.370000,2.714564,-0.435897,2.839624,-0.125060,58.757286,0.789612
9371,9.371000,2.757049,-0.472199,2.839624,-0.082575,58.971157,0.787552
9372,9.372000,2.798430,-0.504379,2.839624,-0.041194,59.076149,0.944941
9373,9.373000,2.838680,-0.532438,2.839624,-0.000944,58.852051,0.798392
9374,9.374000,2.877776,-0.556400,2.839624,0.038152,58.148445,0.765352
9375,9.375000,2.915695,-0.576320,2.839624,0.076072,57.264542,0.770862
9376,9.376000,2.952419,-0.592270,2.839624,0.112795,56.044685,0.770342
9377,9.377000,2.987928,-0.604346,2.839624,0.148304,54.852737,0.782602
9378,9.378000,3.022206,-0.612646,2.839624,0.182582,53.675915,0.775973
9379,9.379000,3.055238,-0.617265,2.839624,0.215615,52.719589,0.792182
9380,9.380000,3.087012,-0.618285,2.839624,0.247389,51.877754,0.782032
9381,9.381000,3.117517,-0.615774,2.839624,0.277894,51.334400,0.766413
9382,9.382000,3.146743,-0.609782,2.839624,0.307119,51.228447,0.766172
9383,9.383000,3.174682,-0.600327,2.839624,0.335058,51.404411,0.776463
9384,9.384000,3.201328,-0.587404,2.839624,0.361705,51.784973,0.777342
9385,9.385000,3.226678,-0.570991,2.839624,0.387054,51.635086,0.773423
9386,9.386000,3.250728,-0.551095,2.839624,0.411104,50.699207,0.777692
9387,9.387000,3.273477,-0.527777,2.839624,0.433854,49.226147,0.786032
9388,9.388000,3.294927,-0.501143,2.839624,0.455303,47.365486,0.897641
9389,9.389000,3.315079,-0.471330,2.839624,0.475456,44.678619,0.777802
9390,9.390000,3.333938,-0.438531,2.839624,0.494315,42.142097,0.766763
9391,9.391000,3.351510,-0.402939,2.839624,0.511886,40.491657,0.985860
9392,9.392000,3.367801,-0.364696,2.839624,0.528177,38.859524,0.777453
9393,9.393000,3.382819,-0.323923,2.839624,0.543196,37.175217,0.857911
9394,9.394000,3.396575,-0.280740,2.839624,0.556951,35.359928,0.778133
9395,9.395000,3.409079,-0.235273,2.839624,0.569455,33.403332,0.778882
9396,9.396000,3.420344,-0.187660,2.839624,0.580721,31.789553,0.780063
9397,9.397000,3.430384,-0.138020,2.839624,0.590760,30.302336,0.782812
9398,9.398000,3.439212,-0.086460,2.839624,0.599588,28.862265,0.787472
9399,9.399000,3.446845,-0.033081,2.839624,0.607221,27.259363,0.770153
9400,9.400000,3.453299,0.022007,2.839624,0.613675,25.560759,0.774322
9401,9.401000,3.458593,0.078687,2.839624,0.618969,24.096687,0.778743
9402,9.402000,3.462745,0.136852,2.839624,0.623121,22.653938,0.786172
9403,9.403000,3.465774,0.196401,2.839624,0.626151,21.226416,0.775193
9404,9.404000,3.467702,0.257234,2.839624,0.628079,19.738314,0.775232
9405,9.405000,3.468551,0.319249,2.839624,0.628927,18.480623,0.777213
9406,9.406000,3.468341,0.382354,2.839624,0.628718,17.231333,0.779442
9407,9.407000,3.467097,0.446464,2.839624,0.627473,15.960828,0.866072
9408,9.408000,3.464842,0.511491,2.839624,0.625218,14.742084,0.770502
9409,9.409000,3.461600,0.577349,2.839624,0.621976,13.641063,0.766423
9410,9.410000,3.457397,0.643962,2.839624,0.617773,12.962905,0.838342
9411,9.411000,3.452257,0.711279,2.839624,0.612634,12.320170,0.789502
9412,9.412000,3.446208,0.779255,2.839624,0.606585,11.708482,0.798842
9413,9.413000,3.439276,0.847852,2.839624,0.599653,11.152707,0.966891
9414,9.414000,3.431489,0.917032,2.839624,0.591865,10.585312,0.767532
9415,9.415000,3.422874,0.986757,2.839624,0.583250,10.079670,0.767792
9416,9.416000,3.413459,1.056993,2.839624,0.573835,9.763226,0.766192
9417,9.417000,3.403273,1.127716,2.839624,0.563649,9.359759,0.791782
9418,9.418000,3.392345,1.198899,2.839624,0.552722,8.761586,0.791022
9419,9.419000,3.380705,1.270505,2.839624,0.541082,8.062826,0.776192
9420,9.420000,3.368384,1.342485,2.839624,0.528760,7.216196,0.776872
9421,9.421000,3.355410,1.414780,2.839624,0.515786,6.330862,0.768232
9422,9.422000,3.341815,1.487328,2.839624,0.502192,5.584312,0.768582
9423,9.423000,3.327630,1.560072,2.839624,0.488007,4.902780,0.773192
9424,9.424000,3.312887,1.632964,2.839624,0.473263,4.234123,0.776462
9425,9.425000,3.297616,1.705956,2.839624,0.457992,3.470359,0.774962
9426,9.426000,3.281849,1.778998,2.839624,0.442225,2.565073,0.860651
9427,9.427000,3.265618,1.852028,2.839624,0.425994,1.622921,0.771193
9428,9.428000,3.248956,1.924982,2.839624,0.409332,0.628411,0.773382
9429,9.429000,3.231894,1.997791,2.839624,0.392270,-0.305959,0.974511
9430,9.430000,3.214464,2.070389,2.839624,0.374841,-1.360240,0.779572
9431,9.431000,3.196700,2.142705,2.839624,0.357076,-2.288847,0.761803
9432,9.432000,3.178633,2.214674,2.839624,0.339009,-3.109409,0.768002
9433,9.433000,3.160295,2.286240,2.839624,0.320672,-3.936416,0.772773
9434,9.434000,3.141719,2.357346,2.839624,0.302096,-4.771884,0.782182
9435,9.435000,3.122938,2.427939,2.839624,0.283314,-5.625243,0.777862
9436,9.436000,3.103982,2.497962,2.839624,0.264358,-6.530637,0.775262
9437,9.437000,3.084884,2.567357,2.839624,0.245260,-7.523805,0.781562
9438,9.438000,3.065675,2.636057,2.839624,0.226051,-8.450982,0.764142
9439,9.439000,3.046387,2.704001,2.839624,0.206764,-9.349805,0.759362
9440,9.440000,3.027052,2.771127,2.839624,0.187428,-10.254216,0.772722
9441,9.441000,3.007700,2.837378,2.839624,0.168076,-11.305390,0.783922
9442,9.442000,2.988361,2.902685,2.839624,0.148738,-12.596691,0.781142
9443,9.443000,2.969067,2.966965,2.839624,0.129443,-14.156669,0.774932
9444,9.444000,2.949847,3.030115,2.839624,0.110223,-15.707994,0.774143
9445,9.445000,2.930730,3.092029,2.839624,0.091106,-17.233574,0.906061
9446,9.446000,2.911746,3.152604,2.839624,0.072122,-18.739840,0.771152
9447,9.447000,2.892922,3.211737,2.839624,0.053298,-20.138216,0.762892
9448,9.448000,2.874287,3.269335,2.839624,0.034664,-21.546782,0.774503
9449,9.449000,2.855869,3.325306,2.839624,0.016245,-23.067606,0.860761
9450,9.450000,2.837692,3.379551,2.839624,-0.001931,-24.397182,0.781373
9451,9.451000,2.819785,3.431983,2.839624,-0.019839,-25.608145,0.780502
9452,9.452000,2.802171,3.482523,2.839624,-0.037453,-26.696150,0.784653
9453,9.453000,2.784875,3.531104,2.839624,-0.054749,-27.496260,0.776692
9454,9.454000,2.767920,3.577674,2.839624,-0.071703,-28.219215,0.768132
9455,9.455000,2.751330,3.622192,2.839624,-0.088294,-28.756964,0.765042
9456,9.456000,2.735125,3.664630,2.839624,-0.104498,-29.139608,0.778113
9457,9.457000,2.719328,3.704969,2.839624,-0.120296,-29.511301,0.781102
9458,9.458000,2.703957,3.743193,2.839624,-0.135667,-29.868361,0.779162
9459,9.459000,2.689032,3.779288,2.839624,-0.150592,-30.311716,0.767122
9460,9.460000,2.674571,3.813233,2.839624,-0.165052,-30.810553,0.768223
9461,9.461000,2.660592,3.845000,2.839624,-0.179032,-31.281904,0.766232
9462,9.462000,2.647110,3.874566,2.839624,-0.192513,-31.549643,0.771043
9463,9.463000,2.634141,3.901913,2.839624,-0.205482,-31.744299,0.772452
9464,9.464000,2.621700,3.927036,2.839624,-0.217924,-31.808260,0.785472
9465,9.465000,2.609799,3.949937,2.839624,-0.229824,-31.792559,0.776162
9466,9.466000,2.598452,3.970622,2.839624,-0.241172,-31.748783,0.779712
9467,9.467000,2.587668,3.989103,2.839624,-0.251955,-31.717810,0.763692
9468,9.468000,2.577459,4.005390,2.839624,-0.262164,-31.634619,0.777462
9469,9.469000,2.567835,4.019495,2.839624,-0.271789,-31.529087,0.770643
9470,9.470000,2.558803,4.031433,2.839624,-0.280821,-31.355003,0.782982
9471,9.471000,2.550371,4.041220,2.839624,-0.289253,-31.080645,0.778803
9472,9.472000,2.542545,4.048880,2.839624,-0.297079,-30.662096,0.779452
9473,9.473000,2.535331,4.054448,2.839624,-0.304293,-30.115276,0.777893
9474,9.474000,2.528733,4.057967,2.839624,-0.310891,-29.410744,0.771582
9475,9.475000,2.522754,4.059490,2.839624,-0.316869,-28.551176,0.774902
9476,9.476000,2.517398,4.059082,2.839624,-0.322225,-27.661961,0.786062
9477,9.477000,2.512667,4.056812,2.839624,-0.326957,-26.913069,0.777182
9478,9.478000,2.508559,4.052740,2.839624,-0.331064,-26.483938,0.778652
9479,9.479000,2.505076,4.046905,2.839624,-0.334547,-26.039785,0.779802
9480,9.480000,2.502218,4.039339,2.839624,-0.337406,-25.585802,0.785813
9481,9.481000,2.499981,4.030077,2.839624,-0.339643,-25.166586,0.782592
9482,9.482000,2.498363,4.019150,2.839624,-0.341261,-24.827841,0.772022
9483,9.483000,2.497361,4.006585,2.839624,-0.342262,-24.821133,0.863991
9484,9.484000,2.496971,3.992388,2.839624,-0.342653,-24.874018,0.773122
9485,9.485000,2.497187,3.976558,2.839624,-0.342436,-24.970591,0.776012
9486,9.486000,2.498005,3.959090,2.839624,-0.341619,-25.229464,0.783462
9487,9.487000,2.499416,3.939968,2.839624,-0.340208,-25.334150,0.795922
9488,9.488000,2.501414,3.919184,2.839624,-0.338209,-25.275215,0.780362
9489,9.489000,2.503991,3.896744,2.839624,-0.335633,-25.050581,0.778163
9490,9.490000,2.507137,3.872664,2.839624,-0.332487,-24.850889,0.764832
9491,9.491000,2.510843,3.846965,2.839624,-0.328781,-24.545584,0.775843
9492,9.492000,2.515097,3.819670,2.839624,-0.324526,-24.086779,0.777612
9493,9.493000,2.519890,3.790816,2.839624,-0.319734,-23.551241,0.796882
9494,9.494000,2.525208,3.760445,2.839624,-0.314416,-22.962072,0.779622
9495,9.495000,2.531039,3.728602,2.839624,-0.308585,-22.325689,0.797582
9496,9.496000,2.537369,3.695336,2.839624,-0.302255,-21.581991,0.768783
9497,9.497000,2.544184,3.660702,2.839624,-0.295440,-20.683018,0.765852
9498,9.498000,2.551469,3.624766,2.839624,-0.288155,-19.737684,0.777543
9499,9.499000,2.559208,3.587596,2.839624,-0.280416,-18.751818,0.779972
9500,9.500000,2.567386,3.549264,2.864483,-0.297097,-17.642916,0.781033
9501,9.501000,2.575985,3.509851,2.864483,-0.288498,-16.687555,0.780412
9502,9.502000,2.584989,3.469427,2.864483,-0.279494,-15.971850,0.772742
9503,9.503000,2.594380,3.428047,2.864483,-0.270103,-15.188852,0.861831
9504,9.504000,2.604139,3.385765,2.864483,-0.260344,-14.481768,0.775163
9505,9.505000,2.614248,3.342630,2.864483,-0.250235,-13.721883,0.785392
9506,9.506000,2.624687,3.298695,2.864483,-0.239796,-12.971163,0.939351
9507,9.507000,2.635438,3.254012,2.864483,-0.229045,-12.215774,0.775552
9508,9.508000,2.646480,3.208632,2.864483,-0.218003,-11.449698,0.774052
9509,9.509000,2.657793,3.162608,2.864483,-0.206690,-10.664455,0.791252
9510,9.510000,2.669356,3.115996,2.864483,-0.195127,-9.870569,0.774163
9511,9.511000,2.681150,3.068849,2.864483,-0.183333,-9.075967,0.778092
9512,9.512000,2.693151,3.021223,2.864483,-0.171332,-8.225072,0.773333
9513,9.513000,2.705340,2.973176,2.864483,-0.159143,-7.288898,0.767862
9514,9.514000,2.717694,2.924773,2.864483,-0.146789,-6.387624,0.776723
9515,9.515000,2.730192,2.876074,2.864483,-0.134291,-5.447945,0.768242
9516,9.516000,2.742812,2.827147,2.864483,-0.121671,-4.399127,0.779013
9517,9.517000,2.755531,2.778060,2.864483,-0.108952,-3.237677,0.786892
9518,9.518000,2.768329,2.728893,2.864483,-0.096154,-1.971196,0.796492
9519,9.519000,2.781181,2.679732,2.864483,-0.083302,-0.683510,0.787293
9520,9.520000,2.794067,2.630667,2.864483,-0.070416,0.588601,0.766502
9521,9.521000,2.806963,2.581784,2.864483,-0.057520,1.756867,0.775113
9522,9.522000,2.819849,2.533165,2.864483,-0.044634,2.708487,0.881231
9523,9.523000,2.832701,2.484876,2.864483,-0.031782,3.632807,0.773762
9524,9.524000,2.845498,2.436977,2.864483,-0.018985,4.514676,0.784272
9525,9.525000,2.858218,2.389527,2.864483,-0.006265,5.413373,0.780562
9526,9.526000,2.870840,2.342582,2.864483,0.006357,6.372376,0.892671
9527,9.527000,2.883342,2.296203,2.864483,0.018859,7.486529,0.781082
9528,9.528000,2.895703,2.250463,2.864483,0.031220,8.492471,0.788083
9529,9.529000,2.907902,2.205427,2.864483,0.043420,9.574841,0.763362
9530,9.530000,2.919920,2.161169,2.864483,0.055437,10.899940,0.779243
9531,9.531000,2.931734,2.117772,2.864483,0.067252,12.377326,0.769832
9532,9.532000,2.943327,2.075334,2.864483,0.078844,13.984776,0.777643
9533,9.533000,2.954679,2.033964,2.864483,0.090196,15.733135,0.783762
9534,9.534000,2.965770,1.993777,2.864483,0.101287,17.384363,0.782292
9535,9.535000,2.976582,1.954887,2.864483,0.112099,18.806635,0.765732
9536,9.536000,2.987097,1.917392,2.864483,0.122614,20.184963,0.762032
9537,9.537000,2.997299,1.881383,2.864483,0.132816,21.422380,0.766802
9538,9.538000,3.007171,1.846939,2.864483,0.142688,22.852100,0.769443
9539,9.539000,3.016696,1.814150,2.864483,0.152213,24.582705,0.779142
9540,9.540000,3.025861,1.783124,2.864483,0.161378,26.377935,0.790352
9541,9.541000,3.034649,1.753979,2.864483,0.170166,27.992125,0.773802
9542,9.542000,3.043049,1.726823,2.864483,0.178566,29.510101,0.770233
9543,9.543000,3.051046,1.701756,2.864483,0.186563,30.787472,0.760302
9544,9.544000,3.058630,1.678861,2.864483,0.194147,31.965401,0.770823
9545,9.545000,3.065789,1.658213,2.864483,0.201306,32.940697,0.924401
9546,9.546000,3.072513,1.639870,2.864483,0.208030,33.876026,0.781442
9547,9.547000,3.078794,1.623887,2.864483,0.214311,34.840061,0.778423
9548,9.548000,3.084623,1.610319,2.864483,0.220140,35.510231,0.771972
9549,9.549000,3.089994,1.599206,2.864483,0.225511,35.779850,0.775703
9550,9.550000,3.094901,1.590561,2.864483,0.230418,35.806503,0.769382
9551,9.551000,3.099339,1.584377,2.864483,0.234856,35.590824,0.767313
9552,9.552000,3.103304,1.580629,2.864483,0.238821,35.275482,0.781532
9553,9.553000,3.106793,1.579285,2.864483,0.242310,34.915054,0.778142
9554,9.554000,3.109805,1.580308,2.864483,0.245322,34.103592,0.771432
9555,9.555000,3.112340,1.583636,2.864483,0.247857,33.100739,0.770933
9556,9.556000,3.114397,1.589193,2.864483,0.249914,32.035107,0.767102
9557,9.557000,3.115978,1.596895,2.864483,0.251495,30.815996,0.766033
9558,9.558000,3.117085,1.606649,2.864483,0.252602,29.763916,0.773242
9559,9.559000,3.117721,1.618374,2.864483,0.253238,28.756723,0.773053
9560,9.560000,3.117890,1.631991,2.864483,0.253407,27.655027,0.817222
9561,9.561000,3.117598,1.647422,2.864483,0.253115,26.262680,0.804812
9562,9.562000,3.116850,1.664570,2.864483,0.252367,24.532640,0.785582
9563,9.563000,3.115652,1.683315,2.864483,0.251170,22.733137,0.783083
9564,9.564000,3.114012,1.703529,2.864483,0.249529,21.120625,0.774922
9565,9.565000,3.111938,1.725091,2.864483,0.247455,19.936081,0.769273
9566,9.566000,3.109437,1.747912,2.864483,0.244954,18.765753,0.778862
9567,9.567000,3.106520,1.771910,2.864483,0.242037,17.502489,0.772883
9568,9.568000,3.103196,1.797000,2.864483,0.238713,16.259117,0.784762
9569,9.569000,3.099475,1.823096,2.864483,0.234992,15.159066,0.784832
9570,9.570000,3.095368,1.850123,2.864483,0.230885,14.142055,0.776642
9571,9.571000,3.090886,1.878009,2.864483,0.226403,13.241951,0.776832
9572,9.572000,3.086041,1.906693,2.864483,0.221558,12.367710,0.764113
9573,9.573000,3.080845,1.936116,2.864483,0.216362,11.467038,0.773902
9574,9.574000,3.075310,1.966217,2.864483,0.210827,10.676069,0.789662
9575,9.575000,3.069450,1.996942,2.864483,0.204967,10.158873,0.782852
9576,9.576000,3.063277,2.028255,2.864483,0.198794,9.553489,0.782622
9577,9.577000,3.056804,2.060115,2.864483,0.192321,8.794412,0.774912
9578,9.578000,3.050046,2.092475,2.864483,0.185563,7.954668,0.769303
9579,9.579000,3.043017,2.125279,2.864483,0.178534,7.086190,0.764372
9580,9.580000,3.035731,2.158466,2.864483,0.171248,6.230145,0.853782
9581,9.581000,3.028202,2.191978,2.864483,0.163719,5.409962,0.780582
9582,9.582000,3.020445,2.225757,2.864483,0.155962,4.597649,0.779432
9583,9.583000,3.012476,2.259747,2.864483,0.147993,3.664795,0.938291
9584,9.584000,3.004309,2.293885,2.864483,0.139826,2.749120,0.776012
9585,9.585000,2.995959,2.328108,2.864483,0.131476,2.085124,0.782803
9586,9.586000,2.987441,2.362369,2.864483,0.122958,1.475480,0.776172
9587,9.587000,2.978772,2.396625,2.864483,0.114289,0.881040,0.781322
9588,9.588000,2.969966,2.430838,2.864483,0.105483,0.298471,0.765242
9589,9.589000,2.961039,2.464971,2.864483,0.096556,-0.192125,0.770602
9590,9.590000,2.952006,2.498990,2.864483,0.087523,-0.668960,0.783812
9591,9.591000,2.942882,2.532866,2.864483,0.078399,-1.159916,0.774312
9592,9.592000,2.933684,2.566566,2.864483,0.069201,-1.667302,0.792362
9593,9.593000,2.924426,2.600059,2.864483,0.059943,-2.153791,0.779792
9594,9.594000,2.915123,2.633311,2.864483,0.050640,-2.647391,0.776363
9595,9.595000,2.905792,2.666292,2.864483,0.041309,-3.137690,0.761672
9596,9.596000,2.896447,2.698968,2.864483,0.031964,-3.642812,0.790293
9597,9.597000,2.887102,2.731307,2.864483,0.022619,-4.156799,0.768292
9598,9.598000,2.877774,2.763276,2.864483,0.013291,-4.646605,0.778753
9599,9.599000,2.868477,2.794840,2.864483,0.003994,-5.110343,0.856871
9600,9.600000,2.859225,2.825970,2.864483,-0.005258,-5.580946,0.775923
9601,9.601000,2.850033,2.856636,2.864483,-0.014449,-6.042256,0.766442
9602,9.602000,2.840916,2.886808,2.864483,-0.023567,-6.457676,0.961171
9603,9.603000,2.831886,2.916458,2.864483,-0.032597,-6.818200,0.769422
9604,9.604000,2.822959,2.945563,2.864483,-0.041524,-7.163126,0.779872
9605,9.605000,2.814147,2.974102,2.864483,-0.050336,-7.511285,0.767803
9606,9.606000,2.805464,3.002054,2.864483,-0.059019,-7.877779,0.783682
9607,9.607000,2.796924,3.029396,2.864483,-0.067559,-8.265799,0.777772
9608,9.608000,2.788538,3.056105,2.864483,-0.075945,-8.667375,0.781022
9609,9.609000,2.780320,3.082154,2.864483,-0.084163,-9.159439,0.784842
9610,9.610000,2.772282,3.107514,2.864483,-0.092201,-9.689925,0.778243
9611,9.611000,2.764435,3.132150,2.864483,-0.100048,-10.230969,0.761952
9612,9.612000,2.756792,3.156026,2.864483,-0.107691,-10.742862,0.776342
9613,9.613000,2.749363,3.179109,2.864483,-0.115120,-11.211720,0.776342
9614,9.614000,2.742160,3.201368,2.864483,-0.122323,-11.660098,0.772772
9615,9.615000,2.735193,3.222775,2.864483,-0.129290,-12.114831,0.778372
9616,9.616000,2.728471,3.243301,2.864483,-0.136011,-12.557269,0.779972
9617,9.617000,2.722006,3.262919,2.864483,-0.142477,-12.978654,0.767352
9618,9.618000,2.715806,3.281603,2.864483,-0.148677,-13.430484,0.770102
9619,9.619000,2.709881,3.299325,2.864483,-0.154602,-13.885739,0.780492
9620,9.620000,2.704238,3.316058,2.864483,-0.160245,-14.302288,0.772333
9621,9.621000,2.698885,3.331775,2.864483,-0.165598,-14.712156,0.788962
9622,9.622000,2.693830,3.346451,2.864483,-0.170653,-15.076129,0.876211
9623,9.623000,2.689081,3.360065,2.864483,-0.175402,-15.402307,0.775992
9624,9.624000,2.684643,3.372598,2.864483,-0.179840,-15.685586,0.770203
9625,9.625000,2.680523,3.384032,2.864483,-0.183960,-15.942719,0.762242
9626,9.626000,2.676726,3.394355,2.864483,-0.187757,-16.149820,0.762783
9627,9.627000,2.673258,3.403556,2.864483,-0.191225,-16.307943,0.771222
9628,9.628000,2.670122,3.411627,2.864483,-0.194361,-16.423573,0.779993
9629,9.629000,2.667324,3.418564,2.864483,-0.197159,-16.539394,0.769472
9630,9.630000,2.664866,3.424363,2.864483,-0.199617,-16.650629,0.793823
9631,9.631000,2.662751,3.429022,2.864483,-0.201732,-16.761629,0.771762
9632,9.632000,2.660981,3.432536,2.864483,-0.203502,-16.865789,0.765583
9633,9.633000,2.659559,3.434902,2.864483,-0.204924,-16.928019,0.767172
9634,9.634000,2.658486,3.436119,2.864483,-0.205997,-16.948721,0.771043
9635,9.635000,2.657763,3.436187,2.864483,-0.206720,-16.927485,0.799732
9636,9.636000,2.657390,3.435113,2.864483,-0.207093,-16.863106,0.783432
9637,9.637000,2.657366,3.432903,2.864483,-0.207117,-16.729876,0.783303
9638,9.638000,2.657692,3.429569,2.864483,-0.206791,-16.524191,0.772152
9639,9.639000,2.658364,3.425130,2.864483,-0.206118,-16.236425,0.772793
9640,9.640000,2.659383,3.419608,2.864483,-0.205100,-15.892253,0.763512
9641,9.641000,2.660745,3.413029,2.864483,-0.203738,-15.528623,0.780183
9642,9.642000,2.662448,3.405424,2.864483,-0.202035,-15.184707,0.771812
9643,9.643000,2.664488,3.396820,2.864483,-0.199995,-14.842767,0.775483
9644,9.644000,2.666861,3.387243,2.864483,-0.197622,-14.659641,0.772392
9645,9.645000,2.669563,3.376712,2.864483,-0.194920,-14.650882,0.797142
9646,9.646000,2.672590,3.365230,2.864483,-0.191893,-14.665682,0.761082
9647,9.647000,2.675936,3.352797,2.864483,-0.188547,-14.749213,0.771162
9648,9.648000,2.679595,3.339409,2.864483,-0.184888,-14.972175,0.798442
9649,9.649000,2.683562,3.325053,2.864483,-0.180921,-15.126250,0.771002
9650,9.650000,2.687829,3.309718,2.864483,-0.176654,-15.214198,0.773793
9651,9.651000,2.692390,3.293397,2.864483,-0.172093,-15.202217,0.779492
9652,9.652000,2.697238,3.276092,2.864483,-0.167245,-15.094747,0.775793
9653,9.653000,2.702364,3.257812,2.864483,-0.162119,-14.904288,0.770812
9654,9.654000,2.707760,3.238572,2.864483,-0.156723,-14.636137,0.761503
9655,9.655000,2.713417,3.218393,2.864483,-0.151066,-14.325597,0.768242
9656,9.656000,2.719327,3.197301,2.864483,-0.145156,-13.980041,0.783832
9657,9.657000,2.725478,3.175323,2.864483,-0.139005,-13.602897,0.874641
9658,9.658000,2.731862,3.152487,2.864483,-0.132621,-13.176094,0.772022
9659,9.659000,2.738467,3.128826,2.864483,-0.126016,-12.695905,0.771912
9660,9.660000,2.745284,3.104374,2.864483,-0.119199,-12.135750,0.910181
9661,9.661000,2.752299,3.079173,2.864483,-0.112184,-11.524905,0.769472
9662,9.662000,2.759504,3.053266,2.864483,-0.104979,-10.895676,0.765573
9663,9.663000,2.766884,3.026700,2.864483,-0.097599,-10.251710,0.773342
9664,9.664000,2.774429,2.999519,2.864483,-0.090054,-9.601544,0.771523
9665,9.665000,2.782125,2.971772,2.864483,-0.082358,-9.034479,0.782922
9666,9.666000,2.789960,2.943500,2.864483,-0.074522,-8.456022,0.774793
9667,9.667000,2.797922,2.914742,2.864483,-0.066561,-7.870111,0.786862
9668,9.668000,2.805996,2.885540,2.864483,-0.058487,-7.286028,0.772973
9669,9.669000,2.814170,2.855933,2.864483,-0.050313,-6.672434,0.787522
9670,9.670000,2.822430,2.825964,2.864483,-0.042053,-5.965072,0.767563
9671,9.671000,2.830763,2.795680,2.864483,-0.033720,-5.258512,0.775112
9672,9.672000,2.839154,2.765131,2.864483,-0.025329,-4.570977,0.778352
9673,9.673000,2.847589,2.734363,2.864483,-0.016894,-3.919281,0.777562
9674,9.674000,2.856055,2.703423,2.864483,-0.008428,-3.273584,0.776712
9675,9.675000,2.864538,2.672355,2.864483,0.000055,-2.621863,0.782662
9676,9.676000,2.873023,2.641202,2.864483,0.008540,-1.964419,0.961750
9677,9.677000,2.881495,2.610009,2.864483,0.017012,-1.289034,0.767222
9678,9.678000,2.889942,2.578820,2.864483,0.025459,-0.563673,0.767222
9679,9.679000,2.898348,2.547685,2.864483,0.033865,0.189521,0.771822
9680,9.680000,2.906700,2.516654,2.864483,0.042217,0.961655,0.874262
9681,9.681000,2.914983,2.485779,2.864483,0.050500,1.723764,0.779432
9682,9.682000,2.923184,2.455111,2.864483,0.058701,2.389271,0.780572
9683,9.683000,2.931288,2.424697,2.864483,0.066805,3.066688,0.776292
9684,9.684000,2.939281,2.394580,2.864483,0.074798,3.749060,0.772052
9685,9.685000,2.947151,2.364806,2.864483,0.082668,4.493933,0.771652
9686,9.686000,2.954883,2.335422,2.864483,0.090400,5.288365,0.800642
9687,9.687000,2.962464,2.306482,2.864483,0.097981,6.114492,0.785903
9688,9.688000,2.969881,2.278039,2.864483,0.105398,6.970754,0.778362
9689,9.689000,2.977122,2.250150,2.864483,0.112639,7.837461,0.772862
9690,9.690000,2.984173,2.222872,2.864483,0.119690,8.563117,0.769812
9691,9.691000,2.991023,2.196257,2.864483,0.126540,9.272973,0.774242
9692,9.692000,2.997658,2.170348,2.864483,0.133175,10.049781,0.777502
9693,9.693000,3.004069,2.145197,2.864483,0.139586,11.095803,0.779212
9694,9.694000,3.010243,2.120867,2.864483,0.145760,12.143670,0.775842
9695,9.695000,3.016169,2.097429,2.864483,0.151686,13.225774,0.782082
9696,9.696000,3.021837,2.074955,2.864483,0.157355,14.423368,0.783953
9697,9.697000,3.027237,2.053523,2.864483,0.162754,15.587480,0.775392
9698,9.698000,3.032360,2.033213,2.864483,0.167877,16.810318,0.782982
9699,9.699000,3.037195,2.014105,2.864483,0.172712,18.115900,0.773622
9700,9.700000,3.041735,1.996283,2.864483,0.177252,19.495001,0.763392
9701,9.701000,3.045971,1.979839,2.864483,0.181488,20.881031,0.764912
9702,9.702000,3.049896,1.964865,2.864483,0.185413,21.978102,0.771513
9703,9.703000,3.053504,1.951434,2.864483,0.189021,23.386114,0.776402
9704,9.704000,3.056788,1.939636,2.864483,0.192305,24.709669,0.793462
9705,9.705000,3.059742,1.929556,2.864483,0.195259,25.781900,0.771402
9706,9.706000,3.062363,1.921266,2.864483,0.197880,26.469648,0.777872
9707,9.707000,3.064646,1.914810,2.864483,0.200163,26.792635,0.767052
9708,9.708000,3.066588,1.910207,2.864483,0.202105,26.779892,0.774292
9709,9.709000,3.068187,1.907448,2.864483,0.203704,26.470968,0.824821
9710,9.710000,3.069441,1.906503,2.864483,0.204958,25.967535,0.801012
9711,9.711000,3.070349,1.907329,2.864483,0.205866,25.355501,0.772972
9712,9.712000,3.070912,1.909871,2.864483,0.206429,24.731190,0.780293
9713,9.713000,3.071130,1.914078,2.864483,0.206647,24.010208,0.764432
9714,9.714000,3.071005,1.919891,2.864483,0.206522,23.309984,0.822492
9715,9.715000,3.070538,1.927254,2.864483,0.206055,22.430290,0.779703
9716,9.716000,3.069733,1.936103,2.864483,0.205250,21.599230,0.769622
9717,9.717000,3.068594,1.946375,2.864483,0.204111,20.887501,0.782183
9718,9.718000,3.067123,1.958014,2.864483,0.202640,20.072187,0.784872
9719,9.719000,3.065326,1.970963,2.864483,0.200843,19.171949,0.772123
9720,9.720000,3.063209,1.985156,2.864483,0.198726,18.140360,0.768812
9721,9.721000,3.060777,2.000524,2.864483,0.196294,16.975626,0.768733
9722,9.722000,3.058036,2.016982,2.864483,0.193553,15.912253,0.771632
9723,9.723000,3.054994,2.034454,2.864483,0.190511,14.911809,0.772943
9724,9.724000,3.051658,2.052867,2.864483,0.187175,13.958476,0.774382
9725,9.725000,3.048035,2.072154,2.864483,0.183552,12.933595,0.787522
9726,9.726000,3.044135,2.092244,2.864483,0.179652,11.914315,0.773842
9727,9.727000,3.039965,2.113066,2.864483,0.175482,10.968730,0.792442
9728,9.728000,3.035534,2.134554,2.864483,0.171051,10.302361,0.763493
9729,9.729000,3.030852,2.156659,2.864483,0.166370,9.645179,0.779052
9730,9.730000,3.025929,2.179337,2.864483,0.161446,9.005261,0.774623
9731,9.731000,3.020774,2.202545,2.864483,0.156291,8.263915,0.773142
9732,9.732000,3.015398,2.226235,2.864483,0.150915,7.510948,0.776742
9733,9.733000,3.009811,2.250357,2.864483,0.145328,6.762178,0.793092
9734,9.734000,3.004023,2.274859,2.864483,0.139540,6.037381,0.868122
9735,9.735000,2.998046,2.299691,2.864483,0.133563,5.306295,0.767502
9736,9.736000,2.991891,2.324804,2.864483,0.127408,4.581471,0.763773
9737,9.737000,2.985568,2.350148,2.864483,0.121085,3.898171,0.842132
9738,9.738000,2.979089,2.375675,2.864483,0.114606,3.320495,0.774842
9739,9.739000,2.972466,2.401346,2.864483,0.107983,2.768272,0.788772
9740,9.740000,2.965710,2.427124,2.864483,0.101227,2.244124,0.776182
9741,9.741000,2.958833,2.452974,2.864483,0.094351,1.726394,0.812382
9742,9.742000,2.951847,2.478862,2.864483,0.087364,1.225531,0.778392
9743,9.743000,2.944763,2.504754,2.864483,0.080280,0.744826,0.767972
9744,9.744000,2.937593,2.530620,2.864483,0.073111,0.306492,0.780212
9745,9.745000,2.930350,2.556429,2.864483,0.065867,-0.092689,0.786623
9746,9.746000,2.923044,2.582155,2.864483,0.058561,-0.468094,0.773852
9747,9.747000,2.915687,2.607774,2.864483,0.051204,-0.851728,0.778733
9748,9.748000,2.908292,2.633261,2.864483,0.043809,-1.234759,0.778242
9749,9.749000,2.900871,2.658592,2.864483,0.036388,-1.625182,0.778703
9750,9.750000,2.893434,2.683741,2.864483,0.028951,-2.007421,0.759972
9751,9.751000,2.885994,2.708682,2.864483,0.021511,-2.360098,0.779443
9752,9.752000,2.878562,2.733392,2.864483,0.014079,-2.696738,0.769852
9753,9.753000,2.871150,2.757850,2.864483,0.006667,-3.045451,0.777783
9754,9.754000,2.863769,2.782033,2.864483,-0.000714,-3.402034,0.767152
9755,9.755000,2.856431,2.805918,2.864483,-0.008052,-3.762013,0.779053
9756,9.756000,2.849146,2.829481,2.864483,-0.015337,-4.117479,0.778862
9757,9.757000,2.841925,2.852700,2.864483,-0.022558,-4.471578,0.968081
9758,9.758000,2.834780,2.875551,2.864483,-0.029703,-4.812793,0.773732
9759,9.759000,2.827722,2.898013,2.864483,-0.036761,-5.146699,0.761982
9760,9.760000,2.820760,2.920063,2.864483,-0.043723,-5.477501,0.771072
9761,9.761000,2.813905,2.941681,2.864483,-0.050578,-5.810900,0.771472
9762,9.762000,2.807167,2.962844,2.864483,-0.057316,-6.147350,0.781792
9763,9.763000,2.800557,2.983533,2.864483,-0.063926,-6.480340,0.794532
9764,9.764000,2.794084,3.003726,2.864483,-0.070399,-6.795832,0.787812
9765,9.765000,2.787758,3.023402,2.864483,-0.076725,-7.112649,0.770363
9766,9.766000,2.781587,3.042542,2.864483,-0.082896,-7.423053,0.763432
9767,9.767000,2.775581,3.061126,2.864483,-0.088902,-7.727317,0.772223
9768,9.768000,2.769749,3.079136,2.864483,-0.094734,-8.027955,0.783112
9769,9.769000,2.764099,3.096552,2.864483,-0.100384,-8.317140,0.783472
9770,9.770000,2.758640,3.113356,2.864483,-0.105843,-8.580931,0.781762
9771,9.771000,2.753379,3.129534,2.864483,-0.111104,-8.875398,0.765022
9772,9.772000,2.748324,3.145066,2.864483,-0.116158,-9.229211,0.773993
9773,9.773000,2.743483,3.159931,2.864483,-0.121000,-9.604316,0.773722
9774,9.774000,2.738863,3.174106,2.864483,-0.125620,-9.989183,0.778413
9775,9.775000,2.734469,3.187567,2.864483,-0.130014,-10.422408,0.779562
9776,9.776000,2.730309,3.200285,2.864483,-0.134174,-10.838200,0.799272
9777,9.777000,2.726389,3.212234,2.864483,-0.138094,-11.233001,0.772582
9778,9.778000,2.722714,3.223389,2.864483,-0.141769,-11.596912,0.770972
9779,9.779000,2.719290,3.233726,2.864483,-0.145193,-11.931283,0.774082
9780,9.780000,2.716121,3.243225,2.864483,-0.148362,-12.244636,0.771783
9781,9.781000,2.713212,3.251867,2.864483,-0.151271,-12.531840,0.772652
9782,9.782000,2.710568,3.259635,2.864483,-0.153915,-12.790526,0.773593
9783,9.783000,2.708191,3.266513,2.864483,-0.156292,-13.007951,0.772002
9784,9.784000,2.706086,3.272491,2.864483,-0.158397,-13.186178,0.786333
9785,9.785000,2.704254,3.277559,2.864483,-0.160229,-13.333429,0.769792
9786,9.786000,2.702699,3.281709,2.864483,-0.161783,-13.451795,0.781262
9787,9.787000,2.701423,3.284937,2.864483,-0.163060,-13.542279,0.768542
9788,9.788000,2.700427,3.287240,2.864483,-0.164056,-13.605631,0.775783
9789,9.789000,2.699713,3.288617,2.864483,-0.164770,-13.642409,0.772422
9790,9.790000,2.699280,3.289067,2.864483,-0.165203,-13.652096,0.779373
9791,9.791000,2.699130,3.288595,2.864483,-0.165353,-13.634622,0.958540
9792,9.792000,2.699262,3.287203,2.864483,-0.165221,-13.565740,0.797022
9793,9.793000,2.699676,3.284899,2.864483,-0.164807,-13.457594,0.776962
9794,9.794000,2.700371,3.281693,2.864483,-0.164112,-13.301911,0.779372
9795,9.795000,2.701345,3.277599,2.864483,-0.163138,-13.116526,0.768082
9796,9.796000,2.702597,3.272632,2.864483,-0.161886,-12.925336,0.771152
9797,9.797000,2.704124,3.266809,2.864483,-0.160359,-12.721310,0.775512
9798,9.798000,2.705924,3.260147,2.864483,-0.158559,-12.507019,0.786632
9799,9.799000,2.707993,3.252662,2.864483,-0.156490,-12.316306,0.775443
9800,9.800000,2.710329,3.244371,2.864483,-0.154154,-12.122910,0.774912
9801,9.801000,2.712927,3.235289,2.864483,-0.151556,-11.941541,0.777333
9802,9.802000,2.715783,3.225430,2.864483,-0.148700,-11.763381,0.774412
9803,9.803000,2.718893,3.214810,2.864483,-0.145590,-11.657933,0.767173
9804,9.804000,2.722252,3.203437,2.864483,-0.142231,-11.604540,0.782462
9805,9.805000,2.725854,3.191317,2.864483,-0.138629,-11.532908,0.778492
9806,9.806000,2.729694,3.178456,2.864483,-0.134789,-11.578891,0.781212
9807,9.807000,2.733766,3.164853,2.864483,-0.130717,-11.629327,0.785792
9808,9.808000,2.738064,3.150505,2.864483,-0.126419,-11.628177,0.775982
9809,9.809000,2.742580,3.135414,2.864483,-0.121902,-11.576485,0.775932
9810,9.810000,2.747309,3.119582,2.864483,-0.117174,-11.475505,0.766303
9811,9.811000,2.752242,3.103018,2.864483,-0.112241,-11.309569,0.863811
9812,9.812000,2.757372,3.085735,2.864483,-0.107111,-11.042123,0.770242
9813,9.813000,2.762691,3.067752,2.864483,-0.101792,-10.728688,0.773142
9814,9.814000,2.768190,3.049094,2.864483,-0.096293,-10.368463,0.782892
9815,9.815000,2.773861,3.029786,2.864483,-0.090622,-9.954779,0.880321
9816,9.816000,2.779695,3.009861,2.864483,-0.084788,-9.507697,0.773953
9817,9.817000,2.785683,2.989351,2.864483,-0.078800,-9.090921,0.769862
9818,9.818000,2.791815,2.968286,2.864483,-0.072668,-8.646317,0.768733
9819,9.819000,2.798081,2.946701,2.864483,-0.066402,-8.172366,0.773042
9820,9.820000,2.804472,2.924627,2.864483,-0.060011,-7.683192,0.769783
9821,9.821000,2.810977,2.902100,2.864483,-0.053506,-7.185418,0.796082
9822,9.822000,2.817586,2.879156,2.864483,-0.046897,-6.670176,0.784982
9823,9.823000,2.824289,2.855830,2.864483,-0.040194,-6.153339,0.777022
9824,9.824000,2.831074,2.832158,2.864483,-0.033409,-5.574114,0.773002
9825,9.825000,2.837931,2.808181,2.864483,-0.026552,-4.966547,0.770992
9826,9.826000,2.844848,2.783939,2.864483,-0.019635,-4.381780,0.778232
9827,9.827000,2.851815,2.759475,2.864483,-0.012668,-3.799725,0.789402
9828,9.828000,2.858820,2.734829,2.864483,-0.005663,-3.243010,0.777832
9829,9.829000,2.865852,2.710039,2.864483,0.001369,-2.698152,0.794503
9830,9.830000,2.872900,2.685142,2.864483,0.008417,-2.147960,0.778852
9831,9.831000,2.879951,2.660175,2.864483,0.015468,-1.592540,0.777452
9832,9.832000,2.886995,2.635176,2.864483,0.022513,-1.020465,0.764692
9833,9.833000,2.894021,2.610183,2.864483,0.029538,-0.407164,0.778953
9834,9.834000,2.901016,2.585237,2.864483,0.036533,0.226100,0.964320
9835,9.835000,2.907969,2.560381,2.864483,0.043486,0.867685,0.771313
9836,9.836000,2.914869,2.535657,2.864483,0.050387,1.522844,0.770842
9837,9.837000,2.921705,2.511110,2.864483,0.057222,2.091274,0.776103
9838,9.838000,2.928465,2.486779,2.864483,0.063982,2.676775,0.782542
9839,9.839000,2.935138,2.462702,2.864483,0.070655,3.280749,0.780712
9840,9.840000,2.941714,2.438920,2.864483,0.077231,3.885901,0.766942
9841,9.841000,2.948180,2.415471,2.864483,0.083697,4.494442,0.776062
9842,9.842000,2.954527,2.392396,2.864483,0.090044,5.108044,0.773222
9843,9.843000,2.960744,2.369735,2.864483,0.096261,5.728929,0.781092
9844,9.844000,2.966821,2.347529,2.864483,0.102338,6.355910,0.779753
9845,9.845000,2.972747,2.325819,2.864483,0.108264,6.988046,0.778062
9846,9.846000,2.978513,2.304646,2.864483,0.114030,7.619292,0.780663
9847,9.847000,2.984109,2.284052,2.864483,0.119626,8.201221,0.761322
9848,9.848000,2.989526,2.264074,2.864483,0.125043,8.764901,0.765193
9849,9.849000,2.994754,2.244749,2.864483,0.130271,9.334114,0.783482
9850,9.850000,2.999785,2.226114,2.864483,0.135302,9.946908,0.790192
9851,9.851000,3.004610,2.208207,2.864483,0.140127,10.651345,0.781572
9852,9.852000,3.009221,2.191072,2.864483,0.144738,11.423382,0.779522
9853,9.853000,3.013610,2.174760,2.864483,0.149127,12.162011,0.775302
9854,9.854000,3.017770,2.159319,2.864483,0.153287,12.900605,0.765462
9855,9.855000,3.021694,2.144799,2.864483,0.157212,13.677094,0.771562
9856,9.856000,3.025376,2.131249,2.864483,0.160893,14.607133,0.783972
9857,9.857000,3.028808,2.118729,2.864483,0.164325,15.517398,0.822002
9858,9.858000,3.031986,2.107298,2.864483,0.167503,16.437099,0.804262
9859,9.859000,3.034904,2.097018,2.864483,0.170421,17.155252,0.782832
9860,9.860000,3.037558,2.087937,2.864483,0.173075,17.729261,0.781672
9861,9.861000,3.039942,2.080092,2.864483,0.175459,18.219000,0.772932
9862,9.862000,3.042054,2.073512,2.864483,0.177571,18.544405,0.779622
9863,9.863000,3.043891,2.068216,2.864483,0.179408,18.719221,0.765162
9864,9.864000,3.045449,2.064211,2.864483,0.180967,18.833534,0.773742
9865,9.865000,3.046728,2.061498,2.864483,0.182245,18.769957,0.770642
9866,9.866000,3.047725,2.060068,2.864483,0.183242,18.661747,0.773232
9867,9.867000,3.048439,2.059907,2.864483,0.183956,18.458899,0.791432
9868,9.868000,3.048871,2.060997,2.864483,0.184388,18.223137,0.907991
9869,9.869000,3.049021,2.063316,2.864483,0.184538,18.022837,0.777012
9870,9.870000,3.048888,2.066843,2.864483,0.184406,17.777451,0.765532
9871,9.871000,3.048476,2.071558,2.864483,0.183993,17.524170,0.771092
9872,9.872000,3.047785,2.077440,2.864483,0.183302,17.176760,0.896131
9873,9.873000,3.046818,2.084461,2.864483,0.182335,16.750757,0.776972
9874,9.874000,3.045578,2.092591,2.864483,0.181095,16.253296,0.788013
9875,9.875000,3.044068,2.101791,2.864483,0.179585,15.721404,0.783272
9876,9.876000,3.042292,2.112023,2.864483,0.177809,15.175046,0.776092
9877,9.877000,3.040254,2.123244,2.864483,0.175772,14.580363,0.769262
9878,9.878000,3.037960,2.135412,2.864483,0.173477,13.914026,0.782492
9879,9.879000,3.035414,2.148478,2.864483,0.170931,13.201340,0.789782
9880,9.880000,3.032622,2.162392,2.864483,0.168139,12.447568,0.778352
9881,9.881000,3.029590,2.177099,2.864483,0.165107,11.697004,0.795242
9882,9.882000,3.026324,2.192545,2.864483,0.161841,11.019681,0.775122
9883,9.883000,3.022831,2.208681,2.864483,0.158348,10.425242,0.768703
9884,9.884000,3.019118,2.225465,2.864483,0.154635,9.831761,0.769852
9885,9.885000,3.015193,2.242853,2.864483,0.150710,9.244298,0.780652
9886,9.886000,3.011063,2.260806,2.864483,0.146580,8.555049,0.775952
9887,9.887000,3.006736,2.279279,2.864483,0.142253,7.848127,0.957271
9888,9.888000,3.002220,2.298221,2.864483,0.137737,7.162858,0.774282
9889,9.889000,2.997524,2.317585,2.864483,0.133041,6.489187,0.770133
9890,9.890000,2.992656,2.337324,2.864483,0.128173,5.820689,0.778262
9891,9.891000,2.987625,2.357392,2.864483,0.123142,5.228480,0.782653
9892,9.892000,2.982440,2.377747,2.864483,0.117957,4.783199,0.857611
9893,9.893000,2.977110,2.398358,2.864483,0.112627,4.353443,0.775613
9894,9.894000,2.971645,2.419195,2.864483,0.107162,3.874977,0.768462
9895,9.895000,2.966054,2.440228,2.864483,0.101571,3.397387,0.771093
9896,9.896000,2.960347,2.461426,2.864483,0.095864,2.922925,0.784392
9897,9.897000,2.954532,2.482756,2.864483,0.090049,2.460389,0.789922
9898,9.898000,2.948620,2.504188,2.864483,0.084137,2.013566,0.777452
9899,9.899000,2.942622,2.525691,2.864483,0.078139,1.565945,0.785332
9900,9.900000,2.936545,2.547235,2.864483,0.072062,1.135245,0.763942
9901,9.901000,2.930401,2.568791,2.864483,0.065918,0.732663,0.764383
9902,9.902000,2.924199,2.590332,2.864483,0.059716,0.353244,0.774732
9903,9.903000,2.917950,2.611833,2.864483,0.053467,-0.018815,0.785542
9904,9.904000,2.911663,2.633268,2.864483,0.047180,-0.343032,0.774852
9905,9.905000,2.905348,2.654617,2.864483,0.040865,-0.663732,0.778262
9906,9.906000,2.899014,2.675858,2.864483,0.034531,-0.990200,0.787932
9907,9.907000,2.892673,2.696970,2.864483,0.028190,-1.323432,0.860431
9908,9.908000,2.886333,2.717932,2.864483,0.021850,-1.663604,0.773612
9909,9.909000,2.880005,2.738721,2.864483,0.015522,-2.010347,0.781492
9910,9.910000,2.873698,2.759316,2.864483,0.009215,-2.362665,0.785362
9911,9.911000,2.867422,2.779691,2.864483,0.002939,-2.720515,0.770262
9912,9.912000,2.861186,2.799825,2.864483,-0.003297,-3.065535,0.772263
9913,9.913000,2.855000,2.819694,2.864483,-0.009483,-3.406175,0.777352
9914,9.914000,2.848873,2.839275,2.864483,-0.015610,-3.741519,0.777623
9915,9.915000,2.842814,2.858547,2.864483,-0.021669,-4.065558,0.773762
9916,9.916000,2.836832,2.877489,2.864483,-0.027651,-4.384554,0.766603
9917,9.917000,2.830937,2.896080,2.864483,-0.033546,-4.678669,0.767872
9918,9.918000,2.825137,2.914301,2.864483,-0.039346,-4.962398,0.781163
9919,9.919000,2.819440,2.932134,2.864483,-0.045043,-5.245076,0.770212
9920,9.920000,2.813855,2.949561,2.864483,-0.050628,-5.525727,0.780993
9921,9.921000,2.808390,2.966566,2.864483,-0.056093,-5.805260,0.771292
9922,9.922000,2.803054,2.983129,2.864483,-0.061429,-6.081810,0.767973
9923,9.923000,2.797854,2.999234,2.864483,-0.066629,-6.351493,0.761762
9924,9.924000,2.792797,3.014864,2.864483,-0.071686,-6.594145,0.770073
9925,9.925000,2.787892,3.030004,2.864483,-0.076591,-6.824473,0.777712
9926,9.926000,2.783144,3.044639,2.864483,-0.081339,-7.043012,0.781623
9927,9.927000,2.778562,3.058757,2.864483,-0.085921,-7.261725,0.777972
9928,9.928000,2.774152,3.072345,2.864483,-0.090331,-7.500553,0.779982
9929,9.929000,2.769920,3.085387,2.864483,-0.094563,-7.773844,0.759882
9930,9.930000,2.765872,3.097868,2.864483,-0.098611,-8.076822,0.793402
9931,9.931000,2.762015,3.109769,2.864483,-0.102468,-8.410060,0.770282
9932,9.932000,2.758354,3.121069,2.864483,-0.106129,-8.752248,0.781442
9933,9.933000,2.754894,3.131746,2.864483,-0.109589,-9.131408,0.777412
9934,9.934000,2.751641,3.141776,2.864483,-0.112842,-9.488972,0.779422
9935,9.935000,2.748599,3.151135,2.864483,-0.115884,-9.824563,0.768302
9936,9.936000,2.745772,3.159802,2.864483,-0.118711,-10.134242,0.761552
9937,9.937000,2.743165,3.167757,2.864483,-0.121318,-10.414582,0.785222
9938,9.938000,2.740781,3.174984,2.864483,-0.123702,-10.663737,0.786642
9939,9.939000,2.738625,3.181467,2.864483,-0.125858,-10.876076,0.770533
9940,9.940000,2.736698,3.187193,2.864483,-0.127785,-11.060582,0.773692
9941,9.941000,2.735004,3.192154,2.864483,-0.129479,-11.214768,0.772673
9942,9.942000,2.733545,3.196341,2.864483,-0.130938,-11.340684,0.771702
9943,9.943000,2.732324,3.199747,2.864483,-0.132159,-11.441083,0.767162
9944,9.944000,2.731341,3.202370,2.864483,-0.133142,-11.517036,0.779962
9945,9.945000,2.730598,3.204207,2.864483,-0.133885,-11.569244,0.922161
9946,9.946000,2.730096,3.205256,2.864483,-0.134387,-11.598278,0.778273
9947,9.947000,2.729835,3.205518,2.864483,-0.134648,-11.604313,0.792032
9948,9.948000,2.729817,3.204996,2.864483,-0.134666,-11.568882,0.777822
9949,9.949000,2.730040,3.203694,2.864483,-0.134443,-11.496276,0.836271
9950,9.950000,2.730503,3.201619,2.864483,-0.133979,-11.390740,0.790133
9951,9.951000,2.731207,3.198782,2.864483,-0.133276,-11.266118,0.769622
9952,9.952000,2.732150,3.195194,2.864483,-0.132333,-11.116016,0.766483
9953,9.953000,2.733330,3.190866,2.864483,-0.131153,-10.952289,0.764982
9954,9.954000,2.734745,3.185814,2.864483,-0.129738,-10.789870,0.767383
9955,9.955000,2.736393,3.180050,2.864483,-0.128090,-10.641332,0.798372
9956,9.956000,2.738271,3.173587,2.864483,-0.126212,-10.491336,0.793012
9957,9.957000,2.740376,3.166438,2.864483,-0.124107,-10.333138,0.792462
9958,9.958000,2.742706,3.158614,2.864483,-0.121777,-10.164329,0.780252
9959,9.959000,2.745255,3.150130,2.864483,-0.119228,-9.992721,0.762833
9960,9.960000,2.748021,3.140998,2.864483,-0.116462,-9.811831,0.765982
9961,9.961000,2.750999,3.131232,2.864483,-0.113484,-9.636188,0.776843
9962,9.962000,2.754185,3.120847,2.864483,-0.110298,-9.473781,0.775582
9963,9.963000,2.757573,3.109855,2.864483,-0.106910,-9.322932,0.777123
9964,9.964000,2.761159,3.098267,2.864483,-0.103324,-9.218158,0.774252
9965,9.965000,2.764937,3.086094,2.864483,-0.099546,-9.130006,0.867652
9966,9.966000,2.768901,3.073341,2.864483,-0.095582,-9.096189,0.775712
9967,9.967000,2.773046,3.060013,2.864483,-0.091437,-9.078645,0.778002
9968,9.968000,2.777365,3.046112,2.864483,-0.087118,-9.018422,0.932230
9969,9.969000,2.781851,3.031642,2.864483,-0.082632,-8.911895,0.772932
9970,9.970000,2.786499,3.016611,2.864483,-0.077984,-8.765993,0.773962
9971,9.971000,2.791300,3.001030,2.864483,-0.073183,-8.577573,0.775162
9972,9.972000,2.796248,2.984912,2.864483,-0.068235,-8.341185,0.778562
9973,9.973000,2.801335,2.968276,2.864483,-0.063148,-8.069554,0.786603
9974,9.974000,2.806553,2.951141,2.864483,-0.057930,-7.755777,0.771662
9975,9.975000,2.811894,2.933530,2.864483,-0.052589,-7.412696,0.767083
9976,9.976000,2.817350,2.915469,2.864483,-0.047133,-7.034955,0.767002
9977,9.977000,2.822913,2.896985,2.864483,-0.041570,-6.623885,0.766783
9978,9.978000,2.828575,2.878107,2.864483,-0.035908,-6.196598,0.780562
9979,9.979000,2.834325,2.858866,2.864483,-0.030158,-5.755724,0.784632
9980,9.980000,2.840155,2.839293,2.864483,-0.024328,-5.289324,0.778242
9981,9.981000,2.846057,2.819421,2.864483,-0.018426,-4.759640,0.776842
9982,9.982000,2.852021,2.799288,2.864483,-0.012462,-4.234234,0.762872
9983,9.983000,2.858037,2.778928,2.864483,-0.006446,-3.711923,0.766173
9984,9.984000,2.864097,2.758380,2.864483,-0.000386,-3.193349,0.870551
9985,9.985000,2.870190,2.737680,2.864483,0.005707,-2.708027,0.783293
9986,9.986000,2.876308,2.716861,2.864483,0.011825,-2.230855,0.771142
9987,9.987000,2.882440,2.695955,2.864483,0.017957,-1.749473,0.781452
9988,9.988000,2.888576,2.674995,2.864483,0.024093,-1.258545,0.867211
9989,9.989000,2.894708,2.654015,2.864483,0.030225,-0.753824,0.778232
9990,9.990000,2.900825,2.633047,2.864483,0.036342,-0.212454,0.770782
9991,9.991000,2.906918,2.612128,2.864483,0.042435,0.357589,0.767222
9992,9.992000,2.912977,2.591297,2.864483,0.048494,0.935074,0.769302
9993,9.993000,2.918992,2.570591,2.864483,0.054509,1.519223,0.767723
9994,9.994000,2.924954,2.550051,2.864483,0.060472,2.033584,0.784642
9995,9.995000,2.930854,2.529712,2.864483,0.066371,2.551733,0.787072
9996,9.996000,2.936681,2.509608,2.864483,0.072198,3.077420,0.784162
9997,9.997000,2.942427,2.489774,2.864483,0.077944,3.609405,0.772092
9998,9.998000,2.948083,2.470244,2.864483,0.083600,4.146678,0.776163
9999,9.999000,2.953639,2.451054,2.864483,0.089156,4.687296,0.772302
