time_from_target_start_s,wall_time_s,controller_clock_s,fault_code,armed,stop_request,policy_output_numeric,heartbeat,raw_candidate,statusword,controlword,drive_state_internal,mode_command,actual_torque_raw,ethercat_init,safe_command_raw,pre_integer_command_raw,pdo_command_int16_raw,mapping_error_raw,q_link_rad,dq_link_rad_s,theta_joint_rad,dtheta_joint_rad_s,external_target_rad,atomic_safe_applied_error_raw,atomic_applied_pdo_error_raw,atomic_chain_error_raw
0,12.5558171,12.535,0,1,0,9.92643070220947,12539,12.7775144577026,4279,0,4,10,12,0,19.6622772216797,20.7674198150635,21,0,0,1.81156752811942e-10,7.66990393942821e-06,0.00315819573976456,0.0144749588094827,0,0.128034591674805,0.235115051269531
0.0259999999999998,12.579691,12.561,0,1,0,36.8365669250488,12565,38.3315353393555,4279,0,4,10,43,0,41.106559753418,41.8614768981934,41,0,0,1.64178670123603e-11,3.06796157577128e-05,0.0011205456188918,0.0302625730453664,0,0.0837478637695313,0.869220733642578
0.04899999999999949,12.6035155,12.584,0,1,0,60.9387817382813,12588,65.2404556274414,4279,0,4,10,56,0,75.2005004882813,75.2005004882813,77,0,0,1.48791780075327e-12,0.000222427214243418,0.0243823887205852,0.0460433058331129,0,0.217460632324219,0.386093139648438
0.07399999999999984,12.6302309,12.609,0,1,0,99.5131072998047,12615,99.8644561767578,4279,0,4,10,96,0,101.664855957031,102.045867919922,102,0,0,1.10394218493349e-13,0.00305262176789243,0.182526060408255,0.0637839368437433,0,0.857467651367188,0.857467651367188
0.10200000000000031,12.6576299,12.637,0,1,0,104.776184082031,12642,104.750610351563,4279,0,4,10,92,0,104.832138061523,104.832138061523,104,0,9.58737992428526e-05,0.00203223032199677,0.0103927198379252,0.345927427990434,0.0815062114265789,0,0.115516662597656,0.950630187988281
0.13400000000000034,12.6887389,12.669,0,1,0,99.6800994873047,12674,99.559684753418,4279,0,4,10,101,0,97.1507110595703,96.2258605957031,95,0,0.000479368996214263,0.0137732152441093,0.0242138867367748,0.488094970892018,0.101824771124845,0,0.263626098632813,0.133499145507813
0.16499999999999915,12.7222013,12.7,0,1,0,68.0459289550781,12705,65.0864562988281,4279,0,4,10,66,0,56.0056037902832,54.3374099731445,54,0,0.00412257336744266,0.175677140391083,0.0390398110516896,0.404379789555442,0.124064939262065,0,0.340839385986328,0.340839385986328
0.19200000000000017,12.7477062,12.727,0,1,0,24.0775585174561,12732,21.7919845581055,4279,0,4,10,28,0,15.8964815139771,15.8223056793213,16,0,0.0152439340796136,0.457591488917803,0.0472772878826355,0.195819866789975,0.140382453901019,0,0.0205116271972656,0.290134429931641
0.21700000000000053,12.7728571,12.752,0,1,0,46.7247657775879,12757,48.1616630554199,4279,0,4,10,47,0,59.5068244934082,61.5199317932129,62,0,0.0293373825683129,0.608502494081087,0.0504372883056799,0.109798486848447,0.156665331270062,0,0.0441131591796875,0.529037475585938
0.24300000000000033,12.7974584,12.778,0,1,0,99.1896209716797,12782,100.983383178711,4279,0,4,10,98,0,103.293991088867,103.787902832031,104,0,0.0433349572577694,0.608782549750472,0.05486282287873,0.26234445182974,0.172260577393405,0,0.087554931640625,0.087554931640625
0.2680000000000007,12.8250116,12.803,0,1,0,108.022972106934,12808,108.235298156738,4279,0,4,10,107,0,108.801887512207,108.865676879883,108,0,0.0580036485419258,0.537281184640776,0.0650024358866541,0.433893895593741,0.190405275441837,0,0.414093017578125,0.489608764648438
0.29499999999999993,12.849722,12.83,0,1,0,109.809188842773,12835,109.816383361816,4279,0,4,10,112,0,109.798728942871,109.799621582031,109,0,0.0694126306518253,0.47835663018094,0.0775273890197403,0.552664444272352,0.206556269621363,0,0.749404907226563,0.727981567382813
0.3200000000000003,12.8759176,12.855,0,1,0,109.021255493164,12860,108.745964050293,4279,0,4,10,96,0,107.908981323242,107.750938415527,107,0,0.0807257389624819,0.450596962231984,0.0936341872925395,0.661454033629781,0.223299184016527,0,0.455337524414063,0.171165466308594
0.3460000000000001,12.9010066,12.881,0,1,0,102.78076171875,12886,102.422004699707,4279,0,4,10,103,0,99.1848907470703,99.1848907470703,98,0,0.092326468670867,0.466036964421775,0.110761082789283,0.703467178097341,0.239341996494373,0,0.470672607421875,0.343612670898438
0.37100000000000044,12.9279573,12.906,0,1,0,82.0374908447266,12911,81.2760467529297,4279,0,4,10,77,0,79.3751068115234,79.124870300293,79,0,0.104598314973952,0.495647920647002,0.128793026950878,0.662119191057556,0.256601786226621,0,0.3974609375,0.302520751953125
0.3979999999999997,12.9533475,12.933,0,1,0,78.1111373901367,12938,77.8971328735352,4279,0,4,10,78,0,77.6299438476563,77.4262084960938,77,0,0.118404142064923,0.568492193789169,0.144784776664586,0.581520620570473,0.273152586637113,0,0.115615844726563,0.115615844726563
0.42300000000000004,12.9794414,12.958,0,1,0,70.4468231201172,12963,70.4013061523438,4279,0,4,10,75,0,69.4345016479492,69.6391754150391,69,0,0.134510940337722,0.690581972185413,0.159027788280104,0.511936056702353,0.289630491317249,0,0.231536865234375,0.231536865234375
0.44899999999999984,13.0052796,12.984,0,1,0,77.1742401123047,12989,78.8101043701172,4279,0,4,10,87,0,82.8517837524414,82.8517837524414,83,0,0.153206331190078,0.750564281446088,0.171675459876222,0.486289560737447,0.305401792309349,0,0.0676345825195313,0.0676345825195313
0.47499999999999964,13.0321984,13.01,0,1,0,92.3195495605469,13016,92.4918212890625,4279,0,4,10,87,0,92.8868865966797,92.9588317871094,92,0,0.172668712436377,0.761936389795181,0.18564235494992,0.543441009452152,0.322350044400615,0,0.75164794921875,0.867935180664063
0.5079999999999991,13.0633227,13.043,0,1,0,94.6864624023438,13048,94.6040878295898,4279,0,4,10,92,0,94.3979644775391,94.4490966796875,94,0,0.196061919451634,0.799912760413861,0.203168085451514,0.588230323828355,0.341694450061353,0,0.282424926757813,0.282424926757813
0.5399999999999991,13.0955662,13.075,0,1,0,92.745246887207,13080,92.6237182617188,4279,0,4,10,85,0,92.1493072509766,92.1268997192383,92,0,0.220605612057804,0.805428129488121,0.223102165790088,0.643645827503718,0.362144264139648,0,0.260704040527344,0.359634399414063
0.5700000000000003,13.1279042,13.105,0,1,0,86.7471160888672,13110,86.2136764526367,4279,0,4,10,84,0,84.5357437133789,84.3372192382813,84,0,0.245532799860945,0.852549677250664,0.244087022968363,0.665860750485734,0.381825788964419,0,0.26251220703125,0.416854858398438
0.5969999999999995,13.1552038,13.132,0,1,0,89.58740234375,13139,90.1237335205078,4279,0,4,10,87,0,92.2380676269531,92.2380676269531,92,0,0.268734259277716,0.794557777684531,0.262548481750567,0.660637680442505,0.398312336687198,0,0.334365844726563,0.415504455566406
0.625,13.1803498,13.16,0,1,0,94.2129211425781,13165,94.0099945068359,4279,0,4,10,85,0,92.2701110839844,92.2701110839844,92,0,0.285799795542944,0.741196821112908,0.279928484077311,0.721707479120198,0.414079985745368,0,0.859268188476563,0.859268188476563
0.6500000000000004,13.2055517,13.185,0,1,0,89.499267578125,13190,89.381217956543,4279,0,4,10,85,0,89.012939453125,89.0424499511719,88,0,0.302577710410443,0.674255356102719,0.298106156413756,0.733181230802188,0.429137026149292,0,0.881393432617188,0.881393432617188
0.6750000000000007,13.2324835,13.21,0,1,0,80.703727722168,13217,80.1701965332031,4279,0,4,10,84,0,76.5128479003906,77.4282836914063,77,0,0.318780382482485,0.666662186314568,0.317733440594753,0.759305171136248,0.445279591166804,0,0.608230590820313,0.608230590820313
0.702,13.2578312,13.237,0,1,0,71.3462753295898,13242,72.257453918457,4279,0,4,10,73,0,71.8225936889648,70.2614440917969,67,0,0.336804656740141,0.744396749035104,0.334415481663009,0.638937367189271,0.460112251987308,0,0.801963806152344,0.943023681640625
0.7279999999999998,13.2822919,13.263,0,1,0,66.3583984375,13267,67.1687850952148,4279,0,4,10,61,0,68.9601364135742,70.1328430175781,70,0,0.355691795190983,0.797021631985899,0.349486842903986,0.572343496737346,0.474831386994441,0,0.814605712890625,0.814605712890625
0.7520000000000007,13.3079374,13.287,0,1,0,83.3073577880859,13292,85.3321914672852,4279,0,4,10,75,0,87.4557266235352,87.8890533447266,87,0,0.373236700452425,0.734676686139323,0.363860242886474,0.59940797593174,0.489433364461888,0,0.262672424316406,0.274246215820313
0.7789999999999999,13.334472,13.314,0,1,0,88.1979598999023,13318,88.2822570800781,4279,0,4,10,87,0,88.646728515625,88.9219665527344,88,0,0.390493984316139,0.657877789445138,0.381025487902914,0.656746688065084,0.50449126779925,0,0.582496643066406,0.582496643066406
0.8040000000000003,13.3594506,13.339,0,1,0,89.9932403564453,13344,89.294303894043,4279,0,4,10,103,0,87.3254089355469,86.4323348999023,85,0,0.404012190009381,0.590965989107417,0.397975975609051,0.695246205990145,0.518843104301519,0,0.48516845703125,0.456192016601563
0.8290000000000006,13.3836907,13.364,0,1,0,72.3506927490234,13368,71.6277313232422,4279,0,4,10,73,0,70.1026458740234,69.4613800048828,68,0,0.417913890899594,0.590251732033209,0.415148890529431,0.661293654260305,0.533066924031418,0,0.133438110351563,0.600234985351563
0.8529999999999998,13.4088076,13.388,0,1,0,60.6597366333008,13394,60.3861808776855,4279,0,4,10,59,0,58.6289405822754,58.3749046325684,58,0,0.433828941573908,0.691766757811763,0.429936465324648,0.581076855102083,0.547159217474264,0,0.294948577880859,0.219387054443359
0.879999999999999,13.4355409,13.415,0,1,0,60.0046005249023,13420,60.58203125,4279,0,4,10,52,0,65.8866424560547,66.5642776489258,66,0,0.453003701422478,0.738983293928982,0.444271515787439,0.49732027903184,0.562227155249911,0,0.898719787597656,0.898719787597656
0.9049999999999994,13.46115,13.44,0,1,0,86.5763397216797,13445,87.8397369384766,4279,0,4,10,85,0,89.193489074707,89.3433685302734,89,0,0.469589868691492,0.68838704518032,0.457149284501739,0.558667994770076,0.57603477472015,0,0.572273254394531,0.473457336425781
0.9309999999999992,13.4862374,13.466,0,1,0,87.0814056396484,13470,86.7883605957031,4279,0,4,10,84,0,85.9011154174805,85.7769393920898,85,0,0.484162686176406,0.59462837202426,0.473010645848477,0.640030488067737,0.589700266229119,0,0.714179992675781,0.154983520507813
0.9559999999999995,13.5120635,13.491,0,1,0,77.4644927978516,13496,76.1339569091797,4279,0,4,10,73,0,71.9009094238281,71.1430816650391,71,0,0.498064387066619,0.560958780274291,0.489355211143398,0.657074449133574,0.603220258021271,0,0.541282653808594,0.0688705444335938
0.9819999999999993,13.5370372,13.517,0,1,0,65.0429229736328,13521,65.4765625,4279,0,4,10,61,0,66.1175537109375,65.8896026611328,65,0,0.511582592759861,0.550878300093245,0.505661426918623,0.59284398458334,0.617123117920536,0,0.154182434082031,0.203170776367188
1.0079999999999991,13.5632381,13.543,0,1,0,61.4396171569824,13548,61.0078544616699,4279,0,4,10,57,0,57.9871597290039,57.3476524353027,56,0,0.526251284044018,0.636964643872375,0.520096186132627,0.531366847910022,0.630861287303946,0,0.194408416748047,0.157352447509766
1.0329999999999995,13.5875876,13.568,0,1,0,55.9334564208984,13572,56.4650955200195,4279,0,4,10,54,0,60.1558494567871,60.9198265075684,61,0,0.542549829915303,0.67703835341888,0.532038226566316,0.474453278050987,0.643912341055327,0,0.677970886230469,0.677970886230469
1.0570000000000004,13.6123315,13.592,0,1,0,76.6386108398438,13597,77.7304382324219,4279,0,4,10,73,0,81.536506652832,81.536506652832,82,0,0.557410268797945,0.637781797971229,0.543451043628186,0.499664106474256,0.656291922396314,0,0.776809692382813,0.893081665039063
1.0820000000000007,13.6384812,13.617,0,1,0,84.1060638427734,13621,83.7615661621094,4279,0,4,10,77,0,81.8318939208984,81.2810287475586,80,0,0.570736726892701,0.549891805910761,0.557893472746129,0.596719087159499,0.669028586568234,0,0.895431518554688,0.221511840820313
1.109,13.6658564,13.644,0,1,0,68.2858734130859,13648,67.7666320800781,4279,0,4,10,71,0,65.3577270507813,65.0739898681641,65,0,0.584830175381401,0.532366802837487,0.574705902181356,0.582561803349449,0.683596105981134,0,0.0572433471679688,0.559268951416016
1.1349999999999998,13.6913832,13.67,0,1,0,59.9730949401855,13675,59.9736061096191,4279,0,4,10,59,0,59.3234214782715,59.3399658203125,59,0,0.598540128673129,0.526647611721046,0.589347748801724,0.544780851195128,0.695972329682098,0,0.597019195556641,0.713062286376953
1.161999999999999,13.7192265,13.697,0,1,0,59.5383834838867,13702,59.7325553894043,4279,0,4,10,59,0,59.4205589294434,59.2980804443359,59,0,0.611674839169399,0.558339898080362,0.602256197131782,0.489273216088236,0.709629689895827,0,0.393447875976563,0.437503814697266
1.1929999999999996,13.7492625,13.728,0,1,0,59.5336952209473,13733,59.3996505737305,4279,0,4,10,56,0,58.6180877685547,58.4414100646973,58,0,0.629794987226299,0.605254330838079,0.618033189535185,0.47421912681898,0.724018740819171,0,0.826908111572266,0.835796356201172
1.2240000000000002,13.7793889,13.759,0,1,0,64.5170364379883,13764,65.7266082763672,4279,0,4,10,57,0,68.8141250610352,69.1743774414063,69,0,0.646381154495312,0.563882550224548,0.631532220468579,0.465048385264595,0.738150551331404,0,0.796463012695313,0.329559326171875
1.254999999999999,13.8097045,13.79,0,1,0,75.7260589599609,13794,75.4523620605469,4279,0,4,10,75,0,74.3909149169922,74.3909149169922,73,0,0.66076222438174,0.484746181270793,0.646956397290769,0.534625131545226,0.752020100467539,0,0.797943115234375,0.797943115234375
1.286999999999999,13.8436553,13.822,0,1,0,54.685920715332,13828,53.7296981811523,4279,0,4,10,50,0,52.7917022705078,52.570369720459,52,0,0.676389653658325,0.503425485568869,0.665364166745397,0.51017123933218,0.767415660034841,0,0.376495361328125,0.376495361328125
1.3130000000000006,13.8695225,13.848,0,1,0,49.8191909790039,13853,50.0771827697754,4279,0,4,10,50,0,50.4960517883301,50.6914482116699,50,0,0.689236742756867,0.512085719051925,0.677827760646968,0.458491449840608,0.778952798403488,0,0.798763275146484,0.897975921630859
1.3390000000000004,13.8946227,13.874,0,1,0,53.4771537780762,13879,53.5457954406738,4279,0,4,10,56,0,54.2527313232422,54.2527313232422,54,0,0.701508589059952,0.513447642307256,0.688826402896108,0.426584618566835,0.789850198893559,0,0.108264923095703,0.108264923095703
1.363999999999999,13.9209257,13.899,0,1,0,61.5349388122559,13904,62.0141525268555,4279,0,4,10,64,0,64.7847747802734,65.2491760253906,65,0,0.713109318768337,0.476366286192956,0.700108831591007,0.423006017495823,0.801400418603151,0,0.304977416992188,0.0883026123046875
1.3949999999999996,13.9508829,13.93,0,1,0,56.0088996887207,13934,55.3743629455566,4279,0,4,10,56,0,53.4059104919434,53.4751129150391,53,0,0.728257379048708,0.487968358810349,0.713093978960459,0.457551851108406,0.813963355316626,0,0.793895721435547,0.956256866455078
1.4269999999999996,13.9833714,13.962,0,1,0,55.6764984130859,13967,55.8638343811035,4279,0,4,10,49,0,57.4226875305176,57.4388847351074,57,0,0.742350827537407,0.449981137018767,0.72783553433204,0.434904494979378,0.827044954043434,0,0.740154266357422,0.919368743896484
1.4570000000000007,14.0128302,13.992,0,1,0,58.3515739440918,13996,58.1723442077637,4279,0,4,10,54,0,56.5846481323242,56.0877227783203,56,0,0.754047431045035,0.422964771133024,0.740230099098156,0.451612145413151,0.838611509700891,0,0.9847412109375,0.741817474365234
1.4900000000000002,14.045608,14.025,0,1,0,48.4051361083984,14030,48.3481521606445,4279,0,4,10,50,0,47.7346992492676,47.6628646850586,47,0,0.768236753332978,0.461005001914941,0.754864275814585,0.402152885189139,0.851434565818325,0,0.0574150085449219,0.0574150085449219
1.5190000000000001,14.074442,14.054,0,1,0,50.9676933288574,14059,51.2252616882324,4279,0,4,10,47,0,52.0845680236816,52.3474388122559,52,0,0.780987968632277,0.450177611223694,0.765747869504633,0.366688257844658,0.862401319567135,0,0.892986297607422,0.990581512451172
1.5489999999999995,14.104282,14.084,0,1,0,53.691535949707,14089,53.6341209411621,4279,0,4,10,54,0,53.6504936218262,53.6337623596191,53,0,0.793451562533848,0.427905270910514,0.77678486127347,0.393954272503493,0.873444893185681,0,0.72308349609375,0.877559661865234
1.5830000000000002,14.137849,14.118,0,1,0,53.896354675293,14122,53.9014320373535,4279,0,4,10,50,0,53.501781463623,53.5481300354004,53,0,0.806011030234662,0.382136826060446,0.790398940765956,0.399423509041867,0.88558558163161,0,0.749591827392578,0.584156036376953
1.6080000000000005,14.1630065,14.143,0,1,0,51.2399711608887,14147,50.9094276428223,4279,0,4,10,43,0,49.5806350708008,49.2906608581543,49,0,0.81502316736349,0.384355235881799,0.800438845022667,0.399292595448173,0.894255031852026,0,0.43438720703125,0.181793212890625
1.6329999999999991,14.1887487,14.168,0,1,0,45.135627746582,14172,44.8620262145996,4279,0,4,10,42,0,44.0936012268066,43.8266487121582,43,0,0.824994042484746,0.415891588913723,0.810509428895136,0.36642955810305,0.903037171204362,0,0.445487976074219,0.445487976074219
1.6579999999999995,14.2160676,14.193,0,1,0,42.6839408874512,14198,42.7985649108887,4279,0,4,10,38,0,42.7459945678711,43.0100059509277,43,0,0.835348412802974,0.430912984054657,0.819138070826993,0.357555390694074,0.911254296981067,0,0.944904327392578,0.861610412597656
1.6920000000000002,14.2486677,14.227,0,1,0,48.1225357055664,14232,48.5399208068848,4279,0,4,10,45,0,49.597469329834,50.2673835754395,50,0,0.848578997098488,0.391589523459515,0.830205742211588,0.325274991997048,0.922068385958444,0,0.619304656982422,0.619304656982422
1.7240000000000002,14.2806032,14.259,0,1,0,51.7815933227539,14264,51.8035163879395,4279,0,4,10,52,0,51.779670715332,51.5539817810059,51,0,0.858549872219745,0.311281451283435,0.841035646574061,0.367572259624239,0.931862049529185,0,0.865280151367188,0.714576721191406
1.754999999999999,14.3109502,14.29,0,1,0,47.8912773132324,14295,47.5126304626465,4279,0,4,10,49,0,46.5412330627441,46.5412330627441,46,0,0.866890892753873,0.297267656882241,0.852433123828051,0.356388691337656,0.940701560965765,0,0.678291320800781,0.426670074462891
1.7880000000000003,14.3439806,14.323,0,1,0,40.7234840393066,14328,40.4513359069824,4279,0,4,10,38,0,39.8041954040527,39.6580505371094,39,0,0.877820505867558,0.366331034254586,0.863508465116585,0.316536036596176,0.95031546712859,0,0.949295043945313,0.818576812744141
1.8130000000000006,14.3695974,14.348,0,1,0,37.8887596130371,14353,37.8332176208496,4279,0,4,10,33,0,37.6325187683105,37.5811462402344,37,0,0.887791380988815,0.414101868388343,0.871377786558439,0.292091454566503,0.95710807816005,0,0.403202056884766,0.427921295166016
1.8390000000000004,14.3957838,14.374,0,1,0,38.140308380127,14378,38.1845855712891,4279,0,4,10,35,0,38.8349380493164,38.9659385681152,39,0,0.897858129909314,0.3921363186912,0.878618175877259,0.27145080340938,0.963921860409025,0,0.174922943115234,0.174922943115234
1.8650000000000002,14.4232811,14.4,0,1,0,42.0391235351563,14405,42.261360168457,4279,0,4,10,33,0,43.8219795227051,43.8219795227051,44,0,0.906486771841171,0.323046477360435,0.885758856444866,0.266443186698325,0.970972046451825,0,0.565334320068359,0.717044830322266
1.895999999999999,14.4534465,14.431,0,1,0,49.1756172180176,14436,49.3062934875488,4279,0,4,10,45,0,49.0392646789551,48.9547882080078,48,0,0.913293811587414,0.205987020007342,0.894717304246119,0.306582521239761,0.978192277817988,0,0.386180877685547,0.319965362548828
1.9269999999999996,14.4837334,14.462,0,1,0,45.0407829284668,14467,44.4487953186035,4279,0,4,10,49,0,42.7979125976563,42.4859886169434,42,0,0.91856687054577,0.195047222595349,0.904396723017677,0.316225666735363,0.985064962125621,0,0.82183837890625,0.82183837890625
1.9580000000000002,14.5135812,14.493,0,1,0,36.8260879516602,14498,36.5933494567871,4279,0,4,10,35,0,35.2454261779785,35.0494194030762,35,0,0.926716143481413,0.311640199648195,0.912841287254987,0.263149347399121,0.991587657542714,0,0.720340728759766,0.644886016845703
1.9909999999999997,14.5484021,14.526,0,1,0,33.4168014526367,14531,33.5038909912109,4279,0,4,10,26,0,33.668155670166,33.7663612365723,33,0,0.938604494587527,0.377870608785543,0.921009734950478,0.208608974025196,0.998752036978379,0,0.662220001220703,0.626457214355469
2.0180000000000007,14.5744078,14.553,0,1,0,33.529842376709,14558,33.6785507202148,4279,0,4,10,26,0,34.4177207946777,34.4177207946777,34,0,0.948287748311055,0.359413737964815,0.926363327900199,0.219237020314154,1.00376167022765,0,0.733749389648438,0.838298797607422
2.0440000000000005,14.6002673,14.579,0,1,0,37.1499328613281,14583,37.369571685791,4279,0,4,10,29,0,38.6360893249512,38.6360893249512,38,0,0.954903040458812,0.242741124982558,0.932460901532045,0.248171966734844,1.00850343143896,0,0.812744140625,0.845645904541016
2.0700000000000003,14.6284563,14.605,0,1,0,40.5523338317871,14610,40.6387748718262,4279,0,4,10,38,0,40.8360366821289,40.8266105651855,40,0,0.958929740027011,0.133580438090462,0.939724300562683,0.263407652550995,1.01330892075858,0,0.604145050048828,0.591815948486328
2.097999999999999,14.6550319,14.633,0,1,0,40.1011085510254,14638,39.9055519104004,4279,0,4,10,36,0,39.1098022460938,39.1098022460938,38,0,0.96190182780354,0.118488263869267,0.946512165549077,0.23519638907112,1.01764578062122,0,0.133205413818359,0.0129585266113281
2.1240000000000006,14.6816958,14.659,0,1,0,36.1946487426758,14665,35.9255218505859,4279,0,4,10,26,0,34.5544586181641,34.3683090209961,34,0,0.96659964396644,0.212457643783296,0.952448671198195,0.203860252806862,1.02154523045777,0,0.648792266845703,0.352672576904297
2.151,14.7065615,14.686,0,1,0,30.0425968170166,14691,29.8115425109863,4279,0,4,10,29,0,28.9044456481934,28.8682479858398,28,0,0.973598431311168,0.279570682013514,0.957280710680035,0.178994081186715,1.02503762179685,0,0.665498733520508,0.539085388183594
2.1790000000000003,14.7352563,14.714,0,1,0,27.2632026672363,14718,26.997631072998,4279,0,4,10,19,0,26.8590049743652,26.9278297424316,27,0,0.982610568439996,0.330409753823233,0.962082070546116,0.161710214937216,1.02877189244267,0,0.0103759765625,0.0601730346679688
2.205,14.7609544,14.74,0,1,0,29.244068145752,14745,29.4141578674316,4279,0,4,10,29,0,30.013500213623,30.1288452148438,30,0,0.989321734386996,0.270747124701529,0.966208478865529,0.170374680966006,1.03171699518599,0,0.665927886962891,0.665927886962891
2.231,14.787058,14.766,0,1,0,33.5776023864746,14770,33.7027244567871,4279,0,4,10,29,0,34.445671081543,34.5587577819824,34,0,0.993540181553681,0.142579193738811,0.971132557194642,0.196335166231961,1.0345098544129,0,0.130908966064453,0.222038269042969
2.2560000000000002,14.813207,14.791,0,1,0,35.7192535400391,14796,35.8067436218262,4279,0,4,10,36,0,35.8532905578613,35.7795524597168,35,0,0.995265909940053,0.0624758953865694,0.976217703506483,0.196829724518352,1.03702663589029,0,0.463947296142578,0.401901245117188
2.2859999999999996,14.8431376,14.821,0,1,0,34.391040802002,14826,34.1255645751953,4279,0,4,10,24,0,33.1531639099121,32.8878440856934,32,0,0.997087512125667,0.0809139734533346,0.981709354727113,0.17707780280773,1.03958668564274,0,0.0152435302734375,0.83259391784668
2.317,14.8736237,14.852,0,1,0,27.2599334716797,14857,26.7374534606934,4279,0,4,10,24,0,25.1907348632813,24.8905735015869,24,0,1.00178532828857,0.186100561236344,0.986541394208953,0.14931049117024,1.04184402752141,0,0.705551147460938,0.456275939941406
2.347999999999999,14.9042666,14.883,0,1,0,20.1264610290527,14888,19.8991546630859,4279,0,4,10,14,0,19.5233402252197,19.3785800933838,19,0,1.00945523222799,0.270813047522779,0.990384016082607,0.108434592282833,1.04370611919835,0,0.947822570800781,0.990415573120117
2.3819999999999997,14.9373856,14.917,0,1,0,20.6411743164063,14921,20.8481712341309,4279,0,4,10,12,0,21.9828834533691,21.9828834533691,22,0,1.01731688376591,0.221132756327961,0.99382013304747,0.0950794273699103,1.04525323277802,0,0.747215270996094,0.0237045288085938
2.407,14.9623168,14.942,0,1,0,26.1990566253662,14946,26.6868381500244,4279,0,4,10,22,0,27.5493927001953,27.6608200073242,27,0,1.02019309774319,0.0953527481399306,0.996450910098694,0.12752624256791,1.04612615701605,0,0.632329940795898,0.793498992919922
2.430999999999999,14.9871917,14.966,0,1,0,30.1290283203125,14971,30.5960807800293,4279,0,4,10,24,0,31.1589336395264,31.1920585632324,31,0,1.02028897154244,-0.000700804599546245,0.999910036775376,0.14103705393336,1.04674096527836,0,0.0293388366699219,0.936611175537109
2.4570000000000007,15.015653,14.992,0,1,0,29.6271553039551,14997,29.1794166564941,4279,0,4,10,19,0,28.3052177429199,28.0589084625244,28,0,1.02048071914092,0.0176863493813926,1.0035532411466,0.128441657665576,1.04711486888019,0,0.0508956909179688,0.448516845703125
2.488999999999999,15.0442818,15.024,0,1,0,21.4516716003418,15029,21.211296081543,4279,0,4,10,17,0,20.1961688995361,20.1961688995361,19,0,1.02278169032275,0.0983255364421893,1.00671324156965,0.086743861509035,1.04718080785181,0,0.225479125976563,0.0197486877441406
2.5199999999999996,15.0764036,15.055,0,1,0,16.1873474121094,15061,16.1949348449707,4279,0,4,10,14,0,16.0396690368652,16.0854415893555,16,0,1.02815062308035,0.178779048123488,1.00832392139693,0.0206370554840305,1.04683293854323,0,0.385826110839844,0.462684631347656
2.5519999999999996,15.1083386,15.087,0,1,0,17.9696979522705,15092,18.3512840270996,4279,0,4,10,12,0,19.4331932067871,19.6485462188721,19,0,1.03284843924325,0.131708510995622,1.00869207678602,0.00768821370138539,1.04606581929638,0,0.457275390625,0.724859237670898
2.5839999999999996,15.1387181,15.119,0,1,0,25.7234153747559,15123,26.2829666137695,4279,0,4,10,24,0,27.4029083251953,27.4029083251953,27,0,1.03332780823947,-0.00636991743658655,1.00949741669966,0.0371596561877823,1.04496258738118,0,0.700822830200195,0.882209777832031
2.6080000000000005,15.1635549,15.143,0,1,0,29.6859359741211,15147,29.6169281005859,4279,0,4,10,26,0,29.4554748535156,29.4104843139648,29,0,1.03198557505007,-0.0575109266815161,1.01067858190633,0.0586209930247605,1.04375959764604,0,0.655994415283203,0.456165313720703
2.632999999999999,15.188686,15.168,0,1,0,25.7608833312988,15173,25.3833141326904,4279,0,4,10,22,0,22.8476486206055,22.8476486206055,22,0,1.03141033225461,-0.00695286850759658,1.01252702875574,0.0782693731939617,1.04229907584828,0,0.260139465332031,0.847408294677734
2.6579999999999995,15.219008,15.193,0,1,0,17.2370338439941,15198,16.8605613708496,4279,0,4,10,17,0,15.5570707321167,15.3842039108276,15,0,1.03256081784552,0.0619936129746748,1.01401499011998,0.0416322076290498,1.04050733121775,0,0.200058937072754,0.200058937072754
2.692,15.2479552,15.227,0,1,0,11.911581993103,15231,11.8383302688599,4279,0,4,10,14,0,11.479775428772,11.4083776473999,11,0,1.03543703182281,0.0877582451435046,1.01476664070605,0.009279324600584,1.03783338205174,0,0.569561958312988,0.722714424133301
2.7219999999999995,15.2795561,15.257,0,1,0,12.7480325698853,15262,12.8524179458618,4279,0,4,10,12,0,13.34339427948,13.34339427948,13,0,1.03706688640994,0.0446759959788778,1.01479732032181,5.95500191593601e-05,1.03481435544612,0,0.424746513366699,0.514950752258301
2.753,15.3103654,15.288,0,1,0,15.7687959671021,15293,15.8376989364624,4279,0,4,10,10,0,16.1036949157715,16.1160144805908,16,0,1.03677926501221,-0.0144907286271518,1.01479732032181,7.27595761418343e-12,1.03160407401014,0,0.873034477233887,0.81877613067627
2.786999999999999,15.3428452,15.322,0,1,0,14.3737344741821,15327,14.3477449417114,4279,0,4,10,7,0,13.7829084396362,13.653395652771,13,0,1.03610814841751,-0.0183252957006061,1.01480499022575,1.33354660647456e-10,1.02764947699371,0,0.957782745361328,0.848128318786621
2.8119999999999994,15.3682153,15.347,0,1,0,11.4075231552124,15352,11.2719526290894,4279,0,4,10,14,0,10.6235494613647,10.4984540939331,10,0,1.03620402221675,0.00634615607532396,1.01480499022575,0,1.02435934986755,0,0.123776435852051,0.917051315307617
2.8369999999999997,15.3940221,15.372,0,1,0,8.04461765289307,15378,7.97662878036499,4279,0,4,10,3,0,7.34381437301636,7.2747049331665,7,0,1.03620402221675,0.000470845190648106,1.01479732032181,-0.00018383218832696,1.02066951755054,0,0.250804424285889,0.250804424285889
2.863999999999999,15.4233512,15.399,0,1,0,4.54490756988525,15404,4.17741632461548,4279,0,4,10,3,0,3.04460310935974,3.04460310935974,2,0,1.03620402221675,2.3412936798195e-05,1.01479732032181,-6.53506049275165e-09,1.01607361954684,0,0.0689229965209961,0.865512371063232
2.894,15.4511616,15.429,0,1,0,-1.41344881057739,15434,-1.61732149124146,4279,0,4,10,-3,0,-2.83385515213013,-3.03615951538086,-4,0,1.03620402221675,1.42209455589182e-06,1.01479732032181,0,1.01145837237416,0,0.326903820037842,0.183894157409668
2.9250000000000007,15.4823401,15.46,0,1,0,-7.77571773529053,15465,-8.00940990447998,4279,0,4,10,-8,0,-9.37318992614746,-9.59987354278564,-10,0,1.03620402221675,6.39820427750237e-08,1.01478965041787,-4.13509724239702e-08,1.00598353955003,0,0.745543479919434,0.543974876403809
2.9559999999999995,15.5112,15.491,0,1,0,-14.1260290145874,15496,-14.3243637084961,4279,0,4,10,-15,0,-15.3223886489868,-15.3223886489868,-16,0,1.03620402221675,3.88627086067572e-09,1.01478198051393,-1.875660245787e-06,1.00071043621048,0,0.0768032073974609,0.876907348632813
2.9879999999999995,15.5434011,15.523,0,1,0,-19.9647197723389,15528,-20.284215927124,4279,0,4,10,-19,0,-20.929126739502,-21.0900535583496,-22,0,1.03620402221675,1.43245415529236e-10,1.01477431060999,-1.87566001841333e-06,0.994098215506656,0,0.755594253540039,0.574405670166016
3.0120000000000005,15.5678469,15.547,0,1,0,-23.8195285797119,15552,-24.1267433166504,4279,0,4,10,-21,0,-24.8899364471436,-25.0355358123779,-26,0,1.03620402221675,1.18234311230481e-11,1.01476664070605,-1.10333269276452e-06,0.988804278510897,0,0.953557968139648,0.953557968139648
3.036999999999999,15.5939795,15.572,0,1,0,-27.5694808959961,15577,-27.9048671722412,4279,0,4,10,-19,0,-28.7192306518555,-28.7192306518555,-29,0,1.03620402221675,9.09494701772928e-13,1.01475897080211,-6.49019284537644e-07,0.983266368855212,0,0.072357177734375,0.937599182128906
3.0630000000000006,15.6212193,15.598,0,1,0,-31.8495388031006,15603,-32.3542442321777,4279,0,4,10,-29,0,-33.6798820495605,-33.9434623718262,-35,0,1.03620402221675,0,1.01474363099423,-0.000130846973434018,0.976775954991643,0,0.817398071289063,0.57305908203125
3.096,15.6526246,15.631,0,1,0,-39.6427192687988,15636,-39.8278503417969,4279,0,4,10,-40,0,-40.8755226135254,-40.8755226135254,-42,0,1.03620402221675,0,1.01471295137847,-0.00110860457914441,0.969237589905572,0,0.81011962890625,0.670093536376953
3.1259999999999994,15.6829138,15.661,0,1,0,-44.7294006347656,15666,-44.9030799865723,4279,0,4,10,-45,0,-45.768856048584,-45.768856048584,-46,0,1.03620402221675,0,1.0146592620509,-0.00233179294741603,0.961331519728497,0,0.495822906494141,0.495822906494141
3.1579999999999995,15.7132661,15.693,0,1,0,-50.0237655639648,15697,-50.1709861755371,4279,0,4,10,-45,0,-50.8437690734863,-50.8437690734863,-51,0,1.03620402221675,0,1.01455188339574,-0.00240168675964014,0.953605287588227,0,0.0762786865234375,0.916770935058594
3.1899999999999995,15.7464302,15.725,0,1,0,-54.5004768371582,15730,-54.771800994873,4279,0,4,10,-52,0,-55.467716217041,-55.467716217041,-56,0,1.03620402221675,0,1.01449819406817,-0.00117088702404544,0.944143953937607,0,0.879283905029297,0.674396514892578
3.215,15.7722385,15.75,0,1,0,-59.8570594787598,15756,-60.1829795837402,4279,0,4,10,-54,0,-61.8991661071777,-62.3221244812012,-63,0,1.03620402221675,0.000395100557170736,1.01437547560514,-0.00765578899267894,0.936911960116341,0,0.590255737304688,0.590255737304688
3.241999999999999,15.7979493,15.777,0,1,0,-69.1751708984375,15782,-69.3949279785156,4279,0,4,10,-73,0,-71.1301727294922,-71.1301727294922,-72,0,1.03610814841751,-0.00275353651340993,1.01397664060029,-0.0221257919500886,0.929145488312172,0,0.728347778320313,0.728347778320313
3.2680000000000007,15.827986,15.803,0,1,0,-75.6292495727539,15808,-75.8006591796875,4279,0,4,10,-75,0,-77.3952026367188,-77.5147323608398,-78,0,1.03601227461826,-0.00725295149095473,1.01294120356846,-0.0459174661066299,0.919876194922031,0,0.157363891601563,0.947738647460938
3.2989999999999995,15.8567146,15.834,0,1,0,-80.6305847167969,15839,-80.7655181884766,4279,0,4,10,-82,0,-81.5898895263672,-81.7504653930664,-82,0,1.03543703182281,-0.0336529181900005,1.01133819364512,-0.0500938602438055,0.910605174462101,0,0.67095947265625,0.423751831054688
3.33,15.8864145,15.865,0,1,0,-86.2677841186523,15869,-86.4986267089844,4279,0,4,10,-94,0,-87.4889678955078,-87.4889678955078,-88,0,1.03380717723568,-0.0577133082065302,1.00960479535481,-0.0736196220345846,0.900696359722878,0,0.153488159179688,0.0409088134765625
3.3599999999999994,15.9159144,15.895,0,1,0,-90.8244781494141,15900,-90.9795074462891,4279,0,4,10,-82,0,-91.5096740722656,-91.5958862304688,-92,0,1.03160207985309,-0.0901864824008953,1.00652149397116,-0.12816275933244,0.890813610475931,0,0.794715881347656,0.667800903320313
3.394,15.9499252,15.929,0,1,0,-93.4913940429688,15933,-93.5327453613281,4279,0,4,10,-101,0,-93.5886611938477,-93.5886611938477,-94,0,1.02767125408414,-0.137839579677348,1.00130595929235,-0.181853899043745,0.878850546882404,0,0.447616577148438,0.461349487304688
3.42,15.9760072,15.955,0,1,0,-93.4095687866211,15960,-93.3826293945313,4279,0,4,10,-92,0,-93.1319198608398,-93.04443359375,-94,0,1.02316518551972,-0.197466331633905,0.996435570290815,-0.209773193829506,0.869797991671487,0,0.627059936523438,0.728927612304688
3.4450000000000003,16.0011118,15.98,0,1,0,-91.5138397216797,15985,-91.4756317138672,4279,0,4,10,-92,0,-91.0797882080078,-91.1094512939453,-92,0,1.01635814577348,-0.275403638752096,0.99073683166382,-0.228204436035981,0.859780250620615,0,0.99066162109375,0.99066162109375
3.469999999999999,16.0290331,16.005,0,1,0,-91.2505493164063,16010,-91.3292541503906,4279,0,4,10,-89,0,-92.0403442382813,-92.1811141967773,-93,0,1.00801712523935,-0.324089278712108,0.984409160913792,-0.227410816517022,0.849515072756169,0,0.572410583496094,0.572410583496094
3.5,16.057665,16.035,0,1,0,-95.7988891601563,16040,-96.1325531005859,4279,0,4,10,-98,0,-97.2389678955078,-97.4624938964844,-98,0,0.999484357106738,-0.311355144324807,0.977912752277096,-0.239369735153559,0.838217276028916,0,0.552810668945313,0.314651489257813
3.530999999999999,16.0870795,16.066,0,1,0,-101.968597412109,16071,-102.172103881836,4279,0,4,10,-107,0,-102.914817810059,-102.991348266602,-103,0,0.991622705568824,-0.252896035471622,0.969621586118574,-0.311045463057894,0.826237094725323,0,0.544342041015625,0.544342041015625
3.562000000000001,16.1196822,16.097,0,1,0,-103.657989501953,16102,-103.624313354492,4279,0,4,10,-100,0,-103.402244567871,-103.36548614502,-104,0,0.984336296826367,-0.248112693660232,0.95841585646307,-0.358647003270562,0.813134774622731,0,0.248008728027344,0.384109497070313
3.594000000000001,16.1510143,16.129,0,1,0,-100.835403442383,16134,-100.741493225098,4279,0,4,10,-94,0,-100.027519226074,-99.8802185058594,-100,0,0.974844790701325,-0.349110010726008,0.947639641428173,-0.327611530434183,0.800128390044742,0,0.995529174804688,0.995529174804688
3.620000000000001,16.1763644,16.155,0,1,0,-97.69677734375,16160,-97.495475769043,4279,0,4,10,-96,0,-97.151611328125,-97.151611328125,-98,0,0.964490420383097,-0.44523746057007,0.939524883060258,-0.327826117606946,0.789418026900385,0,0.207138061523438,0.210304260253906
3.6449999999999996,16.2011915,16.18,0,1,0,-96.7625885009766,16185,-96.799201965332,4279,0,4,10,-105,0,-96.9899215698242,-97.0799407958984,-98,0,0.952602069276983,-0.472684669097134,0.931064979015069,-0.350052197468813,0.778072667592819,0,0.146858215332031,0.146858215332031
3.669999999999998,16.2286835,16.205,0,1,0,-99.1279449462891,16210,-99.4524841308594,4279,0,4,10,-100,0,-100.393524169922,-100.584716796875,-101,0,0.941288960966327,-0.449275311914107,0.921132453413509,-0.379639962519605,0.766071214166541,0,0.916374206542969,0.751144409179688
3.6980000000000004,16.2556636,16.233,0,1,0,-104.010063171387,16238,-104.376602172852,4279,0,4,10,-121,0,-105.170761108398,-105.170761108398,-106,0,0.931126338246584,-0.389721006745162,0.910609345208614,-0.405200932427078,0.754305846967004,0,0.127388000488281,0.0725250244140625
3.7250000000000014,16.2825811,16.26,0,1,0,-106.343650817871,16265,-106.367347717285,4279,0,4,10,-98,0,-106.371536254883,-106.336906433105,-107,0,0.922114201117756,-0.347724374292852,0.898935751412804,-0.450207178285496,0.741874946221492,0,0.856498718261719,0.8970947265625
3.751999999999999,16.3078983,16.287,0,1,0,-105.604583740234,16292,-105.433776855469,4279,0,4,10,-114,0,-104.694519042969,-104.694519042969,-105,0,0.912430947394228,-0.388741482893806,0.887139439153964,-0.456879467032536,0.729702617113561,0,0.560394287109375,0.446418762207031
3.779,16.3354511,16.314,0,1,0,-103.088897705078,16319,-103.037857055664,4279,0,4,10,-103,0,-102.244094848633,-102.058876037598,-103,0,0.900446722488871,-0.480143885496091,0.875557884205427,-0.429395405824494,0.716376269405072,0,0.826934814453125,0.943069458007813
3.811,16.3668859,16.346,0,1,0,-98.4089660644531,16351,-98.214469909668,4279,0,4,10,-105,0,-97.7326583862305,-97.4699859619141,-98,0,0.883860555219858,-0.583580007157821,0.861637008555365,-0.435341673258222,0.701363646034338,0,0.67376708984375,0.5921630859375
3.84,16.3961064,16.375,0,1,0,-99.0593566894531,16380,-99.6759796142578,4279,0,4,10,-103,0,-100.808258056641,-101.090805053711,-102,0,0.867562009348573,-0.568773776433545,0.849702638025614,-0.42792837730326,0.687078582368919,0,0.775665283203125,0.775665283203125
3.872,16.4298878,16.407,0,1,0,-106.984680175781,16412,-107.105995178223,4279,0,4,10,-105,0,-107.527221679688,-107.59432220459,-108,0,0.853180939462145,-0.450387346142747,0.834569917553123,-0.494717586964271,0.670040429911187,0,0.12078857421875,0.0951614379882813
3.899000000000001,16.4553078,16.434,0,1,0,-107.932189941406,16439,-107.945960998535,4279,0,4,10,-105,0,-108.017013549805,-108.029762268066,-109,0,0.84158020975376,-0.438964633324645,0.821017197292153,-0.503913006150697,0.657316856450373,0,0.782257080078125,0.782257080078125
3.9239999999999995,16.4807405,16.459,0,1,0,-108.360870361328,16464,-108.310302734375,4279,0,4,10,-107,0,-108.006294250488,-107.902252197266,-108,0,0.831609334632503,-0.438495770550276,0.808085739250277,-0.531677640038311,0.643912341054791,0,0.953224182128906,0.0854721069335938
3.9499999999999993,16.5066395,16.485,0,1,0,-105.470497131348,16490,-105.17268371582,4279,0,4,10,-112,0,-104.283096313477,-104.283096313477,-105,0,0.818858119333204,-0.531221512335605,0.794410300526276,-0.514068161904788,0.630335985952458,0,0.28033447265625,0.415283203125
3.9770000000000003,16.5338037,16.512,0,1,0,-101.087997436523,16517,-100.802467346191,4279,0,4,10,-101,0,-100.108192443848,-99.9684677124023,-100,0,0.80294306865889,-0.629234134203784,0.780558454011669,-0.487263093843353,0.616059467140259,0,0.013580322265625,0.03961181640625
4.012999999999998,16.5702142,16.548,0,1,0,-98.3746566772461,16553,-98.4885101318359,4279,0,4,10,-94,0,-99.4356307983398,-99.7024993896484,-100,0,0.780029230639849,-0.656180410530169,0.763002043894318,-0.48363725028139,0.596749032107622,0,0.1943359375,0.827232360839844
4.0440000000000005,16.5997068,16.579,0,1,0,-106.973098754883,16584,-107.163696289063,4279,0,4,10,-103,0,-107.955146789551,-107.955146789551,-109,0,0.763922432367049,-0.54548559769114,0.748659323527587,-0.519948375015247,0.580423357650205,0,0.483474731445313,0.480873107910156
4.074999999999999,16.6338278,16.61,0,1,0,-108.972633361816,16614,-109.011932373047,4279,0,4,10,-108,0,-109.152641296387,-109.183135986328,-110,0,0.74915786728365,-0.477280561857015,0.728993689826893,-0.578753128272865,0.561671942277735,0,0.00107574462890625,0.02850341796875
4.1030000000000015,16.6589238,16.638,0,1,0,-108.16130065918,16643,-108.04460144043,4279,0,4,10,-105,0,-107.799934387207,-107.799934387207,-108,0,0.736502525783593,-0.493247659918211,0.714344173302585,-0.59241843414361,0.547720124173119,0,0.307876586914063,0.344573974609375
4.128,16.6854267,16.663,0,1,0,-106.632720947266,16668,-106.432388305664,4279,0,4,10,-107,0,-104.995666503906,-104.786010742188,-105,0,0.722984320090351,-0.567141840927661,0.699104074174942,-0.565105662546443,0.533066924030834,0,0.9791259765625,0.9791259765625
4.155000000000001,16.7123909,16.69,0,1,0,-101.580780029297,16695,-101.091255187988,4279,0,4,10,-114,0,-100.075553894043,-99.9953231811523,-100,0,0.705918783825124,-0.676216939129972,0.684408538226997,-0.536916848506735,0.517699621684023,0,0.369949340820313,0.369949340820313
4.184999999999999,16.7422636,16.72,0,1,0,-96.6614303588867,16726,-96.634391784668,4279,0,4,10,-92,0,-97.5553131103516,-97.7968292236328,-99,0,0.685114169389424,-0.723847928979581,0.668516497264502,-0.520089989446092,0.500450294481717,0,0.370574951171875,0.131820678710938
4.216000000000001,16.7733132,16.751,0,1,0,-104.831756591797,16756,-105.229125976563,4279,0,4,10,-98,0,-106.219589233398,-106.367874145508,-107,0,0.665651788143125,-0.635997272277336,0.652087563026247,-0.559044205262126,0.482439265038161,0,0.716361999511719,0.716361999511719
4.247,16.8039269,16.782,0,1,0,-108.923553466797,16787,-109.057601928711,4279,0,4,10,-94,0,-109.549377441406,-109.626022338867,-110,0,0.64935324227184,-0.531450382310027,0.634431444157683,-0.601432762484592,0.464245209909569,0,0.955978393554688,0.91180419921875
4.280000000000001,16.8369923,16.815,0,1,0,-109.962890625,16820,-109.895416259766,4279,0,4,10,-108,0,-109.329055786133,-109.196868896484,-110,0,0.632575327404341,-0.541853155293211,0.613224159765164,-0.642852477778092,0.444683975066548,0,0.0843353271484375,0.322959899902344
4.306000000000001,16.862271,16.841,0,1,0,-106.821922302246,16846,-106.887725830078,4279,0,4,10,-112,0,-107.116333007813,-107.161636352539,-108,0,0.619632364506556,-0.571572843759213,0.597477846977518,-0.617334044995459,0.429737130035755,0,0.789321899414063,0.789321899414063
4.3309999999999995,16.8875129,16.866,0,1,0,-103.499443054199,16870,-103.272483825684,4279,0,4,10,-103,0,-101.546768188477,-101.077438354492,-102,0,0.603142071036786,-0.692179521959815,0.582306776985329,-0.600043513233118,0.414079985744744,0,0.344329833984375,0.798683166503906
4.356999999999999,16.9160266,16.892,0,1,0,-93.9712982177734,16897,-93.7322311401367,4279,0,4,10,-92,0,-94.0694580078125,-94.0694580078125,-95,0,0.583967311188215,-0.779959714357574,0.566982308914351,-0.542261774549274,0.39831233668657,0,0.421859741210938,0.0712966918945313
4.3870000000000005,16.9445394,16.922,0,1,0,-100.711624145508,16927,-101.354217529297,4279,0,4,10,-101,0,-102.691452026367,-102.823623657227,-103,0,0.562491580157816,-0.738731436904004,0.551189976703069,-0.564292837195808,0.379987080155634,0,0.563858032226563,0.373672485351563
4.4190000000000005,16.9754544,16.954,0,1,0,-107.752334594727,16959,-108.160491943359,4279,0,4,10,-107,0,-108.945007324219,-108.945007324219,-110,0,0.54312507271076,-0.626072738272683,0.532291333396318,-0.619284196439594,0.360909225184873,0,0.240127563476563,0.240127563476563
4.4510000000000005,17.0074784,16.986,0,1,0,-110.384490966797,16990,-110.379440307617,4279,0,4,10,-100,0,-110.277305603027,-110.260360717773,-111,0,0.526922400638718,-0.524128145059535,0.511214437370769,-0.671388537633788,0.340450257402219,0,0.546600341796875,0.546600341796875
4.484999999999999,17.0417385,17.02,0,1,0,-109.131637573242,17025,-108.771301269531,4279,0,4,10,-112,0,-107.510986328125,-107.510986328125,-108,0,0.508227009786361,-0.597362786814301,0.488220065360363,-0.682389661451225,0.319218333232053,0,0.157363891601563,0.627029418945313
4.510999999999999,17.0690661,17.046,0,1,0,-101.554656982422,17051,-100.941268920898,4279,0,4,10,-96,0,-98.9625701904297,-98.5358276367188,-98,0,0.490298609327948,-0.725246577463736,0.470540936779981,-0.625616796767474,0.302253436115126,0,0.10394287109375,0.871688842773438
4.538,17.0952421,17.073,0,1,0,-86.4025955200195,17078,-85.9538192749023,4279,0,4,10,-80,0,-85.9574127197266,-86.1400527954102,-87,0,0.469589868691492,-0.837303083264032,0.454955691975063,-0.570901802864967,0.285834598467404,0,0.94970703125,0.94970703125
4.565000000000001,17.1226786,17.1,0,1,0,-97.4570617675781,17105,-98.0378723144531,4279,0,4,10,-87,0,-98.6292266845703,-98.5550537109375,-99,0,0.447538894865636,-0.839646170180686,0.439723262751359,-0.547217028251794,0.268067592015448,0,0.874359130859375,0.608688354492188
4.591999999999999,17.1478631,17.127,0,1,0,-104.056106567383,17132,-104.416053771973,4279,0,4,10,-112,0,-105.873802185059,-106.153656005859,-107,0,0.429898115804951,-0.720023019545124,0.425104425842808,-0.621089865627255,0.252133917073355,0,0.892784118652344,0.608047485351563
4.623999999999999,17.1802061,17.159,0,1,0,-110.996566772461,17163,-111.068664550781,4279,0,4,10,-114,0,-111.344200134277,-111.398300170898,-112,0,0.413695443732909,-0.494511686368583,0.403812772506956,-0.702214086980348,0.231648573074126,0,0.3819580078125,0.379493713378906
4.654,17.2106827,17.189,0,1,0,-111.179092407227,17194,-111.124130249023,4279,0,4,10,-108,0,-110.923194885254,-110.864501953125,-111,0,0.39960199524421,-0.4954705271752,0.38161607050625,-0.70718864907775,0.212358359110439,0,0.762413024902344,0.894721984863281
4.687000000000001,17.243907,17.222,0,1,0,-102.277488708496,17227,-101.018463134766,4279,0,4,10,-96,0,-98.2588348388672,-98.2588348388672,-98,0,0.37879738080851,-0.718219318560898,0.358583348976148,-0.678258376249119,0.190405275441256,0,0.0879592895507813,0.726020812988281
4.712,17.269188,17.247,0,1,0,-87.4208679199219,17252,-86.2249526977539,4279,0,4,10,-87,0,-84.473258972168,-84.2838287353516,-85,0,0.357513397376597,-0.869208465663689,0.342768007053047,-0.596621472334277,0.174207301609116,0,0.935211181640625,0.324066162109375
4.7379999999999995,17.2950556,17.273,0,1,0,-89.219367980957,17277,-89.4587249755859,4279,0,4,10,-87,0,-88.0977249145508,-87.4798431396484,-87,0,0.335654171149227,-0.944863916438123,0.327742665235707,-0.568038516038939,0.157966344732023,0,0.064178466796875,0.01239013671875
4.763999999999999,17.322632,17.299,0,1,0,-95.224365234375,17304,-97.9921875,4279,0,4,10,-96,0,-102.036651611328,-102.480117797852,-103,0,0.311781595137757,-0.817225991996054,0.311988682544121,-0.586691619556632,0.139078274094787,0,0.722259521484375,0.269554138183594
4.795999999999999,17.3523416,17.331,0,1,0,-109.841201782227,17335,-110.102630615234,4279,0,4,10,-112,0,-110.654747009277,-110.76441192627,-111,0,0.2950995540695,-0.548418078844975,0.292138971148881,-0.717111783648647,0.120144028871669,0,0.7001953125,0.64788818359375
4.8260000000000005,17.3852094,17.361,0,1,0,-111.390647888184,17366,-111.284973144531,4279,0,4,10,-112,0,-111.42497253418,-111.414825439453,-112,0,0.281964843573229,-0.455235967631552,0.26707372507483,-0.776739056485951,0.0985499952537603,0,0.0434951782226563,0.0902862548828125
4.856999999999999,17.413094,17.392,0,1,0,-109.65641784668,17397,-109.488418579102,4279,0,4,10,-98,0,-108.284378051758,-108.284378051758,-108,0,0.266625035694373,-0.607057427305108,0.246664110692011,-0.744149046888282,0.0808502177600387,0,0.0174407958984375,0.0903778076171875
4.890000000000001,17.4463371,17.425,0,1,0,-83.4482727050781,17430,-82.4326934814453,4279,0,4,10,-80,0,-75.771728515625,-74.6364593505859,-75,0,0.239013381512431,-0.936543930713754,0.223439641563423,-0.635528272552506,0.0585291373776811,0,0.69940185546875,0.69940185546875
4.914999999999999,17.4718306,17.45,0,1,0,-66.7167587280273,17455,-68.8142547607422,4279,0,4,10,-61,0,-72.9994430541992,-73.4511566162109,-74,0,0.214182067508533,-1.01079660321051,0.208613717248508,-0.52854521562449,0.0414415140649427,0,0.1854248046875,0.164108276367188
4.940999999999999,17.4976668,17.476,0,1,0,-75.8078308105469,17480,-76.4707489013672,4279,0,4,10,-71,0,-81.7905426025391,-82.8621292114258,-85,0,0.189063132106905,-1.00111488560401,0.195352453337236,-0.500545357264087,0.0243428313312699,0,0.592453002929688,0.720054626464844
4.966000000000001,17.5256972,17.501,0,1,0,-102.524475097656,17506,-104.174758911133,4279,0,4,10,-110,0,-107.405975341797,-107.405975341797,-108,0,0.166532789284835,-0.802719193817069,0.179636820165348,-0.59883247483711,0.00592173107957685,0,0.054046630859375,0.8505859375
4.997,17.5548722,17.532,0,1,0,-110.640991210938,17537,-110.711128234863,4279,0,4,10,-107,0,-110.851509094238,-110.887031555176,-111,0,0.14956312681885,-0.61560922799498,0.160876235129507,-0.717520727214406,-0.0131591261946566,0,0.7647705078125,0.735748291015625
5.027999999999999,17.5856426,17.563,0,1,0,-111.15096282959,17567,-111.143905639648,4279,0,4,10,-114,0,-111.148796081543,-111.132797241211,-112,0,0.134415066538479,-0.483849494598758,0.136854095991217,-0.813600522679792,-0.0335509124087327,0,0.929084777832031,0.929084777832031
5.059000000000001,17.6168349,17.594,0,1,0,-110.808532714844,17599,-110.771423339844,4279,0,4,10,-107,0,-110.307846069336,-110.177864074707,-111,0,0.121184482242966,-0.44463811685327,0.110876131348374,-0.856491562915366,-0.053929970225325,0,0.01947021484375,0.163749694824219
5.091000000000001,17.6494369,17.626,0,1,0,-101.461936950684,17631,-98.9507675170898,4279,0,4,10,-105,0,-89.9172668457031,-87.9458541870117,-86,0,0.101626227197424,-0.744354280097497,0.0836019529397675,-0.786441646525802,-0.0749448695210663,0,0.640594482421875,0.640594482421875
5.1179999999999986,17.6756076,17.653,0,1,0,-60.3421592712402,17659,-59.976245880127,4279,0,4,10,-68,0,-58.0377922058105,-58.0377922058105,-58,0,0.0781371463829248,-0.992388194201368,0.0659995233987797,-0.582859421760915,-0.0919975578981548,0,0.722171783447266,0.722171783447266
5.145,17.7014183,17.68,0,1,0,-60.8867149353027,17684,-60.9615592956543,4279,0,4,10,-66,0,-60.9001693725586,-60.855167388916,-61,0,0.0502378708032548,-1.12270089282744,0.0527535992953872,-0.477180950035951,-0.109680071421837,0,0.452049255371094,0.452049255371094
5.169999999999998,17.7303018,17.705,0,1,0,-62.7443962097168,17710,-63.8611640930176,4279,0,4,10,-64,0,-69.3661651611328,-70.6015930175781,-72,0,0.0213798572311561,-1.09443203151672,0.0402056364504827,-0.429455621268687,-0.127984086415089,0,0.0160140991210938,0.0981216430664063
5.199000000000002,17.7567455,17.734,0,1,0,-98.325813293457,17739,-99.8366241455078,4279,0,4,10,-92,0,-103.18480682373,-103.782089233398,-105,0,-0.00335558297349984,-0.915001548630219,0.0275579648543655,-0.541807412435748,-0.145596935704207,0,0.251876831054688,0.842384338378906
5.225999999999999,17.7852628,17.761,0,1,0,-110.709579467773,17767,-110.835159301758,4279,0,4,10,-105,0,-111.39582824707,-111.440536499023,-112,0,-0.0195582550455419,-0.568886298327522,0.00935728280610241,-0.728630285645067,-0.163817788713361,0,0.495529174804688,0.527153015136719
5.254000000000001,17.8129367,17.789,0,1,0,-111.068153381348,17794,-111.061813354492,4279,0,4,10,-101,0,-111.30940246582,-111.357818603516,-112,0,-0.0323094703448413,-0.414199573328187,-0.0119036909139926,-0.833870359162706,-0.181339942206631,0,0.500625610351563,0.507575988769531
5.292000000000002,17.8511075,17.827,0,1,0,-110.607696533203,17833,-110.528503417969,4279,0,4,10,-108,0,-109.842323303223,-109.842323303223,-110,0,-0.0457318022388407,-0.378698816351907,-0.0468324334541486,-0.904158025355017,-0.206556269621911,0,0.953819274902344,0.197845458984375
5.321999999999999,17.878866,17.857,0,1,0,-103.205833435059,17862,-102.41178894043,4279,0,4,10,-107,0,-96.4978485107422,-95.1368103027344,-96,0,-0.0583871437388972,-0.550297502670148,-0.0710156405751658,-0.87735165760327,-0.223941980746482,0,0.739028930664063,0.381378173828125
5.3530000000000015,17.912361,17.888,0,1,0,-57.3937568664551,17894,-55.6300964355469,4279,0,4,10,-56,0,-53.463077545166,-53.3311233520508,-54,0,-0.0846565647314388,-0.914141907266469,-0.0963493332870971,-0.638181075922816,-0.245742807537321,0,0.178462982177734,0.159420013427734
5.385999999999999,17.9432161,17.921,0,1,0,-53.4371452331543,17926,-53.4005279541016,4279,0,4,10,-57,0,-53.3395080566406,-53.3395080566406,-54,0,-0.11830826826568,-1.17443236348471,-0.11294700541202,-0.459136620343045,-0.265522546782536,0,0.539638519287109,0.377956390380859
5.411999999999999,17.9685787,17.947,0,1,0,-55.764591217041,17952,-56.1424522399902,4279,0,4,10,-50,0,-57.7026100158691,-58.1303977966309,-59,0,-0.148604388826421,-1.22827608207209,-0.123485453424794,-0.372191735256038,-0.282034643276943,0,0.884517669677734,0.884517669677734
5.437999999999999,17.9937423,17.973,0,1,0,-70.5935745239258,17978,-72.8178024291992,4279,0,4,10,-80,0,-90.4739837646484,-96.0410995483398,-102,0,-0.170271867455306,-0.656768025865688,-0.13333361008302,-0.443385386876173,-0.297840732770577,0,0.124916076660156,0.903160095214844
5.462,18.0218183,17.997,0,1,0,-111.309936523438,18002,-111.322296142578,4279,0,4,10,-112,0,-111.378814697266,-111.378814697266,-112,0,-0.183310704152334,-0.5451565674731,-0.149547787010971,-0.685221281675751,-0.314828651593322,0,0.0673446655273438,0.178726196289063
5.492000000000001,18.0499644,18.027,0,1,0,-108.264442443848,18032,-107.593017578125,4279,0,4,10,-112,0,-105.408874511719,-104.934143066406,-105,0,-0.202101968803933,-0.669866372298372,-0.171238275351674,-0.844849143527199,-0.33234998857845,0,0.627700805664063,0.629524230957031
5.518000000000001,18.0778385,18.053,0,1,0,-106.265289306641,18059,-107.108032226563,4279,0,4,10,-101,0,-108.203338623047,-108.213745117188,-109,0,-0.212648086720647,-0.367305852164009,-0.195651579590874,-0.89201353184373,-0.34976846230787,0,0.1756591796875,0.443588256835938
5.545999999999999,18.1034751,18.081,0,1,0,-103.48445892334,18086,-103.036186218262,4279,0,4,10,-96,0,-99.4211044311523,-98.6531295776367,-98,0,-0.222810709440389,-0.438875597015596,-0.219075466221888,-0.897461931585923,-0.365845941954482,0,0.0283737182617188,0.96221923828125
5.571999999999999,18.1310256,18.107,0,1,0,-80.5668029785156,18114,-76.8980484008789,4279,0,4,10,-70,0,-67.7029571533203,-67.7029571533203,-66,0,-0.237575274523789,-0.616993626937301,-0.242484013045023,-0.810081384580286,-0.383050841546331,0,0.823856353759766,0.301467895507813
5.603999999999999,18.1608508,18.139,0,1,0,-52.5085601806641,18144,-52.2188949584961,4279,0,4,10,-50,0,-51.0493392944336,-51.0493392944336,-51,0,-0.261256102936773,-0.884134033015243,-0.263361491568146,-0.612572985290285,-0.400745153256555,0,0.57977294921875,0.631919860839844
5.635000000000002,18.191195,18.17,0,1,0,-50.5039558410645,18174,-50.7555885314941,4279,0,4,10,-56,0,-51.4252967834473,-51.4252967834473,-52,0,-0.290881106902815,-1.06852423896612,-0.279023435412459,-0.452077590549379,-0.419512484615817,0,0.888233184814453,0.848628997802734
5.6640000000000015,18.2225552,18.199,0,1,0,-53.6822776794434,18204,-53.9966773986816,4279,0,4,10,-57,0,-55.0073661804199,-55.2637596130371,-56,0,-0.325203927031756,-1.19463911483086,-0.291464019602211,-0.405999995830882,-0.438120663175045,0,0.386825561523438,0.386825561523438
5.690999999999999,18.2472532,18.226,0,1,0,-74.1421508789063,18231,-80.7092437744141,4279,0,4,10,-71,0,-99.7890243530273,-99.7890243530273,-103,0,-0.345912667668212,-0.636941949291952,-0.303306351284688,-0.493372366852839,-0.453006518137507,0,0.443328857421875,0.979660034179688
5.716000000000001,18.2726784,18.251,0,1,0,-110.61311340332,18256,-110.563690185547,4279,0,4,10,-112,0,-109.417114257813,-109.053840637207,-109,0,-0.35693815458114,-0.561758916146516,-0.318638489259605,-0.709813012353152,-0.467780600520101,0,0.649978637695313,0.649978637695313
5.742000000000001,18.3006395,18.277,0,1,0,-82.0005798339844,18282,-79.2655639648438,4279,0,4,10,-77,0,-75.8534545898438,-75.7971649169922,-76,0,-0.375345924035768,-0.674844331977113,-0.339861113460003,-0.80689628794039,-0.48419037664267,0,0.735702514648438,0.408332824707031
5.768999999999998,18.3289392,18.304,0,1,0,-96.4484710693359,18309,-97.2057495117188,4279,0,4,10,-94,0,-100.297103881836,-100.470306396484,-101,0,-0.384741556361567,-0.307381204363196,-0.363492087497382,-0.829295762979939,-0.500450294482599,0,0.806976318359375,0.38232421875
5.797000000000001,18.3541979,18.332,0,1,0,-90.618408203125,18337,-89.8445587158203,4279,0,4,10,-91,0,-82.4974212646484,-82.4974212646484,-82,0,-0.394808305282067,-0.451595834785053,-0.385029177759296,-0.85647757755379,-0.515410205702975,0,0.185165405273438,0.343109130859375
5.823,18.3789222,18.358,0,1,0,-57.0575523376465,18362,-56.266529083252,4279,0,4,10,-64,0,-52.398250579834,-52.398250579834,-53,0,-0.41005223936168,-0.698945947957611,-0.402992092785437,-0.683743458868321,-0.529665070731062,0,0.546085357666016,0.749923706054688
5.847000000000001,18.4029869,18.382,0,1,0,-47.7359046936035,18387,-47.0915985107422,4279,0,4,10,-54,0,-45.8518867492676,-45.8518867492676,-46,0,-0.431432096592837,-0.922819843133595,-0.417940735563382,-0.540252509488766,-0.543226834715454,0,0.659103393554688,0.550144195556641
5.872,18.4300168,18.407,0,1,0,-42.830696105957,18411,-42.6588478088379,4279,0,4,10,-47,0,-43.9200782775879,-44.4657325744629,-45,0,-0.461248848157364,-1.18181909980973,-0.429836756573436,-0.402543088266839,-0.558336015603718,0,0.943367004394531,0.492752075195313
5.899000000000001,18.4565091,18.434,0,1,0,-54.8883094787598,18439,-56.322566986084,4279,0,4,10,-49,0,-61.8676300048828,-63.0559272766113,-65,0,-0.485025550369591,-0.833522297448724,-0.439999379293178,-0.411995855636121,-0.57273378026938,0,0.582534790039063,0.0805206298828125
5.925000000000001,18.4819602,18.46,0,1,0,-103.285140991211,18465,-103.792495727539,4279,0,4,10,-115,0,-104.787254333496,-104.675315856934,-105,0,-0.495859289684034,-0.483114839419386,-0.453306662628086,-0.617391146055411,-0.586978700520401,0,0.445877075195313,0.765274047851563
5.9510000000000005,18.5087649,18.486,0,1,0,-77.0386962890625,18491,-73.283332824707,4279,0,4,10,-68,0,-65.8379058837891,-65.8379058837891,-65,0,-0.51388356394169,-0.718753660149559,-0.472266665166352,-0.735862401763029,-0.601066974841012,0,0.860977172851563,0.860977172851563
5.9780000000000015,18.5344301,18.513,0,1,0,-74.640251159668,18517,-75.5943298339844,4279,0,4,10,-75,0,-79.4140777587891,-80.158935546875,-81,0,-0.524909050854618,-0.401639711830171,-0.490651424909162,-0.733994755950334,-0.614994843519257,0,0.538948059082031,0.524505615234375
6.009,18.5648973,18.544,0,1,0,-74.6815338134766,18548,-74.0772857666016,4279,0,4,10,-70,0,-74.9535827636719,-75.3092803955078,-76,0,-0.535359294972089,-0.332096609307087,-0.513193272587141,-0.714972177638799,-0.630861287304095,0,0.412712097167969,0.832901000976563
6.039999999999999,18.5968408,18.575,0,1,0,-58.1479187011719,18580,-57.2718772888184,4279,0,4,10,-59,0,-53.539249420166,-53.0606117248535,-53,0,-0.552233083638831,-0.649209527822677,-0.53359521706602,-0.59018388154584,-0.647538303112105,0,0.331958770751953,0.331958770751953
6.0710000000000015,18.6310991,18.606,0,1,0,-44.2658843994141,18610,-44.1347618103027,4279,0,4,10,-42,0,-43.7029190063477,-43.6223564147949,-44,0,-0.579461242623801,-0.969291218022022,-0.54956395706791,-0.449185851258903,-0.665478825528316,0,0.902050018310547,0.672615051269531
6.1030000000000015,18.6601983,18.638,0,1,0,-51.3748970031738,18643,-52.6926574707031,4279,0,4,10,-50,0,-56.1934471130371,-56.1934471130371,-58,0,-0.607264644404228,-0.777495393135837,-0.563308424927365,-0.418573982068438,-0.680100405840906,0,0.73974609375,0.987648010253906
6.134,18.6906756,18.669,0,1,0,-87.5200805664063,18674,-87.6046371459961,4279,0,4,10,-77,0,-86.0605926513672,-85.2646179199219,-85,0,-0.621262219093685,-0.524304392755766,-0.578686582325919,-0.586733895591351,-0.694988510922732,0,0.662216186523438,0.662216186523438
6.1640000000000015,18.7235252,18.699,0,1,0,-59.9395332336426,18704,-59.5944709777832,4279,0,4,10,-56,0,-59.3376388549805,-59.4828414916992,-60,0,-0.64024523134377,-0.581720171647135,-0.599617750176618,-0.646000157923254,-0.711080025812546,0,0.695522308349609,0.222629547119141
6.192,18.7489965,18.727,0,1,0,-70.3729095458984,18732,-71.1398620605469,4279,0,4,10,-70,0,-71.4307632446289,-71.4307632446289,-72,0,-0.649832611268055,-0.369699755921488,-0.615916296047903,-0.65328386057638,-0.723067417725804,0,0.3294677734375,0.0381317138671875
6.216999999999999,18.7741147,18.752,0,1,0,-60.1096954345703,18757,-58.4746284484863,4279,0,4,10,-52,0,-55.4631690979004,-55.1776924133301,-56,0,-0.661720962374168,-0.453064476407008,-0.631670278739489,-0.603513021304821,-0.735345010798801,0,0.396183013916016,0.693149566650391
6.2429999999999986,18.8007894,18.778,0,1,0,-60.0613327026367,18783,-59.3069648742676,4279,0,4,10,-66,0,-55.9193534851074,-55.0362815856934,-56,0,-0.673034070684825,-0.525702641757221,-0.646856688539557,-0.528003224719896,-0.747426363695984,0,0.945743560791016,0.945743560791016
6.268999999999998,18.8282116,18.804,0,1,0,-49.823902130127,18809,-49.0596580505371,4279,0,4,10,-49,0,-46.5907020568848,-46.3357238769531,-47,0,-0.692112956734153,-0.76029307910801,-0.65981882619719,-0.443490195457571,-0.760213890601281,0,0.371128082275391,0.328544616699219
6.295999999999999,18.8530081,18.831,0,1,0,-46.865795135498,18836,-47.3491325378418,4279,0,4,10,-45,0,-48.7830581665039,-49.0960960388184,-50,0,-0.710424852389538,-0.739686708896897,-0.671047565564513,-0.42523904261077,-0.771432618551907,0,0.482284545898438,0.0370674133300781
6.321999999999999,18.8792851,18.857,0,1,0,-57.6455841064453,18861,-58.1874198913574,4279,0,4,10,-59,0,-60.5544319152832,-60.8883247375488,-61,0,-0.723559562885808,-0.532462321513663,-0.682038537909714,-0.452092031023881,-0.782898144878326,0,0.546867370605469,0.423854827880859
6.347999999999999,18.9059734,18.883,0,1,0,-62.9550285339355,18888,-62.4784049987793,4279,0,4,10,-63,0,-61.1836585998535,-60.9251251220703,-61,0,-0.737365389976779,-0.566059405546866,-0.695016015375226,-0.510013385217349,-0.794154740611162,0,0.838264465332031,0.0892982482910156
6.376999999999999,18.9353572,18.912,0,1,0,-56.687858581543,18917,-56.7195739746094,4279,0,4,10,-59,0,-57.3092308044434,-57.4654960632324,-58,0,-0.752129955060178,-0.474803487560507,-0.71052456114075,-0.547704910237826,-0.806879580999399,0,0.537200927734375,0.417819976806641
6.413,18.9704704,18.948,0,1,0,-58.2513122558594,18953,-57.8374519348145,4279,0,4,10,-59,0,-56.4449348449707,-56.1033363342285,-57,0,-0.765744034552663,-0.417368684487997,-0.729515243294774,-0.543588329784029,-0.82136258404969,0,0.294490814208984,0.635387420654297
6.443999999999999,19.001553,18.979,0,1,0,-50.4898872375488,18984,-50.2324447631836,4279,0,4,10,-59,0,-49.7628898620605,-49.7628898620605,-50,0,-0.780029230639849,-0.482532243817445,-0.745698740606968,-0.488998673044534,-0.833858899591767,0,0.982234954833984,0.896888732910156
6.475999999999999,19.0350876,19.011,0,1,0,-49.9535751342773,19016,-49.8313865661621,4279,0,4,10,-47,0,-49.0158767700195,-49.0158767700195,-49,0,-0.795369038518705,-0.538158999763255,-0.761115247525219,-0.435510956541862,-0.847200615385895,0,0.310012817382813,0.446628570556641
6.503,19.0595063,19.038,0,1,0,-47.1383514404297,19043,-47.1734809875488,4279,0,4,10,-50,0,-47.534610748291,-47.534610748291,-48,0,-0.809366613208161,-0.549687317615849,-0.771308549860719,-0.414673013057381,-0.856385873214994,0,0.745986938476563,0.638072967529297
6.527999999999999,19.0835781,19.063,0,1,0,-49.5059967041016,19067,-49.6294021606445,4279,0,4,10,-56,0,-50.1930198669434,-50.2973861694336,-51,0,-0.821734333310489,-0.514001401224618,-0.78148651238834,-0.404298161803467,-0.865746745043695,0,0.126388549804688,0.0438575744628906
6.552,19.1088743,19.087,0,1,0,-51.0462303161621,19092,-51.0178985595703,4279,0,4,10,-50,0,-50.9156837463379,-50.8552932739258,-51,0,-0.832951567821903,-0.49527912330052,-0.791986610881417,-0.434070546470707,-0.874532246143763,0,0.794765472412109,0.794765472412109
6.577999999999999,19.13427,19.113,0,1,0,-49.205883026123,19117,-49.0183067321777,4279,0,4,10,-49,0,-48.5640182495117,-48.4853820800781,-49,0,-0.845798656920445,-0.493338660593849,-0.803660204677227,-0.452345262197809,-0.883825401586449,0,0.757732391357422,0.792987823486328
6.614999999999998,19.1721268,19.15,0,1,0,-49.5278663635254,19155,-49.5632972717285,4279,0,4,10,-50,0,-49.7535743713379,-49.7535743713379,-50,0,-0.86075496960233,-0.390056908622,-0.819951080644572,-0.43732862704087,-0.896982756793728,0,0.292430877685547,0.323123931884766
6.646000000000001,19.2031278,19.181,0,1,0,-48.1379432678223,19186,-47.8389320373535,4279,0,4,10,-43,0,-47.1271896362305,-46.9917221069336,-47,0,-0.872355699310716,-0.407551995801441,-0.833557490233118,-0.430726112197476,-0.907338012901723,0,0.939716339111328,0.102100372314453
6.6789999999999985,19.2359609,19.214,0,1,0,-44.4780464172363,19219,-44.3912353515625,4279,0,4,10,-38,0,-44.2641334533691,-44.2236862182617,-45,0,-0.885394536007744,-0.410771901081375,-0.847171569725603,-0.398216684198019,-0.917983009490378,0,0.948688507080078,0.948688507080078
6.704000000000001,19.2606505,19.239,0,1,0,-43.501651763916,19244,-43.3498992919922,4279,0,4,10,-43,0,-42.896297454834,-42.896297454834,-43,0,-0.895077789731272,-0.425304361273334,-0.856920017632616,-0.388064502061184,-0.925477203660574,0,0.867443084716797,0.0173759460449219
6.728999999999999,19.2849414,19.264,0,1,0,-41.0011253356934,19268,-40.8036689758301,4279,0,4,10,-40,0,-40.582633972168,-40.5493545532227,-41,0,-0.906007402844957,-0.462823233563427,-0.865901475145687,-0.362449662921449,-0.933059850230224,0,0.315505981445313,0.315505981445313
6.753,19.3112339,19.288,0,1,0,-41.4533615112305,19293,-41.719596862793,4279,0,4,10,-42,0,-42.381893157959,-42.4253044128418,-43,0,-0.916265899363942,-0.415594324895665,-0.874660505444514,-0.338024149193757,-0.940412278243503,0,0.555751800537109,0.494541168212891
6.779,19.3362666,19.314,0,1,0,-43.8872871398926,19319,-43.9447822570801,4279,0,4,10,-43,0,-43.9977416992188,-43.9576835632324,-44,0,-0.925661531689742,-0.38117245181104,-0.883595943533948,-0.35442296704241,-0.947812638089599,0,0.36077880859375,0.381431579589844
6.805,19.3623066,19.34,0,1,0,-42.642635345459,19345,-42.2713279724121,4279,0,4,10,-29,0,-41.5465965270996,-41.5465965270996,-42,0,-0.934769542617813,-0.389768493380757,-0.89308361470702,-0.369378054596837,-0.954960056913447,0,0.601913452148438,0.729839324951172
6.829999999999998,19.3880823,19.365,0,1,0,-39.150562286377,19370,-39.4178352355957,4279,0,4,10,-29,0,-39.5073127746582,-39.5073127746582,-40,0,-0.944261048742855,-0.362731470294648,-0.90261730530373,-0.392596091227233,-0.961592263323263,0,0.451137542724609,0.451137542724609
6.855999999999998,19.4148499,19.391,0,1,0,-39.8100852966309,19396,-40.0170021057129,4279,0,4,10,-43,0,-39.858325958252,-39.858325958252,-40,0,-0.951930952682283,-0.32167638589101,-0.91133031617892,-0.306118269329886,-0.968238051653418,0,0.896495819091797,0.954631805419922
6.8969999999999985,19.4552807,19.432,0,1,0,-35.6868019104004,19437,-35.4569473266602,4279,0,4,10,-35,0,-34.6780128479004,-34.6780128479004,-35,0,-0.965545032174768,-0.351111931253172,-0.925320220964437,-0.321736616391945,-0.978426980552628,0,0.770557403564453,0.828559875488281
6.928000000000001,19.4850297,19.463,0,1,0,-34.1792068481445,19467,-34.2176361083984,4279,0,4,10,-35,0,-34.5367813110352,-34.5884552001953,-35,0,-0.974940664500568,-0.335925711104437,-0.93426332895781,-0.27687882998805,-0.985064962125502,0,0.936485290527344,0.936485290527344
6.959,19.5178927,19.494,0,1,0,-36.0564155578613,19499,-36.1013679504395,4279,0,4,10,-31,0,-36.1419334411621,-36.2439002990723,-37,0,-0.985486782417282,-0.318626704066901,-0.943022359256637,-0.267492961621087,-0.992430780691512,0,0.771976470947266,0.771976470947266
6.992000000000001,19.5501165,19.527,0,1,0,-35.8326530456543,19532,-35.7332153320313,4279,0,4,10,-38,0,-35.2063789367676,-35.0690765380859,-35,0,-0.994594793345353,-0.300796305126369,-0.952180224560315,-0.285186456149745,-0.9989496524953,0,0.937713623046875,0.0961494445800781
7.018999999999998,19.5778651,19.554,0,1,0,-33.2983741760254,19559,-33.2114372253418,4279,0,4,10,-33,0,-32.8859748840332,-32.8662948608398,-33,0,-1.0014018330916,-0.285957648429985,-0.959320905127922,-0.281997339846384,-1.0039490072384,0,0.375576019287109,0.377246856689453
7.045999999999999,19.6036803,19.581,0,1,0,-32.517162322998,19586,-32.5630645751953,4279,0,4,10,-24,0,-32.5583877563477,-32.5198516845703,-33,0,-1.00849649423557,-0.257199048902066,-0.966829741084623,-0.25526933687479,-1.00885705024863,0,0.757930755615234,0.807048797607422
7.071999999999999,19.6303228,19.607,0,1,0,-32.0236473083496,19611,-31.930290222168,4279,0,4,10,-28,0,-31.5677871704102,-31.5677871704102,-32,0,-1.01463241738711,-0.246416715218402,-0.973188091450409,-0.237478285405132,-1.01347475351951,0,0.946037292480469,0.00535774230957031
7.099,19.6547995,19.634,0,1,0,-30.4745121002197,19638,-30.2560043334961,4279,0,4,10,-26,0,-29.7851486206055,-29.7519054412842,-30,0,-1.02028897154244,-0.249927933925619,-0.978863820365585,-0.235395322914201,-1.01733456043601,0,0.676080703735352,0.725711822509766
7.123000000000001,19.6796423,19.658,0,1,0,-28.1667137145996,19662,-28.1053485870361,4279,0,4,10,-24,0,-27.4121360778809,-27.4121360778809,-28,0,-1.02642489469398,-0.254690650696148,-0.984938384285613,-0.229361282711238,-1.02110918803347,0,0.144077301025391,0.181468963623047
7.148,19.7053691,19.683,0,1,0,-26.2360916137695,19688,-26.1236457824707,4279,0,4,10,-35,0,-26.16233253479,-26.1854782104492,-27,0,-1.03275256544401,-0.251175927690156,-0.990621783104729,-0.207830695311259,-1.02476752665734,0,0.702362060546875,0.5975341796875
7.1739999999999995,19.7334803,19.709,0,1,0,-26.6978721618652,19716,-26.6743316650391,4279,0,4,10,-26,0,-27.1703281402588,-27.1703281402588,-28,0,-1.03898436239479,-0.229109749790041,-0.996151783845057,-0.181255295535834,-1.02840140748486,0,0.159248352050781,0.141990661621094
7.201999999999998,19.7591164,19.737,0,1,0,-28.3898754119873,19741,-28.4232330322266,4279,0,4,10,-33,0,-28.6175880432129,-28.6729221343994,-29,0,-1.04406567375466,-0.204982912466903,-1.00053896889841,-0.16610284192177,-1.03137700992059,0,0.9715576171875,0.939302444458008
7.2280000000000015,19.7856877,19.763,0,1,0,-29.1092548370361,19767,-29.0873622894287,4279,0,4,10,-36,0,-28.6958122253418,-28.6199588775635,-29,0,-1.04818824712211,-0.168012374030241,-1.00534799866843,-0.182992088514311,-1.03430481161662,0,0.679851531982422,0.757701873779297
7.254000000000001,19.8112371,19.789,0,1,0,-27.1179332733154,19794,-26.8881225585938,4279,0,4,10,-29,0,-26.328218460083,-26.1306762695313,-27,0,-1.05211907289106,-0.169272887882926,-1.00997295074391,-0.186992376883154,-1.03675034998744,0,0.840660095214844,0.988931655883789
7.286000000000001,19.8423819,19.821,0,1,0,-23.4355087280273,19826,-23.2762336730957,4279,0,4,10,-17,0,-22.7527828216553,-22.7130470275879,-23,0,-1.05710451045169,-0.165692637128814,-1.01566401946696,-0.17919472373319,-1.03950729676429,0,0.824020385742188,0.967647552490234
7.317,19.8738795,19.852,0,1,0,-20.4432983398438,19857,-20.1348857879639,4279,0,4,10,-24,0,-19.917781829834,-19.8238048553467,-20,0,-1.06237756941005,-0.178005046809403,-1.02087188424183,-0.143899739786661,-1.04177737519584,0,0.356014251708984,0.356014251708984
7.349,19.9058834,19.884,0,1,0,-19.9794788360596,19889,-20.0184459686279,4279,0,4,10,-21,0,-19.9864311218262,-19.921745300293,-20,0,-1.06774650216765,-0.176628491118208,-1.02507499160064,-0.125247238613383,-1.04375959764604,0,0.912961959838867,0.912961959838867
7.3820000000000014,19.9386328,19.917,0,1,0,-21.2257270812988,19921,-21.400016784668,4279,0,4,10,-21,0,-21.6168842315674,-21.6168842315674,-22,0,-1.07263606592903,-0.146321221491235,-1.0286261571246,-0.102380431766051,-1.04525323277798,0,0.00199317932128906,0.943389892578125
7.407,19.9647871,19.942,0,1,0,-22.3349227905273,19947,-22.3221702575684,4279,0,4,10,-28,0,-22.3653869628906,-22.3653869628906,-23,0,-1.07522465850859,-0.102517942110353,-1.03129528369552,-0.101218190708778,-1.04612615701602,0,0.0629558563232422,0.0888900756835938
7.433,19.9911115,19.968,0,1,0,-22.5962696075439,19973,-22.3892955780029,4279,0,4,10,-29,0,-21.966194152832,-21.8759613037109,-22,0,-1.07742975589118,-0.0773783096494753,-1.03423285690432,-0.119519509787551,-1.04677899434671,0,0.952083587646484,0.952083587646484
7.459,20.0185522,19.994,0,1,0,-20.0536231994629,19999,-20.036506652832,4279,0,4,10,-17,0,-19.6237144470215,-19.5145721435547,-20,0,-1.07925135807679,-0.0685148085312903,-1.03719343982494,-0.105151093868926,-1.04713781300483,0,0.278865814208984,0.389095306396484
7.486999999999998,20.0448065,20.022,0,1,0,-17.3246173858643,20027,-17.207218170166,4279,0,4,10,-21,0,-16.5594215393066,-16.3421993255615,-17,0,-1.08116883406165,-0.0782172666126826,-1.03996227514707,-0.100934749600128,-1.04718080785181,0,0.706295013427734,0.833269119262695
7.518999999999998,20.0758984,20.054,0,1,0,-13.0508089065552,20059,-12.8581771850586,4279,0,4,10,-10,0,-12.6039257049561,-12.6039257049561,-13,0,-1.08414092183818,-0.106962390119861,-1.04256237258254,-0.0628681480247906,-1.04686683498744,0,0.121888160705566,0.253483772277832
7.550000000000001,20.1072953,20.085,0,1,0,-11.6983299255371,20090,-11.8044605255127,4279,0,4,10,-14,0,-12.0101184844971,-11.983006477356,-12,0,-1.08720888341395,-0.100436886288435,-1.04420373202557,-0.0466680161805471,-1.04612615701605,0,0.182551383972168,0.188347816467285
7.582000000000001,20.1388644,20.117,0,1,0,-10.7471170425415,20122,-10.6611700057983,4279,0,4,10,-10,0,-10.2052774429321,-10.2052774429321,-11,0,-1.08970160219426,-0.0841066530310854,-1.04586043127649,-0.0525963587463139,-1.04500534588966,0,0.182681083679199,0.187889099121094
7.606999999999999,20.1645381,20.142,0,1,0,-10.0708236694336,20147,-10.259238243103,4279,0,4,10,-5,0,-10.8100595474243,-10.8518743515015,-11,0,-1.09123558298215,-0.0566320797061053,-1.04690353821225,-0.0352799949516793,-1.0437595976461,0,0.538188934326172,0.359426498413086
7.632999999999999,20.189726,20.168,0,1,0,-12.3425064086914,20172,-12.5774087905884,4279,0,4,10,-8,0,-12.9857969284058,-12.9857969284058,-14,0,-1.09161907817912,-0.00990025211785905,-1.04765518879832,-0.0300045554261033,-1.04229907584835,0,0.354663848876953,0.566684722900391
7.658000000000001,20.2168349,20.193,0,1,0,-11.2652654647827,20198,-11.0542726516724,4279,0,4,10,-14,0,-10.6073627471924,-10.6073627471924,-11,0,-1.09171495197836,-0.00231975152246378,-1.04833781024893,-0.0284923648330278,-1.0405813823499,0,0.882152557373047,0.0625200271606445
7.690999999999999,20.2480647,20.226,0,1,0,-7.03215599060059,20231,-7.01020050048828,4279,0,4,10,-14,0,-6.9093337059021,-6.85786914825439,-7,0,-1.09171495197836,-8.54431009429391e-05,-1.04890538314044,-0.000249466531386133,-1.03792097238031,0,0.564928531646729,0.564928531646729
7.722000000000001,20.2788601,20.257,0,1,0,-4.51640748977661,20262,-4.39197540283203,4279,0,4,10,-5,0,-3.75894355773926,-3.63013505935669,-4,0,-1.09171495197836,-4.2486872189329e-06,-1.04890538314044,-4.89308149553835e-10,-1.03501531356032,0,0.29123592376709,0.42556619644165
7.754000000000001,20.313345,20.289,0,1,0,0.409131973981857,20295,0.571311712265015,4279,0,4,10,0,0,1.22723388671875,1.39658975601196,1,0,-1.09190669957685,-0.00795188624260845,-1.0488977132365,0.00126021178471092,-1.0313770099207,0,0.866089344024658,0.985654592514038
7.786000000000001,20.3456477,20.321,0,1,0,4.92462921142578,20327,5.02827787399292,4279,0,4,10,1,0,5.57718706130981,5.7112455368042,5,0,-1.09229019477382,-0.00891675776369993,-1.0488977132365,5.32054400537163e-11,-1.02764947699387,0,0.556884288787842,0.645036220550537
7.815000000000001,20.3743622,20.35,0,1,0,7.92047929763794,20355,8.05506134033203,4279,0,4,10,7,0,8.89852237701416,9.04463863372803,9,0,-1.09229019477382,-0.000541601105624068,-1.04889004333256,0.000642824290707722,-1.0235320789314,0,0.34717845916748,0.50728702545166
7.841999999999999,20.4028938,20.377,0,1,0,12.1259565353394,20382,12.2865877151489,4279,0,4,10,12,0,13.1143026351929,13.457986831665,13,0,-1.09229019477382,-2.69312988621095e-05,-1.04888237342863,0.000378132320975055,-1.01947933767508,0,0.118971824645996,0.329656600952148
7.872,20.4606443,20.407,0,1,0,24.7479019165039,20443,25.1539402008057,4279,0,4,10,22,0,26.0576019287109,26.2970008850098,26,0,-1.09229019477382,-8.13406586530618e-08,-1.04884402390893,0.000658567726304682,-1.01025558871169,0,0.955417633056641,0.454082489013672
7.93,20.4899787,20.465,0,1,0,31.2567806243896,20470,31.4810447692871,4279,0,4,10,19,0,32.929370880127,33.1943702697754,33,0,-1.09229019477382,-4.47039383288939e-09,-1.04879800448529,0.00226453914251579,-1.00506470351973,0,0.0462074279785156,0.2823486328125
7.959,20.5221303,20.494,0,1,0,38.2551460266113,20500,38.5095596313477,4279,0,4,10,26,0,39.842357635498,40.0632133483887,40,0,-1.09229019477382,-2.45563569478691e-10,-1.04875198506166,0.000429061736440417,-0.999146873643035,0,0.486591339111328,0.651622772216797
7.991,20.5505544,20.526,0,1,0,44.9155349731445,20532,45.3739814758301,4279,0,4,10,50,0,46.3940315246582,46.3940315246582,46,0,-1.09229019477382,-9.09494701772928e-12,-1.04871363554196,1.60968213549495e-05,-0.992849991822916,0,0.254520416259766,0.466712951660156
8.018999999999998,20.5768425,20.554,0,1,0,50.7885818481445,20559,51.183464050293,4279,0,4,10,50,0,52.2636833190918,52.4776039123535,52,0,-1.09229019477382,-6.82121026329696e-13,-1.04869062583014,0.00110202573250717,-0.987278198596238,0,0.881904602050781,0.0835227966308594
8.044999999999998,20.6029183,20.58,0,1,0,55.8899116516113,20585,56.0448951721191,4279,0,4,10,40,0,57.1247138977051,57.1247138977051,57,0,-1.09229019477382,0,-1.04861392679075,0.00491929449003692,-0.981442932245483,0,0.474010467529297,0.645336151123047
8.071000000000002,20.6373439,20.606,0,1,0,61.8225746154785,20617,62.4951820373535,4279,0,4,10,59,0,64.3667373657227,64.7242660522461,65,0,-1.09229019477382,0,-1.0481767422662,0.0123669622046236,-0.973417250758767,0,0.561920166015625,0.561920166015625
8.119,20.6828423,20.654,0,1,0,73.4615936279297,20660,73.6042175292969,4279,0,4,10,70,0,75.3364868164063,75.6474456787109,75,0,-1.09219432097458,0.00195375422276811,-1.04707994600286,0.0423858820197438,-0.961852627296744,0,0.442092895507813,0.604278564453125
8.165,20.7367188,20.7,0,1,0,78.7478408813477,20708,79.0309371948242,4279,0,4,10,75,0,80.275505065918,80.3884353637695,80,0,-1.09046859258821,0.0511965011105531,-1.04343674163163,0.077651559287915,-0.947532673599102,0,0.4664306640625,0.462013244628906
8.204999999999998,20.7675833,20.74,0,1,0,84.829704284668,20748,85.4053192138672,4279,0,4,10,78,0,85.9592590332031,85.9534072875977,85,0,-1.08845524280411,0.0695954459886252,-1.04089033352374,0.094570678453465,-0.938960298024143,0,0.0743331909179688,0.292060852050781
8.236,20.7948049,20.771,0,1,0,85.7674102783203,20775,85.6496276855469,4279,0,4,10,85,0,86.0956192016602,86.1556396484375,86,0,-1.08577077642531,0.107068453977263,-1.03810615839373,0.10571990921585,-0.930658362681077,0,0.095489501953125,0.435165405273438
8.262999999999998,20.8338618,20.798,0,1,0,89.2913208007813,20803,89.5488433837891,4279,0,4,10,92,0,91.7998352050781,91.7998352050781,92,0,-1.08088121266392,0.137903927698972,-1.03341984708674,0.127130881018275,-0.918299447136788,0,0.933731079101563,0.93829345703125
8.302,20.8654225,20.837,0,1,0,94.2240447998047,20843,94.3144683837891,4279,0,4,10,96,0,94.7049026489258,94.8240051269531,94,0,-1.07695038689496,0.149581940413782,-1.0298533417549,0.146147945293706,-0.90962879481218,0,0.704254150390625,0.922531127929688
8.347000000000001,20.9055608,20.882,0,1,0,97.0705337524414,20887,96.9865417480469,4279,0,4,10,89,0,96.7462310791016,96.7462310791016,96,0,-1.06985572575099,0.18301865146509,-1.02227547666275,0.194590654592389,-0.894597234518359,0,0.661407470703125,0.661590576171875
8.379000000000001,20.939465,20.914,0,1,0,95.6211090087891,20919,95.5430145263672,4279,0,4,10,91,0,95.6300048828125,95.6337890625,95,0,-1.06324043360324,0.217951281456862,-1.01507343686363,0.228018205480566,-0.8827651054044,0,0.191986083984375,0.191986083984375
8.408000000000001,20.9684686,20.943,0,1,0,94.3830337524414,20948,94.219970703125,4279,0,4,10,87,0,93.8890914916992,93.9107284545898,93,0,-1.05633752005775,0.259220822601264,-1.00834693110875,0.234884906422053,-0.872354436828742,0,0.391616821289063,0.359725952148438
8.436,21.0005481,20.971,0,1,0,95.1423034667969,20982,95.2216873168945,4279,0,4,10,92,0,96.1722259521484,96.1722259521484,96,0,-1.04790062572438,0.274960316365878,-1.00107586217417,0.222611839059709,-0.860530826821896,0,0.287315368652344,0.702613830566406
8.468,21.0313583,21.003,0,1,0,100.508598327637,21013,101.236480712891,4279,0,4,10,96,0,101.801376342773,101.893356323242,101,0,-1.04003897418646,0.277119786367393,-0.993919841798683,0.247980417307758,-0.849130167412368,0,0.223831176757813,0.223831176757813
8.504000000000001,21.0670255,21.039,0,1,0,103.014770507813,21045,103.049072265625,4279,0,4,10,87,0,102.838119506836,102.838119506836,102,0,-1.03141033225461,0.288722569061065,-0.985145471691977,0.301850182818725,-0.835051506821475,0,0.61224365234375,0.59381103515625
8.556999999999999,21.1254956,21.092,0,1,0,101.629035949707,21098,101.551567077637,4279,0,4,10,101,0,101.558578491211,101.650863647461,102,0,-1.01511178638332,0.318010950187499,-0.965157702025827,0.323450673544926,-0.811473762394693,0,0.406051635742188,0.406051635742188
8.596,21.1625901,21.131,0,1,0,102.015228271484,21137,101.950820922852,4279,0,4,10,87,0,100.823989868164,100.650802612305,100,0,-1.00121008549311,0.385248128849298,-0.953921292754565,0.338105204103158,-0.796722427569361,0,0.717864990234375,0.314453125
8.631,21.1891045,21.166,0,1,0,99.2875213623047,21170,99.2779388427734,4279,0,4,10,94,0,99.8478851318359,99.8478851318359,99,0,-0.989417608186239,0.411777987472306,-0.943582262244216,0.345221541390856,-0.784207703228024,0,0.673332214355469,0.871322631835938
8.657,21.2156449,21.192,0,1,0,102.557220458984,21197,102.711013793945,4279,0,4,10,103,0,103.514122009277,103.66487121582,103,0,-0.980309597258168,0.394890075151352,-0.935030319351753,0.343981830465509,-0.773210022792623,0,0.883125305175781,0.0076751708984375
8.684999999999999,21.2440759,21.22,0,1,0,105.878967285156,21226,106.06901550293,4279,0,4,10,112,0,106.373931884766,106.402275085449,106,0,-0.969379984144482,0.377136959761401,-0.92433847326019,0.374703963612319,-0.759761221416368,0,0.496002197265625,0.505401611328125
8.715,21.2864407,21.25,0,1,0,106.219360351563,21255,106.188766479492,4279,0,4,10,101,0,105.543045043945,105.528762817383,105,0,-0.953656681068655,0.399999565112239,-0.907802160366783,0.41526701667317,-0.740480489693619,0,0.657318115234375,0.657318115234375
8.760000000000002,21.3326248,21.295,0,1,0,105.954498291016,21300,106.068801879883,4279,0,4,10,107,0,106.08470916748,105.61449432373,105,0,-0.936111775807212,0.43240132369408,-0.889662837550035,0.420192876491342,-0.719728804924789,0,0.947898864746094,0.83221435546875
8.800999999999998,21.3595359,21.336,0,1,0,104.334732055664,21341,104.314987182617,4279,0,4,10,105,0,104.273048400879,104.343734741211,104,0,-0.923072939110185,0.475241253533227,-0.877076525185434,0.416811483197648,-0.705749814854977,0,0.97589111328125,0.118621826171875
8.826999999999998,21.3856701,21.362,0,1,0,106.296691894531,21367,106.520416259766,4279,0,4,10,98,0,107.090614318848,107.18571472168,107,0,-0.911184588004071,0.463978991025897,-0.86612390235993,0.409268875324869,-0.692524165944802,0,0.445220947265625,0.513168334960938
8.854,21.4160724,21.389,0,1,0,107.657379150391,21394,107.664535522461,4279,0,4,10,103,0,107.576583862305,107.576583862305,107,0,-0.899104489299471,0.47689739418945,-0.854764774625637,0.436092754420315,-0.679099214977129,0,0.311164855957031,0.206588745117188
8.884,21.446502,21.419,0,1,0,107.091262817383,21424,107.175331115723,4279,0,4,10,105,0,107.324348449707,107.36888885498,107,0,-0.885682157405472,0.481795015545799,-0.841771957352246,0.451426819738572,-0.664462240598839,0,0.82037353515625,0.984306335449219
8.915,21.474066,21.45,0,1,0,108.310981750488,21454,108.347831726074,4279,0,4,10,91,0,108.404197692871,108.404197692871,108,0,-0.872068077912987,0.465769465249195,-0.826946033037331,0.474129725637908,-0.64805527677524,0,0.3721923828125,0.355278015136719
8.945,21.5141623,21.48,0,1,0,108.087928771973,21488,107.826599121094,4279,0,4,10,103,0,107.919044494629,108.145416259766,108,0,-0.853564434659116,0.488890972983768,-0.808200787809368,0.495704879935374,-0.627705750650036,0,0.242645263671875,0.307350158691406
8.994,21.5553263,21.529,0,1,0,108.296165466309,21535,108.245178222656,4279,0,4,10,105,0,108.098960876465,107.965507507324,107,0,-0.83285569402266,0.54710917471732,-0.788166998719582,0.490222444703249,-0.605369730935434,0,0.700157165527344,0.700157165527344
9.033999999999999,21.5982629,21.569,0,1,0,108.765747070313,21578,108.811157226563,4279,0,4,10,101,0,108.932037353516,108.962615966797,108,0,-0.811379962992261,0.522842239658758,-0.767680685297369,0.497329704953472,-0.582065301359993,0,0.0281524658203125,0.0203094482421875
9.065999999999999,21.6308363,21.601,0,1,0,108.839233398438,21606,108.79899597168,4279,0,4,10,101,0,108.579208374023,108.579299926758,108,0,-0.796136028912648,0.5679505239317,-0.752954469733667,0.511768721518138,-0.566660850128469,0,0.453147888183594,0.562484741210938
9.099,21.657968,21.634,0,1,0,108.99112701416,21639,109.023864746094,4279,0,4,10,112,0,109.248680114746,109.273155212402,109,0,-0.780316852037577,0.540539873158309,-0.736732622901776,0.51269279733242,-0.548841288658322,0,0.476493835449219,0.486282348632813
9.129000000000001,21.6869233,21.664,0,1,0,109.520484924316,21669,109.49821472168,4279,0,4,10,110,0,109.432304382324,109.432304382324,109,0,-0.764977044158721,0.549033232742772,-0.721369805311102,0.539092139875834,-0.532500473293123,0,0.331207275390625,0.327445983886719
9.155999999999999,21.7212425,21.691,0,1,0,109.312965393066,21699,109.320602416992,4279,0,4,10,103,0,109.319854736328,109.343780517578,109,0,-0.747336265098036,0.557491052847467,-0.703468249516476,0.54764737666062,-0.513117534110672,0,0.306228637695313,0.296684265136719
9.190000000000001,21.7519126,21.725,0,1,0,109.087707519531,21730,109.064300537109,4279,0,4,10,107,0,108.908294677734,108.908294677734,108,0,-0.731133593025994,0.597741623980824,-0.687384460955495,0.549281914539165,-0.495820189658134,0,0.0119247436523438,0.03509521484375
9.221,21.7836421,21.756,0,1,0,109.397735595703,21761,109.432090759277,4279,0,4,10,103,0,109.605529785156,109.619598388672,109,0,-0.712725823571366,0.573715363990345,-0.669436885737233,0.551654907707984,-0.477175670342585,0,0.630142211914063,0.630142211914063
9.251999999999999,21.8119958,21.787,0,1,0,109.407913208008,21792,109.353965759277,4279,0,4,10,110,0,109.227279663086,109.2001953125,109,0,-0.695180918309924,0.631658000185439,-0.653199699097464,0.559531689920505,-0.460703221349459,0,0.182586669921875,0.201950073242188
9.283999999999999,21.844399,21.819,0,1,0,109.529205322266,21825,109.555061340332,4279,0,4,10,108,0,109.639495849609,109.647743225098,109,0,-0.677252517851511,0.594730928132549,-0.635512900613142,0.583264817678469,-0.441703265962262,0,0.699851989746094,0.699851989746094
9.312000000000001,21.8735735,21.847,0,1,0,109.571548461914,21853,109.56169128418,4279,0,4,10,110,0,109.541320800781,109.536285400391,109,0,-0.66009110778704,0.631681010698685,-0.61864678185034,0.575579465217288,-0.423126708495294,0,0.620231628417969,0.620231628417969
9.341999999999999,21.9059785,21.877,0,1,0,109.712783813477,21882,109.757667541504,4279,0,4,10,112,0,109.733375549316,109.722297668457,109,0,-0.641779212131655,0.61848682108473,-0.600407750282379,0.599071421826011,-0.403782612494434,0,0.637611389160156,0.6202392578125
9.373999999999999,21.9369697,21.909,0,1,0,109.585784912109,21916,109.591354370117,4279,0,4,10,105,0,109.641654968262,109.643325805664,109,0,-0.621166345294442,0.628383644026258,-0.580036485419258,0.602498019893915,-0.385499130107691,0,0.760574340820313,0.774642944335938
9.407,21.9661669,21.942,0,1,0,109.795310974121,21947,109.797027587891,4279,0,4,10,119,0,109.727310180664,109.715927124023,109,0,-0.603046197237543,0.64835091209352,-0.561828133467056,0.604133341787019,-0.367078681715622,0,0.666267395019531,0.6680908203125
9.437000000000001,21.9992285,21.972,0,1,0,109.750648498535,21979,109.774261474609,4279,0,4,10,105,0,109.862289428711,109.876098632813,109,0,-0.583008573195786,0.647266309711426,-0.542768422177576,0.603641268335195,-0.347286611350168,0,0.00290679931640625,0.0112152099609375
9.466999999999999,22.0310315,22.002,0,1,0,110.028938293457,22007,110.029281616211,4279,0,4,10,107,0,110.022941589355,110.022941589355,110,0,-0.563354444351002,0.64810494901451,-0.52327152636355,0.609514864349876,-0.326729088258382,0,0.0145034790039063,0.008514404296875
9.498999999999999,22.0574939,22.034,0,1,0,109.986656188965,22039,109.985366821289,4279,0,4,10,108,0,109.962821960449,109.962821960449,109,0,-0.545617791491074,0.670211232170118,-0.50663550471893,0.621888042612909,-0.309804420183605,0,0.913330078125,0.913330078125
9.524999999999999,22.0854729,22.06,0,1,0,109.906051635742,22065,109.918365478516,4279,0,4,10,108,0,109.98477935791,110.002059936523,110,0,-0.528264633828118,0.668511570152305,-0.489324531527641,0.616754453007047,-0.29279059325864,0,0.103958129882813,0.103958129882813
9.553999999999998,22.1308063,22.089,0,1,0,110.104614257813,22097,110.10205078125,4279,0,4,10,105,0,110.073638916016,110.07292175293,110,0,-0.50985686437349,0.670125678645832,-0.460938217047817,0.63470089895219,-0.263612661325639,0,0.0561065673828125,0.054168701171875
9.603000000000002,22.1625077,22.138,0,1,0,110.034828186035,22143,110.036361694336,4279,0,4,10,112,0,110.022521972656,110.019393920898,110,0,-0.479560743812749,0.679109052787453,-0.440889088150152,0.652159862186807,-0.243823571393079,0,0.0184173583984375,0.0184173583984375
9.633,22.2050487,22.168,0,1,0,110.134414672852,22176,110.134140014648,4279,0,4,10,108,0,110.118835449219,110.115158081055,110,0,-0.45741389618765,0.691456504626842,-0.419589764910359,0.650970470214304,-0.2168664100881,0,0.837448120117188,0.809906005859375
9.681000000000001,22.250488,22.216,0,1,0,109.938095092773,22221,109.966423034668,4279,0,4,10,101,0,109.99739074707,109.992935180664,109,0,-0.420885978676123,0.70476740447134,-0.383295779468985,0.673152821811414,-0.187169311318065,0,0.903976440429688,0.891914367675781
9.718,22.2923003,22.253,0,1,0,109.749206542969,22258,109.731201171875,4279,0,4,10,96,0,109.695350646973,109.660034179688,109,0,-0.401135976032095,0.746681540187353,-0.364550534241023,0.66426188356445,-0.169663994221842,0,0.34130859375,0.337570190429688
9.760000000000002,22.3219051,22.295,0,1,0,109.329513549805,22300,109.36319732666,4279,0,4,10,112,0,109.438705444336,109.467498779297,109,0,-0.370552234073625,0.73008822645528,-0.334361792335433,0.697893187073532,-0.141034460802655,0,0.479766845703125,0.470123291015625
9.791,22.3511459,22.326,0,1,0,109.020431518555,22333,108.975463867188,4279,0,4,10,107,0,108.677551269531,108.630645751953,108,0,-0.348597134047012,0.74748577569153,-0.312901401112913,0.720703922610085,-0.121451191479397,0,0.446182250976563,0.448051452636719
9.82,22.3879026,22.355,0,1,0,108.626747131348,22360,108.682083129883,4279,0,4,10,96,0,108.679977416992,108.657989501953,108,0,-0.328463636206013,0.756908887536497,-0.293834019919495,0.705691619184506,-0.0978949223291947,0,0.325920104980469,0.260246276855469
9.855999999999998,22.4235705,22.391,0,1,0,107.811592102051,22396,107.621528625488,4279,0,4,10,103,0,107.26008605957,107.223648071289,107,0,-0.2957706706642,0.797364709247404,-0.261773821452685,0.716441912777839,-0.0742885683278372,0,0.55255126953125,0.55255126953125
9.892,22.4609348,22.427,0,1,0,106.775123596191,22432,106.817596435547,4279,0,4,10,108,0,107.234954833984,107.282775878906,107,0,-0.275637172823201,0.78166405170424,-0.235397021804991,0.70678268267875,-0.0499869932431103,0,0.796432495117188,0.763229370117188
9.928999999999998,22.4974829,22.464,0,1,0,107.304183959961,22469,107.409942626953,4279,0,4,10,101,0,107.303535461426,106.791114807129,106,0,-0.241506100292746,0.777895560447575,-0.209955950437908,0.670400827738177,-0.0256584034278884,0,0.556007385253906,0.409652709960938
9.965,22.5249876,22.5,0,1,0,106.885101318359,22505,106.823554992676,4279,0,4,10,108,0,106.479431152344,106.438705444336,106,0,-0.220701485857047,0.751657985049206,-0.188641287390237,0.7378376463611,-0.00723765227262157,0,0.402191162109375,0.254837036132813
9.998999999999999,22.5626715,22.534,0,1,0,105.315757751465,22539,105.087158203125,4279,0,4,10,98,0,104.552688598633,104.552688598633,104,0,-0.195774298053905,0.797061715431653,-0.163844487954065,0.733752506228171,0.0151328666741792,0,0.956954956054688,0.601966857910156
10.04,22.6123849,22.575,0,1,0,103.995887756348,22584,103.620063781738,4279,0,4,10,108,0,101.804328918457,101.598968505859,101,0,-0.15761652595525,0.8165030231103,-0.127197686931477,0.733226569797239,0.0473579437781037,0,0.22198486328125,0.0788803100585938
10.091999999999999,22.6548211,22.627,0,1,0,103.202880859375,22631,103.342140197754,4279,0,4,10,103,0,103.223899841309,103.180099487305,103,0,-0.123293705826308,0.7801118557704,-0.093695546524055,0.741261397957317,0.0775697758335496,0,0.796310424804688,0.796310424804688
10.123000000000001,22.6850655,22.658,0,1,0,102.263473510742,22663,101.80078125,4279,0,4,10,108,0,100.956787109375,100.782730102539,100,0,-0.100283994008024,0.785234798922062,-0.0713991357721372,0.751136610211049,0.0978949223267152,0,0.1416015625,0.188232421875
10.157,22.7155186,22.692,0,1,0,99.7468872070313,22696,99.9763412475586,4279,0,4,10,100,0,101.336883544922,101.336883544922,101,0,-0.0774660297882249,0.77335978048778,-0.0493481619462811,0.721991343618718,0.117529136552199,0,0.320266723632813,0.0305709838867188
10.186,22.743883,22.721,0,1,0,96.6549682617188,22725,96.3422088623047,4279,0,4,10,100,0,94.4621887207031,94.1974182128906,93,0,-0.0563737939547973,0.799084080381547,-0.0282252464970958,0.72257262185699,0.135816868232757,0,0.881103515625,0.707481384277344
10.210999999999999,22.7727748,22.746,0,1,0,95.2840270996094,22754,95.5919418334961,4279,0,4,10,96,0,97.0054168701172,97.1118011474609,97,0,-0.0342269463296984,0.787353142264472,-0.00764689422760992,0.709882965720966,0.15536407041036,0,0.994796752929688,0.994796752929688
10.241,22.8118974,22.776,0,1,0,99.5344390869141,22781,99.6621017456055,4279,0,4,10,98,0,100.757141113281,100.801658630371,100,0,-0.0127512152992994,0.783650075053529,0.0121107783203571,0.708664715439907,0.173558461969102,0,0.0893402099609375,0.587501525878906
10.280000000000001,22.8420566,22.815,0,1,0,97.0219421386719,22820,97.1499176025391,4279,0,4,10,87,0,98.8716735839844,98.8716735839844,99,0,0.0166820410682563,0.73676004320404,0.0418086463738232,0.725727255080436,0.200101764818779,0,0.377731323242188,0.147430419921875
10.309999999999999,22.8671987,22.845,0,1,0,96.3128356933594,22849,95.3921508789063,4279,0,4,10,91,0,92.3953704833984,91.890754699707,91,0,0.0344186939281841,0.752723568582756,0.060952726606636,0.738060243670006,0.216222657616186,0,0.775123596191406,0.3153076171875
10.334,22.8929668,22.869,0,1,0,87.5759735107422,22875,87.5246963500977,4279,0,4,10,91,0,88.4512023925781,88.4512023925781,88,0,0.0538810751744831,0.781818877808263,0.0786088454751997,0.68473079418402,0.232290200708236,0,0.44610595703125,0.778900146484375
10.36,22.9215611,22.895,0,1,0,90.8793869018555,22900,91.3524932861328,4279,0,4,10,91,0,92.0239334106445,92.177864074707,92,0,0.0733434564207822,0.781984492215273,0.0984355471586216,0.680009351584459,0.250856483402176,0,0.132896423339844,0.412933349609375
10.39,22.958106,22.925,0,1,0,92.4193572998047,22929,92.2070922851563,4279,0,4,10,92,0,91.7102432250977,91.5683670043945,91,0,0.0945315660534526,0.787736413239642,0.123101958227823,0.690457736773496,0.27442276194508,0,0.984756469726563,0.565093994140625
10.425999999999998,22.9879118,22.961,0,1,0,96.0501861572266,22966,96.3720397949219,4279,0,4,10,101,0,97.3034820556641,97.4344711303711,97,0,0.122430841633123,0.763476973856058,0.142253708364575,0.689869911987103,0.291526897501198,0,0.574783325195313,0.305801391601563
10.456,23.0179138,22.991,0,1,0,91.826904296875,22995,90.7837448120117,4279,0,4,10,82,0,88.8664169311523,88.8664169311523,88,0,0.145344679652164,0.772867874507597,0.164258662766794,0.706103178587284,0.31106121682968,0,0.00531768798828125,0.00531768798828125
10.492,23.0565171,23.027,0,1,0,87.2569274902344,23034,87.2935485839844,4279,0,4,10,85,0,86.2469329833984,86.1930313110352,85,0,0.173819198027292,0.770797063408111,0.191709248966008,0.690316099072277,0.336091362260948,0,0.0365447998046875,0.15203857421875
10.538,23.1013146,23.073,0,1,0,81.854133605957,23078,81.5137634277344,4279,0,4,10,82,0,81.3265075683594,81.3393630981445,81,0,0.206224542171376,0.814195620912301,0.221936340391295,0.654038019692052,0.36399574969431,0,0.0635299682617188,0.28741455078125
10.585,23.145851,23.12,0,1,0,81.7419128417969,23126,81.070556640625,4279,0,4,10,71,0,79.560546875,79.560546875,79,0,0.245245178463217,0.891882600411492,0.250882557858697,0.632289979273054,0.390998852783151,0,0.596473693847656,0.787437438964844
10.614,23.1780156,23.149,0,1,0,84.2409057617188,23154,84.429817199707,4279,0,4,10,80,0,86.8474502563477,86.9422454833984,86,0,0.272377463648944,0.927722759774554,0.269205958369991,0.610845164171849,0.409845545513391,0,0.78424072265625,0.676803588867188
10.648,23.2192686,23.183,0,1,0,86.9342803955078,23187,87.1007843017578,4279,0,4,10,87,0,96.337532043457,96.8733062744141,96,0,0.304111691198328,0.816370388902556,0.29577450561617,0.698232205301508,0.434531833722366,0,0.280242919921875,0.327713012695313
10.693000000000001,23.2528553,23.228,0,1,0,98.2951736450195,23233,97.933349609375,4279,0,4,10,98,0,95.2621841430664,94.2132568359375,93,0,0.328463636206013,0.640612125551002,0.323378489894172,0.797285150429559,0.455377977487793,0,0.841514587402344,0.841514587402344
10.719999999999999,23.2827305,23.255,0,1,0,77.1516342163086,23263,75.6271667480469,4279,0,4,10,68,0,71.5112609863281,71.5112609863281,70,0,0.346200289065941,0.636862639318394,0.346963444507914,0.755070773862883,0.473071205386084,0,0.245391845703125,0.766227722167969
10.75,23.3115984,23.285,0,1,0,60.4618148803711,23292,60.148021697998,4279,0,4,10,59,0,57.9552955627441,57.6027603149414,57,0,0.36633378690694,0.754981012018845,0.365938786854059,0.620665245273642,0.490014955624201,0,0.629001617431641,0.281078338623047
10.782,23.3475891,23.317,0,1,0,56.9191017150879,23322,59.1124610900879,4279,0,4,10,54,0,63.9404563903809,65.280647277832,66,0,0.392507334100238,0.852682511279568,0.385949566232027,0.495076906985048,0.510821621386393,0,0.0446853637695313,0.414154052734375
10.829999999999998,23.3954913,23.365,0,1,0,101.997436523438,23370,102.070739746094,4279,0,4,10,98,0,101.246246337891,100.865432739258,100,0,0.422324085664766,0.596967950965961,0.413845006859728,0.71671447439644,0.537590935106307,0,0.0952835083007813,0.158699035644531
10.876999999999999,23.4494644,23.412,0,1,0,61.069263458252,23417,61.6387138366699,4279,0,4,10,56,0,66.5641632080078,68.0418243408203,67,0,0.45271608002475,0.571186171636384,0.451481225490502,0.624680812267684,0.568319800524475,0,0.0654335021972656,0.556652069091797
10.917000000000002,23.479867,23.452,0,1,0,53.4307060241699,23458,52.7358512878418,4279,0,4,10,52,0,51.6351051330566,51.4407272338867,51,0,0.472466082668777,0.720786252069558,0.468646470506942,0.516930025872853,0.583158781906207,0,0.971122741699219,0.753974914550781
10.947,23.5069845,23.482,0,1,0,58.0138893127441,23488,60.1208419799805,4279,0,4,10,57,0,68.3682022094727,70.4348373413086,72,0,0.494900551691605,0.762329650570791,0.482705404427914,0.452311689029386,0.599449520147608,0,0.143997192382813,0.143997192382813
10.977,23.5361651,23.512,0,1,0,93.2675476074219,23517,95.1070556640625,4279,0,4,10,91,0,95.6614074707031,94.3710250854492,92,0,0.512637204551533,0.624205205268936,0.498305989040711,0.606606927644293,0.614994843517781,0,0.205337524414063,0.555641174316406
11.012,23.57055,23.547,0,1,0,84.6193389892578,23552,83.6716842651367,4279,0,4,10,75,0,77.2382431030273,77.2382431030273,75,0,0.52970274081676,0.531635168242701,0.520610069696568,0.683646474598049,0.633484054102521,0,0.772335052490234,0.947277069091797
11.043,23.6050051,23.578,0,1,0,55.9562759399414,23583,56.8163414001465,4279,0,4,10,56,0,61.6926078796387,62.4560508728027,63,0,0.545713665290317,0.518092911602821,0.540298713109081,0.571848774243449,0.651151738931614,0,0.823543548583984,0.823543548583984
11.074000000000002,23.6463476,23.609,0,1,0,53.9000663757324,23614,53.2127723693848,4279,0,4,10,40,0,51.1091575622559,50.8308296203613,50,0,0.56364206574873,0.639609483442769,0.562802211267363,0.449709851363195,0.67206094074531,0,0.0813713073730469,0.494403839111328
11.114,23.6854216,23.649,0,1,0,62.9655265808105,23654,65.3035125732422,4279,0,4,10,85,0,87.2852630615234,87.9529876708984,89,0,0.596718526487514,0.591761534691045,0.58107959235502,0.49938108250808,0.692030475975679,0,0.823410034179688,0.020538330078125
11.154,23.7125049,23.689,0,1,0,79.2507553100586,23694,78.4452514648438,4279,0,4,10,85,0,77.7187271118164,77.6808166503906,77,0,0.609949110783028,0.491156531321053,0.59664182744812,0.610945509007593,0.705263574675446,0,0.838775634765625,0.162445068359375
11.178999999999998,23.7391695,23.714,0,1,0,65.8845291137695,23719,63.4073867797852,4279,0,4,10,61,0,57.4190292358398,56.523796081543,55,0,0.622508578483842,0.501185251951483,0.612556878122434,0.596820825060149,0.717814771009891,0,0.540531158447266,0.0701904296875
11.207,23.765746,23.742,0,1,0,50.048397064209,23747,50.8091812133789,4279,0,4,10,50,0,51.9909248352051,52.0167655944824,51,0,0.635068046184655,0.514327105123812,0.627413482053106,0.502959304856631,0.730645905488915,0,0.544914245605469,0.364616394042969
11.233,23.7914633,23.768,0,1,0,50.8351097106934,23773,51.6770133972168,4279,0,4,10,56,0,53.5850563049316,53.5850563049316,54,0,0.649161494673355,0.576244368947869,0.639232804023765,0.421061178780292,0.742803119810074,0,0.211154937744141,0.241416931152344
11.260000000000002,23.8249559,23.795,0,1,0,57.550609588623,23802,58.0691032409668,4279,0,4,10,61,0,61.2789344787598,61.2789344787598,61,0,0.667185768931011,0.580360693353555,0.652785524284735,0.434566089451323,0.757493379940602,0,0.561141967773438,0.965774536132813
11.306999999999999,23.865938,23.842,0,1,0,67.3870086669922,23847,68.2957763671875,4279,0,4,10,64,0,70.6414260864258,71.0204772949219,71,0,0.688086257165953,0.48100329972533,0.672558536640581,0.509265343826542,0.776308721314578,0,0.331405639648438,0.331405639648438
11.338000000000001,23.8958565,23.873,0,1,0,64.2016372680664,23877,63.8406219482422,4279,0,4,10,64,0,61.3893394470215,60.5042533874512,59,0,0.700358103469038,0.432523115502363,0.688588635873986,0.534821850088633,0.789418026899629,0,0.597602844238281,0.597602844238281
11.367999999999999,23.9331353,23.903,0,1,0,48.6181221008301,23912,49.2163352966309,4279,0,4,10,47,0,50.0147895812988,49.7965507507324,49,0,0.716848396938809,0.478952861516973,0.706490191668611,0.437814448123731,0.805619923776026,0,0.572711944580078,0.266761779785156
11.402000000000001,23.9661071,23.937,0,1,0,45.2148475646973,23944,45.412166595459,4279,0,4,10,38,0,46.5583953857422,46.5583953857422,46,0,0.731996457219179,0.529549569351389,0.718501261237755,0.387509340169004,0.818907801278934,0,0.292812347412109,0.292812347412109
11.437000000000001,23.9948067,23.972,0,1,0,58.1047668457031,23976,58.7163124084473,4279,0,4,10,56,0,60.3470420837402,60.3470420837402,60,0,0.747623886495764,0.508344244580144,0.73091883571569,0.384755249534237,0.83066414064333,0,0.321659088134766,0.437076568603516
11.462,24.0239447,23.997,0,1,0,62.1810569763184,24002,62.7863502502441,4279,0,4,10,56,0,64.3403930664063,63.8786315917969,63,0,0.760279227995821,0.425877565549854,0.743167672306957,0.456263012178511,0.842535611920181,0,0.361789703369141,0.361789703369141
11.492,24.0546023,24.027,0,1,0,60.2904396057129,24032,59.9942741394043,4279,0,4,10,50,0,57.385082244873,55.3423309326172,54,0,0.77101709351102,0.382648126522554,0.757702140272173,0.466076273730891,0.85410773430595,0,0.718429565429688,0.56182861328125
11.524000000000001,24.0869846,24.059,0,1,0,48.7368354797363,24063,48.1654243469238,4279,0,4,10,49,0,46.1093254089355,45.6307678222656,45,0,0.784247677806534,0.442388578708915,0.771607676114356,0.412963649432982,0.866116752021579,0,0.249557495117188,0.249557495117188
11.565000000000001,24.1285449,24.1,0,1,0,43.0526428222656,24105,43.1258506774902,4279,0,4,10,38,0,44.7087593078613,44.9338874816895,45,0,0.801984330666462,0.466685020746581,0.786425930525332,0.337306245774016,0.880990976932646,0,0.341693878173828,0.757720947265625
11.597000000000001,24.1662108,24.132,0,1,0,51.336254119873,24137,51.2262535095215,4279,0,4,10,43,0,51.0980567932129,51.1929817199707,51,0,0.817899381340775,0.426287552216536,0.79973321386024,0.360099537117321,0.894255031850992,0,0.992889404296875,0.112735748291016
11.633,24.1924907,24.168,0,1,0,53.0814743041992,24173,53.2628135681152,4279,0,4,10,56,0,53.8862190246582,53.8862190246582,53,0,0.827103266068089,0.346204910067172,0.809757778309072,0.399932280185794,0.903037171203348,0,0.154819488525391,0.102264404296875
11.661000000000001,24.2214076,24.196,0,1,0,50.5789375305176,24200,50.4785461425781,4279,0,4,10,52,0,49.953441619873,49.897102355957,49,0,0.836307150795403,0.330920027516072,0.821254964314275,0.381115400499652,0.912870805437176,0,0.581531524658203,0.358760833740234
11.703,24.2636422,24.238,0,1,0,43.385627746582,24244,43.0096817016602,4279,0,4,10,38,0,42.2850761413574,42.1122703552246,42,0,0.850975842079559,0.386106192767897,0.836280306131615,0.336465868510686,0.926092243724141,0,0.444156646728516,0.473861694335938
11.733,24.2922915,24.268,0,1,0,41.2517547607422,24273,41.1308403015137,4279,0,4,10,36,0,40.921459197998,40.9121170043945,40,0,0.861905455193245,0.419241750237234,0.845629919033778,0.310234312285615,0.934845498214826,0,0.622608184814453,0.679008483886719
11.765,24.3314779,24.3,0,1,0,42.2196998596191,24304,42.3348731994629,4279,0,4,10,40,0,43.5371208190918,43.9458084106445,44,0,0.87619065128043,0.362088578036037,0.856858658401101,0.298500003972663,0.945845035043312,0,0.290855407714844,0.578292846679688
11.799,24.3610552,24.334,0,1,0,49.1977233886719,24342,49.2387351989746,4279,0,4,10,52,0,48.8810844421387,48.8810844421387,48,0,0.884819293212286,0.28405842594475,0.866867883042055,0.344461037031238,0.954148325472427,0,0.577846527099609,0.577846527099609
11.828,24.3899165,24.363,0,1,0,45.2998695373535,24371,44.9787101745605,4279,0,4,10,42,0,43.9344215393066,43.9344215393066,43,0,0.8920098281555,0.265051947040092,0.876877107683009,0.338024920002908,0.961852627295759,0,0.587932586669922,0.378582000732422
11.866,24.4279661,24.401,0,1,0,40.0255928039551,24405,39.9515037536621,4279,0,4,10,35,0,39.3701133728027,39.2655143737793,39,0,0.902651819871457,0.326938350301589,0.887507594543056,0.276035373172476,0.970972046451023,0,0.479160308837891,0.435619354248047
11.904,24.4753313,24.439,0,1,0,37.1476631164551,24444,37.1795654296875,4279,0,4,10,35,0,37.255443572998,37.255443572998,37,0,0.915403035170756,0.369466444559976,0.897217692930372,0.265354507419033,0.98258548899397,0,0.859306335449219,0.920452117919922
11.951,24.5107798,24.486,0,1,0,39.7760848999023,24491,39.8269386291504,4279,0,4,10,49,0,40.1688003540039,40.2722473144531,40,0,0.929784105057184,0.27671599386008,0.910363908282552,0.268975250833023,0.99052494631824,0,0.981231689453125,0.0807571411132813
11.985,24.5495516,24.52,0,1,0,41.8053932189941,24525,41.7791633605957,4279,0,4,10,33,0,41.4658088684082,41.0867118835449,40,0,0.938125125591312,0.207304335887557,0.920656919369265,0.28333179501476,0.998554027169188,0,0.591983795166016,0.314445495605469
12.018999999999998,24.5783906,24.554,0,1,0,38.4371910095215,24559,38.2736511230469,4279,0,4,10,36,0,37.6848449707031,37.5304222106934,37,0,0.943877553545884,0.221232713323275,0.9285032310993,0.270482997861677,1.00394900723789,0,0.143474578857422,0.0340461730957031
12.044999999999998,24.605637,24.58,0,1,0,34.7223014831543,24585,34.3912658691406,4279,0,4,10,24,0,33.5721778869629,33.3236503601074,33,0,0.95116396228834,0.282996530086734,0.935298765989633,0.234968712769955,1.00903326226672,0,0.177974700927734,0.135105133056641
12.073,24.6355534,24.608,0,1,0,31.011833190918,24615,30.9210205078125,4279,0,4,10,24,0,30.8394756317139,30.8491897583008,30,0,0.960271973216411,0.33031401315418,0.94177983481845,0.196692409078423,1.01413408287306,0,0.303291320800781,0.392709732055664
12.103000000000002,24.6631054,24.638,0,1,0,32.3783912658691,24644,32.5349769592285,4279,0,4,10,36,0,33.4278221130371,33.4278221130371,33,0,0.968229498553568,0.290359601366504,0.946834301514533,0.179711405769353,1.01841679938267,0,0.211292266845703,0.211292266845703
12.129999999999999,24.6902253,24.665,0,1,0,37.0586585998535,24671,37.4590377807617,4279,0,4,10,28,0,38.2396583557129,38.2396583557129,38,0,0.973598431311168,0.185017884682111,0.952118865328799,0.199274542655871,1.02240642494544,0,0.901371002197266,0.901371002197266
12.157,24.7201055,24.692,0,1,0,38.8499450683594,24697,38.7206802368164,4279,0,4,10,36,0,38.5099601745605,38.4638328552246,38,0,0.976762266686182,0.110719875104223,0.958523235118222,0.233662961830646,1.0264941999522,0,0.493724822998047,0.383026123046875
12.196000000000002,24.7590053,24.731,0,1,0,34.3711280822754,24736,33.9842758178711,4279,0,4,10,29,0,32.5059242248535,32.5059242248535,32,0,0.981364209049839,0.158391592312682,0.966806731372804,0.213420755761376,1.03126286709607,0,0.46832275390625,0.204620361328125
12.227,24.7894249,24.762,0,1,0,26.2728614807129,24767,25.7128944396973,4279,0,4,10,24,0,24.4910926818848,24.4656276702881,24,0,0.989609355784724,0.273437160986077,0.973027023467681,0.150866066037224,1.03461176321868,0,0.770252227783203,0.724552154541016
12.258,24.8300268,24.793,0,1,0,23.3255195617676,24798,23.3332786560059,4279,0,4,10,17,0,23.5193176269531,23.6124229431152,23,0,1.00063484269765,0.289471626109844,0.977751684294368,0.114047760330209,1.03809492373821,0,0.214256286621094,0.525371551513672
12.297,24.8632194,24.832,0,1,0,31.7337036132813,24838,32.6472396850586,4279,0,4,10,24,0,33.1659088134766,33.3145141601563,33,0,1.00571615405752,0.120841509719412,0.982368966465904,0.155490331924625,1.04087347853746,0,0.319652557373047,0.368427276611328
12.329999999999998,24.8960412,24.865,0,1,0,34.7968673706055,24871,34.78515625,4279,0,4,10,35,0,34.4368362426758,34.4368362426758,34,0,1.00638727065222,0.00984684757418108,0.988075374996839,0.191494659289106,1.04297341176753,0,0.756298065185547,0.232376098632813
12.363,24.9242638,24.898,0,1,0,31.000659942627,24903,30.3612670898438,4279,0,4,10,31,0,28.8925895690918,28.3062477111816,27,0,1.00753775624314,0.0659631160519893,0.993912171894744,0.17042879817609,1.04455919882399,0,0.700582504272461,0.700582504272461
12.393999999999998,24.9565001,24.929,0,1,0,19.311840057373,24934,18.5683536529541,4279,0,4,10,22,0,17.1411876678467,17.1411876678467,16,0,1.01261906760301,0.213573887442635,0.997954211270822,0.0971350967687385,1.0457738589709,0,0.162136077880859,0.140659332275391
12.425999999999998,24.9885514,24.961,0,1,0,15.502968788147,24966,15.3151273727417,4279,0,4,10,22,0,15.1076669692993,15.0984201431274,15,0,1.02220644752729,0.302086409860749,1.00038557081962,0.0532240587963315,1.04672133088518,0,0.80976676940918,0.978129386901855
12.456,25.0234728,24.991,0,1,0,17.8898277282715,24996,18.2314491271973,4279,0,4,10,17,0,19.460693359375,19.8263206481934,19,0,1.02795887548187,0.188689018841615,1.00192722151145,0.06900132773103,1.04715703658963,0,0.413759231567383,0.772415161132813
12.489999999999998,25.0496734,25.025,0,1,0,29.3199310302734,25030,29.7851295471191,4279,0,4,10,29,0,30.9613647460938,31.232515335083,31,0,1.02843824447808,-0.0270302750382143,1.00468838692964,0.0981922149501315,1.04716261765245,0,0.399478912353516,0.555385589599609
12.517,25.0873897,25.052,0,1,0,32.472770690918,25057,32.3331832885742,4279,0,4,10,35,0,31.5038070678711,31.2321224212646,31,0,1.02700013748944,-0.0573661958114826,1.00755693100299,0.123797364779534,1.04688316328321,0,0.325273513793945,0.525409698486328
12.555,25.1181063,25.09,0,1,0,21.0571136474609,25094,20.6127319335938,4279,0,4,10,14,0,17.7747058868408,17.4876899719238,17,0,1.02862999207657,0.0835860781244264,1.01166032961058,0.0761448444155803,1.04590774823412,0,0.0777568817138672,0.792767524719238
12.604,25.1727132,25.139,0,1,0,13.2356109619141,25144,13.2859029769897,4279,0,4,10,12,0,13.581992149353,13.581992149353,13,0,1.03534115802356,0.146145106771201,1.01314829097483,0.00453409718090825,1.04391756054727,0,0.490110397338867,0.224685668945313
12.640999999999998,25.2060962,25.176,0,1,0,19.7996025085449,25186,20.1413917541504,4279,0,4,10,24,0,21.871898651123,21.871898651123,21,0,1.03706688640994,-0.00452939470983438,1.01343974732453,0.0151253520182308,1.04129929464957,0,0.157302856445313,0.245449066162109
12.687999999999999,25.2634054,25.223,0,1,0,22.4653835296631,25228,22.1054229736328,4279,0,4,10,15,0,21.151180267334,20.9374217987061,20,0,1.03524528422432,-0.0367627116449967,1.01529586407787,0.0410071752735348,1.03702663589052,0,0.0132312774658203,0.0203323364257813
12.73,25.2955194,25.265,0,1,0,11.7350854873657,25275,11.5284976959229,4279,0,4,10,15,0,10.785792350769,10.6205892562866,10,0,1.03639576981524,0.0433064623748578,1.01658440793969,0.0261957616852442,1.03357430167416,0,0.206433296203613,0.115414619445801
12.762,25.3227808,25.297,0,1,0,7.33849668502808,25302,7.1493444442749,4279,0,4,10,7,0,6.93387651443481,6.8647632598877,6,0,1.03792975060312,0.0496757548964979,1.01730537891,0.0171377327984601,1.03033507177713,0,0.751829624176025,0.784482479095459
12.794,25.3583422,25.329,0,1,0,7.31810712814331,25334,7.55315494537354,4279,0,4,10,0,0,7.71119260787964,7.68837642669678,7,0,1.03860086719782,0.00996100649058462,1.01741275756515,5.51376581370278e-06,1.02583819347618,0,0.14005184173584,0.14005184173584
12.84,25.3989785,25.375,0,1,0,5.58849668502808,25380,5.41128587722778,4279,0,4,10,1,0,4.45813989639282,4.26573371887207,4,0,1.03840911959934,-0.000818166519593433,1.01742042746909,1.11401732283412e-09,1.02022622057167,0,0.716167449951172,0.585034847259521
12.873000000000001,25.4379883,25.408,0,1,0,-0.582693099975586,25413,-1.03997421264648,4279,0,4,10,-1,0,-3.14059782028198,-3.34166431427002,-4,0,1.03840911959934,-0.000222408654963147,1.01741275756515,-2.34878257288074e-07,1.01429791446461,0,0.0464587211608887,0.84820556640625
12.916,25.4886198,25.451,0,1,0,-11.6418104171753,25467,-12.0889940261841,4279,0,4,10,-15,0,-13.2110252380371,-13.3900442123413,-14,0,1.03840911959934,-0.00123729847655341,1.01740508766121,-2.14356072092414e-05,1.00561719607094,0,0.042633056640625,0.848220825195313
12.960999999999999,25.5285474,25.496,0,1,0,-18.0617866516113,25501,-18.3249931335449,4279,0,4,10,-17,0,-19.4229774475098,-19.4229774475098,-20,0,1.03840911959934,-0.00101590699932785,1.01739741775727,-2.24573341256473e-07,0.997758046587097,0,0.209281921386719,0.0509319305419922
12.995000000000001,25.5538478,25.53,0,1,0,-23.3420448303223,25535,-23.6315231323242,4279,0,4,10,-29,0,-24.388786315918,-24.5424308776855,-25,0,1.03840911959934,-7.53739616357052e-05,1.01738974785333,-3.18862259973685e-06,0.992430780692103,0,0.4935302734375,0.363733291625977
13.021,25.5889952,25.556,0,1,0,-28.5663642883301,25570,-28.7168655395508,4279,0,4,10,-29,0,-29.5600051879883,-29.7090797424316,-30,0,1.03840911959934,-2.27280429498933e-06,1.01736673814152,-0.00318482750969906,0.984841498146781,0,0.143390655517578,0.967945098876953
13.068999999999999,25.634674,25.604,0,1,0,-36.5961456298828,25610,-37.5087852478027,4279,0,4,10,-38,0,-38.5721702575684,-38.5721702575684,-39,0,1.03840911959934,-2.5201643438777e-08,1.01732071871788,-0.000406780739240276,0.974384577759811,0,0.251548767089844,0.0793342590332031
13.102,25.6633785,25.637,0,1,0,-42.4863471984863,25642,-42.6392097473145,4279,0,4,10,-43,0,-43.4324417114258,-43.5798797607422,-44,0,1.03840911959934,-1.8696937331697e-09,1.01728236919818,-0.000134495492034148,0.967735988662658,0,0.762447357177734,0.583759307861328
13.131,25.6911491,25.666,0,1,0,-47.4832458496094,25671,-47.6715698242188,4279,0,4,10,-49,0,-48.7261619567871,-48.7261619567871,-49,0,1.03840911959934,-0.000611712450108826,1.01722867987061,-0.00118109919264953,0.960022111043358,0,0.00148391723632813,0.864097595214844
13.158000000000001,25.7199881,25.693,0,1,0,-51.5350875854492,25698,-51.6931686401367,4279,0,4,10,-52,0,-52.5951232910156,-52.5951232910156,-53,0,1.03840911959934,-3.71552248452645e-05,1.01715198083121,-0.00143261236712533,0.952241106564826,0,0.0157966613769531,0.893215179443359
13.187999999999999,25.7461416,25.723,0,1,0,-55.6266822814941,25728,-56.0307121276855,4279,0,4,10,-56,0,-57.0986099243164,-57.0986099243164,-58,0,1.03840911959934,-2.25679673349077e-06,1.01710596140757,-0.00123352514549424,0.944996173304056,0,0.300441741943359,0.0419273376464844
13.213999999999999,25.7841763,25.749,0,1,0,-62.435115814209,25754,-63.2886734008789,4279,0,4,10,-66,0,-69.2819137573242,-69.6159210205078,-70,0,1.03840911959934,-5.0406924856361e-08,1.01682217496182,-0.0101704891989129,0.933954333419924,0,0.279991149902344,0.0154876708984375
13.251000000000001,25.8160889,25.786,0,1,0,-74.7389602661133,25791,-74.9774398803711,4279,0,4,10,-66,0,-76.0390014648438,-76.2368392944336,-77,0,1.03840911959934,-3.74006958736572e-09,1.01644634966878,-0.0224579905021756,0.926092243725716,0,0.94598388671875,0.963058471679688
13.285,25.8453174,25.82,0,1,0,-81.0706405639648,25825,-81.3635864257813,4279,0,4,10,-80,0,-82.2697448730469,-82.4394149780273,-83,0,1.03802562440236,-0.0131796880148158,1.01507343686363,-0.0482637195701727,0.91511877748251,0,0.799819946289063,0.630287170410156
13.315000000000001,25.8886921,25.85,0,1,0,-86.3656158447266,25857,-86.8792724609375,4279,0,4,10,-94,0,-87.6623229980469,-87.7719421386719,-88,0,1.03697101261069,-0.0505675987276391,1.01225858211786,-0.101043553568843,0.901031829164117,0,0.935317993164063,0.851882934570313
13.361,25.9239012,25.896,0,1,0,-92.1977844238281,25903,-92.4405746459961,4279,0,4,10,-84,0,-92.8694686889648,-92.910026550293,-93,0,1.03313606064098,-0.101910360080637,1.00781770773693,-0.140079594215422,0.888731868356473,0,0.714210510253906,0.653884887695313
13.392,25.9529015,25.927,0,1,0,-93.86669921875,25932,-93.9326629638672,4279,0,4,10,-87,0,-94.1548614501953,-94.1357269287109,-95,0,1.02920523487202,-0.157071113993652,1.00299333815903,-0.177569447544329,0.878492593371923,0,0.841567993164063,0.764411926269531
13.419,25.9812712,25.954,0,1,0,-93.9939880371094,25962,-93.92041015625,4279,0,4,10,-92,0,-93.5846862792969,-93.5846862792969,-94,0,1.02374042831518,-0.223340281585706,0.997371298571426,-0.217441984763127,0.868329608280998,0,0.803466796875,0.87750244140625
13.448,26.0087932,25.983,0,1,0,-92.5003356933594,25989,-92.4209365844727,4279,0,4,10,-85,0,-92.6180953979492,-92.6055068969727,-93,0,1.01664576717121,-0.283953660000861,0.991220035612004,-0.240501857921572,0.857897872735416,0,0.623748779296875,0.670120239257813
13.475999999999999,26.0344671,26.011,0,1,0,-92.8044891357422,26016,-92.8560180664063,4279,0,4,10,-85,0,-93.1667022705078,-93.1392517089844,-94,0,1.00840062043632,-0.321870267815029,0.984807995918642,-0.249909735838287,0.848359351206327,0,0.10614013671875,0.10614013671875
13.514,26.0727071,26.049,0,1,0,-97.7672729492188,26054,-97.9792633056641,4279,0,4,10,-92,0,-98.8601455688477,-98.8601455688477,-99,0,0.997087512125667,-0.312146686782398,0.974990518876174,-0.277801428151406,0.833062181873309,0,0.878013610839844,0.725662231445313
13.544,26.1035185,26.079,0,1,0,-101.641983032227,26084,-101.727661132813,4279,0,4,10,-101,0,-101.953926086426,-101.981430053711,-102,0,0.988842365390781,-0.276183730519733,0.965372459336131,-0.3408781107712,0.820954263300117,0,0.904090881347656,0.904090881347656
13.575,26.1360078,26.11,0,1,0,-101.643783569336,26115,-101.527053833008,4279,0,4,10,-96,0,-101.217987060547,-101.114555358887,-102,0,0.979638480663468,-0.308440708066428,0.953637506308806,-0.355418688990881,0.807298829875215,0,0.660049438476563,0.757621765136719
13.603000000000002,26.1614285,26.138,0,1,0,-99.5553741455078,26143,-99.362190246582,4279,0,4,10,-100,0,-99.0587158203125,-98.9679412841797,-99,0,0.970818091133125,-0.383251982448769,0.94513158283998,-0.332528364108043,0.796722427569669,0,0.342941284179688,0.428024291992188
13.628,26.1854515,26.163,0,1,0,-98.0880508422852,26167,-98.0857238769531,4279,0,4,10,-98,0,-97.8105926513672,-97.8304595947266,-98,0,0.960463720814897,-0.442629402169814,0.937062843895702,-0.344799689298725,0.785949445926735,0,0.267433166503906,0.267433166503906
13.652000000000001,26.2107291,26.187,0,1,0,-98.0653076171875,26192,-98.1238555908203,4279,0,4,10,-103,0,-98.4699401855469,-98.53564453125,-99,0,0.949725855299698,-0.450509133518608,0.928043036862934,-0.374822921166128,0.775424908634777,0,0.950790405273438,0.837631225585938
13.684000000000001,26.2416447,26.219,0,1,0,-100.885154724121,26223,-101.030639648438,4279,0,4,10,-92,0,-101.747398376465,-101.747398376465,-102,0,0.937262261398127,-0.428974533942892,0.916116336237123,-0.389849888513027,0.761570096721452,0,0.29052734375,0.29052734375
13.715,26.2746861,26.25,0,1,0,-103.933563232422,26255,-104.014083862305,4279,0,4,10,-103,0,-104.107498168945,-104.108489990234,-105,0,0.924798667496556,-0.394482246631924,0.902440897513123,-0.442231648147981,0.746504069664971,0,0.908439636230469,0.908439636230469
13.745999999999999,26.3045378,26.281,0,1,0,-103.59741973877,26285,-103.543243408203,4279,0,4,10,-107,0,-103.384826660156,-103.380996704102,-104,0,0.913389685386656,-0.408509422160591,0.888949536483669,-0.445266923588633,0.732529019386557,0,0.059906005859375,0.059906005859375
13.777999999999999,26.3369493,26.313,0,1,0,-101.909072875977,26318,-101.816108703613,4279,0,4,10,-105,0,-101.46745300293,-101.399978637695,-102,0,0.899200363098714,-0.484213832782302,0.875051670545425,-0.4350134681074,0.716856053008026,0,0.401153564453125,0.5140380859375
13.803999999999998,26.3624817,26.339,0,1,0,-99.3768157958984,26344,-99.2720413208008,4279,0,4,10,-100,0,-98.949348449707,-98.8466415405273,-99,0,0.885969778803201,-0.54776483910041,0.863523804924464,-0.446324733067172,0.704777056072882,0,0.662498474121094,0.715866088867188
13.829,26.3866486,26.364,0,1,0,-98.5121765136719,26369,-98.4926605224609,4279,0,4,10,-98,0,-99.0062637329102,-99.0230178833008,-100,0,0.872451573109958,-0.561392541431928,0.85244846363593,-0.437581858538465,0.692524165944959,0,0.877120971679688,0.877120971679688
13.853000000000002,26.4123968,26.388,0,1,0,-102.404342651367,26393,-102.550415039063,4279,0,4,10,-96,0,-103.315643310547,-103.315643310547,-104,0,0.860467348204602,-0.508575018369243,0.841633899081336,-0.466171736206661,0.680600598633176,0,0.468490600585938,0.337127685546875
13.879000000000001,26.437713,26.414,0,1,0,-105.385955810547,26418,-105.474960327148,4279,0,4,10,-107,0,-105.742630004883,-105.742630004883,-106,0,0.849058366094702,-0.460515872911856,0.828855839118249,-0.504712432724546,0.66750884113956,0,0.858306884765625,0.743034362792969
13.904,26.4623931,26.439,0,1,0,-106.817283630371,26444,-106.877586364746,4279,0,4,10,-108,0,-106.969429016113,-106.945686340332,-107,0,0.838512248177989,-0.44360181053537,0.816330885985162,-0.50076672279738,0.654752578619168,0,0.238540649414063,0.276321411132813
13.928999999999998,26.4882472,26.464,0,1,0,-106.020538330078,26469,-105.935562133789,4279,0,4,10,-107,0,-105.045913696289,-105.045913696289,-105,0,0.827103266068089,-0.49112371735157,0.803537486214196,-0.520478080465409,0.641834765697274,0,0.0303268432617188,0.152580261230469
13.954999999999998,26.5148272,26.49,0,1,0,-102.301803588867,26495,-102.104827880859,4279,0,4,10,-101,0,-101.357055664063,-101.306289672852,-102,0,0.813393312776361,-0.567197828099211,0.790161173743833,-0.501783473358728,0.628232294158584,0,0.260627746582031,0.351722717285156
13.995000000000001,26.5525117,26.53,0,1,0,-99.3641815185547,26534,-99.2812805175781,4279,0,4,10,-103,0,-99.2577514648438,-99.2577514648438,-100,0,0.790383600958077,-0.636368791003633,0.770825345912535,-0.499493546088502,0.607515380004655,0,0.629920959472656,0.629920959472656
14.026,26.5845823,26.561,0,1,0,-102.333602905273,26566,-102.661499023438,4279,0,4,10,-108,0,-104.184310913086,-104.465179443359,-105,0,0.771975831503449,-0.577450696045616,0.755531557457315,-0.495809883188031,0.590243881817735,0,0.841842651367188,0.638626098632813
14.056000000000001,26.6152207,26.591,0,1,0,-107.719635009766,26596,-107.662200927734,4279,0,4,10,-112,0,-107.780380249023,-107.818893432617,-108,0,0.757403014018535,-0.502671321710977,0.73923301158603,-0.509127257099976,0.573284512545049,0,0.043792724609375,0.0300445556640625
14.09,26.6482695,26.625,0,1,0,-107.37971496582,26629,-107.047721862793,4279,0,4,10,-107,0,-106.891181945801,-106.830001831055,-107,0,0.741200341946493,-0.512135727244186,0.720487766358067,-0.568830584464081,0.554992153738731,0,0.418228149414063,0.381385803222656
14.114999999999998,26.6734786,26.65,0,1,0,-106.56526184082,26655,-106.370399475098,4279,0,4,10,-103,0,-105.561752319336,-105.561752319336,-106,0,0.728065631450222,-0.551068279296715,0.705592812907698,-0.571411586706859,0.540975035911833,0,0.841140747070313,0.071990966796875
14.14,26.7006487,26.675,0,1,0,-103.159225463867,26680,-102.928131103516,4279,0,4,10,-100,0,-102.12003326416,-102.039024353027,-102,0,0.712150580775909,-0.629819167406254,0.691288442060664,-0.537174148676854,0.525686731088637,0,0.600799560546875,0.760238647460938
14.168,26.7289659,26.703,0,1,0,-99.9599456787109,26708,-99.6117858886719,4279,0,4,10,-96,0,-98.8766632080078,-98.8766632080078,-99,0,0.69403043271901,-0.688307443352187,0.675603488504534,-0.544513457278526,0.509097568579004,0,0.272201538085938,0.124191284179688
14.196000000000002,26.7555173,26.731,0,1,0,-100.62718963623,26736,-100.899055480957,4279,0,4,10,-100,0,-102.531387329102,-102.804481506348,-103,0,0.676964896453782,-0.653035108012887,0.661590574007198,-0.538371333712462,0.494080664319433,0,0.204429626464844,0.00110626220703125
14.222000000000001,26.7835556,26.757,0,1,0,-105.940902709961,26763,-105.949432373047,4279,0,4,10,-105,0,-105.996543884277,-106.031005859375,-107,0,0.660666350582497,-0.600764731720574,0.645798241795916,-0.588761358675242,0.477761270803919,0,0.594825744628906,0.508819580078125
14.25,26.8098071,26.785,0,1,0,-107.481002807617,26790,-107.591087341309,4279,0,4,10,-107,0,-107.788650512695,-107.80883026123,-108,0,0.646668775893041,-0.563863415203514,0.629798822178268,-0.59677407689253,0.462475037230002,0,0.968673706054688,0.968673706054688
14.277000000000001,26.8388817,26.812,0,1,0,-107.953674316406,26817,-107.876930236816,4279,0,4,10,-101,0,-107.35888671875,-107.227554321289,-108,0,0.630753725218727,-0.564577945261135,0.611950955711219,-0.628834992469933,0.444683975067823,0,0.0970458984375,0.234115600585938
14.306000000000001,26.8661567,26.841,0,1,0,-104.451446533203,26846,-104.249160766602,4279,0,4,10,-114,0,-103.580718994141,-103.422744750977,-104,0,0.614742800745171,-0.627879862687678,0.595314934066599,-0.606214493007883,0.42853675284636,0,0.419143676757813,0.488006591796875
14.332999999999998,26.8918882,26.868,0,1,0,-101.557006835938,26873,-101.359809875488,4279,0,4,10,-108,0,-100.233856201172,-99.9312286376953,-100,0,0.5989236238701,-0.677782107691201,0.580220563113804,-0.598854612251444,0.413475554220114,0,0.16571044921875,0.360786437988281
14.358999999999998,26.9194836,26.894,0,1,0,-97.7345428466797,26898,-98.0364379882813,4279,0,4,10,-103,0,-99.0129318237305,-99.1949005126953,-100,0,0.580611728214715,-0.699900972421005,0.564750366867978,-0.559965268832798,0.396486072323213,0,0.26324462890625,0.0792388916015625
14.387,26.945774,26.922,0,1,0,-101.670288085938,26926,-101.47745513916,4279,0,4,10,-98,0,-100.791091918945,-100.791091918945,-101,0,0.562203958760087,-0.706527885620517,0.548674248210936,-0.588144830828128,0.380600133428498,0,0.946258544921875,0.946258544921875
14.413,26.9712224,26.948,0,1,0,-105.241897583008,26952,-105.47819519043,4279,0,4,10,-96,0,-106.141174316406,-106.275291442871,-107,0,0.546001286688045,-0.651514062552451,0.533740945240869,-0.607459973876189,0.364612624473471,0,0.087738037109375,0.975471496582031
14.437999999999999,26.9963783,26.973,0,1,0,-107.740646362305,26977,-107.782867431641,4279,0,4,10,-101,0,-107.834716796875,-107.8232421875,-108,0,0.531811964400103,-0.595922368409219,0.517227642059281,-0.654912085998603,0.349148206080781,0,0.317276000976563,0.27618408203125
14.463000000000001,27.0238663,26.998,0,1,0,-108.025650024414,27002,-108.02717590332,4279,0,4,10,-105,0,-107.903121948242,-107.747901916504,-108,0,0.516184535123518,-0.591350108529127,0.499586862998596,-0.660154312675445,0.331725965638618,0,0.86859130859375,0.959671020507813
14.491,27.0492139,27.026,0,1,0,-104.702438354492,27030,-104.475845336914,4279,0,4,10,-110,0,-102.731559753418,-102.731559753418,-103,0,0.501036474843148,-0.654147164525966,0.482958511257915,-0.664694243218719,0.316083471509245,0,0.0289154052734375,0.4752197265625
14.521999999999998,27.0811308,27.057,0,1,0,-94.3737411499023,27061,-94.2606048583984,4279,0,4,10,-96,0,-93.5765533447266,-93.5220489501953,-94,0,0.479368996214263,-0.747509345552885,0.462732974569643,-0.610532872451472,0.295947805473363,0,0.936943054199219,0.836410522460938
14.553,27.112138,27.088,0,1,0,-95.0504150390625,27093,-95.5186614990234,4279,0,4,10,-107,0,-96.1822509765625,-96.4833908081055,-97,0,0.45674277959295,-0.76746523706089,0.445015496469564,-0.571052877111924,0.276961810507213,0,0.251907348632813,0.98712158203125
14.585999999999999,27.1452847,27.121,0,1,0,-101.816184997559,27126,-102.23388671875,4279,0,4,10,-103,0,-103.127059936523,-103.368545532227,-104,0,0.433445446376936,-0.716024772535548,0.424751610261595,-0.632053286269468,0.255963821097021,0,0.776214599609375,0.580589294433594
14.616,27.174932,27.151,0,1,0,-108.094619750977,27156,-108.293121337891,4279,0,4,10,-101,0,-108.92179107666,-109.025634765625,-110,0,0.41609228871398,-0.578997394301439,0.405039957137264,-0.681510092657618,0.236138031861069,0,0.532966613769531,0.532966613769531
14.646,27.2060549,27.181,0,1,0,-109.002227783203,27186,-108.821441650391,4279,0,4,10,-107,0,-108.265037536621,-108.112152099609,-108,0,0.39960199524421,-0.581091628989327,0.383311119276864,-0.697064313668193,0.216222657617891,0,0.12811279296875,0.293365478515625
14.678999999999998,27.2377878,27.214,0,1,0,-101.427238464355,27219,-100.76212310791,4279,0,4,10,-108,0,-96.5738983154297,-96.5738983154297,-96,0,0.377742769016839,-0.739419342576355,0.36122946583525,-0.680113975350991,0.195578895978869,0,0.89532470703125,0.89532470703125
14.704999999999998,27.2650707,27.24,0,1,0,-88.5042572021484,27245,-88.6849212646484,4279,0,4,10,-91,0,-89.7581939697266,-89.7581939697266,-91,0,0.357992766372812,-0.791116936487583,0.344555094670933,-0.608960652197538,0.1787472390646,0,0.719375610351563,0.648086547851563
14.730999999999998,27.2903762,27.266,0,1,0,-90.0174560546875,27271,-88.8902587890625,4279,0,4,10,-92,0,-86.8566284179688,-86.6855392456055,-87,0,0.336517035342413,-0.876418821167306,0.32877810226753,-0.600572370128134,0.161867880202123,0,0.81549072265625,0.263389587402344
14.757000000000001,27.317948,27.292,0,1,0,-95.1173400878906,27296,-96.036979675293,4279,0,4,10,-91,0,-101.196807861328,-101.196807861328,-103,0,0.317054654096113,-0.733917397587732,0.312801692361701,-0.60522188144364,0.144945323955012,0,0.976394653320313,0.976394653320313
14.785,27.3453421,27.32,0,1,0,-108.358604431152,27325,-108.50902557373,4279,0,4,10,-110,0,-109.04997253418,-109.04997253418,-110,0,0.299701496433157,-0.606766749726489,0.294194505404648,-0.708001875779757,0.126024736725139,0,0.694557189941406,0.739974975585938
14.811,27.370265,27.346,0,1,0,-108.708511352539,27351,-108.768920898438,4279,0,4,10,-117,0,-109.221618652344,-109.272598266602,-110,0,0.286375038338401,-0.543852308926432,0.275142464019108,-0.750801890203547,0.109680071421566,0,0.988128662109375,0.08203125
14.837,27.3954971,27.372,0,1,0,-107.883758544922,27376,-107.589630126953,4279,0,4,10,-107,0,-106.665939331055,-106.665939331055,-107,0,0.272473337448187,-0.609367891719387,0.257095180049633,-0.740372317998492,0.0933083442015487,0,0.582359313964844,0.986152648925781
14.861999999999998,27.4222569,27.397,0,1,0,-98.4207534790039,27401,-97.6295700073242,4279,0,4,10,-92,0,-92.9566040039063,-91.8728179931641,-91,0,0.253394451398859,-0.77151763737686,0.237598284235607,-0.703386738181024,0.0756011411275809,0,0.386375427246094,0.4361572265625
14.889,27.4471135,27.424,0,1,0,-72.6766357421875,27429,-72.0969924926758,4279,0,4,10,-70,0,-71.0829391479492,-71.1769714355469,-72,0,0.231726972769975,-0.918174675171684,0.220847214031896,-0.59426631369945,0.0591860709069808,0,0.290924072265625,0.938087463378906
14.913,27.473211,27.448,0,1,0,-73.2247772216797,27453,-73.4243621826172,4279,0,4,10,-64,0,-77.6656799316406,-77.6656799316406,-80,0,0.208525513353204,-0.915944587418949,0.206872649054258,-0.544860239080407,0.0420989640473558,0,0.112197875976563,0.489120483398438
14.940000000000001,27.4994137,27.475,0,1,0,-94.5630569458008,27480,-95.3515777587891,4279,0,4,10,-91,0,-99.6101989746094,-99.6101989746094,-101,0,0.18752915131902,-0.813429252496007,0.192407210224496,-0.57773727443444,0.0250006223143264,0,0.383796691894531,0.894683837890625
14.966000000000001,27.5281355,27.501,0,1,0,-107.853576660156,27506,-108.063682556152,4279,0,4,10,-107,0,-109.387466430664,-109.533462524414,-110,0,0.170175993656063,-0.61386556760948,0.173815363075322,-0.70122318100087,0.00657969297466804,0,0.88623046875,0.848876953125
15.004000000000001,27.5657992,27.539,0,1,0,-110.633247375488,27544,-110.61499786377,4279,0,4,10,-115,0,-110.485153198242,-110.434204101563,-111,0,0.153110457390836,-0.469408198390681,0.145720504945197,-0.806736757218914,-0.0184223111969331,0,0.533599853515625,0.806983947753906
15.035,27.5943268,27.57,0,1,0,-107.39200592041,27575,-107.048522949219,4279,0,4,10,-108,0,-105.423309326172,-105.423309326172,-105,0,0.138154144708951,-0.577988707637672,0.122380987257516,-0.790714761056634,-0.0374964796907822,0,0.983551025390625,0.459609985351563
15.065999999999999,27.6261717,27.601,0,1,0,-73.2115249633789,27606,-71.8583450317383,4279,0,4,10,-70,0,-66.3127746582031,-65.4929351806641,-66,0,0.114089821098995,-0.864161026170365,0.100092246409538,-0.662583953781365,-0.0585291373782526,0,0.816238403320313,0.748462677001953
15.093,27.6536921,27.628,0,1,0,-62.224235534668,27633,-62.0690498352051,4279,0,4,10,-66,0,-62.7210578918457,-62.7210578918457,-63,0,0.0867657883147816,-1.02156521385561,0.0833335063018875,-0.524717440269825,-0.0762573828880719,0,0.0866279602050781,0.805446624755859
15.120000000000001,27.6810055,27.655,0,1,0,-64.2099075317383,27660,-65.658576965332,4279,0,4,10,-73,0,-70.5263137817383,-71.4746627807617,-73,0,0.0599211245267829,-1.03166084075973,0.070087582198495,-0.445279051211017,-0.0946189831584107,0,0.146392822265625,0.146392822265625
15.146999999999998,27.706935,27.682,0,1,0,-93.2385101318359,27687,-94.2325897216797,4279,0,4,10,-96,0,-97.3281707763672,-97.6943817138672,-98,0,0.035089810522884,-0.950067457541557,0.0579844737820772,-0.51182447034823,-0.111642939687319,0,0.748275756835938,0.748275756835938
15.172999999999998,27.7351005,27.708,0,1,0,-106.386543273926,27715,-106.819267272949,4279,0,4,10,-98,0,-107.912956237793,-108.09846496582,-109,0,0.014285196087185,-0.738118837836112,0.0406428209750301,-0.666072528597248,-0.129942981369648,0,0.599853515625,0.500747680664063
15.201,27.759345,27.736,0,1,0,-110.103256225586,27741,-110.14924621582,4279,0,4,10,-108,0,-110.356521606445,-110.356521606445,-111,0,0.000575242795457115,-0.581088388608223,0.023017381722224,-0.784552848478899,-0.145596935703779,0,0.568977355957031,0.5743408203125
15.225999999999999,27.7836999,27.761,0,1,0,-110.162246704102,27765,-110.134323120117,4279,0,4,10,-115,0,-109.899429321289,-109.899429321289,-110,0,-0.011696603507628,-0.51825568405331,0.00328271888607527,-0.841190510911088,-0.161867880201904,0,0.614715576171875,0.686859130859375
15.25,27.8088147,27.785,0,1,0,-108.255546569824,27790,-107.969863891602,4279,0,4,10,-105,0,-107.029441833496,-107.029441833496,-107,0,-0.0231055856175275,-0.501986386481551,-0.018430779166446,-0.888427220755478,-0.177450463070332,0,0.813705444335938,0.128547668457031
15.274999999999999,27.8344352,27.81,0,1,0,-101.48998260498,27815,-101.112564086914,4279,0,4,10,-94,0,-97.4465026855469,-96.5497512817383,-96,0,-0.0358568009168269,-0.529269529735885,-0.0416168987753374,-0.891770602605803,-0.194285949008206,0,0.6651611328125,0.501358032226563
15.315000000000001,27.8731603,27.85,0,1,0,-61.8389472961426,27855,-61.2570686340332,4279,0,4,10,-61,0,-58.8578567504883,-58.4003562927246,-59,0,-0.0631808337010398,-0.817355108183719,-0.072058747510928,-0.691362737073774,-0.219440561269901,0,0.962936401367188,0.0967216491699219
15.347000000000001,27.905863,27.882,0,1,0,-55.2011756896973,27886,-55.4324913024902,4279,0,4,10,-64,0,-56.5184898376465,-56.5184898376465,-57,0,-0.092326468670867,-0.990122885857772,-0.0912028277437408,-0.497006492756014,-0.240622922699724,0,0.649559020996094,0.649559020996094
15.379000000000001,27.9390981,27.914,0,1,0,-58.8688926696777,27919,-59.5739517211914,4279,0,4,10,-54,0,-61.468692779541,-61.9670066833496,-62,0,-0.125882298405865,-1.0657464988968,-0.106151470521686,-0.423617953696208,-0.261064691573679,0,0.130783081054688,0.343147277832031
15.405999999999999,27.9657116,27.941,0,1,0,-76.6044692993164,27946,-78.6838607788086,4279,0,4,10,-84,0,-84.6590805053711,-84.6590805053711,-87,0,-0.151672350402193,-0.956860555399231,-0.117257491425978,-0.452190084209874,-0.278230679748619,0,0.83203125,0.216606140136719
15.431999999999999,27.9903269,27.967,0,1,0,-109.347297668457,27971,-109.692749023438,4279,0,4,10,-110,0,-110.769142150879,-110.865478515625,-111,0,-0.165861672690135,-0.548877842726256,-0.131508172945436,-0.646473520022511,-0.294053826656586,0,0.912994384765625,0.916854858398438
15.457999999999998,28.0178505,27.993,0,1,0,-110.191200256348,27997,-109.787940979004,4279,0,4,10,-110,0,-108.473342895508,-108.146774291992,-108,0,-0.179955121178834,-0.636327725259463,-0.150728952217643,-0.800718981039523,-0.310432879784064,0,0.898101806640625,0.898101806640625
15.483999999999998,28.0422188,28.019,0,1,0,-106.538261413574,28024,-106.88045501709,4279,0,4,10,-101,0,-107.837333679199,-107.872894287109,-108,0,-0.190597112894791,-0.404031630642663,-0.17182885795501,-0.871252058116937,-0.326103895551214,0,0.08074951171875,0.361541748046875
15.509,28.0678259,28.044,0,1,0,-103.715965270996,28048,-103.432678222656,4279,0,4,10,-103,0,-100.89582824707,-100.141082763672,-101,0,-0.20200609500469,-0.464469558857786,-0.194623812462991,-0.881656413689541,-0.34293810313806,0,0.314453125,0.314453125
15.533999999999999,28.0934456,28.069,0,1,0,-82.0560913085938,28074,-80.4249038696289,4279,0,4,10,-78,0,-75.7815856933594,-74.6886749267578,-74,0,-0.215332553099447,-0.615405275512387,-0.216245271668239,-0.825872593960554,-0.358437439454037,0,0.693893432617188,0.559680938720703
15.559000000000001,28.1201991,28.094,0,1,0,-59.192008972168,28099,-58.7610130310059,4279,0,4,10,-64,0,-56.5023994445801,-56.047550201416,-56,0,-0.233356827357103,-0.759233256083604,-0.236524497684087,-0.672657045870125,-0.375077273862468,0,0.524246215820313,0.62152099609375
15.585999999999999,28.1454916,28.121,0,1,0,-52.8448295593262,28126,-52.7779197692871,4279,0,4,10,-40,0,-52.5244750976563,-52.517749786377,-53,0,-0.257133529569331,-0.951856605994578,-0.25124304334385,-0.526641279709537,-0.390388386713168,0,0.491886138916016,0.434123992919922
15.611999999999998,28.1711843,28.147,0,1,0,-53.5994033813477,28151,-53.675220489502,4279,0,4,10,-56,0,-54.1057548522949,-54.2288284301758,-55,0,-0.282156591171715,-1.06553575640737,-0.263629938206026,-0.435855040682668,-0.405603177070958,0,0.880008697509766,0.767040252685547
15.637999999999998,28.1969641,28.173,0,1,0,-56.978214263916,28178,-57.2666664123535,4279,0,4,10,-50,0,-58.647159576416,-58.9456329345703,-60,0,-0.310151740550628,-1.11740276779176,-0.273968968716376,-0.406535639105869,-0.421320345042827,0,0.296215057373047,0.0759010314941406
15.663,28.2230428,28.198,0,1,0,-98.3361740112305,28203,-101.066070556641,4279,0,4,10,-103,0,-108.121002197266,-108.529510498047,-109,0,-0.325970917425699,-0.526401735158231,-0.286286834443097,-0.549058464915731,-0.437522955964196,0,0.993270874023438,0.993270874023438
15.703,28.2638054,28.238,0,1,0,-99.2832946777344,28243,-97.5179672241211,4279,0,4,10,-91,0,-86.2006683349609,-83.9485244750977,-83,0,-0.348980629243983,-0.755837605259103,-0.31455810036383,-0.796074351118079,-0.461294008831891,0,0.5579833984375,0.979911804199219
15.733999999999998,28.2924317,28.269,0,1,0,-88.7327728271484,28274,-90.5413055419922,4279,0,4,10,-92,0,-97.528564453125,-98.1415481567383,-99,0,-0.363074077732683,-0.403968218666023,-0.337698200549085,-0.796832547114434,-0.478346682652697,0,0.977066040039063,0.227386474609375
15.765,28.3264478,28.3,0,1,0,-88.9500885009766,28305,-88.0681304931641,4279,0,4,10,-82,0,-82.4495849609375,-81.121955871582,-80,0,-0.376784031024411,-0.528981012949657,-0.365087427516783,-0.791922835208027,-0.498136815321708,0,0.044219970703125,0.436332702636719
15.793,28.3522941,28.328,0,1,0,-56.526252746582,28333,-55.7444496154785,4279,0,4,10,-63,0,-53.0549163818359,-52.750617980957,-53,0,-0.397396897861624,-0.801344190107784,-0.383786653321109,-0.653417782120187,-0.512543859219511,0,0.433322906494141,0.755458831787109
15.818999999999999,28.3774387,28.354,0,1,0,-47.3953437805176,28358,-47.189151763916,4279,0,4,10,-50,0,-46.6613578796387,-46.6238441467285,-47,0,-0.421365347672337,-1.03338755042341,-0.398305781478446,-0.515643201481851,-0.527392983479245,0,0.0395011901855469,0.899700164794922
15.844000000000001,28.4028801,28.379,0,1,0,-49.482063293457,28384,-49.7716941833496,4279,0,4,10,-38,0,-51.6392364501953,-51.6392364501953,-52,0,-0.447826516263364,-1.0954690014309,-0.410370540375167,-0.448873157682669,-0.541538306521051,0,0.465225219726563,0.465225219726563
15.869,28.4297923,28.404,0,1,0,-63.7176551818848,28409,-69.9950866699219,4279,0,4,10,-61,0,-84.780517578125,-88.0183563232422,-91,0,-0.465467295324049,-0.556656632949057,-0.422780444949162,-0.52025824208738,-0.556665073602519,0,0.967361450195313,0.353836059570313
15.905000000000001,28.4650127,28.44,0,1,0,-89.7762603759766,28445,-86.3543243408203,4279,0,4,10,-78,0,-76.4619598388672,-75.0269470214844,-74,0,-0.485217297968077,-0.695614784676081,-0.445859185902901,-0.724393809841956,-0.576584145795788,0,0.681838989257813,0.681838989257813
15.936,28.494799,28.471,0,1,0,-69.4900970458984,28475,-70.2941360473633,4279,0,4,10,-71,0,-74.4329147338867,-75.1353988647461,-76,0,-0.501228222441633,-0.493587552769441,-0.466851712985116,-0.707999822569661,-0.592416011835019,0,0.426788330078125,0.032196044921875
15.966000000000001,28.5270609,28.501,0,1,0,-77.5348205566406,28506,-77.5387649536133,4279,0,4,10,-80,0,-78.4543533325195,-78.5637435913086,-79,0,-0.512733078350776,-0.372935869449975,-0.490344628751585,-0.700891562672439,-0.609657191676365,0,0.302391052246094,0.302391052246094
15.992999999999999,28.5530361,28.528,0,1,0,-66.4288330078125,28533,-64.2190093994141,4279,0,4,10,-71,0,-59.5570755004883,-59.5570755004883,-59,0,-0.526634779240989,-0.596073818637365,-0.507532883479843,-0.623830487249847,-0.623484498965184,0,0.509258270263672,0.000301361083984375
16.02,28.5801087,28.555,0,1,0,-48.6618041992188,28560,-48.2460594177246,4279,0,4,10,-57,0,-46.3293991088867,-46.0504188537598,-46,0,-0.548685753066845,-0.901955946409316,-0.522113370868696,-0.503216402788212,-0.63766746559658,0,0.281169891357422,0.281169891357422
16.046,28.6060427,28.581,0,1,0,-45.5894584655762,28586,-45.9222946166992,4279,0,4,10,-43,0,-48.4453659057617,-48.9579429626465,-49,0,-0.573325319472258,-0.93629241071244,-0.534469586115115,-0.437372542320873,-0.651151738933479,0,0.572330474853516,0.572330474853516
16.072,28.6334319,28.607,0,1,0,-63.9235649108887,28614,-66.6313934326172,4279,0,4,10,-57,0,-74.9670104980469,-74.9670104980469,-77,0,-0.589432117745058,-0.540326931878326,-0.547094247999414,-0.508480219145895,-0.665478825528771,0,0.628402709960938,0.385955810546875
16.1,28.6588366,28.635,0,1,0,-78.7814254760742,28640,-76.3822479248047,4279,0,4,10,-78,0,-70.6586990356445,-70.6586990356445,-70,0,-0.603429692434514,-0.638926615446962,-0.56189716260251,-0.608441623139129,-0.678096951722457,0,0.418956756591797,0.0263900756835938
16.125,28.6870315,28.66,0,1,0,-60.281909942627,28665,-59.9171180725098,4279,0,4,10,-54,0,-61.8954200744629,-62.5986518859863,-63,0,-0.619152995510342,-0.514695878503858,-0.579422893104104,-0.671539193686954,-0.69203047597754,0,0.938323974609375,0.938323974609375
16.155,28.7161406,28.69,0,1,0,-72.8343048095703,28695,-72.5399322509766,4279,0,4,10,-77,0,-70.9754333496094,-70.9754333496094,-71,0,-0.629603239627813,-0.427520923613201,-0.597362798418426,-0.634564962687932,-0.705749814854991,0,0.544754028320313,0.544754028320313
16.184,28.744896,28.719,0,1,0,-57.082820892334,28725,-57.4152641296387,4279,0,4,10,-64,0,-59.8750495910645,-59.8750495910645,-61,0,-0.642929697722569,-0.438657232690161,-0.615241344501234,-0.584937668938323,-0.720206603531254,0,0.579021453857422,0.876667022705078
16.215,28.7749679,28.75,0,1,0,-53.2315483093262,28755,-52.9164161682129,4279,0,4,10,-50,0,-52.1686935424805,-52.1686935424805,-53,0,-0.659324117393097,-0.634861520651498,-0.631202414599184,-0.490600691279269,-0.734407506230631,0,0.462734222412109,0.710418701171875
16.245,28.804162,28.78,0,1,0,-48.624927520752,28785,-48.6757164001465,4279,0,4,10,-49,0,-49.0068626403809,-49.1152305603027,-50,0,-0.680895722222739,-0.755470982658153,-0.645130960153185,-0.445216932043877,-0.748347477440009,0,0.601779937744141,0.601779937744141
16.279,28.8386434,28.814,0,1,0,-57.4715003967285,28819,-58.0950584411621,4279,0,4,10,-64,0,-60.9951438903809,-61.4465026855469,-62,0,-0.701604462859195,-0.548906806176092,-0.660654845726588,-0.461133199942083,-0.763824424763798,0,0.080047607421875,0.901596069335938
16.305,28.8651247,28.84,0,1,0,-63.9239921569824,28845,-63.754695892334,4279,0,4,10,-64,0,-62.1063499450684,-62.1063499450684,-62,0,-0.714739173355466,-0.558975116037004,-0.673724362039374,-0.533815546592905,-0.775866968125499,0,0.0441398620605469,0.0441398620605469
16.331,28.8884787,28.866,0,1,0,-56.9900856018066,28870,-56.723747253418,4279,0,4,10,-56,0,-56.6860160827637,-56.791805267334,-57,0,-0.728161505249465,-0.541399364023846,-0.686763198736402,-0.542837882480853,-0.785949445926588,0,0.364963531494141,0.175998687744141
16.355,28.9129765,28.89,0,1,0,-59.4448509216309,28894,-59.5410499572754,4279,0,4,10,-66,0,-59.901481628418,-59.9048271179199,-60,0,-0.737461263776022,-0.422595471680779,-0.699456889756155,-0.560842494825124,-0.796295265092284,0,0.655475616455078,0.872135162353516
16.385,28.946124,28.92,0,1,0,-53.0621910095215,28925,-52.8349494934082,4279,0,4,10,-43,0,-51.5098991394043,-51.3138694763184,-52,0,-0.752896945454121,-0.522292102029269,-0.717626892188661,-0.523673728158428,-0.810224638901502,0,0.506721496582031,0.506721496582031
16.417,28.9747653,28.952,0,1,0,-51.235466003418,28957,-51.3195877075195,4279,0,4,10,-54,0,-51.5355339050293,-51.5355339050293,-52,0,-0.766415151147363,-0.472318885626237,-0.732199709673574,-0.48713768808625,-0.822178252607059,0,0.689144134521484,0.784259796142578
16.448,29.0070913,28.983,0,1,0,-49.0804328918457,28987,-48.6921119689941,4279,0,4,10,-45,0,-48.0296936035156,-47.9649085998535,-48,0,-0.783384813613348,-0.571965403632817,-0.747401459281521,-0.434357690475736,-0.835448383443698,0,0.991481781005859,0.991481781005859
16.48,29.0393772,29.015,0,1,0,-49.6958656311035,29020,-49.9439964294434,4279,0,4,10,-47,0,-50.5197792053223,-50.5197792053223,-51,0,-0.80025860228009,-0.532683920022691,-0.760923499926733,-0.424121696569159,-0.847973440648628,0,0.656452178955078,0.609935760498047
16.506,29.0636941,29.041,0,1,0,-51.5612030029297,29045,-51.5314750671387,4279,0,4,10,-54,0,-51.4060287475586,-51.4060287475586,-52,0,-0.812242827185447,-0.51551614149048,-0.771891462560115,-0.445206523141337,-0.857142549747996,0,0.975406646728516,0.0828132629394531
16.53,29.0886524,29.065,0,1,0,-50.2661514282227,29069,-50.197265625,4279,0,4,10,-50,0,-50.0253295898438,-49.9822006225586,-50,0,-0.825089916283989,-0.511277358726943,-0.783181561158954,-0.458630395311047,-0.866486417072968,0,0.955253601074219,0.939426422119141
16.555,29.1156736,29.09,0,1,0,-50.2840347290039,29095,-50.256275177002,4279,0,4,10,-50,0,-50.1031761169434,-50.0797004699707,-51,0,-0.835156665204489,-0.434844547845273,-0.794916514186279,-0.479762802136747,-0.875616491840038,0,0.266487121582031,0.550243377685547
16.59,29.1495388,29.125,0,1,0,-47.165153503418,29130,-47.0570030212402,4279,0,4,10,-49,0,-46.5889663696289,-46.5183906555176,-47,0,-0.850688220681831,-0.454118836665202,-0.811245739673321,-0.442922090454545,-0.888383682535617,0,0.593204498291016,0.563159942626953
16.621,29.1802444,29.156,0,1,0,-46.9124870300293,29161,-46.9956169128418,4279,0,4,10,-49,0,-47.0067558288574,-46.9707908630371,-47,0,-0.862480697988702,-0.406747959896961,-0.824576032720048,-0.425780938290472,-0.898676080533666,0,0.333904266357422,0.333904266357422
16.651,29.2104451,29.186,0,1,0,-44.2901268005371,29191,-44.1069068908691,4279,0,4,10,-49,0,-43.3414268493652,-43.3414268493652,-44,0,-0.875040165689515,-0.453504503764862,-0.837139335372831,-0.410269029189749,-0.908649183199455,0,0.593482971191406,0.680202484130859
16.683,29.2427539,29.218,0,1,0,-42.430248260498,29223,-42.4956970214844,4279,0,4,10,-56,0,-42.7501792907715,-42.795036315918,-43,0,-0.889421235575943,-0.444458398558254,-0.849917395335918,-0.377977652325853,-0.919246584395906,0,0.96258544921875,0.967990875244141
16.709,29.2681973,29.244,0,1,0,-42.9340858459473,29248,-42.8879280090332,4279,0,4,10,-36,0,-42.5990753173828,-42.490406036377,-43,0,-0.899871479693414,-0.445682137498693,-0.859397396605052,-0.380924230263304,-0.927012061470495,0,0.900917053222656,0.908477783203125
16.733999999999998,29.2929009,29.269,0,1,0,-41.6016464233398,29274,-41.5380897521973,4279,0,4,10,-43,0,-41.5881843566895,-41.5881843566895,-42,0,-0.910321723810885,-0.436695894389004,-0.868846718258427,-0.371459994334487,-0.934548812190095,0,0.1793212890625,0.117420196533203
16.759,29.3196459,29.294,0,1,0,-42.7211952209473,29298,-42.840705871582,4279,0,4,10,-36,0,-43.3234367370605,-43.4110527038574,-44,0,-0.919525608538199,-0.378063414227995,-0.877536719421799,-0.362055446370164,-0.942429454456639,0,0.454376220703125,0.449535369873047
16.79,29.3483921,29.325,0,1,0,-42.9618301391602,29329,-42.848949432373,4279,0,4,10,-45,0,-42.2767601013184,-42.2767601013184,-43,0,-0.929592357458699,-0.352754920410121,-0.889003225811245,-0.377760162000754,-0.950591684856405,0,0.148170471191406,0.148170471191406
16.82,29.3792168,29.355,0,1,0,-38.1327095031738,29360,-37.9920616149902,4279,0,4,10,-38,0,-37.5887260437012,-37.529109954834,-38,0,-0.940426096773141,-0.369917441735424,-0.900155266139173,-0.361266553536325,-0.958703227326645,0,0.9102783203125,0.9102783203125
16.852,29.4110598,29.387,0,1,0,-37.7515525817871,29392,-37.7461853027344,4279,0,4,10,-35,0,-37.8291320800781,-37.8074798583984,-38,0,-0.951068088489098,-0.33956524282155,-0.910854782134676,-0.321326369803728,-0.96698002907283,0,0.245185852050781,0.261470794677734
16.885,29.4444406,29.42,0,1,0,-36.5993270874023,29425,-36.5335578918457,4279,0,4,10,-35,0,-35.9361991882324,-35.8038635253906,-36,0,-0.962189449201268,-0.353128889768982,-0.921592647649875,-0.314704106031286,-0.975106034293093,0,0.77337646484375,0.77337646484375
16.911,29.4693589,29.446,0,1,0,-34.6448516845703,29450,-34.5479469299316,4279,0,4,10,-28,0,-34.7574653625488,-34.7574653625488,-35,0,-0.970913964932368,-0.349401217154195,-0.929254881685364,-0.298122032641345,-0.981213258159932,0,0.912250518798828,0.912250518798828
16.936,29.4951986,29.471,0,1,0,-35.6997337341309,29476,-35.7639312744141,4279,0,4,10,-33,0,-36.0718955993652,-36.0718955993652,-37,0,-0.978967364068768,-0.32157049013108,-0.93667934869873,-0.275838311953294,-0.986838666612813,0,0.597465515136719,0.597465515136719
16.961,29.5220137,29.496,0,1,0,-36.6586570739746,29501,-36.5666084289551,4279,0,4,10,-35,0,-36.5625686645508,-36.5903053283691,-37,0,-0.98644552040971,-0.299538126414745,-0.944149835135733,-0.281925942824387,-0.992640582197018,0,0.736515045166016,0.768436431884766
16.988,29.54643,29.523,0,1,0,-35.5151481628418,29527,-35.2887344360352,4279,0,4,10,-31,0,-34.9176139831543,-34.8040390014648,-35,0,-0.99315668635671,-0.284325894229596,-0.951060418585158,-0.293040427156825,-0.997758046587029,0,0.100639343261719,0.100639343261719
17.012999999999998,29.5719722,29.548,0,1,0,-32.8695373535156,29552,-32.7772941589355,4279,0,4,10,-31,0,-32.266227722168,-32.1806755065918,-33,0,-0.999867852303709,-0.273674831863445,-0.958561584637919,-0.279745773349532,-1.00262932910882,0,0.0924777984619141,0.196537017822266
17.038,29.5975564,29.573,0,1,0,-31.3407592773438,29578,-31.2577133178711,4279,0,4,10,-38,0,-31.1119766235352,-31.1119766235352,-32,0,-1.00590790165601,-0.266527516851511,-0.965019643754918,-0.255869400855886,-1.00725322784631,0,0.0233535766601563,0.138076782226563
17.065,29.6250473,29.6,0,1,0,-30.6376037597656,29604,-30.684253692627,4279,0,4,10,-28,0,-30.6929092407227,-30.6605968475342,-31,0,-1.01357780559544,-0.269857441995327,-0.972045275763434,-0.236478057844806,-1.01213689404499,0,0.776803970336914,0.770942687988281
17.091,29.6491758,29.626,0,1,0,-30.062370300293,29630,-29.9852485656738,4279,0,4,10,-22,0,-29.6502380371094,-29.6502380371094,-30,0,-1.01942610734925,-0.260882596199053,-0.977644305639216,-0.235431408662862,-1.01623264176936,0,0.949377059936523,0.949377059936523
17.115,29.6740048,29.65,0,1,0,-28.1712951660156,29655,-27.9494438171387,4279,0,4,10,-29,0,-27.5669593811035,-27.5669593811035,-28,0,-1.02537028290231,-0.262266043476529,-0.983550131672576,-0.237265616980608,-1.01992867530904,0,0.292694091796875,0.347461700439453
17.14,29.6999004,29.675,0,1,0,-26.183464050293,29680,-26.1012306213379,4279,0,4,10,-28,0,-25.9265518188477,-25.8993225097656,-26,0,-1.03179382745158,-0.257958085441487,-0.989455957705936,-0.220920301931187,-1.02367096792559,0,0.0191612243652344,0.987630844116211
17.166,29.7267851,29.701,0,1,0,-26.5738162994385,29706,-26.627986907959,4279,0,4,10,-22,0,-26.6817302703857,-26.6817302703857,-27,0,-1.03773800300464,-0.229411711650755,-0.99490158950293,-0.199236275209842,-1.02714007534639,0,0.917736053466797,0.834489822387695
17.193,29.753262,29.728,0,1,0,-27.4213600158691,29733,-27.4852294921875,4279,0,4,10,-22,0,-27.223949432373,-27.1510810852051,-28,0,-1.04281931436451,-0.204878545758447,-0.999817997928103,-0.161813100848804,-1.03045247033605,0,0.213813781738281,0.213813781738281
17.219,29.7780775,29.754,0,1,0,-28.2694835662842,29759,-28.2507362365723,4279,0,4,10,-24,0,-28.2235488891602,-28.105318069458,-29,0,-1.04703776153119,-0.167189051891228,-1.00416683346176,-0.17911474993889,-1.03325510457486,0,0.0751590728759766,0.0869636535644531
17.244,29.8041889,29.779,0,1,0,-27.5527572631836,29784,-27.495512008667,4279,0,4,10,-24,0,-26.9574680328369,-26.8342552185059,-27,0,-1.05125620869788,-0.16818004813581,-1.00891450400027,-0.180021312163262,-1.03589939447588,0,0.15234375,0.300407409667969
17.27,29.8318864,29.805,0,1,0,-24.7527313232422,29812,-24.5929565429688,4279,0,4,10,-29,0,-24.1292457580566,-24.0447273254395,-24,0,-1.05537878206532,-0.163028493187767,-1.01369285415453,-0.180205632874049,-1.03843790830232,0,0.0340404510498047,0.132898330688477
17.304,29.8646426,29.839,0,1,0,-21.5301971435547,29843,-21.4986171722412,4279,0,4,10,-24,0,-20.9412689208984,-20.9412689208984,-21,0,-1.06074771482292,-0.175265756904537,-1.01913848595152,-0.161247763455208,-1.04101706122452,0,0.874574661254883,0.916244506835938
17.334,29.8956305,29.869,0,1,0,-19.9752006530762,29874,-19.9775581359863,4279,0,4,10,-17,0,-20.1574249267578,-20.1574249267578,-21,0,-1.06602077378128,-0.17551263266455,-1.02352567100488,-0.135450791624294,-1.04297341176788,0,0.008026123046875,0.0403270721435547
17.366,29.9293196,29.901,0,1,0,-20.3047676086426,29907,-20.3807220458984,4279,0,4,10,-24,0,-20.602954864502,-20.5487384796143,-21,0,-1.07100621134191,-0.157100348270205,-1.02778246769126,-0.109011136429672,-1.0447426071623,0,0.0276241302490234,0.0276241302490234
17.395,29.9563002,29.93,0,1,0,-21.4744186401367,29935,-21.434741973877,4279,0,4,10,-22,0,-21.6207809448242,-21.6866722106934,-22,0,-1.07445766811465,-0.124416732613554,-1.03064334186067,-0.107188179480772,-1.04580795060274,0,0.936893463134766,0.954753875732422
17.422,29.9844332,29.957,0,1,0,-22.4406852722168,29962,-22.2901611328125,4279,0,4,10,-19,0,-21.9379844665527,-21.9138832092285,-22,0,-1.07695038689496,-0.0911545498145188,-1.0337036335325,-0.114186359803398,-1.04659484700028,0,0.897882461547852,0.897882461547852
17.45,30.0127276,29.985,0,1,0,-19.9401531219482,29991,-19.8232116699219,4279,0,4,10,-21,0,-19.298620223999,-19.3099555969238,-20,0,-1.07905961047831,-0.0821996752335963,-1.03690965337918,-0.107439195061716,-1.04705781935066,0,0.324302673339844,0.494941711425781
17.478,30.0380965,30.013,0,1,0,-17.5914745330811,30018,-17.4429302215576,4279,0,4,10,-24,0,-17.0992431640625,-17.0992431640625,-18,0,-1.08107296026241,-0.0753723021482529,-1.03956344014222,-0.100779956710994,-1.0471975511966,0,0.0537071228027344,0.171359062194824
17.504,30.0650446,30.039,0,1,0,-14.4201326370239,30044,-14.2211179733276,4279,0,4,10,-15,0,-13.6241226196289,-13.5103149414063,-14,0,-1.08327805764499,-0.0955171142795734,-1.0419334404595,-0.0784297643231184,-1.0470468643059,0,0.583324432373047,0.782503128051758
17.531,30.0900311,30.066,0,1,0,-11.7081270217896,30070,-11.54150390625,4279,0,4,10,-8,0,-11.0352354049683,-10.9720315933228,-11,0,-1.08596252402379,-0.105280491101439,-1.0436054795183,-0.0571792545956669,-1.04663866110266,0,0.851641654968262,0.812545776367188
17.556,30.1190735,30.091,0,1,0,-11.4458618164063,30096,-11.3197593688965,4279,0,4,10,-14,0,-11.0344543457031,-11.0344543457031,-12,0,-1.08835936900486,-0.0852349424774275,-1.04513946030618,-0.0583648099868697,-1.04584162936576,0,0.775679588317871,0.865510940551758
17.585,30.1450028,30.12,0,1,0,-9.25985431671143,30125,-9.21526622772217,4279,0,4,10,-17,0,-9.36112022399902,-9.3724536895752,-10,0,-1.09056446638745,-0.0800714285862796,-1.04655072263104,-0.0429219814484441,-1.04483183671605,0,0.290596961975098,0.154488563537598
17.611,30.1705841,30.146,0,1,0,-10.456488609314,30150,-10.5461015701294,4279,0,4,10,-17,0,-11.330584526062,-11.3738832473755,-12,0,-1.09171495197836,-0.0419603479904254,-1.04746344119983,-0.0305462252015332,-1.0435432117083,0,0.71652889251709,0.71652889251709
17.637,30.1951647,30.172,0,1,0,-12.6008710861206,30176,-12.7346515655518,4279,0,4,10,-19,0,-12.3028678894043,-12.1627397537231,-13,0,-1.09200257337609,-0.0106626073986718,-1.04816140245832,-0.0305920798668922,-1.04210652352735,0,0.576805114746094,0.652834892272949
17.661,30.2228426,30.196,0,1,0,-9.94868659973145,30201,-9.85286045074463,4279,0,4,10,-14,0,-8.76630687713623,-8.76630687713623,-9,0,-1.09200257337609,-0.00522131275351967,-1.04892072294832,-0.0192829278685167,-1.04020701922593,0,0.661281585693359,0.724644660949707
17.689,30.2473651,30.224,0,1,0,-7.52121591567993,30228,-7.42843580245972,4279,0,4,10,-5,0,-6.83830165863037,-6.89826154708862,-7,0,-1.09209844717533,-0.00142059780387171,-1.04919683949014,-0.00834176438343093,-1.03809492373822,0,0.00554513931274414,0.00554513931274414
17.713,30.2725933,30.248,0,1,0,-4.70620012283325,30253,-4.62292194366455,4279,0,4,10,0,0,-3.86652517318726,-3.73507738113403,-4,0,-1.09209844717533,-0.000217070729149782,-1.04932722785711,-0.00287650867176126,-1.03580279857698,0,0.0940585136413574,0.0940585136413574
17.738,30.2978252,30.273,0,1,0,-1.74117136001587,30278,-1.50346708297729,4279,0,4,10,0,0,-0.688843250274658,-0.594381809234619,-1,0,-1.09219432097458,-0.00794712507467921,-1.04934256766499,-1.52903339767363e-07,-1.03325510457424,0,0.695086717605591,0.851298093795776
17.762999999999998,30.3250127,30.298,0,1,0,2.41396045684814,30303,2.67769527435303,4279,0,4,10,0,0,3.63678503036499,3.74714183807373,3,0,-1.09248194237231,-0.0183655273754084,-1.04934256766499,0,-1.03021726645748,0,0.629323959350586,0.728592872619629
17.804,30.3641081,30.339,0,1,0,6.94824647903442,30344,7.28469514846802,4279,0,4,10,7,0,8.16229152679443,8.16229152679443,8,0,-1.09267368997079,-0.00720352256621482,-1.04934256766499,0,-1.02530609826144,0,0.247308731079102,0.364048957824707
17.835,30.3953843,30.37,0,1,0,11.5671529769897,30375,11.7172746658325,4279,0,4,10,10,0,12.4846649169922,12.6416358947754,12,0,-1.09276956377003,0.00929413678363744,-1.04934256766499,-0.000764960905598855,-1.02096303424615,0,0.904820442199707,0.904820442199707
17.867,30.4288021,30.402,0,1,0,17.1164932250977,30407,17.5884094238281,4279,0,4,10,12,0,18.6128807067871,18.6128807067871,18,0,-1.09276956377003,-0.00106855925969285,-1.04933489776105,1.22099663713016e-10,-1.01575437177594,0,0.972915649414063,0.08221435546875
17.894,30.4533403,30.429,0,1,0,23.2787818908691,30434,23.7737998962402,4279,0,4,10,19,0,24.9302444458008,25.172737121582,25,0,-1.09276956377003,-0.00235955882567396,-1.04932722785711,2.24573341256473e-07,-1.01179843209277,0,0.608119964599609,0.835262298583984
17.919999999999998,30.4798423,30.455,0,1,0,29.2964172363281,30459,29.6135673522949,4279,0,4,10,24,0,31.1119155883789,31.3460884094238,31,0,-1.09276956377003,-0.000929927640754613,-1.04931188804923,1.60364043040317e-05,-1.00707303617523,0,0.999565124511719,0.250152587890625
17.946,30.5055952,30.481,0,1,0,35.4637260437012,30485,35.7554779052734,4279,0,4,10,31,0,37.0645866394043,37.3217658996582,37,0,-1.09276956377003,-0.000472901178227403,-1.04928887833742,0.00109475467752418,-1.00224871469363,0,0.189167022705078,0.189167022705078
17.971,30.5311539,30.506,0,1,0,41.8107376098633,30512,42.0390357971191,4279,0,4,10,31,0,42.9978065490723,42.9978065490723,43,0,-1.09276956377003,-3.87779809898348e-05,-1.04925052881772,0.00117310453924802,-0.997357692585184,0,0.328289031982422,0.522800445556641
18.008,30.5667775,30.543,0,1,0,48.4521217346191,30547,48.6436805725098,4279,0,4,10,49,0,49.7433586120605,49.9530296325684,50,0,-1.09276956377003,-1.16929982141301e-06,-1.04915082006651,0.00482901838972793,-0.989882626389541,0,0.711444854736328,0.895931243896484
18.038,30.5976453,30.573,0,1,0,54.7585182189941,30577,54.9156532287598,4279,0,4,10,50,0,55.6400413513184,55.6344261169434,55,0,-1.09276956377003,0.00692851206713385,-1.04890538314044,0.0151138585922581,-0.983266368854563,0,0.655380249023438,0.655380249023438
18.069,30.6306726,30.604,0,1,0,59.7201194763184,30609,60.0398750305176,4279,0,4,10,64,0,61.362735748291,61.5960464477539,61,0,-1.09267368997079,0.000379442086114068,-1.0484298490962,0.0125222965023113,-0.975585080690092,0,0.725860595703125,0.725860595703125
18.098,30.6574846,30.633,0,1,0,68.7461853027344,30638,69.3380584716797,4279,0,4,10,70,0,70.5039367675781,70.7726516723633,71,0,-1.09267368997079,2.0853101659668e-05,-1.04819975197802,0.0118701282187885,-0.968988279054997,0,0.0133209228515625,0.0133209228515625
18.123,30.6831043,30.658,0,1,0,75.4358825683594,30663,75.6737823486328,4279,0,4,10,73,0,76.7477111816406,76.8629150390625,76,0,-1.09257781617155,0.0058736198002407,-1.04757848975892,0.0337424550398282,-0.962372215966807,0,0.36279296875,0.62738037109375
18.149,30.7071946,30.684,0,1,0,79.7533721923828,30688,80.0383453369141,4279,0,4,10,91,0,80.4878005981445,80.4878005981445,80,0,-1.09219432097458,0.0197943272976318,-1.04642033426407,0.0651863025063903,-0.956037086960652,0,0.814971923828125,0.837318420410156
18.174,30.7352308,30.709,0,1,0,80.7675704956055,30715,80.8782196044922,4279,0,4,10,87,0,81.2536926269531,81.5766754150391,81,0,-1.09113970918291,0.0439351863994943,-1.04421907183345,0.0916226602196275,-0.948371444415517,0,0.965011596679688,0.18048095703125
18.209,30.7687953,30.744,0,1,0,84.3271179199219,30749,84.345588684082,4279,0,4,10,87,0,85.2468109130859,85.2468109130859,85,0,-1.08893461180032,0.0776331665904308,-1.04119712968132,0.0970321892853008,-0.93866878945957,0,0.928359985351563,0.899169921875
18.24,30.7996865,30.775,0,1,0,85.9721374511719,30779,85.7165069580078,4279,0,4,10,85,0,85.7179107666016,85.8454132080078,85,0,-1.08586665022455,0.115827611338545,-1.03786839137161,0.108701420680973,-0.929448797287308,0,0.167228698730469,0.167228698730469
18.271,30.8313593,30.806,0,1,0,88.8916473388672,30810,88.8681182861328,4279,0,4,10,78,0,89.7572784423828,89.7572784423828,89,0,-1.08193582445559,0.142321382735418,-1.03445528411856,0.126504993939307,-0.919561571171748,0,0.488746643066406,0.754928588867188
18.297,30.8576081,30.832,0,1,0,92.9003601074219,30836,93.1804428100586,4279,0,4,10,92,0,94.248908996582,94.4491653442383,94,0,-1.07790912488739,0.15118779380964,-1.03089644869067,0.135187309157345,-0.911578318679927,0,0.0123291015625,0.0435256958007813
18.323,30.8831354,30.858,0,1,0,95.4896850585938,30863,95.6819763183594,4279,0,4,10,101,0,96.3600769042969,96.3600769042969,96,0,-1.07397829911843,0.157770151058685,-1.02701547729732,0.163546059882947,-0.903037171202978,0,0.86175537109375,0.951446533203125
18.35,30.9104188,30.885,0,1,0,96.9661331176758,30890,96.8950576782227,4279,0,4,10,91,0,96.7165756225586,96.7165756225586,96,0,-1.06956810435326,0.177943097479101,-1.02197635040911,0.197929835811124,-0.893912476146799,0,0.70367431640625,0.859466552734375
18.376,30.9367043,30.911,0,1,0,96.3881378173828,30916,96.0083847045898,4279,0,4,10,101,0,95.4637832641602,95.4477005004883,95,0,-1.06458266679264,0.202397505613817,-1.01619324283878,0.22235780877304,-0.884882557485843,0,0.604774475097656,0.604774475097656
18.403,30.9622963,30.938,0,1,0,94.3796081542969,30942,94.1762237548828,4279,0,4,10,91,0,94.1289825439453,94.2211151123047,94,0,-1.05863849123958,0.247353142785414,-1.01040246536451,0.234503435519514,-0.875616491837956,0,0.596282958984375,0.553573608398438
18.429,30.989037,30.964,0,1,0,93.5501403808594,30969,93.8310394287109,4279,0,4,10,84,0,94.2555389404297,94.3457794189453,94,0,-1.05163970389485,0.27172059064651,-1.00394440624752,0.225292538894337,-0.865746745042188,0,0.82611083984375,0.852119445800781
18.455,31.0177717,30.99,0,1,0,96.7077026367188,30996,97.607048034668,4279,0,4,10,84,0,99.0172576904297,99.0826110839844,99,0,-1.04444916895164,0.281360805907752,-0.997923531655065,0.226920647783459,-0.855627844330871,0,0.686332702636719,0.686332702636719
18.483,31.0451191,31.018,0,1,0,102.43083190918,31023,102.643432617188,4279,0,4,10,92,0,102.858749389648,102.90998840332,102,0,-1.03687513881145,0.274466345871133,-0.991197025900186,0.259183046420617,-0.84448519946219,0,0.286026000976563,0.364212036132813
18.51,31.0706225,31.045,0,1,0,103.560043334961,31050,103.509902954102,4279,0,4,10,94,0,103.395057678223,103.395057678223,103,0,-1.02978047766748,0.288232129430071,-0.983918287061669,0.299097092488068,-0.834256764736865,0,0.300460815429688,0.300460815429688
18.537,31.0969873,31.072,0,1,0,103.4052734375,31077,103.371704101563,4279,0,4,10,108,0,103.429809570313,103.421417236328,103,0,-1.02297343792124,0.291138250747736,-0.976033625811936,0.325993241928245,-0.824211740982915,0,0.189682006835938,0.17822265625
18.563,31.1241078,31.098,0,1,0,103.064788818359,31103,102.941390991211,4279,0,4,10,94,0,103.103103637695,103.103103637695,103,0,-1.01472829118635,0.318915289150254,-0.966921779931896,0.324112730598472,-0.812720002673707,0,0.223175048828125,0.219039916992188
18.601,31.1591553,31.136,0,1,0,102.798027038574,31140,102.778060913086,4279,0,4,10,108,0,102.331130981445,102.331130981445,102,0,-1.00312756147797,0.363472407353356,-0.955041098729721,0.338815675992009,-0.798002027124484,0,0.262893676757813,0.104682922363281
18.632,31.192794,31.167,0,1,0,98.999641418457,31172,99.0372695922852,4279,0,4,10,107,0,99.0473785400391,99.1198348999023,99,0,-0.990088724780939,0.420256553370791,-0.943582262244216,0.349195219930493,-0.783771493139027,0,0.279769897460938,0.279769897460938
18.664,31.2262999,31.199,0,1,0,103.399887084961,31204,103.587127685547,4279,0,4,10,107,0,104.321044921875,104.321044921875,104,0,-0.977721004678611,0.404575392601828,-0.932967115192047,0.340613954241007,-0.768757379229463,0,0.590682983398438,0.663871765136719
18.692,31.2511266,31.227,0,1,0,106.17155456543,31232,106.251693725586,4279,0,4,10,98,0,106.413452148438,106.421112060547,106,0,-0.967750129557354,0.382672177601876,-0.922873521607759,0.377936847794558,-0.7574933799398,0,0.40087890625,0.395263671875
18.717,31.2761823,31.252,0,1,0,106.214462280273,31257,106.152465820313,4279,0,4,10,101,0,106.068138122559,106.068138122559,105,0,-0.958450371030797,0.395658933951609,-0.91280293773529,0.415102175524339,-0.746042480493257,0,0.722389221191406,0.690193176269531
18.743,31.3036543,31.278,0,1,0,105.688446044922,31283,105.752662658691,4279,0,4,10,101,0,105.737014770508,105.711776733398,105,0,-0.947616631716355,0.407655815036037,-0.90153584884827,0.41544683717359,-0.732999075344812,0,0.891281127929688,0.891281127929688
18.77,31.3331063,31.305,0,1,0,105.745697021484,31312,105.684631347656,4279,0,4,10,98,0,105.46354675293,105.409149169922,105,0,-0.936207649606455,0.434349205313879,-0.889325361776701,0.424581825464998,-0.719250722178106,0,0.785346984863281,0.645904541015625
18.804,31.3641302,31.339,0,1,0,103.679931640625,31344,103.706115722656,4279,0,4,10,98,0,103.981552124023,103.981552124023,104,0,-0.921826579720027,0.477173224195212,-0.876117787193005,0.416857116482561,-0.704290259230507,0,0.819129943847656,0.014862060546875
18.835,31.3960506,31.37,0,1,0,106.562072753906,31375,106.683036804199,4279,0,4,10,101,0,106.828437805176,106.864471435547,106,0,-0.908020752629057,0.47430775711473,-0.862917882513249,0.41989736119308,-0.688567007457107,0,0.920700073242188,0.895561218261719
18.866,31.4270762,31.401,0,1,0,106.391815185547,31406,106.276489257813,4279,0,4,10,98,0,106.080535888672,106.080535888672,106,0,-0.893927304140357,0.499399917777168,-0.850185841973798,0.453277909951794,-0.674077206476996,0,0.900497436523438,0.928375244140625
18.893,31.452162,31.428,0,1,0,106.419967651367,31432,106.528930664063,4279,0,4,10,107,0,107.024993896484,107.054870605469,107,0,-0.880792593644087,0.485677027898305,-0.83741545191465,0.457366514661544,-0.660385424188217,0,0.4481201171875,0.52947998046875
18.918,31.4778069,31.453,0,1,0,107.885833740234,31457,107.91862487793,4279,0,4,10,103,0,107.974555969238,107.952964782715,107,0,-0.870534097125101,0.475812456423,-0.825688168791265,0.479283452559571,-0.647538303109552,0,0.870437622070313,0.870437622070313
18.944,31.503074,31.479,0,1,0,107.75284576416,31484,107.735542297363,4279,0,4,10,103,0,107.720184326172,107.73477935791,107,0,-0.857974629424288,0.49156529449499,-0.813669429318181,0.477295826964223,-0.634531411643922,0,0.769706726074219,0.776130676269531
18.969,31.5298268,31.504,0,1,0,108.18620300293,31508,108.301559448242,4279,0,4,10,101,0,108.41690826416,108.41690826416,108,0,-0.845702783121203,0.487667598608596,-0.800975738298427,0.471422910590832,-0.619777977664735,0,0.560943603515625,0.560943603515625
18.996,31.556663,31.531,0,1,0,108.381729125977,31536,108.328552246094,4279,0,4,10,103,0,108.169906616211,108.106338500977,108,0,-0.832376325026446,0.528969981765272,-0.787975251121096,0.490220771529607,-0.605906502214697,0,0.831954956054688,0.8189697265625
19.022,31.5826637,31.557,0,1,0,107.954559326172,31562,107.989562988281,4279,0,4,10,105,0,108.207466125488,108.245582580566,108,0,-0.819241614530175,0.522120509361798,-0.775235540677706,0.488772618332973,-0.591873329606488,0,0.628883361816406,0.628883361816406
19.048,31.6080741,31.583,0,1,0,108.832901000977,31588,108.814346313477,4279,0,4,10,103,0,108.770034790039,108.765319824219,108,0,-0.80629865163239,0.534988116247632,-0.762725927352499,0.50910742602025,-0.577682204847171,0,0.535903930664063,0.508163452148438
19.075,31.6350346,31.61,0,1,0,108.09497833252,31615,108.019874572754,4279,0,4,10,108,0,107.948272705078,107.951721191406,107,0,-0.791534086548991,0.570794049180449,-0.748881750741831,0.508985935989017,-0.562782146260462,0,0.163673400878906,0.19000244140625
19.101,31.6597623,31.636,0,1,0,108.742988586426,31640,108.768592834473,4279,0,4,10,107,0,109.012100219727,109.012100219727,109,0,-0.778974618848177,0.542043634674314,-0.736165050010259,0.516406817560096,-0.54940154599658,0,0.199012756347656,0.201240539550781
19.132,31.6909002,31.667,0,1,0,109.054946899414,31671,109.044326782227,4279,0,4,10,91,0,108.908599853516,108.908599853516,108,0,-0.762676072976892,0.55642568185965,-0.71964407692473,0.540891815816394,-0.531933812327664,0,0.842201232910156,0.842201232910156
19.163,31.7262266,31.698,0,1,0,108.97038269043,31703,109.00813293457,4279,0,4,10,117,0,109.032089233398,109.032157897949,109,0,-0.744747672518479,0.572285045642047,-0.702325433829501,0.551578833015697,-0.511969981981192,0,0.953887939453125,0.944183349609375
19.192,31.7527858,31.727,0,1,0,108.769424438477,31731,108.769241333008,4279,0,4,10,103,0,108.786865234375,108.749168395996,108,0,-0.728449126647194,0.596202680979673,-0.686295334596096,0.541950299857263,-0.49639964025513,0,0.705284118652344,0.858123779296875
19.219,31.7788525,31.754,0,1,0,109.225463867188,31758,109.402572631836,4279,0,4,10,105,0,109.608505249023,109.608505249023,109,0,-0.714163930560009,0.571846424089472,-0.671661157879668,0.557568748229073,-0.481270904619167,0,0.674819946289063,0.674819946289063
19.244,31.8049503,31.779,0,1,0,109.645942687988,31784,109.610939025879,4279,0,4,10,108,0,109.494743347168,109.474548339844,109,0,-0.699686986874338,0.604564176135455,-0.657241738473542,0.563053216455614,-0.466013733098621,0,0.256538391113281,0.256538391113281
19.27,31.8345897,31.805,0,1,0,109.198654174805,31813,109.176727294922,4279,0,4,10,108,0,109.337310791016,109.337310791016,109,0,-0.682525576809867,0.603244033004898,-0.640881833370742,0.574046053284974,-0.448255030121716,0,0.512191772460938,0.524124145507813
19.3,31.8632385,31.835,0,1,0,109.632995605469,31841,109.627265930176,4279,0,4,10,105,0,109.522567749023,109.512413024902,109,0,-0.666035283340097,0.606396153092874,-0.624598627307336,0.579756525695075,-0.431536422826817,0,0.458755493164063,0.475540161132813
19.328,31.8909641,31.863,0,1,0,109.509574890137,31869,109.502899169922,4279,0,4,10,98,0,109.572334289551,109.574119567871,109,0,-0.64935324227184,0.620631283953571,-0.608346100859688,0.588291883267402,-0.414684253795994,0,0.583572387695313,0.583572387695313
19.355999999999998,31.921656,31.891,0,1,0,109.501312255859,31896,109.474060058594,4279,0,4,10,96,0,109.37663269043,109.357727050781,109,0,-0.631808337010398,0.644492158573939,-0.589830952749908,0.597626474889694,-0.395877004157942,0,0.323196411132813,0.318878173828125
19.397,31.9583052,31.932,0,1,0,109.587043762207,31937,109.595611572266,4279,0,4,10,117,0,109.568023681641,109.550552368164,109,0,-0.608127508597414,0.640239839600554,-0.567434833246778,0.613734191229241,-0.373233646602679,0,0.422042846679688,0.409896850585938
19.427,31.9887686,31.962,0,1,0,109.242202758789,31967,109.236724853516,4279,0,4,10,107,0,109.254371643066,109.28157043457,109,0,-0.588952748748843,0.670028737893858,-0.548612888979421,0.605769455516906,-0.354725520575037,0,0.40216064453125,0.399932861328125
19.458,32.0191711,31.993,0,1,0,109.552284240723,31998,109.565353393555,4279,0,4,10,96,0,109.575134277344,109.590209960938,109,0,-0.57035323169573,0.654839031463212,-0.530021041830247,0.625087203673274,-0.336091362259001,0,0.565742492675781,0.55914306640625
19.49,32.0503847,32.025,0,1,0,109.457313537598,32030,109.436630249023,4279,0,4,10,101,0,109.411193847656,109.397583007813,109,0,-0.54983623865776,0.676748576545833,-0.509964243028642,0.636307862550836,-0.316083471505412,0,0.223770141601563,0.217185974121094
19.516000000000002,32.0776347,32.051,0,1,0,109.057312011719,32056,109.073318481445,4279,0,4,10,103,0,109.150047302246,109.150047302246,109,0,-0.532003711998589,0.691700837102417,-0.493443269943114,0.625830376453905,-0.299102096799452,0,0.349067687988281,0.386367797851563
19.543000000000003,32.1032907,32.078,0,1,0,109.561378479004,32083,109.581275939941,4279,0,4,10,107,0,109.565353393555,109.543823242188,109,0,-0.51522579713109,0.677900035058428,-0.476937636665464,0.647313205700243,-0.282668248954277,0,0.366744995117188,0.33758544921875
19.569,32.1310748,32.104,0,1,0,109.041213989258,32110,109.038314819336,4279,0,4,10,114,0,109.057800292969,109.060852050781,109,0,-0.497297396672676,0.694035098855352,-0.458721614809322,0.652342429401983,-0.264886022781835,0,0.168563842773438,0.157180786132813
19.596999999999998,32.1595948,32.132,0,1,0,109.017166137695,32137,108.995681762695,4279,0,4,10,92,0,108.868453979492,108.850051879883,108,0,-0.478697879619563,0.693229991321687,-0.440152777371967,0.667547804809033,-0.247021813640741,0,0.937644958496094,0.963577270507813
19.627999999999997,32.1906124,32.163,0,1,0,109.34790802002,32168,109.355003356934,4279,0,4,10,105,0,109.293998718262,109.279800415039,109,0,-0.45808501278235,0.701431183116767,-0.4198505416443,0.659201078424928,-0.227796895655944,0,0.015350341796875,0.979225158691406
19.659000000000002,32.2212214,32.194,0,1,0,108.361038208008,32199,108.39582824707,4279,0,4,10,105,0,108.462463378906,108.494750976563,108,0,-0.438143262539836,0.715766381394303,-0.399180150527541,0.662732090124223,-0.207846200188013,0,0.901702880859375,0.921440124511719
19.687,32.2469414,32.222,0,1,0,108.974884033203,32227,108.970428466797,4279,0,4,10,107,0,108.866561889648,108.839050292969,108,0,-0.419256124088994,0.711424959836791,-0.381738788969281,0.676020503995062,-0.191052243778211,0,0.572891235351563,0.572891235351563
19.712,32.2717941,32.247,0,1,0,108.388160705566,32252,108.430114746094,4279,0,4,10,101,0,108.369277954102,108.358505249023,108,0,-0.400848354634367,0.752558012414738,-0.365041408093146,0.661542453459049,-0.174207301606139,0,0.167373657226563,0.167373657226563
19.737,32.2973954,32.272,0,1,0,107.94474029541,32277,107.954292297363,4279,0,4,10,105,0,108.060607910156,108.060607910156,108,0,-0.383591070770653,0.740520274075891,-0.347515677591553,0.686302188007858,-0.157966344729009,0,0.139816284179688,0.161697387695313
19.761999999999997,32.3246145,32.297,0,1,0,108.589004516602,32302,108.631149291992,4279,0,4,10,94,0,108.735977172852,108.735977172852,108,0,-0.36432043712284,0.720379276401559,-0.328985189673894,0.690162250663548,-0.140382453897405,0,0.631828308105469,0.594207763671875
19.799000000000003,32.3593542,32.334,0,1,0,107.903312683105,32339,107.939872741699,4279,0,4,10,103,0,107.973754882813,107.976280212402,107,0,-0.340543734910612,0.732528903578157,-0.305231497173485,0.688587942156857,-0.117529136549759,0,0.273956298828125,0.298629760742188
19.828999999999997,32.3885205,32.364,0,1,0,108.422348022461,32368,108.411781311035,4279,0,4,10,110,0,108.234886169434,108.222694396973,108,0,-0.31964324667567,0.732427208200306,-0.284453727401574,0.702580344901946,-0.0985499952506197,0,0.963760375976563,0.922386169433594
19.860000000000003,32.4221873,32.395,0,1,0,107.117630004883,32400,107.013610839844,4279,0,4,10,103,0,106.612510681152,106.485710144043,106,0,-0.296345913459657,0.779022288406395,-0.260561976630255,0.709001333213109,-0.0762573828842862,0,0.85028076171875,0.782386779785156
19.886999999999997,32.4467316,32.422,0,1,0,105.828170776367,32427,105.984916687012,4279,0,4,10,108,0,106.218299865723,106.31950378418,106,0,-0.277171153611087,0.767842277599186,-0.243611488924119,0.69629626818687,-0.0604998676034706,0,0.762435913085938,0.840576171875
19.912000000000003,32.4716382,32.447,0,1,0,107.010513305664,32451,106.887992858887,4279,0,4,10,100,0,106.604316711426,106.539154052734,106,0,-0.258763384156459,0.77337706184943,-0.226101098230404,0.711995266027458,-0.0440712132300953,0,0.812026977539063,0.683570861816406
19.938,32.4976727,32.473,0,1,0,105.328254699707,32477,105.358070373535,4279,0,4,10,108,0,105.65877532959,105.661346435547,105,0,-0.239492750508646,0.775557927931459,-0.208237891955476,0.71289961503993,-0.0269739349994573,0,0.09832763671875,0.177589416503906
19.962999999999997,32.5242559,32.498,0,1,0,106.37361907959,32503,106.279075622559,4279,0,4,10,100,0,106.030136108398,106.021995544434,105,0,-0.220222116860832,0.755417759609429,-0.188694976717813,0.72941177615948,-0.00921151197511526,0,0.736434936523438,0.705307006835938
19.999,32.557948,32.534,0,1,0,105.13508605957,32538,105.059867858887,4279,0,4,10,103,0,104.720977783203,104.632949829102,104,0,-0.195199055258448,0.775780102099105,-0.164128274399824,0.728345252651621,0.0125012019678862,0,0.832061767578125,0.832061767578125
20.029999999999998,32.5907756,32.565,0,1,0,104.070709228516,32570,104.174507141113,4279,0,4,10,105,0,104.156143188477,104.103042602539,104,0,-0.17142235304622,0.775765288828353,-0.14016749449305,0.726469980820582,0.0342085415870838,0,0.373031616210938,0.233840942382813
20.060999999999996,32.6233708,32.596,0,1,0,100.230010986328,32600,100.054534912109,4279,0,4,10,101,0,99.8260498046875,99.8179779052734,99,0,-0.147645650833993,0.809974072578001,-0.116222054394156,0.710478012827267,0.0559011747980835,0,0.441276550292969,0.574951171875
20.089000000000002,32.6487297,32.624,0,1,0,102.747222900391,32629,102.89582824707,4279,0,4,10,98,0,102.987754821777,102.923606872559,102,0,-0.127320405394508,0.78728031406456,-0.0990414695698364,0.726802871526559,0.0723194898176865,0,0.5487060546875,0.530677795410156
20.115,32.676633,32.65,0,1,0,102.090347290039,32655,102.056243896484,4279,0,4,10,98,0,101.478858947754,101.230110168457,101,0,-0.107282781352752,0.783844906112492,-0.078578165859442,0.738816555051969,0.0906866263212371,0,0.610946655273438,0.1898193359375
20.142,32.7021845,32.677,0,1,0,97.5499877929688,32681,97.6375579833984,4279,0,4,10,103,0,97.7191314697266,97.7996444702148,98,0,-0.0873410311102387,0.766135397191263,-0.0592960273557195,0.731146885697882,0.107716813459873,0,0.546669006347656,0.546669006347656
20.166999999999998,32.7301782,32.702,0,1,0,100.8515625,32707,100.689743041992,4279,0,4,10,96,0,99.1994171142578,99.0042190551758,98,0,-0.0675910284662111,0.769233756285516,-0.0389631120122953,0.733087461229125,0.126024736728908,0,0.248779296875,0.248779296875
20.194999999999997,32.7548046,32.73,0,1,0,92.2788391113281,32735,91.9198608398438,4279,0,4,10,89,0,91.9290313720703,92.0711975097656,92,0,-0.0478410258221834,0.797731345478411,-0.0208391290034264,0.70728017352624,0.141686412027765,0,0.3714599609375,0.453269958496094
20.220000000000002,32.7804847,32.755,0,1,0,94.9513702392578,32760,95.2225341796875,4279,0,4,10,87,0,95.5637054443359,95.74560546875,95,0,-0.0290497611705843,0.785063429823325,-0.00316767032698385,0.708380814017322,0.158616758052485,0,0.262748718261719,0.286155700683594
20.245,32.8057678,32.78,0,1,0,96.3055725097656,32785,98.7452011108398,4279,0,4,10,92,0,98.9016723632813,96.9630889892578,96,0,-0.0104502441174709,0.780693035334963,0.0143503902706702,0.754202434744368,0.174856072478921,0,0.843421936035156,0.576751708984375
20.270999999999997,32.8318781,32.806,0,1,0,94.5736999511719,32812,94.7362823486328,4279,0,4,10,87,0,95.5529403686523,95.5529403686523,95,0,0.00853276813261388,0.754023521595305,0.0338549559886361,0.721276595100825,0.191699136701394,0,0.285629272460938,0.510505676269531
20.298,32.8576447,32.833,0,1,0,99.2441711425781,32838,98.8241195678711,4279,0,4,10,96,0,97.4591369628906,97.2451629638672,96,0,0.0267487899887559,0.741568061931591,0.0527229196796295,0.735875474010527,0.208491042526464,0,0.130012512207031,0.469589233398438
20.322999999999997,32.8838961,32.858,0,1,0,88.9631958007813,32863,88.7348175048828,4279,0,4,10,80,0,88.3075942993164,88.07275390625,88,0,0.045540054640355,0.774264583109563,0.0715832134666834,0.704278651664936,0.22522730872899,0,0.203765869140625,0.261520385742188
20.349,32.9088695,32.884,0,1,0,89.7605209350586,32888,89.7096405029297,4279,0,4,10,87,0,89.7584991455078,89.8514709472656,89,0,0.0639478240949827,0.773547265352548,0.0888788468500941,0.69036853349661,0.241263243441406,0,0.132598876953125,0.293106079101563
20.374999999999996,32.9353103,32.91,0,1,0,90.9887237548828,32914,91.1530914306641,4279,0,4,10,100,0,91.4362182617188,91.5637969970703,91,0,0.0833143315420389,0.787951716724947,0.10664234437381,0.680964782214204,0.257877412332254,0,0.003936767578125,0.888046264648438
20.403000000000002,32.9636045,32.938,0,1,0,87.5269775390625,32942,87.6606674194336,4279,0,4,10,85,0,87.9920806884766,88.4444961547852,88,0,0.104502441174709,0.784482773699949,0.125832444030259,0.678524419832385,0.276327211754616,0,0.77386474609375,0.274772644042969
20.434,32.9952748,32.969,0,1,0,96.1673812866211,32974,96.1417388916016,4279,0,4,10,89,0,95.619140625,95.3142700195313,95,0,0.127799774390722,0.768843622793213,0.147622641122175,0.701424364477305,0.295947805477005,0,0.0533370971679688,0.0533370971679688
20.464000000000002,33.0272637,32.999,0,1,0,86.9432144165039,33004,86.9955062866211,4279,0,4,10,85,0,87.4299850463867,87.5261383056641,87,0,0.150138369614307,0.775087371466668,0.168108954544387,0.700817226799558,0.316083471512863,0,0.454544067382813,0.454544067382813
20.492,33.052723,33.027,0,1,0,87.606559753418,33032,87.2412109375,4279,0,4,10,75,0,86.9830169677734,86.8513793945313,86,0,0.170559488853035,0.765656961201557,0.187705559109626,0.696312567358518,0.332349988582177,0,0.646392822265625,0.530563354492188
20.519000000000002,33.0791627,33.054,0,1,0,85.6805877685547,33058,85.4624862670898,4279,0,4,10,80,0,83.5526809692383,83.5526809692383,83,0,0.190405365296305,0.806337956571156,0.206051969332739,0.673860668447219,0.348527812018933,0,0.715545654296875,0.715545654296875
20.544,33.104411,33.079,0,1,0,80.7776184082031,33084,80.9098587036133,4279,0,4,10,82,0,81.4342041015625,81.4342041015625,81,0,0.210826484535033,0.825082754561777,0.222695660881298,0.652842748364804,0.364612624477031,0,0.600570678710938,0.912063598632813
20.569,33.1320856,33.104,0,1,0,84.1715545654297,33111,83.9921951293945,4279,0,4,10,85,0,82.6831970214844,82.6831970214844,82,0,0.232781584561646,0.870137417595458,0.240673915715318,0.644071067440819,0.381213036448743,0,0.493637084960938,0.204452514648438
20.605,33.1686711,33.14,0,1,0,82.5297393798828,33147,83.9896240234375,4279,0,4,10,77,0,87.568115234375,87.8347854614258,88,0,0.264707559709516,0.914805347770141,0.263100714834206,0.608916088015746,0.40378261249757,0,0.164848327636719,0.12615966796875
20.636,33.1966221,33.171,0,1,0,86.2331008911133,33176,86.1001510620117,4279,0,4,10,92,0,86.2184143066406,86.4605484008789,86,0,0.289442999914172,0.916155510150475,0.280833532742164,0.659790621621255,0.420717890917652,0,0.021087646484375,0.546394348144531
20.666,33.2287047,33.201,0,1,0,97.6543426513672,33206,98.0702285766602,4279,0,4,10,82,0,98.6389465332031,98.780647277832,98,0,0.311493973740028,0.733726703829916,0.301711011265287,0.754501271786182,0.439912746089533,0,0.854347229003906,0.699905395507813
20.694,33.2543842,33.229,0,1,0,95.5686874389648,33233,94.5521697998047,4279,0,4,10,85,0,91.41455078125,91.41455078125,90,0,0.328655383804499,0.637584170588013,0.323616256916294,0.791626860843166,0.454785381734271,0,0.536201477050781,0.763320922851563
20.720000000000002,33.2804537,33.255,0,1,0,77.6876525878906,33259,75.9314193725586,4279,0,4,10,77,0,71.1437530517578,70.2939834594727,70,0,0.344186939281841,0.637353878627607,0.343972181971537,0.75601709289549,0.470721683010282,0,0.165985107421875,0.681427001953125
20.746,33.3070178,33.281,0,1,0,60.2704963684082,33286,59.9337043762207,4279,0,4,10,64,0,58.4405822753906,58.4665031433105,58,0,0.362115339740254,0.746113172086723,0.36243364075374,0.628631733563054,0.485939767894236,0,0.783267974853516,0.383930206298828
20.772000000000002,33.3346664,33.307,0,1,0,56.0622863769531,33314,56.0621452331543,4279,0,4,10,54,0,57.6325874328613,57.9668731689453,58,0,0.384645682562325,0.858552704587453,0.377834807864112,0.522689373255844,0.501605849560915,0,0.398941040039063,0.38116455078125
20.8,33.3614241,33.335,0,1,0,79.8061599731445,33340,81.2908096313477,4279,0,4,10,85,0,92.3811187744141,92.3811187744141,93,0,0.404491559005595,0.76819731203301,0.391671314570841,0.543632383851389,0.517127573697862,0,0.869529724121094,0.345703125
20.827,33.3883155,33.362,0,1,0,102.210426330566,33366,102.186157226563,4279,0,4,10,98,0,101.153930664063,100.793312072754,100,0,0.420214862081423,0.603489623135545,0.408100248809096,0.700584287421975,0.532500473296273,0,0.492042541503906,0.492042541503906
20.854000000000003,33.4168993,33.389,0,1,0,85.6109466552734,33394,83.3207244873047,4279,0,4,10,78,0,75.2452545166016,75.2452545166016,72,0,0.434883553365579,0.579547645308764,0.428885688484946,0.753524307364273,0.547720124177643,0,0.236377716064453,0.973484039306641
20.883999999999997,33.4460574,33.419,0,1,0,66.1767654418945,33424,66.0974502563477,4279,0,4,10,71,0,64.3901214599609,63.7237968444824,62,0,0.450606856441407,0.583977377144095,0.449502390274129,0.623427690876781,0.564999886355473,0,0.924251556396484,0.655178070068359
20.915000000000003,33.4778885,33.45,0,1,0,53.4721336364746,33456,52.949821472168,4279,0,4,10,50,0,52.5516090393066,52.5949668884277,52,0,0.47189083987332,0.735688923201963,0.467434625684513,0.505138329367469,0.582612156640288,0,0.243209838867188,0.575878143310547
20.947,33.5091214,33.482,0,1,0,62.3003273010254,33487,65.5535202026367,4279,0,4,10,61,0,77.7124938964844,79.6361389160156,79,0,0.495571668286305,0.74363654758406,0.482337249038822,0.469020931425746,0.599449520152763,0,0.883193969726563,0.660614013671875
20.979000000000003,33.5396734,33.514,0,1,0,94.992561340332,33518,94.0513000488281,4279,0,4,10,92,0,89.5911254882813,88.8676452636719,88,0,0.51388356394169,0.599545003075491,0.499916668867991,0.644773708222431,0.616059467144612,0,0.824172973632813,0.468605041503906
21.005,33.5661897,33.54,0,1,0,82.7488708496094,33545,82.0843811035156,4279,0,4,10,77,0,78.5961990356445,78.5961990356445,77,0,0.526730653040232,0.529377539152961,0.516690748783521,0.682214537368395,0.629810435759161,0,0.0657234191894531,0.304355621337891
21.031000000000002,33.592879,33.566,0,1,0,51.5543365478516,33571,52.1220932006836,4279,0,4,10,56,0,55.7814331054688,55.7814331054688,56,0,0.540152984934231,0.513746004848599,0.534293178324508,0.599293154189468,0.643912341059061,0,0.559696197509766,0.160430908203125
21.058000000000003,33.6201802,33.593,0,1,0,56.3575630187988,33597,56.3405609130859,4279,0,4,10,47,0,56.0996742248535,56.3208999633789,55,0,0.554438181021416,0.599186080580921,0.549594636683668,0.50831746501342,0.657828934335597,0,0.968730926513672,0.968730926513672
21.086000000000002,33.6455527,33.621,0,1,0,52.7354202270508,33626,53.0286979675293,4279,0,4,10,50,0,56.3429832458496,57.065860748291,57,0,0.571599591085887,0.669600161589642,0.561467647981902,0.450991859485498,0.670545954904919,0,0.733043670654297,0.0133285522460938
21.118,33.6819618,33.653,0,1,0,76.8023986816406,33659,78.3504333496094,4279,0,4,10,70,0,85.1663665771484,85.9546051025391,86,0,0.593075322116286,0.585274060177994,0.577697164717732,0.496486552876604,0.689062605750002,0,0.008819580078125,0.473724365234375
21.150000000000002,33.7107882,33.685,0,1,0,77.4014205932617,33690,76.5113906860352,4279,0,4,10,77,0,76.0167236328125,76.0252532958984,76,0,0.607456392002714,0.493853369920203,0.594310176650534,0.613885495895147,0.703315831621858,0,0.867317199707031,0.2144775390625
21.182,33.7440116,33.717,0,1,0,55.2820129394531,33722,53.6983604431152,4279,0,4,10,56,0,49.8625068664551,49.1650695800781,49,0,0.623083821279299,0.510020723895423,0.61434396574032,0.580348463055884,0.719250722183791,0,0.169288635253906,0.395950317382813
21.209,33.7699523,33.744,0,1,0,50.5731048583984,33749,50.2963752746582,4279,0,4,10,56,0,49.3236656188965,48.9570503234863,48,0,0.636602026972541,0.550294017093051,0.6280347442722,0.48048623763907,0.731588040080141,0,0.762538909912109,0.0578804016113281
21.235000000000003,33.7948928,33.77,0,1,0,52.8657112121582,33775,53.1821098327637,4279,0,4,10,56,0,54.8690223693848,54.8690223693848,55,0,0.650599601661998,0.59532316623779,0.639409211814372,0.415015333150905,0.743266766830629,0,0.971698760986328,0.247215270996094
21.26,33.8222843,33.795,0,1,0,60.8565559387207,33800,61.7001533508301,4279,0,4,10,56,0,63.3859214782715,63.7856636047363,63,0,0.665555914343883,0.572977496617341,0.650914067723514,0.446492012004796,0.755673722858346,0,0.843978881835938,0.843978881835938
21.288999999999998,33.8505128,33.824,0,1,0,64.7834701538086,33829,64.1752853393555,4279,0,4,10,56,0,63.79638671875,63.9525032043457,63,0,0.680512227025768,0.529149758294693,0.664604846255394,0.484474127176895,0.76875737923477,0,0.081207275390625,0.815773010253906
21.319999999999997,33.8801272,33.855,0,1,0,68.8308715820313,33860,66.6540145874023,4279,0,4,10,66,0,66.800910949707,67.5962066650391,64,0,0.692879947128096,0.432979759311593,0.679576498745157,0.578734111261724,0.781585804850964,0,0.450424194335938,0.500171661376953
21.351000000000003,33.9118396,33.886,0,1,0,50.5702056884766,33891,49.5536689758301,4279,0,4,10,59,0,48.6587982177734,48.6182289123535,48,0,0.706206405222852,0.464539405994515,0.695215432877652,0.481960901443699,0.795011892149781,0,0.535415649414063,0.931865692138672
21.385,33.9452714,33.92,0,1,0,48.6309127807617,33925,48.3085174560547,4279,0,4,10,35,0,47.3688850402832,47.1520576477051,47,0,0.722121455897166,0.522165400079416,0.710601260180144,0.417058316429802,0.809390290315226,0,0.974903106689453,0.974903106689453
21.413999999999998,33.9746339,33.949,0,1,0,49.3158302307129,33954,49.8694686889648,4279,0,4,10,50,0,51.6122550964355,51.6122550964355,51,0,0.736694273382079,0.514966397965395,0.722083106377469,0.382453655380687,0.821770580542177,0,0.303974151611328,0.861270904541016
21.444999999999997,34.0040531,33.98,0,1,0,58.3791999816895,33984,58.2089042663574,4279,0,4,10,56,0,59.021858215332,59.021858215332,59,0,0.750883595670021,0.486334680720006,0.733848739020551,0.411086466531401,0.833460705253759,0,0.467884063720703,0.479621887207031
21.477999999999998,34.0376669,34.013,0,1,0,60.7429885864258,34017,60.7492904663086,4279,0,4,10,64,0,59.9246406555176,59.9246406555176,59,0,0.764497675162506,0.390588212165198,0.74915786728365,0.467838086194888,0.846813700989445,0,0.979778289794922,0.557262420654297
21.502999999999997,34.063933,34.038,0,1,0,53.6814155578613,34043,53.1523704528809,4279,0,4,10,56,0,52.1868286132813,51.9591026306152,51,0,0.773605686090577,0.387479991492796,0.76069340280855,0.445908372660938,0.856764380602626,0,0.495243072509766,0.0851554870605469
21.529,34.090088,34.064,0,1,0,44.645092010498,34068,44.2332801818848,4279,0,4,10,35,0,42.7087440490723,42.6496963500977,42,0,0.784631173003505,0.452220698111432,0.772121559678298,0.404085360735735,0.866486417075225,0,0.00400161743164063,0.946708679199219
21.555000000000003,34.1166132,34.09,0,1,0,42.4115943908691,34094,42.5168037414551,4279,0,4,10,45,0,43.1138458251953,43.1138458251953,43,0,0.795273164719462,0.465238484922452,0.781179716230763,0.356683183170389,0.875616491842243,0,0.734477996826172,0.950538635253906
21.584,34.1440751,34.119,0,1,0,48.4598274230957,34124,48.9379196166992,4279,0,4,10,49,0,50.4863700866699,50.4863700866699,50,0,0.807736758621033,0.45421209643348,0.791127581640201,0.339562642453984,0.885936569353058,0,0.0738487243652344,0.0770149230957031
21.615,34.1747864,34.15,0,1,0,51.7795219421387,34155,51.9336585998535,4279,0,4,10,52,0,52.6239738464355,52.718578338623,52,0,0.820583847719575,0.39993199675439,0.802195253024796,0.379246895681945,0.896643029169317,0,0.667247772216797,0.719921112060547
21.647000000000002,34.2068484,34.182,0,1,0,52.7563247680664,34187,52.7071189880371,4279,0,4,10,49,0,51.856029510498,51.7612419128418,51,0,0.831034091837046,0.338186682099717,0.814812245005155,0.397370460198658,0.907338012904359,0,0.706439971923828,0.575588226318359
21.680000000000003,34.2402808,34.215,0,1,0,47.6987342834473,34220,47.3297920227051,4279,0,4,10,40,0,46.3826026916504,46.3826026916504,46,0,0.84158020975376,0.351603334798483,0.827674673911577,0.358242360434588,0.917983009492938,0,0.838245391845703,0.838245391845703
21.706999999999997,34.26798,34.242,0,1,0,42.5358390808105,34247,42.3534355163574,4279,0,4,10,42,0,41.507942199707,41.3553886413574,41,0,0.851838706272745,0.386137548970169,0.837039626621618,0.332063716707921,0.926705821365841,0,0.428348541259766,0.357280731201172
21.733,34.2929554,34.268,0,1,0,40.9390487670898,34273,40.8814659118652,4279,0,4,10,35,0,40.6805000305176,40.6285781860352,40,0,0.861713707594759,0.418780745625213,0.845108365565897,0.314516090872075,0.934251757220674,0,0.229145050048828,0.239017486572266
21.758,34.3207089,34.293,0,1,0,41.2739753723145,34298,41.6367034912109,4279,0,4,10,45,0,42.0637893676758,42.1707763671875,42,0,0.872068077912987,0.411752033595462,0.853430211340176,0.290119982769738,0.942429454458392,0,0.457759857177734,0.764957427978516
21.785999999999998,34.3458862,34.321,0,1,0,48.2207069396973,34325,48.6507453918457,4279,0,4,10,45,0,49.7559852600098,49.8102531433105,49,0,0.880409098447115,0.316626514649442,0.861015746336271,0.324918316925618,0.949484563368733,0,0.297462463378906,0.273586273193359
21.81,34.3714364,34.345,0,1,0,48.3379554748535,34350,47.9287261962891,4279,0,4,10,40,0,46.7319450378418,46.7319450378418,46,0,0.887216138193358,0.274639614925604,0.869889825194189,0.350441700896909,0.956305401170502,0,0.177082061767578,0.177082061767578
21.836000000000002,34.3958474,34.371,0,1,0,43.4729995727539,34376,43.2933692932129,4279,0,4,10,35,0,42.3555374145508,42.3555374145508,42,0,0.893064439947172,0.273039814542926,0.878157981640893,0.332032095775389,0.962890284924039,0,0.0751686096191406,0.972927093505859
21.860000000000003,34.4212613,34.395,0,1,0,40.0655746459961,34400,40.0303993225098,4279,0,4,10,35,0,39.6446113586426,39.5857810974121,39,0,0.901117839083571,0.327317464866724,0.886042642890625,0.280150507582107,0.969486518117997,0,0.721572875976563,0.721572875976563
21.898,34.4581232,34.433,0,1,0,36.9690818786621,34438,36.8457412719727,4279,0,4,10,28,0,36.7286987304688,36.7545051574707,36,0,0.913773180583628,0.372716504469736,0.895691382046426,0.264435177357541,0.97819227781986,0,0.915821075439453,0.966175079345703
21.928,34.4881524,34.463,0,1,0,37.6482887268066,34467,37.7331504821777,4279,0,4,10,33,0,38.0045166015625,38.0045166015625,38,0,0.923456434307156,0.334870779243374,0.90369109185525,0.271153482864634,0.985064962127406,0,0.661556243896484,0.765071868896484
21.959999999999997,34.522054,34.495,0,1,0,39.970874786377,34500,40.0729942321777,4279,0,4,10,28,0,40.4045867919922,40.4390335083008,40,0,0.931893328640527,0.256426553872302,0.912480801769834,0.276645392820342,0.992430780693315,0,0.618076324462891,0.576995849609375
21.987,34.5468781,34.522,0,1,0,40.8457641601563,34526,40.838809967041,4279,0,4,10,38,0,40.506275177002,40.506275177002,40,0,0.937549882795855,0.215761990839269,0.919790220224109,0.268712562755695,0.997558066497972,0,0.9979248046875,0.948581695556641
22.011999999999997,34.5715567,34.547,0,1,0,38.7729873657227,34551,38.5555763244629,4279,0,4,10,36,0,37.8183403015137,37.7070732116699,37,0,0.942822941754212,0.223963160540848,0.926562745402625,0.269679024802826,1.0024392197765,0,0.794769287109375,0.794769287109375
22.037000000000003,34.5981974,34.572,0,1,0,34.8024635314941,34577,34.6619071960449,4279,0,4,10,38,0,33.8584747314453,33.8584747314453,33,0,0.949246486303483,0.270252273303413,0.933688086162353,0.254401403336033,1.00725322784741,0,0.612052917480469,0.422447204589844
22.063,34.6239527,34.598,0,1,0,31.5047988891602,34602,31.4081115722656,4279,0,4,10,31,0,30.7624969482422,30.7035446166992,30,0,0.957395759239126,0.322689538288614,0.939685951042986,0.215705704544575,1.01179843209479,0,0.585609436035156,0.605232238769531
22.089000000000002,34.649771,34.624,0,1,0,30.8160762786865,34628,30.8889942169189,4279,0,4,10,35,0,31.2454051971436,31.3499145507813,31,0,0.965161536977797,0.321687344855263,0.944686728411493,0.192303989817333,1.0160736195483,0,0.938007354736328,0.178001403808594
22.115,34.673765,34.65,0,1,0,33.9965400695801,34654,34.2322769165039,4279,0,4,10,22,0,35.145809173584,35.145809173584,35,0,0.971105712530854,0.244421112221858,0.949365369814545,0.190696220879431,1.01977929867173,0,0.299968719482422,0.423557281494141
22.139,34.6978137,34.674,0,1,0,37.693416595459,34678,37.7427177429199,4279,0,4,10,28,0,38.0856513977051,38.1012535095215,38,0,0.974940664500568,0.164909955064559,0.954159059776687,0.213033086214864,1.02325308877684,0,0.982818603515625,0.941089630126953
22.163999999999998,34.727015,34.699,0,1,0,37.4681205749512,34704,37.3377113342285,4279,0,4,10,33,0,36.5313148498535,36.4231872558594,36,0,0.978104499875582,0.109310400208869,0.960655468413383,0.239434616555059,1.02714007534717,0,0.513912200927734,0.378597259521484
22.194,34.7545445,34.729,0,1,0,33.2437782287598,34734,33.048023223877,4279,0,4,10,31,0,31.5723876953125,31.5723876953125,31,0,0.981843578046053,0.153269449958543,0.967075178010684,0.21602378581872,1.03056946208941,0,0.673582077026367,0.673582077026367
22.224999999999998,34.785825,34.76,0,1,0,25.3294887542725,34764,25.0865325927734,4279,0,4,10,24,0,24.1069869995117,23.9660110473633,23,0,0.989417608186239,0.274487677334264,0.973065372987378,0.158722584637303,1.03399418507176,0,0.186817169189453,0.149200439453125
22.255999999999997,34.8156426,34.791,0,1,0,22.8195743560791,34795,22.7785682678223,4279,0,4,10,24,0,23.1428680419922,23.1428680419922,23,0,0.998046250118095,0.307811949085135,0.976938674476789,0.119161193131617,1.0369349499435,0,0.667774200439453,0.667774200439453
22.290000000000003,34.8492034,34.825,0,1,0,30.0130748748779,34829,30.4720077514648,4279,0,4,10,28,0,31.2646770477295,31.4372673034668,31,0,1.00494916366358,0.166871899121588,0.981034403180444,0.14592432981965,1.0397442321319,0,0.429706573486328,0.657455444335938
22.313999999999997,34.8736003,34.849,0,1,0,33.409782409668,34853,33.7174186706543,4279,0,4,10,29,0,34.0329856872559,34.0174789428711,34,0,1.00657901825071,0.0535741582609717,0.984869355150158,0.168600478991607,1.04157495066271,0,0.113815307617188,0.113815307617188
22.337999999999997,34.898053,34.873,0,1,0,33.7496757507324,34877,33.7307014465332,4279,0,4,10,33,0,33.4774589538574,33.4774589538574,33,0,1.00667489204995,0.00591666262380386,0.989486637321694,0.192236041571164,1.04309066648398,0,0.384742736816406,0.196605682373047
22.363000000000003,34.9262598,34.898,0,1,0,29.4270706176758,34903,28.9232273101807,4279,0,4,10,29,0,26.5113143920898,26.5113143920898,26,0,1.00811299903859,0.0786043931457243,0.994656152576868,0.163336721027463,1.04455919882455,0,0.881088256835938,0.437484741210938
22.391000000000002,34.9526553,34.926,0,1,0,17.8342323303223,34931,17.4652366638184,4279,0,4,10,12,0,16.5073108673096,16.39035987854,16,0,1.01348193179619,0.217128280312636,0.998307026852036,0.101089082161479,1.04566910700134,0,0.803765296936035,0.803765296936035
22.416999999999998,34.9774657,34.952,0,1,0,15.5652723312378,34957,15.4180536270142,4279,0,4,10,19,0,15.1316585540771,15.0358324050903,14,0,1.01990547634547,0.289598575508762,1.00017081350932,0.0589385221675229,1.04640306416023,0,0.643735885620117,0.627507209777832
22.441999999999997,35.002865,34.977,0,1,0,15.6552715301514,34982,15.9572858810425,4279,0,4,10,15,0,16.6679306030273,16.8712615966797,16,0,1.02680838989095,0.261258690590921,1.00157440593023,0.0623659910498873,1.04692966838814,0,0.249996185302734,0.492240905761719
22.468,35.0302718,35.003,0,1,0,21.8987674713135,35007,23.8052978515625,4279,0,4,10,17,0,25.9457359313965,26.3473987579346,26,0,1.02958873006899,0.0787741630272194,1.00350722172297,0.0757792244064603,1.04718080785184,0,0.249156951904297,0.47340202331543
22.505,35.0655632,35.04,0,1,0,32.4945373535156,35045,32.4752464294434,4279,0,4,10,31,0,32.3547058105469,32.2978630065918,32,0,1.02786300168262,-0.0663065863402608,1.00712741638238,0.129345670928956,1.04704686430583,0,0.933170318603516,0.933170318603516
22.535,35.0949863,35.07,0,1,0,27.016040802002,35075,26.5975379943848,4279,0,4,10,35,0,24.2771911621094,23.8783874511719,23,0,1.02747950648565,0.00821882200489199,1.01052518382755,0.101674408065492,1.04657232017578,0,0.151155471801758,0.705434799194336
22.566999999999997,35.130424,35.102,0,1,0,14.428240776062,35107,14.2789192199707,4279,0,4,10,14,0,13.4611177444458,13.4611177444458,13,0,1.03112271085688,0.147492693717822,1.01320965020635,0.0401594246814057,1.04548626430391,0,0.290576934814453,0.259500503540039
22.595000000000002,35.1562786,35.13,0,1,0,12.2065420150757,35135,12.3142938613892,4279,0,4,10,7,0,12.5471773147583,12.5254468917847,12,0,1.03553290562205,0.161508840353918,1.01370819396241,0.0111925894111664,1.04436919248205,0,0.900994300842285,0.0609407424926758
22.621,35.1823031,35.156,0,1,0,14.3465280532837,35161,14.5822019577026,4279,0,4,10,7,0,15.9075498580933,16.0979614257813,16,0,1.03821737200085,0.0838615041564026,1.01389227165695,0.00511898018407919,1.04297341176717,0,0.774072647094727,0.981302261352539
22.647000000000002,35.2072526,35.182,0,1,0,20.4733333587646,35186,20.9163398742676,4279,0,4,10,12,0,21.842113494873,22.0591659545898,22,0,1.03802562440236,-0.0202873640537291,1.01430644646968,0.0275992118145041,1.04136882535304,0,0.882137298583984,0.842094421386719
22.673,35.2352147,35.208,0,1,0,23.2324371337891,35213,23.1945037841797,4279,0,4,10,29,0,22.6581897735596,22.5554275512695,22,0,1.03649164361448,-0.0503189844375811,1.01542625244484,0.0508532513968021,1.03926666796849,0,0.0156764984130859,0.81640625
22.706999999999997,35.2701477,35.242,0,1,0,15.838321685791,35247,15.0826292037964,4279,0,4,10,10,0,13.8166475296021,13.5194425582886,13,0,1.03629989601599,0.0137347659697298,1.01742809737303,0.061712949417597,1.03637623885931,0,0.758731842041016,0.528803825378418
22.738000000000003,35.3013179,35.273,0,1,0,7.64260530471802,35278,7.42641735076904,4279,0,4,10,7,0,6.83745336532593,6.77219820022583,6,0,1.03850499339858,0.0820339194431199,1.0183945052694,0.00284665600850076,1.03304026687363,0,0.621511936187744,0.509331226348877
22.767999999999997,35.3325344,35.303,0,1,0,5.28343629837036,35309,5.37028312683105,4279,0,4,10,-1,0,5.52732944488525,5.67390775680542,5,0,1.04032659558419,0.053523477867202,1.0183945052694,2.04408934223466e-10,1.02950189519949,0,0.576303005218506,0.693363666534424
22.799000000000003,35.3618615,35.334,0,1,0,8.14108371734619,35339,8.22650241851807,4279,0,4,10,3,0,8.58689594268799,8.62423896789551,8,0,1.04042246938344,-0.00981513746751261,1.01840984507728,0.000378513710643347,1.02583819347456,0,0.863126754760742,0.863126754760742
22.828999999999997,35.3902783,35.364,0,1,0,8.01790618896484,35369,7.65190410614014,4279,0,4,10,1,0,7.05489349365234,6.84995651245117,6,0,1.03984722658798,-0.0222864730183119,1.01840984507728,7.86712917033583e-11,1.02183390905207,0,0.0129570960998535,0.897471904754639
22.860000000000003,35.4237392,35.395,0,1,0,1.45071697235107,35400,1.17829585075378,4279,0,4,10,1,0,0.0476050078868866,-0.29494908452034,-1,0,1.03975135278874,0.000923085091926623,1.01840984507728,0,1.01686471810468,0,0.0334806442260742,0.0334806442260742
22.889999999999997,35.4513274,35.425,0,1,0,-5.23204374313354,35430,-5.42249298095703,4279,0,4,10,-10,0,-6.30955171585083,-6.547532081604,-7,0,1.03975135278874,5.07302383994102e-05,1.01840984507728,-0.00310431982779846,1.01230552568855,0,0.853541374206543,0.638378143310547
22.916,35.4785511,35.451,0,1,0,-10.6730890274048,35456,-10.8665781021118,4279,0,4,10,-8,0,-12.0129156112671,-12.1989803314209,-13,0,1.03975135278874,3.08133894577622e-06,1.01840217517334,-1.86150828085374e-09,1.00761241817042,0,0.510150909423828,0.326217651367188
22.943,35.5050028,35.478,0,1,0,-15.4624347686768,35483,-15.8607730865479,4279,0,4,10,-22,0,-16.8293724060059,-17.0220890045166,-18,0,1.03975135278874,2.28616272579529e-07,1.0183945052694,-5.94622292737768e-07,1.00262932910656,0,0.560111999511719,0.431495666503906
22.970000000000002,35.5336135,35.505,0,1,0,-20.4127311706543,35512,-20.5645351409912,4279,0,4,10,-24,0,-21.4633712768555,-21.6166591644287,-22,0,1.03975135278874,1.25639871839667e-08,1.01838683536546,-5.47311174159404e-09,0.997156924932527,0,0.229572296142578,0.0991249084472656
22.998,35.5610826,35.533,0,1,0,-24.6827087402344,35539,-24.8240013122559,4279,0,4,10,-22,0,-25.6111660003662,-25.6111660003662,-26,0,1.03975135278874,8.43328962218948e-10,1.01837149555758,-2.6635838707989e-05,0.991375897887193,0,0.18621826171875,0.0357418060302734
23.025000000000002,35.5862976,35.56,0,1,0,-28.3218269348145,35565,-28.629222869873,4279,0,4,10,-33,0,-29.3773441314697,-29.4971733093262,-30,0,1.03975135278874,6.25277607468888e-11,1.0183561557497,-0.000223079613874688,0.985954928280385,0,0.386669158935547,0.236362457275391
23.051,35.6122282,35.586,0,1,0,-32.8043785095215,35591,-33.0642051696777,4279,0,4,10,-38,0,-34.2971649169922,-34.5517234802246,-35,0,1.03975135278874,5.22959453519434e-12,1.01834081594182,-1.56817449123992e-05,0.980059079034815,0,0.5360107421875,0.318698883056641
23.078999999999997,35.6393641,35.614,0,1,0,-39.2181587219238,35618,-39.3932952880859,4279,0,4,10,-38,0,-40.2586402893066,-40.4328880310059,-41,0,1.03975135278874,2.27373675443232e-13,1.01829479651819,-0.00117971420718277,0.973659659179999,0,0.421588897705078,0.278167724609375
23.110000000000003,35.6726415,35.645,0,1,0,-44.0148162841797,35650,-44.3257789611816,4279,0,4,10,-57,0,-45.2525978088379,-45.4247207641602,-46,0,1.03975135278874,0,1.01815673824728,-0.00331133914539805,0.96545780538436,0,0.0485115051269531,0.855865478515625
23.141000000000002,35.7026405,35.676,0,1,0,-49.3913803100586,35681,-49.6787605285645,4279,0,4,10,-49,0,-50.377555847168,-50.5107612609863,-51,0,1.03975135278874,0,1.01802634988031,-0.00732041211620071,0.95764130707229,0,0.592700958251953,0.592700958251953
23.173,35.7376171,35.708,0,1,0,-53.5298728942871,35713,-53.6953010559082,4279,0,4,10,-49,0,-54.5992393493652,-54.7285499572754,-55,0,1.03975135278874,0,1.0177732430503,-1.7437750557292e-05,0.948092228396244,0,0.61248779296875,0.392513275146484
23.202,35.7646542,35.737,0,1,0,-59.182746887207,35742,-59.4813041687012,4279,0,4,10,-56,0,-61.1099891662598,-61.4404106140137,-62,0,1.03975135278874,0.000203528749807447,1.01776557314637,-4.52738818239595e-05,0.940412278240673,0,0.22509765625,0.806190490722656
23.229000000000003,35.7891428,35.764,0,1,0,-68.8785247802734,35769,-69.6561813354492,4279,0,4,10,-64,0,-71.2693710327148,-71.2693710327148,-72,0,1.03975135278874,0.00195542139931604,1.01771188381879,-0.00277951393013609,0.93305985022729,0,0.83392333984375,0.632049560546875
23.254,35.817713,35.789,0,1,0,-75.6203002929688,35794,-76.0485687255859,4279,0,4,10,-85,0,-77.1595611572266,-77.3716735839844,-78,0,1.03965547898949,-0.000994938244502919,1.01722867987061,-0.041550713663014,0.925169135518971,0,0.813140869140625,0.813140869140625
23.294999999999998,35.8560756,35.83,0,1,0,-83.1602935791016,35835,-83.3853302001953,4279,0,4,10,-82,0,-84.1884155273438,-84.36865234375,-85,0,1.03908023619404,-0.0228259978459846,1.01528819417393,-0.0564853200734206,0.912225282320525,0,0.347488403320313,0.186508178710938
23.325,35.885903,35.86,0,1,0,-87.9905776977539,35865,-88.1493072509766,4279,0,4,10,-91,0,-88.7255935668945,-88.8370971679688,-89,0,1.03764212920539,-0.060178315091207,1.01309460164725,-0.0926449623883627,0.902370148467745,0,0.2005615234375,0.2005615234375
23.357000000000003,35.9194645,35.892,0,1,0,-91.3914031982422,35896,-91.4479751586914,4279,0,4,10,-87,0,-91.9765930175781,-92.1192398071289,-93,0,1.03495766282659,-0.0954390210602014,1.00971217400997,-0.124789081995687,0.891159337413739,0,0.871307373046875,0.802932739257813
23.388,35.9501234,35.923,0,1,0,-93.7044906616211,35928,-93.714714050293,4279,0,4,10,-89,0,-93.9949035644531,-94.0351715087891,-95,0,1.03064334186067,-0.152312900428115,1.00472673644934,-0.173674786536822,0.880278889951347,0,0.786003112792969,0.855682373046875
23.419,35.9805803,35.954,0,1,0,-93.9415893554688,35958,-93.9375610351563,4279,0,4,10,-87,0,-93.7116241455078,-93.7367935180664,-94,0,1.02498678770534,-0.218401352366072,0.998797900704159,-0.215526634959247,0.869431410531918,0,0.697021484375,0.780014038085938
23.45,36.0111219,35.985,0,1,0,-92.2005615234375,35990,-92.1927261352539,4279,0,4,10,-103,0,-92.1482696533203,-92.1482696533203,-93,0,1.01693338856894,-0.286583989843848,0.991473142442005,-0.251874655425809,0.858275026272227,0,0.308677673339844,0.342247009277344
23.483,36.0474798,36.018,0,1,0,-92.6148681640625,36023,-92.7284622192383,4279,0,4,10,-96,0,-93.1144714355469,-93.2911529541016,-94,0,1.00629139685298,-0.329023260450185,0.982545374256511,-0.257127061735446,0.84409594811499,0,0.370597839355469,0.247085571289063
23.511999999999997,36.0971716,36.047,0,1,0,-99.0692291259766,36067,-99.3269729614258,4279,0,4,10,-91,0,-100.859298706055,-100.859298706055,-101,0,0.990855715174881,-0.288999836513995,0.968194983985841,-0.321195855127826,0.824211740980434,0,0.445388793945313,0.388717651367188
23.563,36.1275208,36.098,0,1,0,-101.631233215332,36103,-101.624069213867,4279,0,4,10,-103,0,-101.390884399414,-101.333557128906,-102,0,0.982802316038482,-0.286680623814618,0.957679545684885,-0.365231558265236,0.812304909874539,0,0.110252380371094,0.155502319335938
23.605999999999998,36.1868273,36.141,0,1,0,-98.9575576782227,36146,-98.808837890625,4279,0,4,10,-100,0,-98.1482086181641,-97.269660949707,-98,0,0.963435808591426,-0.423576033818676,0.938872941225407,-0.348556588603515,0.786818456275578,0,0.136550903320313,0.124801635742188
23.654999999999998,36.2184838,36.19,0,1,0,-97.2207641601563,36195,-97.2360534667969,4279,0,4,10,-100,0,-97.5011520385742,-97.6181869506836,-98,0,0.946945515121655,-0.457940419287524,0.925090123846254,-0.377632683979186,0.772766129165758,0,0.525924682617188,0.424629211425781
23.687,36.2488351,36.222,0,1,0,-100.297164916992,36227,-100.61311340332,4279,0,4,10,-96,0,-101.329444885254,-101.484359741211,-102,0,0.934386047420841,-0.43058684957748,0.913523908705597,-0.39407769971649,0.75930825228402,0,0.522994995117188,0.522994995117188
23.712999999999997,36.2755027,36.248,0,1,0,-103.421859741211,36254,-103.447143554688,4279,0,4,10,-107,0,-103.624282836914,-103.661071777344,-104,0,0.924511046098827,-0.390042653321188,0.902241480010698,-0.438710979141206,0.746965364120244,0,0.131851196289063,0.0991058349609375
23.745,36.3099281,36.28,0,1,0,-103.653587341309,36285,-103.627059936523,4279,0,4,10,-101,0,-103.387344360352,-103.387344360352,-104,0,0.913006190189685,-0.405633592952995,0.886924681843659,-0.445759602077487,0.731117117095143,0,0.261764526367188,0.261764526367188
23.776999999999997,36.3399764,36.312,0,1,0,-101.963775634766,36316,-101.865478515625,4279,0,4,10,-103,0,-100.954071044922,-100.828788757324,-101,0,0.897666382310829,-0.482932379523163,0.87377079658754,-0.441656291263598,0.716376269400447,0,0.970535278320313,0.970535278320313
23.815,36.3832251,36.35,0,1,0,-97.4956817626953,36359,-97.3839416503906,4279,0,4,10,-85,0,-97.323616027832,-97.323616027832,-98,0,0.877149389272858,-0.565403950602899,0.855608464058974,-0.436639911945008,0.695972329676835,0,0.649688720703125,0.555778503417969
23.848000000000003,36.4110967,36.383,0,1,0,-100.41951751709,36388,-100.839401245117,4279,0,4,10,-107,0,-101.91495513916,-102.197540283203,-103,0,0.861042591000059,-0.528207016353008,0.842907103135281,-0.455058367025458,0.682099564070581,0,0.154754638671875,0.982666015625
23.877999999999997,36.4421122,36.413,0,1,0,-105.359336853027,36418,-105.559066772461,4279,0,4,10,-108,0,-105.855194091797,-105.891319274902,-106,0,0.847236763909088,-0.456309207400977,0.827889431221881,-0.501411642584458,0.665986724007289,0,0.806442260742188,0.806442260742188
23.912000000000003,36.4729524,36.447,0,1,0,-107.080680847168,36451,-107.037231445313,4279,0,4,10,-108,0,-106.783935546875,-106.783935546875,-107,0,0.834389674810546,-0.44709706974561,0.811705933909687,-0.518369738749129,0.650636303374359,0,0.912666320800781,0.912666320800781
23.943,36.5045596,36.478,0,1,0,-104.005905151367,36483,-103.806602478027,4279,0,4,10,-103,0,-102.772232055664,-102.572853088379,-103,0,0.81904986693169,-0.523711091030918,0.79489350447446,-0.522203737350765,0.634007858017571,0,0.554672241210938,0.648117065429688
23.974999999999998,36.5407316,36.51,0,1,0,-99.3246917724609,36514,-99.0380783081055,4279,0,4,10,-101,0,-98.4022064208984,-98.1442565917969,-99,0,0.798245252495991,-0.633997903725458,0.776907579736501,-0.496703711968962,0.614994843513315,0,0.565139770507813,0.656768798828125
24.020999999999997,36.588304,36.556,0,1,0,-99.4996719360352,36561,-99.8356170654297,4279,0,4,10,-100,0,-102.471237182617,-104.007568359375,-105,0,0.770154229317835,-0.57772669514668,0.753890198014277,-0.491458273126455,0.589700266223201,0,0.876014709472656,0.662940979003906
24.066,36.6343803,36.601,0,1,0,-107.925300598145,36609,-107.988677978516,4279,0,4,10,-103,0,-108.077514648438,-108.07585144043,-109,0,0.748870245885921,-0.485756720023119,0.728963010211136,-0.570067326795311,0.56389146153208,0,0.114730834960938,0.199760437011719
24.099,36.6613188,36.634,0,1,0,-106.773490905762,36639,-106.521194458008,4279,0,4,10,-122,0,-106.418807983398,-106.445159912109,-107,0,0.735447913991922,-0.493061586062481,0.713929998489856,-0.584762691234346,0.549961586439903,0,0.444168090820313,0.499130249023438
24.126,36.6881631,36.661,0,1,0,-104.781425476074,36665,-104.586807250977,4279,0,4,10,-114,0,-103.664566040039,-103.552528381348,-104,0,0.721642086900951,-0.574196591124405,0.698383103204635,-0.557310399842549,0.533633164317944,0,0.616783142089844,0.795852661132813
24.151999999999997,36.7181344,36.687,0,1,0,-99.8431396484375,36693,-99.4849853515625,4279,0,4,10,-91,0,-98.787971496582,-98.6265106201172,-99,0,0.704768298234209,-0.666362938967154,0.683748926488206,-0.536956688744226,0.518843104295232,0,0.03485107421875,0.03485107421875
24.187,36.7493404,36.722,0,1,0,-96.0414047241211,36726,-96.1421051025391,4279,0,4,10,-94,0,-97.3914947509766,-97.6165924072266,-98,0,0.681854460215167,-0.698815182969611,0.666215526082673,-0.518525092607319,0.498715480660919,0,0.717193603515625,0.278312683105469
24.218999999999998,36.7818093,36.754,0,1,0,-105.610252380371,36759,-105.640289306641,4279,0,4,10,-107,0,-105.751655578613,-105.711280822754,-106,0,0.662583826567354,-0.62404431689572,0.648336979999866,-0.574315477636787,0.480101784206436,0,0.636695861816406,0.5234375
24.252999999999997,36.8230644,36.788,0,1,0,-108.320510864258,36793,-108.363204956055,4279,0,4,10,-107,0,-108.56275177002,-108.607971191406,-109,0,0.642354454927112,-0.537274844093986,0.623785617489757,-0.620940747635359,0.457154685167775,0,0.505096435546875,0.561485290527344
24.288,36.8557449,36.823,0,1,0,-106.837600708008,36827,-106.657524108887,4279,0,4,10,-105,0,-105.591674804688,-105.591674804688,-105,0,0.622508578483842,-0.582198639701687,0.602217847612085,-0.624071929510592,0.43632702358982,0,0.634231567382813,0.667167663574219
24.319999999999997,36.8921215,36.855,0,1,0,-103.109283447266,36860,-102.600448608398,4279,0,4,10,-92,0,-99.9645690917969,-99.1749496459961,-97,0,0.599402992866314,-0.692469124931108,0.579453572719862,-0.566571249679328,0.414079985738623,0,0.22802734375,0.22802734375
24.355999999999998,36.9321106,36.891,0,1,0,-91.0812072753906,36896,-91.0794830322266,4279,0,4,10,-92,0,-94.2456512451172,-94.2456512451172,-99,0,0.572941824275287,-0.736610724206002,0.558085220344615,-0.582252684220407,0.390998852777608,0,0.986358642578125,0.074493408203125
24.418000000000003,36.9807651,36.953,0,1,0,-107.739097595215,36958,-107.939613342285,4279,0,4,10,-108,0,-108.741622924805,-108.89949798584,-109,0,0.541399344324389,-0.592037483910303,0.529499488362366,-0.625787833371419,0.360291491857721,0,0.428985595703125,0.328948974609375
24.449,37.0111993,36.984,0,1,0,-109.586898803711,36990,-109.709732055664,4279,0,4,10,-117,0,-109.72966003418,-109.72966003418,-110,0,0.525676041248561,-0.520781510223287,0.509082204075608,-0.667307652043405,0.341072421050096,0,0.277717590332031,0.277717590332031
24.480999999999998,37.0421979,37.016,0,1,0,-107.910598754883,37021,-107.409156799316,4279,0,4,10,-100,0,-105.732376098633,-105.732376098633,-106,0,0.508131135987119,-0.615259282689294,0.48825841488006,-0.678853584613591,0.321723955688512,0,0.773185729980469,0.443695068359375
24.507,37.0684818,37.042,0,1,0,-97.2167663574219,37047,-97.0216217041016,4279,0,4,10,-94,0,-95.1369781494141,-94.6627349853516,-95,0,0.490586230725677,-0.720745763747232,0.471323266981803,-0.621760738566422,0.305401792302227,0,0.679916381835938,0.479049682617188
24.532,37.0965063,37.067,0,1,0,-83.5949554443359,37073,-83.332649230957,4279,0,4,10,-84,0,-84.5862579345703,-85.2003631591797,-86,0,0.468727004498306,-0.800832430876085,0.454656565721425,-0.56440125113221,0.287733056051357,0,0.695541381835938,0.197052001953125
24.560999999999996,37.1246684,37.096,0,1,0,-94.9707870483398,37100,-94.6654815673828,4279,0,4,10,-96,0,-95.3181533813477,-95.5834350585938,-96,0,0.446963652070179,-0.812106510810224,0.439401126785903,-0.549056360138195,0.269975265610814,0,0.611114501953125,0.94183349609375
24.602999999999998,37.1654721,37.138,0,1,0,-108.46435546875,37143,-108.664405822754,4279,0,4,10,-107,0,-109.595588684082,-109.709297180176,-110,0,0.421844716668551,-0.579112673836221,0.41422083215276,-0.67090413924592,0.243823571384583,0,0.461784362792969,0.378875732421875
24.632,37.2228478,37.167,0,1,0,-111.132484436035,37178,-111.099914550781,4279,0,4,10,-112,0,-110.797775268555,-110.797775268555,-111,0,0.405546170797266,-0.503036482854384,0.382950633791711,-0.714538971431807,0.216222657610023,0,0.0799789428710938,0.365959167480469
24.688999999999997,37.255793,37.224,0,1,0,-94.6482162475586,37231,-91.676383972168,4279,0,4,10,-98,0,-86.9775924682617,-84.7371139526367,-85,0,0.368538884289525,-0.83676923569061,0.350821406189446,-0.628161143514092,0.185874406630293,0,0.831222534179688,0.0515670776367188
24.721,37.2866759,37.256,0,1,0,-83.5364685058594,37261,-84.7691802978516,4279,0,4,10,-82,0,-88.0511474609375,-88.4377899169922,-88,0,0.342173589497741,-0.914462678619316,0.332850821259366,-0.564037740507331,0.165767115162448,0,0.9840087890625,0.607704162597656
24.751,37.314694,37.286,0,1,0,-84.2676696777344,37291,-85.9226455688477,4279,0,4,10,-87,0,-97.8290100097656,-97.8290100097656,-100,0,0.320122615671885,-0.852691442557955,0.318952955321122,-0.555160372961893,0.148854127106393,0,0.160049438476563,0.793930053710938
24.788,37.3519738,37.323,0,1,0,-109.888549804688,37328,-110.132904052734,4279,0,4,10,-112,0,-110.629623413086,-110.629623413086,-111,0,0.297304651452086,-0.518248432679684,0.293143728564946,-0.724936946910134,0.123411575131888,0,0.741729736328125,0.710296630859375
24.828,37.391048,37.363,0,1,0,-111.111968994141,37369,-111.010848999023,4279,0,4,10,-105,0,-110.634887695313,-110.542449951172,-111,0,0.280047367588372,-0.491740686913943,0.264312559656635,-0.768631480243073,0.097894922320233,0,0.268234252929688,0.423545837402344
24.864,37.432069,37.399,0,1,0,-100.318023681641,37405,-99.2535705566406,4279,0,4,10,-103,0,-93.0952758789063,-93.0952758789063,-93,0,0.252723334804159,-0.796257572600609,0.233471875916195,-0.686978731065437,0.0710066276124384,0,0.768089294433594,0.168685913085938
24.895999999999997,37.468635,37.431,0,1,0,-64.6281280517578,37436,-66.1462860107422,4279,0,4,10,-57,0,-71.9082183837891,-72.5406951904297,-73,0,0.217825271879761,-1.00728913425039,0.212218572100039,-0.519120039106042,0.0467006340167518,0,0.990440368652344,0.05462646484375
24.932,37.5057262,37.467,0,1,0,-77.5572204589844,37473,-77.8908538818359,4279,0,4,10,-71,0,-83.665283203125,-84.832763671875,-88,0,0.183598325550063,-0.928105896831823,0.19329691908147,-0.520551885116731,0.0223694017547696,0,0.854522705078125,0.045379638671875
24.974999999999998,37.5500739,37.51,0,1,0,-108.424758911133,37515,-108.640319824219,4279,0,4,10,-107,0,-110.610321044922,-110.626998901367,-111,0,0.15627429276585,-0.631381322200326,0.167203905879535,-0.719225470832612,-0.00657969298248526,0,0.98211669921875,0.938262939453125
25.014,37.5879131,37.549,0,1,0,-110.949615478516,37563,-110.933921813965,4279,0,4,10,-114,0,-110.838188171387,-110.793609619141,-111,0,0.137195406716522,-0.466476098481849,0.135941377422426,-0.832330902737198,-0.0315779464575504,0,0.457763671875,0.49957275390625
25.060999999999996,37.6276992,37.596,0,1,0,-108.174903869629,37601,-107.697265625,4279,0,4,10,-100,0,-105.385223388672,-105.385223388672,-105,0,0.118691763462651,-0.557105195882599,0.10194069325894,-0.83610800601987,-0.0572152012694957,0,0.373870849609375,0.863555908203125
25.095000000000002,37.6594318,37.63,0,1,0,-70.2465286254883,37636,-66.4212646484375,4279,0,4,10,-77,0,-61.2363624572754,-61.2363624572754,-61,0,0.0934769542617813,-0.896677404037291,0.077504379307922,-0.660077555983293,-0.0782259265107555,0,0.300975799560547,0.648464202880859
25.127,37.7041111,37.662,0,1,0,-56.0260124206543,37667,-56.8849678039551,4279,0,4,10,-61,0,-60.7466163635254,-60.8195037841797,-61,0,0.0492791328108262,-1.12647969528192,0.0552616578835802,-0.453254538866901,-0.107716813463873,0,0.592830657958984,0.592830657958984
25.177000000000003,37.7403981,37.712,0,1,0,-80.2062606811523,37717,-84.4919586181641,4279,0,4,10,-82,0,-95.6210861206055,-95.6210861206055,-97,0,0.00997087512125667,-1.0029229542703,0.0385182575838085,-0.468274150531911,-0.131901414637886,0,0.814498901367188,0.168312072753906
25.208000000000002,37.7726146,37.743,0,1,0,-109.377624511719,37748,-109.918518066406,4279,0,4,10,-112,0,-111.173202514648,-111.254928588867,-112,0,-0.0108337393144423,-0.586590827040565,0.0197960220676642,-0.696006216643763,-0.152760814734795,0,0.389434814453125,0.379135131835938
25.249999999999996,37.8164093,37.785,0,1,0,-111.301422119141,37792,-111.355751037598,4279,0,4,10,-105,0,-111.476097106934,-111.457748413086,-112,0,-0.0297208777652843,-0.369934791427369,-0.0151250505685524,-0.864137789883271,-0.18133994221419,0,0.872177124023438,0.934471130371094
25.285999999999998,37.8709933,37.821,0,1,0,-109.907867431641,37828,-109.780044555664,4279,0,4,10,-107,0,-107.682006835938,-107.394012451172,-108,0,-0.0424720930645837,-0.381132675520796,-0.0482820452987006,-0.917064346901903,-0.2052660128788,0,0.647750854492188,0.843002319335938
25.334999999999997,37.9135493,37.87,0,1,0,-62.5017547607422,37875,-60.1577262878418,4279,0,4,10,-56,0,-53.131420135498,-53.131420135498,-52,0,-0.0853276813261388,-0.980037985280148,-0.0940560320092081,-0.57818736393763,-0.242543598927385,0,0.100711822509766,0.936878204345703
25.398,37.9720464,37.933,0,1,0,-57.1178894042969,37950,-57.5668716430664,4279,0,4,10,-52,0,-60.6833381652832,-60.6833381652832,-62,0,-0.153493952587807,-1.21457203213785,-0.120785647238115,-0.368667660804718,-0.280767098143928,0,0.984382629394531,0.345062255859375
25.444999999999997,38.0293202,37.98,0,1,0,-111.876045227051,37998,-111.88013458252,4279,0,4,10,-103,0,-111.239990234375,-111.239990234375,-112,0,-0.183023082754606,-0.586779234307642,-0.149992641439458,-0.773751249035598,-0.315456123827327,0,0.371917724609375,0.315811157226563
25.494000000000003,38.0692711,38.029,0,1,0,-98.389404296875,38039,-100.933471679688,4279,0,4,10,-101,0,-105.97526550293,-106.554054260254,-108,0,-0.20334832819409,-0.364274076166794,-0.181147791241415,-0.875383295082997,-0.336714461594053,0,0.632003784179688,0.777786254882813
25.540000000000003,38.105156,38.075,0,1,0,-101.78296661377,38080,-99.9705276489258,4279,0,4,10,-101,0,-94.7745056152344,-93.8128662109375,-93,0,-0.218688136072947,-0.430316858823403,-0.220755175184623,-0.899553246334932,-0.363995749703533,0,0.724090576171875,0.810760498046875
25.572,38.1376378,38.107,0,1,0,-62.5799522399902,38112,-60.2734756469727,4279,0,4,10,-66,0,-54.4881629943848,-53.6473045349121,-54,0,-0.238725760114703,-0.729887770777992,-0.247162654448074,-0.713878867583418,-0.384275289245757,0,0.989444732666016,0.277923583984375
25.602,38.1719119,38.137,0,1,0,-47.8646278381348,38142,-47.5496101379395,4279,0,4,10,-42,0,-47.917652130127,-47.917652130127,-48,0,-0.262406588527688,-0.985990034011536,-0.26719644353786,-0.498413307146905,-0.404996482025677,0,0.686023712158203,0.491123199462891
25.636,38.2060175,38.171,0,1,0,-49.314094543457,38176,-49.6069869995117,4279,0,4,10,-49,0,-50.4305000305176,-50.5916633605957,-51,0,-0.302961205607414,-1.24943622860837,-0.280971591013074,-0.366420530147991,-0.424931568560929,0,0.773578643798828,0.456249237060547
25.685999999999996,38.2491198,38.221,0,1,0,-105.490989685059,38226,-107.413391113281,4279,0,4,10,-114,0,-109.683471679688,-109.897552490234,-111,0,-0.341406599103798,-0.460007564533214,-0.300445477115282,-0.593695546184222,-0.45122604499411,0,0.72430419921875,0.821815490722656
25.712999999999997,38.2886495,38.248,0,1,0,-93.921516418457,38261,-89.1596984863281,4279,0,4,10,-77,0,-80.1596221923828,-79.0144348144531,-77,0,-0.367580146297097,-0.665559437626086,-0.330028296609656,-0.815783813368284,-0.474831387002086,0,0.466827392578125,0.443336486816406
25.754,38.318455,38.289,0,1,0,-93.5576934814453,38293,-93.976448059082,4279,0,4,10,-96,0,-95.3606109619141,-95.5091552734375,-96,0,-0.377646895217596,-0.370576678290092,-0.352224998610362,-0.837344564063926,-0.492339383491291,0,0.507400512695313,0.507400512695313
25.798,38.3788319,38.333,0,1,0,-61.3652496337891,38349,-58.7070350646973,4279,0,4,10,-50,0,-52.3146705627441,-51.9134902954102,-52,0,-0.403245199615438,-0.671575064194712,-0.398842674754206,-0.70177578518161,-0.523408823498071,0,0.866703033447266,0.445728302001953
25.846999999999998,38.4301342,38.382,0,1,0,-42.6084022521973,38396,-41.6632957458496,4279,0,4,10,-43,0,-41.9013786315918,-42.647102355957,-44,0,-0.457893265183864,-1.1936660222417,-0.427919280588578,-0.385563244970683,-0.555550013095745,0,0.216171264648438,0.617912292480469
25.894000000000002,38.4592191,38.429,0,1,0,-54.3133735656738,38434,-55.659107208252,4279,0,4,10,-49,0,-65.622184753418,-67.7763214111328,-68,0,-0.485025550369591,-0.743658755238016,-0.438925592741658,-0.41579026980321,-0.571631637624954,0,0.787582397460938,0.452766418457031
25.929,38.4997427,38.464,0,1,0,-106.457817077637,38469,-106.107299804688,4279,0,4,10,-105,0,-99.5861206054688,-97.887077331543,-98,0,-0.500844727244662,-0.658293142767548,-0.459434915875689,-0.703482806632167,-0.590787264393144,0,0.235347747802734,0.0736236572265625
25.962999999999997,38.5296219,38.498,0,1,0,-62.5322608947754,38504,-67.2630920410156,4279,0,4,10,-61,0,-74.0215301513672,-75.2535705566406,-76,0,-0.521265846483389,-0.451702658315753,-0.484408123102467,-0.73632872519272,-0.609657191682903,0,0.850814819335938,0.380966186523438
26.001,38.5638542,38.536,0,1,0,-76.4066619873047,38541,-74.3490295410156,4279,0,4,10,-70,0,-71.2925567626953,-71.2925567626953,-72,0,-0.532962449991017,-0.368414670562288,-0.51012531101137,-0.717702877177999,-0.62823229416484,0,0.688064575195313,0.53387451171875
26.051,38.6141278,38.586,0,1,0,-49.4486885070801,38591,-48.842227935791,4279,0,4,10,-47,0,-45.2316474914551,-45.2316474914551,-45,0,-0.563450318150245,-0.830634236274705,-0.540858616096659,-0.517657873572603,-0.65423894679055,0,0.856311798095703,0.924129486083984
26.081,38.6452419,38.616,0,1,0,-42.5801734924316,38622,-42.8127899169922,4279,0,4,10,-49,0,-44.1002769470215,-44.4917106628418,-45,0,-0.5935546911125,-1.01614448761325,-0.555393084061875,-0.41347906122121,-0.669534640407562,0,0.510112762451172,0.781318664550781
26.112,38.6792378,38.647,0,1,0,-61.4953498840332,38652,-70.1307067871094,4279,0,4,10,-66,0,-82.9244995117188,-82.9244995117188,-85,0,-0.613496441355014,-0.495589570126072,-0.570126969529517,-0.495557622067622,-0.687078582376078,0,0.80596923828125,0.961334228515625
26.142999999999997,38.709055,38.678,0,1,0,-72.4185638427734,38687,-69.2831115722656,4279,0,4,10,-77,0,-63.1222038269043,-62.3165817260742,-63,0,-0.631424841813427,-0.677720793416029,-0.587813768013838,-0.640156748288859,-0.701852108250103,0,0.306537628173828,0.574504852294922
26.181,38.7469169,38.716,0,1,0,-65.0109481811523,38723,-66.6984024047852,4279,0,4,10,-66,0,-69.5925598144531,-70.0211791992188,-71,0,-0.646956397290769,-0.377276898185983,-0.611099596373942,-0.654170631037914,-0.718772355493961,0,0.56640625,0.0574951171875
26.211000000000002,38.7724541,38.746,0,1,0,-61.8322410583496,38750,-61.1307029724121,4279,0,4,10,-61,0,-56.2120475769043,-55.5674018859863,-56,0,-0.660282855385526,-0.529022907663489,-0.628939792937052,-0.612501203205966,-0.732058674240164,0,0.568809509277344,0.568809509277344
26.237,38.8003229,38.772,0,1,0,-59.1841735839844,38777,-59.5385093688965,4279,0,4,10,-57,0,-58.3219871520996,-58.3219871520996,-58,0,-0.672075332692396,-0.505516233584103,-0.644900863035002,-0.535514761323952,-0.745118418768858,0,0.974620819091797,0.316783905029297
26.266000000000002,38.8338739,38.801,0,1,0,-48.8258666992188,38811,-48.5057983398438,4279,0,4,10,-50,0,-46.4584617614746,-46.4584617614746,-47,0,-0.69403043271901,-0.750782544015578,-0.660831253517195,-0.442333280425942,-0.760666259672339,0,0.996417999267578,0.928092956542969
26.298,38.8669884,38.833,0,1,0,-49.5368576049805,38844,-50.1762313842773,4279,0,4,10,-54,0,-52.1024742126465,-52.4934158325195,-53,0,-0.716081406544866,-0.642479310262615,-0.675219993307562,-0.439345396223985,-0.775424908640032,0,0.428913116455078,0.780555725097656
26.331,38.903531,38.866,0,1,0,-61.6116790771484,38872,-62.1143379211426,4279,0,4,10,-63,0,-62.4882583618164,-62.4882583618164,-63,0,-0.729120243241894,-0.526675149832954,-0.688013393078528,-0.476606306644044,-0.787252495613655,0,0.0369529724121094,0.381374359130859
26.37,38.9375675,38.905,0,1,0,-55.454963684082,38911,-55.3994674682617,4279,0,4,10,-54,0,-55.6590309143066,-55.6590309143066,-56,0,-0.752034081260936,-0.49750427544393,-0.710317473734386,-0.53887371277267,-0.805619923782931,0,0.671352386474609,0.671352386474609
26.403000000000002,38.9662545,38.938,0,1,0,-58.1623802185059,38943,-58.1378898620605,4279,0,4,10,-54,0,-57.5570869445801,-57.5570869445801,-58,0,-0.763059568173864,-0.422345502779194,-0.725427184495059,-0.54354349632888,-0.817676043279241,0,0.655345916748047,0.935047149658203
26.431,39.0125655,38.966,0,1,0,-52.1469459533691,38971,-50.3708114624023,4279,0,4,10,-54,0,-48.6792793273926,-48.7381057739258,-49,0,-0.783576561211834,-0.486778933772484,-0.749403304209712,-0.468057541940084,-0.83584493024876,0,0.431873321533203,0.431873321533203
26.48,39.046959,39.015,0,1,0,-49.3238410949707,39023,-49.2371444702148,4279,0,4,10,-54,0,-48.1333847045898,-47.9818840026855,-48,0,-0.800737971276305,-0.536020426355094,-0.765003888822509,-0.431157537367312,-0.84951507276184,0,0.131221771240234,0.138568878173828
26.511,39.0740071,39.046,0,1,0,-46.6610260009766,39051,-46.832950592041,4279,0,4,10,-45,0,-47.4695854187012,-47.6183929443359,-48,0,-0.815502536359704,-0.543472641729522,-0.776830880697107,-0.414330749405849,-0.860155708514368,0,0.487941741943359,0.360889434814453
26.538999999999998,39.1059322,39.074,0,1,0,-50.2241744995117,39079,-50.2712898254395,4279,0,4,10,-47,0,-50.5014839172363,-50.5328826904297,-51,0,-0.830362975242346,-0.489857410900072,-0.790122824224136,-0.430793553260628,-0.871990262406145,0,0.968955993652344,0.061492919921875
26.572999999999997,39.139694,39.108,0,1,0,-48.2789726257324,39113,-47.9670715332031,4279,0,4,10,-45,0,-46.9488105773926,-46.9068565368652,-47,0,-0.846853268712117,-0.511599288104776,-0.804856709691778,-0.44840777993852,-0.883825401591395,0,0.147563934326172,0.147563934326172
26.616000000000003,39.1828129,39.151,0,1,0,-48.7889213562012,39156,-48.8482780456543,4279,0,4,10,-50,0,-49.0370330810547,-49.0565986633301,-50,0,-0.862193076590973,-0.396955127862384,-0.822781275198221,-0.437363564950942,-0.899013681470498,0,0.675914764404297,0.776287078857422
26.648,39.2205404,39.183,0,1,0,-46.2399215698242,39191,-46.1096267700195,4279,0,4,10,-50,0,-44.9540634155273,-44.8648719787598,-45,0,-0.877341136871344,-0.418846699565961,-0.838880403567081,-0.420325241650289,-0.910605174466939,0,0.030487060546875,0.0445938110351563
26.685,39.2511644,39.22,0,1,0,-43.6506080627441,39225,-43.632869720459,4279,0,4,10,-56,0,-43.4413566589355,-43.4252815246582,-44,0,-0.890188225969886,-0.41454645169074,-0.852218366517747,-0.398759675478004,-0.92081788676321,0,0.379207611083984,0.477657318115234
26.714000000000002,39.2832313,39.249,0,1,0,-41.1141014099121,39256,-40.7787590026855,4279,0,4,10,-40,0,-40.0287818908691,-39.9496078491211,-40,0,-0.902843567469943,-0.454504031557349,-0.86384594088992,-0.374620037969521,-0.930658362685074,0,0.819938659667969,0.780513763427734
26.746999999999996,39.3098354,39.282,0,1,0,-40.0242309570313,39287,-40.213550567627,4279,0,4,10,-43,0,-41.0460510253906,-41.1876068115234,-42,0,-0.915403035170756,-0.429968291085629,-0.874161961688451,-0.340825517351959,-0.938668789464819,0,0.905475616455078,0.811298370361328
26.785999999999998,39.347761,39.321,0,1,0,-42.9973793029785,39325,-42.9369316101074,4279,0,4,10,-36,0,-42.6713485717773,-42.5622940063477,-43,0,-0.928825367064756,-0.38362721599151,-0.88732351684851,-0.359456043755017,-0.94976190627851,0,0.394580841064453,0.572834014892578
26.812,39.3761318,39.347,0,1,0,-39.7406425476074,39354,-39.6208686828613,4279,0,4,10,-40,0,-39.036693572998,-38.9343376159668,-39,0,-0.939179737382984,-0.387911569194785,-0.897555168703707,-0.364774848620527,-0.957108078163788,0,0.371498107910156,0.459789276123047
26.84,39.4302054,39.375,0,1,0,-38.6214370727539,39379,-38.7140464782715,4279,0,4,10,-50,0,-39.037223815918,-38.9783363342285,-39,0,-0.954615419061083,-0.327212221708464,-0.915702161424394,-0.341502108631403,-0.970972046455287,0,0.562252044677734,0.717105865478516
26.894000000000002,39.4614759,39.429,0,1,0,-34.6627006530762,39434,-34.2879066467285,4279,0,4,10,-31,0,-33.5144004821777,-33.5144004821777,-34,0,-0.966407896367954,-0.347427342771653,-0.92608721135838,-0.321763202700936,-0.978192277821295,0,0.958889007568359,0.957275390625
26.925,39.4901261,39.46,0,1,0,-33.1023788452148,39465,-33.1065254211426,4279,0,4,10,-29,0,-33.6557540893555,-33.7381973266602,-34,0,-0.976378771489211,-0.335537796484346,-0.935367795125088,-0.279625885128326,-0.985288037220053,0,0.021392822265625,0.924026489257813
26.953999999999997,39.5177491,39.489,0,1,0,-34.4392700195313,39493,-34.4443321228027,4279,0,4,10,-40,0,-34.5307083129883,-34.5177192687988,-35,0,-0.984528044424853,-0.327271386611073,-0.94231672809421,-0.263793542271969,-0.99095120453074,0,0.0709724426269531,0.0709724426269531
26.982000000000003,39.5540927,39.517,0,1,0,-34.913200378418,39522,-34.9194602966309,4279,0,4,10,-40,0,-35.0103378295898,-34.9643402099609,-36,0,-0.992293822163524,-0.298546911320273,-0.949794884435152,-0.272247722516227,-0.996552260330344,0,0.0728950500488281,0.142936706542969
27.029,39.596213,39.564,0,1,0,-32.4365539550781,39572,-32.427734375,4279,0,4,10,-35,0,-32.1560592651367,-32.1560592651367,-33,0,-1.00571615405752,-0.263485920515905,-0.963930517395519,-0.266571248527725,-1.00634829444718,0,0.764175415039063,0.8055419921875
27.06,39.628259,39.595,0,1,0,-32.0411338806152,39601,-32.0211601257324,4279,0,4,10,-26,0,-31.9475212097168,-31.9475212097168,-32,0,-1.01357780559544,-0.239990786062208,-0.972175664130404,-0.244841802730775,-1.01213689404706,0,0.833961486816406,0.915130615234375
27.092000000000002,39.6558138,39.627,0,1,0,-30.2771091461182,39633,-30.1600456237793,4279,0,4,10,-36,0,-29.4321250915527,-29.4321250915527,-30,0,-1.02009722394395,-0.248792670477087,-0.978902169885283,-0.238379750618719,-1.01686471810847,0,0.605621337890625,0.605621337890625
27.119000000000003,39.685523,39.654,0,1,0,-27.3433151245117,39662,-26.8850212097168,4279,0,4,10,-22,0,-26.4295673370361,-26.3505420684814,-27,0,-1.02738363268641,-0.255414122323145,-0.985835763046526,-0.21824460677783,-1.02125493870479,0,0.774631500244141,0.775302886962891
27.160999999999998,39.7319421,39.696,0,1,0,-26.2613945007324,39701,-26.3933658599854,4279,0,4,10,-40,0,-26.6007118225098,-26.5875148773193,-27,0,-1.03668339121296,-0.240216453663606,-0.994042560261714,-0.194466501132069,-1.02675376620111,0,0.0351486206054688,0.508647918701172
27.199,39.7738684,39.734,0,1,0,-28.1238880157471,39739,-28.2157287597656,4279,0,4,10,-33,0,-28.4215698242188,-28.4464492797852,-29,0,-1.04598314973952,-0.177573292770603,-1.00252547401872,-0.178947485417211,-1.03260569788343,0,0.960830688476563,0.960830688476563
27.244000000000003,39.8115296,39.779,0,1,0,-28.0581169128418,39783,-27.9401016235352,4279,0,4,10,-21,0,-26.7992897033691,-26.5964202880859,-27,0,-1.05154383009561,-0.161571748485812,-1.00942071766027,-0.189537618430904,-1.03637623886158,0,0.694509506225586,0.803676605224609
27.275000000000002,39.8403737,39.81,0,1,0,-24.1818828582764,39816,-23.9700317382813,4279,0,4,10,-17,0,-23.1541538238525,-23.058614730835,-23,0,-1.05624164625851,-0.166475190660776,-1.01492770868878,-0.180811124930756,-1.03894008572389,0,0.559280395507813,0.666854858398438
27.304,39.8843677,39.839,0,1,0,-21.6691513061523,39844,-21.4583625793457,4279,0,4,10,-19,0,-21.1532974243164,-21.0570964813232,-20,0,-1.06266519080778,-0.1786476457969,-1.02108664155214,-0.141836350119775,-1.04217111907653,0,0.401851654052734,0.331037521362305
27.348000000000003,39.9276065,39.883,0,1,0,-19.6908760070801,39888,-19.7991371154785,4279,0,4,10,-19,0,-19.7326965332031,-19.6843967437744,-20,0,-1.06793824976613,-0.173541150243636,-1.0251440207361,-0.124588898751199,-1.04370611919912,0,0.355522155761719,0.335922241210938
27.391000000000002,39.96959,39.926,0,1,0,-21.1390228271484,39931,-21.5192737579346,4279,0,4,10,-29,0,-21.8648948669434,-21.8847961425781,-23,0,-1.07560815370556,-0.102655906879818,-1.03170178860431,-0.100429336868046,-1.04615570639115,0,0.313955307006836,0.389682769775391
27.447,40.0184458,39.982,0,1,0,-20.5752029418945,39990,-20.2896919250488,4279,0,4,10,-28,0,-19.515796661377,-19.6367645263672,-20,0,-1.07886786287982,-0.0792256169443135,-1.03657217760584,-0.107267960312583,-1.0470784893505,0,0.490087509155273,0.7022705078125
27.482000000000003,40.0491292,40.017,0,1,0,-16.684061050415,40026,-16.5181617736816,4279,0,4,10,-21,0,-15.9062480926514,-15.7341041564941,-16,0,-1.08155232925862,-0.074135787448995,-1.0404147994795,-0.102558306877199,-1.04718080785175,0,0.639090538024902,0.812283515930176
27.511999999999997,40.0753077,40.047,0,1,0,-13.3391647338867,40052,-12.9194097518921,4279,0,4,10,-8,0,-11.8398656845093,-11.8437910079956,-12,0,-1.08414092183818,-0.0983253331658034,-1.04269276094951,-0.0709181402587546,-1.0469443434749,0,0.8807373046875,0.974730491638184
27.538999999999998,40.1040469,40.074,0,1,0,-10.4790897369385,40078,-10.4882211685181,4279,0,4,10,-14,0,-10.7862100601196,-10.890025138855,-11,0,-1.08701713581546,-0.102606371619004,-1.04435713010436,-0.0536928750066181,-1.04635098722057,0,0.484587669372559,0.540661811828613
27.566999999999997,40.1361231,40.102,0,1,0,-9.97265529632568,40110,-9.86109256744385,4279,0,4,10,-8,0,-8.96917819976807,-9.01610088348389,-10,0,-1.08989334979275,-0.0948524699176687,-1.04615188762619,-0.0499513082752401,-1.04529310307953,0,0.238081932067871,0.187687873840332
27.615,40.1845581,40.15,0,1,0,-11.7914180755615,40158,-11.984956741333,4279,0,4,10,-15,0,-12.5747976303101,-12.7754030227661,-13,0,-1.09200257337609,-0.0218244538741601,-1.04760149947074,-0.0288568959997519,-1.04291416677324,0,0.849211692810059,0.956085205078125
27.66,40.2407505,40.195,0,1,0,-10.6584520339966,40201,-8.66275119781494,4279,0,4,10,-10,0,-8.04010772705078,-8.04010772705078,-8,0,-1.09209844717533,-0.000116057526611257,-1.04909713073893,-0.013532576826492,-1.0389400857214,0,0.0456504821777344,0.0456504821777344
27.705000000000002,40.2742639,40.24,0,1,0,-5.31430959701538,40248,-5.18072557449341,4279,0,4,10,-3,0,-4.24918794631958,-4.24918794631958,-5,0,-1.09209844717533,-2.59221951637301e-06,-1.04934256766499,-0.00146876872076973,-1.03589939447415,0,0.92540979385376,0.0406670570373535
27.739,40.301431,40.274,0,1,0,-1.72781372070313,40278,-1.48739242553711,4279,0,4,10,-7,0,-0.543451309204102,-0.24127009510994,-1,0,-1.09219432097458,-0.00593660895515313,-1.04935790747287,-5.20635694556404e-08,-1.03314788965816,0,0.832245588302612,0.912781715393066
27.764999999999997,40.330604,40.3,0,1,0,2.73877573013306,40305,2.85586833953857,4279,0,4,10,-3,0,3.98602342605591,4.16380882263184,4,0,-1.09257781617155,-0.0136605435009187,-1.04935790747287,0,-1.0298614104053,0,0.161067962646484,0.244394779205322
27.794,40.3593723,40.329,0,1,0,6.29665946960449,40334,6.40414810180664,4279,0,4,10,0,0,6.95120048522949,7.0504093170166,7,0,-1.09276956377003,-0.00297795596657124,-1.04935790747287,0,-1.02636380893615,0,0.99273157119751,0.123769760131836
27.822999999999997,40.3884498,40.358,0,1,0,9.53301334381104,40363,9.82732486724854,4279,0,4,10,8,0,11.0069036483765,11.1757965087891,11,0,-1.09276956377003,-0.000133982667648525,-1.04935023756893,3.18862225867633e-06,-1.02226390127448,0,0.298097610473633,0.458580017089844
27.852,40.4220426,40.387,0,1,0,14.2060136795044,40392,14.584246635437,4279,0,4,10,7,0,15.5474967956543,16.9496994018555,17,0,-1.09276956377003,-4.93496577291808e-06,-1.04935023756893,0,-1.01717834786895,0,0.821357727050781,0.821357727050781
27.895,40.4578449,40.43,0,1,0,23.5945472717285,40435,24.0533924102783,4279,0,4,10,22,0,25.1858158111572,25.4095573425293,25,0,-1.09276956377003,-1.48807657751604e-07,-1.04934256766499,2.48041942541022e-09,-1.01128774351685,0,0.200300216674805,0.200300216674805
27.925,40.503103,40.46,0,1,0,30.8700408935547,40465,31.106897354126,4279,0,4,10,26,0,32.4650039672852,32.713207244873,32,0,-1.09276956377003,-1.65005076269154e-09,-1.04931188804923,0.00185966474941779,-1.00357393694455,0,0.0388145446777344,0.282222747802734
27.971999999999998,40.5399577,40.507,0,1,0,41.4055137634277,40511,41.8800773620605,4279,0,4,10,33,0,42.8601684570313,42.8601684570313,43,0,-1.09276956377003,-4.06998879043385e-11,-1.0492658686256,0.00199187616294694,-0.996349918502866,0,0.706596374511719,0.706596374511719
28.004,40.5746643,40.539,0,1,0,48.2665023803711,40545,48.4592018127441,4279,0,4,10,54,0,49.7675895690918,51.0503044128418,51,0,-1.09276956377003,-1.59161572810262e-12,-1.04915082006651,0.00274910360622016,-0.989020729153372,0,0.720348358154297,0.885215759277344
28.038999999999998,40.6058327,40.574,0,1,0,54.5899467468262,40578,54.8882637023926,4279,0,4,10,50,0,55.8683929443359,56.0182075500488,56,0,-1.09276956377003,0,-1.04879800448529,0.016111661264631,-0.982357753099468,0,0.547119140625,0.724224090576172
28.080000000000002,40.6481946,40.615,0,1,0,64.4176483154297,40624,64.8072814941406,4279,0,4,10,61,0,67.0754547119141,67.3002471923828,67,0,-1.09267368997079,0.00958737992436909,-1.04833781024893,0.0120341736726459,-0.971709637054382,0,0.14556884765625,0.291839599609375
28.112,40.6741264,40.647,0,1,0,71.5324630737305,40651,72.168701171875,4279,0,4,10,71,0,74.1892013549805,74.4580154418945,74,0,-1.09267368997079,0.00133513625496562,-1.0479236354362,0.0185127930806175,-0.965202766833569,0,0.418785095214844,0.7119140625
28.138,40.7037077,40.673,0,1,0,78.4431457519531,40680,78.7505264282227,4279,0,4,10,82,0,79.4816436767578,79.6216049194336,79,0,-1.09238606857306,0.0184928829739874,-1.04674247022953,0.0612926327382866,-0.957641307070664,0,0.0303573608398438,0.0111618041992188
28.166999999999998,40.7358297,40.702,0,1,0,80.130744934082,40709,80.0953598022461,4279,0,4,10,71,0,80.2758026123047,80.4446334838867,80,0,-1.09142733058063,0.043526259616101,-1.04424975144921,0.0816994579947732,-0.948928753131088,0,0.839248657226563,0.839248657226563
28.203999999999997,40.767417,40.739,0,1,0,83.6049652099609,40744,83.8060455322266,4279,0,4,10,70,0,84.5333709716797,84.8444213867188,84,0,-1.08912635939881,0.0762748541969813,-1.04155761516647,0.0937852983697667,-0.939832599129316,0,0.523284912109375,0.470504760742188
28.232000000000003,40.7975713,40.767,0,1,0,85.9872207641602,40774,86.1106185913086,4279,0,4,10,91,0,85.8477325439453,85.9754104614258,85,0,-1.08634601922076,0.11032973293959,-1.03832091570403,0.109241706133616,-0.930959835799178,0,0.204170227050781,0.180122375488281
28.263,40.8283802,40.798,0,1,0,88.2317276000977,40804,88.3486938476563,4279,0,4,10,78,0,89.2689361572266,89.3623352050781,89,0,-1.08231931965256,0.138103082694215,-1.03493081816281,0.12559505652348,-0.921443863896365,0,0.738983154296875,0.792137145996094
28.291999999999998,40.8589791,40.827,0,1,0,92.8183212280273,40832,92.8374786376953,4279,0,4,10,82,0,93.4552001953125,93.6177749633789,93,0,-1.07858024148209,0.150718801676248,-1.03093479821036,0.139581071455723,-0.91190198049949,0,0.669265747070313,0.669265747070313
28.322999999999997,40.888799,40.858,0,1,0,95.3060302734375,40865,95.6078948974609,4279,0,4,10,85,0,96.0410766601563,96.1378021240234,96,0,-1.07349893012222,0.165468572399277,-1.02617178786398,0.171494958612584,-0.902036102671073,0,0.648948669433594,0.691131591796875
28.352,40.9347589,40.887,0,1,0,96.0871353149414,40898,95.9841766357422,4279,0,4,10,92,0,94.7272262573242,94.7272262573242,94,0,-1.06554140478506,0.202072860016642,-1.01705227208,0.221821614874102,-0.886637495382509,0,0.560333251953125,0.469253540039063
28.398,40.965989,40.933,0,1,0,94.2564697265625,40939,94.0877151489258,4279,0,4,10,94,0,93.927848815918,93.8134002685547,93,0,-1.05902198643655,0.239190124264496,-1.01093168873633,0.228899503117873,-0.87597721589649,0,0.990798950195313,0.990798950195313
28.429,40.9917335,40.964,0,1,0,93.9054565429688,40969,93.9677429199219,4279,0,4,10,85,0,94.5937805175781,94.5937805175781,94,0,-1.05163970389485,0.274977561387686,-1.0040978043263,0.226750483215937,-0.866116752016581,0,0.298866271972656,0.428909301757813
28.456,41.0200613,40.991,0,1,0,97.3519287109375,40995,97.444694519043,4279,0,4,10,84,0,98.9135437011719,98.9135437011719,99,0,-1.04444916895164,0.283248124840156,-0.997977220982641,0.231793731245943,-0.855248323127629,0,0.087554931640625,0.258766174316406
28.492,41.0564863,41.027,0,1,0,102.315170288086,41032,102.457901000977,4279,0,4,10,96,0,102.73104095459,102.73104095459,102,0,-1.03447829383038,0.28139830336363,-0.988359161442598,0.271421895854132,-0.840969953804332,0,0.53533935546875,0.725173950195313
28.522000000000002,41.0855021,41.057,0,1,0,102.054092407227,41062,101.983764648438,4279,0,4,10,98,0,101.753662109375,101.727966308594,101,0,-1.02642489469398,0.296132722135326,-0.9794697427768,0.322549817480535,-0.829460690796185,0,0.941207885742188,0.954399108886719
28.552000000000003,41.1154819,41.087,0,1,0,101.123291015625,41092,101.217468261719,4279,0,4,10,98,0,101.017486572266,100.908905029297,101,0,-1.01779625276212,0.322170704548398,-0.969982071603728,0.324394839073761,-0.817264811437461,0,0.13494873046875,0.397590637207031
28.584999999999997,41.1491592,41.12,0,1,0,101.946807861328,41124,101.846168518066,4279,0,4,10,92,0,101.679412841797,101.574592590332,101,0,-1.00696251344768,0.350977506299159,-0.958891390507314,0.329847406623912,-0.803514136363447,0,0.83758544921875,0.83758544921875
28.612,41.1884673,41.147,0,1,0,99.5794982910156,41153,99.3975067138672,4279,0,4,10,87,0,98.6878204345703,98.6878204345703,98,0,-0.996799890727938,0.402354665072835,-0.949702845587879,0.341965382842318,-0.792006378137062,0,0.129150390625,0.499931335449219
28.653000000000002,41.2206576,41.188,0,1,0,101.990371704102,41193,102.140556335449,4279,0,4,10,96,0,103.238891601563,103.461868286133,103,0,-0.979830228261953,0.398148930464458,-0.935030319351753,0.342407128361856,-0.772766129163376,0,0.837265014648438,0.924957275390625
28.691999999999997,41.257023,41.227,0,1,0,106.169235229492,41233,106.19905090332,4279,0,4,10,98,0,106.136489868164,106.094100952148,106,0,-0.966024401170983,0.382572478868383,-0.92085633687169,0.390202950135063,-0.75612908506079,0,0.0882644653320313,0.0882644653320313
28.720000000000002,41.2879235,41.255,0,1,0,105.815643310547,41263,105.732719421387,4279,0,4,10,98,0,105.422103881836,105.422103881836,105,0,-0.954423671462597,0.398442605671448,-0.908592160472544,0.417706882483685,-0.74187494621466,0,0.297409057617188,0.297409057617188
28.751,41.3168839,41.286,0,1,0,105.51139831543,41292,105.463027954102,4279,0,4,10,110,0,105.535690307617,105.52318572998,105,0,-0.943877553545884,0.41184826875417,-0.897056624947644,0.412933650706918,-0.729230540712903,0,0.518302917480469,0.505302429199219
28.784000000000002,41.3487968,41.319,0,1,0,104.726272583008,41325,104.660827636719,4279,0,4,10,110,0,104.198593139648,104.147506713867,104,0,-0.92930473606097,0.460445507002987,-0.883250797856673,0.421843687298519,-0.713009876014974,0,0.765182495117188,0.77044677734375
28.815,41.3775686,41.35,0,1,0,104.302894592285,41355,104.598808288574,4279,0,4,10,101,0,105.242202758789,105.242202758789,105,0,-0.916649394560913,0.466258128226286,-0.871262737999347,0.40323191173718,-0.698917185535361,0,0.272476196289063,0.353561401367188
28.848000000000003,41.4125938,41.383,0,1,0,107.286361694336,41389,107.275329589844,4279,0,4,10,107,0,107.209571838379,107.194030761719,107,0,-0.901117839083571,0.478744284068512,-0.857165454558678,0.434297703880475,-0.682099564068244,0,0.905662536621094,0.846649169921875
28.88,41.44753,41.415,0,1,0,106.458526611328,41422,106.489318847656,4279,0,4,10,105,0,106.64892578125,106.746231079102,106,0,-0.884819293212286,0.487828989076206,-0.840920598014969,0.459634485138281,-0.663953554546305,0,0.157669067382813,0.203941345214844
28.910999999999998,41.473812,41.446,0,1,0,107.606750488281,41451,107.673828125,4279,0,4,10,103,0,107.784156799316,107.773147583008,107,0,-0.87283506830693,0.467718690210404,-0.828226906995216,0.479971032008393,-0.650636303372057,0,0.756599426269531,0.721443176269531
28.937,41.503905,41.472,0,1,0,107.498229980469,41480,107.425140380859,4279,0,4,10,101,0,107.272430419922,107.248382568359,107,0,-0.858837493617473,0.496647183745154,-0.813700108933938,0.480196790937271,-0.63505471475864,0,0.426620483398438,0.4793701171875
28.968,41.5493601,41.503,0,1,0,107.739837646484,41509,107.790649414063,4279,0,4,10,103,0,107.896072387695,107.912384033203,107,0,-0.845511035522717,0.502476657436546,-0.794210883023851,0.484204168850283,-0.610726654251007,0,0.497360229492188,0.48052978515625
29.013,41.5758569,41.548,0,1,0,107.304473876953,41553,107.336410522461,4279,0,4,10,101,0,107.478141784668,107.478141784668,107,0,-0.823364187897618,0.544892484197476,-0.779569036403483,0.486239097309522,-0.596749032100082,0,0.87103271484375,0.894256591796875
29.046000000000003,41.6150246,41.581,0,1,0,108.576705932617,41586,108.618225097656,4279,0,4,10,105,0,108.585632324219,108.585632324219,108,0,-0.80629865163239,0.530676106275109,-0.762695247736741,0.509262896502037,-0.578779351657134,0,0.491119384765625,0.259597778320313
29.078999999999997,41.6467623,41.614,0,1,0,107.920333862305,41620,107.888236999512,4279,0,4,10,105,0,108.04712677002,108.151916503906,108,0,-0.787507386980791,0.565883925511571,-0.744249128762416,0.504599069112714,-0.558892555711091,0,0.715873718261719,0.762008666992188
29.110000000000003,41.6767716,41.645,0,1,0,109.131309509277,41650,109.160453796387,4279,0,4,10,112,0,109.267959594727,109.278854370117,109,0,-0.77168821010572,0.534790237342236,-0.728832621844165,0.530804614570229,-0.541538306512249,0,0.223876953125,0.199310302734375
29.151999999999997,41.7207583,41.687,0,1,0,108.948417663574,41693,108.935157775879,4279,0,4,10,100,0,108.96061706543,108.956832885742,108,0,-0.748870245885921,0.563044849130847,-0.703982133080418,0.545458832829013,-0.515982865468599,0,0.96612548828125,0.969100952148438
29.185999999999996,41.7478359,41.721,0,1,0,108.822204589844,41726,108.80094909668,4279,0,4,10,107,0,108.698257446289,108.673675537109,108,0,-0.732188204817665,0.58585077857515,-0.689148538861564,0.548853190720479,-0.500450294473921,0,0.742835998535156,0.767822265625
29.215,41.7763254,41.75,0,1,0,109.144691467285,41754,109.181289672852,4279,0,4,10,101,0,109.326599121094,109.345581054688,109,0,-0.716081406544866,0.575223800369372,-0.67404649800483,0.54586469388687,-0.483606863609591,0,0.471298217773438,0.471298217773438
29.246999999999996,41.8080589,41.782,0,1,0,109.246124267578,41786,109.207092285156,4279,0,4,10,101,0,109.028617858887,109.028617858887,109,0,-0.698344753684938,0.616844982070006,-0.656114262594446,0.567560939972168,-0.465424409027237,0,0.842498779296875,0.842498779296875
29.279,41.8418218,41.814,0,1,0,109.102073669434,41820,109.161437988281,4279,0,4,10,98,0,109.307403564453,109.333198547363,109,0,-0.678403003442425,0.604989720049502,-0.636724745435572,0.582205463696255,-0.445279591158307,0,0.397819519042969,0.401992797851563
29.305000000000003,41.8677956,41.84,0,1,0,109.342910766602,41845,109.3134765625,4279,0,4,10,117,0,109.246658325195,109.240417480469,109,0,-0.663159069362811,0.625904128385628,-0.622075228911264,0.581179457730059,-0.429737130027853,0,0.197319030761719,0.214584350585938
29.331,41.8941948,41.866,0,1,0,109.284271240234,41870,109.293090820313,4279,0,4,10,103,0,109.316146850586,109.341217041016,109,0,-0.647627513885469,0.624994712730427,-0.606275226796042,0.594561963159663,-0.414079985736829,0,0.351318359375,0.351318359375
29.357000000000003,41.9211016,41.892,0,1,0,109.289016723633,41897,109.269371032715,4279,0,4,10,107,0,109.193359375,109.164398193359,109,0,-0.631904210809641,0.642051332187407,-0.590030370252333,0.600501796788876,-0.397703738817465,0,0.149215698242188,0.149215698242188
29.383999999999997,41.9474766,41.919,0,1,0,109.213714599609,41924,109.230056762695,4279,0,4,10,110,0,109.279983520508,109.290023803711,109,0,-0.615509791139114,0.63426914811555,-0.57424570794499,0.614960517330815,-0.381213036436013,0,0.297805786132813,0.289794921875
29.41,41.9726213,41.945,0,1,0,109.186698913574,41950,109.145805358887,4279,0,4,10,121,0,109.059173583984,109.059173583984,109,0,-0.599307119067071,0.665202043088584,-0.558315317462797,0.608191021819948,-0.365845941945473,0,0.99951171875,0.989303588867188
29.435999999999996,41.9979786,41.971,0,1,0,109.083755493164,41975,109.121627807617,4279,0,4,10,101,0,109.186050415039,109.20182800293,109,0,-0.582816825597301,0.661568230922853,-0.543067548431214,0.619902976450021,-0.349768462298834,0,0.25958251953125,0.257537841796875
29.461000000000002,42.0265946,41.996,0,1,0,109.255653381348,42001,109.226119995117,4279,0,4,10,101,0,109.186012268066,109.187835693359,109,0,-0.565847163131316,0.663422181739747,-0.525526478121742,0.62539617645848,-0.332973880302838,0,0.108535766601563,0.0867767333984375
29.495,42.0576073,42.03,0,1,0,108.934471130371,42034,108.907409667969,4279,0,4,10,112,0,108.768592834473,108.768592834473,108,0,-0.545042548695617,0.690257183152312,-0.505883854132866,0.642087344154561,-0.312945490159801,0,0.54388427734375,0.510986328125
29.525000000000002,42.0884729,42.06,0,1,0,108.859725952148,42065,108.906326293945,4279,0,4,10,108,0,109.161987304688,109.204086303711,109,0,-0.525388419850832,0.679096675051483,-0.486463657358234,0.621009356306615,-0.294053826647641,0,0.47686767578125,0.509803771972656
29.556,42.1203314,42.091,0,1,0,109.374740600586,42096,109.334014892578,4279,0,4,10,103,0,109.086791992188,109.033660888672,108,0,-0.505734291006047,0.702351203927492,-0.46734258683724,0.644385161255968,-0.273152586628508,0,0.812400817871094,0.812400817871094
29.583000000000002,42.1470607,42.118,0,1,0,108.9892578125,42124,109.209083557129,4279,0,4,10,101,0,108.995796203613,109.045150756836,109,0,-0.48665540495672,0.684789116812794,-0.449080545557461,0.656322938662072,-0.256601786218015,0,0.296302795410156,0.170440673828125
29.610000000000003,42.1737466,42.145,0,1,0,109.028274536133,42149,109.029754638672,4279,0,4,10,103,0,109.116836547852,109.150909423828,109,0,-0.469110499695278,0.677445591542892,-0.431294038321927,0.652433934975022,-0.23934199648577,0,0.2567138671875,0.298980712890625
29.636999999999997,42.1994954,42.172,0,1,0,109.221786499023,42176,109.142196655273,4279,0,4,10,105,0,108.968505859375,108.821533203125,108,0,-0.451661468233078,0.721992102126706,-0.414167142825184,0.670763468689756,-0.22265629912353,0,0.230621337890625,0.185043334960938
29.663,42.2286349,42.198,0,1,0,107.944549560547,42203,108.005310058594,4279,0,4,10,96,0,108.367691040039,108.422729492188,108,0,-0.432486708384508,0.71129898967763,-0.395498596636615,0.662764177540282,-0.204620762805748,0,0.672248840332031,0.682853698730469
29.697999999999997,42.2625015,42.233,0,1,0,108.513175964355,42238,108.441162109375,4279,0,4,10,101,0,108.293174743652,108.253341674805,108,0,-0.409285248967738,0.727258826664468,-0.372680632416817,0.66474774536772,-0.182635865251104,0,0.214401245117188,0.220428466796875
29.727999999999998,42.2904183,42.263,0,1,0,108.256134033203,42268,108.206268310547,4279,0,4,10,101,0,107.951629638672,107.91682434082,107,0,-0.389343498725224,0.757908804728856,-0.353459853144609,0.672369926046542,-0.164467629204685,0,0.65179443359375,0.638450622558594
29.76,42.3246324,42.295,0,1,0,108.122024536133,42300,108.139587402344,4279,0,4,10,105,0,108.29109954834,108.318603515625,108,0,-0.366142039308454,0.731781843831072,-0.331746355092088,0.686972618971367,-0.141686412015097,0,0.309280395507813,0.2845458984375
29.788,42.3506369,42.323,0,1,0,107.836303710938,42329,107.81591796875,4279,0,4,10,103,0,107.616439819336,107.604339599609,107,0,-0.346487910463669,0.736623021178616,-0.312188100046546,0.701807762364069,-0.124718254397214,0,0.761764526367188,0.796920776367188
29.813999999999997,42.3769819,42.349,0,1,0,108.169525146484,42354,108.19157409668,4279,0,4,10,112,0,108.371368408203,108.361038208008,108,0,-0.328559510005256,0.720806922686108,-0.294217515116466,0.692996140363846,-0.107716813447275,0,0.328140258789063,0.323501586914063
29.84,42.4014916,42.375,0,1,0,107.930770874023,42379,107.88427734375,4279,0,4,10,107,0,107.73706817627,107.685531616211,107,0,-0.311110478543057,0.736610481880064,-0.275963143740627,0.701906000412009,-0.091342110129088,0,0.385391235351563,0.325080871582031
29.864,42.42899,42.399,0,1,0,106.498550415039,42404,106.352294921875,4279,0,4,10,114,0,105.842155456543,105.68856048584,105,0,-0.291360475899029,0.768057243314047,-0.257624403421454,0.712787982289967,-0.0736322377962699,0,0.145149230957031,0.203811645507813
29.892,42.4541406,42.427,0,1,0,105.702163696289,42431,105.766159057617,4279,0,4,10,103,0,106.132919311523,106.198509216309,106,0,-0.273048580243644,0.77045569283456,-0.239370032045615,0.69411052762311,-0.0572152012530125,0,0.279289245605469,0.232948303222656
29.916999999999998,42.4791458,42.452,0,1,0,105.790649414063,42457,105.696464538574,4279,0,4,10,112,0,105.108993530273,105.000030517578,105,0,-0.254353189391288,0.785942939461791,-0.22172925298493,0.715425877439628,-0.0407840477149792,0,0.395767211914063,0.344039916992188
29.941999999999997,42.5034643,42.477,0,1,0,104.4833984375,42481,104.559158325195,4279,0,4,10,108,0,104.833976745605,104.896591186523,104,0,-0.235753672338174,0.774916998286074,-0.204548668160611,0.719184490810278,-0.0243428313234333,0,0.121040344238281,0.121040344238281
29.967000000000002,42.5299354,42.502,0,1,0,105.176651000977,42508,105.074981689453,4279,0,4,10,103,0,104.933265686035,104.952285766602,104,0,-0.216962407686575,0.757261444360438,-0.184906044171735,0.722554247632701,-0.00723765226299301,0,0.083984375,0.0705947875976563
29.994000000000003,42.5566714,42.529,0,1,0,104.70484161377,42533,104.668792724609,4279,0,4,10,101,0,104.301635742188,104.288291931152,104,0,-0.197787647838005,0.771445284075838,-0.166160798943773,0.728934633500984,0.0105274007092321,0,0.670822143554688,0.533599853515625
30.023999999999997,42.5881908,42.559,0,1,0,103.160850524902,42564,103.220947265625,4279,0,4,10,98,0,103.442527770996,103.361862182617,103,0,-0.174298567023506,0.77459001986611,-0.142798271544274,0.725174672176422,0.0309202658592278,0,0.0907745361328125,0.976776123046875
30.055000000000003,42.6183663,42.59,0,1,0,100.157440185547,42595,99.8928756713867,4279,0,4,10,100,0,98.1292114257813,98.0050659179688,98,0,-0.150713612409764,0.80603370074121,-0.120923705509025,0.714656069401443,0.0513014006148459,0,0.9951171875,0.9951171875
30.089000000000002,42.65127,42.624,0,1,0,101.643447875977,42628,101.611373901367,4279,0,4,10,110,0,101.73233795166,101.799583435059,101,0,-0.126457541201323,0.781904307007267,-0.0974461295504354,0.724290311179743,0.0723194898218859,0,0.648025512695313,0.648025512695313
30.115,42.6774704,42.65,0,1,0,101.039054870605,42655,101.120590209961,4279,0,4,10,101,0,100.932144165039,100.811981201172,100,0,-0.107091033754266,0.779446416482514,-0.078578165859442,0.73167593337881,0.089375551538409,0,0.145904541015625,0.145904541015625
30.139999999999997,42.7019519,42.675,0,1,0,97.5464248657227,42679,97.5973052978516,4279,0,4,10,92,0,97.8221893310547,97.8221893310547,98,0,-0.0880121477049387,0.76688224559922,-0.0601703964048143,0.726237109379923,0.105753172774545,0,0.633102416992188,0.950485229492188
30.165000000000003,42.7281835,42.7,0,1,0,101.428153991699,42705,101.401336669922,4279,0,4,10,87,0,100.538764953613,100.153816223145,99,0,-0.0699878734472824,0.756142567914537,-0.0413331123295786,0.734893794604488,0.122758162304168,0,0.650047302246094,0.0875625610351563
30.191,42.7519478,42.726,0,1,0,92.6927947998047,42730,92.4024124145508,4279,0,4,10,85,0,91.01171875,91.01171875,90,0,-0.0520594729888689,0.78669018251712,-0.0237536925004092,0.717994245143853,0.138426101713008,0,0.827590942382813,0.961997985839844
30.215,42.7779802,42.75,0,1,0,93.4439468383789,42755,93.9820098876953,4279,0,4,10,87,0,94.6478729248047,94.6478729248047,94,0,-0.032501217943327,0.786021092473788,-0.006089903727906,0.705547361547607,0.155364070419595,0,0.246841430664063,0.280670166015625
30.241000000000003,42.8053514,42.776,0,1,0,96.2328796386719,42781,96.2995300292969,4279,0,4,10,98,0,97.2419967651367,97.5717315673828,97,0,-0.013038836697028,0.786740938484229,0.0119957297612657,0.690965787424547,0.172260577401355,0,0.571762084960938,0.381614685058594
30.267999999999997,42.8333341,42.803,0,1,0,96.2430801391602,42810,96.3685684204102,4279,0,4,10,103,0,96.1629104614258,96.1629104614258,96,0,0.00834102053412817,0.759873147726424,0.0332183539616636,0.718026102856228,0.191052243789616,0,0.1279296875,0.1279296875
30.304,42.8661203,42.839,0,1,0,98.3601837158203,42843,97.8387145996094,4279,0,4,10,98,0,95.7848205566406,95.3551635742188,94,0,0.0312548585531699,0.736011956395785,0.056511852225707,0.741934248055841,0.212358359118832,0,0.159904479980469,0.652122497558594
30.336000000000002,42.89792,42.871,0,1,0,88.6938171386719,42875,88.7873229980469,4279,0,4,10,84,0,88.6117553710938,88.2762908935547,88,0,0.0545521917691831,0.76348337401366,0.0795369038518705,0.698432239837288,0.232931736647471,0,0.07763671875,0.139778137207031
30.367,42.9313579,42.902,0,1,0,87.447509765625,42906,87.9093933105469,4279,0,4,10,87,0,87.9193878173828,87.9193878173828,88,0,0.077370155988982,0.774362156593781,0.10100496497833,0.677872526417218,0.254687587944432,0,0.782814025878906,0.782814025878906
30.394000000000002,42.9552272,42.929,0,1,0,86.6367950439453,42933,86.2858428955078,4279,0,4,10,85,0,86.1509628295898,86.0819320678711,86,0,0.0979830228261953,0.796465668617984,0.119336035393563,0.680683629402807,0.26997526562563,0,0.222434997558594,0.44171142578125
30.419,42.9814138,42.954,0,1,0,91.4691467285156,42958,92.3709259033203,4279,0,4,10,87,0,94.7050018310547,94.8762817382813,95,0,0.116582539879309,0.779500212437981,0.136746717336065,0.666305255177065,0.28583459847552,0,0.303466796875,0.303466796875
30.444,43.0069043,42.979,0,1,0,94.8829498291016,42984,94.283576965332,4279,0,4,10,87,0,92.421257019043,91.7789916992188,91,0,0.135757299727879,0.777207496205392,0.154027010911597,0.707976991901916,0.302253436123175,0,0.492538452148438,0.233558654785156
30.471,43.03369,43.006,0,1,0,88.0899505615234,43011,88.3018188476563,4279,0,4,10,91,0,88.5257415771484,88.6444702148438,88,0,0.155794923769635,0.774789799780649,0.172987013449864,0.70243953412708,0.319218333240029,0,0.491325378417969,0.442817687988281
30.508,43.0707904,43.043,0,1,0,86.2741775512695,43047,86.2667083740234,4279,0,4,10,80,0,85.9328918457031,85.9328918457031,85,0,0.183310704152334,0.790637576652472,0.198734880974524,0.676872903344957,0.342316344177281,0,0.780616760253906,0.418701171875
30.538,43.1009231,43.073,0,1,0,81.4930267333984,43077,81.4007034301758,4279,0,4,10,87,0,81.2371063232422,81.1608581542969,81,0,0.205936920773647,0.817402559099889,0.218899058431281,0.662339779752131,0.360909225192645,0,0.734832763671875,0.939201354980469
30.569,43.1339826,43.104,0,1,0,84.4355773925781,43109,85.1247634887695,4279,0,4,10,77,0,83.3933410644531,82.2437438964844,81,0,0.230768234777546,0.859762808824712,0.239078575695917,0.579686840318402,0.381213036451609,0,0.555648803710938,0.419586181640625
30.596999999999998,43.1595296,43.132,0,1,0,79.3131103515625,43137,79.4141082763672,4279,0,4,10,78,0,81.1947174072266,81.1947174072266,81,0,0.254640810789016,0.907356423642966,0.256811393603875,0.615828571539708,0.39648607232952,0,0.641448974609375,0.05078125
30.621999999999996,43.1842974,43.157,0,1,0,85.4929809570313,43161,85.7980499267578,4279,0,4,10,82,0,85.8348007202148,85.8978500366211,85,0,0.277746396406544,0.93402549109851,0.272243240330004,0.633722709860365,0.411661281201837,0,0.987503051757813,0.456550598144531
30.648,43.2107936,43.183,0,1,0,87.9670562744141,43188,88.5075302124023,4279,0,4,10,78,0,91.6976776123047,91.6976776123047,92,0,0.298455137043,0.846346222734439,0.289324116403111,0.676858723265696,0.427936310369364,0,0.034027099609375,0.457038879394531
30.678,43.2404492,43.213,0,1,0,99.0650939941406,43218,99.0346374511719,4279,0,4,10,98,0,98.3171844482422,98.3171844482422,97,0,0.318492761084756,0.677930722031363,0.311359750421088,0.781126565760815,0.445279591173465,0,0.43975830078125,0.43975830078125
30.709,43.272345,43.244,0,1,0,84.0179595947266,43249,82.3306350708008,4279,0,4,10,64,0,79.036376953125,77.9493789672852,77,0,0.337475773334841,0.618974409602004,0.336655093613322,0.780362885194336,0.464245209916722,0,0.913864135742188,0.244316101074219
30.741000000000003,43.3030473,43.276,0,1,0,61.7061500549316,43280,60.9799194335938,4279,0,4,10,61,0,59.3183937072754,59.2466468811035,59,0,0.357896892573569,0.716372302969091,0.358169174163418,0.65044221593638,0.482439265045194,0,0.950389862060547,0.820140838623047
30.773,43.334996,43.308,0,1,0,56.7659912109375,43313,57.1108207702637,4279,0,4,10,54,0,59.0540771484375,59.0540771484375,59,0,0.383207575573682,0.849713458676547,0.377290244684413,0.51935008365399,0.501028170924909,0,0.399528503417969,0.6019287109375
30.797,43.3600964,43.332,0,1,0,77.523551940918,43338,80.7492218017578,4279,0,4,10,75,0,88.4792709350586,89.8428192138672,91,0,0.402382335422252,0.774503792984149,0.389485391948104,0.529653088201087,0.515410205708926,0,0.192955017089844,0.0131149291992188
30.822999999999997,43.3849228,43.358,0,1,0,101.975326538086,43363,102.063323974609,4279,0,4,10,96,0,102.003021240234,101.912719726563,101,0,0.417242774304894,0.616481680533298,0.40550015137363,0.685774796903615,0.529665070736936,0,0.152412414550781,0.564155578613281
30.848000000000003,43.4095376,43.383,0,1,0,89.6255493164063,43387,88.3252410888672,4279,0,4,10,77,0,81.7138366699219,81.7138366699219,80,0,0.430185737202679,0.571853494827792,0.422435299271887,0.758698763693644,0.54322683472125,0,0.421295166015625,0.7099609375
30.871999999999996,43.4357819,43.407,0,1,0,58.6637763977051,43412,59.0943260192871,4279,0,4,10,57,0,62.8402900695801,63.305004119873,63,0,0.444375059490622,0.542411471765206,0.44197821450955,0.664695595124726,0.558336015609427,0,0.223133087158203,0.978374481201172
30.91,43.4725235,43.445,0,1,0,56.4320411682129,43450,55.5376396179199,4279,0,4,10,50,0,53.8415260314941,53.8415260314941,53,0,0.467768266505878,0.710097821988313,0.463599673714798,0.523592314666871,0.578230892401545,0,0.920135498046875,0.920135498046875
30.941999999999997,43.504609,43.477,0,1,0,58.9316864013672,43482,59.7640419006348,4279,0,4,10,50,0,69.2516326904297,69.2516326904297,70,0,0.490777978324162,0.761061161113105,0.478931811689715,0.461124925953584,0.596208226891142,0,0.703872680664063,0.703872680664063
30.974999999999998,43.5389031,43.51,0,1,0,94.6272735595703,43515,93.8886566162109,4279,0,4,10,91,0,91.1367340087891,90.3334655761719,89,0,0.512061961756076,0.612957900376045,0.497569678262526,0.639231817465941,0.614462167423332,0,0.667282104492188,0.219009399414063
31.002,43.5657902,43.537,0,1,0,82.857780456543,43541,82.6347274780273,4279,0,4,10,78,0,78.8388519287109,78.8388519287109,77,0,0.524909050854618,0.532264406905483,0.514911331069573,0.679924395472312,0.62823229416328,0,0.88427734375,0.944236755371094
31.028000000000002,43.5909029,43.563,0,1,0,51.3856544494629,43568,51.2979621887207,4279,0,4,10,50,0,53.2431983947754,53.7401657104492,53,0,0.538139635150132,0.517857572546973,0.531938517815104,0.608275948063351,0.641834765701861,0,0.253913879394531,0.291484832763672
31.054,43.6175929,43.589,0,1,0,56.0760307312012,43593,55.7087898254395,4279,0,4,10,47,0,55.302360534668,55.2526206970215,55,0,0.551657840843374,0.581168338947919,0.546434636260623,0.523462446215603,0.654752578623654,0,0.544303894042969,0.544303894042969
31.081999999999997,43.6451452,43.617,0,1,0,51.5151672363281,43622,51.8317527770996,4279,0,4,10,49,0,54.3446006774902,55.1336402893066,55,0,0.569873862699516,0.667689236423598,0.560539589605232,0.461518957981866,0.66953464040592,0,0.683349609375,0.686077117919922
31.113000000000003,43.6757018,43.648,0,1,0,69.1897125244141,43653,70.7607727050781,4279,0,4,10,70,0,78.8395080566406,80.0382690429688,80,0,0.5888568749496,0.626631889809232,0.574030950634686,0.460813739880905,0.684592451553234,0,0.401123046875,0.401123046875
31.145999999999997,43.7088926,43.681,0,1,0,79.1434173583984,43686,78.093635559082,4279,0,4,10,75,0,75.6832885742188,75.6832885742188,75,0,0.605730663616343,0.502270051043183,0.592147263739615,0.608643961406301,0.701363646039696,0,0.80035400390625,0.286453247070313
31.179,43.7421457,43.714,0,1,0,57.1887054443359,43719,55.0933036804199,4279,0,4,10,59,0,52.1405448913574,51.3080787658691,50,0,0.621645714290656,0.511323560463211,0.61220406254122,0.581425505722109,0.717335553610296,0,0.157939910888672,0.219921112060547
31.205000000000002,43.7681136,43.74,0,1,0,49.8108901977539,43745,50.0592231750488,4279,0,4,10,49,0,49.9671478271484,49.9671478271484,49,0,0.634588677188441,0.536139612333727,0.626608142139466,0.490761814164784,0.72970261711866,0,0.248020172119141,0.119964599609375
31.23,43.7930459,43.765,0,1,0,52.0830459594727,43770,52.4430656433105,4279,0,4,10,57,0,55.1568260192871,55.4175109863281,55,0,0.648394504279412,0.58450302471806,0.637215619287695,0.416298590317979,0.741410420019452,0,0.157360076904297,0.486328125
31.255999999999997,43.8206658,43.791,0,1,0,61.8531074523926,43795,62.0388145446777,4279,0,4,10,57,0,64.0670318603516,64.1929397583008,64,0,0.66277557416584,0.573259050827573,0.648175912017138,0.441813657193734,0.754305846971871,0,0.373443603515625,0.373443603515625
31.282999999999998,43.8464645,43.818,0,1,0,65.7570190429688,43823,65.0298156738281,4279,0,4,10,59,0,63.1808891296387,63.0865325927734,63,0,0.676869022654539,0.544517788748635,0.660831253517195,0.487015614424763,0.765622460447106,0,0.456287384033203,0.618717193603516
31.309,43.8709999,43.844,0,1,0,68.6299133300781,43848,68.6333160400391,4279,0,4,10,59,0,68.1019744873047,68.1019744873047,67,0,0.688182130965196,0.464278810313317,0.673824070790586,0.51642712982482,0.776750168036478,0,0.993331909179688,0.63214111328125
31.334,43.8958655,43.869,0,1,0,61.2071876525879,43873,60.7153930664063,4279,0,4,10,66,0,56.9167823791504,55.9631652832031,55,0,0.698632375082667,0.454056694714041,0.686602130753674,0.526376617250662,0.787686224144653,0,0.926303863525391,0.501110076904297
31.358999999999998,43.9226361,43.894,0,1,0,48.0198936462402,43898,48.215030670166,4279,0,4,10,47,0,49.4267311096191,49.906005859375,50,0,0.710712473787266,0.464694341784934,0.699748346105854,0.45172413253465,0.798853518589789,0,0.899425506591797,0.906269073486328
31.386,43.9477907,43.921,0,1,0,49.2188529968262,43925,48.7849388122559,4279,0,4,10,47,0,47.5498924255371,47.5498924255371,47,0,0.722888446291108,0.523355269294711,0.710493881524992,0.415810257315229,0.809807624459995,0,0.411285400390625,0.411285400390625
31.412000000000003,43.9733641,43.947,0,1,0,49.4070014953613,43951,49.7611351013184,4279,0,4,10,45,0,51.3931999206543,51.3931999206543,51,0,0.735256166393436,0.512123697356401,0.720917280978675,0.391759627234364,0.820136649664627,0,0.832405090332031,0.248409271240234
31.435999999999996,43.9981033,43.971,0,1,0,57.0248680114746,43976,56.9242897033691,4279,0,4,10,50,0,56.5672035217285,56.5672035217285,56,0,0.747240391298793,0.502083565503881,0.730734758021144,0.40069327728952,0.830263318422921,0,0.736915588378906,0.280803680419922
31.461000000000002,44.0250149,43.996,0,1,0,62.4820518493652,44000,62.4377517700195,4279,0,4,10,63,0,62.0395469665527,61.6610298156738,61,0,0.758457625810207,0.422138682895365,0.742277963449983,0.452021647099059,0.84096995381431,0,0.620326995849609,0.792293548583984
31.489,44.0514781,44.024,0,1,0,58.4967193603516,44029,58.0031547546387,4279,0,4,10,56,0,55.7416877746582,55.4042472839355,55,0,0.767949131935249,0.386592920310022,0.754404081578219,0.462259776867995,0.851051338869631,0,0.463268280029297,0.307662963867188
31.52,44.0827228,44.055,0,1,0,48.3115043640137,44060,47.9140205383301,4279,0,4,10,47,0,45.9460487365723,45.6569938659668,45,0,0.780220978238334,0.43989379720847,0.76793379212737,0.415761562788248,0.863147134464881,0,0.111278533935547,0.111278533935547
31.552000000000003,44.11483,44.087,0,1,0,42.9367446899414,44092,43.0363998413086,4279,0,4,10,33,0,43.3018074035645,43.4254417419434,43,0,0.794314426727034,0.465818472436695,0.780290007373789,0.361390349549652,0.874894006820775,0,0.779186248779297,0.779186248779297
31.584999999999997,44.1466529,44.12,0,1,0,49.1092414855957,44124,49.3305625915527,4279,0,4,10,33,0,49.6245536804199,50.2728805541992,50,0,0.808024380018762,0.447421953960429,0.791472727317476,0.359274172479218,0.885936569353437,0,0.920158386230469,0.920158386230469
31.608999999999998,44.1706046,44.144,0,1,0,51.2210807800293,44149,51.3723258972168,4279,0,4,10,40,0,51.9961929321289,51.9961929321289,51,0,0.818091128939261,0.410644198598106,0.79999399059418,0.371808072614044,0.894597234521074,0,0.0883216857910156,0.0883216857910156
31.633,44.1955914,44.168,0,1,0,52.5350799560547,44173,52.5861206054688,4279,0,4,10,33,0,52.669376373291,52.669376373291,52,0,0.826336275674146,0.361631359389548,0.809320593784525,0.396484940061441,0.902703838027238,0,0.906139373779297,0.713321685791016
31.659000000000002,44.2236167,44.194,0,1,0,50.2691421508789,44199,50.0398063659668,4279,0,4,10,49,0,49.7393379211426,49.6223487854004,49,0,0.835156665204489,0.337485249700762,0.820687391422757,0.378644736586693,0.911901980507548,0,0.431766510009766,0.293506622314453
31.691,44.2541734,44.226,0,1,0,45.4514198303223,44231,45.0993804931641,4279,0,4,10,47,0,43.831958770752,43.5363006591797,43,0,0.845894530719688,0.367910863361089,0.831509625881291,0.350054065340146,0.921756306880001,0,0.529163360595703,0.405712127685547
31.721999999999998,44.2852485,44.257,0,1,0,41.5221214294434,44262,41.5353050231934,4279,0,4,10,35,0,41.2104873657227,41.1000709533691,41,0,0.857591134227316,0.403572642510994,0.841887005911337,0.319239866969269,0.931260941401628,0,0.771038055419922,0.706832885742188
31.754,44.3195104,44.289,0,1,0,41.1331748962402,44294,41.407772064209,4279,0,4,10,45,0,42.0501670837402,42.170955657959,42,0,0.870725844723587,0.409121718830761,0.852494483059566,0.289825290524277,0.941279012176169,0,0.680561065673828,0.072021484375
31.785,44.3494709,44.32,0,1,0,48.3558006286621,44325,48.9474143981934,4279,0,4,10,43,0,50.2305145263672,50.3149604797363,50,0,0.879929729450901,0.300531375652781,0.86129953278203,0.327372012946512,0.949761906276916,0,0.929550170898438,0.800243377685547
31.816999999999997,44.3795056,44.352,0,1,0,46.4087867736816,44356,46.2908668518066,4279,0,4,10,42,0,45.1732368469238,45.1732368469238,44,0,0.888079002386543,0.277386324631152,0.871669242908137,0.352994636635572,0.957907354494768,0,0.363922119140625,0.273292541503906
31.848000000000003,44.4114374,44.383,0,1,0,40.8928489685059,44388,40.7344207763672,4279,0,4,10,36,0,40.1857528686523,40.0651779174805,39,0,0.896995265716129,0.312180423455743,0.882499147270609,0.302224839336645,0.966220633749962,0,0.351428985595703,0.309253692626953
31.880999999999997,44.443715,44.416,0,1,0,38.0920524597168,44421,38.0320358276367,4279,0,4,10,38,0,37.7610282897949,37.7587356567383,37,0,0.907924878829814,0.361483807800255,0.891281187281255,0.265377691267531,0.974143322780151,0,0.365818023681641,0.365818023681641
31.906000000000002,44.4681795,44.441,0,1,0,37.1988716125488,44446,37.2213134765625,4279,0,4,10,43,0,37.2795677185059,37.2601356506348,37,0,0.916649394560913,0.364635251535219,0.898000023132194,0.275151653437206,0.980059079038971,0,0.355464935302734,0.402812957763672
31.931,44.4932591,44.466,0,1,0,38.1245155334473,44470,38.2135047912598,4279,0,4,10,29,0,38.476993560791,38.476993560791,38,0,0.924319298500342,0.313577695244135,0.904941286197376,0.281765737194291,0.985733020384979,0,0.934852600097656,0.00032806396484375
31.955000000000002,44.5196835,44.49,0,1,0,39.4739952087402,44495,39.4876480102539,4279,0,4,10,38,0,39.6072654724121,39.6634101867676,39,0,0.93064696925037,0.265147305458981,0.912220025035894,0.277438989778489,0.991375897890955,0,0.800708770751953,0.800708770751953
31.988000000000003,44.5517226,44.523,0,1,0,39.8256683349609,44528,39.6697807312012,4279,0,4,10,38,0,39.2616195678711,39.1547508239746,39,0,0.93802925179207,0.23129025159642,0.920871676679569,0.265472589473802,0.99795763277938,0,0.675483703613281,0.637531280517578
32.019999999999996,44.5825942,44.555,0,1,0,36.7794303894043,44560,36.6255149841309,4279,0,4,10,28,0,36.0311470031738,35.8734436035156,35,0,0.945123912936041,0.253118384861068,0.92890206610415,0.264363602261596,1.00413594790764,0,0.746387481689453,0.653976440429688
32.05200000000001,44.6153797,44.587,0,1,0,32.7722511291504,44591,32.5908508300781,4279,0,4,10,29,0,32.1920280456543,32.081241607666,31,0,0.954231923864112,0.299005692515607,0.937231581782369,0.229347324367609,1.00990834572041,0,0.734062194824219,0.668523788452148
32.084,44.646569,44.619,0,1,0,31.685848236084,44624,31.7003383636475,4279,0,4,10,22,0,32.0072288513184,32.0421409606934,32,0,0.963435808591426,0.299206818452603,0.943689640899368,0.196281379898437,1.01511106469911,0,0.803188323974609,0.891262054443359
32.108999999999995,44.6707469,44.644,0,1,0,34.3152961730957,44648,34.5166816711426,4279,0,4,10,33,0,35.2734413146973,35.424861907959,35,0,0.969475857943725,0.24313255725815,0.948199544415751,0.187502987260473,1.01887458647032,0,0.628082275390625,0.628082275390625
32.132999999999996,44.6965884,44.668,0,1,0,37.3916397094727,44673,37.6021690368652,4279,0,4,10,38,0,37.9387702941895,37.9908561706543,38,0,0.973598431311168,0.169443892856862,0.953376729574866,0.208245333766172,1.02269026133963,0,0.887432098388672,0.804527282714844
32.159000000000006,44.7242584,44.694,0,1,0,37.2049980163574,44699,37.1586608886719,4279,0,4,10,35,0,36.710636138916,36.4588775634766,36,0,0.976954014284668,0.129130071391955,0.959512652726408,0.236706503526761,1.0264941999536,0,0.413421630859375,0.255931854248047
32.187,44.7487673,44.722,0,1,0,33.788890838623,44727,33.6026496887207,4279,0,4,10,31,0,32.6908264160156,32.4583930969238,32,0,0.980597218655896,0.155025501518139,0.965188381641585,0.219277766301616,1.02962214009798,0,0.756126403808594,0.756126403808594
32.211,44.7824394,44.746,0,1,0,28.4113025665283,44751,28.0077056884766,4279,0,4,10,17,0,26.7051258087158,26.2923564910889,25,0,0.987596006000624,0.258381077865806,0.97156207181525,0.163269437715144,1.03336191157739,0,0.30902099609375,0.232139587402344
32.245000000000005,44.8076778,44.78,0,1,0,23.9131011962891,44785,23.9950866699219,4279,0,4,10,17,0,24.2449645996094,24.3174209594727,24,0,0.995553531337781,0.298877915686944,0.975281975225872,0.132391673684197,1.03599558141801,0,0.601430892944336,0.739398956298828
32.272000000000006,44.8339367,44.807,0,1,0,26.8974189758301,44811,27.129077911377,4279,0,4,10,26,0,28.5927429199219,28.8567504882813,29,0,1.00168945448932,0.226535026786678,0.978487995072553,0.120285782493738,1.03835277701586,0,0.670980453491211,0.670980453491211
32.301,44.8635193,44.836,0,1,0,33.2917709350586,44840,33.3573532104492,4279,0,4,10,17,0,33.5370826721191,33.5370826721191,33,0,1.00485328986434,0.0968758938497558,0.982645083007724,0.160952337728077,1.04065502267741,0,0.932659149169922,0.918796539306641
32.331999999999994,44.8959452,44.867,0,1,0,33.5057487487793,44873,33.4391212463379,4279,0,4,10,29,0,32.9497146606445,32.8799324035645,32,0,1.00581202785677,0.0238863329079777,0.988650617792296,0.189129736227301,1.04285451005502,0,0.756277084350586,0.756277084350586
32.364000000000004,44.928583,44.899,0,1,0,27.567512512207,44903,27.2911472320557,4279,0,4,10,21,0,25.4728012084961,25.0784645080566,25,0,1.00792125144011,0.0974208032066599,0.994134599108987,0.159822593417061,1.04455919882447,0,0.470409393310547,0.179618835449219
32.391000000000005,44.9561481,44.926,0,1,0,17.8071098327637,44931,17.331657409668,4279,0,4,10,14,0,16.5882987976074,16.4629058837891,16,0,1.01357780559544,0.226732019261362,0.998015570502338,0.0973802168230122,1.04566910700127,0,0.0325660705566406,0.972498893737793
32.419,44.9826299,44.954,0,1,0,15.0938596725464,44958,15.0830984115601,4279,0,4,10,22,0,14.9813184738159,15.0342969894409,15,0,1.02134358333411,0.296678710002652,0.999879357159619,0.0569245530706439,1.04647808126886,0,0.696870803833008,0.866232872009277
32.446,45.0090002,44.981,0,1,0,17.8529014587402,44985,18.1106605529785,4279,0,4,10,17,0,19.2929649353027,19.5791625976563,19,0,1.02700013748944,0.196658409328165,1.00148236708296,0.0717257495664398,1.04697245369266,0,0.947874069213867,0.947874069213867
32.473,45.0367652,45.008,0,1,0,26.1553916931152,45013,26.7286376953125,4279,0,4,10,24,0,28.1235427856445,28.4036693572998,28,0,1.02834237067884,0.0225072184223336,1.003883047016,0.097576572432672,1.04719238348808,0,0.993736267089844,0.256927490234375
32.498999999999995,45.062348,45.034,0,1,0,31.5234489440918,45039,31.6596927642822,4279,0,4,10,33,0,31.6901092529297,31.6825656890869,31,0,1.02719188508792,-0.0458668383196255,1.00653683377904,0.118932121474245,1.04710639406565,0,0.634819030761719,0.453824996948242
32.525000000000006,45.08841,45.06,0,1,0,28.0056056976318,45064,27.4604454040527,4279,0,4,10,35,0,25.4838962554932,25.4838962554932,25,0,1.02700013748944,0.00607693209826721,1.00958945554693,0.10194444233241,1.04674096527822,0,0.855806350708008,0.445854187011719
32.551,45.1159623,45.086,0,1,0,18.9224281311035,45091,18.6047687530518,4279,0,4,10,8,0,17.2535438537598,17.0630035400391,16,0,1.02891761347429,0.0873556228468715,1.01173702864997,0.0747183607211355,1.04609619464712,0,0.324979782104492,0.92284107208252
32.578,45.1413658,45.113,0,1,0,13.3882493972778,45118,13.2717990875244,4279,0,4,10,8,0,13.2112998962402,13.2117223739624,13,0,1.03275256544401,0.142633902132275,1.01313295116695,0.0308835911843062,1.04513114603856,0,0.18084716796875,0.177741050720215
32.602999999999994,45.166715,45.138,0,1,0,13.4392595291138,45143,13.5782060623169,4279,0,4,10,17,0,14.130597114563,14.2113857269287,14,0,1.03601227461826,0.127851221129276,1.01356246578756,0.00620211307011687,1.04396939063043,0,0.192920684814453,0.376706123352051
32.629000000000005,45.1929697,45.164,0,1,0,17.1197280883789,45169,17.4343147277832,4279,0,4,10,10,0,18.2977485656738,18.4901161193848,18,0,1.03735450780766,0.0347742616572759,1.01380023280968,0.0116103414036388,1.04248792482114,0,0.457798004150391,0.655494689941406
32.655,45.2191331,45.19,0,1,0,21.8927536010742,45194,22.0127830505371,4279,0,4,10,12,0,22.4844284057617,22.6364803314209,22,0,1.03677926501221,-0.0328532476007695,1.01435246589332,0.0323857874274154,1.04072825216928,0,0.38409423828125,0.38409423828125
32.68899999999999,45.251374,45.224,0,1,0,20.2983779907227,45229,20.1528778076172,4279,0,4,10,17,0,18.862735748291,18.5667953491211,18,0,1.03582052701978,-0.0138954280350845,1.0156716893709,0.0440107559569469,1.03809492373793,0,0.880630493164063,0.581245422363281
32.72,45.283226,45.255,0,1,0,13.3428993225098,45259,13.2080354690552,4279,0,4,10,5,0,12.1983280181885,11.9742565155029,11,0,1.03658751741372,0.0331190984832119,1.01710596140757,0.0474840898729099,1.03511517972497,0,0.197340965270996,0.961271286010742
32.751999999999995,45.3148603,45.287,0,1,0,7.59847640991211,45291,7.41657209396362,4279,0,4,10,7,0,7.21377229690552,7.30275344848633,7,0,1.03812149820161,0.0468741593301729,1.01804168968818,-0.00114528222763965,1.03182950905544,0,0.871313571929932,0.797965526580811
32.785,45.3477748,45.32,0,1,0,7.33868741989136,45324,7.49173212051392,4279,0,4,10,0,0,7.6599760055542,7.6599760055542,7,0,1.03908023619404,0.0247047472685153,1.01804168968818,-2.85353962681256e-11,1.02790174381914,0,0.700092792510986,0.696597099304199
32.81,45.3734073,45.345,0,1,0,8.11843109130859,45350,8.14988803863525,4279,0,4,10,5,0,7.79998779296875,7.79998779296875,7,0,1.03908023619404,-0.000860437006167558,1.01804168968818,0,1.02463187221717,0,0.738022327423096,0.60479211807251
32.836,45.3996778,45.371,0,1,0,5.20416212081909,45376,4.88250398635864,4279,0,4,10,0,0,4.03241586685181,3.85562944412231,3,0,1.03908023619404,-5.77615796828468e-05,1.01804168968818,0,1.02081647739883,0,0.594271421432495,0.41055965423584
32.861999999999995,45.426961,45.397,0,1,0,0.509079933166504,45402,0.118353575468063,4279,0,4,10,-10,0,-1.07132244110107,-1.19904327392578,-2,0,1.03908023619404,-3.87756449526933e-06,1.01803401978425,-0.000215979967720159,1.01670730102849,0,0.425839424133301,0.223253726959229
32.888999999999996,45.4530773,45.424,0,1,0,-4.93282127380371,45429,-5.12688112258911,4279,0,4,10,-3,0,-6.22010374069214,-6.42032051086426,-7,0,1.03908023619404,-2.87690909317462e-07,1.01802634988031,-1.56658303467339e-05,1.01247375769252,0,0.0905551910400391,0.0905551910400391
32.915000000000006,45.478154,45.45,0,1,0,-9.98092842102051,45455,-10.1830215454102,4279,0,4,10,-1,0,-11.3143787384033,-11.3143787384033,-12,0,1.03908023619404,-2.35907009482617e-08,1.01801101007243,-2.67638206423726e-05,1.00814822006349,0,0.186336517333984,0.186336517333984
32.94,45.503656,45.475,0,1,0,-14.6404800415039,45480,-15.0220918655396,4279,0,4,10,-15,0,-15.9392948150635,-16.1341857910156,-17,0,1.03908023619404,-1.750322553562e-09,1.01798800036061,-7.76304686951335e-05,1.00338580747122,0,0.504550933837891,0.325767517089844
32.965999999999994,45.531996,45.501,0,1,0,-19.5964221954346,45508,-19.9042129516602,4279,0,4,10,-12,0,-20.6184730529785,-20.6184730529785,-21,0,1.03908023619404,-1.06183506431989e-10,1.01797266055273,-2.6647535378288e-05,0.99795763277663,0,0.00211143493652344,0.00211143493652344
33.001999999999995,45.5644457,45.537,0,1,0,-24.7497291564941,45541,-24.892520904541,4279,0,4,10,-15,0,-25.5967636108398,-25.5967636108398,-26,0,1.03908023619404,-4.32009983342141e-12,1.01794965084091,-0.000378514096837534,0.991163746855118,0,0.254055023193359,0.101253509521484
33.032,45.5964362,45.567,0,1,0,-29.1256790161133,45572,-29.4319953918457,4279,0,4,10,-36,0,-30.2732887268066,-30.2732887268066,-31,0,1.03908023619404,0.00027476916170599,1.01794198093697,-6.98310964253324e-06,0.98416877376163,0,0.209037780761719,0.00549697875976563
33.06399999999999,45.6288105,45.599,0,1,0,-35.7446479797363,45603,-35.9847869873047,4279,0,4,10,-28,0,-37.1085968017578,-37.3319358825684,-38,0,1.03908023619404,1.36629896587692e-05,1.01791897122515,-0.00111965794462776,0.976775954990501,0,0.774524688720703,0.579311370849609
33.090999999999994,45.6543073,45.626,0,1,0,-41.142261505127,45631,-41.4741859436035,4279,0,4,10,-40,0,-42.2479057312012,-42.2479057312012,-43,0,1.03908023619404,8.29885948405717e-07,1.0178882916094,-0.00111965870030417,0.970725416136547,0,0.537830352783203,0.3743896484375
33.117000000000004,45.6794496,45.652,0,1,0,-45.2303771972656,45657,-45.4607200622559,4279,0,4,10,-57,0,-46.3722763061523,-46.5760383605957,-47,0,1.03908023619404,0.000184214385399173,1.01785761199364,-0.000690200340045521,0.96417880318076,0,0.104320526123047,0.933666229248047
33.141999999999996,45.7053915,45.677,0,1,0,-49.6273002624512,45682,-49.7721366882324,4279,0,4,10,-56,0,-50.5531883239746,-50.5531883239746,-51,0,1.03908023619404,0.0014526457307511,1.01782693237788,-0.000688332747131426,0.95737488159423,0,0.409290313720703,0.206348419189453
33.167,45.7320047,45.702,0,1,0,-53.3907928466797,45709,-53.5245094299316,4279,0,4,10,-45,0,-54.1581268310547,-54.2883949279785,-55,0,1.03908023619404,9.75168568402296e-05,1.01779625276212,-8.01872732836273e-05,0.950315467127049,0,0.768402099609375,0.624893188476563
33.203,45.7658257,45.738,0,1,0,-59.5462608337402,45743,-59.8626136779785,4279,0,4,10,-56,0,-61.3798370361328,-61.7465553283691,-63,0,1.03908023619404,0.00118667697483943,1.01771188381879,-0.00283843752379198,0.940701560964179,0,0.303962707519531,0.874481201171875
33.235,45.7989503,45.77,0,1,0,-70.6996994018555,45774,-70.8755493164063,4279,0,4,10,-70,0,-72.2362670898438,-72.2362670898438,-73,0,1.03898436239479,-0.0018944616126646,1.0170906215997,-0.0376301795794234,0.930959835802462,0,0.0515899658203125,0.84051513671875
33.266000000000005,45.831226,45.801,0,1,0,-77.0645751953125,45805,-77.3527679443359,4279,0,4,10,-84,0,-78.3454742431641,-78.5717926025391,-79,0,1.03869674099706,-0.0150290808576301,1.01601683504818,-0.040456229887468,0.920817886757193,0,0.702568054199219,0.702568054199219
33.293000000000006,45.8570215,45.828,0,1,0,-81.7130126953125,45833,-81.9819030761719,4279,0,4,10,-78,0,-83.1473617553711,-83.3583908081055,-84,0,1.03792975060312,-0.0310093513032825,1.01478198051393,-0.0532864241127982,0.912870805436476,0,0.962173461914063,0.962173461914063
33.31999999999999,45.8832655,45.855,0,1,0,-86.8981323242188,45860,-87.1172561645508,4279,0,4,10,-89,0,-88.0212249755859,-88.1613311767578,-89,0,1.03677926501221,-0.054277503239291,1.01275712587392,-0.0945851403849929,0.904035031188342,0,0.0702743530273438,0.0702743530273438
33.345,45.9080222,45.88,0,1,0,-90.2296295166016,45885,-90.4945983886719,4279,0,4,10,-96,0,-91.0422973632813,-91.1409912109375,-92,0,1.03524528422432,-0.0657389049686117,1.01023372747785,-0.107739595887892,0.895962512103572,0,0.0800018310546875,0.0800018310546875
33.372,45.9347907,45.907,0,1,0,-92.8728942871094,45912,-92.9304809570313,4279,0,4,10,-92,0,-93.1589202880859,-93.1589202880859,-94,0,1.03275256544401,-0.113200206953024,1.0066058629145,-0.159822803332304,0.886637495386495,0,0.874015808105469,0.841842651367188
33.406000000000006,45.9685249,45.941,0,1,0,-93.1947860717773,45945,-93.1190795898438,4279,0,4,10,-89,0,-92.8873672485352,-92.7981414794922,-93,0,1.02747950648565,-0.187419908511174,1.0006923669772,-0.198812125074824,0.874532246142045,0,0.550750732421875,0.560531616210938
33.437,45.9994907,45.972,0,1,0,-90.948860168457,45976,-90.8138732910156,4279,0,4,10,-85,0,-90.4543609619141,-90.4543609619141,-91,0,1.01961785494774,-0.271325898149598,0.994004210742017,-0.222434539952701,0.863147134459742,0,0.471923828125,0.542694091796875
33.467,46.0330171,46.002,0,1,0,-91.272705078125,46007,-91.4987182617188,4279,0,4,10,-91,0,-92.0494537353516,-92.2093200683594,-93,0,1.01012634882269,-0.328340150367467,0.986901879694106,-0.238008104692881,0.850667775930597,0,0.493431091308594,0.45172119140625
33.495000000000005,46.057825,46.03,0,1,0,-95.5084609985352,46035,-95.9621658325195,4279,0,4,10,-91,0,-96.8439178466797,-96.8439178466797,-98,0,1.00159358069008,-0.312946070252337,0.98000663605256,-0.255530117359399,0.840969953808901,0,0.775642395019531,0.516014099121094
33.519999999999996,46.0830241,46.055,0,1,0,-100.570640563965,46060,-100.889511108398,4279,0,4,10,-101,0,-101.500938415527,-101.607192993164,-102,0,0.995074162341567,-0.264526518044931,0.973149741930711,-0.298307447067828,0.830664140642621,0,0.677566528320313,0.677566528320313
33.545,46.1076912,46.08,0,1,0,-102.734100341797,46085,-102.752655029297,4279,0,4,10,-101,0,-102.775894165039,-102.749008178711,-103,0,0.989513481985481,-0.248035484271895,0.965341779720373,-0.348119991539988,0.820954263297529,0,0.424209594726563,0.406082153320313
33.571,46.1347253,46.106,0,1,0,-101.733551025391,46111,-101.533950805664,4279,0,4,10,-108,0,-100.919166564941,-100.803344726563,-101,0,0.982322947042267,-0.299093323382749,0.955363234695177,-0.357284595791498,0.809807624454241,0,0.09857177734375,0.289497375488281
33.596999999999994,46.1604936,46.132,0,1,0,-98.3901519775391,46137,-98.3101959228516,4279,0,4,10,-101,0,-97.8143157958984,-97.6968307495117,-98,0,0.973310809913439,-0.39733941076156,0.946903330649988,-0.323622964878268,0.799278791335576,0,0.104095458984375,0.254180908203125
33.623000000000005,46.1861209,46.158,0,1,0,-96.0849761962891,46162,-96.0685577392578,4279,0,4,10,-98,0,-96.0568923950195,-96.0440368652344,-97,0,0.961805954004297,-0.461463410339547,0.938481776124496,-0.332030806794705,0.788119641705419,0,0.777923583984375,0.777923583984375
33.647999999999996,46.2111301,46.183,0,1,0,-97.1158752441406,46188,-97.2268981933594,4279,0,4,10,-92,0,-97.8769378662109,-97.8769378662109,-99,0,0.950780467091369,-0.462448163670388,0.92971507592173,-0.369517943527171,0.777191308098218,0,0.878433227539063,0.878433227539063
33.685,46.2488421,46.22,0,1,0,-102.254776000977,46225,-102.654762268066,4279,0,4,10,-96,0,-103.274421691895,-103.429054260254,-104,0,0.936207649606455,-0.397807394915617,0.915257306995907,-0.437875709331138,0.76021389059936,0,0.821731567382813,0.720703125
33.715,46.2789357,46.25,0,1,0,-104.891883850098,46255,-104.705703735352,4279,0,4,10,-101,0,-104.665969848633,-104.701675415039,-105,0,0.925469784091256,-0.369174555320683,0.90234885866585,-0.448679706729877,0.746504069662329,0,0.52093505859375,0.560836791992188
33.745999999999995,46.3079809,46.281,0,1,0,-103.256996154785,46286,-103.035255432129,4279,0,4,10,-108,0,-102.293869018555,-102.293869018555,-103,0,0.914444297178328,-0.423402703291913,0.888773128693062,-0.446125276715634,0.732999075345039,0,0.735580444335938,0.670738220214844
33.78,46.3421694,46.315,0,1,0,-99.3033294677734,46319,-99.2582244873047,4279,0,4,10,-92,0,-98.9095993041992,-98.7684020996094,-99,0,0.898145751307043,-0.524421703350185,0.874300019959361,-0.421833579135864,0.716856053005386,0,0.968917846679688,0.03509521484375
33.804,46.3663838,46.339,0,1,0,-97.4823150634766,46344,-97.403938293457,4279,0,4,10,-91,0,-97.3446197509766,-97.3263244628906,-98,0,0.884627545613801,-0.565836354358453,0.863546814636282,-0.436565738900867,0.704777056070247,0,0.45465087890625,0.45465087890625
33.82899999999999,46.3919083,46.364,0,1,0,-98.7111511230469,46369,-99.0842208862305,4279,0,4,10,-101,0,-100.116729736328,-100.423217773438,-101,0,0.870725844723587,-0.553916923336374,0.852655551042294,-0.43652058090629,0.692524165942331,0,0.127593994140625,0.793167114257813
33.854,46.4210522,46.389,0,1,0,-104.751693725586,46394,-104.962554931641,4279,0,4,10,-105,0,-105.87476348877,-106.037200927734,-107,0,0.859029241215959,-0.456822587448869,0.839271568667992,-0.487674651465454,0.678096951720006,0,0.308815002441406,0.304855346679688
33.884,46.4489596,46.419,0,1,0,-106.707885742188,46424,-106.710922241211,4279,0,4,10,-105,0,-106.708351135254,-106.768165588379,-107,0,0.847236763909088,-0.418991607152407,0.825588460040052,-0.511246887092625,0.663953554552235,0,0.727424621582031,0.676101684570313
33.911,46.4757127,46.446,0,1,0,-107.090209960938,46451,-107.004638671875,4279,0,4,10,-100,0,-106.496627807617,-106.365615844727,-107,0,0.835636034200703,-0.45405064022134,0.811851662084536,-0.513530533815583,0.650120610964164,0,0.53912353515625,0.698379516601563
33.938,46.5010095,46.473,0,1,0,-103.367782592773,46477,-103.109230041504,4279,0,4,10,-108,0,-101.805068969727,-101.518569946289,-102,0,0.822884818901404,-0.55003680969196,0.798429330190537,-0.514321385233302,0.63714541808564,0,0.190994262695313,0.359458923339844
33.962999999999994,46.5282117,46.498,0,1,0,-97.9846496582031,46503,-97.8168029785156,4279,0,4,10,-96,0,-97.5320205688477,-97.5149688720703,-98,0,0.806778020628604,-0.62930227099173,0.785628260515631,-0.477428855695734,0.622955732674776,0,0.507080078125,0.52117919921875
33.995000000000005,46.5585512,46.53,0,1,0,-98.2248992919922,46535,-98.3602828979492,4279,0,4,10,-107,0,-99.144416809082,-99.144416809082,-100,0,0.788274377374734,-0.63646877295173,0.770595248794352,-0.497811875530942,0.606979326961806,0,0.026641845703125,0.786956787109375
34.025999999999996,46.5890254,46.561,0,1,0,-104.391555786133,46565,-104.756477355957,4279,0,4,10,-108,0,-105.513229370117,-105.646133422852,-106,0,0.771400588707992,-0.557630281140405,0.754971654469737,-0.516944028857324,0.590243881815221,0,0.360984802246094,0.217529296875
34.057,46.6219973,46.592,0,1,0,-108.099464416504,46597,-108.115158081055,4279,0,4,10,-110,0,-108.15119934082,-108.15119934082,-109,0,0.757019518821564,-0.477051940338015,0.738588739655118,-0.577977524604989,0.572182821886019,0,0.266006469726563,0.312881469726563
34.084999999999994,46.6484627,46.62,0,1,0,-106.575637817383,46624,-106.447654724121,4279,0,4,10,-108,0,-106.563034057617,-106.650527954102,-107,0,0.743884808325293,-0.488455827553139,0.72179931993171,-0.575328246742743,0.557222274323241,0,0.940231323242188,0.940231323242188
34.11,46.6743711,46.645,0,1,0,-105.789169311523,46650,-105.320243835449,4279,0,4,10,-101,0,-103.771484375,-103.771484375,-104,0,0.730462476431294,-0.563135630637021,0.706781648018309,-0.575505851226239,0.543226834713491,0,0.975006103515625,0.975006103515625
34.135999999999996,46.700898,46.671,0,1,0,-98.8119888305664,46676,-98.3333892822266,4279,0,4,10,-87,0,-97.5200653076172,-97.5017547607422,-98,0,0.713396940166066,-0.676602517641868,0.692024752838849,-0.524472039686543,0.527961318160473,0,0.76275634765625,0.84149169921875
34.162000000000006,46.7279554,46.697,0,1,0,-96.6045455932617,46703,-96.6165390014648,4279,0,4,10,-94,0,-97.3137512207031,-97.437255859375,-98,0,0.695180918309924,-0.705517855811195,0.678594751040911,-0.520265358879101,0.512543859217334,0,0.231781005859375,0.904251098632813
34.19,46.7523898,46.725,0,1,0,-102.078063964844,46729,-102.607818603516,4279,0,4,10,-107,0,-103.998107910156,-104.270866394043,-105,0,0.679745236631825,-0.648344089949774,0.665433195880852,-0.531325352153544,0.498136815319562,0,0.789688110351563,0.789688110351563
34.215,46.7777128,46.75,0,1,0,-105.892066955566,46754,-106.068115234375,4279,0,4,10,-96,0,-106.668548583984,-106.870979309082,-108,0,0.665939409540854,-0.587354310579599,0.651527660038668,-0.58103188879079,0.48419037664074,0,0.946197509765625,0.864601135253906
34.239999999999995,46.8026043,46.775,0,1,0,-108.480819702148,46779,-108.481491088867,4279,0,4,10,-117,0,-108.578102111816,-108.611488342285,-109,0,0.652900572843826,-0.520967531359474,0.636379599758298,-0.613973910461368,0.468957589155987,0,0.0999526977539063,0.106491088867188
34.265,46.8305458,46.8,0,1,0,-108.65958404541,46806,-108.363922119141,4279,0,4,10,-108,0,-107.772048950195,-107.649963378906,-108,0,0.639190619552098,-0.542799193177188,0.61890755858428,-0.636293802166847,0.45241320561281,0,0.797164916992188,0.924896240234375
34.307,46.8711549,46.842,0,1,0,-101.373550415039,46846,-100.662818908691,4279,0,4,10,-98,0,-99.1037292480469,-98.8097915649414,-99,0,0.615701538737599,-0.66292009403935,0.594049399916593,-0.597921972756353,0.428536752844185,0,0.751884460449219,0.11151123046875
34.337999999999994,46.9023209,46.873,0,1,0,-90.3308639526367,46878,-89.9071044921875,4279,0,4,10,-85,0,-90.3989562988281,-90.5901184082031,-91,0,0.592595953120072,-0.760543970928552,0.575679979981663,-0.54078273748496,0.409845545513198,0,0.50140380859375,0.211135864257813
34.367999999999995,46.9337658,46.903,0,1,0,-100.004425048828,46908,-100.564674377441,4279,0,4,10,-100,0,-101.471267700195,-101.471267700195,-102,0,0.571216095888916,-0.749950033839582,0.560332502198867,-0.549022873764784,0.3903883867113,0,0.245925903320313,0.975753784179688
34.394999999999996,46.9594305,46.93,0,1,0,-106.312515258789,46936,-106.589462280273,4279,0,4,10,-92,0,-107.704940795898,-107.885871887207,-109,0,0.554725802419145,-0.616145738490786,0.544026286423643,-0.609807646213198,0.375077273860639,0,0.841812133789063,0.687896728515625
34.42100000000001,46.9842894,46.956,0,1,0,-110.455726623535,46961,-110.511840820313,4279,0,4,10,-114,0,-110.641616821289,-110.633804321289,-111,0,0.541974587119846,-0.515029389452138,0.528042206613874,-0.663470833141787,0.359673616305058,0,0.537521362304688,0.537521362304688
34.446,47.0104543,46.981,0,1,0,-110.148498535156,46986,-110.0703125,4279,0,4,10,-114,0,-109.770072937012,-109.770072937012,-110,0,0.529894488415246,-0.522068514982379,0.510355408129553,-0.677014205953526,0.343559726717413,0,0.758544921875,0.758544921875
34.471999999999994,47.0356138,47.007,0,1,0,-105.332336425781,47011,-104.399459838867,4279,0,4,10,-98,0,-102.736267089844,-102.62419128418,-103,0,0.51455468053639,-0.622415058344814,0.493673367061296,-0.661087724843924,0.327979086459666,0,0.821380615234375,0.150527954101563
34.497,47.0631528,47.032,0,1,0,-95.5047302246094,47037,-93.9405364990234,4279,0,4,10,-101,0,-89.4617385864258,-88.8463821411133,-89,0,0.495379920687819,-0.775117181526525,0.476546471564553,-0.596429657213378,0.310432879782425,0,0.938072204589844,0.207618713378906
34.525000000000006,47.087774,47.06,0,1,0,-83.5143737792969,47064,-83.3837585449219,4279,0,4,10,-92,0,-85.1529846191406,-85.1529846191406,-86,0,0.476205160839249,-0.822605967547645,0.462410838604187,-0.546496012053808,0.294685269347342,0,0.392288208007813,0.117477416992188
34.55,47.1153065,47.085,0,1,0,-90.7447280883789,47090,-90.8186645507813,4279,0,4,10,-87,0,-92.9306945800781,-93.7125549316406,-95,0,0.455496420202793,-0.809293799627994,0.448321225067458,-0.539097527341937,0.278864949731515,0,0.969314575195313,0.989028930664063
34.586,47.1491551,47.121,0,1,0,-110.376823425293,47125,-110.659393310547,4279,0,4,10,-100,0,-110.844413757324,-110.838165283203,-111,0,0.434308310570122,-0.593220713012215,0.428187727226458,-0.660301577814209,0.256601786225449,0,0.432899475097656,0.453453063964844
34.616,47.1791419,47.151,0,1,0,-111.448661804199,47155,-111.480056762695,4279,0,4,10,-119,0,-111.474563598633,-111.449111938477,-112,0,0.420406609679909,-0.452227427765536,0.406397530134543,-0.722681140312943,0.236779012245403,0,0.664886474609375,0.697196960449219
34.647000000000006,47.2103903,47.182,0,1,0,-109.510757446289,47186,-109.238945007324,4279,0,4,10,-119,0,-107.386459350586,-106.855392456055,-107,0,0.404491559005595,-0.603439216648496,0.383932381495958,-0.704724280773746,0.216866410085811,0,0.330902099609375,0.57427978515625
34.681,47.2449623,47.216,0,1,0,-90.1182403564453,47220,-87.848991394043,4279,0,4,10,-82,0,-82.0280685424805,-81.4593505859375,-81,0,0.378318011812296,-0.862026108435884,0.360577524000399,-0.672078349909498,0.194285949006939,0,0.424858093261719,0.865432739257813
34.708,47.2717545,47.243,0,1,0,-78.0770568847656,47247,-79.5818634033203,4279,0,4,10,-80,0,-82.5563812255859,-83.5484161376953,-85,0,0.354637183399312,-0.912833354407667,0.3452683957373,-0.523761414773389,0.176801969862158,0,0.477890014648438,0.64971923828125
34.733999999999995,47.2975403,47.269,0,1,0,-85.3637542724609,47274,-88.1280975341797,4279,0,4,10,-96,0,-95.4321899414063,-96.2518005371094,-97,0,0.331915092978756,-0.897963428569312,0.33118645210451,-0.564326616808046,0.159917396563957,0,0.878219604492188,0.878219604492188
34.759,47.3244957,47.294,0,1,0,-105.265922546387,47299,-105.830940246582,4279,0,4,10,-119,0,-109.450759887695,-109.450759887695,-110,0,0.314561935315799,-0.637875411430912,0.314734508154436,-0.654602555894371,0.142990146403119,0,0.15032958984375,0.15032958984375
34.787000000000006,47.3509878,47.322,0,1,0,-111.592781066895,47327,-111.679534912109,4279,0,4,10,-107,0,-111.827514648438,-111.835655212402,-112,0,0.303057079406657,-0.442694529588891,0.29618101052496,-0.753385807371558,0.125371520311699,0,0.325180053710938,0.36181640625
34.818,47.3813579,47.353,0,1,0,-111.648727416992,47358,-111.57145690918,4279,0,4,10,-117,0,-111.28889465332,-111.174499511719,-112,0,0.290689359304329,-0.465923883361711,0.272457997640308,-0.768883199029005,0.105098542025138,0,0.12310791015625,0.12310791015625
34.849000000000004,47.4125375,47.384,0,1,0,-103.395973205566,47388,-103.038619995117,4279,0,4,10,-105,0,-100.222152709961,-100.222152709961,-100,0,0.271706347054244,-0.710660441924801,0.250215276215966,-0.708278721464694,0.0854414886339056,0,0.472541809082031,0.472541809082031
34.882000000000005,47.4451785,47.417,0,1,0,-66.1593933105469,47422,-65.3088531494141,4279,0,4,10,-70,0,-62.426830291748,-62.2954521179199,-63,0,0.240355614701831,-1.02137475950246,0.228402069412233,-0.554265553711815,0.0637839368429695,0,0.491878509521484,0.236278533935547
34.907,47.4696281,47.442,0,1,0,-68.5517578125,47446,-69.2833709716797,4279,0,4,10,-57,0,-73.7731475830078,-73.7731475830078,-75,0,0.21542842689869,-1.05524921194615,0.215907795894904,-0.484386541820697,0.0473579437785602,0,0.446685791015625,0.446685791015625
34.932,47.4956951,47.467,0,1,0,-90.7722015380859,47471,-91.7531509399414,4279,0,4,10,-82,0,-95.7337646484375,-96.3617706298828,-98,0,0.192322841281162,-0.95173525614598,0.203275464106666,-0.534431829246699,0.0309202658501519,0,0.169654846191406,0.169654846191406
34.956999999999994,47.524518,47.492,0,1,0,-107.302940368652,47497,-107.793266296387,4279,0,4,10,-101,0,-109.137115478516,-109.547286987305,-110,0,0.171805848243192,-0.730340952968049,0.186815850252653,-0.645381517202878,0.0118432727978268,0,0.355506896972656,0.265335083007813
34.991,47.555196,47.526,0,1,0,-111.33642578125,47531,-111.386032104492,4279,0,4,10,-121,0,-111.446022033691,-111.457481384277,-112,0,0.154452690580236,-0.540847290494753,0.16458079873225,-0.765007674636479,-0.00855356203404874,0,0.523681640625,0.52197265625
35.021,47.5850748,47.556,0,1,0,-111.337585449219,47561,-111.29541015625,4279,0,4,10,-117,0,-111.209922790527,-111.20092010498,-112,0,0.142084970477908,-0.426219568051295,0.140244193532445,-0.847528696728773,-0.0276316849488227,0,0.005279541015625,0.0457000732421875
35.05200000000001,47.6173486,47.587,0,1,0,-109.537673950195,47592,-109.217483520508,4279,0,4,10,-117,0,-108.587844848633,-108.359313964844,-109,0,0.12770390059148,-0.498846123800092,0.111919238284136,-0.859634972799839,-0.0493297598292898,0,0.929359436035156,0.969406127929688
35.086,47.652131,47.621,0,1,0,-78.4004364013672,47626,-76.5204620361328,4279,0,4,10,-71,0,-71.0671310424805,-68.7234497070313,-68,0,0.102201469992881,-0.854691457171796,0.0850055453606828,-0.700697904306807,-0.0723194898142363,0,0.922969818115234,0.793857574462891
35.114000000000004,47.6790177,47.649,0,1,0,-54.0670051574707,47654,-54.1086807250977,4279,0,4,10,-57,0,-55.0839805603027,-55.3976058959961,-56,0,0.0758361752010964,-1.03594013651923,0.0695430190187955,-0.507779009623746,-0.0893755515307692,0,0.797031402587891,0.642692565917969
35.141000000000005,47.7058104,47.676,0,1,0,-59.2713737487793,47681,-59.0495414733887,4279,0,4,10,-56,0,-60.0916366577148,-60.4737167358398,-61,0,0.0462111712350549,-1.14370150090752,0.0571944736763161,-0.433800991627294,-0.10706230874021,0,0.220966339111328,0.820343017578125
35.168000000000006,47.7333195,47.703,0,1,0,-73.0141906738281,47709,-76.3223876953125,4279,0,4,10,-71,0,-87.0726852416992,-89.1968612670898,-90,0,0.0171614100644706,-1.04480975803534,0.0446311710235327,-0.446761313000977,-0.125371520313101,0,0.7447509765625,0.89739990234375
35.209,47.7735655,47.744,0,1,0,-111.415618896484,47748,-111.519241333008,4279,0,4,10,-124,0,-111.892349243164,-111.892349243164,-112,0,-0.00757403014018535,-0.530285544538522,0.0217058281485818,-0.721027933875341,-0.151458824011569,0,0.111434936523438,0.148887634277344
35.239000000000004,47.8041073,47.774,0,1,0,-110.653541564941,47779,-110.601005554199,4279,0,4,10,-108,0,-111.064331054688,-111.178680419922,-112,0,-0.0222427214243418,-0.384683692258065,-0.00271514599455759,-0.837156324519064,-0.171611532968604,0,0.356346130371094,0.348358154296875
35.269999999999996,47.8367657,47.805,0,1,0,-111.146903991699,47810,-111.10750579834,4279,0,4,10,-107,0,-110.865608215332,-110.811874389648,-111,0,-0.0322135965455985,-0.314212956591277,-0.0317380625013539,-0.906978784011343,-0.19234595393328,0,0.311836242675781,0.311836242675781
35.29900000000001,47.8633934,47.834,0,1,0,-107.015228271484,47839,-106.484664916992,4279,0,4,10,-94,0,-102.679092407227,-101.74365234375,-101,0,-0.0426638406630694,-0.457831460752743,-0.0555377744253996,-0.900494269384779,-0.209780480002741,0,0.588912963867188,0.0712738037109375
35.325,47.8909118,47.86,0,1,0,-66.8328552246094,47866,-64.3184661865234,4279,0,4,10,-70,0,-56.3737564086914,-55.6118240356445,-55,0,-0.0625097171063399,-0.822234824183198,-0.0786702047067151,-0.731264662784554,-0.227154633187986,0,0.265110015869141,0.372810363769531
35.352999999999994,47.9186669,47.888,0,1,0,-51.4931449890137,47893,-51.334342956543,4279,0,4,10,-42,0,-51.1842613220215,-51.2963829040527,-52,0,-0.0892585070950958,-1.04598616409238,-0.0943781679746641,-0.514764285793902,-0.245742807537014,0,0.717342376708984,0.717342376708984
35.394999999999996,47.9592766,47.93,0,1,0,-54.1108665466309,47935,-54.3612747192383,4279,0,4,10,-59,0,-55.9101028442383,-56.1433410644531,-57,0,-0.139879873095322,-1.28694823140944,-0.113146422914445,-0.380198087289074,-0.271246515528154,0,0.837120056152344,0.251926422119141
35.425,47.9885063,47.96,0,1,0,-90.3731231689453,47965,-95.4808578491211,4279,0,4,10,-100,0,-108.288772583008,-108.288772583008,-109,0,-0.164327691902249,-0.708038443734097,-0.124858366229952,-0.473803849308212,-0.28963049131737,0,0.0502166748046875,0.850837707519531
35.456999999999994,48.022116,47.992,0,1,0,-111.79207611084,47996,-111.742477416992,4279,0,4,10,-103,0,-111.225433349609,-111.046783447266,-111,0,-0.179763373580349,-0.620593715516179,-0.145398368979741,-0.76441216297323,-0.311061216831005,0,0.182907104492188,0.727821350097656
35.483999999999995,48.0477271,48.019,0,1,0,-102.349433898926,48023,-102.033737182617,4279,0,4,10,-107,0,-101.319030761719,-101.611434936523,-102,0,-0.196924783644819,-0.56746056869153,-0.167779148674992,-0.879206973896629,-0.326729088257309,0,0.53436279296875,0.1097412109375
35.510000000000005,48.0742493,48.045,0,1,0,-109.291076660156,48049,-109.323364257813,4279,0,4,10,-103,0,-108.951477050781,-108.812614440918,-109,0,-0.20334832819409,-0.278401197905254,-0.192039054835403,-0.906770110329688,-0.343559726718747,0,0.523017883300781,0.74017333984375
35.536,48.1004501,48.071,0,1,0,-103.228500366211,48076,-101.669662475586,4279,0,4,10,-98,0,-95.8681182861328,-94.6578750610352,-94,0,-0.211881096326704,-0.387704839855729,-0.21609954349339,-0.918665632273189,-0.359673616306381,0,0.301528930664063,0.393630981445313
35.562,48.1279425,48.097,0,1,0,-66.7657241821289,48102,-62.5823402404785,4279,0,4,10,-66,0,-55.7353820800781,-55.7353820800781,-55,0,-0.227892020800261,-0.673633080625876,-0.239254983486523,-0.766209292105174,-0.376305618730963,0,0.465000152587891,0.716888427734375
35.589,48.1532885,48.124,0,1,0,-49.2015266418457,48129,-48.5643157958984,4279,0,4,10,-49,0,-46.8719596862793,-46.4614868164063,-47,0,-0.250997606417788,-0.989681701347706,-0.255867995419325,-0.557510604320868,-0.392219321606275,0,0.699802398681641,0.677158355712891
35.614999999999995,48.1782867,48.15,0,1,0,-43.4676513671875,48154,-43.4588279724121,4279,0,4,10,-47,0,-44.1773109436035,-44.4377517700195,-45,0,-0.279184503395187,-1.19848368166396,-0.267411200848164,-0.423813771199207,-0.407422300516417,0,0.671230316162109,0.428730010986328
35.64,48.203893,48.175,0,1,0,-49.4051246643066,48180,-50.0439147949219,4279,0,4,10,-54,0,-51.8875579833984,-52.341724395752,-53,0,-0.312069216535485,-1.32004561922827,-0.277136639043359,-0.351727215906067,-0.422524754070294,0,0.113620758056641,0.488452911376953
35.666,48.2308283,48.201,0,1,0,-68.2451400756836,48207,-78.0432815551758,4279,0,4,10,-80,0,-100.328758239746,-102.807342529297,-105,0,-0.331915092978756,-0.627126334596994,-0.287774795807346,-0.479398245650316,-0.439315558471135,0,0.991279602050781,0.991279602050781
35.69199999999999,48.2559969,48.227,0,1,0,-110.987670898438,48232,-110.836090087891,4279,0,4,10,-119,0,-109.662246704102,-109.234497070313,-110,0,-0.343515822687141,-0.613178578881104,-0.30314528330196,-0.716910729048095,-0.454192606428894,0,0.622238159179688,0.205398559570313
35.718,48.2827266,48.253,0,1,0,-78.9803771972656,48258,-75.6824035644531,4279,0,4,10,-71,0,-75.6910858154297,-76.3398895263672,-78,0,-0.362115339740254,-0.651744973457028,-0.324498295869329,-0.7803976139665,-0.469545805886753,0,0.146041870117188,0.146041870117188
35.744,48.308922,48.279,0,1,0,-95.6933898925781,48284,-96.1884307861328,4279,0,4,10,-92,0,-97.26904296875,-97.07275390625,-97,0,-0.372182088660754,-0.395028135094265,-0.346434221136093,-0.848019523589414,-0.485356829008322,0,0.15472412109375,0.879402160644531
35.771,48.334148,48.306,0,1,0,-97.9357147216797,48310,-97.5863952636719,4279,0,4,10,-107,0,-93.6048583984375,-92.5573272705078,-93,0,-0.378318011812296,-0.328754941956902,-0.368630923136798,-0.846461465389041,-0.499872220475764,0,0.3370361328125,0.414016723632813
35.79900000000001,48.3623002,48.334,0,1,0,-68.0725555419922,48339,-66.3219604492188,4279,0,4,10,-71,0,-58.5260887145996,-57.2920837402344,-58,0,-0.39221971270251,-0.585795845080384,-0.39114209119902,-0.75575993607481,-0.5159828654765,0,0.665840148925781,0.161754608154297
35.831999999999994,48.3948489,48.367,0,1,0,-43.1846923828125,48371,-42.8127250671387,4279,0,4,10,-43,0,-41.6474151611328,-41.6474151611328,-42,0,-0.417530395702623,-0.895984379468018,-0.411329278367595,-0.531179422111563,-0.534199193946479,0,0.0256233215332031,0.0256233215332031
35.861999999999995,48.4282471,48.397,0,1,0,-40.324462890625,48403,-40.436897277832,4279,0,4,10,-38,0,-41.1213874816895,-41.1213874816895,-42,0,-0.45070273024065,-1.1922188554542,-0.425771707485539,-0.361955586116949,-0.553317261955005,0,0.116935729980469,0.524829864501953
35.89,48.4567202,48.425,0,1,0,-53.5131454467773,48431,-54.8477935791016,4279,0,4,10,-56,0,-60.1210670471191,-61.3424377441406,-63,0,-0.481765841195334,-0.892754342532783,-0.435665883567401,-0.377006790034159,-0.568872335554926,0,0.818939208984375,0.117782592773438
35.918000000000006,48.4837634,48.453,0,1,0,-107.098403930664,48458,-107.900360107422,4279,0,4,10,-103,0,-108.334411621094,-108.334411621094,-109,0,-0.491257347320377,-0.416365616172357,-0.449579089313524,-0.616012643568183,-0.583705176956177,0,0.388458251953125,0.388458251953125
35.946,48.5116601,48.481,0,1,0,-73.8688278198242,48486,-68.9255523681641,4279,0,4,10,-71,0,-62.0524749755859,-61.4301795959473,-62,0,-0.511966087956833,-0.756989725004587,-0.468937926856641,-0.745381931508859,-0.598909894994061,0,0.681674957275391,0.681674957275391
35.973,48.5378859,48.508,0,1,0,-77.2874298095703,48513,-78.6610870361328,4279,0,4,10,-75,0,-83.9545059204102,-84.6700744628906,-85,0,-0.522032836877332,-0.346041281519319,-0.489094434409458,-0.751511564882094,-0.613396087685128,0,0.024627685546875,0.024627685546875
36.003,48.5665238,48.538,0,1,0,-72.0790939331055,48542,-70.8724746704102,4279,0,4,10,-71,0,-69.7385940551758,-70.4316864013672,-72,0,-0.532291333396318,-0.34222371221199,-0.510708223710767,-0.721593223441175,-0.628232294157145,0,0.659912109375,0.503143310546875
36.033,48.5986436,48.568,0,1,0,-58.2097663879395,48574,-56.9055976867676,4279,0,4,10,-71,0,-52.7698173522949,-52.7698173522949,-53,0,-0.548685753066845,-0.636388082252779,-0.531294245884192,-0.592602699202416,-0.644949604315559,0,0.0655097961425781,0.670093536376953
36.065,48.6323156,48.6,0,1,0,-42.7944297790527,48605,-42.6693458557129,4279,0,4,10,-40,0,-42.3979454040527,-42.324031829834,-43,0,-0.576201533449544,-1.00775618363377,-0.548582209363663,-0.437190632933834,-0.662425924514709,0,0.648628234863281,0.507167816162109
36.096000000000004,48.662418,48.631,0,1,0,-48.5316886901855,48636,-49.9397811889648,4279,0,4,10,-49,0,-54.0264320373535,-54.0264320373535,-55,0,-0.6049636732224,-0.803748452416357,-0.56096910422584,-0.41638239805684,-0.677093617658798,0,0.839607238769531,0.228462219238281
36.126000000000005,48.6928112,48.661,0,1,0,-87.6017303466797,48666,-87.9821243286133,4279,0,4,10,-87,0,-87.5605773925781,-87.046875,-87,0,-0.618098383718671,-0.500504078115,-0.575626290654087,-0.577918713316421,-0.692524165943387,0,0.866935729980469,0.659378051757813
36.156000000000006,48.7254784,48.691,0,1,0,-60.0914115905762,48697,-59.1057472229004,4279,0,4,10,-61,0,-57.6378211975098,-57.6166152954102,-58,0,-0.638998871953612,-0.598505855327176,-0.596657167255999,-0.651474856067352,-0.708661398212961,0,0.891487121582031,0.361942291259766
36.187,48.7516681,48.722,0,1,0,-68.9283905029297,48728,-69.4877700805664,4279,0,4,10,-57,0,-70.8073043823242,-70.6758880615234,-71,0,-0.648490378078655,-0.372501542066516,-0.614389985163957,-0.659732326253788,-0.72116134757565,0,0.669357299804688,0.669357299804688
36.212999999999994,48.7784609,48.748,0,1,0,-59.6677093505859,48753,-58.7597198486328,4279,0,4,10,-64,0,-54.0645866394043,-53.5344734191895,-54,0,-0.661241593377954,-0.519891964096473,-0.630872608729788,-0.606643078155685,-0.733468841930745,0,0.197109222412109,0.523334503173828
36.239999999999995,48.8050997,48.775,0,1,0,-58.9019889831543,48780,-58.6693458557129,4279,0,4,10,-59,0,-55.9428253173828,-55.9428253173828,-56,0,-0.673225818283311,-0.523384137355833,-0.646120377761372,-0.527820498200526,-0.746504069663316,0,0.0698928833007813,0.256664276123047
36.266999999999996,48.8337067,48.802,0,1,0,-49.5158424377441,48808,-48.827579498291,4279,0,4,10,-50,0,-47.0474739074707,-46.7577934265137,-47,0,-0.691921209135667,-0.749024938922616,-0.660071933027191,-0.446685777000198,-0.75930825228789,0,0.473468780517578,0.447837829589844
36.297,48.8626461,48.832,0,1,0,-47.4904823303223,48837,-48.0169258117676,4279,0,4,10,-45,0,-49.5711326599121,-49.9302139282227,-51,0,-0.711767085578938,-0.697257532490084,-0.672213390963306,-0.432678960661178,-0.772321930471957,0,0.915561676025391,0.482341766357422
36.328,48.8937103,48.863,0,1,0,-60.8824615478516,48868,-61.542911529541,4279,0,4,10,-56,0,-62.655834197998,-62.751392364502,-63,0,-0.727106893457794,-0.519796596768401,-0.686134266613369,-0.467460157983965,-0.785949445925039,0,0.845920562744141,0.0286064147949219
36.358999999999995,48.926062,48.894,0,1,0,-57.6497116088867,48899,-57.307804107666,4279,0,4,10,-57,0,-55.5766258239746,-55.5766258239746,-56,0,-0.744172429723022,-0.578257410334004,-0.701289996797679,-0.531828143015787,-0.799703748545534,0,0.907093048095703,0.803314208984375
36.387,48.9500388,48.922,0,1,0,-56.6623420715332,48927,-56.9690055847168,4279,0,4,10,-52,0,-57.5466575622559,-57.6641998291016,-58,0,-0.756060780829135,-0.436781435644889,-0.716384367750473,-0.538959881281926,-0.810224638899933,0,0.795413970947266,0.804866790771484
36.412000000000006,48.9758811,48.947,0,1,0,-57.0938453674316,48952,-56.6298484802246,4279,0,4,10,-50,0,-55.154857635498,-54.9071159362793,-55,0,-0.766511024946606,-0.434880018948434,-0.729898738491746,-0.541158381502669,-0.820545618448339,0,0.940700531005859,0.140186309814453
36.438,49.0019551,48.973,0,1,0,-50.810718536377,48977,-50.6637268066406,4279,0,4,10,-40,0,-50.0249290466309,-49.8850593566895,-50,0,-0.778207628454234,-0.500254447753832,-0.743535827696049,-0.501216787366388,-0.831064634935664,0,0.043304443359375,0.043304443359375
36.462999999999994,49.0299329,48.998,0,1,0,-49.5940055847168,49003,-49.6594734191895,4279,0,4,10,-45,0,-49.9951210021973,-50.0316848754883,-51,0,-0.790958843753534,-0.475031048468281,-0.756597674104895,-0.445402708071015,-0.842535611920305,0,0.0936279296875,0.0936279296875
36.501000000000005,49.0652168,49.036,0,1,0,-47.2556838989258,49041,-47.0888023376465,4279,0,4,10,-49,0,-46.7826042175293,-46.7713661193848,-47,0,-0.809174865609676,-0.560354914344998,-0.771853113040418,-0.422266475223523,-0.85600702774177,0,0.918632507324219,0.809894561767578
36.532,49.0968185,49.067,0,1,0,-49.0882530212402,49072,-49.352294921875,4279,0,4,10,-47,0,-49.8947105407715,-49.8947105407715,-50,0,-0.824418799689289,-0.493577134283669,-0.784638842907445,-0.41472946019303,-0.867593359186821,0,0.598983764648438,0.598983764648438
36.563,49.1294237,49.098,0,1,0,-49.6474151611328,49103,-49.4650688171387,4279,0,4,10,-50,0,-48.7485618591309,-48.7485618591309,-49,0,-0.83889574337496,-0.503684652571565,-0.798137873840839,-0.455301557111852,-0.879565412894808,0,0.737159729003906,0.875255584716797
36.593999999999994,49.1573965,49.129,0,1,0,-46.3830146789551,49134,-46.4557609558105,4279,0,4,10,-52,0,-46.7519912719727,-46.8477783203125,-47,0,-0.853660308458359,-0.471450815035155,-0.811552535830898,-0.436429183939936,-0.889427187287147,0,0.343902587890625,0.254634857177734
36.623999999999995,49.1883611,49.159,0,1,0,-48.7600936889648,49164,-48.7284622192383,4279,0,4,10,-42,0,-48.5174560546875,-48.4917945861816,-49,0,-0.865356911965987,-0.392103897925153,-0.825120595899747,-0.441474355668902,-0.900024354232346,0,0.176723480224609,0.309261322021484
36.655,49.2202884,49.19,0,1,0,-45.815013885498,49194,-45.5159950256348,4279,0,4,10,-38,0,-44.8349266052246,-44.6823692321777,-45,0,-0.877245263072101,-0.423021006396425,-0.838190112212533,-0.425421675429561,-0.910605174461435,0,0.155704498291016,0.174259185791016
36.681,49.2479105,49.216,0,1,0,-43.5607566833496,49221,-43.5195770263672,4279,0,4,10,-42,0,-43.3664321899414,-43.3437805175781,-44,0,-0.888558371382758,-0.406559782181148,-0.85043127889986,-0.39640171769895,-0.919246584394388,0,0.118839263916016,0.118839263916016
36.709,49.2723165,49.244,0,1,0,-42.0728492736816,49248,-41.9595642089844,4279,0,4,10,-36,0,-41.1826095581055,-41.1826095581055,-42,0,-0.8987209941025,-0.431742783768527,-0.860256425846268,-0.386129061615975,-0.927012061468995,0,0.704395294189453,0.830554962158203
36.733999999999995,49.2981272,49.269,0,1,0,-39.3802604675293,49273,-39.3056983947754,4279,0,4,10,-36,0,-39.3821792602539,-39.3984489440918,-40,0,-0.909458859617699,-0.451044686505497,-0.8694833202854,-0.35308389026568,-0.934845498214779,0,0.838127136230469,0.664115905761719
36.760000000000005,49.3249397,49.295,0,1,0,-41.7435760498047,49300,-41.7653770446777,4279,0,4,10,-43,0,-42.4735450744629,-42.8121452331543,-43,0,-0.91990910373517,-0.400989217718916,-0.878656525396956,-0.315372849710229,-0.942429454455179,0,0.112777709960938,0.112777709960938
36.786,49.3495358,49.321,0,1,0,-42.9517478942871,49326,-42.9113616943359,4279,0,4,10,-50,0,-42.5062561035156,-42.5062561035156,-43,0,-0.929112988462484,-0.373240718532088,-0.887446235311541,-0.359349891516786,-0.949484563365599,0,0.27587890625,0.385379791259766
36.81099999999999,49.3756683,49.346,0,1,0,-40.013858795166,49351,-39.6980171203613,4279,0,4,10,-36,0,-39.13330078125,-38.971622467041,-39,0,-0.938508620788284,-0.396439982431843,-0.896926236580674,-0.36169072862981,-0.956573337839886,0,0.530948638916016,0.575675964355469
36.837,49.4012176,49.372,0,1,0,-38.551097869873,49377,-38.6867599487305,4279,0,4,10,-35,0,-38.9104423522949,-38.9022827148438,-39,0,-0.947233136519383,-0.344549101768621,-0.905792645534653,-0.342448504055369,-0.963406833340035,0,0.825557708740234,0.779983520507813
36.861999999999995,49.4284189,49.397,0,1,0,-39.0434837341309,49402,-38.8597221374512,4279,0,4,10,-42,0,-38.2843170166016,-38.2843170166016,-39,0,-0.955478283254269,-0.32272900608109,-0.914965850646209,-0.340003964832363,-0.96998322622362,0,0.692661285400391,0.845211029052734
36.89,49.4543134,49.425,0,1,0,-35.8489799499512,49430,-35.5314865112305,4279,0,4,10,-33,0,-34.8291358947754,-34.7349662780762,-35,0,-0.96391517758764,-0.339865803930593,-0.923663521713521,-0.329919525038008,-0.976538550986842,0,0.0193977355957031,0.106212615966797
36.916,49.4797214,49.451,0,1,0,-33.3476333618164,49455,-33.3681640625,4279,0,4,10,-31,0,-33.2828178405762,-33.2828178405762,-34,0,-0.972064450523282,-0.342041105719545,-0.931494493635677,-0.299409532810046,-0.982357753102285,0,0.542137145996094,0.522342681884766
36.94199999999999,49.5046193,49.477,0,1,0,-33.9889984130859,49481,-33.9632759094238,4279,0,4,10,-33,0,-34.1340484619141,-34.1209030151367,-35,0,-0.980309597258168,-0.332007424620087,-0.938780902378134,-0.266292707325533,-0.987934573141484,0,0.554737091064453,0.516735076904297
36.965999999999994,49.5323795,49.501,0,1,0,-34.5680618286133,49507,-34.6577072143555,4279,0,4,10,-33,0,-34.8511848449707,-34.9194755554199,-36,0,-0.98845887019381,-0.319768352726442,-0.945982942177257,-0.27128064429337,-0.993891158883228,0,0.287933349609375,0.310211181640625
36.992999999999995,49.5574747,49.528,0,1,0,-34.5564079284668,49533,-34.4506149291992,4279,0,4,10,-38,0,-34.0421104431152,-34.0185546875,-34,0,-0.995553531337781,-0.296271758684497,-0.953161972264562,-0.280951018433598,-0.998949652494632,0,0.413860321044922,0.486965179443359
37.019000000000005,49.5830641,49.554,0,1,0,-32.7331581115723,49558,-32.6881790161133,4279,0,4,10,-29,0,-32.4073905944824,-32.3831634521484,-33,0,-1.00255231868251,-0.279947577648954,-0.960141584849441,-0.274307286846465,-1.00394900723776,0,0.740589141845703,0.740589141845703
37.045,49.6092905,49.58,0,1,0,-31.9247169494629,49584,-31.9166259765625,4279,0,4,10,-40,0,-32.0161666870117,-31.9862194061279,-32,0,-1.00859236803481,-0.25397278891819,-0.967059838202805,-0.255050935979739,-1.00868043994866,0,0.101547241210938,0.0527153015136719
37.06999999999999,49.6341955,49.605,0,1,0,-31.7498531341553,49610,-31.639331817627,4279,0,4,10,-22,0,-31.2398891448975,-31.1733856201172,-31,0,-1.01463241738711,-0.239404401547745,-0.973234110874045,-0.244294942839929,-1.0129760551865,0,0.441764831542969,0.462574005126953
37.105999999999995,49.6704453,49.641,0,1,0,-28.6015815734863,49646,-28.5684680938721,4279,0,4,10,-33,0,-27.9687156677246,-27.9071578979492,-28,0,-1.02306931172048,-0.249639284685145,-0.981839743094084,-0.234999815931246,-1.0187223929286,0,0.852472305297852,0.938446044921875
37.137,49.701825,49.672,0,1,0,-26.0636177062988,49677,-25.9758949279785,4279,0,4,10,-24,0,-25.8987522125244,-25.9156341552734,-26,0,-1.03073921565991,-0.26174780875067,-0.98873498673563,-0.210561420546924,-1.02325308877509,0,0.231258392333984,0.111618041992188
37.169,49.735302,49.704,0,1,0,-26.7721157073975,49708,-26.7183494567871,4279,0,4,10,-29,0,-27.0144271850586,-27.0144271850586,-28,0,-1.03773800300464,-0.231993612938595,-0.995377123547174,-0.182422954732488,-1.02777581328115,0,0.183094024658203,0.114177703857422
37.197,49.7614292,49.732,0,1,0,-28.4987373352051,49738,-28.5248603820801,4279,0,4,10,-24,0,-28.6217098236084,-28.6217098236084,-29,0,-1.04329868336072,-0.205491858800997,-0.999917706679316,-0.1683158259317,-1.03080222498968,0,0.858669281005859,0.808782577514648
37.223,49.7860167,49.758,0,1,0,-29.373218536377,49762,-29.3355712890625,4279,0,4,10,-35,0,-29.0951538085938,-28.9670829772949,-29,0,-1.04751713052741,-0.161874289623256,-1.00430489173267,-0.184431372896142,-1.03367988468482,0,0.412956237792969,0.412956237792969
37.247,49.8120603,49.782,0,1,0,-27.6931419372559,49787,-27.6306838989258,4279,0,4,10,-17,0,-26.9645690917969,-26.832239151001,-27,0,-1.05125620869788,-0.162588609063505,-1.00912159140663,-0.189288316155967,-1.03618672827848,0,0.349878311157227,0.349878311157227
37.278000000000006,49.8425384,49.813,0,1,0,-24.2247352600098,49818,-24.1159191131592,4279,0,4,10,-21,0,-23.4973030090332,-23.3611125946045,-24,0,-1.05604989866002,-0.161271997174026,-1.01459790281938,-0.183921014564135,-1.03894008572231,0,0.377889633178711,0.518596649169922
37.309,49.8731221,49.844,0,1,0,-21.5288619995117,49849,-21.2761783599854,4279,0,4,10,-22,0,-20.759147644043,-20.759147644043,-21,0,-1.06093946242141,-0.177928082522158,-1.01974440836274,-0.152886470004205,-1.04122935285627,0,0.987466812133789,0.987466812133789
37.340999999999994,49.9051032,49.876,0,1,0,-19.8409767150879,49881,-19.9118766784668,4279,0,4,10,-17,0,-19.969654083252,-19.969654083252,-20,0,-1.06669189037598,-0.182707158856374,-1.02404722447276,-0.129040622016191,-1.04332023418453,0,0.0414409637451172,0.0414409637451172
37.373999999999995,49.9385678,49.909,0,1,0,-20.6779937744141,49913,-20.7904853820801,4279,0,4,10,-14,0,-21.1688232421875,-21.2381439208984,-22,0,-1.07186907553509,-0.157765583064474,-1.02798188519368,-0.106739323148759,-1.04496258738101,0,0.496856689453125,0.466524124145508
37.400000000000006,49.964979,49.935,0,1,0,-21.8180122375488,49940,-21.868034362793,4279,0,4,10,-24,0,-21.9509887695313,-21.9509887695313,-22,0,-1.07474528951238,-0.114601006116118,-1.03081207974733,-0.106421740830456,-1.04594018831272,0,0.565177917480469,0.513143539428711
37.426,49.9909001,49.961,0,1,0,-22.6242523193359,49966,-22.5746803283691,4279,0,4,10,-28,0,-22.1894512176514,-22.1818962097168,-23,0,-1.07704626069421,-0.0867673056270633,-1.03356557526159,-0.113991282795723,-1.04665994836361,0,0.331329345703125,0.490278244018555
37.452,50.019366,49.987,0,1,0,-20.1944580078125,49992,-19.9293441772461,4279,0,4,10,-19,0,-19.5114402770996,-19.5114402770996,-20,0,-1.07877198908058,-0.0761407857232825,-1.03658751741372,-0.114057001693709,-1.04706836103345,0,0.485183715820313,0.567584991455078
37.480999999999995,50.0450739,50.016,0,1,0,-17.3255996704102,50020,-17.2199859619141,4279,0,4,10,-12,0,-16.6835708618164,-16.5370864868164,-17,0,-1.08097708646316,-0.0765273624115252,-1.03967081879737,-0.102679587232387,-1.04719672436267,0,0.773422241210938,0.773422241210938
37.506,50.0695081,50.041,0,1,0,-13.8673076629639,50046,-13.7591009140015,4279,0,4,10,-12,0,-13.5287580490112,-13.4341402053833,-14,0,-1.08318218384575,-0.101951052935192,-1.04196412007526,-0.076683727055979,-1.04704686430598,0,0.834752082824707,0.970840454101563
37.531000000000006,50.094713,50.066,0,1,0,-11.4223890304565,50070,-11.4540929794312,4279,0,4,10,-12,0,-11.179536819458,-11.179536819458,-12,0,-1.08577077642531,-0.107152899529638,-1.04349810086315,-0.0516446796298169,-1.04663866110283,0,0.655295372009277,0.559947967529297
37.55500000000001,50.1216747,50.09,0,1,0,-11.9092788696289,50095,-11.8773403167725,4279,0,4,10,-10,0,-11.3277616500854,-11.3277616500854,-12,0,-1.08816762140638,-0.0926010889315876,-1.044909363188,-0.0576194567750008,-1.04590774823418,0,0.320055961608887,0.390046119689941
37.589,50.1538184,50.124,0,1,0,-8.8887357711792,50129,-8.82838153839111,4279,0,4,10,-10,0,-9.08869075775146,-9.11444568634033,-10,0,-1.09075621398593,-0.0786574905705493,-1.04661975176649,-0.039334280900448,-1.04465172781722,0,0.375956535339355,0.247056007385254
37.620000000000005,50.184974,50.155,0,1,0,-11.6012859344482,50160,-11.8353404998779,4279,0,4,10,-10,0,-12.4928255081177,-12.6688842773438,-13,0,-1.09181082577761,-0.0218494064729384,-1.04760149947074,-0.0280169004986419,-1.0430322450122,0,0.72175407409668,0.687864303588867
37.650000000000006,50.214318,50.185,0,1,0,-11.9093608856201,50190,-11.5081329345703,4279,0,4,10,-19,0,-10.9674320220947,-10.8469018936157,-11,0,-1.09190669957685,-0.0030736170901946,-1.04848353842378,-0.0307234700612753,-1.04108823611657,0,0.293905258178711,0.293905258178711
37.684,50.2476728,50.219,0,1,0,-7.67624616622925,50223,-7.56814765930176,4279,0,4,10,-5,0,-6.97439479827881,-6.97439479827881,-7,0,-1.09190669957685,-0.000102432527000929,-1.04918149968226,-0.0120137997764687,-1.03852262963056,0,0.803514957427979,0.887574672698975
37.709,50.2729397,50.244,0,1,0,-5.22537469863892,50249,-5.09295320510864,4279,0,4,10,0,0,-4.50559234619141,-4.50559234619141,-5,0,-1.09190669957685,-8.39948552311398e-06,-1.0492658686256,-3.40095671162999e-05,-1.03628168812383,0,0.23783016204834,0.359644412994385
37.733999999999995,50.297069,50.269,0,1,0,-2.40429925918579,50273,-2.14721488952637,4279,0,4,10,-3,0,-1.64402532577515,-1.51471757888794,-2,0,-1.09200257337609,-0.00867542258379217,-1.04927353852954,-6.49117509965436e-07,-1.03378505961677,0,0.111542195081711,0.111542195081711
37.759,50.3242712,50.294,0,1,0,1.69307208061218,50299,1.9671938419342,4279,0,4,10,0,0,3.16974854469299,3.26975250244141,3,0,-1.09229019477382,-0.0116719903846842,-1.04927353852954,-4.54747350886464e-13,-1.03080222499078,0,0.0924181938171387,0.0924181938171387
37.791,50.3551436,50.326,0,1,0,5.87083959579468,50330,5.98685026168823,4279,0,4,10,1,0,6.42584419250488,6.42584419250488,6,0,-1.09257781617155,-0.00437519264414732,-1.0492658686256,5.07937072597997e-05,-1.02714007534677,0,0.190017223358154,0.190017223358154
37.822,50.3862172,50.357,0,1,0,9.35124111175537,50361,9.49921131134033,4279,0,4,10,3,0,10.4047689437866,10.4047689437866,10,0,-1.09257781617155,-0.000196846423932584,-1.0492658686256,6.13908923696727e-12,-1.02297248276446,0,0.65170955657959,0.65170955657959
37.852999999999994,50.4178963,50.388,0,1,0,14.3825807571411,50393,14.7624435424805,4279,0,4,10,17,0,15.5341291427612,15.7320919036865,15,0,-1.09257781617155,-8.85641338754795e-06,-1.0492658686256,0,-1.01826339949854,0,0.341854095458984,0.485691070556641
37.885999999999996,50.4508049,50.421,0,1,0,21.4419059753418,50425,21.6899719238281,4279,0,4,10,17,0,22.8937435150146,23.1258144378662,23,0,-1.09257781617155,-3.26207100442844e-07,-1.04925819872166,0.00315819612524137,-1.01297605518809,0,0.868648529052734,0.0950241088867188
37.912000000000006,50.47609,50.447,0,1,0,27.4710578918457,50452,27.65061378479,4279,0,4,10,28,0,29.1072006225586,29.1072006225586,29,0,-1.09257781617155,-2.42025635088794e-08,-1.04924285891378,9.22059120966878e-06,-1.00868043995034,0,0.840499877929688,0.077911376953125
37.937,50.5007576,50.472,0,1,0,33.4296760559082,50477,33.6799545288086,4279,0,4,10,28,0,35.1131820678711,35.3667831420898,35,0,-1.09257781617155,-1.98451743926853e-09,-1.0492275191059,0.00317399355208181,-1.00413594790724,0,0.790737152099609,0.0367202758789063
37.962999999999994,50.5283986,50.498,0,1,0,39.5704383850098,50502,39.7920417785645,4279,0,4,10,40,0,41.4000282287598,41.4000282287598,41,0,-1.09257781617155,-1.33240973809734e-10,-1.0491891695862,0.00339855132915545,-0.998949652496509,0,0.000835418701171875,0.165023803710938
37.989000000000004,50.5543524,50.524,0,1,0,44.7324714660645,50529,45.0569000244141,4279,0,4,10,43,0,46.0708656311035,46.2847137451172,46,0,-1.09257781617155,-1.00044417195022e-11,-1.04908946083499,0.00248804002330871,-0.993683709889882,0,0.869602203369141,0.869602203369141
38.016000000000005,50.5809672,50.551,0,1,0,50.0547103881836,50555,50.5030403137207,4279,0,4,10,49,0,51.7643013000488,51.953254699707,52,0,-1.09257781617155,-6.82121026329696e-13,-1.04896674237196,0.00670374707624433,-0.987934573143558,0,0.344402313232422,0.530620574951172
38.042,50.605857,50.577,0,1,0,55.2295188903809,50581,55.4020195007324,4279,0,4,10,47,0,56.2444343566895,56.4225120544434,56,0,-1.09257781617155,0,-1.04875965496559,0.0099329280189977,-0.982357753104452,0,0.539012908935547,0.685222625732422
38.06699999999999,50.6349996,50.602,0,1,0,60.0691108703613,50609,60.5800590515137,4279,0,4,10,59,0,61.8031425476074,62.1327857971191,62,0,-1.09257781617155,0,-1.04844518890408,0.00779129425177416,-0.975585080692421,0,0.856597900390625,0.186935424804688
38.099999999999994,50.6638019,50.635,0,1,0,68.8740844726563,50639,69.2633590698242,4279,0,4,10,80,0,70.1523895263672,70.3893661499023,70,0,-1.09257781617155,0,-1.04807703351499,0.0158023146225332,-0.968488509832661,0,0.833175659179688,0.164970397949219
38.129000000000005,50.6932625,50.664,0,1,0,76.2920074462891,50669,76.9284820556641,4279,0,4,10,75,0,77.7739944458008,77.7739944458008,77,0,-1.09238606857306,0.00738585577073536,-1.04727169360135,0.0412524394714637,-0.961070396617254,0,0.93896484375,0.948707580566406
38.161,50.7264586,50.696,0,1,0,79.5371627807617,50701,79.5848693847656,4279,0,4,10,70,0,79.4318542480469,79.4504852294922,79,0,-1.09161907817912,0.0389247786388296,-1.04517780982588,0.0843577724281204,-0.951967142140348,0,0.888031005859375,0.897300720214844
38.187,50.7526373,50.722,0,1,0,80.9569702148438,50727,81.2866897583008,4279,0,4,10,75,0,81.9502792358398,81.9502792358398,82,0,-1.09008509739123,0.0627744394921592,-1.04285382893223,0.0849878862934474,-0.944996173305204,0,0.169082641601563,0.159080505371094
38.214,50.7782118,50.749,0,1,0,84.4942626953125,50754,84.7588043212891,4279,0,4,10,77,0,84.5314102172852,84.8202056884766,84,0,-1.08835936900486,0.0786070301949167,-1.04040712957556,0.103933537293642,-0.93749905064705,0,0.18890380859375,0.18890380859375
38.239000000000004,50.8038161,50.774,0,1,0,85.1869354248047,50779,85.2288818359375,4279,0,4,10,80,0,85.494384765625,85.6395568847656,85,0,-1.08548315502758,0.118990044024031,-1.03780703214009,0.105897568418413,-0.929751739334833,0,0.868019104003906,0.954544067382813
38.265,50.8333294,50.8,0,1,0,89.0107116699219,50808,89.2567520141602,4279,0,4,10,71,0,90.1171493530273,90.3701858520508,90,0,-1.08174407685711,0.129848746059452,-1.03439392488705,0.126203879752211,-0.920504352841248,0,0.790878295898438,0.790878295898438
38.295,50.8593908,50.83,0,1,0,92.5753479003906,50834,92.7555236816406,4279,0,4,10,87,0,93.5068435668945,93.6038970947266,93,0,-1.07800499868663,0.15504183875214,-1.03106518657733,0.135983198120584,-0.912548224012863,0,0.911407470703125,0.911407470703125
38.31999999999999,50.8850182,50.855,0,1,0,94.8038787841797,50859,94.8458938598633,4279,0,4,10,103,0,95.6724700927734,95.714729309082,95,0,-1.07426592051616,0.162080368983197,-1.02704615691307,0.162946222483015,-0.904035031192212,0,0.48046875,0.497970581054688
38.346000000000004,50.9097197,50.881,0,1,0,96.6519317626953,50886,96.682258605957,4279,0,4,10,107,0,96.3578109741211,96.3133850097656,96,0,-1.07014334714872,0.179674057434795,-1.02260528253214,0.197658163305391,-0.895962512107539,0,0.022705078125,0.959205627441406
38.370999999999995,50.934818,50.906,0,1,0,95.1760101318359,50910,95.0762634277344,4279,0,4,10,96,0,94.8022842407227,94.8022842407227,94,0,-1.06534965718658,0.206035201860232,-1.01709829150364,0.220210441739937,-0.886987433433003,0,0.399978637695313,0.383865356445313
38.396,50.9607144,50.931,0,1,0,93.9039993286133,50936,93.7621765136719,4279,0,4,10,91,0,93.5995178222656,93.6819000244141,93,0,-1.05988485062974,0.239048381144812,-1.01142256258846,0.229938126111392,-0.878134293047147,0,0.588211059570313,0.543441772460938
38.426,50.9900754,50.961,0,1,0,93.2530822753906,50966,93.2962341308594,4279,0,4,10,82,0,93.6814422607422,93.6814422607422,93,0,-1.05221494669031,0.274425416327176,-1.00457333837055,0.224798812684639,-0.867224720803214,0,0.57086181640625,0.670120239257813
38.456999999999994,51.0222054,50.992,0,1,0,97.471549987793,50996,97.969123840332,4279,0,4,10,101,0,99.0166015625,99.1281127929688,99,0,-1.04406567375466,0.272858370775111,-0.99784683261567,0.228805616873842,-0.855248323136479,0,0.548881530761719,0.548881530761719
38.483000000000004,51.0483378,51.018,0,1,0,101.793334960938,51023,101.923629760742,4279,0,4,10,92,0,102.131767272949,102.168853759766,102,0,-1.03687513881145,0.273040449007794,-0.9910052783017,0.260577933460695,-0.845262701834504,0,0.550125122070313,0.611495971679688
38.509,51.074534,51.044,0,1,0,102.799713134766,51049,102.854690551758,4279,0,4,10,91,0,102.726554870605,102.765640258789,102,0,-1.02997222526597,0.284942295252449,-0.983534791864697,0.30651313974397,-0.835051506823889,0,0.547065734863281,0.547065734863281
38.536,51.1014657,51.071,0,1,0,102.181701660156,51076,102.174285888672,4279,0,4,10,107,0,101.651000976563,101.579376220703,101,0,-1.02239819512578,0.298249400948862,-0.974821780989507,0.330957934446815,-0.824211740987541,0,0.0387191772460938,0.0387191772460938
38.563,51.1307822,51.098,0,1,0,100.66414642334,51103,100.715393066406,4279,0,4,10,110,0,100.828125,100.842498779297,100,0,-1.01348193179619,0.329827361053731,-0.965242070969161,0.328694900576011,-0.811889496400117,0,0.162986755371094,0.156669616699219
38.592,51.1564722,51.127,0,1,0,100.848175048828,51132,100.853515625,4279,0,4,10,87,0,100.794174194336,100.729789733887,100,0,-1.00437392086812,0.357109705946186,-0.956651778557001,0.336781966005447,-0.80097672524401,0,0.67742919921875,0.67742919921875
38.617999999999995,51.1825775,51.153,0,1,0,98.0989837646484,51157,97.8764343261719,4279,0,4,10,80,0,97.3330078125,97.3330078125,97,0,-0.994211298148381,0.409712880906909,-0.947770029795143,0.343515969717032,-0.789850198896704,0,0.591423034667969,0.715690612792969
38.644000000000005,51.2107666,51.179,0,1,0,99.3504638671875,51184,99.7968521118164,4279,0,4,10,98,0,101.274681091309,101.274681091309,101,0,-0.983665180231667,0.398865597460826,-0.938282358622071,0.336383157670411,-0.77763214134836,0,0.548385620117188,0.725921630859375
38.67100000000001,51.2380614,51.206,0,1,0,104.976776123047,51212,105.224914550781,4279,0,4,10,98,0,105.829315185547,105.829315185547,105,0,-0.973406683712682,0.380271997877117,-0.929017114663242,0.356058155153619,-0.765622460446142,0,0.145538330078125,0.205642700195313
38.699,51.265391,51.234,0,1,0,106.340370178223,51239,106.35041809082,4279,0,4,10,107,0,106.241165161133,106.241165161133,106,0,-0.963627556189911,0.383250990936972,-0.918409637515012,0.401908432723303,-0.753392440472545,0,0.032073974609375,0.032073974609375
38.726,51.2916759,51.261,0,1,0,105.70433807373,51266,105.658172607422,4279,0,4,10,107,0,105.653961181641,105.609436035156,105,0,-0.953560807269412,0.395969446200411,-0.907679441903752,0.414558117524962,-0.740945601114337,0,0.441368103027344,0.471725463867188
38.753,51.3227857,51.288,0,1,0,105.734375,51295,105.811065673828,4279,0,4,10,103,0,105.697319030762,105.667350769043,105,0,-0.941864203761784,0.415503497617806,-0.894893712036725,0.41405453266475,-0.726865844156515,0,0.456443786621094,0.326004028320313
38.785,51.3505262,51.32,0,1,0,104.602981567383,51325,104.439590454102,4279,0,4,10,94,0,103.868545532227,103.868545532227,103,0,-0.929784105057184,0.466765301013879,-0.883105069681824,0.422938573563556,-0.713491635342079,0,0.255058288574219,0.255058288574219
38.816,51.3822828,51.351,0,1,0,104.194801330566,51356,104.820472717285,4279,0,4,10,107,0,105.438850402832,105.749397277832,105,0,-0.915786530367728,0.469043029014642,-0.870250310679343,0.420047172705608,-0.697936668547062,0,0.371246337890625,0.4329833984375
38.846999999999994,51.4138895,51.382,0,1,0,106.950996398926,51387,106.895843505859,4279,0,4,10,103,0,106.594177246094,106.594177246094,106,0,-0.901309586682057,0.487654035819787,-0.857257493405951,0.438475573518076,-0.682598680926402,0,0.0525360107421875,0.0148468017578125
38.881,51.4459451,51.416,0,1,0,105.376106262207,51420,105.500961303711,4279,0,4,10,103,0,105.760650634766,105.832633972168,105,0,-0.885586283606229,0.501075479601582,-0.842285840916187,0.456858999276733,-0.665986724016804,0,0.546531677246094,0.643295288085938
38.911,51.4745794,51.446,0,1,0,107.420616149902,51451,107.466186523438,4279,0,4,10,107,0,107.662170410156,107.705383300781,107,0,-0.872643320708444,0.471506542685574,-0.828756130367036,0.478922762624052,-0.651151738937064,0,0.615715026855469,0.615715026855469
38.94199999999999,51.5071986,51.477,0,1,0,107.172485351563,51482,107.118949890137,4279,0,4,10,110,0,107.193412780762,107.154296875,107,0,-0.857782881825802,0.495660220513855,-0.812749040845449,0.480569200553191,-0.634531411650644,0,0.139694213867188,0.168792724609375
38.973,51.5392175,51.508,0,1,0,107.592712402344,51512,107.641448974609,4279,0,4,10,110,0,107.702178955078,107.702178955078,107,0,-0.843401811939374,0.504028889877077,-0.797938456338413,0.479249749735914,-0.617654577974073,0,0.659744262695313,0.606864929199219
39,51.5658147,51.535,0,1,0,107.133583068848,51541,107.110595703125,4279,0,4,10,101,0,107.011856079102,106.980140686035,106,0,-0.829020742052946,0.542105700859338,-0.784715541946839,0.493154728866216,-0.603757983997394,0,0.876564025878906,0.868278503417969
39.027,51.5907426,51.562,0,1,0,107.416038513184,51566,107.454620361328,4279,0,4,10,98,0,107.741264343262,107.805755615234,107,0,-0.81569428395819,0.532454895270575,-0.772382336412239,0.494518106687906,-0.589700266233668,0,0.0290145874023438,0.058349609375
39.05200000000001,51.6178909,51.587,0,1,0,108.174545288086,51591,108.198013305664,4279,0,4,10,105,0,108.039138793945,108.039138793945,108,0,-0.80294306865889,0.547435238128969,-0.759205441444301,0.51490819141577,-0.576034774724782,0,0.644699096679688,0.5836181640625
39.078,51.6444773,51.613,0,1,0,107.305389404297,51619,107.346351623535,4279,0,4,10,100,0,107.57698059082,107.57698059082,107,0,-0.787507386980791,0.576981877861272,-0.745376604641512,0.503028246092867,-0.560560851341542,0,0.169021606445313,0.169021606445313
39.105000000000004,51.6703857,51.64,0,1,0,108.829086303711,51645,108.93236541748,4279,0,4,10,119,0,109.075241088867,109.075241088867,109,0,-0.774276802685277,0.530161238733285,-0.731632136782057,0.520843988211823,-0.546036756272351,0,0.153640747070313,0.142562866210938
39.132000000000005,51.6972917,51.667,0,1,0,108.894226074219,51672,108.865875244141,4279,0,4,10,91,0,108.784317016602,108.743614196777,108,0,-0.760087480397335,0.555714841161148,-0.717672911612297,0.541192601958073,-0.530799860638236,0,0.64422607421875,0.652473449707031
39.158,51.7250038,51.693,0,1,0,108.686195373535,51698,108.696044921875,4279,0,4,10,105,0,108.744644165039,108.744644165039,108,0,-0.745610536711664,0.566566335491757,-0.702440482388593,0.548187655887887,-0.514837342457669,0,0.712493896484375,0.703414916992188
39.18599999999999,51.750665,51.721,0,1,0,108.556427001953,51726,108.533210754395,4279,0,4,10,96,0,108.48210144043,108.477340698242,108,0,-0.730558350230537,0.591575504435923,-0.688059412502165,0.550031903812169,-0.499872220481264,0,0.453369140625,0.453369140625
39.211,51.7763145,51.746,0,1,0,108.837219238281,51752,108.869697570801,4279,0,4,10,108,0,109.042549133301,109.097137451172,109,0,-0.71656077554108,0.576081383112069,-0.674031158196951,0.538780092004799,-0.485356829013866,0,0.292190551757813,0.315093994140625
39.236999999999995,51.8026876,51.772,0,1,0,109.318962097168,51777,109.271621704102,4279,0,4,10,108,0,109.10546875,109.070472717285,109,0,-0.702083831855409,0.595910549151426,-0.659535039751431,0.567487411213278,-0.469545805892345,0,0.852821350097656,0.852821350097656
39.263000000000005,51.8307026,51.798,0,1,0,108.5751953125,51806,108.601654052734,4279,0,4,10,100,0,108.726119995117,108.755439758301,108,0,-0.68530591698791,0.623236978007299,-0.643673678404694,0.567514709277589,-0.453599651825501,0,0.897392272949219,0.897392272949219
39.3,51.8646182,51.835,0,1,0,109.182060241699,51840,109.186294555664,4279,0,4,10,103,0,109.160705566406,109.157196044922,109,0,-0.665747661942368,0.619569407041695,-0.623923675760666,0.581496150217617,-0.432735099940148,0,0.106605529785156,0.106605529785156
39.331,51.8961744,51.866,0,1,0,109.102699279785,51871,109.101928710938,4279,0,4,10,107,0,109.122734069824,109.142074584961,109,0,-0.647148144889255,0.625265394411485,-0.605776683039979,0.597053267752472,-0.414079985750912,0,0.0922012329101563,0.10400390625
39.361000000000004,51.928374,51.896,0,1,0,108.841323852539,51902,108.844924926758,4279,0,4,10,107,0,108.828170776367,108.829330444336,108,0,-0.628261006438413,0.641897719657436,-0.58765270003111,0.598836730472726,-0.39465839922618,0,0.902610778808594,0.918411254882813
39.388999999999996,51.9553867,51.924,0,1,0,109.099700927734,51930,109.108116149902,4279,0,4,10,105,0,109.116088867188,109.122436523438,109,0,-0.610716101176971,0.640729563961258,-0.570027260778304,0.616525837413292,-0.378147021238265,0,0.0196533203125,0.993148803710938
39.416,51.9817531,51.951,0,1,0,108.787811279297,51956,108.77961730957,4279,0,4,10,100,0,108.746765136719,108.755424499512,108,0,-0.594129933907957,0.675200848621785,-0.55358298673217,0.600219861016512,-0.361526816030919,0,0.885665893554688,0.890045166015625
39.44199999999999,52.0070111,51.977,0,1,0,109.107757568359,51982,109.167602539063,4279,0,4,10,100,0,109.259735107422,109.259735107422,109,0,-0.577927261835915,0.646332975677637,-0.538411916739981,0.618170054413326,-0.346044862276351,0,0.331924438476563,0.333213806152344
39.47,52.0342869,52.005,0,1,0,109.328033447266,52009,109.335403442383,4279,0,4,10,112,0,109.305671691895,109.292572021484,109,0,-0.561149346968416,0.661825139801522,-0.521039584317176,0.622335222870333,-0.329228566746895,0,0.174514770507813,0.145164489746094
39.503,52.0694351,52.038,0,1,0,108.723205566406,52043,108.697509765625,4279,0,4,10,107,0,108.593032836914,108.597709655762,108,0,-0.539002499343317,0.686079732555299,-0.49953317367102,0.631888497610362,-0.307289361206666,0,0.708480834960938,0.745452880859375
39.533,52.0979157,52.068,0,1,0,109.2509765625,52073,109.313835144043,4279,0,4,10,101,0,109.416366577148,109.439033508301,109,0,-0.520402982290204,0.666001833078553,-0.481455210085787,0.631979503133209,-0.288998126912468,0,0.520538330078125,0.522354125976563
39.56399999999999,52.1311512,52.099,0,1,0,108.893058776855,52104,108.850395202637,4279,0,4,10,112,0,108.744674682617,108.738693237305,108,0,-0.499981863051476,0.709232724374374,-0.462134722062368,0.644283970167976,-0.268067592022271,0,0.772872924804688,0.817474365234375
39.592,52.1558436,52.127,0,1,0,108.904876708984,52132,108.865478515625,4279,0,4,10,98,0,108.803741455078,108.803741455078,108,0,-0.481478219797606,0.694812775381763,-0.443251418563495,0.659018770520902,-0.252133917080236,0,0.739410400390625,0.727493286132813
39.617000000000004,52.1802711,52.152,0,1,0,108.902809143066,52156,108.984283447266,4279,0,4,10,101,0,109.197235107422,109.197235107422,109,0,-0.465754916721778,0.687049803847231,-0.427620154334941,0.644898118029744,-0.236779012252872,0,0.33917236328125,0.327827453613281
39.641000000000005,52.2057854,52.176,0,1,0,109.143203735352,52181,109.087814331055,4279,0,4,10,108,0,108.635040283203,108.635040283203,108,0,-0.449072875653521,0.714760957904218,-0.411122190961231,0.673747137041346,-0.220727118093618,0,0.217430114746094,0.185226440429688
39.666,52.2331956,52.201,0,1,0,108.270645141602,52208,108.343940734863,4279,0,4,10,107,0,108.482803344727,108.477699279785,108,0,-0.430089863403437,0.706846491183001,-0.393059567183877,0.670585175255212,-0.20268452898463,0,0.494758605957031,0.479896545410156
39.693,52.2576999,52.228,0,1,0,108.176864624023,52233,108.059776306152,4279,0,4,10,112,0,107.779991149902,107.752166748047,107,0,-0.412928453338966,0.727144017390117,-0.376109079477741,0.67682435885331,-0.186521895801772,0,0.481346130371094,0.481346130371094
39.718999999999994,52.2831442,52.254,0,1,0,107.668670654297,52258,107.665664672852,4279,0,4,10,96,0,107.715347290039,107.678726196289,107,0,-0.395191800479038,0.744108904323411,-0.359434708313424,0.668810904566101,-0.170313241132116,0,0.637069702148438,0.594833374023438
39.744,52.3077232,52.279,0,1,0,107.228942871094,52284,107.195938110352,4279,0,4,10,96,0,107.140083312988,107.117515563965,107,0,-0.377359273819868,0.749634526839998,-0.34245354099153,0.684607976978725,-0.154062564218658,0,0.419929504394531,0.419929504394531
39.769999999999996,52.3340818,52.305,0,1,0,107.537414550781,52310,107.547637939453,4279,0,4,10,101,0,107.487121582031,107.444671630859,107,0,-0.358184513971297,0.748394275675025,-0.323907713265993,0.696208917018964,-0.13712159324299,0,0.279777526855469,0.20733642578125
39.79600000000001,52.3601807,52.331,0,1,0,106.792198181152,52336,106.806304931641,4279,0,4,10,108,0,106.982963562012,107.033889770508,107,0,-0.340447861111369,0.74461400124801,-0.306458681803793,0.690697332172874,-0.120144028878949,0,0.513031005859375,0.590530395507813
39.82599999999999,52.3907255,52.361,0,1,0,107.917282104492,52366,107.933647155762,4279,0,4,10,107,0,107.858695983887,107.858695983887,107,0,-0.319834994274156,0.726641559956022,-0.284883242022182,0.780000241190066,-0.0998600241373244,0,0.56927490234375,0.56927490234375
39.855999999999995,52.4226484,52.391,0,1,0,107.316551208496,52396,106.71321105957,4279,0,4,10,114,0,106.187744140625,105.509719848633,105,0,-0.297688146649057,0.754097482600628,-0.262072947706322,0.715362645102459,-0.0795381349392482,0,0.6688232421875,0.6688232421875
39.882999999999996,52.4477732,52.418,0,1,0,104.549270629883,52423,104.626220703125,4279,0,4,10,107,0,104.65104675293,104.65104675293,104,0,-0.277842270205787,0.780430648805634,-0.244324789990486,0.698701469256093,-0.0624703828836635,0,0.910438537597656,0.910438537597656
39.908,52.4726704,52.443,0,1,0,104.830703735352,52447,104.961212158203,4279,0,4,10,101,0,104.512084960938,104.439376831055,104,0,-0.260009743546616,0.791120699821988,-0.226875758528286,0.705387471813026,-0.0467006340314629,0,0.864341735839844,0.864341735839844
39.93300000000001,52.4977512,52.468,0,1,0,102.946746826172,52473,103.044586181641,4279,0,4,10,98,0,103.442428588867,103.605255126953,103,0,-0.241026731296531,0.79329514155279,-0.209886921302453,0.703385397590466,-0.0302625730523316,0,0.421195983886719,0.421195983886719
39.958,52.5253082,52.493,0,1,0,104.767715454102,52498,104.776473999023,4279,0,4,10,105,0,104.787368774414,104.787368774414,104,0,-0.220701485857047,0.762173873272928,-0.189822452596909,0.726168081269918,-0.0118432728054942,0,0.762336730957031,0.757919311523438
39.986000000000004,52.5505592,52.521,0,1,0,104.902069091797,52525,104.903381347656,4279,0,4,10,98,0,104.80298614502,104.858993530273,104,0,-0.201814347406205,0.762136974704219,-0.17115390640834,0.719059861905265,0.00526376684098699,0,0.52044677734375,0.52044677734375
40.012,52.5765257,52.547,0,1,0,103.893127441406,52552,103.854263305664,4279,0,4,10,100,0,103.720260620117,103.725646972656,103,0,-0.183790073148548,0.759799630967706,-0.15223992329371,0.725926865366404,0.0217115738908276,0,0.999420166015625,0.994659423828125
40.037000000000006,52.6030203,52.572,0,1,0,103.72802734375,52577,103.431968688965,4279,0,4,10,108,0,102.215026855469,102.215026855469,102,0,-0.164902934697706,0.773721878748376,-0.133218561523929,0.73815845285705,0.0388115531229632,0,0.27203369140625,0.608322143554688
40.06399999999999,52.6307956,52.599,0,1,0,97.001838684082,52603,96.5763931274414,4279,0,4,10,87,0,97.2037963867188,97.5826644897461,97,0,-0.143427203667307,0.815438488628217,-0.113000694739596,0.703245565307867,0.0578721807363223,0,0.15728759765625,0.15728759765625
40.104,52.6684107,52.639,0,1,0,99.6452331542969,52644,99.6782836914063,4279,0,4,10,101,0,99.337646484375,99.337646484375,99,0,-0.114569190095209,0.793802456236932,-0.0860333124885662,0.712941106651044,0.0821621729081658,0,0.93597412109375,0.0525436401367188
40.134,52.6984867,52.669,0,1,0,98.4991912841797,52674,98.3290863037109,4279,0,4,10,100,0,98.8222579956055,98.7499237060547,98,0,-0.0920388472731385,0.772122689076056,-0.0644041833793786,0.723970065647308,0.101824771117762,0,0.276641845703125,0.645225524902344
40.166,52.7338076,52.701,0,1,0,103.821235656738,52706,103.818801879883,4279,0,4,10,103,0,103.43147277832,103.220985412598,103,0,-0.0666322904737825,0.741106673311535,-0.0391395198029021,0.738904005899357,0.125371520305488,0,0.2408447265625,0.2408447265625
40.194,52.7591519,52.729,0,1,0,95.8080215454102,52734,95.3915252685547,4279,0,4,10,92,0,94.6990356445313,94.6990356445313,94,0,-0.0491832590115834,0.76060666710282,-0.0206934008285773,0.724600592932635,0.141686412016492,0,0.256698608398438,0.178962707519531
40.218999999999994,52.7841983,52.754,0,1,0,93.6172332763672,52759,93.5608978271484,4279,0,4,10,92,0,92.7689208984375,92.8648376464844,92,0,-0.0301043729622557,0.777029761361092,-0.00195582550455419,0.714088952046064,0.157966344725434,0,0.493850708007813,0.335006713867188
40.244,52.8098928,52.779,0,1,0,93.3862762451172,52784,93.3611907958984,4279,0,4,10,87,0,93.2684631347656,93.3671569824219,93,0,-0.011025486912928,0.80803458542664,0.0153398078788564,0.683759632327984,0.174207301602513,0,0.475677490234375,0.475677490234375
40.269999999999996,52.8362867,52.805,0,1,0,91.5021133422852,52810,91.6716766357422,4279,0,4,10,94,0,92.1187133789063,92.4417495727539,92,0,0.00891626332958529,0.790109497543618,0.0333410724246944,0.692732273067641,0.19169913669003,0,0.982574462890625,0.472396850585938
40.30500000000001,52.8714882,52.84,0,1,0,99.5311889648438,52845,99.4114532470703,4279,0,4,10,96,0,97.609130859375,97.2680053710938,96,0,0.0339393249319698,0.744290247061446,0.0581992310923812,0.73603191817903,0.214290889050836,0,0.532966613769531,0.110107421875
40.336,52.9023976,52.871,0,1,0,93.556884765625,52876,93.7456359863281,4279,0,4,10,78,0,93.6463165283203,93.6406402587891,93,0,0.0564696677540402,0.734324991382294,0.0807257389624819,0.720836563920798,0.234214532366541,0,0.0357437133789063,0.858749389648438
40.369,52.9357104,52.904,0,1,0,89.1495208740234,52908,88.4552154541016,4279,0,4,10,82,0,87.7278518676758,87.6417083740234,87,0,0.0784247677806534,0.74807538002139,0.105093023778045,0.696840266222424,0.255325754908698,0,0.446182250976563,0.162940979003906
40.397000000000006,52.9634134,52.932,0,1,0,82.9963989257813,52937,82.8517303466797,4279,0,4,10,75,0,83.1435394287109,83.2988357543945,83,0,0.100283994008024,0.796889218526857,0.123592832079946,0.67012811545294,0.273152586629868,0,0.0322113037109375,0.495864868164063
40.42400000000001,52.9884496,52.959,0,1,0,91.4280700683594,52963,92.3454284667969,4279,0,4,10,85,0,94.4595184326172,94.4595184326172,94,0,0.11965050145508,0.78156234311534,0.140512640170325,0.653569360510829,0.288998126899085,0,0.161689758300781,0.155288696289063
40.449,53.0130347,52.984,0,1,0,92.3308715820313,52988,92.0056304931641,4279,0,4,10,87,0,89.4126281738281,89.2334976196289,89,0,0.138633513705165,0.802263300207073,0.156772836521913,0.689578272033458,0.304772361204859,0,0.464019775390625,0.377204895019531
40.477000000000004,53.0414183,53.012,0,1,0,89.7023010253906,53017,89.8483734130859,4279,0,4,10,85,0,90.3418807983398,90.4594497680664,90,0,0.159821623337835,0.785742805583709,0.175947596370483,0.689643455327257,0.322350044393361,0,0.212371826171875,0.138412475585938
40.507999999999996,53.0715886,53.043,0,1,0,87.8033447265625,53047,87.78466796875,4279,0,4,10,87,0,87.0891418457031,87.0891418457031,86,0,0.182447839959148,0.8102368128705,0.197400317689064,0.680016335138873,0.341072421049843,0,0.0324554443359375,0.864059448242188
40.540000000000006,53.1047037,53.075,0,1,0,82.0037689208984,53079,81.9005889892578,4279,0,4,10,73,0,81.7897415161133,81.7897415161133,81,0,0.208525513353204,0.833700289807325,0.219750417768558,0.664654430175545,0.361526816017851,0,0.0473403930664063,0.0473403930664063
40.572,53.1376017,53.107,0,1,0,84.0799102783203,53112,83.8351745605469,4279,0,4,10,77,0,82.6613311767578,82.2620086669922,82,0,0.235657798538932,0.879736042092247,0.241241488606835,0.650582411440581,0.38182578895716,0,0.344131469726563,0.169082641601563
40.598,53.1634889,53.133,0,1,0,81.7597198486328,53138,82.2636184692383,4279,0,4,10,82,0,82.8441772460938,83.0342102050781,83,0,0.258188141361002,0.914019250871547,0.257210228608725,0.622824461939217,0.397703738818768,0,0.445152282714844,0.58392333984375
40.623999999999995,53.1873862,53.159,0,1,0,87.0351409912109,53163,87.1279449462891,4279,0,4,10,85,0,86.9114227294922,86.9030380249023,86,0,0.27995149378913,0.912326527000573,0.272994890916068,0.650650962518284,0.412266201698316,0,0.889511108398438,0.0258102416992188
40.647999999999996,53.2129234,53.183,0,1,0,90.2145233154297,53188,91.4070739746094,4279,0,4,10,96,0,93.0928421020508,93.5485382080078,93,0,0.299030379838457,0.809512133352996,0.289239747459777,0.69757257299085,0.427335698929784,0,0.510330200195313,0.510330200195313
40.673,53.2371512,53.208,0,1,0,98.3729858398438,53212,98.3318939208984,4279,0,4,10,91,0,97.8890991210938,97.8890991210938,97,0,0.315328925709742,0.668291860430827,0.308560235483197,0.779609775472011,0.442299757471899,0,0.023406982421875,0.253883361816406
40.69799999999999,53.2623938,53.233,0,1,0,87.9237518310547,53237,86.4882888793945,4279,0,4,10,84,0,83.7812042236328,83.1539688110352,82,0,0.330189364592384,0.621305805133488,0.328287228415406,0.780510333144832,0.457154685167135,0,0.254669189453125,0.221633911132813
40.721999999999994,53.2879634,53.257,0,1,0,68.7820739746094,53262,67.6800918579102,4279,0,4,10,68,0,63.0295104980469,63.0295104980469,62,0,0.346008541467455,0.680770780316152,0.347055483355187,0.711008036029796,0.471896816784356,0,0.670185089111328,0.586635589599609
40.748000000000005,53.3143514,53.283,0,1,0,58.3163108825684,53288,58.3268241882324,4279,0,4,10,45,0,58.5912132263184,58.7521629333496,58,0,0.364224563323597,0.77610602989779,0.362402961137983,0.5977844406911,0.487105069891963,0,0.399654388427734,0.399654388427734
40.788,53.352904,53.323,0,1,0,70.1438293457031,53328,72.8615264892578,4279,0,4,10,70,0,80.6212158203125,82.3457641601563,82,0,0.396821655066167,0.810919970680516,0.384691701985961,0.523823862276629,0.510247138472638,0,0.093902587890625,0.093902587890625
40.819,53.3836548,53.354,0,1,0,102.011840820313,53358,102.010833740234,4279,0,4,10,87,0,101.787475585938,101.711074829102,101,0,0.41475005552458,0.596644837680458,0.4034906365415,0.695760022501872,0.527961318155067,0,0.6517333984375,0.945343017578125
40.849999999999994,53.4151981,53.385,0,1,0,80.456298828125,53389,76.9842376708984,4279,0,4,10,75,0,69.9433059692383,68.3599243164063,66,0,0.431144475195108,0.577067531453281,0.425695008446144,0.747699219733136,0.544351448254843,0,0.266330718994141,0.947055816650391
40.882999999999996,53.4475746,53.418,0,1,0,62.8971519470215,53422,56.984432220459,4279,0,4,10,50,0,59.1398086547852,56.8550491333008,56,0,0.449648118448979,0.60091954640211,0.448582001801398,0.613283022328517,0.563336915091857,0,0.0794639587402344,0.215812683105469
40.908,53.4728077,53.443,0,1,0,55.6600685119629,53448,56.0194702148438,4279,0,4,10,56,0,56.6921310424805,56.6921310424805,56,0,0.466521907115721,0.719019015591982,0.462058023022973,0.508386722588,0.577133289237075,0,0.0159568786621094,0.903045654296875
40.93300000000001,53.4998966,53.468,0,1,0,59.7152900695801,53473,60.2916297912598,4279,0,4,10,57,0,67.3196868896484,69.0018310546875,69,0,0.486463657358234,0.772830507297954,0.475066180104244,0.472713569133305,0.591873329602126,0,0.017059326171875,0.017059326171875
40.959999999999994,53.5259932,53.495,0,1,0,91.013916015625,53500,91.566780090332,4279,0,4,10,87,0,94.3919219970703,94.3931884765625,94,0,0.502666329430276,0.636272433823592,0.488634240173092,0.592252057268297,0.605906502210332,0,0.780876159667969,0.780876159667969
40.989999999999995,53.5556844,53.525,0,1,0,82.0448760986328,53530,81.2002258300781,4279,0,4,10,77,0,80.3633651733398,80.1566390991211,80,0,0.518197884907618,0.518414379520777,0.507601912615298,0.677545140835946,0.621897462503367,0,0.526824951171875,0.468788146972656
41.022000000000006,53.5866965,53.557,0,1,0,51.726936340332,53562,51.4409370422363,4279,0,4,10,43,0,52.9206161499023,53.423713684082,53,0,0.534112935581932,0.523408647234305,0.527950167766601,0.613044807863616,0.638189261356738,0,0.125705718994141,0.327686309814453
41.05200000000001,53.6180386,53.587,0,1,0,54.5737037658691,53592,55.2962608337402,4279,0,4,10,54,0,56.3315010070801,56.3604316711426,56,0,0.551561967044131,0.62034349100486,0.545422208940619,0.497701795692365,0.654238946776963,0,0.976665496826172,0.976665496826172
41.086,53.6510498,53.621,0,1,0,62.9133720397949,53625,63.0957717895508,4279,0,4,10,68,0,63.7170333862305,63.5174942016602,63,0,0.572558329078316,0.682073367330304,0.561068812977052,0.463748545085423,0.67155621051145,0,0.0441131591796875,0.0441131591796875
41.111000000000004,53.674997,53.646,0,1,0,73.3606948852539,53651,75.8789978027344,4279,0,4,10,70,0,80.3331604003906,81.2021942138672,82,0,0.587514641760201,0.605900168251878,0.572404930999527,0.493152720777857,0.683596105974515,0,0.464874267578125,0.464874267578125
41.135000000000005,53.6994134,53.67,0,1,0,82.2695388793945,53675,80.7390823364258,4279,0,4,10,70,0,77.15478515625,77.15478515625,76,0,0.600457604657986,0.536537881693107,0.586141728955043,0.596063136217367,0.695480557578163,0,0.465072631835938,0.945388793945313
41.16,53.7266406,53.695,0,1,0,69.7083282470703,53700,67.6184997558594,4279,0,4,10,59,0,61.4050598144531,60.4450416564941,60,0,0.612537703362585,0.506092308609368,0.601995420397841,0.601181972893755,0.708661398207316,0,0.218105316162109,0.355411529541016
41.193,53.7594213,53.728,0,1,0,50.8182983398438,53734,51.4236030578613,4279,0,4,10,47,0,51.9146461486816,51.9146461486816,51,0,0.628548627836142,0.528046244442862,0.620303481101256,0.512101015043413,0.724493973706633,0,0.266632080078125,0.0450401306152344
41.224000000000004,53.7891675,53.759,0,1,0,51.1160202026367,53764,52.0074424743652,4279,0,4,10,59,0,54.3729286193848,54.6820640563965,54,0,0.645614164101369,0.584493251496724,0.634178337327682,0.423278154054628,0.738617122554138,0,0.232135772705078,0.719528198242188
41.256,53.8229598,53.791,0,1,0,65.2894439697266,53795,65.9419403076172,4279,0,4,10,71,0,67.2517318725586,67.2517318725586,67,0,0.662392078968868,0.554455048030718,0.649034941258354,0.469958569780033,0.753849292515935,0,0.0677566528320313,0.0677566528320313
41.283,53.8500031,53.818,0,1,0,60.2072906494141,53824,59.3503379821777,4279,0,4,10,50,0,60.0857200622559,60.3218841552734,60,0,0.677156644052268,0.521726063280653,0.662326884785383,0.496460665201312,0.766071214160839,0,0.817478179931641,0.817478179931641
41.31,53.8747745,53.845,0,1,0,64.8813171386719,53850,65.0521850585938,4279,0,4,10,66,0,65.0088272094727,64.8556365966797,64,0,0.688853247559896,0.463050840047913,0.674821158302712,0.509275205571271,0.777191308094025,0,0.763439178466797,0.488933563232422
41.334999999999994,53.9000464,53.87,0,1,0,57.1990623474121,53875,56.3168525695801,4279,0,4,10,57,0,53.1141166687012,52.5750999450684,52,0,0.699878734472824,0.469860870207413,0.687744946440648,0.504370789667064,0.788552748130899,0,0.231510162353516,0.231510162353516
41.361000000000004,53.9266005,53.896,0,1,0,50.5660285949707,53901,50.6900596618652,4279,0,4,10,49,0,51.7306442260742,51.6688270568848,51,0,0.711671211779695,0.478748256748872,0.699909414088582,0.438376243355265,0.799703748540583,0,0.107105255126953,0.172611236572266
41.387,53.9504375,53.922,0,1,0,51.1874542236328,53926,50.9173316955566,4279,0,4,10,49,0,50.310733795166,50.1068840026855,49,0,0.72327194148808,0.505598602151167,0.710593590276205,0.422900532301355,0.809807624450272,0,0.824275970458984,0.876949310302734
41.411,53.974808,53.946,0,1,0,51.3169021606445,53950,52.0308494567871,4279,0,4,10,54,0,53.3598976135254,53.3598976135254,53,0,0.734680923597979,0.49402335709226,0.720510776069886,0.407070594199013,0.819727357089645,0,0.174827575683594,0.265392303466797
41.435,53.9994415,53.97,0,1,0,55.3276023864746,53974,55.2334403991699,4279,0,4,10,50,0,55.1848640441895,55.0338287353516,55,0,0.74647340090485,0.493848408976532,0.730681068693568,0.410923818467154,0.829862168413532,0,0.597270965576172,0.971515655517578
41.459999999999994,54.0266334,53.995,0,1,0,59.0782356262207,54000,58.9698181152344,4279,0,4,10,56,0,58.3237342834473,58.3237342834473,58,0,0.75788238301475,0.433884934280172,0.741840778925436,0.449600870609743,0.84057770888684,0,0.0288963317871094,0.0633430480957031
41.489999999999995,54.0554744,54.025,0,1,0,54.3273086547852,54030,54.0509071350098,4279,0,4,10,59,0,52.877254486084,52.7608680725098,52,0,0.76900374372692,0.404537723858539,0.754979324373676,0.441957123600901,0.851817456632125,0,0.837905883789063,0.693759918212891
41.519999999999996,54.0861044,54.055,0,1,0,48.8114128112793,54060,47.9671211242676,4279,0,4,10,43,0,46.5543098449707,46.5543098449707,46,0,0.781371463829248,0.441822293104224,0.768025830974643,0.406265564484897,0.8631471344562,0,0.284030914306641,0.284030914306641
41.55200000000001,54.1182136,54.087,0,1,0,45.4339828491211,54092,45.6144676208496,4279,0,4,10,49,0,45.8759384155273,46.0474128723145,46,0,0.795464912317948,0.44527091832083,0.780435735548638,0.371685365456869,0.875255422091795,0,0.685161590576172,0.685161590576172
41.584999999999994,54.151405,54.12,0,1,0,48.3219833374023,54125,48.1710166931152,4279,0,4,10,42,0,48.5271835327148,48.7173118591309,48,0,0.809366613208161,0.438074545652512,0.79234709636657,0.358514054711463,0.886987433425599,0,0.775669097900391,0.832416534423828
41.611999999999995,54.1790458,54.147,0,1,0,50.596363067627,54153,50.4932556152344,4279,0,4,10,54,0,50.7077217102051,50.7930374145508,50,0,0.819720983526389,0.393327611840959,0.802333311295706,0.386106584505228,0.896302947554132,0,0.807159423828125,0.807159423828125
41.638999999999996,54.204281,54.174,0,1,0,50.2613906860352,54178,50.2646217346191,4279,0,4,10,54,0,49.912410736084,49.8867530822754,49,0,0.828733120655218,0.355239737419993,0.812465254399691,0.38678624674094,0.905029679083319,0,0.357307434082031,0.219684600830078
41.665000000000006,54.2322207,54.2,0,1,0,48.2179107666016,54206,47.9456901550293,4279,0,4,10,43,0,47.4297637939453,47.3858604431152,47,0,0.838032879181774,0.354757299750645,0.822957682988828,0.359609107314441,0.914157526002185,0,0.9195556640625,0.9195556640625
41.693,54.2601814,54.228,0,1,0,45.712459564209,54233,45.6046104431152,4279,0,4,10,33,0,44.6697463989258,44.4775466918945,44,0,0.84762025910606,0.374857069897075,0.832345645410688,0.343923306320448,0.922691451938964,0,0.348445892333984,0.348445892333984
41.72,54.2859046,54.255,0,1,0,42.3340950012207,54260,42.3122901916504,4279,0,4,10,38,0,42.0342063903809,42.0294799804688,41,0,0.857303512829588,0.392336078330004,0.84144982138679,0.328567633953298,0.93065836267638,0,0.937156677246094,0.865825653076172
41.745999999999995,54.312292,54.281,0,1,0,41.6539268493652,54286,41.6478729248047,4279,0,4,10,35,0,42.0714683532715,42.0714683532715,42,0,0.867562009348573,0.396792064644842,0.849740987545312,0.31301810210573,0.938376910321601,0,0.569492340087891,0.569492340087891
41.787000000000006,54.3534693,54.322,0,1,0,45.6572227478027,54326,45.902027130127,4279,0,4,10,40,0,46.0485420227051,46.0485420227051,46,0,0.880696719844844,0.320840724074969,0.862549727124157,0.328702933107024,0.950038874227589,0,0.0874748229980469,0.133735656738281
41.818,54.3828836,54.353,0,1,0,44.725269317627,54357,44.4749908447266,4279,0,4,10,43,0,43.7133369445801,43.7133369445801,43,0,0.888845992780486,0.284218550023752,0.872374874070564,0.33900008415776,0.958173023739546,0,0.634654998779297,0.596778869628906
41.849000000000004,54.4148303,54.384,0,1,0,40.8904724121094,54388,40.6047096252441,4279,0,4,10,29,0,40.1874771118164,40.0906105041504,40,0,0.897762256110072,0.31031200004486,0.88262186573364,0.296747586678407,0.966474147100871,0,0.445331573486328,0.429592132568359
41.882000000000005,54.4490451,54.417,0,1,0,38.4267501831055,54422,38.4526596069336,4279,0,4,10,40,0,38.2857093811035,38.2188453674316,38,0,0.909362985818457,0.357694644428534,0.892239925273683,0.269346947304257,0.974865933607829,0,0.864093780517578,0.805591583251953
41.909000000000006,54.4755729,54.444,0,1,0,37.9593772888184,54449,37.9029731750488,4279,0,4,10,38,0,37.8761672973633,37.8883476257324,37,0,0.917991627750313,0.336629391708243,0.899273227186139,0.273467696992157,0.980983196702636,0,0.442676544189453,0.535594940185547
41.93599999999999,54.5012091,54.471,0,1,0,38.9826049804688,54475,38.9759254455566,4279,0,4,10,36,0,39.0111961364746,39.0111961364746,39,0,0.925661531689742,0.293608420678765,0.906482936889201,0.276846419322965,0.987058627438421,0,0.646865844726563,0.646865844726563
41.961,54.5283324,54.496,0,1,0,39.681095123291,54501,39.4286460876465,4279,0,4,10,35,0,39.6035537719727,39.4548072814941,39,0,0.932276823837498,0.258406388716367,0.914030122365599,0.272691825413176,0.992640582193358,0,0.127567291259766,0.101963043212891
41.989000000000004,54.5541054,54.524,0,1,0,38.7729568481445,54529,38.6633033752441,4279,0,4,10,33,0,38.2181205749512,38.2181205749512,38,0,0.938125125591312,0.250096044784527,0.920963715526842,0.261395394902252,0.998156824988076,0,0.688922882080078,0.688922882080078
42.015,54.5797692,54.55,0,1,0,36.3991508483887,54554,36.316764831543,4279,0,4,10,28,0,35.818717956543,35.7980651855469,35,0,0.944548670140584,0.264762802329756,0.927598182434447,0.262370488203601,1.003008360231,0,0.0149993896484375,0.936279296875
42.040000000000006,54.60571,54.575,0,1,0,33.9974365234375,54579,33.9564094543457,4279,0,4,10,33,0,33.4662780761719,33.4054298400879,33,0,0.951451583686069,0.283954705213205,0.934416727036599,0.242545028576615,1.00779141668378,0,0.735095977783203,0.722423553466797
42.066,54.632444,54.601,0,1,0,32.3958549499512,54607,32.2835121154785,4279,0,4,10,28,0,32.1346702575684,32.1346702575684,32,0,0.959025613826254,0.292364270657458,0.940368572493595,0.220743560984147,1.01247375769093,0,0.294795989990234,0.356632232666016
42.098,54.6631633,54.633,0,1,0,33.2880210876465,54638,33.4110908508301,4279,0,4,10,35,0,33.7739143371582,33.9654922485352,34,0,0.966695517765683,0.250037810946424,0.946588864588472,0.19451340082469,1.01733456043364,0,0.128940582275391,0.128940582275391
42.129000000000005,54.6948439,54.664,0,1,0,36.4763298034668,54669,36.5708274841309,4279,0,4,10,31,0,36.7535552978516,36.7535552978516,36,0,0.972735567117982,0.182037112906642,0.952870515914863,0.202104431102612,1.02212097403169,0,0.734260559082031,0.665454864501953
42.16,54.727369,54.695,0,1,0,35.597728729248,54699,35.547046661377,4279,0,4,10,31,0,35.135814666748,35.0366630554199,34,0,0.977433383280882,0.167779069838389,0.95975041974853,0.222051687136286,1.02649419995057,0,0.935798645019531,0.835651397705078
42.187,54.7537928,54.722,0,1,0,32.5774421691895,54727,32.4603614807129,4279,0,4,10,45,0,31.4775123596191,31.4775123596191,31,0,0.98241882084151,0.188677404787768,0.965548867126738,0.209652015749384,1.02986141040527,0,0.950584411621094,0.826086044311523
42.214,54.7802658,54.749,0,1,0,28.3445625305176,54754,28.2211933135986,4279,0,4,10,31,0,27.4343528747559,27.4343528747559,27,0,0.988267122595324,0.236042047951287,0.970779741613428,0.182558592301802,1.0329322362598,0,0.525875091552734,0.525875091552734
42.239999999999995,54.8055009,54.775,0,1,0,26.0296020507813,54780,26.0694427490234,4279,0,4,10,17,0,26.1605072021484,26.1706619262695,26,0,0.994403045746867,0.252863200709271,0.974798771277688,0.148300040381059,1.0355105575228,0,0.346714019775391,0.34503173828125
42.265,54.8321305,54.8,0,1,0,27.1681480407715,54807,27.5098667144775,4279,0,4,10,24,0,28.1989212036133,28.4198036193848,28,0,1.0000595999022,0.216639882428126,0.978572364015887,0.131670858727148,1.03792097237887,0,0.599433898925781,0.796304702758789
42.292,54.8565142,54.827,0,1,0,30.9952831268311,54831,31.0930919647217,4279,0,4,10,24,0,31.3214817047119,31.2993202209473,31,0,1.00351105667494,0.136071434013502,0.982184888771358,0.156484381561654,1.03997747322683,0,0.649589538574219,0.740728378295898
42.31699999999999,54.8823529,54.852,0,1,0,31.7910308837891,54856,31.7811164855957,4279,0,4,10,28,0,31.5715484619141,31.4598159790039,31,0,1.00562028025828,0.0872558038388433,0.986280617475012,0.176067058252443,1.04177737519479,0,0.612529754638672,0.612529754638672
42.342,54.9062737,54.877,0,1,0,29.7268142700195,54882,29.5147743225098,4279,0,4,10,24,0,28.9187774658203,28.7709465026855,28,0,1.00744188244389,0.0733680131372694,0.99046838502594,0.174088024117054,1.04332023418387,0,0.623481750488281,0.623481750488281
42.366,54.9321088,54.901,0,1,0,24.9316673278809,54907,24.5576438903809,4279,0,4,10,19,0,23.6618309020996,23.4399318695068,23,0,1.01041397022042,0.135948653846071,0.994587123441413,0.137791621541851,1.04465172781625,0,0.686111450195313,0.686111450195313
42.394000000000005,54.9585046,54.929,0,1,0,19.2768955230713,54934,19.1339797973633,4279,0,4,10,17,0,18.490291595459,18.3372116088867,18,0,1.01539940778105,0.206511491822539,0.9977164442487,0.0988955329330565,1.04566910700045,0,0.842746734619141,0.880210876464844
42.425,54.9901845,54.96,0,1,0,17.949764251709,54965,18.1080932617188,4279,0,4,10,7,0,18.4673023223877,18.497220993042,18,0,1.02220644752729,0.21986352504382,1.00015547370144,0.0692635249649811,1.04659484699985,0,0.451148986816406,0.451148986816406
42.456,55.0236832,54.991,0,1,0,22.7586555480957,54997,22.9656276702881,4279,0,4,10,22,0,24.4843235015869,24.4843235015869,24,0,1.02613727329625,0.0954178094898452,1.002870619696,0.0879019666438126,1.04711486888005,0,0.489604949951172,0.602174758911133
42.483999999999995,55.0500223,55.019,0,1,0,28.0446968078613,55024,28.1381950378418,4279,0,4,10,22,0,28.893196105957,28.9820404052734,28,0,1.02652076849322,0.00511122061720926,1.00530964914873,0.0957070317207354,1.04719010969905,0,0.184663772583008,0.152305603027344
42.510000000000005,55.0745996,55.045,0,1,0,28.2561702728271,55050,28.0262660980225,4279,0,4,10,29,0,26.9981651306152,26.8383140563965,26,0,1.02642489469398,0.000133440239324045,1.00780236792905,0.102883974972087,1.04699891059781,0,0.696304321289063,0.507534027099609
42.535,55.0995296,55.07,0,1,0,23.6515655517578,55074,23.2424583435059,4279,0,4,10,24,0,22.4329719543457,22.3634834289551,22,0,1.02728775888717,0.0397039840240723,1.00991159151239,0.0652198839134144,1.04657232017636,0,0.0049285888671875,0.882631301879883
42.559,55.125347,55.094,0,1,0,19.3377380371094,55099,18.9064159393311,4279,0,4,10,17,0,17.9812774658203,17.8730659484863,17,0,1.02949285626975,0.0926362764218993,1.01121547518209,0.0391853884169677,1.04580795060321,0,0.210918426513672,0.0880355834960938
42.598,55.1633517,55.133,0,1,0,14.9211654663086,55138,14.8471574783325,4279,0,4,10,7,0,14.9298315048218,15.0232677459717,15,0,1.03361542963719,0.110572209360953,1.01268809673846,0.0220434034728214,1.04427171543457,0,0.878865242004395,0.878865242004395
42.629000000000005,55.1945265,55.164,0,1,0,17.2998104095459,55169,17.5901432037354,4279,0,4,10,21,0,18.0179023742676,18.1954383850098,18,0,1.03572465322054,0.0505966014791284,1.01318664049453,0.0159767730465319,1.04255005139786,0,0.646236419677734,0.830890655517578
42.66,55.2266339,55.195,0,1,0,21.1457366943359,55200,21.1651058197021,4279,0,4,10,15,0,21.4285736083984,21.3963661193848,21,0,1.03543703182281,-0.0135223543916254,1.01387693184908,0.0252685454231596,1.04050733121904,0,0.0616607666015625,0.917190551757813
42.68599999999999,55.2511699,55.221,0,1,0,19.8199005126953,55226,19.548526763916,4279,0,4,10,17,0,18.8124237060547,18.8124237060547,18,0,1.03514941042508,-0.0072393473185457,1.01474363099423,0.0270605127974477,1.03835277701667,0,0.858695983886719,0.768468856811523
42.711,55.2768494,55.246,0,1,0,16.390323638916,55252,16.2187461853027,4279,0,4,10,12,0,15.6605672836304,15.5730829238892,15,0,1.03543703182281,0.013617638254118,1.01532654369363,0.0196032152562111,1.03599558141893,0,0.00888156890869141,0.935647010803223
42.736000000000004,55.3030416,55.271,0,1,0,13.8563957214355,55276,13.8201112747192,4279,0,4,10,5,0,13.5421934127808,13.5421934127808,13,0,1.03572465322054,0.0112495619810034,1.01574071850636,0.0114515339927266,1.03346831062549,0,0.264545440673828,0.200369834899902
42.763000000000005,55.3310608,55.298,0,1,0,12.7087469100952,55302,12.6397790908813,4279,0,4,10,17,0,12.4772357940674,12.4772357940674,12,0,1.03601227461826,0.0111799697233437,1.01584042725757,1.88683517308164e-05,1.03021726645988,0,0.962449073791504,0.909045219421387
42.80200000000001,55.3685037,55.337,0,1,0,10.5768356323242,55342,10.4908437728882,4279,0,4,10,17,0,9.96117210388184,9.96117210388184,9,0,1.03601227461826,0.000204429847144638,1.01586343696939,1.33243247546488e-07,1.02543972936125,0,0.0397195816040039,0.0397195816040039
42.831999999999994,55.3978051,55.367,0,1,0,7.44848728179932,55372,7.19474029541016,4279,0,4,10,8,0,6.54605627059937,6.54605627059937,6,0,1.03601227461826,1.12349066512252e-05,1.01586343696939,0,1.02140028619901,0,0.443420886993408,0.282824993133545
42.864000000000004,55.4303495,55.399,0,1,0,2.41906547546387,55403,2.22836923599243,4279,0,4,10,-7,0,1.25252819061279,1.25252819061279,1,0,1.03601227461826,5.58659621674451e-07,1.01586343696939,0,1.0163912628012,0,0.229370594024658,0.229370594024658
42.89,55.4558528,55.425,0,1,0,-2.78360939025879,55430,-3.17916870117188,4279,0,4,10,-12,0,-4.11536931991577,-4.30320119857788,-5,0,1.03601227461826,3.39327925757971e-08,1.01585576706545,-0.000130841500094903,1.01230552569308,0,0.233973026275635,0.0463337898254395
42.917,55.4821571,55.452,0,1,0,-8.06551074981689,55456,-8.50301551818848,4279,0,4,10,-8,0,-9.61061477661133,-9.82539939880371,-11,0,1.03601227461826,2.51748133450747e-09,1.01585576706545,-2.33194441534579e-09,1.00779141668964,0,0.771739959716797,0.57302188873291
42.94199999999999,55.5071298,55.477,0,1,0,-13.3448333740234,55482,-13.6594362258911,4279,0,4,10,-17,0,-14.4344024658203,-14.6274538040161,-15,0,1.03601227461826,2.06455297302455e-10,1.01584809716151,-9.21511821161403e-06,1.00319728187961,0,0.994804382324219,0.798837661743164
42.968999999999994,55.5367168,55.504,0,1,0,-18.4319648742676,55508,-18.7565765380859,4279,0,4,10,-8,0,-19.5319786071777,-19.6860046386719,-20,0,1.03601227461826,1.25055521493778e-11,1.01584042725757,-0.000130841501345458,0.997357692589406,0,0.946613311767578,0.788061141967773
43.004000000000005,55.5695299,55.539,0,1,0,-23.936429977417,55544,-24.2339344024658,4279,0,4,10,-17,0,-24.9609794616699,-24.9609794616699,-26,0,1.03601227461826,2.27373675443232e-13,1.01582508744969,-0.00109281060133526,0.990524946322643,0,0.941253662109375,0.941253662109375
43.034000000000006,55.5988411,55.569,0,1,0,-28.3995189666748,55574,-28.7180137634277,4279,0,4,10,-26,0,-29.3191261291504,-29.4653091430664,-30,0,1.03601227461826,0,1.01580974764181,-0.00185789452882545,0.98416877376687,0,0.446578979492188,0.267793655395508
43.06699999999999,55.6349535,55.602,0,1,0,-34.8174324035645,55606,-35.0699081420898,4279,0,4,10,-31,0,-36.3001518249512,-36.5424919128418,-37,0,1.03601227461826,0,1.01577906802605,-0.000720448209563074,0.975824026223322,0,0.327510833740234,0.114376068115234
43.095,55.6608848,55.63,0,1,0,-40.7081336975098,55635,-41.0607261657715,4279,0,4,10,-40,0,-41.7307624816895,-41.8785858154297,-43,0,1.03601227461826,0,1.01574071850636,-0.00122560236854952,0.96973506359265,0,0.91925048828125,0.762191772460938
43.120999999999995,55.6861416,55.656,0,1,0,-44.6709136962891,55660,-45.0077362060547,4279,0,4,10,-38,0,-46.070255279541,-46.070255279541,-47,0,1.03601227461826,0,1.01566401946696,-0.00409248553489761,0.963148749253956,0,0.540382385253906,0.339176177978516
43.146,55.7118023,55.681,0,1,0,-49.3264122009277,55686,-49.4780006408691,4279,0,4,10,-59,0,-50.1893615722656,-50.3178596496582,-51,0,1.03601227461826,0,1.01561800004333,-0.00264132318625343,0.956305401173125,0,0.683444976806641,0.565841674804688
43.175,55.7426798,55.71,0,1,0,-53.4315376281738,55715,-53.5578422546387,4279,0,4,10,-40,0,-54.3251686096191,-54.3251686096191,-55,0,1.03601227461826,0,1.01548761167636,-0.000141358018936444,0.948092228404033,0,0.500308990478516,0.316478729248047
43.206,55.7733008,55.741,0,1,0,-59.1754150390625,55747,-59.7478332519531,4279,0,4,10,-54,0,-61.4122886657715,-61.7633018493652,-63,0,1.03601227461826,0,1.01546460196454,-0.00109835405976355,0.938960298029153,0,0.825439453125,0.825439453125
43.236999999999995,55.8019516,55.772,0,1,0,-70.2719802856445,55776,-70.5875778198242,4279,0,4,10,-66,0,-72.1130142211914,-72.385383605957,-73,0,1.03601227461826,0,1.01533421359757,-0.00945817576405261,0.93065836268628,0,0.881484985351563,0.675338745117188
43.268,55.8346731,55.803,0,1,0,-77.2181243896484,55807,-77.4033966064453,4279,0,4,10,-80,0,-78.2088241577148,-78.3048858642578,-79,0,1.03591640081902,-0.00648991227899387,1.01399965031211,-0.0579162787793166,0.920504352844904,0,0.284782409667969,0.0954742431640625
43.294,55.8586697,55.829,0,1,0,-81.0952453613281,55834,-81.3405990600586,4279,0,4,10,-80,0,-81.9758758544922,-81.9758758544922,-83,0,1.03562877942129,-0.0152278256089176,1.01239664038877,-0.0790180873673307,0.912870805443991,0,0.148117065429688,0.148117065429688
43.319,55.8839659,55.854,0,1,0,-84.2216644287109,55858,-84.5218658447266,4279,0,4,10,-85,0,-85.0097351074219,-85.1736755371094,-86,0,1.03447829383038,-0.0549110097269931,1.01036411584482,-0.0770726936266328,0.90469848691182,0,0.794700622558594,0.631797790527344
43.343999999999994,55.9107427,55.879,0,1,0,-87.75341796875,55884,-87.8425979614258,4279,0,4,10,-85,0,-88.3859252929688,-88.5025939941406,-89,0,1.03256081784552,-0.0838485216140725,1.00803246504723,-0.111411819755858,0.8963029475653,0,0.691421508789063,0.6917724609375
43.370000000000005,55.9341698,55.905,0,1,0,-89.8006820678711,55909,-89.9057769775391,4279,0,4,10,-91,0,-90.3950805664063,-90.5540618896484,-91,0,1.02978047766748,-0.119835674001024,1.0047190665454,-0.144496077799204,0.887686258878136,0,0.85015869140625,0.743331909179688
43.394000000000005,55.959469,55.929,0,1,0,-91.7515258789063,55934,-91.8165588378906,4279,0,4,10,-96,0,-91.7986450195313,-91.8097534179688,-92,0,1.02632902089474,-0.162301626506405,1.00057731841811,-0.179120099267493,0.878850546889332,0,0.0661697387695313,0.102462768554688
43.419,55.9863857,55.954,0,1,0,-92.0154037475586,55959,-91.9803161621094,4279,0,4,10,-85,0,-91.6780776977539,-91.6780776977539,-92,0,1.02115183573562,-0.217900933289911,0.995116346813234,-0.216059826699507,0.869064486168568,0,0.807502746582031,0.849281311035156
43.446,56.0153957,55.981,0,1,0,-90.6912384033203,55986,-90.6436614990234,4279,0,4,10,-85,0,-90.5032424926758,-90.5032424926758,-91,0,1.01424892219014,-0.279343206418844,0.988988093565631,-0.229886563330297,0.85865184099113,0,0.276405334472656,0.140609741210938
43.486000000000004,56.052541,56.021,0,1,0,-93.0390930175781,56026,-93.1179275512695,4279,0,4,10,-103,0,-94.0653915405273,-94.1723403930664,-95,0,1.00264819248175,-0.314761006784465,0.979983626340742,-0.238277972796254,0.844095948126277,0,0.176200866699219,0.176200866699219
43.518,56.083251,56.053,0,1,0,-98.7999649047852,56057,-98.9597320556641,4279,0,4,10,-100,0,-99.7275390625,-99.8778076171875,-101,0,0.994019550549895,-0.28534245050696,0.972052945667373,-0.284751217038888,0.831864639097042,0,0.17816162109375,0.0834274291992188
43.55,56.1154527,56.085,0,1,0,-101.946044921875,56090,-101.950424194336,4279,0,4,10,-105,0,-101.893264770508,-101.949661254883,-102,0,0.986253772811224,-0.252070761111327,0.962128089969753,-0.34781266646246,0.818907801287788,0,0.324432373046875,0.401138305664063
43.581999999999994,56.1480292,56.117,0,1,0,-100.007308959961,56122,-99.7645263671875,4279,0,4,10,-101,0,-99.2450103759766,-99.1172027587891,-99,0,0.976858140485425,-0.322426516655923,0.950155369920306,-0.339584796917052,0.805199401731276,0,0.543678283691406,0.652450561523438
43.608000000000004,56.1737647,56.143,0,1,0,-97.0686645507813,56148,-97.0530090332031,4279,0,4,10,-94,0,-96.6491928100586,-96.5560607910156,-97,0,0.966791391564925,-0.415712413981851,0.941933232897239,-0.32621517212624,0.794583473231462,0,0.958908081054688,0.032958984375
43.632999999999996,56.1980698,56.168,0,1,0,-95.7057495117188,56173,-95.6855621337891,4279,0,4,10,-100,0,-95.8642120361328,-95.9818878173828,-97,0,0.956245273648212,-0.456184546929308,0.933573037603262,-0.347747537974101,0.783771493149234,0,0.637535095214844,0.577262878417969
43.658,56.2258155,56.193,0,1,0,-97.435920715332,56198,-97.5493774414063,4279,0,4,10,-105,0,-98.4502182006836,-98.6233825683594,-99,0,0.944644543939826,-0.444552747600824,0.923793910080491,-0.378016737861913,0.771877426883356,0,0.269729614257813,0.974761962890625
43.685,56.2504207,56.22,0,1,0,-101.669189453125,56225,-101.854507446289,4279,0,4,10,-96,0,-102.597625732422,-102.758941650391,-103,0,0.934577795019327,-0.400543033436293,0.914198860252266,-0.390551887161109,0.760213890609905,0,0.463905334472656,0.338760375976563
43.709999999999994,56.2770358,56.245,0,1,0,-104.470863342285,56250,-104.526313781738,4279,0,4,10,-96,0,-104.59423828125,-104.665634155273,-105,0,0.925469784091256,-0.365524669575962,0.903384295697672,-0.435782350061572,0.74834747744825,0,0.299270629882813,0.29034423828125
43.736999999999995,56.3032765,56.272,0,1,0,-104.303833007813,56277,-104.123382568359,4279,0,4,10,-105,0,-103.747406005859,-103.653450012207,-104,0,0.916170025564699,-0.386039884530078,0.891273517377315,-0.449365393071957,0.736281354166327,0,0.9798583984375,0.0423126220703125
43.763000000000005,56.3292934,56.298,0,1,0,-102.054054260254,56304,-101.696319580078,4279,0,4,10,-101,0,-101.182418823242,-101.182418823242,-102,0,0.905144538651771,-0.462060101614611,0.879960409066659,-0.426079346239931,0.724018740828354,0,0.711181640625,0.880867004394531
43.8,56.3666833,56.335,0,1,0,-97.6420135498047,56341,-97.5896759033203,4279,0,4,10,-94,0,-97.4173049926758,-97.3592224121094,-98,0,0.886161526401686,-0.560364599828858,0.864076038008103,-0.432540160679309,0.70574981486385,0,0.945175170898438,0.945175170898438
43.831999999999994,56.3972088,56.367,0,1,0,-98.2473297119141,56372,-98.4961242675781,4279,0,4,10,-96,0,-99.5613632202148,-99.848518371582,-100,0,0.869287737734944,-0.559302476244056,0.851167589678045,-0.43180292184536,0.691042276639083,0,0.212211608886719,0.996200561523438
43.861999999999995,56.4310421,56.397,0,1,0,-105.50666809082,56402,-105.606224060059,4279,0,4,10,-96,0,-106.217346191406,-106.296455383301,-107,0,0.855386036844731,-0.457145629754564,0.835459626410096,-0.495432945544053,0.674077206489195,0,0.320892333984375,0.290718078613281
43.893,56.4578848,56.428,0,1,0,-106.673667907715,56433,-106.768783569336,4279,0,4,10,-110,0,-107.027137756348,-107.078552246094,-108,0,0.843210064340888,-0.416933342055245,0.821830207109732,-0.500513395660164,0.660385424200634,0,0.512657165527344,0.468284606933594
43.926,56.4925822,56.461,0,1,0,-106.123138427734,56466,-105.883949279785,4279,0,4,10,-98,0,-105.237777709961,-105.237777709961,-106,0,0.828445499257489,-0.484025710365813,0.804396515455412,-0.520802254610658,0.642874060979134,0,0.327476501464844,0.614959716796875
43.958,56.5255091,56.493,0,1,0,-99.7829284667969,56497,-99.6964416503906,4279,0,4,10,-101,0,-98.9552154541016,-98.8338623046875,-99,0,0.811284089193018,-0.603268695036604,0.787177581111396,-0.480992182585055,0.625597100623105,0,0.922584533691406,0.169967651367188
43.985,56.5513609,56.52,0,1,0,-97.286735534668,56525,-97.3111114501953,4279,0,4,10,-92,0,-97.0975112915039,-97.0694885253906,-97,0,0.793930931530062,-0.66006881235046,0.774468550283763,-0.488824526914755,0.611795152432169,0,0.945480346679688,0.739204406738281
44.010999999999996,56.5770259,56.546,0,1,0,-99.2231750488281,56551,-99.4832763671875,4279,0,4,10,-98,0,-101.148971557617,-101.148971557617,-102,0,0.778974618848177,-0.606769727148844,0.762219713692496,-0.487414450292931,0.598370033411133,0,0.258804321289063,0.877960205078125
44.037000000000006,56.6022099,56.572,0,1,0,-106.058662414551,56577,-106.152084350586,4279,0,4,10,-103,0,-106.808219909668,-106.899353027344,-108,0,0.765648160753421,-0.541235969448394,0.749656411039713,-0.524912335113186,0.584251341579438,0,0.41107177734375,0.306892395019531
44.063,56.6304647,56.598,0,1,0,-108.136459350586,56602,-108.169326782227,4279,0,4,10,-112,0,-108.231773376465,-108.187210083008,-109,0,0.752801071654878,-0.473593612023706,0.734063496330855,-0.579337218540104,0.568872335566616,0,0.0628509521484375,0.099365234375
44.09,56.6552168,56.625,0,1,0,-106.883316040039,56630,-106.791725158691,4279,0,4,10,-103,0,-106.649703979492,-106.649703979492,-107,0,0.740912720548765,-0.486016075457997,0.718976795282,-0.582451685826641,0.554992153749282,0,0.069671630859375,0.0547332763671875
44.116,56.68141,56.651,0,1,0,-105.686134338379,56655,-105.236801147461,4279,0,4,10,-107,0,-103.82878112793,-103.593170166016,-104,0,0.727490388654765,-0.567845238048449,0.704457667124663,-0.572315448073823,0.540411551744757,0,0.844009399414063,0.026153564453125
44.141000000000005,56.7059064,56.676,0,1,0,-99.2237854003906,56680,-99.0359954833984,4279,0,4,10,-101,0,-98.0862503051758,-97.9987564086914,-98,0,0.711767085578938,-0.662924289610487,0.690789898304601,-0.529891033085619,0.526255689728684,0,0.550003051757813,0.594779968261719
44.166,56.7332438,56.701,0,1,0,-95.7702255249023,56707,-95.6466217041016,4279,0,4,10,-98,0,-95.5893020629883,-95.5893020629883,-96,0,0.693455189923553,-0.710224455645061,0.676631255632417,-0.52551816166249,0.510821621399422,0,0.792503356933594,0.586036682128906
44.193,56.7606143,56.728,0,1,0,-100.874145507813,56733,-101.74169921875,4279,0,4,10,-108,0,-103.480285644531,-103.787544250488,-105,0,0.676389653658325,-0.649902799511437,0.662495622672051,-0.528571522953712,0.495240543326436,0,0.649711608886719,0.649711608886719
44.22,56.7853805,56.755,0,1,0,-106.041061401367,56760,-106.21297454834,4279,0,4,10,-101,0,-106.975112915039,-106.975112915039,-108,0,0.66210445757114,-0.579737433051832,0.647899795475319,-0.586873100780508,0.480686439313179,0,0.157867431640625,0.0684814453125
44.245999999999995,56.812119,56.781,0,1,0,-108.51545715332,56786,-108.633102416992,4279,0,4,10,-108,0,-108.85228729248,-108.870895385742,-109,0,0.648777999476383,-0.519943102189586,0.632107463264036,-0.614826385772972,0.464834901239817,0,0.910079956054688,0.896041870117188
44.286,56.8517954,56.821,0,1,0,-105.970016479492,56826,-105.807678222656,4279,0,4,10,-107,0,-105.517532348633,-105.487854003906,-106,0,0.628548627836142,-0.557590429445213,0.60683512978362,-0.630036661843519,0.441106600078401,0,0.330398559570313,0.330398559570313
44.31699999999999,56.8836975,56.852,0,1,0,-100.218154907227,56857,-99.832145690918,4279,0,4,10,-107,0,-98.5898590087891,-98.2524108886719,-98,0,0.608415129995142,-0.697005688649142,0.587445612624746,-0.591564944065453,0.422524754083037,0,0.0045013427734375,0.0045013427734375
44.348,56.9144125,56.883,0,1,0,-91.0247497558594,56888,-91.2359466552734,4279,0,4,10,-92,0,-92.6028060913086,-92.6028060913086,-94,0,0.586555903767772,-0.769803447873187,0.570656192901337,-0.526561249532165,0.403782612506104,0,0.524505615234375,0.0425338745117188
44.382999999999996,56.949445,56.918,0,1,0,-102.083892822266,56923,-102.049346923828,4279,0,4,10,-98,0,-102.470664978027,-102.657653808594,-103,0,0.561724589763873,-0.701194887064844,0.551021238816401,-0.583548563444651,0.382438390758324,0,0.890899658203125,0.570892333984375
44.409000000000006,56.9742542,56.944,0,1,0,-108.015731811523,56949,-108.188911437988,4279,0,4,10,-103,0,-109.03450012207,-109.03450012207,-110,0,0.547631141275174,-0.568607192654213,0.535765799880878,-0.631087080075076,0.367078681727532,0,0.0387039184570313,0.956680297851563
44.434,56.9986481,56.969,0,1,0,-110.216613769531,56973,-110.102180480957,4279,0,4,10,-107,0,-109.832122802734,-109.783752441406,-110,0,0.535359294972089,-0.516184496741516,0.519820069590807,-0.685300627452648,0.351628401524744,0,0.410293579101563,0.410293579101563
44.458,57.0250362,56.993,0,1,0,-108.958106994629,56998,-108.78197479248,4279,0,4,10,-108,0,-107.466125488281,-107.141021728516,-107,0,0.521649341680361,-0.578359327685234,0.502133271106486,-0.670693450451324,0.335468130268024,0,0.198623657226563,0.588043212890625
44.483999999999995,57.0507945,57.019,0,1,0,-100.942016601563,57024,-100.827163696289,4279,0,4,10,-96,0,-99.4574279785156,-99.4574279785156,-100,0,0.506117786203019,-0.660340949526471,0.484891327050651,-0.64616417524627,0.319844928513588,0,0.215675354003906,0.215675354003906
44.510000000000005,57.0768017,57.045,0,1,0,-89.5894470214844,57050,-88.7657012939453,4279,0,4,10,-89,0,-86.4673843383789,-86.067024230957,-87,0,0.486463657358234,-0.809918214667277,0.469145014263005,-0.573479914090342,0.303513138321679,0,0.501998901367188,0.386711120605469
44.536,57.1021311,57.071,0,1,0,-88.5119323730469,57076,-89.5083770751953,4279,0,4,10,-82,0,-91.306510925293,-91.4352569580078,-92,0,0.465946664320263,-0.830707201037683,0.455208798805064,-0.546777366036395,0.287100350134611,0,0.803047180175781,0.703536987304688
44.562,57.130179,57.097,0,1,0,-96.6407318115234,57104,-99.7484970092773,4279,0,4,10,-100,0,-103.614654541016,-104.08381652832,-105,0,0.445813166479264,-0.750440995984491,0.439868990926208,-0.566003558972739,0.269339480678293,0,0.065704345703125,0.784553527832031
44.599999999999994,57.1650695,57.135,0,1,0,-110.244125366211,57139,-110.2841796875,4279,0,4,10,-105,0,-110.617973327637,-110.617973327637,-111,0,0.426638406630694,-0.514053431592572,0.417396172383683,-0.695570391192689,0.247021813657897,0,0.754730224609375,0.720161437988281
44.632999999999996,57.1977473,57.168,0,1,0,-111.091064453125,57172,-111.01318359375,4279,0,4,10,-114,0,-110.68229675293,-110.68229675293,-111,0,0.412161462945023,-0.480572305109206,0.393627140075395,-0.734711682432305,0.225869839480683,0,0.471817016601563,0.471817016601563
44.664,57.2308982,57.199,0,1,0,-102.085067749023,57204,-101.724159240723,4279,0,4,10,-110,0,-99.9820556640625,-99.9820556640625,-100,0,0.393178450694938,-0.682257334590361,0.371729564328327,-0.68432468285323,0.204620762828309,0,0.5045166015625,0.5045166015625
44.69,57.2550283,57.225,0,1,0,-80.5217895507813,57230,-78.7638549804688,4279,0,4,10,-84,0,-76.6315383911133,-76.6315383911133,-77,0,0.370648107872868,-0.890870413678329,0.354341892097644,-0.597944076601777,0.189111113524573,0,0.0962677001953125,0.805007934570313
44.715,57.27963,57.25,0,1,0,-81.9959411621094,57254,-82.868408203125,4279,0,4,10,-91,0,-86.8988342285156,-87.1887664794922,-88,0,0.349747619637926,-0.93389551564178,0.34111130780213,-0.538778187620721,0.172909553826967,0,0.8480224609375,0.8480224609375
44.739000000000004,57.3062446,57.274,0,1,0,-87.0990676879883,57279,-91.4529724121094,4279,0,4,10,-85,0,-98.3713302612305,-98.9894866943359,-100,0,0.327600772012827,-0.865300463355936,0.327274801095402,-0.575022170799855,0.156665331284252,0,0.700126647949219,0.207107543945313
44.766000000000005,57.3333752,57.301,0,1,0,-108.313766479492,57307,-109.02693939209,4279,0,4,10,-103,0,-110.192504882813,-110.349296569824,-111,0,0.310151740550628,-0.600356072009049,0.309265866645624,-0.674796357653122,0.138426101719209,0,0.989738464355469,0.925888061523438
44.804,57.369851,57.339,0,1,0,-111.540367126465,57343,-111.498809814453,4279,0,4,10,-100,0,-111.460334777832,-111.494529724121,-112,0,0.295387175467229,-0.411964963869991,0.282774018438839,-0.760299372314591,0.114259479136383,0,0.462295532226563,0.462295532226563
44.834999999999994,57.4012402,57.37,0,1,0,-109.593292236328,57375,-109.353561401367,4279,0,4,10,-119,0,-107.752227783203,-107.356750488281,-107,0,0.279472124792915,-0.611933480632786,0.259112364785703,-0.742675023259494,0.0939636822419056,0,0.854904174804688,0.327857971191406
44.867000000000004,57.4348487,57.402,0,1,0,-88.9897842407227,57406,-87.2807922363281,4279,0,4,10,-78,0,-79.3128509521484,-79.3128509521484,-78,0,0.254928432186745,-0.889916156333186,0.235374012093173,-0.642704831905604,0.0716630728771341,0,0.703628540039063,0.703628540039063
44.894000000000005,57.4617082,57.429,0,1,0,-63.3821716308594,57435,-63.8869819641113,4279,0,4,10,-56,0,-65.7565994262695,-65.7565994262695,-67,0,0.226549787610861,-1.03196632907185,0.220755175184623,-0.503642898493865,0.0552441283418533,0,0.439193725585938,0.088470458984375
44.92100000000001,57.4882332,57.456,0,1,0,-76.2388381958008,57461,-76.9577865600586,4279,0,4,10,-85,0,-82.2013931274414,-83.5417251586914,-86,0,0.201526726008476,-0.992397070128845,0.207386532618199,-0.504394976140674,0.0374964797053788,0,0.368232727050781,0.550102233886719
44.94799999999999,57.5158288,57.483,0,1,0,-102.134292602539,57488,-102.827865600586,4279,0,4,10,-96,0,-105.583160400391,-105.969032287598,-107,0,0.179859247379591,-0.834822827389814,0.193304588985409,-0.580198839085512,0.0197380399284334,0,0.252273559570313,0.252273559570313
44.977000000000004,57.5435683,57.512,0,1,0,-110.651519775391,57517,-110.715171813965,4279,0,4,10,-112,0,-110.956146240234,-110.998733520508,-111,0,0.161355604125721,-0.614673074860463,0.174344586447143,-0.716861680502205,0.000657973598073454,0,0.749855041503906,0.728599548339844
45.009,57.5755753,57.544,0,1,0,-111.331016540527,57549,-111.273216247559,4279,0,4,10,-119,0,-111.327438354492,-111.336059570313,-112,0,0.146495165243079,-0.479765370262783,0.149754874417336,-0.774067383419379,-0.0203958926990497,0,0.962554931640625,0.948272705078125
45.040000000000006,57.607384,57.575,0,1,0,-110.606491088867,57580,-110.559692382813,4279,0,4,10,-101,0,-110.098045349121,-109.950988769531,-110,0,0.133072833349079,-0.461542209235915,0.12246535620085,-0.86115048689409,-0.0414415140508294,0,0.526329040527344,0.610313415527344
45.07299999999999,57.6390233,57.608,0,1,0,-95.9240875244141,57612,-94.1200103759766,4279,0,4,10,-92,0,-84.7621231079102,-83.241455078125,-84,0,0.11361045210278,-0.693975242263832,0.0955746729892149,-0.789921259071107,-0.0624703828621066,0,0.593536376953125,0.593536376953125
45.098,57.6648609,57.633,0,1,0,-61.9129981994629,57639,-60.0419158935547,4279,0,4,10,-57,0,-56.1743469238281,-56.1743469238281,-56,0,0.0910801092807099,-1.00680101855242,0.0774046705567095,-0.607683384286275,-0.0788820462735423,0,0.940715789794922,0.940715789794922
45.123999999999995,57.6927075,57.659,0,1,0,-56.7022819519043,57664,-57.9996070861816,4279,0,4,10,-64,0,-59.6896018981934,-60.1843147277832,-61,0,0.0623179695078542,-1.10822743966241,0.0631539890372518,-0.454348789043529,-0.0972398107394691,0,0.0515861511230469,0.172473907470703
45.152,57.7202532,57.687,0,1,0,-62.5877571105957,57692,-63.5662651062012,4279,0,4,10,-57,0,-65.6490020751953,-65.9783477783203,-67,0,0.0337475773334841,-1.14090939524151,0.0513423369705324,-0.429689043581298,-0.115567479210632,0,0.487129211425781,0.832542419433594
45.18000000000001,57.7454926,57.715,0,1,0,-95.0393524169922,57719,-96.2422637939453,4279,0,4,10,-96,0,-100.609710693359,-101.401626586914,-102,0,0.00824514673488532,-0.961986375783955,0.0399755393322998,-0.506596503466028,-0.13190141461504,0,0.690910339355469,0.08740234375
45.209999999999994,57.7747837,57.745,0,1,0,-111.43970489502,57750,-111.525207519531,4279,0,4,10,-108,0,-111.80842590332,-111.80842590332,-112,0,-0.00776577773867106,-0.535699427787157,0.0212686436240344,-0.721100565371504,-0.150807738819799,0,0.160690307617188,0.192291259765625
45.241,57.8074341,57.776,0,1,0,-110.597778320313,57781,-110.749160766602,4279,0,4,10,-105,0,-111.232940673828,-111.320693969727,-112,0,-0.0228179642197989,-0.374441235549863,-0.00421077726274609,-0.847019289937979,-0.172260577378668,0,0.468864440917969,0.482437133789063
45.275000000000006,57.8425876,57.81,0,1,0,-110.635543823242,57815,-110.530059814453,4279,0,4,10,-107,0,-110.071014404297,-110.071014404297,-110,0,-0.0335558297349984,-0.339734257046775,-0.0353429173528852,-0.916994220255923,-0.194285948993257,0,0.662887573242188,0.894309997558594
45.30200000000001,57.8696795,57.837,0,1,0,-102.343551635742,57842,-101.166946411133,4279,0,4,10,-100,0,-94.9574737548828,-93.7970581054688,-93,0,-0.0460194236365692,-0.536301658770739,-0.060040008037844,-0.88138112718498,-0.212358359096307,0,0.770576477050781,0.817230224609375
45.32899999999999,57.8949501,57.864,0,1,0,-58.6971435546875,57869,-57.4722938537598,4279,0,4,10,-54,0,-53.0971794128418,-53.0971794128418,-53,0,-0.0657694262805969,-0.862508498149005,-0.0808561273294522,-0.710081673924051,-0.228439068185748,0,0.929813385009766,0.929813385009766
45.354,57.9232454,57.889,0,1,0,-51.7964363098145,57895,-51.8736343383789,4279,0,4,10,-59,0,-52.2670822143555,-52.3954582214355,-53,0,-0.0947233136519383,-1.07992136824801,-0.0969399158904331,-0.491901698216651,-0.247021813629463,0,0.846260070800781,0.892864227294922
45.382999999999996,57.9495082,57.918,0,1,0,-51.8776550292969,57923,-51.9723167419434,4279,0,4,10,-52,0,-53.0868606567383,-53.0868606567383,-54,0,-0.126265793602837,-1.26871215250033,-0.109020014595033,-0.410462772129108,-0.263612661309818,0,0.970340728759766,0.723312377929688
45.408,57.9736061,57.943,0,1,0,-58.2786636352539,57948,-59.5182304382324,4279,0,4,10,-56,0,-62.6380348205566,-63.5582733154297,-64,0,-0.155123807174935,-1.16023494353294,-0.118277588649922,-0.391468502786736,-0.278864949718094,0,0.876373291015625,0.141555786132813
45.43300000000001,57.9991888,57.968,0,1,0,-108.375228881836,57972,-109.039199829102,4279,0,4,10,-100,0,-110.945655822754,-111.173904418945,-112,0,-0.168546139068935,-0.517610538596813,-0.12998186206149,-0.577385874291451,-0.295316595689248,0,0.046417236328125,0.031280517578125
45.459,58.0265031,57.994,0,1,0,-111.671630859375,57998,-111.567153930664,4279,0,4,10,-103,0,-110.083450317383,-110.083450317383,-110,0,-0.182639587557634,-0.667222399537025,-0.148750117001271,-0.780047552021301,-0.312317522256698,0,0.22698974609375,0.869064331054688
45.489999999999995,58.0575939,58.025,0,1,0,-99.4179992675781,58030,-100.691474914551,4279,0,4,10,-96,0,-105.063285827637,-105.660446166992,-107,0,-0.199034007228162,-0.370437414496621,-0.175073227321388,-0.888501163808968,-0.331725965623497,0,0.0548019409179688,0.900054931640625
45.521,58.0875751,58.056,0,1,0,-108.038360595703,58060,-107.852630615234,4279,0,4,10,-108,0,-106.325897216797,-106.325897216797,-106,0,-0.206895658766076,-0.296826188506543,-0.202163328035449,-0.924497002968536,-0.350388580437134,0,0.919509887695313,0.831039428710938
45.551,58.1186724,58.086,0,1,0,-86.3840789794922,58091,-84.0127105712891,4279,0,4,10,-91,0,-75.1224212646484,-72.8224563598633,-71,0,-0.221276728652504,-0.562520460268871,-0.230227506549816,-0.858247034774791,-0.369542420273393,0,0.939594268798828,0.826221466064453
45.584,58.1521872,58.119,0,1,0,-50.4741096496582,58124,-50.0143775939941,4279,0,4,10,-59,0,-48.0387229919434,-47.6942405700684,-48,0,-0.247929644842017,-0.947090756273639,-0.25405789808962,-0.568277742053425,-0.38977776650753,0,0.4661865234375,0.4661865234375
45.611999999999995,58.1795751,58.147,0,1,0,-44.5002136230469,58152,-44.4281005859375,4279,0,4,10,-36,0,-44.5829010009766,-44.7135047912598,-45,0,-0.277554648808058,-1.18706516979216,-0.267165763922103,-0.418574514020747,-0.406816086545015,0,0.0830001831054688,0.792156219482422
45.638000000000005,58.204946,58.173,0,1,0,-49.6513404846191,58178,-50.2054214477539,4279,0,4,10,-59,0,-52.033504486084,-52.033504486084,-53,0,-0.310151740550628,-1.31668901269154,-0.276829842885782,-0.347416248993284,-0.42192263282638,0,0.69207763671875,0.0857505798339844
45.664,58.2328987,58.199,0,1,0,-74.3909454345703,58205,-77.9051971435547,4279,0,4,10,-77,0,-102.01685333252,-104.046157836914,-105,0,-0.331531597781784,-0.601542391189469,-0.287905184174317,-0.473209013911969,-0.438718197408357,0,0.151885986328125,0.8702392578125
45.706,58.2729644,58.241,0,1,0,-103.887298583984,58246,-100.664794921875,4279,0,4,10,-103,0,-88.735481262207,-86.3874969482422,-85,0,-0.354637183399312,-0.772870146291325,-0.314926255752922,-0.799414206562005,-0.46247503721525,0,0.6051025390625,0.6051025390625
45.736999999999995,58.3049994,58.272,0,1,0,-92.5908737182617,58277,-93.4614105224609,4279,0,4,10,-96,0,-96.7755355834961,-97.020622253418,-98,0,-0.369593496081197,-0.41700501860538,-0.341326065112434,-0.84092099621688,-0.481270904608067,0,0.860183715820313,0.860183715820313
45.769999999999996,58.3364797,58.305,0,1,0,-97.9711151123047,58310,-97.5630874633789,4279,0,4,10,-98,0,-92.5778579711914,-91.5045166015625,-92,0,-0.378413885611539,-0.333327976968917,-0.368669272656496,-0.851317957812682,-0.499872220462291,0,0.154365539550781,0.313941955566406
45.8,58.3650338,58.335,0,1,0,-64.3420333862305,58339,-62.798210144043,4279,0,4,10,-52,0,-56.2200660705566,-56.2200660705566,-55,0,-0.392411460300996,-0.590981847287651,-0.391234130046293,-0.748480203262773,-0.515982865463156,0,0.283695220947266,0.283695220947266
45.831,58.3974645,58.366,0,1,0,-43.3587913513184,58371,-43.0337867736816,4279,0,4,10,-42,0,-41.7376136779785,-41.5580024719238,-42,0,-0.417913890899594,-0.902205448664517,-0.411367627887292,-0.530700790893491,-0.534765012662732,0,0.317943572998047,0.329097747802734
45.861999999999995,58.4309937,58.397,0,1,0,-40.4181098937988,58402,-40.5624504089355,4279,0,4,10,-43,0,-41.222339630127,-41.4254608154297,-42,0,-0.452428458627021,-1.22060159759752,-0.426078503643116,-0.357184100261122,-0.553317261941985,0,0.106460571289063,0.106460571289063
45.891999999999996,58.4585987,58.427,0,1,0,-54.5425758361816,58432,-56.0840110778809,4279,0,4,10,-54,0,-62.2089614868164,-62.2089614868164,-64,0,-0.482341083990791,-0.839850972043337,-0.435642873855583,-0.381981873236555,-0.56887233554205,0,0.793670654296875,0.00711822509765625
45.923,58.4901588,58.458,0,1,0,-108.502967834473,58463,-108.499000549316,4279,0,4,10,-98,0,-106.79801940918,-106.16837310791,-106,0,-0.493654192301448,-0.510046907126934,-0.452301905212021,-0.665726017405291,-0.585888450609204,0,0.723587036132813,0.723587036132813
45.95399999999999,58.5222414,58.489,0,1,0,-61.3044700622559,58493,-60.947696685791,4279,0,4,10,-68,0,-61.6859893798828,-61.6859893798828,-63,0,-0.515705166127304,-0.585845980633394,-0.475733461746974,-0.743339151054897,-0.603757983979752,0,0.8167724609375,0.8167724609375
45.980999999999995,58.54707,58.516,0,1,0,-84.8993682861328,58521,-85.9533538818359,4279,0,4,10,-80,0,-86.2329483032227,-86.2329483032227,-86,0,-0.523758565263704,-0.350965518448334,-0.494440357455239,-0.755257983191143,-0.616591414227858,0,0.305557250976563,0.282905578613281
46.007000000000005,58.5724253,58.542,0,1,0,-69.3696746826172,58546,-69.5908050537109,4279,0,4,10,-68,0,-72.9779205322266,-73.5254974365234,-74,0,-0.533154197589503,-0.332282666603874,-0.512909486141382,-0.711738882914574,-0.630335985940045,0,0.307510375976563,0.899581909179688
46.032,58.599174,58.567,0,1,0,-59.9856910705566,58572,-58.6189270019531,4279,0,4,10,-59,0,-53.4979591369629,-53.0903472900391,-53,0,-0.54648065568426,-0.610458826795934,-0.530765022512371,-0.605533197649947,-0.643912341042498,0,0.923458099365234,0.923458099365234
46.05800000000001,58.6283661,58.593,0,1,0,-43.314037322998,58598,-43.0238227844238,4279,0,4,10,-40,0,-42.3777809143066,-42.3326835632324,-43,0,-0.571311969688158,-0.943754195362317,-0.545514247787892,-0.449792020131554,-0.658340752499762,0,0.999523162841797,0.0652503967285156
46.087999999999994,58.6537639,58.623,0,1,0,-43.2955017089844,58627,-43.8415756225586,4279,0,4,10,-42,0,-47.8558921813965,-47.8558921813965,-49,0,-0.597964885877671,-0.967457517716412,-0.556965414369458,-0.406318973578209,-0.67206094073405,0,0.922504425048828,0.497501373291016
46.113,58.679553,58.648,0,1,0,-64.818473815918,58653,-66.6139450073242,4279,0,4,10,-57,0,-77.7083587646484,-79.7958526611328,-82,0,-0.611866586767885,-0.503958671831128,-0.567580561421627,-0.469626242883123,-0.685090219018308,0,0.322547912597656,0.1463623046875
46.138000000000005,58.7055788,58.673,0,1,0,-83.9137725830078,58678,-82.5705642700195,4279,0,4,10,-80,0,-73.3720626831055,-73.3720626831055,-72,0,-0.625864161457342,-0.629924799892478,-0.582276097369571,-0.630552414137924,-0.697445996632782,0,0.521778106689453,0.318374633789063
46.165000000000006,58.7329608,58.7,0,1,0,-58.5296249389648,58706,-58.7236747741699,4279,0,4,10,-50,0,-60.6321601867676,-61.1920433044434,-62,0,-0.641683338332412,-0.514789875317888,-0.600384740570561,-0.652917895809196,-0.711562909914017,0,0.580192565917969,0.827224731445313
46.19199999999999,58.7581259,58.727,0,1,0,-71.6443328857422,58732,-71.6201400756836,4279,0,4,10,-77,0,-70.3774566650391,-69.7834167480469,-70,0,-0.65002435886654,-0.38123189286398,-0.616905713656089,-0.662764499040577,-0.723067417713777,0,0.508049011230469,0.508049011230469
46.217,58.7840324,58.752,0,1,0,-54.5829658508301,58758,-53.8967704772949,4279,0,4,10,-49,0,-52.747013092041,-52.7636947631836,-53,0,-0.66210445757114,-0.451816057430392,-0.632659696347675,-0.600445499299553,-0.735345010786941,0,0.261508941650391,0.516159057617188
46.242999999999995,58.8092965,58.778,0,1,0,-58.7253532409668,58783,-57.794059753418,4279,0,4,10,-50,0,-53.6612396240234,-53.1006050109863,-54,0,-0.673896934878011,-0.533051083992859,-0.647140474985315,-0.522517589962945,-0.746965364113478,0,0.704891204833984,0.704891204833984
46.269000000000005,58.8362112,58.804,0,1,0,-48.5765838623047,58809,-48.2163314819336,4279,0,4,10,-43,0,-46.4302406311035,-46.1691551208496,-46,0,-0.691058344942481,-0.758309377474347,-0.659979894179918,-0.443997668221527,-0.759308252277329,0,0.771724700927734,0.771724700927734
46.295,58.8620172,58.83,0,1,0,-47.047420501709,58836,-47.2631988525391,4279,0,4,10,-45,0,-48.7267036437988,-49.0859222412109,-50,0,-0.710616599988023,-0.725503855937177,-0.670802128638452,-0.429738593439879,-0.770987505668199,0,0.223094940185547,0.773082733154297
46.321,58.8878987,58.856,0,1,0,-58.0106964111328,58861,-59.0318832397461,4279,0,4,10,-50,0,-61.250659942627,-61.5718879699707,-62,0,-0.723751310484294,-0.515238450112861,-0.682291644739715,-0.456449320701722,-0.782461007035949,0,0.941844940185547,0.861793518066406
46.348,58.916024,58.883,0,1,0,-61.4749488830566,58888,-61.179801940918,4279,0,4,10,-57,0,-59.414119720459,-58.9919700622559,-59,0,-0.738132380370722,-0.582954584125218,-0.695353491148561,-0.515730235401065,-0.794154740600205,0,0.0203971862792969,0.0203971862792969
46.375,58.9408025,58.91,0,1,0,-55.4834175109863,58915,-55.7221984863281,4279,0,4,10,-49,0,-56.1819610595703,-56.355899810791,-57,0,-0.751267090866993,-0.501004031757134,-0.709159318239532,-0.541174325178872,-0.805199401712568,0,0.275234222412109,0.167545318603516
46.405,58.9724106,58.94,0,1,0,-58.6695823669434,58945,-58.3761825561523,4279,0,4,10,-56,0,-57.5056114196777,-57.2218017578125,-57,0,-0.763251315772349,-0.413276334941543,-0.726500971046579,-0.546362750290882,-0.818497538343225,0,0.265357971191406,0.609806060791016
46.437,59.004914,58.972,0,1,0,-50.6925849914551,58977,-50.5318641662598,4279,0,4,10,-45,0,-49.8385963439941,-49.7219467163086,-50,0,-0.777920007056506,-0.494564013531203,-0.743474468464534,-0.50185077727167,-0.831464801127368,0,0.886550903320313,0.922771453857422
46.47,59.0388405,59.005,0,1,0,-49.9972496032715,59010,-50.0241394042969,4279,0,4,10,-50,0,-49.8705940246582,-49.8705940246582,-50,0,-0.794026805329305,-0.50221269872884,-0.759289810387635,-0.448805629677736,-0.844874117409232,0,0.277713775634766,0.453197479248047
46.498000000000005,59.063998,59.033,0,1,0,-47.0807304382324,59038,-47.0072975158691,4279,0,4,10,-47,0,-46.555721282959,-46.4943428039551,-47,0,-0.80696976822709,-0.566851786572215,-0.770135054557986,-0.423032479558515,-0.85448826796126,0,0.450168609619141,0.344352722167969
46.522999999999996,59.0900111,59.058,0,1,0,-47.9441413879395,59064,-48.2923583984375,4279,0,4,10,-45,0,-49.127815246582,-49.2907524108887,-50,0,-0.820967342916547,-0.506610440166583,-0.781241075462278,-0.401348827437232,-0.864634673983709,0,0.884552001953125,0.790912628173828
46.54900000000001,59.1166074,59.084,0,1,0,-50.6254539489746,59088,-50.6161689758301,4279,0,4,10,-56,0,-50.4640922546387,-50.381160736084,-51,0,-0.832568072624932,-0.493053787305712,-0.791733504051416,-0.435937265316056,-0.873444893176208,0,0.617336273193359,0.743076324462891
46.57899999999999,59.1453831,59.114,0,1,0,-47.4134521484375,59119,-47.2884330749512,4279,0,4,10,-49,0,-46.8301277160645,-46.7606506347656,-47,0,-0.846853268712117,-0.51604674686746,-0.805155835945415,-0.447301947763208,-0.88417813598346,0,0.252620697021484,0.252620697021484
46.608999999999995,59.1757676,59.144,0,1,0,-48.2042503356934,59149,-48.4289398193359,4279,0,4,10,-45,0,-48.7586250305176,-48.8547248840332,-49,0,-0.85941273641293,-0.414642255110039,-0.818294381393656,-0.436792944718832,-0.894939084002376,0,0.771965026855469,0.770580291748047
46.638999999999996,59.2050885,59.174,0,1,0,-48.128547668457,59179,-48.0019035339355,4279,0,4,10,-40,0,-47.3000831604004,-47.1684913635254,-48,0,-0.870534097125101,-0.398869259261232,-0.831501955977351,-0.441936743536303,-0.905029679079461,0,0.880710601806641,0.0268440246582031
46.672,59.237419,59.207,0,1,0,-43.9656143188477,59211,-43.9234085083008,4279,0,4,10,-38,0,-43.7120361328125,-43.6681175231934,-44,0,-0.883668807621372,-0.412781265213766,-0.845085355854079,-0.403801091054447,-0.915438472251464,0,0.454479217529297,0.454479217529297
46.697,59.2633529,59.232,0,1,0,-43.0224418640137,59236,-42.9280662536621,4279,0,4,10,-54,0,-42.4491920471191,-42.3457336425781,-43,0,-0.893447935144143,-0.4155435290794,-0.855117590206851,-0.395128128043893,-0.923313060864743,0,0.319751739501953,0.440994262695313
46.721999999999994,59.2885273,59.257,0,1,0,-40.0988426208496,59261,-39.9963417053223,4279,0,4,10,-45,0,-39.2808609008789,-39.1633758544922,-40,0,-0.904569295856314,-0.453750919577828,-0.865142154655683,-0.368321142517971,-0.931260941391107,0,0.101520538330078,0.103122711181641
46.748000000000005,59.3161718,59.283,0,1,0,-39.5453681945801,59287,-39.6622657775879,4279,0,4,10,-38,0,-40.4158134460449,-40.4158134460449,-41,0,-0.914636044776814,-0.428375669502771,-0.873954874282086,-0.338603258475246,-0.938668789452985,0,0.138439178466797,0.910186767578125
46.775000000000006,59.3412492,59.31,0,1,0,-42.8540840148926,59315,-42.9265823364258,4279,0,4,10,-36,0,-43.0995674133301,-43.0995674133301,-44,0,-0.924894541295799,-0.380951241483103,-0.883473225070917,-0.349555647963598,-0.946409076026819,0,0.23358154296875,0.304630279541016
46.8,59.3659443,59.335,0,1,0,-41.7205276489258,59340,-41.5462188720703,4279,0,4,10,-43,0,-40.539493560791,-40.539493560791,-41,0,-0.934194299822355,-0.395505757198976,-0.892485362199745,-0.366438291751365,-0.953333203882795,0,0.623241424560547,0.789527893066406
46.825,59.3909195,59.36,0,1,0,-38.4456176757813,59365,-38.3158874511719,4279,0,4,10,-38,0,-38.2570419311523,-38.2832832336426,-39,0,-0.943302310750426,-0.36849992753821,-0.901612547887665,-0.358846338447051,-0.960022111035746,0,0.449695587158203,0.358612060546875
46.849999999999994,59.4183956,59.385,0,1,0,-39.0357627868652,59389,-39.1304779052734,4279,0,4,10,-35,0,-39.1564025878906,-39.1872062683105,-40,0,-0.951451583686069,-0.3268827103891,-0.910317888858916,-0.344913743287066,-0.966727278906057,0,0.40618896484375,0.40618896484375
46.876999999999995,59.4442085,59.412,0,1,0,-37.3042831420898,59417,-37.0145874023438,4279,0,4,10,-40,0,-36.375072479248,-36.1911392211914,-37,0,-0.95988847801944,-0.335340865778335,-0.919537113394108,-0.341166724147456,-0.973417250752095,0,0.0388641357421875,0.0388641357421875
46.903000000000006,59.4703018,59.438,0,1,0,-33.7320289611816,59443,-33.674861907959,4279,0,4,10,-33,0,-33.1710891723633,-33.175163269043,-34,0,-0.968421246152054,-0.348372994084684,-0.928388182540208,-0.312817347199484,-0.979594698360297,0,0.888626098632813,0.877559661865234
46.93000000000001,59.4970093,59.465,0,1,0,-33.3108024597168,59470,-33.3920631408691,4279,0,4,10,-29,0,-33.5967712402344,-33.7079887390137,-34,0,-0.976762266686182,-0.333909445835502,-0.935720610706302,-0.281089743262896,-0.985510723326054,0,0.936264038085938,0.866588592529297
46.956,59.5238924,59.491,0,1,0,-34.5957679748535,59496,-34.6307334899902,4279,0,4,10,-35,0,-34.6312866210938,-34.6312866210938,-35,0,-0.985390908618039,-0.319910726681428,-0.943428864165427,-0.260909862711856,-0.991587657536961,0,0.0447731018066406,0.0577964782714844
46.995000000000005,59.562587,59.53,0,1,0,-34.648609161377,59535,-34.6128616333008,4279,0,4,10,-28,0,-34.1919250488281,-34.1562423706055,-35,0,-0.996224647932481,-0.29282184992644,-0.95372187525214,-0.278753621495298,-0.999343700337759,0,0.315158843994141,0.392387390136719
47.025000000000006,59.5914037,59.56,0,1,0,-32.7851753234863,59564,-32.7553977966309,4279,0,4,10,-28,0,-32.5245132446289,-32.4379959106445,-33,0,-1.00389455187191,-0.275860173298497,-0.96149915784672,-0.271559081630244,-1.00487974566661,0,0.875102996826172,0.875102996826172
47.057,59.6244179,59.592,0,1,0,-32.1433639526367,59596,-32.0018196105957,4279,0,4,10,-33,0,-31.4753875732422,-31.6944370269775,-32,0,-1.01137270821285,-0.246053497422281,-0.970304207569184,-0.238577839914456,-1.01094528815172,0,0.785686492919922,0.785686492919922
47.084,59.6527043,59.619,0,1,0,-30.6199054718018,59625,-30.2104663848877,4279,0,4,10,-33,0,-29.7091217041016,-29.7091217041016,-30,0,-1.01808387415985,-0.242296530790099,-0.976969354092547,-0.244236632801062,-1.01543351998686,0,0.399145126342773,0.511222839355469
47.111999999999995,59.6778936,59.647,0,1,0,-27.5580921173096,59652,-27.49098777771,4279,0,4,10,-22,0,-26.9303359985352,-26.8104476928711,-27,0,-1.02441154490988,-0.259355104693668,-0.983181976283483,-0.23371825817992,-1.01947933767088,0,0.830816268920898,0.965354919433594
47.137,59.7027515,59.672,0,1,0,-25.5313014984131,59676,-25.3661346435547,4279,0,4,10,-28,0,-25.226188659668,-25.2690773010254,-26,0,-1.03064334186067,-0.265094940575864,-0.988942074141994,-0.211954314408558,-1.02311298772024,0,0.894702911376953,0.0431556701660156
47.162000000000006,59.7312009,59.697,0,1,0,-25.6990776062012,59704,-25.887580871582,4279,0,4,10,-26,0,-26.0017242431641,-26.0625190734863,-27,0,-1.03725863400842,-0.241261296457424,-0.99450275449808,-0.188955496455947,-1.02688294132537,0,0.284046173095703,0.137733459472656
47.19499999999999,59.7618369,59.73,0,1,0,-28.0254325866699,59735,-28.1786155700684,4279,0,4,10,-26,0,-28.3117179870605,-28.3117179870605,-29,0,-1.04329868336072,-0.20643171135157,-0.9998563474478,-0.173334135043433,-1.03068604698535,0,0.394203186035156,0.352001190185547
47.224999999999994,59.7924333,59.76,0,1,0,-28.7472457885742,59765,-28.7286472320557,4279,0,4,10,-33,0,-28.4740543365479,-28.3989410400391,-29,0,-1.04837999472059,-0.168308514814044,-1.00535566857237,-0.17943941495912,-1.03399418506799,0,0.866376876831055,0.944366455078125
47.256,59.8273134,59.791,0,1,0,-26.5578136444092,59796,-26.2178497314453,4279,0,4,10,-26,0,-25.2969589233398,-25.1635684967041,-26,0,-1.05365305367895,-0.16114050596957,-1.01186741701695,-0.184361803038541,-1.03738928530149,0,0.791927337646484,0.920738220214844
47.286,59.8538538,59.821,0,1,0,-22.7902641296387,59826,-22.5489845275879,4279,0,4,10,-15,0,-21.9170265197754,-21.8888397216797,-22,0,-1.05777562704639,-0.162663221810135,-1.01660741765151,-0.17226162190434,-1.03966566410655,0,0.631696701049805,0.752376556396484
47.313,59.8799915,59.848,0,1,0,-20.4359550476074,59852,-20.3393783569336,4279,0,4,10,-28,0,-19.7430801391602,-19.6306991577148,-20,0,-1.06228169561081,-0.179083335080577,-1.02077984539456,-0.147023561315564,-1.04157495066023,0,0.305030822753906,0.324745178222656
47.339,59.905123,59.874,0,1,0,-19.6324424743652,59878,-19.45676612854,4279,0,4,10,-19,0,-19.3662185668945,-19.3512859344482,-20,0,-1.06659601657673,-0.183020840950576,-1.0243080012067,-0.133402590030073,-1.04314867615776,0,0.0308074951171875,0.0670623779296875
47.364000000000004,59.9336518,59.899,0,1,0,-19.3009338378906,59905,-19.3714923858643,4279,0,4,10,-19,0,-19.6201686859131,-19.6201686859131,-20,0,-1.07119795894039,-0.164884376916461,-1.02763673951641,-0.107492521532095,-1.04460566951617,0,0.665889739990234,0.665889739990234
47.391999999999996,59.9611895,59.927,0,1,0,-20.9565868377686,59933,-21.0365219116211,4279,0,4,10,-21,0,-21.3764533996582,-21.3308963775635,-22,0,-1.07464941571313,-0.127795629997308,-1.03058198262915,-0.10648036955331,-1.04570443715552,0,0.093231201171875,0.0288124084472656
47.42,59.986862,59.955,0,1,0,-22.2976188659668,59960,-22.3942947387695,4279,0,4,10,-14,0,-22.1994438171387,-22.1165504455566,-23,0,-1.07704626069421,-0.0911518188595437,-1.0334121771828,-0.11274508049496,-1.04650226071796,0,0.336078643798828,0.402006149291992
47.446,60.011843,59.981,0,1,0,-20.4440650939941,59985,-20.3317031860352,4279,0,4,10,-19,0,-19.7918395996094,-19.6713447570801,-20,0,-1.07886786287982,-0.07704058615127,-1.03628839116008,-0.112315158821502,-1.04697245369218,0,0.843721389770508,0.901834487915039
47.474999999999994,60.0418723,60.01,0,1,0,-17.7205657958984,60015,-17.4824714660645,4279,0,4,10,-19,0,-16.9556007385254,-16.9556007385254,-17,0,-1.08107296026241,-0.077053228640807,-1.03954810033434,-0.107221636325676,-1.04719569082051,0,0.20931339263916,0.331191062927246
47.506,60.0729317,60.041,0,1,0,-13.4472074508667,60045,-13.3319416046143,4279,0,4,10,-21,0,-12.5493011474609,-12.5493011474609,-13,0,-1.08375742664121,-0.097247352605109,-1.04241664440769,-0.0718388834141024,-1.04703549590403,0,0.154542922973633,0.28455638885498
47.537000000000006,60.10428,60.072,0,1,0,-11.3058338165283,60076,-11.3429527282715,4279,0,4,10,-17,0,-11.4275598526001,-11.3896884918213,-12,0,-1.08682538821698,-0.101134417372805,-1.04427276116103,-0.0536158888521641,-1.04647808126937,0,0.0588207244873047,0.13199520111084
47.569,60.1367463,60.104,0,1,0,-9.67469215393066,60109,-9.6382360458374,4279,0,4,10,-5,0,-9.14816188812256,-9.14816188812256,-10,0,-1.08979747599351,-0.096681797158908,-1.04610586820255,-0.0518947601703985,-1.04544845748315,0,0.174057006835938,0.130038261413574
47.599999999999994,60.1666776,60.135,0,1,0,-9.97880744934082,60140,-10.1707334518433,4279,0,4,10,-8,0,-10.9496517181396,-10.9496517181396,-12,0,-1.09171495197836,-0.0576594090407525,-1.04721033436983,-0.02939148141445,-1.04412240794666,0,0.184064865112305,0.00161647796630859
47.629999999999995,60.1966313,60.165,0,1,0,-13.7512693405151,60170,-13.5694618225098,4279,0,4,10,-12,0,-13.2662057876587,-13.1656618118286,-14,0,-1.09209844717533,-0.00907305296755112,-1.04804635389923,-0.0305784603531265,-1.04248792482332,0,0.457770347595215,0.457770347595215
47.661,60.2291287,60.196,0,1,0,-9.9467191696167,60201,-9.70394706726074,4279,0,4,10,-8,0,-9.11860179901123,-9.11860179901123,-10,0,-1.09209844717533,-0.000408210146815691,-1.0490127617956,-0.0231530993523847,-1.04020701922832,0,0.851031303405762,0.0070648193359375
47.693,60.2593815,60.228,0,1,0,-6.02761125564575,60233,-5.82586812973022,4279,0,4,10,-7,0,-5.25664472579956,-5.25664472579956,-6,0,-1.09209844717533,-1.66175402682711e-05,-1.04958033468711,-0.0146184335619637,-1.03774538200566,0,0.707299709320068,0.84399938583374
47.724000000000004,60.2904995,60.259,0,1,0,-2.40973663330078,60264,-2.08258152008057,4279,0,4,10,-1,0,-1.39653158187866,-1.34302520751953,-2,0,-1.09219432097458,-0.00369680944754691,-1.04972606286196,-0.000261168539964274,-1.03471326357969,0,0.60005709528923,0.60005709528923
47.754000000000005,60.3227113,60.289,0,1,0,2.1681809425354,60294,2.40743398666382,4279,0,4,10,0,0,3.33910870552063,3.47633099555969,3,0,-1.09276956377003,-0.0185733233379324,-1.04972606286196,-1.09139364212751e-11,-1.03126286709971,0,0.618821620941162,0.667709827423096
47.782,60.3488069,60.317,0,1,0,5.6187047958374,60322,5.79792785644531,4279,0,4,10,0,0,6.22750806808472,6.22750806808472,6,0,-1.09315305896701,-0.0156950849116129,-1.04972606286196,0,-1.02815238745248,0,0.091221809387207,0.208005428314209
47.807,60.373556,60.342,0,1,0,7.91864061355591,60347,8.12989234924316,4279,0,4,10,5,0,8.72635555267334,8.98895359039307,8,0,-1.09324893276625,-0.0101839656963421,-1.04972606286196,0,-1.02503762180067,0,0.155111312866211,0.155111312866211
47.831999999999994,60.3989424,60.367,0,1,0,11.3871202468872,60372,11.6029291152954,4279,0,4,10,7,0,12.4426212310791,12.4426212310791,12,0,-1.09315305896701,0.0056806990592122,-1.04972606286196,0,-1.0214002862007,0,0.671560287475586,0.749466896057129
47.858000000000004,60.4248934,60.393,0,1,0,15.3373756408691,60397,15.7846546173096,4279,0,4,10,12,0,17.0225448608398,17.2385292053223,17,0,-1.09315305896701,0.000696651498628853,-1.04971839295802,4.52738754574966e-05,-1.01749037137766,0,0.809013366699219,0.0334129333496094
47.884,60.4493231,60.419,0,1,0,21.2505035400391,60423,21.7470855712891,4279,0,4,10,19,0,22.9482917785645,22.9482917785645,23,0,-1.09315305896701,6.31361044725054e-05,-1.04971839295802,7.84439180279151e-11,-1.0136401861816,0,0.545162200927734,0.712436676025391
47.908,60.4765216,60.443,0,1,0,27.2719039916992,60449,27.7541656494141,4279,0,4,10,29,0,28.9623870849609,29.2023601531982,29,0,-1.09315305896701,4.23835922447324e-06,-1.04970305315014,0.000378141239707475,-1.00903326227237,0,0.821025848388672,0.172145843505859
47.935,60.5026444,60.47,0,1,0,33.6332511901855,60475,33.9914321899414,4279,0,4,10,29,0,35.3405876159668,35.5908889770508,35,0,-1.09315305896701,0.000533710597437675,-1.04968771334227,4.63774315448973e-05,-1.00432249216232,0,0.257633209228516,0.257633209228516
47.962,60.5305597,60.497,0,1,0,39.6992225646973,60501,40.3240051269531,4279,0,4,10,33,0,41.6806907653809,41.9155502319336,41,0,-1.09315305896701,0.000482442720795007,-1.04961868420681,0.00364814381009637,-0.998752036984085,0,0.352924346923828,0.352924346923828
48.004000000000005,60.5711664,60.539,0,1,0,48.4934577941895,60544,48.7255783081055,4279,0,4,10,50,0,49.8348655700684,50.0697822570801,50,0,-1.09315305896701,3.63434910468641e-05,-1.04956499487923,0.000670562676077679,-0.990524946325131,0,0.607391357421875,0.827411651611328
48.036,60.6026024,60.571,0,1,0,54.9236259460449,60576,55.1108703613281,4279,0,4,10,43,0,56.0349273681641,56.1849708557129,56,0,-1.09315305896701,1.63514755513461e-06,-1.04951130555166,0.00136665636955513,-0.983718348028528,0,0.633457183837891,0.633457183837891
48.06699999999999,60.6350667,60.602,0,1,0,60.8816032409668,60607,61.1039505004883,4279,0,4,10,54,0,62.2517890930176,62.4921035766602,62,0,-1.09315305896701,7.35676621843595e-08,-1.04921217929802,0.0169481437390004,-0.976062586514344,0,0.82366943359375,0.0875320434570313
48.093,60.6602362,60.628,0,1,0,67.4578018188477,60634,67.7064208984375,4279,0,4,10,64,0,68.7409591674805,68.9381637573242,68,0,-1.09315305896701,4.93878360430244e-09,-1.04858324717499,0.0362005963338561,-0.969983226231758,0,0.16021728515625,0.294120788574219
48.119,60.6857946,60.654,0,1,0,72.1529998779297,60659,72.5298309326172,4279,0,4,10,70,0,74.1128082275391,74.3276901245117,74,0,-1.09296131136852,0.0161448545941312,-1.04771654802983,0.0341003805233413,-0.963406833348498,0,0.860946655273438,0.926689147949219
48.144000000000005,60.7100157,60.679,0,1,0,77.6031036376953,60684,77.764030456543,4279,0,4,10,78,0,78.3315582275391,78.4584884643555,78,0,-1.09238606857306,0.0261315835655296,-1.04661208186255,0.0586223342504582,-0.957374881603552,0,0.435745239257813,0.568069458007813
48.169,60.7348017,60.704,0,1,0,79.9293746948242,60708,79.956672668457,4279,0,4,10,75,0,80.3186492919922,80.2768402099609,80,0,-1.09152320437988,0.0390406470962716,-1.04474829520527,0.0788145224039454,-0.950315467136712,0,0.991790771484375,0.123321533203125
48.194,60.7600921,60.729,0,1,0,82.1296310424805,60733,82.3752136230469,4279,0,4,10,77,0,82.9746246337891,83.223014831543,83,0,-1.08998922359199,0.0705280992208372,-1.04278479979678,0.0792609919142251,-0.943288379983907,0,0.489967346191406,0.684494018554688
48.218,60.7857029,60.753,0,1,0,86.2842788696289,60758,86.6029357910156,4279,0,4,10,89,0,87.3748092651367,87.3748092651367,87,0,-1.08807174760713,0.0815074076035671,-1.04038411986374,0.107021366467507,-0.936028550538071,0,0.928466796875,0.928466796875
48.244,60.8123994,60.779,0,1,0,86.8081207275391,60784,86.8136215209961,4279,0,4,10,80,0,86.9237976074219,87.0588226318359,86,0,-1.08529140742909,0.119205233933826,-1.03749256607857,0.109471113857353,-0.927928585497626,0,0.415313720703125,0.731758117675781
48.271,60.8394486,60.806,0,1,0,89.4134521484375,60811,89.8186874389648,4279,0,4,10,94,0,90.3513641357422,90.6214447021484,90,0,-1.08183995065635,0.130189703842234,-1.03425586661614,0.129614971116098,-0.919561571182379,0,0.04022216796875,0.372802734375
48.298,60.8648226,60.833,0,1,0,93.4733734130859,60838,93.6567764282227,4279,0,4,10,85,0,94.0381317138672,94.0381317138672,94,0,-1.07800499868663,0.154196671970794,-1.03084275936309,0.14206790975436,-0.911254296990705,0,0.0842132568359375,0.0842132568359375
48.324,60.8908764,60.859,0,1,0,94.2120208740234,60864,94.4229736328125,4279,0,4,10,85,0,94.98486328125,94.98486328125,95,0,-1.07378655151995,0.16558180643824,-1.02673169085156,0.165711485928796,-0.902703838034295,0,0.852218627929688,0.874481201171875
48.349999999999994,60.9188532,60.885,0,1,0,96.1582794189453,60889,96.1825256347656,4279,0,4,10,91,0,96.3728790283203,96.4674987792969,96,0,-1.06937635675478,0.184018320808718,-1.02189198146578,0.19740413582133,-0.893226306178806,0,0.0978775024414063,0.0978775024414063
48.381,60.9484536,60.916,0,1,0,95.1079330444336,60921,95.1181488037109,4279,0,4,10,85,0,94.7214508056641,94.7214508056641,94,0,-1.06333630740248,0.216218877028496,-1.01518081551878,0.229703948683436,-0.883118886163373,0,0.05731201171875,0.0594024658203125
48.413,60.979796,60.948,0,1,0,93.5166320800781,60953,93.5774383544922,4279,0,4,10,91,0,93.5230255126953,93.4575576782227,93,0,-1.05576227726229,0.258672175188394,-1.00794042619996,0.233392575676817,-0.871990262412075,0,0.965835571289063,0.965835571289063
48.444,61.010818,60.979,0,1,0,95.4073333740234,60984,95.5146942138672,4279,0,4,10,92,0,96.0294494628906,96.1475296020508,96,0,-1.04770887812589,0.275599124381415,-1.00053896889841,0.226949245001833,-0.860155708520519,0,0.357162475585938,0.357162475585938
48.476,61.0447961,61.011,0,1,0,100.200607299805,61016,100.44548034668,4279,0,4,10,94,0,101.20051574707,101.274681091309,101,0,-1.03888848859555,0.279463310370147,-0.992684987264435,0.259132304064678,-0.847587195335673,0,0.796775817871094,0.796775817871094
48.503,61.070173,61.038,0,1,0,102.17529296875,61043,102.184799194336,4279,0,4,10,92,0,101.853942871094,101.853942871094,101,0,-1.03150620605385,0.282518581964496,-0.985145471691977,0.297881842110201,-0.837427816109199,0,0.706436157226563,0.703033447265625
48.53,61.0962694,61.065,0,1,0,100.999656677246,61069,100.933807373047,4279,0,4,10,108,0,100.912300109863,100.912300109863,100,0,-1.02402804971291,0.308364558768062,-0.977245470634366,0.328423345540045,-0.827044954055682,0,0.175079345703125,0.319061279296875
48.55500000000001,61.1237507,61.09,0,1,0,100.498718261719,61094,100.463111877441,4279,0,4,10,96,0,100.37370300293,100.3564453125,100,0,-1.01587877677727,0.319293484371201,-0.968026246099173,0.327580927975646,-0.815616659331982,0,0.894515991210938,0.894515991210938
48.581999999999994,61.1494939,61.117,0,1,0,100.970336914063,61122,100.911331176758,4279,0,4,10,103,0,100.775314331055,100.775314331055,100,0,-1.00744188244389,0.350745545576956,-0.959781099364288,0.330736613415866,-0.805199401736178,0,0.204566955566406,0.0286865234375
48.608000000000004,61.1757815,61.143,0,1,0,98.8100433349609,61149,98.5620269775391,4279,0,4,10,91,0,97.9718170166016,97.9415664672852,97,0,-0.997758628720367,0.394847589866686,-0.950607894252732,0.34497276835782,-0.794154740624275,0,0.858184814453125,0.976310729980469
48.634,61.2004272,61.169,0,1,0,98.1926574707031,61174,98.2310943603516,4279,0,4,10,92,0,99.3099975585938,99.3099975585938,99,0,-0.987596006000624,0.406799195924805,-0.942086630976027,0.336542067993264,-0.783334973647135,0,0.088531494140625,0.275070190429688
48.659000000000006,61.2282122,61.194,0,1,0,103.336685180664,61199,103.67253112793,4279,0,4,10,101,0,104.487350463867,104.645240783691,104,0,-0.977912752277096,0.391025207558414,-0.932974785095987,0.343129489638841,-0.771432618565554,0,0.404594421386719,0.473182678222656
48.694,61.2597148,61.229,0,1,0,106.176399230957,61234,106.178863525391,4279,0,4,10,101,0,106.100410461426,106.100410461426,106,0,-0.966407896367954,0.380795401121532,-0.921270511684419,0.388354787017875,-0.757038913805011,0,0.145248413085938,0.145248413085938
48.724999999999994,61.2918953,61.26,0,1,0,105.569900512695,61265,105.500045776367,4279,0,4,10,100,0,105.442779541016,105.413757324219,105,0,-0.954231923864112,0.391223708073426,-0.90824701479527,0.414037410882315,-0.741874946236305,0,0.179519653320313,0.179519653320313
48.756,61.3247166,61.291,0,1,0,105.616088867188,61296,105.558250427246,4279,0,4,10,108,0,105.48070526123,105.408294677734,105,0,-0.941288960966327,0.421121991420932,-0.894678954726421,0.415509314561973,-0.726392043241306,0,0.234855651855469,0.234855651855469
48.783,61.3507557,61.318,0,1,0,104.436798095703,61323,104.285224914551,4279,0,4,10,103,0,103.680320739746,103.636123657227,103,0,-0.930359347852641,0.468328214078497,-0.883734001804857,0.42378094987987,-0.714454308769363,0,0.905914306640625,0.905914306640625
48.809,61.3761865,61.344,0,1,0,103.206405639648,61349,103.394584655762,4279,0,4,10,105,0,103.930335998535,104.163970947266,104,0,-0.918470996746528,0.471231032672108,-0.873333612062993,0.406800443269503,-0.701852108258735,0,0.233375549316406,0.298187255859375
48.834999999999994,61.4017933,61.37,0,1,0,106.331527709961,61374,106.459312438965,4279,0,4,10,107,0,106.710784912109,106.729217529297,106,0,-0.9074455098336,0.469448329542729,-0.86264176597143,0.422763718778356,-0.689062605761834,0,0.763748168945313,0.763748168945313
48.86,61.4281291,61.395,0,1,0,106.318923950195,61400,106.294082641602,4279,0,4,10,112,0,106.043197631836,106.043197631836,105,0,-0.894886042132786,0.493886276786156,-0.851182929485924,0.455431308115294,-0.67659154958633,0,0.569168090820313,0.5457763671875
48.896,61.4620995,61.431,0,1,0,106.487442016602,61435,106.539703369141,4279,0,4,10,96,0,107.006805419922,107.006805419922,107,0,-0.87954623425393,0.478844814505806,-0.835613024488885,0.463063981945879,-0.659363608980102,0,0.432693481445313,0.519790649414063
48.92700000000001,61.4945081,61.462,0,1,0,107.741394042969,61467,107.688194274902,4279,0,4,10,117,0,107.578628540039,107.501708984375,107,0,-0.865261038166744,0.476900148419531,-0.820403604976999,0.483536631330935,-0.642874060985187,0,0.264617919921875,0.246772766113281
48.958,61.5268744,61.493,0,1,0,107.327537536621,61498,107.388977050781,4279,0,4,10,96,0,107.502494812012,107.502494812012,107,0,-0.850592346882588,0.493419535618386,-0.805608360277842,0.467944583602957,-0.625597100629251,0,0.947830200195313,0.947830200195313
48.985,61.5517513,61.52,0,1,0,108.030250549316,61525,108.024139404297,4279,0,4,10,108,0,107.877365112305,107.877365112305,107,0,-0.836978267390103,0.514720744613783,-0.792768941083239,0.483070839526135,-0.612329039334503,0,0.677734375,0.653182983398438
49.010999999999996,61.5780157,61.546,0,1,0,107.26634979248,61551,107.284591674805,4279,0,4,10,110,0,107.279586791992,107.260101318359,107,0,-0.823460061696861,0.546932806072959,-0.780029230639849,0.489173452333489,-0.598370033417425,0,0.556961059570313,0.635498046875
49.037000000000006,61.6042557,61.572,0,1,0,108.160758972168,61577,108.171737670898,4279,0,4,10,105,0,108.338226318359,108.338226318359,108,0,-0.810517098799076,0.520706240904929,-0.76713612211767,0.505466704099035,-0.583705176974104,0,0.392562866210938,0.388542175292969
49.063,61.6319231,61.598,0,1,0,108.044410705566,61605,108.029396057129,4279,0,4,10,107,0,107.747360229492,107.685562133789,107,0,-0.796231902711891,0.567644560270537,-0.752755052231242,0.516454519176591,-0.568319800543353,0,0.507598876953125,0.507598876953125
49.098,61.665386,61.633,0,1,0,108.361694335938,61638,108.437217712402,4279,0,4,10,101,0,108.701881408691,108.743438720703,108,0,-0.778111754654991,0.54332627296958,-0.735405729520255,0.51797750379535,-0.549961586463875,0,0.978507995605469,0.0037689208984375
49.129999999999995,61.6966751,61.665,0,1,0,108.940811157227,61669,108.936866760254,4279,0,4,10,101,0,108.816467285156,108.791870117188,108,0,-0.762004956382192,0.560460823176641,-0.718800387491393,0.56596072599541,-0.532500473310397,0,0.766372680664063,0.766372680664063
49.16,61.7289789,61.695,0,1,0,108.941375732422,61700,108.762199401855,4279,0,4,10,103,0,108.887084960938,108.809356689453,108,0,-0.74580228431015,0.562365639167751,-0.702647569794957,0.547061955520235,-0.513691006448316,0,0.810409545898438,0.810409545898438
49.187,61.7543882,61.722,0,1,0,108.702095031738,61727,108.675384521484,4279,0,4,10,103,0,108.473213195801,108.466049194336,108,0,-0.730174855033565,0.584576811839611,-0.687269412396404,0.545901316002755,-0.499293949146977,0,0.566535949707031,0.583808898925781
49.212999999999994,61.7789858,61.748,0,1,0,108.919548034668,61752,109.035415649414,4279,0,4,10,108,0,109.206283569336,109.239738464355,109,0,-0.716944270738052,0.581630358730081,-0.674345624258467,0.542999064914284,-0.484773698534785,0,0.399444580078125,0.399444580078125
49.236999999999995,61.8038398,61.772,0,1,0,109.423492431641,61777,109.380928039551,4279,0,4,10,108,0,109.290664672852,109.290664672852,109,0,-0.703042569847838,0.599679291514917,-0.660455428224163,0.56592341666385,-0.470721683025161,0,0.028167724609375,0.984451293945313
49.262,61.8297437,61.797,0,1,0,108.793472290039,61804,108.775299072266,4279,0,4,10,105,0,108.857398986816,108.855377197266,108,0,-0.686935771575039,0.622969406414086,-0.6457368825644,0.56417801615828,-0.454785381749329,0,0.0138397216796875,0.0138397216796875
49.301,61.868989,61.836,0,1,0,109.287261962891,61841,109.253204345703,4279,0,4,10,108,0,109.199264526367,109.190979003906,109,0,-0.665076545347668,0.622501255187444,-0.623179695078542,0.577595895357717,-0.432135846701877,0,0.16180419921875,0.16180419921875
49.331999999999994,61.8985873,61.867,0,1,0,109.223510742188,61871,109.224510192871,4279,0,4,10,105,0,109.203842163086,109.190307617188,109,0,-0.647052271090012,0.627698156849078,-0.606221537468466,0.597829861143396,-0.414079985764998,0,0.147621154785156,0.141891479492188
49.363,61.9310219,61.898,0,1,0,108.853546142578,61902,108.86604309082,4279,0,4,10,103,0,108.867324829102,108.867324829102,108,0,-0.628644501635384,0.645725869115495,-0.587529981568079,0.602135388446413,-0.395877004180868,0,0.001617431640625,0.001617431640625
49.39,61.9583005,61.925,0,1,0,109.189559936523,61932,109.211372375488,4279,0,4,10,117,0,109.193016052246,109.175369262695,109,0,-0.610428479779242,0.640837638106518,-0.569896872411334,0.618282981795232,-0.378147021252566,0,0.097686767578125,0.066375732421875
49.417,61.9837051,61.952,0,1,0,108.839065551758,61956,108.819931030273,4279,0,4,10,101,0,108.787170410156,108.759841918945,108,0,-0.593842312510229,0.674474460400234,-0.55398949164096,0.604505461404869,-0.362144264159843,0,0.822509765625,0.86407470703125
49.44199999999999,62.009325,61.977,0,1,0,109.122116088867,61982,109.144554138184,4279,0,4,10,105,0,109.218978881836,109.218978881836,109,0,-0.578885999828344,0.653089853343317,-0.538757062417256,0.619263650664948,-0.346044862290825,0,0.358345031738281,0.354011535644531
49.468,62.035314,62.003,0,1,0,109.347595214844,62008,109.35173034668,4279,0,4,10,117,0,109.326782226563,109.312812805176,109,0,-0.562012211161602,0.65669634159508,-0.522588904912941,0.621256588151937,-0.329853112063393,0,0.22467041015625,0.212905883789063
49.492999999999995,62.060525,62.028,0,1,0,109.077491760254,62033,109.009185791016,4279,0,4,10,103,0,108.850395202637,108.850395202637,108,0,-0.545905412888803,0.677525276781807,-0.50677356298984,0.640978282256071,-0.314828651613494,0,0.674568176269531,0.643890380859375
49.519000000000005,62.0855754,62.054,0,1,0,108.711990356445,62058,108.744995117188,4279,0,4,10,96,0,108.933135986328,108.969718933105,109,0,-0.529415119419032,0.680008925004699,-0.491027250202194,0.621560139758401,-0.298471473723114,0,0.215164184570313,0.258010864257813
49.544,62.1103937,62.079,0,1,0,109.497589111328,62084,109.499725341797,4279,0,4,10,103,0,109.480834960938,109.477081298828,109,0,-0.513691816343204,0.668079549383947,-0.475188898567275,0.644838090470444,-0.283301743066746,0,0.332023620605469,0.2469482421875
49.569,62.1356089,62.104,0,1,0,108.673973083496,62108,108.633285522461,4279,0,4,10,94,0,108.513702392578,108.506187438965,108,0,-0.496818027676462,0.708329836009398,-0.458368799228108,0.646137217151818,-0.26679528007317,0,0.694061279296875,0.72747802734375
49.596999999999994,62.1641309,62.132,0,1,0,108.617378234863,62137,108.61784362793,4279,0,4,10,101,0,108.569625854492,108.569625854492,108,0,-0.478218510623349,0.69584116164765,-0.440076078332572,0.657280320669372,-0.248300429691533,0,0.774024963378906,0.805130004882813
49.626999999999995,62.1944881,62.162,0,1,0,109.309745788574,62167,109.334426879883,4279,0,4,10,108,0,109.326171875,109.303298950195,109,0,-0.457893265183864,0.689794154238996,-0.420586852422485,0.6576109713439,-0.229081150578715,0,0.115402221679688,0.062744140625
49.658,62.2263344,62.193,0,1,0,108.316993713379,62198,108.309234619141,4279,0,4,10,105,0,108.31063079834,108.352584838867,108,0,-0.437568019744379,0.708563484825675,-0.400553063332699,0.667298375702444,-0.208491042543751,0,0.557144165039063,0.568267822265625
49.684,62.2517156,62.219,0,1,0,108.569694519043,62224,108.554000854492,4279,0,4,10,101,0,108.357536315918,108.308227539063,108,0,-0.419351997888237,0.710433980788707,-0.381723449161402,0.678190260716008,-0.192345953954504,0,0.052001953125,0.976737976074219
49.709999999999994,62.2780176,62.245,0,1,0,107.652236938477,62250,107.708671569824,4279,0,4,10,108,0,107.740798950195,107.77424621582,107,0,-0.401040102232852,0.737684154817202,-0.364259077891324,0.663264599373008,-0.175504774331095,0,0.830352783203125,0.830352783203125
49.736000000000004,62.3040438,62.271,0,1,0,107.803085327148,62276,107.726905822754,4279,0,4,10,103,0,107.530632019043,107.488502502441,107,0,-0.381865342384282,0.744566771378686,-0.34674868719761,0.682459155658989,-0.157966344754359,0,0.434738159179688,0.434738159179688
49.762,62.3324053,62.297,0,1,0,107.785125732422,62304,107.7783203125,4279,0,4,10,92,0,107.768615722656,107.735740661621,107,0,-0.363457572929654,0.737778039161753,-0.327596937060858,0.693115609877225,-0.140382453922878,0,0.498138427734375,0.478744506835938
49.798,62.3653217,62.333,0,1,0,106.812637329102,62337,106.840240478516,4279,0,4,10,100,0,107.087257385254,107.160217285156,107,0,-0.339297375520455,0.740907107868622,-0.304564215530755,0.690154384044263,-0.118182929898292,0,0.592742919921875,0.628700256347656
49.82899999999999,62.3960778,62.364,0,1,0,107.735870361328,62369,107.751724243164,4279,0,4,10,101,0,107.626998901367,107.621315002441,107,0,-0.317821644490056,0.729438242706863,-0.283610037968237,0.709520041583005,-0.0985499952763606,0,0.264472961425781,0.264472961425781
49.86,62.4297358,62.395,0,1,0,106.397003173828,62400,106.284965515137,4279,0,4,10,96,0,105.794822692871,105.663467407227,105,0,-0.295483049266472,0.758423503221309,-0.26169712241329,0.71316002651065,-0.0762573829101529,0,0.876434326171875,0.824249267578125
49.888000000000005,62.4557193,62.423,0,1,0,104.691635131836,62428,104.825637817383,4279,0,4,10,98,0,105.189605712891,105.242324829102,105,0,-0.274390813433044,0.767135801535687,-0.241111100239865,0.698550331701057,-0.0591860709289211,0,0.442138671875,0.46197509765625
49.914,62.4801838,62.449,0,1,0,104.952507019043,62453,104.867660522461,4279,0,4,10,98,0,104.330230712891,104.221542358398,104,0,-0.255695422580688,0.788972000380397,-0.223485660987059,0.714255606640819,-0.0427563974310175,0,0.505050659179688,0.505050659179688
49.938,62.5052439,62.473,0,1,0,103.193756103516,62478,103.370895385742,4279,0,4,10,92,0,103.795516967773,103.926643371582,103,0,-0.236808284129846,0.787265048237884,-0.205676144039707,0.709678874927107,-0.0263161744318292,0,0.391143798828125,0.327529907226563
49.964,62.5317851,62.499,0,1,0,104.387351989746,62505,104.397323608398,4279,0,4,10,103,0,104.27897644043,104.27897644043,104,0,-0.217154155285061,0.768338366707781,-0.18617924822568,0.722071721378768,-0.00921151200128613,0,0.405166625976563,0.399749755859375
50,62.5671729,62.535,0,1,0,103.98225402832,62540,103.981544494629,4279,0,4,10,96,0,103.471771240234,103.428939819336,103,0,-0.191459977087977,0.769428056664225,-0.160929924457083,0.730847310842535,0.0144749587872292,0,0.104591369628906,0.104591369628906
